Train loss,epoch,step,Validation loss
0.9899013638496399,0,49,
0.902309000492096,0,99,
0.9497724175453186,0,149,
1.1247988939285278,0,199,
0.9774211049079895,0,249,
0.9011638164520264,0,299,
0.8019964694976807,0,349,
0.9741563200950623,0,399,
0.975325882434845,0,449,
0.961647093296051,0,499,
0.8298903703689575,0,549,
0.9460132122039795,0,599,
0.9195377826690674,0,649,
1.028337836265564,0,699,
0.7867707014083862,0,749,
0.83920818567276,0,799,
0.8968479037284851,0,849,
1.1324557065963745,0,899,
0.9676305651664734,0,949,
0.8568515777587891,0,999,
0.6907873153686523,0,1049,
1.0935713052749634,0,1099,
0.9890531897544861,0,1149,
0.7460258603096008,0,1199,
,0,1247,0.8552790284156799
0.9516353607177734,1,1249,
1.1697683334350586,1,1299,
0.7195345759391785,1,1349,
0.9306114315986633,1,1399,
0.8793678283691406,1,1449,
0.9161911606788635,1,1499,
0.7730439305305481,1,1549,
0.830964207649231,1,1599,
0.9059292078018188,1,1649,
0.7638976573944092,1,1699,
0.7978823184967041,1,1749,
0.9015200138092041,1,1799,
0.8064099550247192,1,1849,
0.8162678480148315,1,1899,
0.8290754556655884,1,1949,
1.092079997062683,1,1999,
0.7828624844551086,1,2049,
0.7463599443435669,1,2099,
0.6662752628326416,1,2149,
0.8113224506378174,1,2199,
0.8144962787628174,1,2249,
0.8842102289199829,1,2299,
0.8231436610221863,1,2349,
0.8450028896331787,1,2399,
0.7917332649230957,1,2449,
,1,2495,0.8534801006317139
0.7891550660133362,2,2499,
0.7414674758911133,2,2549,
0.6666674613952637,2,2599,
0.5207011699676514,2,2649,
0.9553103446960449,2,2699,
0.6831725835800171,2,2749,
1.1491267681121826,2,2799,
0.9285134673118591,2,2849,
1.0056718587875366,2,2899,
0.837394118309021,2,2949,
0.8977545499801636,2,2999,
0.8822076320648193,2,3049,
0.693711519241333,2,3099,
0.9528266191482544,2,3149,
0.8359360098838806,2,3199,
0.9288344383239746,2,3249,
0.7882154583930969,2,3299,
0.7738566398620605,2,3349,
1.0813064575195312,2,3399,
0.8466246724128723,2,3449,
0.7485427856445312,2,3499,
0.8260541558265686,2,3549,
0.9821518659591675,2,3599,
0.8465708494186401,2,3649,
0.6957448124885559,2,3699,
,2,3743,0.8507441282272339
0.9349006414413452,3,3749,
0.8996284604072571,3,3799,
0.6443841457366943,3,3849,
0.7690229415893555,3,3899,
0.8142128586769104,3,3949,
0.766251802444458,3,3999,
0.8542011976242065,3,4049,
0.7570042610168457,3,4099,
0.6973562240600586,3,4149,
0.7877064943313599,3,4199,
0.8357619047164917,3,4249,
0.8055233955383301,3,4299,
0.8554335236549377,3,4349,
0.9110342264175415,3,4399,
0.7267534732818604,3,4449,
1.0307663679122925,3,4499,
0.7022243142127991,3,4549,
0.836858868598938,3,4599,
0.8444643020629883,3,4649,
0.7563410997390747,3,4699,
0.625842809677124,3,4749,
0.8709492683410645,3,4799,
0.9867578148841858,3,4849,
0.7736661434173584,3,4899,
1.003935694694519,3,4949,
,3,4991,0.85014408826828
0.9711446762084961,4,4999,
0.9081572890281677,4,5049,
0.7170068025588989,4,5099,
0.6930558681488037,4,5149,
0.8151093125343323,4,5199,
1.0767292976379395,4,5249,
0.8708268404006958,4,5299,
1.0034846067428589,4,5349,
0.7614109516143799,4,5399,
0.912473201751709,4,5449,
1.0472313165664673,4,5499,
0.8097026944160461,4,5549,
0.8558225035667419,4,5599,
1.076167345046997,4,5649,
0.8241846561431885,4,5699,
0.964678168296814,4,5749,
0.967456042766571,4,5799,
0.7716776132583618,4,5849,
0.8380661606788635,4,5899,
0.8222203254699707,4,5949,
0.8989254236221313,4,5999,
0.9340119957923889,4,6049,
0.6657488346099854,4,6099,
0.7493658661842346,4,6149,
1.0252492427825928,4,6199,
,4,6239,0.8558179140090942
0.9148978590965271,5,6249,
0.7742251753807068,5,6299,
0.9079627394676208,5,6349,
0.7603781819343567,5,6399,
0.7697251439094543,5,6449,
0.8913088440895081,5,6499,
0.6903143525123596,5,6549,
0.9471815824508667,5,6599,
0.5556726455688477,5,6649,
0.9816877841949463,5,6699,
0.6318908929824829,5,6749,
0.8094480633735657,5,6799,
0.8113975524902344,5,6849,
0.8567481637001038,5,6899,
0.9444495439529419,5,6949,
0.6367104649543762,5,6999,
0.8355797529220581,5,7049,
0.7912184000015259,5,7099,
0.7552708983421326,5,7149,
0.7058867812156677,5,7199,
0.9117892980575562,5,7249,
0.8326032161712646,5,7299,
0.8531481623649597,5,7349,
0.8517340421676636,5,7399,
0.6853684186935425,5,7449,
,5,7487,0.8559656143188477
0.9467249512672424,6,7499,
0.7230403423309326,6,7549,
0.720038115978241,6,7599,
1.0713493824005127,6,7649,
0.9739440679550171,6,7699,
0.8074909448623657,6,7749,
0.9132377505302429,6,7799,
0.8527350425720215,6,7849,
0.8295767307281494,6,7899,
0.7634370923042297,6,7949,
0.7895326018333435,6,7999,
0.9151651859283447,6,8049,
0.900253415107727,6,8099,
0.8636037111282349,6,8149,
0.7811821103096008,6,8199,
0.8307086229324341,6,8249,
0.8180239200592041,6,8299,
0.8336218595504761,6,8349,
0.7995427250862122,6,8399,
0.6951847076416016,6,8449,
0.7163721323013306,6,8499,
0.7213199138641357,6,8549,
0.904492974281311,6,8599,
0.772769033908844,6,8649,
0.7753866314888,6,8699,
,6,8735,0.846746027469635
0.5974986553192139,7,8749,
0.8402936458587646,7,8799,
0.6279428005218506,7,8849,
0.8397800326347351,7,8899,
0.8417341113090515,7,8949,
0.8394601345062256,7,8999,
0.626555323600769,7,9049,
0.7474822998046875,7,9099,
0.7700886726379395,7,9149,
0.739506721496582,7,9199,
0.6877214908599854,7,9249,
0.9698626399040222,7,9299,
0.8575361371040344,7,9349,
0.8139652013778687,7,9399,
0.7561407089233398,7,9449,
0.7695808410644531,7,9499,
0.7943332195281982,7,9549,
0.7861852645874023,7,9599,
0.8454805612564087,7,9649,
0.852276086807251,7,9699,
0.776975691318512,7,9749,
0.7403714060783386,7,9799,
0.7368230819702148,7,9849,
0.8568590879440308,7,9899,
0.7266623973846436,7,9949,
,7,9983,0.8419294357299805
0.6653707027435303,8,9999,
0.9479157328605652,8,10049,
0.8537551760673523,8,10099,
0.7263898849487305,8,10149,
0.7190253734588623,8,10199,
0.7244888544082642,8,10249,
0.8197877407073975,8,10299,
0.7796779870986938,8,10349,
0.8304407000541687,8,10399,
0.8108468651771545,8,10449,
0.8500005006790161,8,10499,
0.558316707611084,8,10549,
0.7344698309898376,8,10599,
0.6271373629570007,8,10649,
0.864608108997345,8,10699,
0.7613133192062378,8,10749,
0.7873600125312805,8,10799,
1.0462870597839355,8,10849,
0.7118500471115112,8,10899,
0.752355694770813,8,10949,
0.7655730247497559,8,10999,
0.7135103940963745,8,11049,
0.6151162981987,8,11099,
0.7106256484985352,8,11149,
0.7562479972839355,8,11199,
,8,11231,0.845016360282898
0.6803408861160278,9,11249,
0.7802991271018982,9,11299,
0.6521490216255188,9,11349,
0.7655720710754395,9,11399,
0.6709142923355103,9,11449,
0.728922963142395,9,11499,
0.7382974624633789,9,11549,
0.7192198038101196,9,11599,
0.8140448331832886,9,11649,
0.734351396560669,9,11699,
0.6957671642303467,9,11749,
0.8310693502426147,9,11799,
0.7627277374267578,9,11849,
0.8135339617729187,9,11899,
0.7612292170524597,9,11949,
0.8261680603027344,9,11999,
0.6736960411071777,9,12049,
0.6979986429214478,9,12099,
0.9495968222618103,9,12149,
0.9949120283126831,9,12199,
0.7228350043296814,9,12249,
0.885707676410675,9,12299,
0.8564344644546509,9,12349,
0.7907378673553467,9,12399,
0.8384872674942017,9,12449,
,9,12479,0.8384528160095215
0.6200824975967407,10,12499,
0.742773175239563,10,12549,
0.969171941280365,10,12599,
0.5892811417579651,10,12649,
0.7961758971214294,10,12699,
0.8753169775009155,10,12749,
0.802186131477356,10,12799,
0.8820328712463379,10,12849,
0.741386890411377,10,12899,
0.6778362989425659,10,12949,
0.851392924785614,10,12999,
0.5761826038360596,10,13049,
0.6349055767059326,10,13099,
0.8991921544075012,10,13149,
0.7421214580535889,10,13199,
0.8151337504386902,10,13249,
0.8393422961235046,10,13299,
0.8162669539451599,10,13349,
0.8198205828666687,10,13399,
0.7866736650466919,10,13449,
0.7963755130767822,10,13499,
0.7739923596382141,10,13549,
0.6851850748062134,10,13599,
0.9051448702812195,10,13649,
0.6615771651268005,10,13699,
,10,13727,0.8502234816551208
0.5985370874404907,11,13749,
0.758132815361023,11,13799,
1.0408052206039429,11,13849,
0.794350266456604,11,13899,
0.8124253153800964,11,13949,
0.6549708843231201,11,13999,
0.7504016160964966,11,14049,
0.8024228811264038,11,14099,
0.73694908618927,11,14149,
0.7118490934371948,11,14199,
0.7962060570716858,11,14249,
0.6432536840438843,11,14299,
0.685613751411438,11,14349,
0.668768048286438,11,14399,
0.695494532585144,11,14449,
0.697852373123169,11,14499,
0.8228510618209839,11,14549,
0.5847259759902954,11,14599,
0.8239019513130188,11,14649,
0.7563403248786926,11,14699,
0.7561273574829102,11,14749,
0.7042995691299438,11,14799,
0.6350826025009155,11,14849,
0.7475638389587402,11,14899,
0.8453893661499023,11,14949,
,11,14975,0.8381577730178833
0.8189140558242798,12,14999,
0.8111611604690552,12,15049,
0.7383076548576355,12,15099,
0.8539766669273376,12,15149,
0.8260696530342102,12,15199,
0.8541487455368042,12,15249,
0.6921125054359436,12,15299,
0.8150534629821777,12,15349,
0.6641574501991272,12,15399,
0.7890047430992126,12,15449,
0.8947983980178833,12,15499,
0.6479531526565552,12,15549,
0.9668539762496948,12,15599,
0.661760687828064,12,15649,
0.7762547731399536,12,15699,
0.7218165397644043,12,15749,
0.8338149785995483,12,15799,
0.6759008765220642,12,15849,
0.8700137138366699,12,15899,
0.8399035334587097,12,15949,
0.7114465236663818,12,15999,
0.9332427978515625,12,16049,
0.7651798129081726,12,16099,
0.7207227945327759,12,16149,
0.8678515553474426,12,16199,
,12,16223,0.8252744674682617
0.8715888261795044,13,16249,
0.6408793926239014,13,16299,
0.7750867605209351,13,16349,
0.7110781669616699,13,16399,
0.6376868486404419,13,16449,
0.7990732789039612,13,16499,
0.8080633878707886,13,16549,
0.7027696967124939,13,16599,
0.5182837843894958,13,16649,
0.6650837659835815,13,16699,
0.6989947557449341,13,16749,
0.8123412728309631,13,16799,
0.6404245495796204,13,16849,
0.9614052772521973,13,16899,
0.8862220644950867,13,16949,
0.7268601655960083,13,16999,
0.8163104057312012,13,17049,
0.691382646560669,13,17099,
0.6578855514526367,13,17149,
0.7090217471122742,13,17199,
0.8841049671173096,13,17249,
0.6270644664764404,13,17299,
1.047982931137085,13,17349,
0.6825171709060669,13,17399,
0.9439095854759216,13,17449,
,13,17471,0.8310527801513672
0.58800208568573,14,17499,
0.8124269247055054,14,17549,
0.7145564556121826,14,17599,
0.8558728098869324,14,17649,
1.039886713027954,14,17699,
0.7394367456436157,14,17749,
0.7871571183204651,14,17799,
0.9156792759895325,14,17849,
0.8354554772377014,14,17899,
0.7698029279708862,14,17949,
0.6918773651123047,14,17999,
0.8412182331085205,14,18049,
0.8674131035804749,14,18099,
0.7938572764396667,14,18149,
0.8004866242408752,14,18199,
0.620083212852478,14,18249,
0.7952114939689636,14,18299,
0.7090588212013245,14,18349,
0.9948276281356812,14,18399,
0.9031152725219727,14,18449,
0.7279367446899414,14,18499,
0.8198643922805786,14,18549,
0.7527555227279663,14,18599,
0.7672621011734009,14,18649,
0.7417507171630859,14,18699,
,14,18719,0.8326848149299622
0.7736538052558899,15,18749,
0.827072024345398,15,18799,
0.668641209602356,15,18849,
0.7780091762542725,15,18899,
0.8054413199424744,15,18949,
0.6693224906921387,15,18999,
0.7993385791778564,15,19049,
0.7032592296600342,15,19099,
0.698087751865387,15,19149,
0.8221690654754639,15,19199,
0.6430014371871948,15,19249,
0.7820056080818176,15,19299,
0.7495874166488647,15,19349,
0.79195237159729,15,19399,
0.8143752813339233,15,19449,
0.7844379544258118,15,19499,
0.763392448425293,15,19549,
0.7055131196975708,15,19599,
0.7948055267333984,15,19649,
0.8999059796333313,15,19699,
0.9205114841461182,15,19749,
0.7762784957885742,15,19799,
0.7133502960205078,15,19849,
0.8325075507164001,15,19899,
0.7877542972564697,15,19949,
,15,19967,0.8284560441970825
0.6977041959762573,16,19999,
0.9128818511962891,16,20049,
0.7436308264732361,16,20099,
0.5093498826026917,16,20149,
0.7640297412872314,16,20199,
0.7485371232032776,16,20249,
0.6791541576385498,16,20299,
0.851815402507782,16,20349,
0.8004913926124573,16,20399,
0.9249277710914612,16,20449,
0.7858490943908691,16,20499,
0.8057992458343506,16,20549,
0.9469567537307739,16,20599,
0.5723400712013245,16,20649,
0.810103178024292,16,20699,
0.7070342302322388,16,20749,
1.1449124813079834,16,20799,
0.8933836221694946,16,20849,
0.8082115650177002,16,20899,
0.656427264213562,16,20949,
0.768580436706543,16,20999,
0.6498643159866333,16,21049,
0.6241384744644165,16,21099,
0.8497540950775146,16,21149,
0.6297828555107117,16,21199,
,16,21215,0.8345785737037659
0.9302014708518982,17,21249,
0.7139853239059448,17,21299,
0.7340317964553833,17,21349,
0.7474707365036011,17,21399,
0.7689001560211182,17,21449,
0.6564773917198181,17,21499,
0.6330747604370117,17,21549,
0.8380010724067688,17,21599,
0.7451194524765015,17,21649,
0.8699585199356079,17,21699,
0.8323270678520203,17,21749,
0.7643106579780579,17,21799,
0.7707800269126892,17,21849,
0.7235252261161804,17,21899,
0.7719454765319824,17,21949,
0.5856294631958008,17,21999,
0.8043960332870483,17,22049,
0.8875361680984497,17,22099,
0.648334264755249,17,22149,
0.7047545909881592,17,22199,
0.6432453393936157,17,22249,
0.8105055093765259,17,22299,
0.9001417756080627,17,22349,
0.7866474986076355,17,22399,
0.49229294061660767,17,22449,
,17,22463,0.8311014771461487
0.8547588586807251,18,22499,
0.6573421955108643,18,22549,
0.7606000900268555,18,22599,
0.6310937404632568,18,22649,
0.802042543888092,18,22699,
0.8099647164344788,18,22749,
0.6320034861564636,18,22799,
0.846097469329834,18,22849,
0.753389835357666,18,22899,
0.7900093793869019,18,22949,
0.7773741483688354,18,22999,
0.7320091128349304,18,23049,
0.8408908247947693,18,23099,
0.9311485886573792,18,23149,
0.71208655834198,18,23199,
0.7649282217025757,18,23249,
0.8065093755722046,18,23299,
0.8640477657318115,18,23349,
0.8189354538917542,18,23399,
0.7473649978637695,18,23449,
0.8735761046409607,18,23499,
0.9706625938415527,18,23549,
0.6260966062545776,18,23599,
0.6394045352935791,18,23649,
0.5664751529693604,18,23699,
,18,23711,0.8251846432685852
0.7872427701950073,19,23749,
0.8051929473876953,19,23799,
0.6831565499305725,19,23849,
0.7113639116287231,19,23899,
0.7390989065170288,19,23949,
0.8976733684539795,19,23999,
0.7152063250541687,19,24049,
0.8094566464424133,19,24099,
0.8361735939979553,19,24149,
0.6390529274940491,19,24199,
0.923382043838501,19,24249,
0.8457826375961304,19,24299,
0.7494477033615112,19,24349,
0.7777380347251892,19,24399,
0.7838209867477417,19,24449,
0.7168610095977783,19,24499,
0.8430942893028259,19,24549,
0.6752921342849731,19,24599,
0.6979260444641113,19,24649,
0.7850795388221741,19,24699,
0.8208432197570801,19,24749,
0.683296799659729,19,24799,
0.6777155995368958,19,24849,
0.8213320374488831,19,24899,
0.7226912379264832,19,24949,
,19,24959,0.8391686081886292
0.6563595533370972,20,24999,
0.8464653491973877,20,25049,
0.8810310959815979,20,25099,
0.8358550071716309,20,25149,
0.6165258884429932,20,25199,
0.8005483150482178,20,25249,
0.8787804245948792,20,25299,
0.7510501742362976,20,25349,
0.7651073932647705,20,25399,
0.6896388530731201,20,25449,
0.6242852210998535,20,25499,
0.7502852082252502,20,25549,
0.8070669174194336,20,25599,
0.8774969577789307,20,25649,
0.7969371676445007,20,25699,
0.6757222414016724,20,25749,
0.6983104944229126,20,25799,
0.6782786846160889,20,25849,
0.6995147466659546,20,25899,
0.5189133882522583,20,25949,
0.7624279856681824,20,25999,
0.7722846865653992,20,26049,
0.6570301055908203,20,26099,
0.7251002788543701,20,26149,
0.9385968446731567,20,26199,
,20,26207,0.831813395023346
0.7549436688423157,21,26249,
0.850225567817688,21,26299,
0.7852475643157959,21,26349,
0.7531406879425049,21,26399,
0.7473522424697876,21,26449,
0.5464180707931519,21,26499,
0.6730707287788391,21,26549,
0.5161169767379761,21,26599,
0.815915584564209,21,26649,
0.5229283571243286,21,26699,
0.7879548072814941,21,26749,
0.6056934595108032,21,26799,
0.651024341583252,21,26849,
0.7780150175094604,21,26899,
0.6199245452880859,21,26949,
0.8091678619384766,21,26999,
0.6775944232940674,21,27049,
0.6611368060112,21,27099,
0.7982946038246155,21,27149,
0.525170087814331,21,27199,
0.4874340891838074,21,27249,
0.7377144694328308,21,27299,
0.735298752784729,21,27349,
0.7254167795181274,21,27399,
0.6387640237808228,21,27449,
,21,27455,0.8240429162979126
0.6556370258331299,22,27499,
0.6488970518112183,22,27549,
0.7328227758407593,22,27599,
0.7434743642807007,22,27649,
0.7513896226882935,22,27699,
0.6410696506500244,22,27749,
0.6561596393585205,22,27799,
0.748205304145813,22,27849,
0.8088966608047485,22,27899,
0.7037041783332825,22,27949,
0.6280096769332886,22,27999,
0.7046345472335815,22,28049,
0.6318769454956055,22,28099,
0.603413462638855,22,28149,
0.6243945360183716,22,28199,
0.6174954771995544,22,28249,
0.6924986243247986,22,28299,
0.6879115700721741,22,28349,
0.6112461686134338,22,28399,
0.6197751760482788,22,28449,
0.8163975477218628,22,28499,
0.7110987901687622,22,28549,
0.6770217418670654,22,28599,
0.6938279867172241,22,28649,
0.5321887731552124,22,28699,
,22,28703,0.8283020853996277
0.8070491552352905,23,28749,
0.6632301807403564,23,28799,
0.7622858285903931,23,28849,
0.7983508110046387,23,28899,
0.767422616481781,23,28949,
0.7739118337631226,23,28999,
0.7956604361534119,23,29049,
0.6108644008636475,23,29099,
0.671960175037384,23,29149,
0.7405713796615601,23,29199,
0.6672301292419434,23,29249,
0.6289777755737305,23,29299,
0.7310479879379272,23,29349,
0.6447250843048096,23,29399,
0.8634318113327026,23,29449,
1.0148043632507324,23,29499,
0.8594471216201782,23,29549,
0.7155218124389648,23,29599,
0.714047372341156,23,29649,
0.6096982955932617,23,29699,
0.7433256506919861,23,29749,
0.5944054126739502,23,29799,
0.7397471070289612,23,29849,
0.5353584289550781,23,29899,
0.7725328207015991,23,29949,
,23,29951,0.828876793384552
0.8013342618942261,24,29999,
0.7168015241622925,24,30049,
0.6653838157653809,24,30099,
0.7079112529754639,24,30149,
0.7219595313072205,24,30199,
0.7429686784744263,24,30249,
0.8029583692550659,24,30299,
0.8890390396118164,24,30349,
0.8311978578567505,24,30399,
0.6383119821548462,24,30449,
0.6315479278564453,24,30499,
0.6370755434036255,24,30549,
0.7215514779090881,24,30599,
0.5758090019226074,24,30649,
0.7883305549621582,24,30699,
0.8247762322425842,24,30749,
0.7715872526168823,24,30799,
0.7866742610931396,24,30849,
0.7189050912857056,24,30899,
0.9347119927406311,24,30949,
0.7474932670593262,24,30999,
0.6682891845703125,24,31049,
0.8085191249847412,24,31099,
0.8772901892662048,24,31149,
0.8314937949180603,24,31199,
,24,31199,0.8255764245986938
0.86539626121521,25,31249,
0.8326593637466431,25,31299,
0.6802706122398376,25,31349,
0.8192309141159058,25,31399,
0.8456698656082153,25,31449,
0.6796374320983887,25,31499,
0.7064900398254395,25,31549,
0.5639978051185608,25,31599,
1.035668969154358,25,31649,
0.7390537261962891,25,31699,
0.6013142466545105,25,31749,
0.568924069404602,25,31799,
0.7358196973800659,25,31849,
0.807611346244812,25,31899,
0.9467929005622864,25,31949,
0.6681161522865295,25,31999,
0.7246716022491455,25,32049,
0.7935019731521606,25,32099,
0.6007087826728821,25,32149,
0.8592337965965271,25,32199,
0.9247325658798218,25,32249,
0.9599210619926453,25,32299,
0.8222336769104004,25,32349,
0.5954322218894958,25,32399,
,25,32447,0.8229692578315735
0.6742359399795532,26,32449,
0.8109062314033508,26,32499,
0.6350240707397461,26,32549,
0.7376440763473511,26,32599,
0.6254472732543945,26,32649,
0.871368408203125,26,32699,
0.7290499210357666,26,32749,
0.7221793532371521,26,32799,
0.7158324718475342,26,32849,
0.7176610827445984,26,32899,
0.6671304702758789,26,32949,
0.6688054800033569,26,32999,
0.7335835695266724,26,33049,
0.7416759729385376,26,33099,
0.7664585709571838,26,33149,
0.6988872289657593,26,33199,
0.7573206424713135,26,33249,
0.6921798586845398,26,33299,
0.6831190586090088,26,33349,
0.6767705082893372,26,33399,
0.6628257036209106,26,33449,
0.5518033504486084,26,33499,
0.8285875916481018,26,33549,
0.7789700627326965,26,33599,
0.6980032324790955,26,33649,
,26,33695,0.8332820534706116
0.6874260902404785,27,33699,
0.8028500080108643,27,33749,
0.7068694829940796,27,33799,
0.4658917188644409,27,33849,
0.8525041341781616,27,33899,
0.7411638498306274,27,33949,
0.5782909393310547,27,33999,
0.6695024371147156,27,34049,
0.7367165088653564,27,34099,
0.6347144246101379,27,34149,
0.7491811513900757,27,34199,
0.630748987197876,27,34249,
1.0611172914505005,27,34299,
0.6517657041549683,27,34349,
0.6227105855941772,27,34399,
0.7750351428985596,27,34449,
0.7785688638687134,27,34499,
0.5623596906661987,27,34549,
0.5637985467910767,27,34599,
0.8111501336097717,27,34649,
0.7527537941932678,27,34699,
0.5572618246078491,27,34749,
0.9139788150787354,27,34799,
0.688571572303772,27,34849,
0.6933549046516418,27,34899,
,27,34943,0.823250949382782
0.8891313672065735,28,34949,
0.6438893675804138,28,34999,
0.7242137789726257,28,35049,
0.712388277053833,28,35099,
0.7807153463363647,28,35149,
0.792816698551178,28,35199,
0.9644533395767212,28,35249,
0.7018775939941406,28,35299,
0.7143412828445435,28,35349,
0.6285099983215332,28,35399,
0.9453170895576477,28,35449,
0.7728646993637085,28,35499,
0.5891156196594238,28,35549,
0.6527583599090576,28,35599,
0.8154149651527405,28,35649,
0.8408858180046082,28,35699,
0.8612409830093384,28,35749,
0.804214596748352,28,35799,
0.6626534461975098,28,35849,
0.8054420351982117,28,35899,
0.5917816162109375,28,35949,
0.7597562670707703,28,35999,
0.7445194721221924,28,36049,
0.9282301068305969,28,36099,
0.7260308265686035,28,36149,
,28,36191,0.8305383920669556
0.5649926662445068,29,36199,
0.6865895390510559,29,36249,
0.76931232213974,29,36299,
0.8200677037239075,29,36349,
0.6445330381393433,29,36399,
0.6866607666015625,29,36449,
0.84456467628479,29,36499,
0.8536306619644165,29,36549,
0.5720844268798828,29,36599,
0.798900306224823,29,36649,
0.6683270335197449,29,36699,
0.6755449771881104,29,36749,
0.7863900661468506,29,36799,
0.7336001396179199,29,36849,
0.9028880000114441,29,36899,
0.6629621982574463,29,36949,
0.6844284534454346,29,36999,
0.6952842473983765,29,37049,
0.7073004245758057,29,37099,
0.819760799407959,29,37149,
0.7158665657043457,29,37199,
0.6647710800170898,29,37249,
0.6397361159324646,29,37299,
0.6292448043823242,29,37349,
0.6321096420288086,29,37399,
,29,37439,0.8293479084968567
0.7446656227111816,30,37449,
0.6297285556793213,30,37499,
0.5311789512634277,30,37549,
0.6357813477516174,30,37599,
0.650963544845581,30,37649,
0.5319950580596924,30,37699,
0.8983548879623413,30,37749,
0.6174098253250122,30,37799,
0.7957060933113098,30,37849,
0.6008263826370239,30,37899,
0.7213151454925537,30,37949,
0.6897827982902527,30,37999,
0.7993476986885071,30,38049,
0.5530039668083191,30,38099,
0.6231657862663269,30,38149,
0.5885013341903687,30,38199,
0.7360289096832275,30,38249,
0.8262618780136108,30,38299,
0.65391606092453,30,38349,
0.700002908706665,30,38399,
0.6414923071861267,30,38449,
0.6776612997055054,30,38499,
0.7190002799034119,30,38549,
0.7044390439987183,30,38599,
0.8637287616729736,30,38649,
,30,38687,0.8319603800773621
0.7532426714897156,31,38699,
0.7700724601745605,31,38749,
0.6528681516647339,31,38799,
0.7827440500259399,31,38849,
0.6411700248718262,31,38899,
0.6920262575149536,31,38949,
0.667983889579773,31,38999,
0.534720242023468,31,39049,
0.6912012696266174,31,39099,
0.709101140499115,31,39149,
0.761849045753479,31,39199,
0.8154478073120117,31,39249,
0.6772698760032654,31,39299,
0.6564290523529053,31,39349,
0.6223223209381104,31,39399,
0.7262440919876099,31,39449,
0.7624843120574951,31,39499,
0.6401829719543457,31,39549,
0.5756709575653076,31,39599,
0.6977611184120178,31,39649,
0.787749707698822,31,39699,
0.7633639574050903,31,39749,
0.8683730363845825,31,39799,
0.709926962852478,31,39849,
0.6704935431480408,31,39899,
,31,39935,0.8436233401298523
0.7535361051559448,32,39949,
0.7995523810386658,32,39999,
0.5429303646087646,32,40049,
0.7054647207260132,32,40099,
0.9477199912071228,32,40149,
0.5864721536636353,32,40199,
0.7840418815612793,32,40249,
0.5872600078582764,32,40299,
0.7652119994163513,32,40349,
0.7965028882026672,32,40399,
0.745681643486023,32,40449,
0.8527108430862427,32,40499,
0.7828171253204346,32,40549,
0.7238918542861938,32,40599,
0.5190435647964478,32,40649,
0.7185581922531128,32,40699,
0.9447373747825623,32,40749,
0.8563954830169678,32,40799,
0.6979436874389648,32,40849,
0.8271644711494446,32,40899,
0.6543508768081665,32,40949,
0.6683531999588013,32,40999,
0.8558692336082458,32,41049,
0.7752996683120728,32,41099,
0.9058316349983215,32,41149,
,32,41183,0.8231494426727295
0.6691732406616211,33,41199,
0.7254379987716675,33,41249,
0.6138725876808167,33,41299,
0.647807240486145,33,41349,
0.9681118726730347,33,41399,
0.7351375222206116,33,41449,
0.6317285895347595,33,41499,
0.6212493181228638,33,41549,
0.8647023439407349,33,41599,
0.7861395478248596,33,41649,
0.8387315273284912,33,41699,
0.7946071624755859,33,41749,
0.5866275429725647,33,41799,
0.7426348924636841,33,41849,
0.6325119733810425,33,41899,
0.4679950475692749,33,41949,
0.6007640957832336,33,41999,
0.7188335657119751,33,42049,
0.717473030090332,33,42099,
0.6267858743667603,33,42149,
0.6661961078643799,33,42199,
0.7939940094947815,33,42249,
0.6688324213027954,33,42299,
0.7919207811355591,33,42349,
0.6767669916152954,33,42399,
,33,42431,0.8294292688369751
0.7993782162666321,34,42449,
0.9035511016845703,34,42499,
0.85685795545578,34,42549,
0.5565237402915955,34,42599,
0.8463431596755981,34,42649,
0.566780149936676,34,42699,
0.517943263053894,34,42749,
0.4275333881378174,34,42799,
0.6973267197608948,34,42849,
0.7126222848892212,34,42899,
0.7216629981994629,34,42949,
0.7179186344146729,34,42999,
0.6522818207740784,34,43049,
0.8322062492370605,34,43099,
1.0994399785995483,34,43149,
0.5768623352050781,34,43199,
0.7282469868659973,34,43249,
0.6479265689849854,34,43299,
0.5669371485710144,34,43349,
0.9194507598876953,34,43399,
0.7247907519340515,34,43449,
0.6220362186431885,34,43499,
0.655720591545105,34,43549,
0.7469334602355957,34,43599,
0.818340539932251,34,43649,
,34,43679,0.8268369436264038
0.498557984828949,35,43699,
0.6415649652481079,35,43749,
0.6608675718307495,35,43799,
0.6426507234573364,35,43849,
0.8822956085205078,35,43899,
0.6822730302810669,35,43949,
0.6648952960968018,35,43999,
0.6402186155319214,35,44049,
0.9109064340591431,35,44099,
0.6792545318603516,35,44149,
0.6446648836135864,35,44199,
0.7892831563949585,35,44249,
0.7320051193237305,35,44299,
0.7588954567909241,35,44349,
0.7437311410903931,35,44399,
0.5499650239944458,35,44449,
0.673006534576416,35,44499,
0.8131791353225708,35,44549,
0.6580661535263062,35,44599,
0.7207484245300293,35,44649,
0.7519839406013489,35,44699,
0.5823537707328796,35,44749,
0.8741939067840576,35,44799,
0.6014177799224854,35,44849,
0.6715354323387146,35,44899,
,35,44927,0.8345484137535095
0.6297897100448608,36,44949,
0.41039222478866577,36,44999,
0.6892677545547485,36,45049,
0.5782868266105652,36,45099,
0.7358970642089844,36,45149,
0.8642454147338867,36,45199,
0.6651231646537781,36,45249,
0.6807495355606079,36,45299,
0.7241955995559692,36,45349,
0.7469501495361328,36,45399,
0.6281388998031616,36,45449,
0.7356871366500854,36,45499,
0.7032545208930969,36,45549,
0.744698703289032,36,45599,
0.6708007454872131,36,45649,
0.8794955015182495,36,45699,
0.8095120787620544,36,45749,
0.7843198180198669,36,45799,
0.7344472408294678,36,45849,
0.7248533964157104,36,45899,
0.7854825854301453,36,45949,
0.7301737070083618,36,45999,
0.6331309080123901,36,46049,
0.5767141580581665,36,46099,
0.7638975381851196,36,46149,
,36,46175,0.825107991695404
0.6456458568572998,37,46199,
0.568673849105835,37,46249,
0.8850634098052979,37,46299,
0.7594932317733765,37,46349,
0.8416538238525391,37,46399,
0.7330604791641235,37,46449,
0.6501742005348206,37,46499,
0.6015779376029968,37,46549,
0.6642778515815735,37,46599,
0.5326613187789917,37,46649,
0.7588004469871521,37,46699,
0.7135597467422485,37,46749,
0.7323285937309265,37,46799,
0.7101239562034607,37,46849,
0.8157105445861816,37,46899,
0.7121677398681641,37,46949,
0.7244378328323364,37,46999,
0.5859285593032837,37,47049,
0.5893354415893555,37,47099,
0.7296836972236633,37,47149,
0.9896438121795654,37,47199,
0.7853885889053345,37,47249,
0.7683919668197632,37,47299,
0.67621248960495,37,47349,
0.9307175874710083,37,47399,
,37,47423,0.8245832324028015
0.7552114129066467,38,47449,
0.6020911931991577,38,47499,
0.7956032156944275,38,47549,
0.7187186479568481,38,47599,
0.5963743329048157,38,47649,
0.6528307795524597,38,47699,
0.7442448139190674,38,47749,
0.6349896192550659,38,47799,
0.6485069394111633,38,47849,
0.6343873739242554,38,47899,
0.6609049439430237,38,47949,
0.8779396414756775,38,47999,
0.7591161131858826,38,48049,
0.7510427236557007,38,48099,
0.6844098567962646,38,48149,
0.6743117570877075,38,48199,
0.651477575302124,38,48249,
0.8161207437515259,38,48299,
0.6939278841018677,38,48349,
0.7430813312530518,38,48399,
0.47620612382888794,38,48449,
0.761060357093811,38,48499,
0.6079274415969849,38,48549,
0.6688893437385559,38,48599,
0.8651540279388428,38,48649,
,38,48671,0.8244020342826843
0.8515884280204773,39,48699,
0.7581743001937866,39,48749,
0.6359914541244507,39,48799,
0.6232012510299683,39,48849,
0.659531831741333,39,48899,
0.7647742629051208,39,48949,
0.5993937849998474,39,48999,
0.426517128944397,39,49049,
0.5682287216186523,39,49099,
0.6744186878204346,39,49149,
0.5105236768722534,39,49199,
0.7477658987045288,39,49249,
0.9567263722419739,39,49299,
0.717836856842041,39,49349,
0.7075295448303223,39,49399,
0.6432538628578186,39,49449,
0.6542896628379822,39,49499,
0.6142727732658386,39,49549,
0.6538192629814148,39,49599,
0.6797244548797607,39,49649,
0.8882721066474915,39,49699,
0.8455011248588562,39,49749,
0.6177799701690674,39,49799,
0.7546146512031555,39,49849,
0.7823033332824707,39,49899,
,39,49919,0.8219909071922302
0.5475165247917175,40,49949,
0.47196024656295776,40,49999,
0.7994190454483032,40,50049,
0.6745141744613647,40,50099,
0.7587258815765381,40,50149,
0.5724320411682129,40,50199,
0.7714216709136963,40,50249,
0.7594477534294128,40,50299,
0.8394389152526855,40,50349,
0.5939079523086548,40,50399,
0.6859058141708374,40,50449,
0.8158614635467529,40,50499,
0.5897887945175171,40,50549,
0.7913713455200195,40,50599,
0.5991312861442566,40,50649,
0.6835176348686218,40,50699,
0.8955838084220886,40,50749,
0.7922586798667908,40,50799,
0.5294932723045349,40,50849,
0.6305429935455322,40,50899,
0.9082538485527039,40,50949,
0.8782541751861572,40,50999,
0.5951172113418579,40,51049,
0.7253518104553223,40,51099,
0.7636077404022217,40,51149,
,40,51167,0.8180884718894958
0.8116203546524048,41,51199,
0.7089619040489197,41,51249,
0.5539166927337646,41,51299,
0.8957189321517944,41,51349,
0.6524351835250854,41,51399,
0.6605705618858337,41,51449,
0.7744229435920715,41,51499,
0.5264170169830322,41,51549,
0.7594324946403503,41,51599,
0.7925195693969727,41,51649,
0.8370371460914612,41,51699,
0.6305195093154907,41,51749,
0.5489075183868408,41,51799,
0.8491015434265137,41,51849,
0.6108702421188354,41,51899,
0.8147087097167969,41,51949,
0.8222062587738037,41,51999,
0.6624994277954102,41,52049,
0.47382473945617676,41,52099,
0.7418434619903564,41,52149,
0.6285637617111206,41,52199,
0.7317410707473755,41,52249,
0.7214649319648743,41,52299,
0.9233726263046265,41,52349,
0.8913046717643738,41,52399,
,41,52415,0.8201699256896973
0.8608652353286743,42,52449,
0.6421792507171631,42,52499,
0.7003973126411438,42,52549,
0.7643074989318848,42,52599,
0.7868688702583313,42,52649,
0.8551708459854126,42,52699,
0.8074235916137695,42,52749,
0.633219838142395,42,52799,
0.6610190868377686,42,52849,
0.7538297772407532,42,52899,
0.6873583793640137,42,52949,
0.7631877064704895,42,52999,
0.8670651316642761,42,53049,
0.6550816297531128,42,53099,
0.8572193384170532,42,53149,
0.7394710779190063,42,53199,
0.7664122581481934,42,53249,
0.8663037419319153,42,53299,
0.7191222310066223,42,53349,
0.6657571792602539,42,53399,
0.663496732711792,42,53449,
0.47199368476867676,42,53499,
0.5897207856178284,42,53549,
0.5268899202346802,42,53599,
0.7226440906524658,42,53649,
,42,53663,0.8120389580726624
0.4851992130279541,43,53699,
0.785779595375061,43,53749,
0.6156033873558044,43,53799,
0.7105287909507751,43,53849,
0.8039418458938599,43,53899,
0.6020323038101196,43,53949,
0.6929458379745483,43,53999,
0.6095178127288818,43,54049,
0.6105031967163086,43,54099,
0.5455402135848999,43,54149,
0.6990703344345093,43,54199,
0.6987225413322449,43,54249,
0.6825836896896362,43,54299,
0.6995822787284851,43,54349,
0.6834819316864014,43,54399,
0.6818411350250244,43,54449,
0.6749686002731323,43,54499,
0.593001127243042,43,54549,
0.8288817405700684,43,54599,
0.791084885597229,43,54649,
0.7301660776138306,43,54699,
0.5777437090873718,43,54749,
0.7266228199005127,43,54799,
0.900040864944458,43,54849,
0.8338116407394409,43,54899,
,43,54911,0.8142856359481812
0.6097928285598755,44,54949,
0.7374957799911499,44,54999,
0.5789437294006348,44,55049,
0.6103689670562744,44,55099,
0.6231310367584229,44,55149,
0.6733293533325195,44,55199,
0.5823680758476257,44,55249,
0.6612129211425781,44,55299,
0.5047832727432251,44,55349,
0.75375896692276,44,55399,
0.7475766539573669,44,55449,
0.6363993883132935,44,55499,
0.6015670895576477,44,55549,
0.5652793049812317,44,55599,
0.7928310632705688,44,55649,
0.732841968536377,44,55699,
0.6282262802124023,44,55749,
0.8042108416557312,44,55799,
0.6409924626350403,44,55849,
0.7103567123413086,44,55899,
0.90338134765625,44,55949,
0.5658254623413086,44,55999,
0.6341468095779419,44,56049,
0.703119158744812,44,56099,
0.6066867113113403,44,56149,
,44,56159,0.8115864992141724
0.575987696647644,45,56199,
0.7444281578063965,45,56249,
0.7128722667694092,45,56299,
0.6744909286499023,45,56349,
0.5504705905914307,45,56399,
0.5700006484985352,45,56449,
0.6351555585861206,45,56499,
0.6093013882637024,45,56549,
0.605867862701416,45,56599,
0.7090752124786377,45,56649,
0.6136711835861206,45,56699,
0.7144449949264526,45,56749,
0.6972939372062683,45,56799,
0.6024354696273804,45,56849,
0.8052005767822266,45,56899,
0.5443201661109924,45,56949,
0.5188458561897278,45,56999,
0.682792067527771,45,57049,
0.5399659872055054,45,57099,
0.6572200059890747,45,57149,
0.7850640416145325,45,57199,
0.6417276263237,45,57249,
0.6027452945709229,45,57299,
0.8506168127059937,45,57349,
0.669020414352417,45,57399,
,45,57407,0.8081797361373901
0.6684430837631226,46,57449,
0.5517469644546509,46,57499,
0.6844016909599304,46,57549,
0.6248566508293152,46,57599,
0.7558501362800598,46,57649,
0.7763038277626038,46,57699,
0.639435887336731,46,57749,
0.7923385500907898,46,57799,
0.7546751499176025,46,57849,
0.6551247835159302,46,57899,
0.7072089910507202,46,57949,
0.6870137453079224,46,57999,
0.8598236441612244,46,58049,
0.5772799253463745,46,58099,
0.6471971273422241,46,58149,
0.6106892824172974,46,58199,
0.6618921756744385,46,58249,
0.7190906405448914,46,58299,
0.6836472153663635,46,58349,
0.8229817152023315,46,58399,
0.7939517498016357,46,58449,
0.6140393018722534,46,58499,
0.6886877417564392,46,58549,
0.7764797210693359,46,58599,
0.6488504409790039,46,58649,
,46,58655,0.807694137096405
0.8776960968971252,47,58699,
0.7325067520141602,47,58749,
0.7382255792617798,47,58799,
0.7584753036499023,47,58849,
0.6783182621002197,47,58899,
0.6123509407043457,47,58949,
0.6125080585479736,47,58999,
0.6743630170822144,47,59049,
0.5064932107925415,47,59099,
0.6117644309997559,47,59149,
0.5332661867141724,47,59199,
0.5430564284324646,47,59249,
0.605984091758728,47,59299,
0.5718419551849365,47,59349,
0.6449174880981445,47,59399,
0.6008224487304688,47,59449,
0.6081758737564087,47,59499,
0.5699372291564941,47,59549,
0.6028236150741577,47,59599,
0.6670123338699341,47,59649,
0.699156641960144,47,59699,
0.7762264013290405,47,59749,
0.5716594457626343,47,59799,
0.7784154415130615,47,59849,
0.6007328033447266,47,59899,
,47,59903,0.8070514798164368
0.746129035949707,48,59949,
0.6132726669311523,48,59999,
0.6503241062164307,48,60049,
0.6286047101020813,48,60099,
0.5852431058883667,48,60149,
0.6151758432388306,48,60199,
0.6380409002304077,48,60249,
0.6645469069480896,48,60299,
0.7226439714431763,48,60349,
0.8464092016220093,48,60399,
0.7299463748931885,48,60449,
0.628463864326477,48,60499,
0.7158790230751038,48,60549,
0.6032679080963135,48,60599,
0.7338935136795044,48,60649,
0.6315816640853882,48,60699,
0.5768547654151917,48,60749,
0.6133041381835938,48,60799,
0.7234259843826294,48,60849,
0.7236448526382446,48,60899,
0.5696163177490234,48,60949,
0.7534216046333313,48,60999,
0.6620407700538635,48,61049,
0.5820622444152832,48,61099,
0.4650347828865051,48,61149,
,48,61151,0.806869387626648
0.42011356353759766,49,61199,
0.6188236474990845,49,61249,
0.5189898014068604,49,61299,
0.5199525356292725,49,61349,
0.7214980125427246,49,61399,
0.6518639326095581,49,61449,
0.4361293911933899,49,61499,
0.5628547668457031,49,61549,
0.5741618871688843,49,61599,
0.6638602018356323,49,61649,
0.6072672605514526,49,61699,
0.6135228872299194,49,61749,
0.5222641229629517,49,61799,
0.6546550989151001,49,61849,
0.4225149154663086,49,61899,
0.6867344379425049,49,61949,
0.5781220197677612,49,61999,
0.623370885848999,49,62049,
0.6947492361068726,49,62099,
0.9110133051872253,49,62149,
0.6029554605484009,49,62199,
0.7083967924118042,49,62249,
0.713040828704834,49,62299,
0.7424908876419067,49,62349,
0.6970037221908569,49,62399,
,49,62399,0.8001159429550171
0.6139220595359802,50,62449,
0.5982381105422974,50,62499,
0.5668514966964722,50,62549,
0.6258323192596436,50,62599,
0.7778909206390381,50,62649,
0.5932183265686035,50,62699,
0.5755386352539062,50,62749,
0.6412035226821899,50,62799,
0.5907468795776367,50,62849,
0.5890023708343506,50,62899,
0.6828472018241882,50,62949,
0.6355586647987366,50,62999,
0.7246647477149963,50,63049,
0.5504521131515503,50,63099,
0.6717690229415894,50,63149,
0.6362273693084717,50,63199,
0.5249419212341309,50,63249,
0.6526724100112915,50,63299,
0.6457819938659668,50,63349,
0.6375485062599182,50,63399,
0.6845760941505432,50,63449,
0.6511772274971008,50,63499,
0.595789909362793,50,63549,
0.6964994668960571,50,63599,
,50,63647,0.8009483814239502
0.5537672638893127,51,63649,
0.5896081924438477,51,63699,
0.6713652610778809,51,63749,
0.4137726426124573,51,63799,
0.5087336301803589,51,63849,
0.6880656480789185,51,63899,
0.6795276403427124,51,63949,
0.5962864756584167,51,63999,
0.4725413918495178,51,64049,
0.4447767734527588,51,64099,
0.5087435245513916,51,64149,
0.5279369354248047,51,64199,
0.5408809781074524,51,64249,
0.7360032796859741,51,64299,
0.6954715251922607,51,64349,
0.6539821028709412,51,64399,
0.8625026941299438,51,64449,
0.7179819345474243,51,64499,
0.6681349277496338,51,64549,
0.72451251745224,51,64599,
0.6570188999176025,51,64649,
0.8232855796813965,51,64699,
0.8482622504234314,51,64749,
0.7863099575042725,51,64799,
0.7922453880310059,51,64849,
,51,64895,0.8038748502731323
0.5770903825759888,52,64899,
0.7398173809051514,52,64949,
0.6525341272354126,52,64999,
0.7159824967384338,52,65049,
0.5246163606643677,52,65099,
0.6522766351699829,52,65149,
0.7712306380271912,52,65199,
0.6671077013015747,52,65249,
0.4855595827102661,52,65299,
0.7685456275939941,52,65349,
0.6552280187606812,52,65399,
0.47769707441329956,52,65449,
0.721966028213501,52,65499,
0.505337119102478,52,65549,
0.673407793045044,52,65599,
0.6589246988296509,52,65649,
0.7499425411224365,52,65699,
0.5516314506530762,52,65749,
0.584904670715332,52,65799,
0.764378547668457,52,65849,
0.712598443031311,52,65899,
0.6043329834938049,52,65949,
0.6347229480743408,52,65999,
0.7321970462799072,52,66049,
0.48337578773498535,52,66099,
,52,66143,0.7909704446792603
0.4473406672477722,53,66149,
0.5891484022140503,53,66199,
0.6777657270431519,53,66249,
0.5521836280822754,53,66299,
0.675300121307373,53,66349,
0.6366549730300903,53,66399,
0.6665635108947754,53,66449,
0.5841110944747925,53,66499,
0.6229944229125977,53,66549,
0.5865805149078369,53,66599,
0.5320403575897217,53,66649,
0.6714180707931519,53,66699,
0.5049763321876526,53,66749,
0.5872651934623718,53,66799,
0.5800235271453857,53,66849,
0.7003039121627808,53,66899,
0.600898802280426,53,66949,
0.5971583724021912,53,66999,
0.6404213309288025,53,67049,
0.6876780986785889,53,67099,
0.5645407438278198,53,67149,
0.6381824016571045,53,67199,
0.5622179508209229,53,67249,
0.6836170554161072,53,67299,
0.6467552185058594,53,67349,
,53,67391,0.7841033339500427
0.5460454225540161,54,67399,
0.42727941274642944,54,67449,
0.6080683469772339,54,67499,
0.5273838639259338,54,67549,
0.4992825388908386,54,67599,
0.6250823140144348,54,67649,
0.5964863896369934,54,67699,
0.5999545454978943,54,67749,
0.6692185401916504,54,67799,
0.5274004936218262,54,67849,
0.6285282969474792,54,67899,
0.5934908986091614,54,67949,
0.4974047541618347,54,67999,
0.4642695188522339,54,68049,
0.5558953285217285,54,68099,
0.6065213680267334,54,68149,
0.7045547366142273,54,68199,
0.771785318851471,54,68249,
0.6379998326301575,54,68299,
0.4895661473274231,54,68349,
0.766591489315033,54,68399,
0.5793572068214417,54,68449,
0.6826692819595337,54,68499,
0.71418696641922,54,68549,
0.3681032657623291,54,68599,
,54,68639,0.7835878729820251
0.6838185787200928,55,68649,
0.4892767667770386,55,68699,
0.5896120071411133,55,68749,
0.776014506816864,55,68799,
0.5803349018096924,55,68849,
0.6820678114891052,55,68899,
0.59195876121521,55,68949,
0.6307628154754639,55,68999,
0.7241538763046265,55,69049,
0.6414445638656616,55,69099,
0.6380549073219299,55,69149,
0.5909353494644165,55,69199,
0.5444238185882568,55,69249,
0.6813884377479553,55,69299,
0.5575269460678101,55,69349,
0.6341848373413086,55,69399,
0.6959654092788696,55,69449,
0.7009586095809937,55,69499,
0.5771554708480835,55,69549,
0.5258996486663818,55,69599,
0.5520758628845215,55,69649,
0.532333493232727,55,69699,
0.6242399215698242,55,69749,
0.5752130150794983,55,69799,
0.7394363880157471,55,69849,
,55,69887,0.7806375026702881
0.7466109991073608,56,69899,
0.5950326919555664,56,69949,
0.42646050453186035,56,69999,
0.4283090829849243,56,70049,
0.5504213571548462,56,70099,
0.6947218179702759,56,70149,
0.6727116703987122,56,70199,
0.6541693210601807,56,70249,
0.6264584064483643,56,70299,
0.6012089252471924,56,70349,
0.6173900365829468,56,70399,
0.5675905346870422,56,70449,
0.42772209644317627,56,70499,
0.5243227481842041,56,70549,
0.6503387093544006,56,70599,
0.7188713550567627,56,70649,
0.49765539169311523,56,70699,
0.7140681147575378,56,70749,
0.5605628490447998,56,70799,
0.6955673694610596,56,70849,
0.6396526098251343,56,70899,
0.39810389280319214,56,70949,
0.6356340646743774,56,70999,
0.47165805101394653,56,71049,
0.597425639629364,56,71099,
,56,71135,0.7738402485847473
0.45021384954452515,57,71149,
0.5522618293762207,57,71199,
0.685825765132904,57,71249,
0.6315575838088989,57,71299,
0.4544335603713989,57,71349,
0.3979114294052124,57,71399,
0.6371678113937378,57,71449,
0.7090661525726318,57,71499,
0.5693918466567993,57,71549,
0.4636761546134949,57,71599,
0.6032766103744507,57,71649,
0.6480119228363037,57,71699,
0.7534430027008057,57,71749,
0.48088347911834717,57,71799,
0.5645983219146729,57,71849,
0.6025447845458984,57,71899,
0.6379745006561279,57,71949,
0.6321632862091064,57,71999,
0.44743072986602783,57,72049,
0.6114211082458496,57,72099,
0.4896922707557678,57,72149,
0.5803556442260742,57,72199,
0.6866371035575867,57,72249,
0.6269360780715942,57,72299,
0.5385789275169373,57,72349,
,57,72383,0.7762280106544495
0.4036732316017151,58,72399,
0.5581384897232056,58,72449,
0.5977219343185425,58,72499,
0.41587167978286743,58,72549,
0.7578991651535034,58,72599,
0.7124739289283752,58,72649,
0.6231246590614319,58,72699,
0.7129164934158325,58,72749,
0.5551106929779053,58,72799,
0.6240803003311157,58,72849,
0.5175966620445251,58,72899,
0.5655920505523682,58,72949,
0.47194117307662964,58,72999,
0.48304158449172974,58,73049,
0.47956395149230957,58,73099,
0.458920955657959,58,73149,
0.40136927366256714,58,73199,
0.7007269263267517,58,73249,
0.4811650514602661,58,73299,
0.5128906965255737,58,73349,
0.5960566997528076,58,73399,
0.6982065439224243,58,73449,
0.4702054262161255,58,73499,
0.44680100679397583,58,73549,
0.5759013295173645,58,73599,
,58,73631,0.7762658596038818
0.467626690864563,59,73649,
0.4536474943161011,59,73699,
0.4349503517150879,59,73749,
0.7175197601318359,59,73799,
0.5687907934188843,59,73849,
0.48388952016830444,59,73899,
0.5283864736557007,59,73949,
0.5995094180107117,59,73999,
0.36938703060150146,59,74049,
0.6677342653274536,59,74099,
0.39806240797042847,59,74149,
0.5365084409713745,59,74199,
0.5702681541442871,59,74249,
0.5353699922561646,59,74299,
0.6481516361236572,59,74349,
0.6995835900306702,59,74399,
0.5253420472145081,59,74449,
0.5522419214248657,59,74499,
0.6049489974975586,59,74549,
0.7159712314605713,59,74599,
0.4476996660232544,59,74649,
0.6068989038467407,59,74699,
0.6545586585998535,59,74749,
0.5669822096824646,59,74799,
0.5071777105331421,59,74849,
,59,74879,0.7644148468971252
0.6355998516082764,60,74899,
0.7292846441268921,60,74949,
0.682542622089386,60,74999,
0.4058762788772583,60,75049,
0.6005955338478088,60,75099,
0.6108978986740112,60,75149,
0.5869720578193665,60,75199,
0.6928982734680176,60,75249,
0.5575553774833679,60,75299,
0.6443947553634644,60,75349,
0.7387262582778931,60,75399,
0.4178128242492676,60,75449,
0.4317131042480469,60,75499,
0.5628602504730225,60,75549,
0.48336249589920044,60,75599,
0.48044532537460327,60,75649,
0.5329492688179016,60,75699,
0.5075253248214722,60,75749,
0.5116435289382935,60,75799,
0.4767393469810486,60,75849,
0.6216713190078735,60,75899,
0.6702691316604614,60,75949,
0.697776198387146,60,75999,
0.5521007180213928,60,76049,
0.49303239583969116,60,76099,
,60,76127,0.7642236948013306
0.5074024200439453,61,76149,
0.46911197900772095,61,76199,
0.6027404069900513,61,76249,
0.4606049656867981,61,76299,
0.5790146589279175,61,76349,
0.6539403200149536,61,76399,
0.7932035326957703,61,76449,
0.7039914727210999,61,76499,
0.8570400476455688,61,76549,
0.5161947011947632,61,76599,
0.47318869829177856,61,76649,
0.5104502439498901,61,76699,
0.531572699546814,61,76749,
0.48992228507995605,61,76799,
0.6960090398788452,61,76849,
0.5562688112258911,61,76899,
0.48761266469955444,61,76949,
0.37571942806243896,61,76999,
0.691547155380249,61,77049,
0.6111863851547241,61,77099,
0.5218027830123901,61,77149,
0.5960066318511963,61,77199,
0.6989985704421997,61,77249,
0.4748036861419678,61,77299,
0.543667197227478,61,77349,
,61,77375,0.7590146660804749
0.5615353584289551,62,77399,
0.6766643524169922,62,77449,
0.4722599983215332,62,77499,
0.529988169670105,62,77549,
0.6113283038139343,62,77599,
0.6964403390884399,62,77649,
0.49441492557525635,62,77699,
0.4286884665489197,62,77749,
0.4479731321334839,62,77799,
0.458354115486145,62,77849,
0.5106229186058044,62,77899,
0.4121301770210266,62,77949,
0.6547003388404846,62,77999,
0.4144629240036011,62,78049,
0.4353253245353699,62,78099,
0.44990384578704834,62,78149,
0.5150848627090454,62,78199,
0.568598747253418,62,78249,
0.37212979793548584,62,78299,
0.5318704843521118,62,78349,
0.42241913080215454,62,78399,
0.6469103097915649,62,78449,
0.6343033909797668,62,78499,
0.38290244340896606,62,78549,
0.5922586917877197,62,78599,
,62,78623,0.7589612007141113
0.5191068649291992,63,78649,
0.42621076107025146,63,78699,
0.6172525882720947,63,78749,
0.6047642230987549,63,78799,
0.60091233253479,63,78849,
0.5341125726699829,63,78899,
0.72767174243927,63,78949,
0.5371537208557129,63,78999,
0.40368032455444336,63,79049,
0.6040679216384888,63,79099,
0.5420994758605957,63,79149,
0.32649481296539307,63,79199,
0.5274864435195923,63,79249,
0.6390621662139893,63,79299,
0.36214739084243774,63,79349,
0.4833378195762634,63,79399,
0.5275819897651672,63,79449,
0.5407617688179016,63,79499,
0.5140226483345032,63,79549,
0.6927717924118042,63,79599,
0.5221909284591675,63,79649,
0.7384993433952332,63,79699,
0.5733012557029724,63,79749,
0.454878032207489,63,79799,
0.501891016960144,63,79849,
,63,79871,0.7502611875534058
0.3862560987472534,64,79899,
0.4550079107284546,64,79949,
0.45411598682403564,64,79999,
0.6665254831314087,64,80049,
0.6702780723571777,64,80099,
0.5238372683525085,64,80149,
0.5549644231796265,64,80199,
0.8082991242408752,64,80249,
0.315862774848938,64,80299,
0.5715781450271606,64,80349,
0.5472165942192078,64,80399,
0.3585042357444763,64,80449,
0.5089263916015625,64,80499,
0.48092734813690186,64,80549,
0.6146904826164246,64,80599,
0.4975060224533081,64,80649,
0.46880292892456055,64,80699,
0.5108994245529175,64,80749,
0.4296165704727173,64,80799,
0.4517698884010315,64,80849,
0.4758761525154114,64,80899,
0.4355742335319519,64,80949,
0.5279314517974854,64,80999,
0.6240116357803345,64,81049,
0.5550954341888428,64,81099,
,64,81119,0.7533202171325684
0.548102080821991,65,81149,
0.7137628197669983,65,81199,
0.5151793360710144,65,81249,
0.5092871189117432,65,81299,
0.5187469124794006,65,81349,
0.5850891470909119,65,81399,
0.4936109781265259,65,81449,
0.31121790409088135,65,81499,
0.4507657289505005,65,81549,
0.3825587034225464,65,81599,
0.604526162147522,65,81649,
0.6180872917175293,65,81699,
0.5560809969902039,65,81749,
0.7590802907943726,65,81799,
0.4702810049057007,65,81849,
0.48627686500549316,65,81899,
0.46444422006607056,65,81949,
0.52445387840271,65,81999,
0.45861852169036865,65,82049,
0.4804651141166687,65,82099,
0.537623941898346,65,82149,
0.4795357584953308,65,82199,
0.4343411326408386,65,82249,
0.5669604539871216,65,82299,
0.560970664024353,65,82349,
,65,82367,0.7474004626274109
0.45644015073776245,66,82399,
0.5952094793319702,66,82449,
0.3919767141342163,66,82499,
0.5111464858055115,66,82549,
0.4522516131401062,66,82599,
0.6858171224594116,66,82649,
0.40352606773376465,66,82699,
0.512984573841095,66,82749,
0.4617190361022949,66,82799,
0.4762219786643982,66,82849,
0.6325147151947021,66,82899,
0.4249381422996521,66,82949,
0.48413246870040894,66,82999,
0.4969348907470703,66,83049,
0.5251485109329224,66,83099,
0.4167436361312866,66,83149,
0.48569077253341675,66,83199,
0.5583682656288147,66,83249,
0.4567497968673706,66,83299,
0.5188589096069336,66,83349,
0.4214479327201843,66,83399,
0.3462790250778198,66,83449,
0.6524638533592224,66,83499,
0.45625245571136475,66,83549,
0.5619230270385742,66,83599,
,66,83615,0.7472332715988159
0.5390235185623169,67,83649,
0.4403892159461975,67,83699,
0.4019777774810791,67,83749,
0.41698646545410156,67,83799,
0.40755295753479004,67,83849,
0.5933427214622498,67,83899,
0.5148675441741943,67,83949,
0.521788477897644,67,83999,
0.2952744960784912,67,84049,
0.536152184009552,67,84099,
0.5431764721870422,67,84149,
0.7119042873382568,67,84199,
0.5564844608306885,67,84249,
0.37508225440979004,67,84299,
0.5800695419311523,67,84349,
0.4066590666770935,67,84399,
0.4443367123603821,67,84449,
0.5971883535385132,67,84499,
0.45868825912475586,67,84549,
0.5195729732513428,67,84599,
0.6626600027084351,67,84649,
0.44991904497146606,67,84699,
0.3899155259132385,67,84749,
0.6597373485565186,67,84799,
0.5656087398529053,67,84849,
,67,84863,0.739155113697052
0.5152159929275513,68,84899,
0.4999987483024597,68,84949,
0.3667294383049011,68,84999,
0.4983932375907898,68,85049,
0.2739563584327698,68,85099,
0.499372661113739,68,85149,
0.5718393325805664,68,85199,
0.48101937770843506,68,85249,
0.5703803896903992,68,85299,
0.45487135648727417,68,85349,
0.4354743957519531,68,85399,
0.5201088190078735,68,85449,
0.5661702156066895,68,85499,
0.556921124458313,68,85549,
0.5194313526153564,68,85599,
0.4391733407974243,68,85649,
0.5524846315383911,68,85699,
0.4473109245300293,68,85749,
0.556596040725708,68,85799,
0.5001770853996277,68,85849,
0.5731109380722046,68,85899,
0.35701555013656616,68,85949,
0.3583122491836548,68,85999,
0.3173373341560364,68,86049,
0.6032992601394653,68,86099,
,68,86111,0.7401205897331238
0.4075908064842224,69,86149,
0.49920743703842163,69,86199,
0.5121992826461792,69,86249,
0.5587095022201538,69,86299,
0.47136062383651733,69,86349,
0.37955212593078613,69,86399,
0.35840892791748047,69,86449,
0.6488767862319946,69,86499,
0.3405497074127197,69,86549,
0.3733837604522705,69,86599,
0.35882848501205444,69,86649,
0.37742239236831665,69,86699,
0.5402740240097046,69,86749,
0.6086908578872681,69,86799,
0.5749855041503906,69,86849,
0.37079083919525146,69,86899,
0.3573359251022339,69,86949,
0.484893798828125,69,86999,
0.5332693457603455,69,87049,
0.4792659282684326,69,87099,
0.4833190441131592,69,87149,
0.528610110282898,69,87199,
0.4689289331436157,69,87249,
0.5229108333587646,69,87299,
0.5772490501403809,69,87349,
,69,87359,0.7344335913658142
0.41492652893066406,70,87399,
0.4525057077407837,70,87449,
0.3746405243873596,70,87499,
0.43938350677490234,70,87549,
0.31083494424819946,70,87599,
0.3647118806838989,70,87649,
0.5925878286361694,70,87699,
0.4159347414970398,70,87749,
0.38708198070526123,70,87799,
0.4042142629623413,70,87849,
0.5204486846923828,70,87899,
0.41197073459625244,70,87949,
0.47260361909866333,70,87999,
0.5519320368766785,70,88049,
0.36087703704833984,70,88099,
0.5441438555717468,70,88149,
0.5042260885238647,70,88199,
0.5678356885910034,70,88249,
0.48379069566726685,70,88299,
0.38745903968811035,70,88349,
0.5077356696128845,70,88399,
0.459267795085907,70,88449,
0.3663003444671631,70,88499,
0.4715197682380676,70,88549,
0.469368040561676,70,88599,
,70,88607,0.7344576716423035
0.5791558623313904,71,88649,
0.45692235231399536,71,88699,
0.29156363010406494,71,88749,
0.6749671101570129,71,88799,
0.3979085683822632,71,88849,
0.5136703252792358,71,88899,
0.4027175307273865,71,88949,
0.336561918258667,71,88999,
0.4169906973838806,71,89049,
0.446810245513916,71,89099,
0.46885478496551514,71,89149,
0.4305388331413269,71,89199,
0.4568461775779724,71,89249,
0.4241558313369751,71,89299,
0.4069563150405884,71,89349,
0.5868443250656128,71,89399,
0.29676806926727295,71,89449,
0.542999267578125,71,89499,
0.37031257152557373,71,89549,
0.4406284689903259,71,89599,
0.5544049739837646,71,89649,
0.32664990425109863,71,89699,
0.5322821140289307,71,89749,
0.37779879570007324,71,89799,
0.45332443714141846,71,89849,
,71,89855,0.7291600108146667
0.505113422870636,72,89899,
0.4199007749557495,72,89949,
0.42593520879745483,72,89999,
0.2735714912414551,72,90049,
0.44171667098999023,72,90099,
0.4106999635696411,72,90149,
0.37097281217575073,72,90199,
0.41932857036590576,72,90249,
0.28814709186553955,72,90299,
0.656204342842102,72,90349,
0.603252649307251,72,90399,
0.5347786545753479,72,90449,
0.44377267360687256,72,90499,
0.436320960521698,72,90549,
0.36260879039764404,72,90599,
0.5845824480056763,72,90649,
0.35746484994888306,72,90699,
0.6088497638702393,72,90749,
0.514298677444458,72,90799,
0.5343303084373474,72,90849,
0.4507896304130554,72,90899,
0.406238317489624,72,90949,
0.5842782258987427,72,90999,
0.5242311954498291,72,91049,
0.33455878496170044,72,91099,
,72,91103,0.7253749370574951
0.451648473739624,73,91149,
0.3235481381416321,73,91199,
0.3551889657974243,73,91249,
0.5467907190322876,73,91299,
0.5399852395057678,73,91349,
0.5854134559631348,73,91399,
0.4287254810333252,73,91449,
0.46689361333847046,73,91499,
0.5261038541793823,73,91549,
0.5524534583091736,73,91599,
0.35197746753692627,73,91649,
0.32926440238952637,73,91699,
0.3722296953201294,73,91749,
0.5235213041305542,73,91799,
0.5994492769241333,73,91849,
0.5399258732795715,73,91899,
0.37822699546813965,73,91949,
0.5164909958839417,73,91999,
0.4287204146385193,73,92049,
0.460598886013031,73,92099,
0.5576707720756531,73,92149,
0.36829596757888794,73,92199,
0.39983105659484863,73,92249,
0.40239614248275757,73,92299,
0.5280528664588928,73,92349,
,73,92351,0.7229609489440918
0.39752423763275146,74,92399,
0.3108755946159363,74,92449,
0.30918824672698975,74,92499,
0.32129424810409546,74,92549,
0.3529185652732849,74,92599,
0.6563546657562256,74,92649,
0.37544870376586914,74,92699,
0.39657264947891235,74,92749,
0.2705637812614441,74,92799,
0.43274831771850586,74,92849,
0.3320329189300537,74,92899,
0.44517481327056885,74,92949,
0.45147424936294556,74,92999,
0.35218602418899536,74,93049,
0.4529181718826294,74,93099,
0.5843597650527954,74,93149,
0.4361862540245056,74,93199,
0.384274423122406,74,93249,
0.5292142033576965,74,93299,
0.5274317264556885,74,93349,
0.35429149866104126,74,93399,
0.49787235260009766,74,93449,
0.5161319375038147,74,93499,
0.4798683524131775,74,93549,
0.42701202630996704,74,93599,
,74,93599,0.7192109227180481
0.41830551624298096,75,93649,
0.3714190721511841,75,93699,
0.4000552296638489,75,93749,
0.407268762588501,75,93799,
0.30423587560653687,75,93849,
0.47138720750808716,75,93899,
0.3982277512550354,75,93949,
0.3151249885559082,75,93999,
0.3957936763763428,75,94049,
0.4533892869949341,75,94099,
0.2831277847290039,75,94149,
0.3462744951248169,75,94199,
0.394137442111969,75,94249,
0.40716588497161865,75,94299,
0.34683412313461304,75,94349,
0.5214450359344482,75,94399,
0.3780069947242737,75,94449,
0.438343346118927,75,94499,
0.43698352575302124,75,94549,
0.25882118940353394,75,94599,
0.35492318868637085,75,94649,
0.4440736174583435,75,94699,
0.4384821653366089,75,94749,
0.4750252366065979,75,94799,
,75,94847,0.7201833128929138
0.4428556561470032,76,94849,
0.38337236642837524,76,94899,
0.4582666754722595,76,94949,
0.45468658208847046,76,94999,
0.5252867937088013,76,95049,
0.40828579664230347,76,95099,
0.4102109670639038,76,95149,
0.38124072551727295,76,95199,
0.4177629351615906,76,95249,
0.37024325132369995,76,95299,
0.3751193881034851,76,95349,
0.43482351303100586,76,95399,
0.47273606061935425,76,95449,
0.35022687911987305,76,95499,
0.3103541135787964,76,95549,
0.685542106628418,76,95599,
0.3850725293159485,76,95649,
0.4556657075881958,76,95699,
0.4982116222381592,76,95749,
0.2728986144065857,76,95799,
0.5119657516479492,76,95849,
0.5367432832717896,76,95899,
0.35091090202331543,76,95949,
0.24104857444763184,76,95999,
0.4161641001701355,76,96049,
,76,96095,0.7212533950805664
0.3086812496185303,77,96099,
0.3794407248497009,77,96149,
0.5328212976455688,77,96199,
0.32221055030822754,77,96249,
0.4138110280036926,77,96299,
0.3712483048439026,77,96349,
0.3959330916404724,77,96399,
0.3371765613555908,77,96449,
0.5663399696350098,77,96499,
0.3578155040740967,77,96549,
0.32324790954589844,77,96599,
0.3420114517211914,77,96649,
0.43049782514572144,77,96699,
0.315715491771698,77,96749,
0.32035815715789795,77,96799,
0.6891159415245056,77,96849,
0.3983127474784851,77,96899,
0.3642274737358093,77,96949,
0.40600866079330444,77,96999,
0.5082077383995056,77,97049,
0.4649232029914856,77,97099,
0.5424044728279114,77,97149,
0.3323618769645691,77,97199,
0.5100976228713989,77,97249,
0.32698380947113037,77,97299,
,77,97343,0.7167341113090515
0.5019415616989136,78,97349,
0.31958848237991333,78,97399,
0.3438694477081299,78,97449,
0.41414618492126465,78,97499,
0.4072459936141968,78,97549,
0.2955421805381775,78,97599,
0.3159602880477905,78,97649,
0.3366451859474182,78,97699,
0.3158422112464905,78,97749,
0.3891640901565552,78,97799,
0.394442081451416,78,97849,
0.3430439829826355,78,97899,
0.3733241558074951,78,97949,
0.23461949825286865,78,97999,
0.5285360217094421,78,98049,
0.4526023864746094,78,98099,
0.5343750715255737,78,98149,
0.27133214473724365,78,98199,
0.3869343400001526,78,98249,
0.40986526012420654,78,98299,
0.2848149538040161,78,98349,
0.44067198038101196,78,98399,
0.359805166721344,78,98449,
0.36313778162002563,78,98499,
0.42847704887390137,78,98549,
,78,98591,0.7164194583892822
0.34416383504867554,79,98599,
0.34361374378204346,79,98649,
0.3642970323562622,79,98699,
0.39924436807632446,79,98749,
0.3974153995513916,79,98799,
0.4067295789718628,79,98849,
0.3598635196685791,79,98899,
0.2554844617843628,79,98949,
0.44450312852859497,79,98999,
0.381317138671875,79,99049,
0.4999368190765381,79,99099,
0.2894604206085205,79,99149,
0.39763838052749634,79,99199,
0.29136592149734497,79,99249,
0.39354801177978516,79,99299,
0.4522365927696228,79,99349,
0.41631656885147095,79,99399,
0.37720030546188354,79,99449,
0.363361120223999,79,99499,
0.34899359941482544,79,99549,
0.5053150653839111,79,99599,
0.4190599322319031,79,99649,
0.36797547340393066,79,99699,
0.33458536863327026,79,99749,
0.280520498752594,79,99799,
,79,99839,0.7150410413742065
0.4254923462867737,80,99849,
0.3912648558616638,80,99899,
0.39926230907440186,80,99949,
0.2704746723175049,80,99999,
0.28155046701431274,80,100049,
0.4315629005432129,80,100099,
0.2558128833770752,80,100149,
0.4113103151321411,80,100199,
0.40745043754577637,80,100249,
0.4652085304260254,80,100299,
0.29719579219818115,80,100349,
0.32443076372146606,80,100399,
0.533709704875946,80,100449,
0.35492128133773804,80,100499,
0.5505102276802063,80,100549,
0.4482874870300293,80,100599,
0.49296849966049194,80,100649,
0.6530505418777466,80,100699,
0.4346962571144104,80,100749,
0.5020653009414673,80,100799,
0.36732250452041626,80,100849,
0.28570443391799927,80,100899,
0.43789970874786377,80,100949,
0.37951934337615967,80,100999,
0.3522171378135681,80,101049,
,80,101087,0.7145740985870361
0.520167887210846,81,101099,
0.2685937285423279,81,101149,
0.39381396770477295,81,101199,
0.533440113067627,81,101249,
0.31251490116119385,81,101299,
0.507849931716919,81,101349,
0.4893500804901123,81,101399,
0.3228533864021301,81,101449,
0.31676751375198364,81,101499,
0.2655763626098633,81,101549,
0.25396472215652466,81,101599,
0.3290490508079529,81,101649,
0.31493592262268066,81,101699,
0.5906732082366943,81,101749,
0.5215393304824829,81,101799,
0.4341598153114319,81,101849,
0.5337087512016296,81,101899,
0.36312347650527954,81,101949,
0.5329501032829285,81,101999,
0.39808738231658936,81,102049,
0.36725419759750366,81,102099,
0.3727414608001709,81,102149,
0.30261749029159546,81,102199,
0.44836604595184326,81,102249,
0.6274102330207825,81,102299,
,81,102335,0.7148411273956299
0.3712915778160095,82,102349,
0.3020508885383606,82,102399,
0.5013487339019775,82,102449,
0.4250391721725464,82,102499,
0.2988625764846802,82,102549,
0.21969139575958252,82,102599,
0.36902475357055664,82,102649,
0.3516387939453125,82,102699,
0.4031383991241455,82,102749,
0.5781311988830566,82,102799,
0.24514740705490112,82,102849,
0.2090429663658142,82,102899,
0.428192138671875,82,102949,
0.4026992917060852,82,102999,
0.3369070291519165,82,103049,
0.5429317951202393,82,103099,
0.3517158627510071,82,103149,
0.3902049660682678,82,103199,
0.37315934896469116,82,103249,
0.37524062395095825,82,103299,
0.5540239214897156,82,103349,
0.3537081480026245,82,103399,
0.35472244024276733,82,103449,
0.4123874306678772,82,103499,
0.3885197639465332,82,103549,
,82,103583,0.7039174437522888
0.42938971519470215,83,103599,
0.3467921018600464,83,103649,
0.5946876406669617,83,103699,
0.46170949935913086,83,103749,
0.42534852027893066,83,103799,
0.3756735920906067,83,103849,
0.3402949571609497,83,103899,
0.33539342880249023,83,103949,
0.39069753885269165,83,103999,
0.38164758682250977,83,104049,
0.23823273181915283,83,104099,
0.3861004114151001,83,104149,
0.29725325107574463,83,104199,
0.23685389757156372,83,104249,
0.30189257860183716,83,104299,
0.33321791887283325,83,104349,
0.39493048191070557,83,104399,
0.4526146650314331,83,104449,
0.4290861487388611,83,104499,
0.36974018812179565,83,104549,
0.40473228693008423,83,104599,
0.4014440178871155,83,104649,
0.38704627752304077,83,104699,
0.2627779245376587,83,104749,
0.5170727968215942,83,104799,
,83,104831,0.7091559171676636
0.39874327182769775,84,104849,
0.20138436555862427,84,104899,
0.48123979568481445,84,104949,
0.3033748269081116,84,104999,
0.3344203233718872,84,105049,
0.28519123792648315,84,105099,
0.393770694732666,84,105149,
0.3367685079574585,84,105199,
0.46534740924835205,84,105249,
0.25068342685699463,84,105299,
0.5670450329780579,84,105349,
0.27357685565948486,84,105399,
0.3866569995880127,84,105449,
0.4788711667060852,84,105499,
0.530975878238678,84,105549,
0.5726528763771057,84,105599,
0.4087905287742615,84,105649,
0.4402505159378052,84,105699,
0.685291051864624,84,105749,
0.3143726587295532,84,105799,
0.29302459955215454,84,105849,
0.484493613243103,84,105899,
0.5308182835578918,84,105949,
0.43213820457458496,84,105999,
0.5530982613563538,84,106049,
,84,106079,0.7004205584526062
0.3382606506347656,85,106099,
0.3633420467376709,85,106149,
0.26425880193710327,85,106199,
0.4366198778152466,85,106249,
0.42561089992523193,85,106299,
0.23660391569137573,85,106349,
0.47826576232910156,85,106399,
0.41024500131607056,85,106449,
0.28712010383605957,85,106499,
0.3222949504852295,85,106549,
0.4803324341773987,85,106599,
0.3909785747528076,85,106649,
0.34470516443252563,85,106699,
0.5119783878326416,85,106749,
0.40542715787887573,85,106799,
0.5579711198806763,85,106849,
0.3427327871322632,85,106899,
0.3659602999687195,85,106949,
0.5618431568145752,85,106999,
0.3867737650871277,85,107049,
0.45085614919662476,85,107099,
0.35658854246139526,85,107149,
0.31623756885528564,85,107199,
0.2422894835472107,85,107249,
0.3775004744529724,85,107299,
,85,107327,0.7078015804290771
0.20266824960708618,86,107349,
0.4182271361351013,86,107399,
0.406644344329834,86,107449,
0.33599334955215454,86,107499,
0.1993466019630432,86,107549,
0.26195013523101807,86,107599,
0.5599610805511475,86,107649,
0.3229908347129822,86,107699,
0.34266769886016846,86,107749,
0.2772647738456726,86,107799,
0.4836069941520691,86,107849,
0.34340161085128784,86,107899,
0.3398835062980652,86,107949,
0.2722012996673584,86,107999,
0.3671361207962036,86,108049,
0.558182954788208,86,108099,
0.20211517810821533,86,108149,
0.4533681869506836,86,108199,
0.546720027923584,86,108249,
0.24288833141326904,86,108299,
0.3592213988304138,86,108349,
0.5677734613418579,86,108399,
0.27540963888168335,86,108449,
0.23695361614227295,86,108499,
0.34226447343826294,86,108549,
,86,108575,0.7173415422439575
0.40508943796157837,87,108599,
0.4224322438240051,87,108649,
0.36265021562576294,87,108699,
0.4287247061729431,87,108749,
0.2700973153114319,87,108799,
0.4090607166290283,87,108849,
0.3171433210372925,87,108899,
0.5882633924484253,87,108949,
0.3720645308494568,87,108999,
0.2644440531730652,87,109049,
0.5429046750068665,87,109099,
0.3386281132698059,87,109149,
0.4898974895477295,87,109199,
0.17304283380508423,87,109249,
0.43886232376098633,87,109299,
0.2556490898132324,87,109349,
0.3263741731643677,87,109399,
0.5136005878448486,87,109449,
0.24270182847976685,87,109499,
0.22121816873550415,87,109549,
0.5594436526298523,87,109599,
0.35698211193084717,87,109649,
0.3359111547470093,87,109699,
0.3213818669319153,87,109749,
0.35651856660842896,87,109799,
,87,109823,0.7003652453422546
0.3965144157409668,88,109849,
0.45330810546875,88,109899,
0.40988612174987793,88,109949,
0.31699424982070923,88,109999,
0.3838549852371216,88,110049,
0.25461357831954956,88,110099,
0.29743629693984985,88,110149,
0.4849355220794678,88,110199,
0.4041803479194641,88,110249,
0.6245518922805786,88,110299,
0.40083205699920654,88,110349,
0.4284976124763489,88,110399,
0.5058448314666748,88,110449,
0.2534911036491394,88,110499,
0.5487706065177917,88,110549,
0.33542364835739136,88,110599,
0.34004849195480347,88,110649,
0.3516687750816345,88,110699,
0.4004356265068054,88,110749,
0.32839488983154297,88,110799,
0.39077508449554443,88,110849,
0.29459935426712036,88,110899,
0.2814510464668274,88,110949,
0.3348366618156433,88,110999,
0.2254931926727295,88,111049,
,88,111071,0.7007383704185486
0.4671388864517212,89,111099,
0.4371955394744873,89,111149,
0.28788208961486816,89,111199,
0.23717230558395386,89,111249,
0.4429629445075989,89,111299,
0.26666855812072754,89,111349,
0.26973408460617065,89,111399,
0.3071913719177246,89,111449,
0.404710054397583,89,111499,
0.26210522651672363,89,111549,
0.1969599723815918,89,111599,
0.37779706716537476,89,111649,
0.24901318550109863,89,111699,
0.393865168094635,89,111749,
0.24197524785995483,89,111799,
0.3081488609313965,89,111849,
0.28822553157806396,89,111899,
0.3406487703323364,89,111949,
0.5437326431274414,89,111999,
0.42966562509536743,89,112049,
0.413438618183136,89,112099,
0.4035062789916992,89,112149,
0.24478495121002197,89,112199,
0.20766407251358032,89,112249,
0.2865711450576782,89,112299,
,89,112319,0.6928529143333435
0.4173630475997925,90,112349,
0.4139953851699829,90,112399,
0.32094860076904297,90,112449,
0.4116644859313965,90,112499,
0.36727046966552734,90,112549,
0.4200543761253357,90,112599,
0.2532687187194824,90,112649,
0.3008062243461609,90,112699,
0.3238182067871094,90,112749,
0.45255523920059204,90,112799,
0.285811185836792,90,112849,
0.3064936399459839,90,112899,
0.2699076533317566,90,112949,
0.2506381869316101,90,112999,
0.4857654571533203,90,113049,
0.6006819009780884,90,113099,
0.35698091983795166,90,113149,
0.5713405609130859,90,113199,
0.46834099292755127,90,113249,
0.3372578024864197,90,113299,
0.3606249690055847,90,113349,
0.36326372623443604,90,113399,
0.25029635429382324,90,113449,
0.4858993887901306,90,113499,
0.31816911697387695,90,113549,
,90,113567,0.703315019607544
0.353082537651062,91,113599,
0.3137761950492859,91,113649,
0.4025752544403076,91,113699,
0.3269900679588318,91,113749,
0.4971316456794739,91,113799,
0.25027740001678467,91,113849,
0.44274091720581055,91,113899,
0.24959737062454224,91,113949,
0.3176947236061096,91,113999,
0.2569478750228882,91,114049,
0.2672742009162903,91,114099,
0.37868839502334595,91,114149,
0.23147141933441162,91,114199,
0.38546276092529297,91,114249,
0.4210028648376465,91,114299,
0.4304282069206238,91,114349,
0.321777880191803,91,114399,
0.26061421632766724,91,114449,
0.20450764894485474,91,114499,
0.3622169494628906,91,114549,
0.5151380300521851,91,114599,
0.37011414766311646,91,114649,
0.5585784912109375,91,114699,
0.38089972734451294,91,114749,
0.297262966632843,91,114799,
,91,114815,0.7072784304618835
0.24115484952926636,92,114849,
0.3099924921989441,92,114899,
0.4433746337890625,92,114949,
0.4073251485824585,92,114999,
0.36757373809814453,92,115049,
0.3540847897529602,92,115099,
0.297752320766449,92,115149,
0.18038731813430786,92,115199,
0.19975143671035767,92,115249,
0.34185969829559326,92,115299,
0.2684341073036194,92,115349,
0.45773762464523315,92,115399,
0.45328831672668457,92,115449,
0.304502010345459,92,115499,
0.2202669382095337,92,115549,
0.2115858793258667,92,115599,
0.3705446720123291,92,115649,
0.3498692512512207,92,115699,
0.44535398483276367,92,115749,
0.28385668992996216,92,115799,
0.267892062664032,92,115849,
0.3866797685623169,92,115899,
0.5106886625289917,92,115949,
0.24121689796447754,92,115999,
0.3430725932121277,92,116049,
,92,116063,0.7000164985656738
0.322454035282135,93,116099,
0.37887006998062134,93,116149,
0.28027552366256714,93,116199,
0.3129962086677551,93,116249,
0.13134831190109253,93,116299,
0.33898359537124634,93,116349,
0.48141634464263916,93,116399,
0.374617338180542,93,116449,
0.3800307512283325,93,116499,
0.3899722099304199,93,116549,
0.3852093815803528,93,116599,
0.35642009973526,93,116649,
0.4523776173591614,93,116699,
0.2848147749900818,93,116749,
0.336114764213562,93,116799,
0.43070298433303833,93,116849,
0.3630051016807556,93,116899,
0.495527446269989,93,116949,
0.48894113302230835,93,116999,
0.28777337074279785,93,117049,
0.2516212463378906,93,117099,
0.42285650968551636,93,117149,
0.42701321840286255,93,117199,
0.35684168338775635,93,117249,
0.14903920888900757,93,117299,
,93,117311,0.701076090335846
0.20056074857711792,94,117349,
0.25989019870758057,94,117399,
0.25614500045776367,94,117449,
0.4296160936355591,94,117499,
0.28902924060821533,94,117549,
0.3531375527381897,94,117599,
0.38797444105148315,94,117649,
0.27605873346328735,94,117699,
0.3417752981185913,94,117749,
0.22927671670913696,94,117799,
0.29117023944854736,94,117849,
0.525632381439209,94,117899,
0.24517059326171875,94,117949,
0.38346678018569946,94,117999,
0.39598727226257324,94,118049,
0.22010040283203125,94,118099,
0.3036454916000366,94,118149,
0.28604596853256226,94,118199,
0.3115890622138977,94,118249,
0.44648295640945435,94,118299,
0.39226460456848145,94,118349,
0.35121017694473267,94,118399,
0.2781025171279907,94,118449,
0.20992892980575562,94,118499,
0.3337710499763489,94,118549,
,94,118559,0.6951989531517029
0.3440157175064087,95,118599,
0.3056614398956299,95,118649,
0.17096900939941406,95,118699,
0.31298828125,95,118749,
0.4813198447227478,95,118799,
0.4869415760040283,95,118849,
0.3812788724899292,95,118899,
0.29107236862182617,95,118949,
0.3909519910812378,95,118999,
0.31863170862197876,95,119049,
0.6004338264465332,95,119099,
0.4036136269569397,95,119149,
0.42286205291748047,95,119199,
0.47912997007369995,95,119249,
0.4608449935913086,95,119299,
0.49382680654525757,95,119349,
0.2900471091270447,95,119399,
0.34726858139038086,95,119449,
0.37890470027923584,95,119499,
0.21742069721221924,95,119549,
0.39854657649993896,95,119599,
0.30012911558151245,95,119649,
0.3901037573814392,95,119699,
0.33619147539138794,95,119749,
0.3804243206977844,95,119799,
,95,119807,0.6989096999168396
0.3798174262046814,96,119849,
0.4531152844429016,96,119899,
0.3380609154701233,96,119949,
0.37571990489959717,96,119999,
0.35113954544067383,96,120049,
0.4147486090660095,96,120099,
0.3146629333496094,96,120149,
0.3657633066177368,96,120199,
0.37025415897369385,96,120249,
0.2702929377555847,96,120299,
0.2741154432296753,96,120349,
0.3582962155342102,96,120399,
0.39741188287734985,96,120449,
0.29959481954574585,96,120499,
0.264370322227478,96,120549,
0.2903568744659424,96,120599,
0.35854554176330566,96,120649,
0.28778910636901855,96,120699,
0.3164547085762024,96,120749,
0.344474196434021,96,120799,
0.31148457527160645,96,120849,
0.42935603857040405,96,120899,
0.2782081961631775,96,120949,
0.4261358976364136,96,120999,
0.3586142659187317,96,121049,
,96,121055,0.6917837262153625
0.576768696308136,97,121099,
0.48250091075897217,97,121149,
0.33528751134872437,97,121199,
0.24413341283798218,97,121249,
0.3095870018005371,97,121299,
0.1773054599761963,97,121349,
0.31253302097320557,97,121399,
0.15985047817230225,97,121449,
0.3554060459136963,97,121499,
0.3970169425010681,97,121549,
0.4002809524536133,97,121599,
0.2792395353317261,97,121649,
0.37554216384887695,97,121699,
0.3152455687522888,97,121749,
0.39418894052505493,97,121799,
0.3196815252304077,97,121849,
0.2153194546699524,97,121899,
0.3114383816719055,97,121949,
0.24873346090316772,97,121999,
0.4056802988052368,97,122049,
0.3225133419036865,97,122099,
0.4918091297149658,97,122149,
0.3254483938217163,97,122199,
0.3787078261375427,97,122249,
0.5391460061073303,97,122299,
,97,122303,0.6956629157066345
0.2989201545715332,98,122349,
0.17062562704086304,98,122399,
0.28953975439071655,98,122449,
0.28576672077178955,98,122499,
0.3459060788154602,98,122549,
0.39486896991729736,98,122599,
0.3815063238143921,98,122649,
0.34241241216659546,98,122699,
0.1683785319328308,98,122749,
0.234788715839386,98,122799,
0.34597575664520264,98,122849,
0.2943724989891052,98,122899,
0.45281982421875,98,122949,
0.19523638486862183,98,122999,
0.28026169538497925,98,123049,
0.41091132164001465,98,123099,
0.3044593334197998,98,123149,
0.2954038381576538,98,123199,
0.5223761200904846,98,123249,
0.3344498872756958,98,123299,
0.30999821424484253,98,123349,
0.32917386293411255,98,123399,
0.3513253331184387,98,123449,
0.6424056887626648,98,123499,
0.3042352795600891,98,123549,
,98,123551,0.6928138136863708
0.5481288433074951,99,123599,
0.29285579919815063,99,123649,
0.34754031896591187,99,123699,
0.32545387744903564,99,123749,
0.49916642904281616,99,123799,
0.15615099668502808,99,123849,
0.32218343019485474,99,123899,
0.28004294633865356,99,123949,
0.2157900333404541,99,123999,
0.42405951023101807,99,124049,
0.23484373092651367,99,124099,
0.44756489992141724,99,124149,
0.22106552124023438,99,124199,
0.3411076068878174,99,124249,
0.29979968070983887,99,124299,
0.15944010019302368,99,124349,
0.2589828372001648,99,124399,
0.49802446365356445,99,124449,
0.38367533683776855,99,124499,
0.36909574270248413,99,124549,
0.32044875621795654,99,124599,
0.3997689485549927,99,124649,
0.2599138617515564,99,124699,
0.2737255096435547,99,124749,
0.25606197118759155,99,124799,
,99,124799,0.6978300213813782
0.3041267395019531,100,124849,
0.2510570287704468,100,124899,
0.3723134398460388,100,124949,
0.3276858329772949,100,124999,
0.42128586769104004,100,125049,
0.37399107217788696,100,125099,
0.2112412452697754,100,125149,
0.35846734046936035,100,125199,
0.20978069305419922,100,125249,
0.42143356800079346,100,125299,
0.1756637692451477,100,125349,
0.6427528262138367,100,125399,
0.6947202682495117,100,125449,
0.41801249980926514,100,125499,
0.5152468681335449,100,125549,
0.36631327867507935,100,125599,
0.24060386419296265,100,125649,
0.2638220191001892,100,125699,
0.28181523084640503,100,125749,
0.6358417272567749,100,125799,
0.4153546094894409,100,125849,
0.45466917753219604,100,125899,
0.21192389726638794,100,125949,
0.5268895626068115,100,125999,
,100,126047,0.7027230262756348
0.4031715393066406,101,126049,
0.28565382957458496,101,126099,
0.2515391707420349,101,126149,
0.19374901056289673,101,126199,
0.4009307026863098,101,126249,
0.32444483041763306,101,126299,
0.37573087215423584,101,126349,
0.3425508141517639,101,126399,
0.35074424743652344,101,126449,
0.3669974207878113,101,126499,
0.303802490234375,101,126549,
0.3547629117965698,101,126599,
0.3740643262863159,101,126649,
0.40509337186813354,101,126699,
0.3062642812728882,101,126749,
0.2632504105567932,101,126799,
0.26802921295166016,101,126849,
0.4595535397529602,101,126899,
0.49350792169570923,101,126949,
0.3226892948150635,101,126999,
0.4423642158508301,101,127049,
0.43843626976013184,101,127099,
0.362934947013855,101,127149,
0.2700462341308594,101,127199,
0.28153371810913086,101,127249,
,101,127295,0.6898833513259888
0.1912747621536255,102,127299,
0.2163686752319336,102,127349,
0.2742597460746765,102,127399,
0.23287194967269897,102,127449,
0.22860640287399292,102,127499,
0.4238312244415283,102,127549,
0.2836865186691284,102,127599,
0.23026227951049805,102,127649,
0.22923123836517334,102,127699,
0.33698850870132446,102,127749,
0.2548877000808716,102,127799,
0.3003215193748474,102,127849,
0.3675336241722107,102,127899,
0.41722285747528076,102,127949,
0.3475567698478699,102,127999,
0.344759464263916,102,128049,
0.3116920590400696,102,128099,
0.4078626036643982,102,128149,
0.3000035881996155,102,128199,
0.4616616368293762,102,128249,
0.3051157593727112,102,128299,
0.29675960540771484,102,128349,
0.31261783838272095,102,128399,
0.18985599279403687,102,128449,
0.21858948469161987,102,128499,
,102,128543,0.6931200623512268
0.3421921730041504,103,128549,
0.2962725758552551,103,128599,
0.2838436961174011,103,128649,
0.3896004557609558,103,128699,
0.3463958501815796,103,128749,
0.3440386652946472,103,128799,
0.3961745500564575,103,128849,
0.1350911259651184,103,128899,
0.4572267532348633,103,128949,
0.2414073944091797,103,128999,
0.26516902446746826,103,129049,
0.3117968440055847,103,129099,
0.4051581025123596,103,129149,
0.22622263431549072,103,129199,
0.3341450095176697,103,129249,
0.3953055739402771,103,129299,
0.38468629121780396,103,129349,
0.2195274829864502,103,129399,
0.2810431122779846,103,129449,
0.32110172510147095,103,129499,
0.3433985114097595,103,129549,
0.19792252779006958,103,129599,
0.2940635681152344,103,129649,
0.228016197681427,103,129699,
0.44844597578048706,103,129749,
,103,129791,0.6904114484786987
0.20635920763015747,104,129799,
0.29624974727630615,104,129849,
0.3382706046104431,104,129899,
0.3842875361442566,104,129949,
0.30590349435806274,104,129999,
0.2784550189971924,104,130049,
0.24997466802597046,104,130099,
0.2813522219657898,104,130149,
0.32242119312286377,104,130199,
0.398237943649292,104,130249,
0.3190349340438843,104,130299,
0.1306280493736267,104,130349,
0.28897368907928467,104,130399,
0.28696441650390625,104,130449,
0.2819153666496277,104,130499,
0.21937763690948486,104,130549,
0.2417675256729126,104,130599,
0.3045502305030823,104,130649,
0.3220231533050537,104,130699,
0.3109927773475647,104,130749,
0.16037708520889282,104,130799,
0.4723377227783203,104,130849,
0.299574077129364,104,130899,
0.2904546856880188,104,130949,
0.38157105445861816,104,130999,
,104,131039,0.6882011294364929
0.21448862552642822,105,131049,
0.2835686206817627,105,131099,
0.21721863746643066,105,131149,
0.17870664596557617,105,131199,
0.3786877989768982,105,131249,
0.36645424365997314,105,131299,
0.40906959772109985,105,131349,
0.2611773610115051,105,131399,
0.3674582242965698,105,131449,
0.3606553077697754,105,131499,
0.4122013449668884,105,131549,
0.35107600688934326,105,131599,
0.40670275688171387,105,131649,
0.3960322141647339,105,131699,
0.24132919311523438,105,131749,
0.29726237058639526,105,131799,
0.33079516887664795,105,131849,
0.25850367546081543,105,131899,
0.27397000789642334,105,131949,
0.25583136081695557,105,131999,
0.3526754379272461,105,132049,
0.2862449884414673,105,132099,
0.3423011898994446,105,132149,
0.20802009105682373,105,132199,
0.5488876104354858,105,132249,
,105,132287,0.6860530376434326
0.35914748907089233,106,132299,
0.2287691831588745,106,132349,
0.3970494866371155,106,132399,
0.2988593578338623,106,132449,
0.4012821912765503,106,132499,
0.4438748359680176,106,132549,
0.4256882667541504,106,132599,
0.38794243335723877,106,132649,
0.2860810160636902,106,132699,
0.4845840334892273,106,132749,
0.2681291103363037,106,132799,
0.25827449560165405,106,132849,
0.5784293413162231,106,132899,
0.30422478914260864,106,132949,
0.2734382748603821,106,132999,
0.346314013004303,106,133049,
0.3797873258590698,106,133099,
0.36037975549697876,106,133149,
0.2889444828033447,106,133199,
0.4110211730003357,106,133249,
0.41955435276031494,106,133299,
0.4899390935897827,106,133349,
0.19000959396362305,106,133399,
0.37290942668914795,106,133449,
0.2656511664390564,106,133499,
,106,133535,0.6883344054222107
0.1648206114768982,107,133549,
0.2559713125228882,107,133599,
0.40826117992401123,107,133649,
0.35961854457855225,107,133699,
0.347925066947937,107,133749,
0.2359071969985962,107,133799,
0.17900758981704712,107,133849,
0.2836293578147888,107,133899,
0.16343504190444946,107,133949,
0.34683072566986084,107,133999,
0.2649509310722351,107,134049,
0.3850811719894409,107,134099,
0.4045088291168213,107,134149,
0.30813562870025635,107,134199,
0.1649709939956665,107,134249,
0.29010701179504395,107,134299,
0.13817012310028076,107,134349,
0.32121890783309937,107,134399,
0.39516985416412354,107,134449,
0.3591344356536865,107,134499,
0.22636795043945312,107,134549,
0.37382614612579346,107,134599,
0.29722028970718384,107,134649,
0.3292018175125122,107,134699,
0.32566994428634644,107,134749,
,107,134783,0.6870632767677307
0.3215797543525696,108,134799,
0.2444821000099182,108,134849,
0.37904393672943115,108,134899,
0.23821347951889038,108,134949,
0.4794882535934448,108,134999,
0.26633507013320923,108,135049,
0.4734776020050049,108,135099,
0.2400052547454834,108,135149,
0.2734311819076538,108,135199,
0.3160827159881592,108,135249,
0.32891345024108887,108,135299,
0.32079046964645386,108,135349,
0.2512699365615845,108,135399,
0.22197699546813965,108,135449,
0.3684542775154114,108,135499,
0.5403324961662292,108,135549,
0.32353419065475464,108,135599,
0.29999786615371704,108,135649,
0.45722496509552,108,135699,
0.3322768211364746,108,135749,
0.19296276569366455,108,135799,
0.2885882258415222,108,135849,
0.4241044521331787,108,135899,
0.3079497218132019,108,135949,
0.3076810836791992,108,135999,
,108,136031,0.6858304738998413
0.5735958218574524,109,136049,
0.28231382369995117,109,136099,
0.21548891067504883,109,136149,
0.36918777227401733,109,136199,
0.33309173583984375,109,136249,
0.29765409231185913,109,136299,
0.3030164837837219,109,136349,
0.31033581495285034,109,136399,
0.31456637382507324,109,136449,
0.32178550958633423,109,136499,
0.20491117238998413,109,136549,
0.43066275119781494,109,136599,
0.3165518641471863,109,136649,
0.42351311445236206,109,136699,
0.34920811653137207,109,136749,
0.30460166931152344,109,136799,
0.2633112668991089,109,136849,
0.29536139965057373,109,136899,
0.4194777011871338,109,136949,
0.29194778203964233,109,136999,
0.2776501774787903,109,137049,
0.4444962739944458,109,137099,
0.4723990559577942,109,137149,
0.417366623878479,109,137199,
0.32824522256851196,109,137249,
,109,137279,0.7039155960083008
0.20886415243148804,110,137299,
0.22108769416809082,110,137349,
0.2963535785675049,110,137399,
0.23801279067993164,110,137449,
0.2425031065940857,110,137499,
0.3150980472564697,110,137549,
0.18538105487823486,110,137599,
0.4240029454231262,110,137649,
0.22766292095184326,110,137699,
0.30635589361190796,110,137749,
0.31114721298217773,110,137799,
0.21031874418258667,110,137849,
0.3266986608505249,110,137899,
0.31018954515457153,110,137949,
0.28376781940460205,110,137999,
0.2647221088409424,110,138049,
0.34334224462509155,110,138099,
0.20581728219985962,110,138149,
0.3721606135368347,110,138199,
0.2439609169960022,110,138249,
0.4272848963737488,110,138299,
0.19563382863998413,110,138349,
0.35711967945098877,110,138399,
0.3340376615524292,110,138449,
0.2578514814376831,110,138499,
,110,138527,0.6940504908561707
0.36067116260528564,111,138549,
0.31999897956848145,111,138599,
0.39031141996383667,111,138649,
0.2302984595298767,111,138699,
0.5729842782020569,111,138749,
0.3211774230003357,111,138799,
0.42503345012664795,111,138849,
0.18759363889694214,111,138899,
0.21220362186431885,111,138949,
0.3758477568626404,111,138999,
0.3963611125946045,111,139049,
0.22195369005203247,111,139099,
0.3812333345413208,111,139149,
0.40421295166015625,111,139199,
0.1208530068397522,111,139249,
0.28582531213760376,111,139299,
0.2450544834136963,111,139349,
0.2626628279685974,111,139399,
0.2986559271812439,111,139449,
0.3220641016960144,111,139499,
0.3973606824874878,111,139549,
0.18591386079788208,111,139599,
0.31006306409835815,111,139649,
0.40958279371261597,111,139699,
0.34453243017196655,111,139749,
,111,139775,0.6887713074684143
0.20016157627105713,112,139799,
0.42299968004226685,112,139849,
0.42775464057922363,112,139899,
0.21466457843780518,112,139949,
0.258698046207428,112,139999,
0.25425606966018677,112,140049,
0.1582292914390564,112,140099,
0.27489709854125977,112,140149,
0.22183167934417725,112,140199,
0.2725558280944824,112,140249,
0.20850545167922974,112,140299,
0.2276877760887146,112,140349,
0.2386164665222168,112,140399,
0.24395877122879028,112,140449,
0.3199859857559204,112,140499,
0.26507121324539185,112,140549,
0.3543809652328491,112,140599,
0.15382355451583862,112,140649,
0.374980628490448,112,140699,
0.20413416624069214,112,140749,
0.31106674671173096,112,140799,
0.27475619316101074,112,140849,
0.29876798391342163,112,140899,
0.22752666473388672,112,140949,
0.22352540493011475,112,140999,
,112,141023,0.6885387897491455
0.23779314756393433,113,141049,
0.3624228835105896,113,141099,
0.26249825954437256,113,141149,
0.2508127689361572,113,141199,
0.17540496587753296,113,141249,
0.4088420271873474,113,141299,
0.17804110050201416,113,141349,
0.4653289318084717,113,141399,
0.1569209098815918,113,141449,
0.2506150007247925,113,141499,
0.35425037145614624,113,141549,
0.35860276222229004,113,141599,
0.38820838928222656,113,141649,
0.2504006624221802,113,141699,
0.2764008045196533,113,141749,
0.4907984733581543,113,141799,
0.27141594886779785,113,141849,
0.39763593673706055,113,141899,
0.21949005126953125,113,141949,
0.36482131481170654,113,141999,
0.29751056432724,113,142049,
0.30548059940338135,113,142099,
0.14934003353118896,113,142149,
0.2861722707748413,113,142199,
0.3428727984428406,113,142249,
,113,142271,0.6916768550872803
0.233545184135437,114,142299,
0.40540724992752075,114,142349,
0.18889182806015015,114,142399,
0.32558584213256836,114,142449,
0.4025830030441284,114,142499,
0.27292007207870483,114,142549,
0.5443369150161743,114,142599,
0.48126447200775146,114,142649,
0.4787941575050354,114,142699,
0.35814422369003296,114,142749,
0.33347469568252563,114,142799,
0.31165218353271484,114,142849,
0.25724297761917114,114,142899,
0.2341538667678833,114,142949,
0.2523932456970215,114,142999,
0.2414642572402954,114,143049,
0.5613477230072021,114,143099,
0.25830161571502686,114,143149,
0.3959554433822632,114,143199,
0.3963659405708313,114,143249,
0.4442403316497803,114,143299,
0.34216320514678955,114,143349,
0.26356422901153564,114,143399,
0.32599496841430664,114,143449,
0.249059796333313,114,143499,
,114,143519,0.6856615543365479
0.36121100187301636,115,143549,
0.20197588205337524,115,143599,
0.38228094577789307,115,143649,
0.22271579504013062,115,143699,
0.22577589750289917,115,143749,
0.3585944175720215,115,143799,
0.303439199924469,115,143849,
0.3081483840942383,115,143899,
0.2736377716064453,115,143949,
0.32233595848083496,115,143999,
0.19295495748519897,115,144049,
0.4345627427101135,115,144099,
0.4149726629257202,115,144149,
0.17248332500457764,115,144199,
0.2994807958602905,115,144249,
0.3544796109199524,115,144299,
0.4185602068901062,115,144349,
0.33650773763656616,115,144399,
0.41344153881073,115,144449,
0.4134683609008789,115,144499,
0.19564926624298096,115,144549,
0.2192612886428833,115,144599,
0.2552531361579895,115,144649,
0.2878209948539734,115,144699,
0.2370976209640503,115,144749,
,115,144767,0.6791965365409851
0.18466347455978394,116,144799,
0.4467339515686035,116,144849,
0.18117886781692505,116,144899,
0.28719276189804077,116,144949,
0.2272244691848755,116,144999,
0.23601549863815308,116,145049,
0.29946982860565186,116,145099,
0.2442346215248108,116,145149,
0.20912158489227295,116,145199,
0.21145594120025635,116,145249,
0.21248143911361694,116,145299,
0.3219181299209595,116,145349,
0.13317853212356567,116,145399,
0.19174069166183472,116,145449,
0.42984098196029663,116,145499,
0.29668962955474854,116,145549,
0.4494985342025757,116,145599,
0.49173223972320557,116,145649,
0.37225252389907837,116,145699,
0.2102927565574646,116,145749,
0.4178629517555237,116,145799,
0.29602235555648804,116,145849,
0.35266584157943726,116,145899,
0.20584434270858765,116,145949,
0.3659778833389282,116,145999,
,116,146015,0.6843557357788086
0.25013941526412964,117,146049,
0.39274561405181885,117,146099,
0.26072847843170166,117,146149,
0.35007262229919434,117,146199,
0.48291289806365967,117,146249,
0.29725849628448486,117,146299,
0.2770041823387146,117,146349,
0.10720622539520264,117,146399,
0.17545586824417114,117,146449,
0.305255651473999,117,146499,
0.1863623857498169,117,146549,
0.24708980321884155,117,146599,
0.20252269506454468,117,146649,
0.39200031757354736,117,146699,
0.40181899070739746,117,146749,
0.2511499524116516,117,146799,
0.2009461522102356,117,146849,
0.184112548828125,117,146899,
0.2005465030670166,117,146949,
0.2610994577407837,117,146999,
0.29315030574798584,117,147049,
0.45587003231048584,117,147099,
0.45670050382614136,117,147149,
0.30022597312927246,117,147199,
0.17845416069030762,117,147249,
,117,147263,0.6781229376792908
0.42210549116134644,118,147299,
0.2528805136680603,118,147349,
0.14317619800567627,118,147399,
0.28371185064315796,118,147449,
0.14267849922180176,118,147499,
0.34660428762435913,118,147549,
0.3024395704269409,118,147599,
0.3718196153640747,118,147649,
0.3361700773239136,118,147699,
0.3482336401939392,118,147749,
0.23451179265975952,118,147799,
0.3323315978050232,118,147849,
0.39694881439208984,118,147899,
0.2656702399253845,118,147949,
0.2840341329574585,118,147999,
0.2787240147590637,118,148049,
0.339883029460907,118,148099,
0.44775456190109253,118,148149,
0.30312520265579224,118,148199,
0.1394992470741272,118,148249,
0.18353497982025146,118,148299,
0.37958890199661255,118,148349,
0.3897302746772766,118,148399,
0.2848888039588928,118,148449,
0.2492428421974182,118,148499,
,118,148511,0.7015509009361267
0.35969316959381104,119,148549,
0.193878173828125,119,148599,
0.21676254272460938,119,148649,
0.15892112255096436,119,148699,
0.172399640083313,119,148749,
0.3131246566772461,119,148799,
0.3143259286880493,119,148849,
0.2272091507911682,119,148899,
0.2513124942779541,119,148949,
0.14919596910476685,119,148999,
0.33635497093200684,119,149049,
0.16367757320404053,119,149099,
0.27109038829803467,119,149149,
0.2528550624847412,119,149199,
0.31761986017227173,119,149249,
0.22984832525253296,119,149299,
0.19613981246948242,119,149349,
0.3154369592666626,119,149399,
0.3613458275794983,119,149449,
0.2909631133079529,119,149499,
0.13699710369110107,119,149549,
0.3683021664619446,119,149599,
0.23263972997665405,119,149649,
0.2760348320007324,119,149699,
0.47942841053009033,119,149749,
,119,149759,0.6805455684661865
0.19578945636749268,120,149799,
0.2537928819656372,120,149849,
0.24733704328536987,120,149899,
0.278483510017395,120,149949,
0.3252195119857788,120,149999,
0.3192180395126343,120,150049,
0.3342960476875305,120,150099,
0.15641534328460693,120,150149,
0.20369774103164673,120,150199,
0.3683047890663147,120,150249,
0.26645147800445557,120,150299,
0.2039930820465088,120,150349,
0.3240395188331604,120,150399,
0.18017876148223877,120,150449,
0.3908352851867676,120,150499,
0.2325117588043213,120,150549,
0.3146994113922119,120,150599,
0.13611555099487305,120,150649,
0.19903886318206787,120,150699,
0.15057706832885742,120,150749,
0.3283007740974426,120,150799,
0.16517120599746704,120,150849,
0.21769505739212036,120,150899,
0.3634117841720581,120,150949,
0.31714171171188354,120,150999,
,120,151007,0.6816166639328003
0.4479437470436096,121,151049,
0.27154576778411865,121,151099,
0.16892576217651367,121,151149,
0.2618265748023987,121,151199,
0.16595590114593506,121,151249,
0.15886616706848145,121,151299,
0.35753488540649414,121,151349,
0.23894131183624268,121,151399,
0.32777565717697144,121,151449,
0.22739875316619873,121,151499,
0.2840951085090637,121,151549,
0.46231287717819214,121,151599,
0.2058171033859253,121,151649,
0.3008270859718323,121,151699,
0.32634854316711426,121,151749,
0.2731611728668213,121,151799,
0.41222715377807617,121,151849,
0.22920119762420654,121,151899,
0.3114718794822693,121,151949,
0.41555720567703247,121,151999,
0.29486793279647827,121,152049,
0.27184343338012695,121,152099,
0.21357685327529907,121,152149,
0.3206779956817627,121,152199,
0.1865839958190918,121,152249,
,121,152255,0.6884527802467346
0.25384521484375,122,152299,
0.4280022978782654,122,152349,
0.37336039543151855,122,152399,
0.11457645893096924,122,152449,
0.31758153438568115,122,152499,
0.2828553318977356,122,152549,
0.2302846908569336,122,152599,
0.35407018661499023,122,152649,
0.3068618178367615,122,152699,
0.19194763898849487,122,152749,
0.2925122380256653,122,152799,
0.3290892243385315,122,152849,
0.39740049839019775,122,152899,
0.27334100008010864,122,152949,
0.20301896333694458,122,152999,
0.24943619966506958,122,153049,
0.5022211074829102,122,153099,
0.34281057119369507,122,153149,
0.2635306119918823,122,153199,
0.1854535937309265,122,153249,
0.2540123462677002,122,153299,
0.46406567096710205,122,153349,
0.4115467667579651,122,153399,
0.2321394681930542,122,153449,
0.2248150110244751,122,153499,
,122,153503,0.6850653290748596
0.14879357814788818,123,153549,
0.19369173049926758,123,153599,
0.22945189476013184,123,153649,
0.46113890409469604,123,153699,
0.21983301639556885,123,153749,
0.2046109437942505,123,153799,
0.31233346462249756,123,153849,
0.4653797149658203,123,153899,
0.18352115154266357,123,153949,
0.19711625576019287,123,153999,
0.34522151947021484,123,154049,
0.3284936547279358,123,154099,
0.2545212507247925,123,154149,
0.5108733773231506,123,154199,
0.2955853343009949,123,154249,
0.24469107389450073,123,154299,
0.16443222761154175,123,154349,
0.36217671632766724,123,154399,
0.37318718433380127,123,154449,
0.1855851411819458,123,154499,
0.2694786787033081,123,154549,
0.24575060606002808,123,154599,
0.3515216112136841,123,154649,
0.2695435881614685,123,154699,
0.3077821135520935,123,154749,
,123,154751,0.6843519806861877
0.27049410343170166,124,154799,
0.3603616952896118,124,154849,
0.3926386833190918,124,154899,
0.30957120656967163,124,154949,
0.19327670335769653,124,154999,
0.30229657888412476,124,155049,
0.19616550207138062,124,155099,
0.3495849370956421,124,155149,
0.24527758359909058,124,155199,
0.16724520921707153,124,155249,
0.1878759264945984,124,155299,
0.36305123567581177,124,155349,
0.25009894371032715,124,155399,
0.26734185218811035,124,155449,
0.18386608362197876,124,155499,
0.17782068252563477,124,155549,
0.3297003507614136,124,155599,
0.2684696912765503,124,155649,
0.22250789403915405,124,155699,
0.31671756505966187,124,155749,
0.3879339098930359,124,155799,
0.30629509687423706,124,155849,
0.3094777464866638,124,155899,
0.3382631540298462,124,155949,
0.12298142910003662,124,155999,
,124,155999,0.6798691749572754
0.23806488513946533,125,156049,
0.5067522525787354,125,156099,
0.37765800952911377,125,156149,
0.23565232753753662,125,156199,
0.27966684103012085,125,156249,
0.3127375841140747,125,156299,
0.12300199270248413,125,156349,
0.31614553928375244,125,156399,
0.2634798288345337,125,156449,
0.28681057691574097,125,156499,
0.20252180099487305,125,156549,
0.26527148485183716,125,156599,
0.20501261949539185,125,156649,
0.34728968143463135,125,156699,
0.20734649896621704,125,156749,
0.34239065647125244,125,156799,
0.29793739318847656,125,156849,
0.17701315879821777,125,156899,
0.17988920211791992,125,156949,
0.27971017360687256,125,156999,
0.24394619464874268,125,157049,
0.29058682918548584,125,157099,
0.3343650698661804,125,157149,
0.36086004972457886,125,157199,
,125,157247,0.678248941898346
0.35021543502807617,126,157249,
0.20826172828674316,126,157299,
0.2440863847732544,126,157349,
0.2810380458831787,126,157399,
0.3101136088371277,126,157449,
0.18599164485931396,126,157499,
0.3979654312133789,126,157549,
0.2097809910774231,126,157599,
0.23123669624328613,126,157649,
0.4961293339729309,126,157699,
0.2677253484725952,126,157749,
0.15989625453948975,126,157799,
0.551153302192688,126,157849,
0.2008114457130432,126,157899,
0.17093002796173096,126,157949,
0.20207172632217407,126,157999,
0.25587397813796997,126,158049,
0.21571242809295654,126,158099,
0.21939623355865479,126,158149,
0.21231919527053833,126,158199,
0.2973517179489136,126,158249,
0.30341243743896484,126,158299,
0.3774084448814392,126,158349,
0.19431328773498535,126,158399,
0.19863522052764893,126,158449,
,126,158495,0.6796452403068542
0.1611207127571106,127,158499,
0.24135226011276245,127,158549,
0.26466822624206543,127,158599,
0.330281138420105,127,158649,
0.1951357126235962,127,158699,
0.15953034162521362,127,158749,
0.3445417284965515,127,158799,
0.5394706130027771,127,158849,
0.23816275596618652,127,158899,
0.21600985527038574,127,158949,
0.5181325674057007,127,158999,
0.39727848768234253,127,159049,
0.42278391122817993,127,159099,
0.43621164560317993,127,159149,
0.21541589498519897,127,159199,
0.23944717645645142,127,159249,
0.2883771061897278,127,159299,
0.27159011363983154,127,159349,
0.19887322187423706,127,159399,
0.17119568586349487,127,159449,
0.3473116159439087,127,159499,
0.23024046421051025,127,159549,
0.1882082223892212,127,159599,
0.1917094588279724,127,159649,
0.20664876699447632,127,159699,
,127,159743,0.6826454401016235
0.32151955366134644,128,159749,
0.17621839046478271,128,159799,
0.24252057075500488,128,159849,
0.2538778781890869,128,159899,
0.22162187099456787,128,159949,
0.2256038784980774,128,159999,
0.16153007745742798,128,160049,
0.22175991535186768,128,160099,
0.14630186557769775,128,160149,
0.19687891006469727,128,160199,
0.24150323867797852,128,160249,
0.2894188165664673,128,160299,
0.3189921975135803,128,160349,
0.23780852556228638,128,160399,
0.11080467700958252,128,160449,
0.17259645462036133,128,160499,
0.35753846168518066,128,160549,
0.24699777364730835,128,160599,
0.22294628620147705,128,160649,
0.25991255044937134,128,160699,
0.21116209030151367,128,160749,
0.20778262615203857,128,160799,
0.21482229232788086,128,160849,
0.23182201385498047,128,160899,
0.1982598900794983,128,160949,
,128,160991,0.6792511343955994
0.22111183404922485,129,160999,
0.30812597274780273,129,161049,
0.2509416341781616,129,161099,
0.3270184397697449,129,161149,
0.23897576332092285,129,161199,
0.28352034091949463,129,161249,
0.16067451238632202,129,161299,
0.3603084087371826,129,161349,
0.23250514268875122,129,161399,
0.30031031370162964,129,161449,
0.3074180483818054,129,161499,
0.46248334646224976,129,161549,
0.199252188205719,129,161599,
0.4981432557106018,129,161649,
0.42341428995132446,129,161699,
0.2571794390678406,129,161749,
0.1734183430671692,129,161799,
0.34838205575942993,129,161849,
0.36350899934768677,129,161899,
0.17133694887161255,129,161949,
0.4176332950592041,129,161999,
0.2407323122024536,129,162049,
0.2925545573234558,129,162099,
0.32207024097442627,129,162149,
0.15432685613632202,129,162199,
,129,162239,0.678192675113678
0.35146111249923706,130,162249,
0.26723313331604004,130,162299,
0.1446828842163086,130,162349,
0.29804515838623047,130,162399,
0.2343670129776001,130,162449,
0.34122443199157715,130,162499,
0.18741530179977417,130,162549,
0.15873056650161743,130,162599,
0.28795284032821655,130,162649,
0.2101404070854187,130,162699,
0.25670140981674194,130,162749,
0.27919459342956543,130,162799,
0.34146201610565186,130,162849,
0.2443159818649292,130,162899,
0.17350435256958008,130,162949,
0.3008940815925598,130,162999,
0.3938025236129761,130,163049,
0.2614971399307251,130,163099,
0.222808837890625,130,163149,
0.10576295852661133,130,163199,
0.16554534435272217,130,163249,
0.19390279054641724,130,163299,
0.2858007550239563,130,163349,
0.20437031984329224,130,163399,
0.19248390197753906,130,163449,
,130,163487,0.6790624856948853
0.25323617458343506,131,163499,
0.22955864667892456,131,163549,
0.41966181993484497,131,163599,
0.09942764043807983,131,163649,
0.513746440410614,131,163699,
0.19492822885513306,131,163749,
0.32230865955352783,131,163799,
0.28100699186325073,131,163849,
0.18115442991256714,131,163899,
0.28243112564086914,131,163949,
0.35022008419036865,131,163999,
0.34586870670318604,131,164049,
0.18174684047698975,131,164099,
0.3707352876663208,131,164149,
0.25699567794799805,131,164199,
0.13716286420822144,131,164249,
0.2585698962211609,131,164299,
0.3509390354156494,131,164349,
0.21516776084899902,131,164399,
0.21807974576950073,131,164449,
0.35370105504989624,131,164499,
0.3098055124282837,131,164549,
0.2478867769241333,131,164599,
0.3972046971321106,131,164649,
0.21821701526641846,131,164699,
,131,164735,0.6830862164497375
0.23636651039123535,132,164749,
0.14364206790924072,132,164799,
0.21532636880874634,132,164849,
0.40384745597839355,132,164899,
0.23927927017211914,132,164949,
0.2927507758140564,132,164999,
0.15300321578979492,132,165049,
0.26071494817733765,132,165099,
0.1634531021118164,132,165149,
0.24271255731582642,132,165199,
0.34514492750167847,132,165249,
0.30749934911727905,132,165299,
0.39360862970352173,132,165349,
0.5186409950256348,132,165399,
0.29537492990493774,132,165449,
0.2175236940383911,132,165499,
0.15798288583755493,132,165549,
0.24750638008117676,132,165599,
0.2063206434249878,132,165649,
0.36363303661346436,132,165699,
0.2878154516220093,132,165749,
0.26391083002090454,132,165799,
0.3334721326828003,132,165849,
0.33673304319381714,132,165899,
0.23662978410720825,132,165949,
,132,165983,0.6850109696388245
0.29885679483413696,133,165999,
0.2647365927696228,133,166049,
0.25234848260879517,133,166099,
0.4304717779159546,133,166149,
0.16930627822875977,133,166199,
0.2937558889389038,133,166249,
0.31299537420272827,133,166299,
0.2695798873901367,133,166349,
0.28105735778808594,133,166399,
0.21842676401138306,133,166449,
0.1745433211326599,133,166499,
0.2357385754585266,133,166549,
0.22468924522399902,133,166599,
0.3864547610282898,133,166649,
0.1796671748161316,133,166699,
0.33060866594314575,133,166749,
0.20232367515563965,133,166799,
0.2919129729270935,133,166849,
0.3808273673057556,133,166899,
0.21202057600021362,133,166949,
0.25287532806396484,133,166999,
0.4369417428970337,133,167049,
0.4794778823852539,133,167099,
0.31446772813796997,133,167149,
0.15656012296676636,133,167199,
,133,167231,0.6856002807617188
0.34605878591537476,134,167249,
0.304157555103302,134,167299,
0.20990264415740967,134,167349,
0.3891777992248535,134,167399,
0.2867903709411621,134,167449,
0.23348712921142578,134,167499,
0.39448195695877075,134,167549,
0.36199426651000977,134,167599,
0.31418895721435547,134,167649,
0.3993949294090271,134,167699,
0.21009910106658936,134,167749,
0.15643107891082764,134,167799,
0.36453765630722046,134,167849,
0.25920969247817993,134,167899,
0.35046064853668213,134,167949,
0.5238791704177856,134,167999,
0.2883149981498718,134,168049,
0.20024019479751587,134,168099,
0.3857653737068176,134,168149,
0.2161470651626587,134,168199,
0.19365036487579346,134,168249,
0.37365496158599854,134,168299,
0.2524915933609009,134,168349,
0.2746986150741577,134,168399,
0.27820420265197754,134,168449,
,134,168479,0.6852812767028809
0.11850893497467041,135,168499,
0.3132765293121338,135,168549,
0.371246874332428,135,168599,
0.08206140995025635,135,168649,
0.19318723678588867,135,168699,
0.19514763355255127,135,168749,
0.2732582688331604,135,168799,
0.37370193004608154,135,168849,
0.20896315574645996,135,168899,
0.3120396137237549,135,168949,
0.17084872722625732,135,168999,
0.28022193908691406,135,169049,
0.3751784563064575,135,169099,
0.2732613682746887,135,169149,
0.19573456048965454,135,169199,
0.22409570217132568,135,169249,
0.12367284297943115,135,169299,
0.21163058280944824,135,169349,
0.24465268850326538,135,169399,
0.30276840925216675,135,169449,
0.1693013310432434,135,169499,
0.20531851053237915,135,169549,
0.2850157618522644,135,169599,
0.41710084676742554,135,169649,
0.1694796085357666,135,169699,
,135,169727,0.6872299909591675
0.22453391551971436,136,169749,
0.2093663215637207,136,169799,
0.2998223304748535,136,169849,
0.2536471486091614,136,169899,
0.26359641551971436,136,169949,
0.2716294527053833,136,169999,
0.3463212251663208,136,170049,
0.3811703324317932,136,170099,
0.425034761428833,136,170149,
0.26124143600463867,136,170199,
0.23655444383621216,136,170249,
0.33955925703048706,136,170299,
0.24701941013336182,136,170349,
0.33705246448516846,136,170399,
0.3562425971031189,136,170449,
0.502216100692749,136,170499,
0.4869871139526367,136,170549,
0.2837291359901428,136,170599,
0.3968508243560791,136,170649,
0.24694198369979858,136,170699,
0.1166452169418335,136,170749,
0.3839991092681885,136,170799,
0.37452423572540283,136,170849,
0.16489875316619873,136,170899,
0.400554895401001,136,170949,
,136,170975,0.6826373934745789
0.38093727827072144,137,170999,
0.29711806774139404,137,171049,
0.3655095100402832,137,171099,
0.21903061866760254,137,171149,
0.33215540647506714,137,171199,
0.32222139835357666,137,171249,
0.36031490564346313,137,171299,
0.3212759494781494,137,171349,
0.27070462703704834,137,171399,
0.07836127281188965,137,171449,
0.17185372114181519,137,171499,
0.20515722036361694,137,171549,
0.24667495489120483,137,171599,
0.23527604341506958,137,171649,
0.36911994218826294,137,171699,
0.3626495599746704,137,171749,
0.34390121698379517,137,171799,
0.3680376410484314,137,171849,
0.25880759954452515,137,171899,
0.26699256896972656,137,171949,
0.22543686628341675,137,171999,
0.2684146761894226,137,172049,
0.34391355514526367,137,172099,
0.1320052146911621,137,172149,
0.48479050397872925,137,172199,
,137,172223,0.6853522062301636
0.3107256293296814,138,172249,
0.1597462296485901,138,172299,
0.31518054008483887,138,172349,
0.19135403633117676,138,172399,
0.33587974309921265,138,172449,
0.4089733362197876,138,172499,
0.18598264455795288,138,172549,
0.2658003568649292,138,172599,
0.24135702848434448,138,172649,
0.11729252338409424,138,172699,
0.24653398990631104,138,172749,
0.37702685594558716,138,172799,
0.3515375852584839,138,172849,
0.25817346572875977,138,172899,
0.3001195788383484,138,172949,
0.5625160932540894,138,172999,
0.18783968687057495,138,173049,
0.23450273275375366,138,173099,
0.10683172941207886,138,173149,
0.12852025032043457,138,173199,
0.2670844793319702,138,173249,
0.2429283857345581,138,173299,
0.20486092567443848,138,173349,
0.34052127599716187,138,173399,
0.2450154423713684,138,173449,
,138,173471,0.6863329410552979
0.18685883283615112,139,173499,
0.35248637199401855,139,173549,
0.3454592823982239,139,173599,
0.3361385464668274,139,173649,
0.507890522480011,139,173699,
0.2959024906158447,139,173749,
0.2766084671020508,139,173799,
0.22850841283798218,139,173849,
0.2283763885498047,139,173899,
0.2134426236152649,139,173949,
0.41666024923324585,139,173999,
0.3667149543762207,139,174049,
0.28873687982559204,139,174099,
0.3686107397079468,139,174149,
0.22244155406951904,139,174199,
0.23125988245010376,139,174249,
0.36514759063720703,139,174299,
0.3447496294975281,139,174349,
0.29242026805877686,139,174399,
0.168964684009552,139,174449,
0.2071508765220642,139,174499,
0.2263994812965393,139,174549,
0.36689120531082153,139,174599,
0.3860124349594116,139,174649,
0.2754741907119751,139,174699,
,139,174719,0.6850705742835999
0.21329694986343384,140,174749,
0.2941691279411316,140,174799,
0.2955901026725769,140,174849,
0.1895507574081421,140,174899,
0.2509969472885132,140,174949,
0.28156453371047974,140,174999,
0.2686677575111389,140,175049,
0.4723730683326721,140,175099,
0.24999523162841797,140,175149,
0.24511557817459106,140,175199,
0.3113887906074524,140,175249,
0.18981987237930298,140,175299,
0.23813611268997192,140,175349,
0.24135470390319824,140,175399,
0.24511998891830444,140,175449,
0.2106924057006836,140,175499,
0.23929017782211304,140,175549,
0.1478414535522461,140,175599,
0.24741917848587036,140,175649,
0.30043840408325195,140,175699,
0.42892986536026,140,175749,
0.37977856397628784,140,175799,
0.3210418224334717,140,175849,
0.14736729860305786,140,175899,
0.20523345470428467,140,175949,
,140,175967,0.6849022507667542
0.26324522495269775,141,175999,
0.37374550104141235,141,176049,
0.4533109664916992,141,176099,
0.2995671033859253,141,176149,
0.24142664670944214,141,176199,
0.15992462635040283,141,176249,
0.4137766361236572,141,176299,
0.23026502132415771,141,176349,
0.29719114303588867,141,176399,
0.4268960952758789,141,176449,
0.23910492658615112,141,176499,
0.20101916790008545,141,176549,
0.184961199760437,141,176599,
0.19860774278640747,141,176649,
0.24535632133483887,141,176699,
0.18004775047302246,141,176749,
0.23414677381515503,141,176799,
0.2706873416900635,141,176849,
0.09129232168197632,141,176899,
0.3448905348777771,141,176949,
0.062229692935943604,141,176999,
0.23065811395645142,141,177049,
0.15974891185760498,141,177099,
0.20350432395935059,141,177149,
0.2920631766319275,141,177199,
,141,177215,0.6858692169189453
0.17208510637283325,142,177249,
0.2068442702293396,142,177299,
0.23550719022750854,142,177349,
0.255953311920166,142,177399,
0.23902815580368042,142,177449,
0.23883122205734253,142,177499,
0.25704169273376465,142,177549,
0.2562977075576782,142,177599,
0.24461627006530762,142,177649,
0.2860695719718933,142,177699,
0.3308793306350708,142,177749,
0.26215994358062744,142,177799,
0.3201625943183899,142,177849,
0.27570611238479614,142,177899,
0.11181139945983887,142,177949,
0.19344556331634521,142,177999,
0.36118173599243164,142,178049,
0.4247610569000244,142,178099,
0.23590201139450073,142,178149,
0.27638280391693115,142,178199,
0.2319474220275879,142,178249,
0.29305750131607056,142,178299,
0.27581560611724854,142,178349,
0.11101216077804565,142,178399,
0.3308839201927185,142,178449,
,142,178463,0.6892021298408508
0.1864730715751648,143,178499,
0.40002161264419556,143,178549,
0.19290322065353394,143,178599,
0.2751825451850891,143,178649,
0.0913320779800415,143,178699,
0.3956482410430908,143,178749,
0.18737149238586426,143,178799,
0.17959535121917725,143,178849,
0.4583572745323181,143,178899,
0.24628692865371704,143,178949,
0.3655216097831726,143,178999,
0.23903894424438477,143,179049,
0.16777324676513672,143,179099,
0.18861031532287598,143,179149,
0.247467041015625,143,179199,
0.38091909885406494,143,179249,
0.2512426972389221,143,179299,
0.1937972903251648,143,179349,
0.265519917011261,143,179399,
0.24224960803985596,143,179449,
0.34343451261520386,143,179499,
0.29000288248062134,143,179549,
0.13164329528808594,143,179599,
0.318726122379303,143,179649,
0.24592113494873047,143,179699,
,143,179711,0.6825020909309387
0.37331175804138184,144,179749,
0.14896643161773682,144,179799,
0.17467623949050903,144,179849,
0.2448750138282776,144,179899,
0.18334192037582397,144,179949,
0.17050641775131226,144,179999,
0.12179219722747803,144,180049,
0.3836979866027832,144,180099,
0.13784635066986084,144,180149,
0.1811598539352417,144,180199,
0.2574969530105591,144,180249,
0.11217933893203735,144,180299,
0.36855417490005493,144,180349,
0.10557734966278076,144,180399,
0.12480968236923218,144,180449,
0.2767322063446045,144,180499,
0.23864829540252686,144,180549,
0.3247030973434448,144,180599,
0.11379534006118774,144,180649,
0.22007358074188232,144,180699,
0.3825312852859497,144,180749,
0.3168800473213196,144,180799,
0.31707239151000977,144,180849,
0.3172599673271179,144,180899,
0.2465958595275879,144,180949,
,144,180959,0.6863275170326233
0.25531822443008423,145,180999,
0.34976208209991455,145,181049,
0.07891559600830078,145,181099,
0.2307513952255249,145,181149,
0.33563870191574097,145,181199,
0.2544460892677307,145,181249,
0.16264474391937256,145,181299,
0.19897472858428955,145,181349,
0.2542247176170349,145,181399,
0.30887091159820557,145,181449,
0.39172542095184326,145,181499,
0.2746073603630066,145,181549,
0.184731125831604,145,181599,
0.31529515981674194,145,181649,
0.20143169164657593,145,181699,
0.15802329778671265,145,181749,
0.27865320444107056,145,181799,
0.32577282190322876,145,181849,
0.3551631569862366,145,181899,
0.11355245113372803,145,181949,
0.40630900859832764,145,181999,
0.16156315803527832,145,182049,
0.19392138719558716,145,182099,
0.19236969947814941,145,182149,
0.2585197687149048,145,182199,
,145,182207,0.6820313334465027
0.1957833170890808,146,182249,
0.15560764074325562,146,182299,
0.182714581489563,146,182349,
0.2919875979423523,146,182399,
0.13023227453231812,146,182449,
0.22506576776504517,146,182499,
0.1533699631690979,146,182549,
0.17821747064590454,146,182599,
0.29598456621170044,146,182649,
0.345672070980072,146,182699,
0.22786098718643188,146,182749,
0.2737773060798645,146,182799,
0.3909047245979309,146,182849,
0.38987720012664795,146,182899,
0.20673084259033203,146,182949,
0.15531909465789795,146,182999,
0.2500431537628174,146,183049,
0.08786171674728394,146,183099,
0.4410786032676697,146,183149,
0.3711238503456116,146,183199,
0.2376226782798767,146,183249,
0.33319413661956787,146,183299,
0.28568756580352783,146,183349,
0.18638306856155396,146,183399,
0.27731502056121826,146,183449,
,146,183455,0.6794272065162659
0.19526582956314087,147,183499,
0.40849441289901733,147,183549,
0.2572250962257385,147,183599,
0.2843969464302063,147,183649,
0.20429134368896484,147,183699,
0.2745482921600342,147,183749,
0.2880357503890991,147,183799,
0.14904189109802246,147,183849,
0.25066715478897095,147,183899,
0.14338749647140503,147,183949,
0.28161901235580444,147,183999,
0.23300302028656006,147,184049,
0.1537356972694397,147,184099,
0.19830185174942017,147,184149,
0.09872329235076904,147,184199,
0.2352725863456726,147,184249,
0.17523193359375,147,184299,
0.17461258172988892,147,184349,
0.22639793157577515,147,184399,
0.18699556589126587,147,184449,
0.1642107367515564,147,184499,
0.2649238705635071,147,184549,
0.2860950827598572,147,184599,
0.33838653564453125,147,184649,
0.17847990989685059,147,184699,
,147,184703,0.6834330558776855
0.3354124426841736,148,184749,
0.32115477323532104,148,184799,
0.2887006402015686,148,184849,
0.2703050971031189,148,184899,
0.2805401086807251,148,184949,
0.11988890171051025,148,184999,
0.20812278985977173,148,185049,
0.1852385401725769,148,185099,
0.32145875692367554,148,185149,
0.146295964717865,148,185199,
0.30389153957366943,148,185249,
0.3990124464035034,148,185299,
0.20026487112045288,148,185349,
0.2460823655128479,148,185399,
0.14898377656936646,148,185449,
0.15620166063308716,148,185499,
0.38546550273895264,148,185549,
0.23383426666259766,148,185599,
0.31662702560424805,148,185649,
0.436817467212677,148,185699,
0.17734885215759277,148,185749,
0.28169316053390503,148,185799,
0.4019787311553955,148,185849,
0.5126014947891235,148,185899,
0.3004124164581299,148,185949,
,148,185951,0.6777777075767517
0.16035568714141846,149,185999,
0.22110748291015625,149,186049,
0.1662464737892151,149,186099,
0.32300901412963867,149,186149,
0.195939302444458,149,186199,
0.18568408489227295,149,186249,
0.13095635175704956,149,186299,
0.21905863285064697,149,186349,
0.28199952840805054,149,186399,
0.14061129093170166,149,186449,
0.23943668603897095,149,186499,
0.2851871848106384,149,186549,
0.21115630865097046,149,186599,
0.16830849647521973,149,186649,
0.2891027331352234,149,186699,
0.21264362335205078,149,186749,
0.2896720767021179,149,186799,
0.17253625392913818,149,186849,
0.15480870008468628,149,186899,
0.278106689453125,149,186949,
0.23085111379623413,149,186999,
0.06859350204467773,149,187049,
0.26437950134277344,149,187099,
0.10585153102874756,149,187149,
0.33263862133026123,149,187199,
,149,187199,0.683157742023468
0.25162845849990845,150,187249,
0.14939922094345093,150,187299,
0.0939260721206665,150,187349,
0.22529363632202148,150,187399,
0.16577816009521484,150,187449,
0.173600435256958,150,187499,
0.19809353351593018,150,187549,
0.27339500188827515,150,187599,
0.27077847719192505,150,187649,
0.20834732055664062,150,187699,
0.2456071972846985,150,187749,
0.3825608491897583,150,187799,
0.18745779991149902,150,187849,
0.13294517993927002,150,187899,
0.3705047369003296,150,187949,
0.16868507862091064,150,187999,
0.5005761384963989,150,188049,
0.18681371212005615,150,188099,
0.27489274740219116,150,188149,
0.24560916423797607,150,188199,
0.2549811005592346,150,188249,
0.5116459727287292,150,188299,
0.3316662311553955,150,188349,
0.24786043167114258,150,188399,
,150,188447,0.6867875456809998
0.2699190378189087,151,188449,
0.17784720659255981,151,188499,
0.20836710929870605,151,188549,
0.24910563230514526,151,188599,
0.19152724742889404,151,188649,
0.14222627878189087,151,188699,
0.2281726598739624,151,188749,
0.16104906797409058,151,188799,
0.22821497917175293,151,188849,
0.5393480658531189,151,188899,
0.2827114462852478,151,188949,
0.21213799715042114,151,188999,
0.2652387022972107,151,189049,
0.3307267427444458,151,189099,
0.1813834309577942,151,189149,
0.4459826946258545,151,189199,
0.3692610263824463,151,189249,
0.23911303281784058,151,189299,
0.18955981731414795,151,189349,
0.1982182264328003,151,189399,
0.34998953342437744,151,189449,
0.22268587350845337,151,189499,
0.21129906177520752,151,189549,
0.3257443904876709,151,189599,
0.1598784327507019,151,189649,
,151,189695,0.6807796955108643
0.37888431549072266,152,189699,
0.10774660110473633,152,189749,
0.22113758325576782,152,189799,
0.2815471887588501,152,189849,
0.36987173557281494,152,189899,
0.2240614891052246,152,189949,
0.15124624967575073,152,189999,
0.19443106651306152,152,190049,
0.21767699718475342,152,190099,
0.1958196759223938,152,190149,
0.22651302814483643,152,190199,
0.19662749767303467,152,190249,
0.19233745336532593,152,190299,
0.2347204089164734,152,190349,
0.2463388442993164,152,190399,
0.21161800622940063,152,190449,
0.17638111114501953,152,190499,
0.13762742280960083,152,190549,
0.27350080013275146,152,190599,
0.22003114223480225,152,190649,
0.21816617250442505,152,190699,
0.3504282236099243,152,190749,
0.3788425326347351,152,190799,
0.2140520215034485,152,190849,
0.08423733711242676,152,190899,
,152,190943,0.6834142208099365
0.2906914949417114,153,190949,
0.3060305118560791,153,190999,
0.1925201416015625,153,191049,
0.20733791589736938,153,191099,
0.13771963119506836,153,191149,
0.12711995840072632,153,191199,
0.17869699001312256,153,191249,
0.1506020426750183,153,191299,
0.1691860556602478,153,191349,
0.31229740381240845,153,191399,
0.33843350410461426,153,191449,
0.13882267475128174,153,191499,
0.2803659439086914,153,191549,
0.1877894401550293,153,191599,
0.17442911863327026,153,191649,
0.2834520936012268,153,191699,
0.3427674174308777,153,191749,
0.1681753396987915,153,191799,
0.29941946268081665,153,191849,
0.25199973583221436,153,191899,
0.07079368829727173,153,191949,
0.4373154640197754,153,191999,
0.1907629370689392,153,192049,
0.306720495223999,153,192099,
0.3181071877479553,153,192149,
,153,192191,0.684640645980835
0.3369547128677368,154,192199,
0.2678350806236267,154,192249,
0.11492276191711426,154,192299,
0.212416410446167,154,192349,
0.36097776889801025,154,192399,
0.22871673107147217,154,192449,
0.29730385541915894,154,192499,
0.38376981019973755,154,192549,
0.24558484554290771,154,192599,
0.29432153701782227,154,192649,
0.32867878675460815,154,192699,
0.17826461791992188,154,192749,
0.14373630285263062,154,192799,
0.37836211919784546,154,192849,
0.20075500011444092,154,192899,
0.361342191696167,154,192949,
0.15883290767669678,154,192999,
0.10806530714035034,154,193049,
0.17424023151397705,154,193099,
0.273337185382843,154,193149,
0.1857435703277588,154,193199,
0.21176093816757202,154,193249,
0.24813741445541382,154,193299,
0.24212735891342163,154,193349,
0.2265135645866394,154,193399,
,154,193439,0.6817101240158081
0.32643747329711914,155,193449,
0.3502469062805176,155,193499,
0.3816601037979126,155,193549,
0.4214542508125305,155,193599,
0.28786957263946533,155,193649,
0.08912360668182373,155,193699,
0.2178499698638916,155,193749,
0.2558174133300781,155,193799,
0.35256946086883545,155,193849,
0.24336248636245728,155,193899,
0.18333745002746582,155,193949,
0.13196402788162231,155,193999,
0.2372925877571106,155,194049,
0.2794286608695984,155,194099,
0.2773498296737671,155,194149,
0.3186836242675781,155,194199,
0.25321704149246216,155,194249,
0.11521738767623901,155,194299,
0.3496417999267578,155,194349,
0.22080910205841064,155,194399,
0.28403007984161377,155,194449,
0.12669092416763306,155,194499,
0.15524566173553467,155,194549,
0.0807499885559082,155,194599,
0.3177291750907898,155,194649,
,155,194687,0.6891234517097473
0.2808239459991455,156,194699,
0.35843145847320557,156,194749,
0.12723582983016968,156,194799,
0.1360025405883789,156,194849,
0.07356524467468262,156,194899,
0.2130623459815979,156,194949,
0.2782449722290039,156,194999,
0.11862921714782715,156,195049,
0.390056848526001,156,195099,
0.1744084358215332,156,195149,
0.1564984917640686,156,195199,
0.38197529315948486,156,195249,
0.21475064754486084,156,195299,
0.19591659307479858,156,195349,
0.26105350255966187,156,195399,
0.3788682818412781,156,195449,
0.16982614994049072,156,195499,
0.26878899335861206,156,195549,
0.1851654052734375,156,195599,
0.1773993968963623,156,195649,
0.40161943435668945,156,195699,
0.14629483222961426,156,195749,
0.3893479108810425,156,195799,
0.25505632162094116,156,195849,
0.21752536296844482,156,195899,
,156,195935,0.6872250437736511
0.23616904020309448,157,195949,
0.08101469278335571,157,195999,
0.238841712474823,157,196049,
0.3262677788734436,157,196099,
0.15378981828689575,157,196149,
0.27062344551086426,157,196199,
0.10495162010192871,157,196249,
0.2833925485610962,157,196299,
0.24132764339447021,157,196349,
0.22247397899627686,157,196399,
0.23198646306991577,157,196449,
0.2706022262573242,157,196499,
0.14236843585968018,157,196549,
0.30138450860977173,157,196599,
0.22096246480941772,157,196649,
0.14424407482147217,157,196699,
0.08106118440628052,157,196749,
0.28820693492889404,157,196799,
0.32345354557037354,157,196849,
0.241826593875885,157,196899,
0.17366427183151245,157,196949,
0.3231508731842041,157,196999,
0.40306973457336426,157,197049,
0.19883650541305542,157,197099,
0.2237931489944458,157,197149,
,157,197183,0.6806565523147583
0.12387138605117798,158,197199,
0.14866280555725098,158,197249,
0.17961210012435913,158,197299,
0.1639854907989502,158,197349,
0.12895548343658447,158,197399,
0.3696775436401367,158,197449,
0.22761231660842896,158,197499,
0.22552603483200073,158,197549,
0.2705647945404053,158,197599,
0.37080657482147217,158,197649,
0.3680471181869507,158,197699,
0.33070462942123413,158,197749,
0.12002342939376831,158,197799,
0.40984076261520386,158,197849,
0.22766977548599243,158,197899,
0.28768014907836914,158,197949,
0.22213256359100342,158,197999,
0.19567203521728516,158,198049,
0.2088286280632019,158,198099,
0.11715871095657349,158,198149,
0.21036237478256226,158,198199,
0.12379670143127441,158,198249,
0.42777830362319946,158,198299,
0.3712453842163086,158,198349,
0.19884419441223145,158,198399,
,158,198431,0.6793220639228821
0.2720356583595276,159,198449,
0.245194673538208,159,198499,
0.16177350282669067,159,198549,
0.2506333589553833,159,198599,
0.4880349636077881,159,198649,
0.3505607843399048,159,198699,
0.3074338436126709,159,198749,
0.2861465811729431,159,198799,
0.2641674876213074,159,198849,
0.23937547206878662,159,198899,
0.11731958389282227,159,198949,
0.18321871757507324,159,198999,
0.3000134825706482,159,199049,
0.29664427042007446,159,199099,
0.2943127751350403,159,199149,
0.29594528675079346,159,199199,
0.5197098255157471,159,199249,
0.21176129579544067,159,199299,
0.4487842917442322,159,199349,
0.17400848865509033,159,199399,
0.32260918617248535,159,199449,
0.4429330825805664,159,199499,
0.18742263317108154,159,199549,
0.28081750869750977,159,199599,
0.2406596541404724,159,199649,
,159,199679,0.6777212619781494
0.11741286516189575,160,199699,
0.18603259325027466,160,199749,
0.28807365894317627,160,199799,
0.43602681159973145,160,199849,
0.15071243047714233,160,199899,
0.211456298828125,160,199949,
0.2801131010055542,160,199999,
0.36880606412887573,160,200049,
0.24103349447250366,160,200099,
0.2680813670158386,160,200149,
0.12315434217453003,160,200199,
0.18167001008987427,160,200249,
0.14648544788360596,160,200299,
0.23606717586517334,160,200349,
0.22972697019577026,160,200399,
0.19356900453567505,160,200449,
0.3476155400276184,160,200499,
0.17230206727981567,160,200549,
0.21160709857940674,160,200599,
0.24938446283340454,160,200649,
0.13755011558532715,160,200699,
0.20232319831848145,160,200749,
0.09567302465438843,160,200799,
0.147641122341156,160,200849,
0.21815961599349976,160,200899,
,160,200927,0.6778619885444641
0.14393067359924316,161,200949,
0.17631512880325317,161,200999,
0.18070369958877563,161,201049,
0.2926728129386902,161,201099,
0.31138962507247925,161,201149,
0.3774283528327942,161,201199,
0.24904096126556396,161,201249,
0.2656102776527405,161,201299,
0.2685694694519043,161,201349,
0.25702959299087524,161,201399,
0.2987633943557739,161,201449,
0.24711674451828003,161,201499,
0.13369959592819214,161,201549,
0.24766743183135986,161,201599,
0.31593388319015503,161,201649,
0.34894782304763794,161,201699,
0.12999320030212402,161,201749,
0.1028795838356018,161,201799,
0.12061768770217896,161,201849,
0.23551571369171143,161,201899,
0.25615018606185913,161,201949,
0.14370357990264893,161,201999,
0.11787211894989014,161,202049,
0.3469396233558655,161,202099,
0.17205482721328735,161,202149,
,161,202175,0.6960472464561462
0.2951275110244751,162,202199,
0.11352342367172241,162,202249,
0.20442169904708862,162,202299,
0.3832518458366394,162,202349,
0.14304900169372559,162,202399,
0.2466493844985962,162,202449,
0.3179786205291748,162,202499,
0.39356809854507446,162,202549,
0.2211361527442932,162,202599,
0.32757145166397095,162,202649,
0.2613435387611389,162,202699,
0.3212248682975769,162,202749,
0.1393703818321228,162,202799,
0.3418887257575989,162,202849,
0.2871490716934204,162,202899,
0.09715914726257324,162,202949,
0.27240025997161865,162,202999,
0.2219727635383606,162,203049,
0.20506906509399414,162,203099,
0.13386285305023193,162,203149,
0.2941681146621704,162,203199,
0.3521139621734619,162,203249,
0.1879112720489502,162,203299,
0.20702821016311646,162,203349,
0.25696390867233276,162,203399,
,162,203423,0.6787334680557251
0.22575277090072632,163,203449,
0.23882639408111572,163,203499,
0.1409381628036499,163,203549,
0.4292111396789551,163,203599,
0.18123137950897217,163,203649,
0.23193764686584473,163,203699,
0.2699674367904663,163,203749,
0.24944037199020386,163,203799,
0.27152132987976074,163,203849,
0.2150496244430542,163,203899,
0.3328403830528259,163,203949,
0.2038697600364685,163,203999,
0.14162886142730713,163,204049,
0.19853395223617554,163,204099,
0.28688687086105347,163,204149,
0.3214515447616577,163,204199,
0.2694118618965149,163,204249,
0.1328105926513672,163,204299,
0.31343233585357666,163,204349,
0.14859497547149658,163,204399,
0.19777655601501465,163,204449,
0.295598566532135,163,204499,
0.23107069730758667,163,204549,
0.2664627432823181,163,204599,
0.23899030685424805,163,204649,
,163,204671,0.6773362159729004
0.309834361076355,164,204699,
0.21938830614089966,164,204749,
0.2594783902168274,164,204799,
0.19977766275405884,164,204849,
0.1896820068359375,164,204899,
0.20045095682144165,164,204949,
0.23867768049240112,164,204999,
0.3910409212112427,164,205049,
0.2349366545677185,164,205099,
0.6296802759170532,164,205149,
0.17740869522094727,164,205199,
0.24275964498519897,164,205249,
0.31069308519363403,164,205299,
0.3640552759170532,164,205349,
0.1939135193824768,164,205399,
0.224151611328125,164,205449,
0.1516655683517456,164,205499,
0.2444298267364502,164,205549,
0.09290701150894165,164,205599,
0.1168898344039917,164,205649,
0.23388612270355225,164,205699,
0.26170414686203003,164,205749,
0.1682301163673401,164,205799,
0.22105783224105835,164,205849,
0.24982494115829468,164,205899,
,164,205919,0.6784210801124573
0.3914356827735901,165,205949,
0.34295427799224854,165,205999,
0.3189537525177002,165,206049,
0.2534240484237671,165,206099,
0.3769707679748535,165,206149,
0.17234009504318237,165,206199,
0.4100719690322876,165,206249,
0.2480974793434143,165,206299,
0.3885974884033203,165,206349,
0.3327222466468811,165,206399,
0.2682185173034668,165,206449,
0.23572427034378052,165,206499,
0.2518833875656128,165,206549,
0.31826019287109375,165,206599,
0.21905517578125,165,206649,
0.3180297017097473,165,206699,
0.11734199523925781,165,206749,
0.1296822428703308,165,206799,
0.17829066514968872,165,206849,
0.22257322072982788,165,206899,
0.13918966054916382,165,206949,
0.40514832735061646,165,206999,
0.31760531663894653,165,207049,
0.13903158903121948,165,207099,
0.2192344069480896,165,207149,
,165,207167,0.6841873526573181
0.16294538974761963,166,207199,
0.11936193704605103,166,207249,
0.23417580127716064,166,207299,
0.259712278842926,166,207349,
0.19202113151550293,166,207399,
0.22941803932189941,166,207449,
0.13374632596969604,166,207499,
0.18115806579589844,166,207549,
0.16372156143188477,166,207599,
0.32443487644195557,166,207649,
0.36856651306152344,166,207699,
0.22227418422698975,166,207749,
0.12227970361709595,166,207799,
0.13296622037887573,166,207849,
0.2520950436592102,166,207899,
0.25541257858276367,166,207949,
0.3190264105796814,166,207999,
0.20461255311965942,166,208049,
0.2403925657272339,166,208099,
0.2061622142791748,166,208149,
0.1477566957473755,166,208199,
0.3925435543060303,166,208249,
0.4323725700378418,166,208299,
0.25175994634628296,166,208349,
0.2602408528327942,166,208399,
,166,208415,0.6822410225868225
0.10089868307113647,167,208449,
0.09240949153900146,167,208499,
0.3102145195007324,167,208549,
0.11992979049682617,167,208599,
0.16243213415145874,167,208649,
0.16476482152938843,167,208699,
0.21715444326400757,167,208749,
0.22484099864959717,167,208799,
0.23746269941329956,167,208849,
0.13841944932937622,167,208899,
0.08232313394546509,167,208949,
0.42710089683532715,167,208999,
0.2652778625488281,167,209049,
0.23215436935424805,167,209099,
0.2926028370857239,167,209149,
0.4644794464111328,167,209199,
0.4124966263771057,167,209249,
0.23144036531448364,167,209299,
0.27038174867630005,167,209349,
0.14241266250610352,167,209399,
0.3372320532798767,167,209449,
0.21669572591781616,167,209499,
0.22128713130950928,167,209549,
0.24979549646377563,167,209599,
0.4137285351753235,167,209649,
,167,209663,0.6746329665184021
0.12261784076690674,168,209699,
0.30914193391799927,168,209749,
0.3398357629776001,168,209799,
0.2955750823020935,168,209849,
0.1796666383743286,168,209899,
0.38797909021377563,168,209949,
0.1668359637260437,168,209999,
0.33091306686401367,168,210049,
0.43357276916503906,168,210099,
0.17227137088775635,168,210149,
0.1614757776260376,168,210199,
0.21124011278152466,168,210249,
0.40109843015670776,168,210299,
0.2740786671638489,168,210349,
0.2543521523475647,168,210399,
0.16178148984909058,168,210449,
0.21756255626678467,168,210499,
0.24176335334777832,168,210549,
0.21904361248016357,168,210599,
0.22540467977523804,168,210649,
0.204634428024292,168,210699,
0.29276221990585327,168,210749,
0.23665249347686768,168,210799,
0.24659299850463867,168,210849,
0.2539352774620056,168,210899,
,168,210911,0.6799420118331909
0.13358008861541748,169,210949,
0.2995442748069763,169,210999,
0.09916383028030396,169,211049,
0.15256190299987793,169,211099,
0.14073807001113892,169,211149,
0.2641855478286743,169,211199,
0.2906864285469055,169,211249,
0.11865216493606567,169,211299,
0.1397375464439392,169,211349,
0.2389456033706665,169,211399,
0.1521778106689453,169,211449,
0.24816882610321045,169,211499,
0.14546018838882446,169,211549,
0.29361605644226074,169,211599,
0.11746072769165039,169,211649,
0.2092912793159485,169,211699,
0.09123802185058594,169,211749,
0.16203099489212036,169,211799,
0.20439881086349487,169,211849,
0.1898554563522339,169,211899,
0.18856298923492432,169,211949,
0.177121102809906,169,211999,
0.1916021704673767,169,212049,
0.19827580451965332,169,212099,
0.12601935863494873,169,212149,
,169,212159,0.671451985836029
0.17152750492095947,170,212199,
0.2571512460708618,170,212249,
0.43837279081344604,170,212299,
0.21139764785766602,170,212349,
0.20403742790222168,170,212399,
0.3015553951263428,170,212449,
0.2571929097175598,170,212499,
0.255405068397522,170,212549,
0.33167749643325806,170,212599,
0.270662784576416,170,212649,
0.2726999521255493,170,212699,
0.30217158794403076,170,212749,
0.3088751435279846,170,212799,
0.3690335154533386,170,212849,
0.33849895000457764,170,212899,
0.2654447555541992,170,212949,
0.2793598771095276,170,212999,
0.11811506748199463,170,213049,
0.3878042697906494,170,213099,
0.2553718686103821,170,213149,
0.26420772075653076,170,213199,
0.1698836088180542,170,213249,
0.07759284973144531,170,213299,
0.19079464673995972,170,213349,
0.22749215364456177,170,213399,
,170,213407,0.6806058287620544
0.2038581371307373,171,213449,
0.18096429109573364,171,213499,
0.23986506462097168,171,213549,
0.19965946674346924,171,213599,
0.26388561725616455,171,213649,
0.07273834943771362,171,213699,
0.13534826040267944,171,213749,
0.24248439073562622,171,213799,
0.13779401779174805,171,213849,
0.19601047039031982,171,213899,
0.12309449911117554,171,213949,
0.2624983787536621,171,213999,
0.28262126445770264,171,214049,
0.20757180452346802,171,214099,
0.2244618535041809,171,214149,
0.2653246521949768,171,214199,
0.281613826751709,171,214249,
0.14444226026535034,171,214299,
0.1525605320930481,171,214349,
0.101737380027771,171,214399,
0.24339497089385986,171,214449,
0.24924063682556152,171,214499,
0.20528215169906616,171,214549,
0.27564942836761475,171,214599,
0.20157647132873535,171,214649,
,171,214655,0.6807436347007751
0.27027297019958496,172,214699,
0.2829964756965637,172,214749,
0.26613515615463257,172,214799,
0.2840591073036194,172,214849,
0.30770057439804077,172,214899,
0.24342429637908936,172,214949,
0.23584407567977905,172,214999,
0.0811164379119873,172,215049,
0.2721642851829529,172,215099,
0.1713477373123169,172,215149,
0.21959847211837769,172,215199,
0.2230224609375,172,215249,
0.2858731150627136,172,215299,
0.2247077226638794,172,215349,
0.20520281791687012,172,215399,
0.2671484351158142,172,215449,
0.29086315631866455,172,215499,
0.29386985301971436,172,215549,
0.09295570850372314,172,215599,
0.20886904001235962,172,215649,
0.18023252487182617,172,215699,
0.319973349571228,172,215749,
0.2552195191383362,172,215799,
0.26095426082611084,172,215849,
0.20364826917648315,172,215899,
,172,215903,0.6818309426307678
0.32080280780792236,173,215949,
0.2739999294281006,173,215999,
0.12024807929992676,173,216049,
0.3411318063735962,173,216099,
0.15344029664993286,173,216149,
0.25538212060928345,173,216199,
0.11055195331573486,173,216249,
0.23285704851150513,173,216299,
0.2073756456375122,173,216349,
0.23836708068847656,173,216399,
0.4155712127685547,173,216449,
0.24774503707885742,173,216499,
0.27929383516311646,173,216549,
0.28629934787750244,173,216599,
0.26171618700027466,173,216649,
0.301194965839386,173,216699,
0.08670538663864136,173,216749,
0.2839859127998352,173,216799,
0.2636605501174927,173,216849,
0.3212510943412781,173,216899,
0.1671736240386963,173,216949,
0.30249643325805664,173,216999,
0.3450815677642822,173,217049,
0.13466721773147583,173,217099,
0.21980398893356323,173,217149,
,173,217151,0.6770625114440918
0.2793083190917969,174,217199,
0.24306273460388184,174,217249,
0.3057633638381958,174,217299,
0.21615153551101685,174,217349,
0.1532224416732788,174,217399,
0.2418174147605896,174,217449,
0.09749531745910645,174,217499,
0.2671482563018799,174,217549,
0.2802553176879883,174,217599,
0.17848509550094604,174,217649,
0.2079142928123474,174,217699,
0.27877622842788696,174,217749,
0.34965527057647705,174,217799,
0.3221156597137451,174,217849,
0.19989222288131714,174,217899,
0.08270084857940674,174,217949,
0.30229657888412476,174,217999,
0.25245505571365356,174,218049,
0.21102839708328247,174,218099,
0.40695542097091675,174,218149,
0.30777740478515625,174,218199,
0.19768822193145752,174,218249,
0.3187270760536194,174,218299,
0.1439913511276245,174,218349,
0.265347957611084,174,218399,
,174,218399,0.6733129024505615
0.199418842792511,175,218449,
0.13344228267669678,175,218499,
0.2149474024772644,175,218549,
0.22411924600601196,175,218599,
0.09629696607589722,175,218649,
0.25141918659210205,175,218699,
0.1568264365196228,175,218749,
0.19235020875930786,175,218799,
0.2828373312950134,175,218849,
0.09825587272644043,175,218899,
0.18368017673492432,175,218949,
0.4833625555038452,175,218999,
0.3497579097747803,175,219049,
0.2637398838996887,175,219099,
0.1590878963470459,175,219149,
0.291603147983551,175,219199,
0.47285938262939453,175,219249,
0.25454652309417725,175,219299,
0.22161877155303955,175,219349,
0.0818934440612793,175,219399,
0.13122999668121338,175,219449,
0.1860324740409851,175,219499,
0.18508291244506836,175,219549,
0.332334041595459,175,219599,
,175,219647,0.6735456585884094
0.24608492851257324,176,219649,
0.26384252309799194,176,219699,
0.16287440061569214,176,219749,
0.3822253942489624,176,219799,
0.0771784782409668,176,219849,
0.4048745036125183,176,219899,
0.3753041625022888,176,219949,
0.10651141405105591,176,219999,
0.09027999639511108,176,220049,
0.275398313999176,176,220099,
0.30795782804489136,176,220149,
0.25364017486572266,176,220199,
0.1350446343421936,176,220249,
0.08068263530731201,176,220299,
0.18775683641433716,176,220349,
0.212815523147583,176,220399,
0.21786624193191528,176,220449,
0.24061280488967896,176,220499,
0.2502405643463135,176,220549,
0.3602616786956787,176,220599,
0.243943989276886,176,220649,
0.06530874967575073,176,220699,
0.19753426313400269,176,220749,
0.4771023988723755,176,220799,
0.292572557926178,176,220849,
,176,220895,0.6768397688865662
0.26221126317977905,177,220899,
0.12396776676177979,177,220949,
0.2338891625404358,177,220999,
0.12484586238861084,177,221049,
0.1990259885787964,177,221099,
0.24428510665893555,177,221149,
0.17472004890441895,177,221199,
0.22844791412353516,177,221249,
0.2225518822669983,177,221299,
0.09690159559249878,177,221349,
0.18260431289672852,177,221399,
0.25347715616226196,177,221449,
0.32058387994766235,177,221499,
0.2146899700164795,177,221549,
0.20935869216918945,177,221599,
0.15777897834777832,177,221649,
0.24069160223007202,177,221699,
0.2318791151046753,177,221749,
0.1882086992263794,177,221799,
0.22033756971359253,177,221849,
0.26505327224731445,177,221899,
0.3065009117126465,177,221949,
0.402521014213562,177,221999,
0.1724618673324585,177,222049,
0.20696568489074707,177,222099,
,177,222143,0.6706269979476929
0.44336581230163574,178,222149,
0.32357943058013916,178,222199,
0.15002202987670898,178,222249,
0.23108196258544922,178,222299,
0.19546115398406982,178,222349,
0.25341784954071045,178,222399,
0.2233014702796936,178,222449,
0.21515506505966187,178,222499,
0.3473169207572937,178,222549,
0.26047635078430176,178,222599,
0.3242141008377075,178,222649,
0.1253182291984558,178,222699,
0.22281044721603394,178,222749,
0.1660415530204773,178,222799,
0.17286360263824463,178,222849,
0.1835571527481079,178,222899,
0.16147994995117188,178,222949,
0.09652286767959595,178,222999,
0.10839301347732544,178,223049,
0.14715462923049927,178,223099,
0.13225620985031128,178,223149,
0.17016369104385376,178,223199,
0.3027023673057556,178,223249,
0.1631859540939331,178,223299,
0.23950499296188354,178,223349,
,178,223391,0.6708394885063171
0.3641512989997864,179,223399,
0.2972344160079956,179,223449,
0.22892987728118896,179,223499,
0.14521199464797974,179,223549,
0.3229013681411743,179,223599,
0.15354061126708984,179,223649,
0.21331632137298584,179,223699,
0.27091002464294434,179,223749,
0.23857015371322632,179,223799,
0.26018643379211426,179,223849,
0.326480507850647,179,223899,
0.18334144353866577,179,223949,
0.3119131326675415,179,223999,
0.31933361291885376,179,224049,
0.24460113048553467,179,224099,
0.16920143365859985,179,224149,
0.15254473686218262,179,224199,
0.25123846530914307,179,224249,
0.21135753393173218,179,224299,
0.18386483192443848,179,224349,
0.1497982144355774,179,224399,
0.2861802577972412,179,224449,
0.3486518859863281,179,224499,
0.2602270841598511,179,224549,
0.11806470155715942,179,224599,
,179,224639,0.6781884431838989
0.3801290988922119,180,224649,
0.21009200811386108,180,224699,
0.1382390856742859,180,224749,
0.20176279544830322,180,224799,
0.1503971815109253,180,224849,
0.31434953212738037,180,224899,
0.19908761978149414,180,224949,
0.28080105781555176,180,224999,
0.2633315324783325,180,225049,
0.2478029727935791,180,225099,
0.25344163179397583,180,225149,
0.14759236574172974,180,225199,
0.22760909795761108,180,225249,
0.14003193378448486,180,225299,
0.20157736539840698,180,225349,
0.21952176094055176,180,225399,
0.1397799849510193,180,225449,
0.08092224597930908,180,225499,
0.08060300350189209,180,225549,
0.22166061401367188,180,225599,
0.08408963680267334,180,225649,
0.24746370315551758,180,225699,
0.13061058521270752,180,225749,
0.3372696042060852,180,225799,
0.3586629629135132,180,225849,
,180,225887,0.6782311797142029
0.11522656679153442,181,225899,
0.25262945890426636,181,225949,
0.14781147241592407,181,225999,
0.4895349144935608,181,226049,
0.21603739261627197,181,226099,
0.20533376932144165,181,226149,
0.1836346983909607,181,226199,
0.35620683431625366,181,226249,
0.15741264820098877,181,226299,
0.31985771656036377,181,226349,
0.21590274572372437,181,226399,
0.6085605025291443,181,226449,
0.20530164241790771,181,226499,
0.2746947407722473,181,226549,
0.09190291166305542,181,226599,
0.10251462459564209,181,226649,
0.28467512130737305,181,226699,
0.282828688621521,181,226749,
0.243053138256073,181,226799,
0.09280562400817871,181,226849,
0.33988475799560547,181,226899,
0.244023859500885,181,226949,
0.20107638835906982,181,226999,
0.11065447330474854,181,227049,
0.17851758003234863,181,227099,
,181,227135,0.6764981746673584
0.1168472170829773,182,227149,
0.21053242683410645,182,227199,
0.13491106033325195,182,227249,
0.43720054626464844,182,227299,
0.31281226873397827,182,227349,
0.10774761438369751,182,227399,
0.2730698585510254,182,227449,
0.1316714882850647,182,227499,
0.15176701545715332,182,227549,
0.16302180290222168,182,227599,
0.24064981937408447,182,227649,
0.19918036460876465,182,227699,
0.22388184070587158,182,227749,
0.10293972492218018,182,227799,
0.20000964403152466,182,227849,
0.12487804889678955,182,227899,
0.23128986358642578,182,227949,
0.209364652633667,182,227999,
0.3416273593902588,182,228049,
0.11878067255020142,182,228099,
0.12944471836090088,182,228149,
0.14941281080245972,182,228199,
0.2632843852043152,182,228249,
0.31343066692352295,182,228299,
0.16982591152191162,182,228349,
,182,228383,0.6780387163162231
0.1573256254196167,183,228399,
0.14503329992294312,183,228449,
0.2762026786804199,183,228499,
0.3622928857803345,183,228549,
0.14559412002563477,183,228599,
0.1854708194732666,183,228649,
0.3368220925331116,183,228699,
0.24539923667907715,183,228749,
0.15093249082565308,183,228799,
0.29347527027130127,183,228849,
0.18143725395202637,183,228899,
0.24375903606414795,183,228949,
0.13088345527648926,183,228999,
0.26710814237594604,183,229049,
0.16922610998153687,183,229099,
0.23805487155914307,183,229149,
0.23825162649154663,183,229199,
0.34398365020751953,183,229249,
0.18256670236587524,183,229299,
0.13071322441101074,183,229349,
0.26505792140960693,183,229399,
0.12651878595352173,183,229449,
0.22065991163253784,183,229499,
0.3163580894470215,183,229549,
0.22920584678649902,183,229599,
,183,229631,0.6793406009674072
0.1526075005531311,184,229649,
0.06769931316375732,184,229699,
0.2240108847618103,184,229749,
0.23371613025665283,184,229799,
0.20321303606033325,184,229849,
0.35814404487609863,184,229899,
0.1483502984046936,184,229949,
0.17902672290802002,184,229999,
0.21257293224334717,184,230049,
0.21377217769622803,184,230099,
0.2525038719177246,184,230149,
0.34759682416915894,184,230199,
0.35854917764663696,184,230249,
0.09443610906600952,184,230299,
0.22397470474243164,184,230349,
0.14710521697998047,184,230399,
0.22165536880493164,184,230449,
0.21730893850326538,184,230499,
0.18608826398849487,184,230549,
0.3075029253959656,184,230599,
0.11608076095581055,184,230649,
0.08967828750610352,184,230699,
0.12180846929550171,184,230749,
0.22808432579040527,184,230799,
0.24725425243377686,184,230849,
,184,230879,0.678092360496521
0.2989203929901123,185,230899,
0.2183261513710022,185,230949,
0.2690836191177368,185,230999,
0.13010889291763306,185,231049,
0.08463048934936523,185,231099,
0.35490286350250244,185,231149,
0.21547222137451172,185,231199,
0.21421915292739868,185,231249,
0.16070938110351562,185,231299,
0.0912255048751831,185,231349,
0.42885762453079224,185,231399,
0.14304673671722412,185,231449,
0.30637311935424805,185,231499,
0.15752428770065308,185,231549,
0.12363916635513306,185,231599,
0.1974312663078308,185,231649,
0.18295413255691528,185,231699,
0.09335589408874512,185,231749,
0.22191405296325684,185,231799,
0.3044710159301758,185,231849,
0.060012638568878174,185,231899,
0.15718120336532593,185,231949,
0.24876302480697632,185,231999,
0.3024819493293762,185,232049,
0.2162758708000183,185,232099,
,185,232127,0.6734292507171631
0.10633409023284912,186,232149,
0.11221712827682495,186,232199,
0.12113434076309204,186,232249,
0.23026883602142334,186,232299,
0.1968846321105957,186,232349,
0.2814253568649292,186,232399,
0.20563119649887085,186,232449,
0.05474889278411865,186,232499,
0.10508072376251221,186,232549,
0.2518044114112854,186,232599,
0.12180221080780029,186,232649,
0.19363433122634888,186,232699,
0.3647229075431824,186,232749,
0.2599746584892273,186,232799,
0.1403166651725769,186,232849,
0.372719943523407,186,232899,
0.312688410282135,186,232949,
0.32814544439315796,186,232999,
0.3851490616798401,186,233049,
0.20460808277130127,186,233099,
0.3740517497062683,186,233149,
0.16916167736053467,186,233199,
0.16249030828475952,186,233249,
0.09478527307510376,186,233299,
0.11715251207351685,186,233349,
,186,233375,0.6747375130653381
0.188387930393219,187,233399,
0.33408933877944946,187,233449,
0.19041061401367188,187,233499,
0.15060269832611084,187,233549,
0.15142196416854858,187,233599,
0.24546390771865845,187,233649,
0.2165464162826538,187,233699,
0.2925581932067871,187,233749,
0.2698754668235779,187,233799,
0.11870449781417847,187,233849,
0.12648248672485352,187,233899,
0.23082315921783447,187,233949,
0.24808728694915771,187,233999,
0.14463651180267334,187,234049,
0.15866827964782715,187,234099,
0.29021191596984863,187,234149,
0.20698535442352295,187,234199,
0.20747143030166626,187,234249,
0.11004555225372314,187,234299,
0.4599002003669739,187,234349,
0.14066928625106812,187,234399,
0.15831810235977173,187,234449,
0.1617109775543213,187,234499,
0.17423248291015625,187,234549,
0.2900211215019226,187,234599,
,187,234623,0.6832433938980103
0.36035579442977905,188,234649,
0.1642358899116516,188,234699,
0.23424077033996582,188,234749,
0.1332806944847107,188,234799,
0.2689184546470642,188,234849,
0.2530936002731323,188,234899,
0.4026932120323181,188,234949,
0.13046139478683472,188,234999,
0.10753977298736572,188,235049,
0.18895620107650757,188,235099,
0.22929036617279053,188,235149,
0.29903072118759155,188,235199,
0.11409473419189453,188,235249,
0.3746395707130432,188,235299,
0.34558916091918945,188,235349,
0.12916350364685059,188,235399,
0.2972736358642578,188,235449,
0.21444255113601685,188,235499,
0.16576159000396729,188,235549,
0.21002453565597534,188,235599,
0.2908879518508911,188,235649,
0.17329591512680054,188,235699,
0.3362358808517456,188,235749,
0.06540787220001221,188,235799,
0.08690440654754639,188,235849,
,188,235871,0.6826097965240479
0.2569414973258972,189,235899,
0.2296321988105774,189,235949,
0.260769248008728,189,235999,
0.22261756658554077,189,236049,
0.05849909782409668,189,236099,
0.25891005992889404,189,236149,
0.21912097930908203,189,236199,
0.17315489053726196,189,236249,
0.2605646252632141,189,236299,
0.1505674123764038,189,236349,
0.17505556344985962,189,236399,
0.21565985679626465,189,236449,
0.16512572765350342,189,236499,
0.29502689838409424,189,236549,
0.226628839969635,189,236599,
0.08549350500106812,189,236649,
0.10716104507446289,189,236699,
0.2655898928642273,189,236749,
0.16983139514923096,189,236799,
0.2218247652053833,189,236849,
0.26532918214797974,189,236899,
0.31888341903686523,189,236949,
0.23285776376724243,189,236999,
0.24315249919891357,189,237049,
0.3974689245223999,189,237099,
,189,237119,0.6767187118530273
0.16045540571212769,190,237149,
0.21910041570663452,190,237199,
0.14622223377227783,190,237249,
0.18876254558563232,190,237299,
0.2710576057434082,190,237349,
0.18529361486434937,190,237399,
0.16109144687652588,190,237449,
0.3858272433280945,190,237499,
0.17975777387619019,190,237549,
0.3110729455947876,190,237599,
0.23989200592041016,190,237649,
0.11135834455490112,190,237699,
0.13742685317993164,190,237749,
0.21788769960403442,190,237799,
0.14712107181549072,190,237849,
0.1585405468940735,190,237899,
0.420585036277771,190,237949,
0.20547401905059814,190,237999,
0.23708033561706543,190,238049,
0.11736810207366943,190,238099,
0.2195790410041809,190,238149,
0.23500007390975952,190,238199,
0.19271403551101685,190,238249,
0.27079135179519653,190,238299,
0.1694738268852234,190,238349,
,190,238367,0.6772156357765198
0.18943113088607788,191,238399,
0.08959835767745972,191,238449,
0.17716628313064575,191,238499,
0.1840844750404358,191,238549,
0.12294387817382812,191,238599,
0.21173930168151855,191,238649,
0.0720747709274292,191,238699,
0.16911667585372925,191,238749,
0.2766205668449402,191,238799,
0.25396275520324707,191,238849,
0.23085421323776245,191,238899,
0.2103007435798645,191,238949,
0.2695763111114502,191,238999,
0.2718780040740967,191,239049,
0.3728819489479065,191,239099,
0.21161019802093506,191,239149,
0.13419842720031738,191,239199,
0.5445763468742371,191,239249,
0.17975646257400513,191,239299,
0.1748368740081787,191,239349,
0.15104413032531738,191,239399,
0.3045375943183899,191,239449,
0.3531462550163269,191,239499,
0.19504016637802124,191,239549,
0.3490435481071472,191,239599,
,191,239615,0.6758401989936829
0.12066173553466797,192,239649,
0.06007939577102661,192,239699,
0.16470152139663696,192,239749,
0.43930482864379883,192,239799,
0.24788177013397217,192,239849,
0.21487700939178467,192,239899,
0.17678815126419067,192,239949,
0.2887575626373291,192,239999,
0.11941373348236084,192,240049,
0.28291183710098267,192,240099,
0.1723334789276123,192,240149,
0.2333965301513672,192,240199,
0.22146236896514893,192,240249,
0.16479265689849854,192,240299,
0.25666332244873047,192,240349,
0.20167726278305054,192,240399,
0.22066599130630493,192,240449,
0.17763018608093262,192,240499,
0.19338667392730713,192,240549,
0.10601502656936646,192,240599,
0.20908284187316895,192,240649,
0.22940975427627563,192,240699,
0.4436687231063843,192,240749,
0.2363806962966919,192,240799,
0.12634676694869995,192,240849,
,192,240863,0.6745557188987732
0.37016505002975464,193,240899,
0.4578840136528015,193,240949,
0.10937458276748657,193,240999,
0.21784275770187378,193,241049,
0.19430214166641235,193,241099,
0.1584925651550293,193,241149,
0.15970224142074585,193,241199,
0.23790401220321655,193,241249,
0.21977853775024414,193,241299,
0.19260090589523315,193,241349,
0.1423167586326599,193,241399,
0.2249496579170227,193,241449,
0.29161137342453003,193,241499,
0.2382921576499939,193,241549,
0.21166545152664185,193,241599,
0.13628309965133667,193,241649,
0.10519790649414062,193,241699,
0.3246455788612366,193,241749,
0.28105229139328003,193,241799,
0.1549983024597168,193,241849,
0.06849515438079834,193,241899,
0.19573527574539185,193,241949,
0.14770883321762085,193,241999,
0.2204298973083496,193,242049,
0.28602296113967896,193,242099,
,193,242111,0.6820338368415833
0.055130600929260254,194,242149,
0.13056963682174683,194,242199,
0.0855908989906311,194,242249,
0.18873661756515503,194,242299,
0.16907751560211182,194,242349,
0.20631098747253418,194,242399,
0.3237045407295227,194,242449,
0.29819023609161377,194,242499,
0.2281055450439453,194,242549,
0.12570005655288696,194,242599,
0.22212493419647217,194,242649,
0.12865889072418213,194,242699,
0.137873113155365,194,242749,
0.14891093969345093,194,242799,
0.4094252586364746,194,242849,
0.24769192934036255,194,242899,
0.3010181188583374,194,242949,
0.20266872644424438,194,242999,
0.2524988651275635,194,243049,
0.08952528238296509,194,243099,
0.08234000205993652,194,243149,
0.18325424194335938,194,243199,
0.32657718658447266,194,243249,
0.18951088190078735,194,243299,
0.3181380033493042,194,243349,
,194,243359,0.6774722337722778
0.4272910952568054,195,243399,
0.057792842388153076,195,243449,
0.12425613403320312,195,243499,
0.19585752487182617,195,243549,
0.36016613245010376,195,243599,
0.19594568014144897,195,243649,
0.11235618591308594,195,243699,
0.2100260853767395,195,243749,
0.16812986135482788,195,243799,
0.22292935848236084,195,243849,
0.2742842435836792,195,243899,
0.3701767325401306,195,243949,
0.3157837390899658,195,243999,
0.2283058762550354,195,244049,
0.2681889533996582,195,244099,
0.29742878675460815,195,244149,
0.07102036476135254,195,244199,
0.1646917462348938,195,244249,
0.21864628791809082,195,244299,
0.2144477367401123,195,244349,
0.25815266370773315,195,244399,
0.04906797409057617,195,244449,
0.08135902881622314,195,244499,
0.169059157371521,195,244549,
0.1821724772453308,195,244599,
,195,244607,0.6744831204414368
0.1448625922203064,196,244649,
0.2369222640991211,196,244699,
0.20527362823486328,196,244749,
0.12206947803497314,196,244799,
0.30065077543258667,196,244849,
0.18223071098327637,196,244899,
0.14595717191696167,196,244949,
0.23062562942504883,196,244999,
0.10670292377471924,196,245049,
0.06645429134368896,196,245099,
0.2873626947402954,196,245149,
0.40919411182403564,196,245199,
0.2717801332473755,196,245249,
0.12825912237167358,196,245299,
0.25943171977996826,196,245349,
0.20697999000549316,196,245399,
0.48538756370544434,196,245449,
0.2545925974845886,196,245499,
0.19709712266921997,196,245549,
0.21685433387756348,196,245599,
0.20576924085617065,196,245649,
0.13410210609436035,196,245699,
0.27895212173461914,196,245749,
0.20635837316513062,196,245799,
0.2353082299232483,196,245849,
,196,245855,0.6794447302818298
0.27498966455459595,197,245899,
0.20374757051467896,197,245949,
0.1977921724319458,197,245999,
0.24525094032287598,197,246049,
0.15673869848251343,197,246099,
0.27064114809036255,197,246149,
0.18908172845840454,197,246199,
0.11330592632293701,197,246249,
0.36340653896331787,197,246299,
0.13765114545822144,197,246349,
0.46115148067474365,197,246399,
0.11129522323608398,197,246449,
0.16074395179748535,197,246499,
0.1812962293624878,197,246549,
0.2903496026992798,197,246599,
0.22800612449645996,197,246649,
0.21294641494750977,197,246699,
0.235892653465271,197,246749,
0.3235894441604614,197,246799,
0.2041667103767395,197,246849,
0.3071671724319458,197,246899,
0.22042888402938843,197,246949,
0.21151912212371826,197,246999,
0.23267322778701782,197,247049,
0.21302539110183716,197,247099,
,197,247103,0.6802812218666077
0.13217198848724365,198,247149,
0.12792456150054932,198,247199,
0.29532915353775024,198,247249,
0.13881313800811768,198,247299,
0.2954519987106323,198,247349,
0.1459423303604126,198,247399,
0.2898824214935303,198,247449,
0.12252849340438843,198,247499,
0.17133033275604248,198,247549,
0.3672073483467102,198,247599,
0.34554052352905273,198,247649,
0.055859386920928955,198,247699,
0.24637371301651,198,247749,
0.29265278577804565,198,247799,
0.13011878728866577,198,247849,
0.27614086866378784,198,247899,
0.23912876844406128,198,247949,
0.30032485723495483,198,247999,
0.13155770301818848,198,248049,
0.18205344676971436,198,248099,
0.31785088777542114,198,248149,
0.2539253234863281,198,248199,
0.21102774143218994,198,248249,
0.08160185813903809,198,248299,
0.19607728719711304,198,248349,
,198,248351,0.6751542091369629
0.22560244798660278,199,248399,
0.4272676110267639,199,248449,
0.16605603694915771,199,248499,
0.2954193353652954,199,248549,
0.17030984163284302,199,248599,
0.2496221661567688,199,248649,
0.3319546580314636,199,248699,
0.1967102289199829,199,248749,
0.5187426805496216,199,248799,
0.24274861812591553,199,248849,
0.17467832565307617,199,248899,
0.27628087997436523,199,248949,
0.2915846109390259,199,248999,
0.23776400089263916,199,249049,
0.14312398433685303,199,249099,
0.227616548538208,199,249149,
0.3240033984184265,199,249199,
0.1992167830467224,199,249249,
0.31344306468963623,199,249299,
0.11865854263305664,199,249349,
0.38063204288482666,199,249399,
0.22972971200942993,199,249449,
0.18360769748687744,199,249499,
0.4138573408126831,199,249549,
0.2308228611946106,199,249599,
,199,249599,0.6722464561462402
0.2267645001411438,200,249649,
0.3180502653121948,200,249699,
0.3765486478805542,200,249749,
0.33083999156951904,200,249799,
0.3185097575187683,200,249849,
0.29989027976989746,200,249899,
0.13899129629135132,200,249949,
0.13831639289855957,200,249999,
0.2615211009979248,200,250049,
0.27570635080337524,200,250099,
0.2905052900314331,200,250149,
0.25289613008499146,200,250199,
0.1488162875175476,200,250249,
0.23519539833068848,200,250299,
0.07832235097885132,200,250349,
0.16086602210998535,200,250399,
0.3244746923446655,200,250449,
0.12449032068252563,200,250499,
0.24873429536819458,200,250549,
0.16322416067123413,200,250599,
0.23866677284240723,200,250649,
0.10453373193740845,200,250699,
0.18100988864898682,200,250749,
0.30806100368499756,200,250799,
,200,250847,0.6782994866371155
0.12011069059371948,201,250849,
0.1370747685432434,201,250899,
0.33707499504089355,201,250949,
0.1244652271270752,201,250999,
0.2015734314918518,201,251049,
0.20864051580429077,201,251099,
0.3252860903739929,201,251149,
0.07493007183074951,201,251199,
0.20765072107315063,201,251249,
0.18770527839660645,201,251299,
0.17527347803115845,201,251349,
0.1815882921218872,201,251399,
0.28950202465057373,201,251449,
0.231423020362854,201,251499,
0.26783573627471924,201,251549,
0.2504050135612488,201,251599,
0.2655130624771118,201,251649,
0.21590769290924072,201,251699,
0.1339980959892273,201,251749,
0.2901952266693115,201,251799,
0.33037269115448,201,251849,
0.13044452667236328,201,251899,
0.1412155032157898,201,251949,
0.12584137916564941,201,251999,
0.23544907569885254,201,252049,
,201,252095,0.6751092076301575
0.1888960599899292,202,252099,
0.12389302253723145,202,252149,
0.24964791536331177,202,252199,
0.31966179609298706,202,252249,
0.2866964340209961,202,252299,
0.2647758722305298,202,252349,
0.22272717952728271,202,252399,
0.05069917440414429,202,252449,
0.08700144290924072,202,252499,
0.10732734203338623,202,252549,
0.2860766053199768,202,252599,
0.27288007736206055,202,252649,
0.19770139455795288,202,252699,
0.13339293003082275,202,252749,
0.267691969871521,202,252799,
0.22219562530517578,202,252849,
0.36554986238479614,202,252899,
0.38070106506347656,202,252949,
0.11684215068817139,202,252999,
0.14819926023483276,202,253049,
0.19876128435134888,202,253099,
0.13639169931411743,202,253149,
0.11189442873001099,202,253199,
0.31118541955947876,202,253249,
0.12540239095687866,202,253299,
,202,253343,0.6815792322158813
0.32096201181411743,203,253349,
0.14895999431610107,203,253399,
0.362800657749176,203,253449,
0.4496745467185974,203,253499,
0.18627899885177612,203,253549,
0.2525498867034912,203,253599,
0.2901318073272705,203,253649,
0.22052699327468872,203,253699,
0.1926267147064209,203,253749,
0.2360398769378662,203,253799,
0.30388182401657104,203,253849,
0.04845285415649414,203,253899,
0.08016884326934814,203,253949,
0.46059101819992065,203,253999,
0.1094866394996643,203,254049,
0.1166236400604248,203,254099,
0.3766239881515503,203,254149,
0.238997220993042,203,254199,
0.22214245796203613,203,254249,
0.19432401657104492,203,254299,
0.13522881269454956,203,254349,
0.21556949615478516,203,254399,
0.19990891218185425,203,254449,
0.23629361391067505,203,254499,
0.2012026309967041,203,254549,
,203,254591,0.6747963428497314
0.189255952835083,204,254599,
0.12546998262405396,204,254649,
0.16033416986465454,204,254699,
0.16083723306655884,204,254749,
0.1959083080291748,204,254799,
0.37896931171417236,204,254849,
0.05866581201553345,204,254899,
0.23551058769226074,204,254949,
0.15002566576004028,204,254999,
0.31579744815826416,204,255049,
0.35737454891204834,204,255099,
0.12436175346374512,204,255149,
0.2064836621284485,204,255199,
0.24440044164657593,204,255249,
0.2634899616241455,204,255299,
0.3422122001647949,204,255349,
0.19690096378326416,204,255399,
0.24326109886169434,204,255449,
0.21939289569854736,204,255499,
0.19101059436798096,204,255549,
0.10934203863143921,204,255599,
0.11889135837554932,204,255649,
0.10141998529434204,204,255699,
0.4936743378639221,204,255749,
0.2854330539703369,204,255799,
,204,255839,0.6733132600784302
0.36121195554733276,205,255849,
0.07358986139297485,205,255899,
0.2837509512901306,205,255949,
0.09755271673202515,205,255999,
0.22160178422927856,205,256049,
0.1824784278869629,205,256099,
0.20814871788024902,205,256149,
0.2408176064491272,205,256199,
0.08090400695800781,205,256249,
0.15368998050689697,205,256299,
0.2838881015777588,205,256349,
0.2382146716117859,205,256399,
0.44048428535461426,205,256449,
0.20907366275787354,205,256499,
0.23517370223999023,205,256549,
0.14202255010604858,205,256599,
0.296470582485199,205,256649,
0.4662054777145386,205,256699,
0.29550331830978394,205,256749,
0.2923990488052368,205,256799,
0.25631940364837646,205,256849,
0.1921796202659607,205,256899,
0.10716938972473145,205,256949,
0.11122125387191772,205,256999,
0.3445265293121338,205,257049,
,205,257087,0.6755116581916809
0.23216092586517334,206,257099,
0.20778167247772217,206,257149,
0.09418267011642456,206,257199,
0.1611018180847168,206,257249,
0.20916259288787842,206,257299,
0.09921598434448242,206,257349,
0.2112976312637329,206,257399,
0.29094958305358887,206,257449,
0.2843456268310547,206,257499,
0.26145797967910767,206,257549,
0.1472190022468567,206,257599,
0.04876917600631714,206,257649,
0.2509540915489197,206,257699,
0.27940136194229126,206,257749,
0.22385454177856445,206,257799,
0.3625109791755676,206,257849,
0.2634965777397156,206,257899,
0.18893229961395264,206,257949,
0.21640503406524658,206,257999,
0.27272820472717285,206,258049,
0.2338220477104187,206,258099,
0.21911412477493286,206,258149,
0.13918524980545044,206,258199,
0.2772841453552246,206,258249,
0.21234023571014404,206,258299,
,206,258335,0.6800116300582886
0.15488970279693604,207,258349,
0.3788961172103882,207,258399,
0.16155290603637695,207,258449,
0.18428075313568115,207,258499,
0.20033633708953857,207,258549,
0.19155174493789673,207,258599,
0.1651318073272705,207,258649,
0.1944342851638794,207,258699,
0.05780261754989624,207,258749,
0.13042324781417847,207,258799,
0.12477362155914307,207,258849,
0.4369410276412964,207,258899,
0.19208472967147827,207,258949,
0.22478961944580078,207,258999,
0.2913459539413452,207,259049,
0.20166552066802979,207,259099,
0.3142738938331604,207,259149,
0.22810500860214233,207,259199,
0.17394763231277466,207,259249,
0.22935211658477783,207,259299,
0.14079409837722778,207,259349,
0.06241190433502197,207,259399,
0.35578882694244385,207,259449,
0.2509031295776367,207,259499,
0.30516117811203003,207,259549,
,207,259583,0.6805823445320129
0.21398282051086426,208,259599,
0.18918508291244507,208,259649,
0.21145862340927124,208,259699,
0.34027165174484253,208,259749,
0.3445500135421753,208,259799,
0.21149450540542603,208,259849,
0.21498632431030273,208,259899,
0.33388036489486694,208,259949,
0.28165775537490845,208,259999,
0.2973899841308594,208,260049,
0.17524760961532593,208,260099,
0.1743142008781433,208,260149,
0.30823349952697754,208,260199,
0.11373907327651978,208,260249,
0.31927913427352905,208,260299,
0.12345516681671143,208,260349,
0.1423255205154419,208,260399,
0.19004011154174805,208,260449,
0.11661261320114136,208,260499,
0.13111215829849243,208,260549,
0.1926579475402832,208,260599,
0.3371248245239258,208,260649,
0.07960736751556396,208,260699,
0.27678823471069336,208,260749,
0.044627249240875244,208,260799,
,208,260831,0.6736931204795837
0.2518492341041565,209,260849,
0.19022136926651,209,260899,
0.21169769763946533,209,260949,
0.1742568016052246,209,260999,
0.07975828647613525,209,261049,
0.13363653421401978,209,261099,
0.2282794713973999,209,261149,
0.19127941131591797,209,261199,
0.1737115979194641,209,261249,
0.20986735820770264,209,261299,
0.11774307489395142,209,261349,
0.26187753677368164,209,261399,
0.17799603939056396,209,261449,
0.268655002117157,209,261499,
0.08652341365814209,209,261549,
0.10206973552703857,209,261599,
0.3707887530326843,209,261649,
0.14598160982131958,209,261699,
0.11863678693771362,209,261749,
0.3431384563446045,209,261799,
0.25705450773239136,209,261849,
0.33722198009490967,209,261899,
0.1976935863494873,209,261949,
0.23757696151733398,209,261999,
0.1308358907699585,209,262049,
,209,262079,0.6768165826797485
0.2710419297218323,210,262099,
0.20015138387680054,210,262149,
0.22346490621566772,210,262199,
0.2163512110710144,210,262249,
0.2266179323196411,210,262299,
0.26059603691101074,210,262349,
0.18851238489151,210,262399,
0.20446795225143433,210,262449,
0.11170309782028198,210,262499,
0.24498987197875977,210,262549,
0.18420279026031494,210,262599,
0.2701300382614136,210,262649,
0.581452488899231,210,262699,
0.24559342861175537,210,262749,
0.19060832262039185,210,262799,
0.2887011766433716,210,262849,
0.29553312063217163,210,262899,
0.2886043190956116,210,262949,
0.19391071796417236,210,262999,
0.22109335660934448,210,263049,
0.19169944524765015,210,263099,
0.3414519429206848,210,263149,
0.09187954664230347,210,263199,
0.14563316106796265,210,263249,
0.05995500087738037,210,263299,
,210,263327,0.6713255047798157
0.31269705295562744,211,263349,
0.27048730850219727,211,263399,
0.1782088279724121,211,263449,
0.20047783851623535,211,263499,
0.19469493627548218,211,263549,
0.3346923589706421,211,263599,
0.18343055248260498,211,263649,
0.11993753910064697,211,263699,
0.11249727010726929,211,263749,
0.19235771894454956,211,263799,
0.34648287296295166,211,263849,
0.15974372625350952,211,263899,
0.20566123723983765,211,263949,
0.08370959758758545,211,263999,
0.4377136826515198,211,264049,
0.05888456106185913,211,264099,
0.1298997402191162,211,264149,
0.19729483127593994,211,264199,
0.1250041127204895,211,264249,
0.16334760189056396,211,264299,
0.10309028625488281,211,264349,
0.16117149591445923,211,264399,
0.12167519330978394,211,264449,
0.28718674182891846,211,264499,
0.16628694534301758,211,264549,
,211,264575,0.6785631775856018
0.18601936101913452,212,264599,
0.2430049180984497,212,264649,
0.08604782819747925,212,264699,
0.17059212923049927,212,264749,
0.15932953357696533,212,264799,
0.07685256004333496,212,264849,
0.06798887252807617,212,264899,
0.09107023477554321,212,264949,
0.14913535118103027,212,264999,
0.19468015432357788,212,265049,
0.16121172904968262,212,265099,
0.11665308475494385,212,265149,
0.14425158500671387,212,265199,
0.3143061399459839,212,265249,
0.19264841079711914,212,265299,
0.14349359273910522,212,265349,
0.2390059232711792,212,265399,
0.288982629776001,212,265449,
0.30598533153533936,212,265499,
0.2045488953590393,212,265549,
0.3368649482727051,212,265599,
0.14006465673446655,212,265649,
0.25956833362579346,212,265699,
0.2750673294067383,212,265749,
0.1110042929649353,212,265799,
,212,265823,0.6745426058769226
0.23044878244400024,213,265849,
0.16822504997253418,213,265899,
0.20046484470367432,213,265949,
0.16275984048843384,213,265999,
0.22356468439102173,213,266049,
0.4093080163002014,213,266099,
0.17982852458953857,213,266149,
0.16794151067733765,213,266199,
0.29464882612228394,213,266249,
0.30822473764419556,213,266299,
0.30085188150405884,213,266349,
0.27576977014541626,213,266399,
0.23742860555648804,213,266449,
0.1980205774307251,213,266499,
0.18697065114974976,213,266549,
0.1996368169784546,213,266599,
0.11614745855331421,213,266649,
0.09946078062057495,213,266699,
0.21982961893081665,213,266749,
0.16779839992523193,213,266799,
0.14895498752593994,213,266849,
0.28380006551742554,213,266899,
0.24644851684570312,213,266949,
0.13553780317306519,213,266999,
0.15742433071136475,213,267049,
,213,267071,0.6736173629760742
0.23306548595428467,214,267099,
0.19175779819488525,214,267149,
0.3222951292991638,214,267199,
0.24515527486801147,214,267249,
0.22715532779693604,214,267299,
0.29231393337249756,214,267349,
0.33970361948013306,214,267399,
0.2734772562980652,214,267449,
0.11546087265014648,214,267499,
0.23637330532073975,214,267549,
0.10478782653808594,214,267599,
0.2706265449523926,214,267649,
0.21247470378875732,214,267699,
0.2738160490989685,214,267749,
0.3045547604560852,214,267799,
0.20500397682189941,214,267849,
0.1415942907333374,214,267899,
0.20081543922424316,214,267949,
0.24664545059204102,214,267999,
0.3751673102378845,214,268049,
0.20188814401626587,214,268099,
0.19420868158340454,214,268149,
0.2527392506599426,214,268199,
0.21458524465560913,214,268249,
0.20888924598693848,214,268299,
,214,268319,0.6729578971862793
0.18151569366455078,215,268349,
0.2776874899864197,215,268399,
0.12609022855758667,215,268449,
0.19309371709823608,215,268499,
0.21833324432373047,215,268549,
0.24188143014907837,215,268599,
0.13154679536819458,215,268649,
0.3218497037887573,215,268699,
0.17936301231384277,215,268749,
0.15485858917236328,215,268799,
0.13039547204971313,215,268849,
0.21076339483261108,215,268899,
0.1610773801803589,215,268949,
0.20596843957901,215,268999,
0.06761658191680908,215,269049,
0.1417001485824585,215,269099,
0.2754765748977661,215,269149,
0.18706554174423218,215,269199,
0.20085209608078003,215,269249,
0.26826953887939453,215,269299,
0.2401149868965149,215,269349,
0.32720792293548584,215,269399,
0.11789894104003906,215,269449,
0.18991369009017944,215,269499,
0.2026267647743225,215,269549,
,215,269567,0.6717627644538879
0.14199388027191162,216,269599,
0.045934975147247314,216,269649,
0.2339666485786438,216,269699,
0.11348140239715576,216,269749,
0.3401169776916504,216,269799,
0.2938358783721924,216,269849,
0.24403369426727295,216,269899,
0.4591045379638672,216,269949,
0.24769943952560425,216,269999,
0.07754278182983398,216,270049,
0.10100090503692627,216,270099,
0.36286330223083496,216,270149,
0.19953596591949463,216,270199,
0.19896924495697021,216,270249,
0.24881196022033691,216,270299,
0.3570452332496643,216,270349,
0.22937583923339844,216,270399,
0.14268028736114502,216,270449,
0.2024739384651184,216,270499,
0.258867084980011,216,270549,
0.215923011302948,216,270599,
0.27156341075897217,216,270649,
0.3288343548774719,216,270699,
0.15534508228302002,216,270749,
0.19824433326721191,216,270799,
,216,270815,0.6740896701812744
0.15675199031829834,217,270849,
0.20379376411437988,217,270899,
0.24027979373931885,217,270949,
0.12030863761901855,217,270999,
0.2648470997810364,217,271049,
0.06005018949508667,217,271099,
0.1556289792060852,217,271149,
0.14254558086395264,217,271199,
0.04511141777038574,217,271249,
0.135481059551239,217,271299,
0.14099794626235962,217,271349,
0.06518453359603882,217,271399,
0.19467324018478394,217,271449,
0.3885308504104614,217,271499,
0.3126559257507324,217,271549,
0.213118314743042,217,271599,
0.38946932554244995,217,271649,
0.31418097019195557,217,271699,
0.16491109132766724,217,271749,
0.2610960006713867,217,271799,
0.25806039571762085,217,271849,
0.14617514610290527,217,271899,
0.14249086380004883,217,271949,
0.07787591218948364,217,271999,
0.14070481061935425,217,272049,
,217,272063,0.6757013201713562
0.20812499523162842,218,272099,
0.2654292583465576,218,272149,
0.3935173749923706,218,272199,
0.07372921705245972,218,272249,
0.2956010103225708,218,272299,
0.1344435214996338,218,272349,
0.19608581066131592,218,272399,
0.41460222005844116,218,272449,
0.17357498407363892,218,272499,
0.2005077600479126,218,272549,
0.19394099712371826,218,272599,
0.12018942832946777,218,272649,
0.3363255262374878,218,272699,
0.18482089042663574,218,272749,
0.13685250282287598,218,272799,
0.27629101276397705,218,272849,
0.0696636438369751,218,272899,
0.08259332180023193,218,272949,
0.047559916973114014,218,272999,
0.12037700414657593,218,273049,
0.193864107131958,218,273099,
0.26043546199798584,218,273149,
0.2567409873008728,218,273199,
0.14638370275497437,218,273249,
0.12881851196289062,218,273299,
,218,273311,0.6699395775794983
0.1340828537940979,219,273349,
0.05083823204040527,219,273399,
0.17561030387878418,219,273449,
0.19475716352462769,219,273499,
0.19901329278945923,219,273549,
0.1900905966758728,219,273599,
0.28667646646499634,219,273649,
0.04154503345489502,219,273699,
0.257129430770874,219,273749,
0.10673671960830688,219,273799,
0.17362844944000244,219,273849,
0.1988617181777954,219,273899,
0.16138708591461182,219,273949,
0.39021575450897217,219,273999,
0.3085823059082031,219,274049,
0.1552456021308899,219,274099,
0.23991531133651733,219,274149,
0.24105292558670044,219,274199,
0.07496261596679688,219,274249,
0.21721351146697998,219,274299,
0.12337452173233032,219,274349,
0.28236281871795654,219,274399,
0.23824596405029297,219,274449,
0.22044992446899414,219,274499,
0.2083301544189453,219,274549,
,219,274559,0.6719027757644653
0.36070817708969116,220,274599,
0.17896538972854614,220,274649,
0.13097834587097168,220,274699,
0.21811282634735107,220,274749,
0.2327941656112671,220,274799,
0.21037358045578003,220,274849,
0.16078799962997437,220,274899,
0.4297472834587097,220,274949,
0.12553906440734863,220,274999,
0.23830783367156982,220,275049,
0.0756729245185852,220,275099,
0.1903325319290161,220,275149,
0.15302294492721558,220,275199,
0.13626974821090698,220,275249,
0.18421542644500732,220,275299,
0.19789230823516846,220,275349,
0.3499911427497864,220,275399,
0.259465754032135,220,275449,
0.36748337745666504,220,275499,
0.07286018133163452,220,275549,
0.11194485425949097,220,275599,
0.056373775005340576,220,275649,
0.1940956711769104,220,275699,
0.3736306428909302,220,275749,
0.15221726894378662,220,275799,
,220,275807,0.6773029565811157
0.12325137853622437,221,275849,
0.10612684488296509,221,275899,
0.20347559452056885,221,275949,
0.10927289724349976,221,275999,
0.2260723114013672,221,276049,
0.2943006753921509,221,276099,
0.1352156400680542,221,276149,
0.25077539682388306,221,276199,
0.21021944284439087,221,276249,
0.1423148512840271,221,276299,
0.2425684928894043,221,276349,
0.3288399577140808,221,276399,
0.16944962739944458,221,276449,
0.17212218046188354,221,276499,
0.32186806201934814,221,276549,
0.15283340215682983,221,276599,
0.2824751138687134,221,276649,
0.24832099676132202,221,276699,
0.37131237983703613,221,276749,
0.15612125396728516,221,276799,
0.2904645800590515,221,276849,
0.2588946223258972,221,276899,
0.21092522144317627,221,276949,
0.129092276096344,221,276999,
0.249042809009552,221,277049,
,221,277055,0.671981930732727
0.07188689708709717,222,277099,
0.13453799486160278,222,277149,
0.12963765859603882,222,277199,
0.2650827169418335,222,277249,
0.08072823286056519,222,277299,
0.3016048073768616,222,277349,
0.1762545108795166,222,277399,
0.11453789472579956,222,277449,
0.180341899394989,222,277499,
0.05791783332824707,222,277549,
0.28737491369247437,222,277599,
0.2559387683868408,222,277649,
0.10885149240493774,222,277699,
0.1426427960395813,222,277749,
0.3760756254196167,222,277799,
0.1986904740333557,222,277849,
0.08751875162124634,222,277899,
0.391301691532135,222,277949,
0.1850258708000183,222,277999,
0.21672415733337402,222,278049,
0.1986493468284607,222,278099,
0.24055469036102295,222,278149,
0.13719946146011353,222,278199,
0.26472675800323486,222,278249,
0.11936479806900024,222,278299,
,222,278303,0.6747470498085022
0.2457592487335205,223,278349,
0.20786339044570923,223,278399,
0.24931615591049194,223,278449,
0.13991951942443848,223,278499,
0.2597770690917969,223,278549,
0.1628437638282776,223,278599,
0.11974352598190308,223,278649,
0.3140539526939392,223,278699,
0.1685413122177124,223,278749,
0.2343306541442871,223,278799,
0.23436331748962402,223,278849,
0.40691041946411133,223,278899,
0.2477697730064392,223,278949,
0.25795531272888184,223,278999,
0.11449110507965088,223,279049,
0.07366406917572021,223,279099,
0.3172783851623535,223,279149,
0.33223724365234375,223,279199,
0.2901989221572876,223,279249,
0.178303062915802,223,279299,
0.05615866184234619,223,279349,
0.3038211464881897,223,279399,
0.18210768699645996,223,279449,
0.17307114601135254,223,279499,
0.2111138105392456,223,279549,
,223,279551,0.6805114150047302
0.2685322165489197,224,279599,
0.2641427516937256,224,279649,
0.18128353357315063,224,279699,
0.1867874264717102,224,279749,
0.250643789768219,224,279799,
0.4019591212272644,224,279849,
0.1691950559616089,224,279899,
0.06567150354385376,224,279949,
0.12648433446884155,224,279999,
0.19695627689361572,224,280049,
0.20522397756576538,224,280099,
0.3729351758956909,224,280149,
0.35201185941696167,224,280199,
0.23940718173980713,224,280249,
0.17374300956726074,224,280299,
0.1701587438583374,224,280349,
0.06108355522155762,224,280399,
0.1554814577102661,224,280449,
0.11664623022079468,224,280499,
0.133527934551239,224,280549,
0.34855377674102783,224,280599,
0.17982053756713867,224,280649,
0.22175461053848267,224,280699,
0.11654877662658691,224,280749,
0.10137724876403809,224,280799,
,224,280799,0.6764967441558838
0.19854342937469482,225,280849,
0.24414992332458496,225,280899,
0.1141810417175293,225,280949,
0.11708015203475952,225,280999,
0.14394158124923706,225,281049,
0.11719363927841187,225,281099,
0.2452455759048462,225,281149,
0.11369329690933228,225,281199,
0.1705625057220459,225,281249,
0.26434212923049927,225,281299,
0.2729960083961487,225,281349,
0.17297446727752686,225,281399,
0.1330915093421936,225,281449,
0.20310276746749878,225,281499,
0.2069779634475708,225,281549,
0.3273242712020874,225,281599,
0.15374237298965454,225,281649,
0.2556178569793701,225,281699,
0.18374019861221313,225,281749,
0.1633424162864685,225,281799,
0.2513498067855835,225,281849,
0.1003769040107727,225,281899,
0.3068743348121643,225,281949,
0.12320703268051147,225,281999,
,225,282047,0.6759510636329651
0.43572288751602173,226,282049,
0.17953616380691528,226,282099,
0.14646083116531372,226,282149,
0.4689757227897644,226,282199,
0.3237925171852112,226,282249,
0.2520272731781006,226,282299,
0.31471240520477295,226,282349,
0.2997123599052429,226,282399,
0.13115686178207397,226,282449,
0.15968263149261475,226,282499,
0.050837934017181396,226,282549,
0.24745029211044312,226,282599,
0.38256365060806274,226,282649,
0.3507779836654663,226,282699,
0.2288030982017517,226,282749,
0.3393111824989319,226,282799,
0.18039727210998535,226,282849,
0.1898120641708374,226,282899,
0.1662648320198059,226,282949,
0.2646239995956421,226,282999,
0.12329035997390747,226,283049,
0.48381471633911133,226,283099,
0.1398199200630188,226,283149,
0.31381523609161377,226,283199,
0.19057172536849976,226,283249,
,226,283295,0.6709390878677368
0.11759883165359497,227,283299,
0.06982707977294922,227,283349,
0.3362518548965454,227,283399,
0.23225432634353638,227,283449,
0.27427518367767334,227,283499,
0.13657456636428833,227,283549,
0.05215251445770264,227,283599,
0.07296866178512573,227,283649,
0.06964117288589478,227,283699,
0.32271766662597656,227,283749,
0.13810360431671143,227,283799,
0.11511671543121338,227,283849,
0.3845333456993103,227,283899,
0.20998108386993408,227,283949,
0.16394352912902832,227,283999,
0.2247115969657898,227,284049,
0.20462679862976074,227,284099,
0.13512295484542847,227,284149,
0.33602744340896606,227,284199,
0.1639629602432251,227,284249,
0.3095230460166931,227,284299,
0.18511682748794556,227,284349,
0.10090523958206177,227,284399,
0.1960415244102478,227,284449,
0.16632544994354248,227,284499,
,227,284543,0.6784875392913818
0.24643349647521973,228,284549,
0.203965425491333,228,284599,
0.3362880349159241,228,284649,
0.2883703112602234,228,284699,
0.2681517004966736,228,284749,
0.2928658723831177,228,284799,
0.179290771484375,228,284849,
0.23145389556884766,228,284899,
0.2732387185096741,228,284949,
0.2366538643836975,228,284999,
0.29410552978515625,228,285049,
0.14209508895874023,228,285099,
0.17850929498672485,228,285149,
0.1488822102546692,228,285199,
0.18522590398788452,228,285249,
0.2308201789855957,228,285299,
0.2089461088180542,228,285349,
0.5208628177642822,228,285399,
0.1613091230392456,228,285449,
0.31283020973205566,228,285499,
0.12874454259872437,228,285549,
0.10911893844604492,228,285599,
0.48221051692962646,228,285649,
0.20992004871368408,228,285699,
0.20111507177352905,228,285749,
,228,285791,0.6777180433273315
0.29303765296936035,229,285799,
0.19068408012390137,229,285849,
0.19949579238891602,229,285899,
0.16439807415008545,229,285949,
0.16258245706558228,229,285999,
0.2848948836326599,229,286049,
0.1409451961517334,229,286099,
0.25988471508026123,229,286149,
0.12529170513153076,229,286199,
0.2143576741218567,229,286249,
0.16880100965499878,229,286299,
0.3802899718284607,229,286349,
0.2398664355278015,229,286399,
0.2800482511520386,229,286449,
0.19484305381774902,229,286499,
0.27839428186416626,229,286549,
0.13999760150909424,229,286599,
0.1503635048866272,229,286649,
0.12106847763061523,229,286699,
0.11354619264602661,229,286749,
0.17197787761688232,229,286799,
0.25858235359191895,229,286849,
0.21313464641571045,229,286899,
0.21310466527938843,229,286949,
0.12301915884017944,229,286999,
,229,287039,0.6757453680038452
0.419399619102478,230,287049,
0.29398423433303833,230,287099,
0.29744797945022583,230,287149,
0.13254541158676147,230,287199,
0.28170114755630493,230,287249,
0.2858070731163025,230,287299,
0.15403962135314941,230,287349,
0.23145544528961182,230,287399,
0.287680983543396,230,287449,
0.32883602380752563,230,287499,
0.1143684983253479,230,287549,
0.3958723545074463,230,287599,
0.3154140114784241,230,287649,
0.08461713790893555,230,287699,
0.18009674549102783,230,287749,
0.20195966958999634,230,287799,
0.261339008808136,230,287849,
0.24678033590316772,230,287899,
0.33872586488723755,230,287949,
0.18107450008392334,230,287999,
0.22840404510498047,230,288049,
0.1671960949897766,230,288099,
0.09600669145584106,230,288149,
0.3204877972602844,230,288199,
0.2920588254928589,230,288249,
,230,288287,0.6765793561935425
0.2568906545639038,231,288299,
0.2698572874069214,231,288349,
0.1195250153541565,231,288399,
0.25785720348358154,231,288449,
0.3076658248901367,231,288499,
0.21052509546279907,231,288549,
0.1810176968574524,231,288599,
0.1862674355506897,231,288649,
0.13808047771453857,231,288699,
0.11038649082183838,231,288749,
0.20130884647369385,231,288799,
0.37882399559020996,231,288849,
0.11683708429336548,231,288899,
0.20981675386428833,231,288949,
0.1562771201133728,231,288999,
0.19975650310516357,231,289049,
0.3961842656135559,231,289099,
0.1294834017753601,231,289149,
0.12505775690078735,231,289199,
0.23032808303833008,231,289249,
0.16595196723937988,231,289299,
0.19420623779296875,231,289349,
0.08425253629684448,231,289399,
0.16888391971588135,231,289449,
0.1302635669708252,231,289499,
,231,289535,0.6760469675064087
0.23892635107040405,232,289549,
0.22785484790802002,232,289599,
0.34249669313430786,232,289649,
0.16904842853546143,232,289699,
0.1316094994544983,232,289749,
0.08968353271484375,232,289799,
0.14571934938430786,232,289849,
0.10944867134094238,232,289899,
0.1688917875289917,232,289949,
0.12744039297103882,232,289999,
0.24751752614974976,232,290049,
0.2586943507194519,232,290099,
0.17150413990020752,232,290149,
0.40068894624710083,232,290199,
0.21509641408920288,232,290249,
0.052947163581848145,232,290299,
0.19571030139923096,232,290349,
0.2338963747024536,232,290399,
0.0926443338394165,232,290449,
0.1050310730934143,232,290499,
0.18447983264923096,232,290549,
0.16724151372909546,232,290599,
0.12575894594192505,232,290649,
0.0686652660369873,232,290699,
0.09964156150817871,232,290749,
,232,290783,0.6789002418518066
0.06806010007858276,233,290799,
0.19500428438186646,233,290849,
0.15498566627502441,233,290899,
0.19551271200180054,233,290949,
0.12858933210372925,233,290999,
0.5054038763046265,233,291049,
0.14299392700195312,233,291099,
0.103526771068573,233,291149,
0.11333870887756348,233,291199,
0.27884888648986816,233,291249,
0.19557678699493408,233,291299,
0.1393623948097229,233,291349,
0.22758686542510986,233,291399,
0.25149738788604736,233,291449,
0.26418691873550415,233,291499,
0.13398277759552002,233,291549,
0.18222635984420776,233,291599,
0.18878793716430664,233,291649,
0.14641624689102173,233,291699,
0.20241886377334595,233,291749,
0.31159693002700806,233,291799,
0.1354624629020691,233,291849,
0.21538668870925903,233,291899,
0.27355873584747314,233,291949,
0.10204911231994629,233,291999,
,233,292031,0.6743015646934509
0.11060225963592529,234,292049,
0.15045350790023804,234,292099,
0.10404074192047119,234,292149,
0.18314796686172485,234,292199,
0.18875539302825928,234,292249,
0.2914782166481018,234,292299,
0.12648624181747437,234,292349,
0.19582587480545044,234,292399,
0.1210242509841919,234,292449,
0.21544945240020752,234,292499,
0.16372525691986084,234,292549,
0.17304378747940063,234,292599,
0.26102733612060547,234,292649,
0.10943984985351562,234,292699,
0.18583881855010986,234,292749,
0.27360624074935913,234,292799,
0.25687748193740845,234,292849,
0.2594504952430725,234,292899,
0.32567352056503296,234,292949,
0.07405364513397217,234,292999,
0.29993635416030884,234,293049,
0.23942691087722778,234,293099,
0.32416659593582153,234,293149,
0.2079857587814331,234,293199,
0.15182584524154663,234,293249,
,234,293279,0.6782331466674805
0.31866586208343506,235,293299,
0.19907605648040771,235,293349,
0.28377509117126465,235,293399,
0.16951888799667358,235,293449,
0.20770400762557983,235,293499,
0.13391762971878052,235,293549,
0.23511451482772827,235,293599,
0.24822574853897095,235,293649,
0.20656859874725342,235,293699,
0.3078683018684387,235,293749,
0.2768990397453308,235,293799,
0.25257885456085205,235,293849,
0.4100797176361084,235,293899,
0.40469831228256226,235,293949,
0.25839316844940186,235,293999,
0.4596732258796692,235,294049,
0.03807729482650757,235,294099,
0.166467547416687,235,294149,
0.18938511610031128,235,294199,
0.222723126411438,235,294249,
0.09569919109344482,235,294299,
0.2371443510055542,235,294349,
0.17773640155792236,235,294399,
0.3089832663536072,235,294449,
0.1147269606590271,235,294499,
,235,294527,0.6784144639968872
0.22226905822753906,236,294549,
0.19600850343704224,236,294599,
0.3105900287628174,236,294649,
0.18543744087219238,236,294699,
0.07389068603515625,236,294749,
0.16048479080200195,236,294799,
0.06587642431259155,236,294849,
0.2190811038017273,236,294899,
0.22065842151641846,236,294949,
0.37791770696640015,236,294999,
0.2667624354362488,236,295049,
0.19203084707260132,236,295099,
0.03451275825500488,236,295149,
0.2365766167640686,236,295199,
0.35528236627578735,236,295249,
0.12094098329544067,236,295299,
0.1211097240447998,236,295349,
0.2343684434890747,236,295399,
0.07498925924301147,236,295449,
0.0949012041091919,236,295499,
0.0365825891494751,236,295549,
0.3476840853691101,236,295599,
0.2517496943473816,236,295649,
0.19101351499557495,236,295699,
0.15411806106567383,236,295749,
,236,295775,0.679999053478241
0.07287198305130005,237,295799,
0.13393241167068481,237,295849,
0.16124963760375977,237,295899,
0.17162960767745972,237,295949,
0.10671240091323853,237,295999,
0.19546282291412354,237,296049,
0.06516158580780029,237,296099,
0.23194921016693115,237,296149,
0.2207622528076172,237,296199,
0.04636681079864502,237,296249,
0.2681617736816406,237,296299,
0.3606429100036621,237,296349,
0.2627031207084656,237,296399,
0.12218916416168213,237,296449,
0.3839597702026367,237,296499,
0.29002660512924194,237,296549,
0.11178463697433472,237,296599,
0.2027360200881958,237,296649,
0.3042442202568054,237,296699,
0.26805639266967773,237,296749,
0.09441763162612915,237,296799,
0.1791071891784668,237,296849,
0.2305082082748413,237,296899,
0.15869081020355225,237,296949,
0.14745044708251953,237,296999,
,237,297023,0.6771412491798401
0.09145325422286987,238,297049,
0.19001084566116333,238,297099,
0.24426400661468506,238,297149,
0.2395000457763672,238,297199,
0.19379931688308716,238,297249,
0.16465306282043457,238,297299,
0.1179884672164917,238,297349,
0.20487064123153687,238,297399,
0.06591260433197021,238,297449,
0.3017876148223877,238,297499,
0.17105215787887573,238,297549,
0.273273229598999,238,297599,
0.16998374462127686,238,297649,
0.21476322412490845,238,297699,
0.27259814739227295,238,297749,
0.18438667058944702,238,297799,
0.2074493169784546,238,297849,
0.20868772268295288,238,297899,
0.13029813766479492,238,297949,
0.28736114501953125,238,297999,
0.1908172369003296,238,298049,
0.2443867325782776,238,298099,
0.1622682809829712,238,298149,
0.3641265630722046,238,298199,
0.16591662168502808,238,298249,
,238,298271,0.6774986386299133
0.13025087118148804,239,298299,
0.07829326391220093,239,298349,
0.1491602063179016,239,298399,
0.2630062699317932,239,298449,
0.25020188093185425,239,298499,
0.24866479635238647,239,298549,
0.3102192282676697,239,298599,
0.27895814180374146,239,298649,
0.07590079307556152,239,298699,
0.26679033041000366,239,298749,
0.07057183980941772,239,298799,
0.13365739583969116,239,298849,
0.23866945505142212,239,298899,
0.06429058313369751,239,298949,
0.2921030521392822,239,298999,
0.18873393535614014,239,299049,
0.2595255970954895,239,299099,
0.07952255010604858,239,299149,
0.08207595348358154,239,299199,
0.25216370820999146,239,299249,
0.2934320569038391,239,299299,
0.1561034917831421,239,299349,
0.23851913213729858,239,299399,
0.14067357778549194,239,299449,
0.16226691007614136,239,299499,
,239,299519,0.6742655038833618
0.0616987943649292,240,299549,
0.13270515203475952,240,299599,
0.28072893619537354,240,299649,
0.19038712978363037,240,299699,
0.23201125860214233,240,299749,
0.20289301872253418,240,299799,
0.24910205602645874,240,299849,
0.12071609497070312,240,299899,
0.196247398853302,240,299949,
0.06377947330474854,240,299999,
0.21124714612960815,240,300049,
0.18600374460220337,240,300099,
0.2218957543373108,240,300149,
0.11677783727645874,240,300199,
0.05933868885040283,240,300249,
0.2866203784942627,240,300299,
0.23509222269058228,240,300349,
0.12601250410079956,240,300399,
0.1525847315788269,240,300449,
0.14915287494659424,240,300499,
0.056189775466918945,240,300549,
0.14963334798812866,240,300599,
0.3155490756034851,240,300649,
0.27352869510650635,240,300699,
0.4065507650375366,240,300749,
,240,300767,0.6739206314086914
0.2411097288131714,241,300799,
0.11112689971923828,241,300849,
0.1570935845375061,241,300899,
0.2549225687980652,241,300949,
0.12758201360702515,241,300999,
0.2817932367324829,241,301049,
0.16868853569030762,241,301099,
0.15112453699111938,241,301149,
0.199712336063385,241,301199,
0.06439816951751709,241,301249,
0.17181158065795898,241,301299,
0.21709024906158447,241,301349,
0.32998329401016235,241,301399,
0.19823938608169556,241,301449,
0.261417031288147,241,301499,
0.3104216456413269,241,301549,
0.26678770780563354,241,301599,
0.11166208982467651,241,301649,
0.06340986490249634,241,301699,
0.23292624950408936,241,301749,
0.500575065612793,241,301799,
0.19370567798614502,241,301849,
0.22438526153564453,241,301899,
0.24729537963867188,241,301949,
0.20374804735183716,241,301999,
,241,302015,0.6789186000823975
0.24603921175003052,242,302049,
0.11925399303436279,242,302099,
0.16567450761795044,242,302149,
0.22513937950134277,242,302199,
0.21896737813949585,242,302249,
0.3349311947822571,242,302299,
0.2680221199989319,242,302349,
0.2565578818321228,242,302399,
0.23158138990402222,242,302449,
0.10572981834411621,242,302499,
0.2688719630241394,242,302549,
0.19079262018203735,242,302599,
0.14968371391296387,242,302649,
0.29731565713882446,242,302699,
0.1534121036529541,242,302749,
0.15866458415985107,242,302799,
0.13983845710754395,242,302849,
0.2556823492050171,242,302899,
0.07114487886428833,242,302949,
0.20189839601516724,242,302999,
0.22226238250732422,242,303049,
0.3144829273223877,242,303099,
0.11618083715438843,242,303149,
0.2336411476135254,242,303199,
0.26502525806427,242,303249,
,242,303263,0.6747205257415771
0.17016202211380005,243,303299,
0.12414294481277466,243,303349,
0.30834197998046875,243,303399,
0.15797656774520874,243,303449,
0.21065866947174072,243,303499,
0.10570037364959717,243,303549,
0.29969197511672974,243,303599,
0.20762896537780762,243,303649,
0.11538124084472656,243,303699,
0.21576476097106934,243,303749,
0.27838343381881714,243,303799,
0.12791240215301514,243,303849,
0.2633149027824402,243,303899,
0.19491630792617798,243,303949,
0.3102520704269409,243,303999,
0.13035452365875244,243,304049,
0.2512519955635071,243,304099,
0.21885466575622559,243,304149,
0.20795023441314697,243,304199,
0.1130017638206482,243,304249,
0.18395406007766724,243,304299,
0.21003717184066772,243,304349,
0.22752231359481812,243,304399,
0.11294287443161011,243,304449,
0.31804245710372925,243,304499,
,243,304511,0.6742448806762695
0.28470754623413086,244,304549,
0.12662845849990845,244,304599,
0.16894513368606567,244,304649,
0.2108985185623169,244,304699,
0.19621306657791138,244,304749,
0.32906001806259155,244,304799,
0.3994333744049072,244,304849,
0.3449859619140625,244,304899,
0.38874340057373047,244,304949,
0.4452396035194397,244,304999,
0.20655667781829834,244,305049,
0.05109584331512451,244,305099,
0.2573930025100708,244,305149,
0.2967907190322876,244,305199,
0.1723726987838745,244,305249,
0.4314575791358948,244,305299,
0.12293469905853271,244,305349,
0.15050530433654785,244,305399,
0.23545902967453003,244,305449,
0.18301188945770264,244,305499,
0.47630518674850464,244,305549,
0.13575011491775513,244,305599,
0.19872325658798218,244,305649,
0.18725240230560303,244,305699,
0.1086074709892273,244,305749,
,244,305759,0.6749591827392578
0.12454229593276978,245,305799,
0.08176010847091675,245,305849,
0.3493072986602783,245,305899,
0.27942025661468506,245,305949,
0.25346291065216064,245,305999,
0.16812807321548462,245,306049,
0.23775506019592285,245,306099,
0.2481088638305664,245,306149,
0.11628109216690063,245,306199,
0.07301872968673706,245,306249,
0.2540493607521057,245,306299,
0.38595885038375854,245,306349,
0.28915250301361084,245,306399,
0.09242349863052368,245,306449,
0.081634521484375,245,306499,
0.29644066095352173,245,306549,
0.213004469871521,245,306599,
0.12112933397293091,245,306649,
0.32864028215408325,245,306699,
0.13015073537826538,245,306749,
0.24761366844177246,245,306799,
0.2509676218032837,245,306849,
0.3008386492729187,245,306899,
0.2981024384498596,245,306949,
0.17269361019134521,245,306999,
,245,307007,0.6740342974662781
0.11374521255493164,246,307049,
0.24227917194366455,246,307099,
0.14454102516174316,246,307149,
0.150854229927063,246,307199,
0.29631465673446655,246,307249,
0.16411560773849487,246,307299,
0.23920845985412598,246,307349,
0.27715206146240234,246,307399,
0.11632639169692993,246,307449,
0.17491120100021362,246,307499,
0.17792659997940063,246,307549,
0.17149126529693604,246,307599,
0.17585152387619019,246,307649,
0.35283416509628296,246,307699,
0.27191662788391113,246,307749,
0.11385595798492432,246,307799,
0.14701169729232788,246,307849,
0.11263680458068848,246,307899,
0.1923208236694336,246,307949,
0.3375697731971741,246,307999,
0.19037896394729614,246,308049,
0.21067053079605103,246,308099,
0.2259189486503601,246,308149,
0.15504062175750732,246,308199,
0.19787240028381348,246,308249,
,246,308255,0.674941897392273
0.19773012399673462,247,308299,
0.2328318953514099,247,308349,
0.14151310920715332,247,308399,
0.10913431644439697,247,308449,
0.13785243034362793,247,308499,
0.17975479364395142,247,308549,
0.05280578136444092,247,308599,
0.11836212873458862,247,308649,
0.3022266626358032,247,308699,
0.19152581691741943,247,308749,
0.14530253410339355,247,308799,
0.12177979946136475,247,308849,
0.32783806324005127,247,308899,
0.29246819019317627,247,308949,
0.3124595284461975,247,308999,
0.1275576949119568,247,309049,
0.15036678314208984,247,309099,
0.19847553968429565,247,309149,
0.23646754026412964,247,309199,
0.11026090383529663,247,309249,
0.18434810638427734,247,309299,
0.23389410972595215,247,309349,
0.14827251434326172,247,309399,
0.11153876781463623,247,309449,
0.1895766258239746,247,309499,
,247,309503,0.6769894957542419
0.14551347494125366,248,309549,
0.20466536283493042,248,309599,
0.17886286973953247,248,309649,
0.05244410037994385,248,309699,
0.15191316604614258,248,309749,
0.18621045351028442,248,309799,
0.23457646369934082,248,309849,
0.1401410698890686,248,309899,
0.04199230670928955,248,309949,
0.167732834815979,248,309999,
0.15121132135391235,248,310049,
0.1132587194442749,248,310099,
0.08647477626800537,248,310149,
0.3380926251411438,248,310199,
0.22111725807189941,248,310249,
0.1707950234413147,248,310299,
0.12096679210662842,248,310349,
0.2322661280632019,248,310399,
0.27383118867874146,248,310449,
0.1635422706604004,248,310499,
0.17505675554275513,248,310549,
0.2758464217185974,248,310599,
0.29329872131347656,248,310649,
0.3447895050048828,248,310699,
0.28455573320388794,248,310749,
,248,310751,0.6752322316169739
0.17237043380737305,249,310799,
0.3095064163208008,249,310849,
0.23831486701965332,249,310899,
0.16486018896102905,249,310949,
0.07061886787414551,249,310999,
0.2385566234588623,249,311049,
0.2727559804916382,249,311099,
0.1997363567352295,249,311149,
0.04334312677383423,249,311199,
0.3417489528656006,249,311249,
0.25987887382507324,249,311299,
0.23418885469436646,249,311349,
0.18579351902008057,249,311399,
0.26853668689727783,249,311449,
0.27591121196746826,249,311499,
0.22959566116333008,249,311549,
0.2710619568824768,249,311599,
0.10510861873626709,249,311649,
0.20667147636413574,249,311699,
0.3671681880950928,249,311749,
0.19749903678894043,249,311799,
0.21102946996688843,249,311849,
0.22184288501739502,249,311899,
0.4006531834602356,249,311949,
0.0250512957572937,249,311999,
,249,311999,0.6747620701789856
0.3299493193626404,250,312049,
0.23996037244796753,250,312099,
0.13248950242996216,250,312149,
0.18728458881378174,250,312199,
0.0909956693649292,250,312249,
0.039005815982818604,250,312299,
0.08180081844329834,250,312349,
0.12806445360183716,250,312399,
0.20307481288909912,250,312449,
0.20252496004104614,250,312499,
0.3627232313156128,250,312549,
0.1842401623725891,250,312599,
0.167527437210083,250,312649,
0.2885681390762329,250,312699,
0.24629312753677368,250,312749,
0.2688681483268738,250,312799,
0.27863961458206177,250,312849,
0.32714396715164185,250,312899,
0.25490063428878784,250,312949,
0.15527385473251343,250,312999,
0.3977951407432556,250,313049,
0.12019282579421997,250,313099,
0.15711718797683716,250,313149,
0.1661648154258728,250,313199,
,250,313247,0.6825650334358215
0.17970335483551025,251,313249,
0.12782186269760132,251,313299,
0.35497230291366577,251,313349,
0.2945594787597656,251,313399,
0.1759796142578125,251,313449,
0.2516242265701294,251,313499,
0.19521909952163696,251,313549,
0.093741774559021,251,313599,
0.2961615324020386,251,313649,
0.3134464621543884,251,313699,
0.13184338808059692,251,313749,
0.6039156317710876,251,313799,
0.17394113540649414,251,313849,
0.3886066675186157,251,313899,
0.17458951473236084,251,313949,
0.45108091831207275,251,313999,
0.23105663061141968,251,314049,
0.16338878870010376,251,314099,
0.07519859075546265,251,314149,
0.2345578670501709,251,314199,
0.3158937096595764,251,314249,
0.19814133644104004,251,314299,
0.20697492361068726,251,314349,
0.2055414319038391,251,314399,
0.21328264474868774,251,314449,
,251,314495,0.6795403957366943
0.16815578937530518,252,314499,
0.06062948703765869,252,314549,
0.16895723342895508,252,314599,
0.3168192505836487,252,314649,
0.2703763246536255,252,314699,
0.1568131446838379,252,314749,
0.2740074396133423,252,314799,
0.04976975917816162,252,314849,
0.23169666528701782,252,314899,
0.26893049478530884,252,314949,
0.18188726902008057,252,314999,
0.1219741702079773,252,315049,
0.30833232402801514,252,315099,
0.2048189640045166,252,315149,
0.08991187810897827,252,315199,
0.1547989845275879,252,315249,
0.18919682502746582,252,315299,
0.2564241886138916,252,315349,
0.10133719444274902,252,315399,
0.20658576488494873,252,315449,
0.34756720066070557,252,315499,
0.16776853799819946,252,315549,
0.21602261066436768,252,315599,
0.2142651081085205,252,315649,
0.16066992282867432,252,315699,
,252,315743,0.6746501326560974
0.35211408138275146,253,315749,
0.21396762132644653,253,315799,
0.1492195725440979,253,315849,
0.3139052391052246,253,315899,
0.105479896068573,253,315949,
0.38858288526535034,253,315999,
0.1763802170753479,253,316049,
0.30256837606430054,253,316099,
0.2543516755104065,253,316149,
0.3739575147628784,253,316199,
0.29625362157821655,253,316249,
0.50096595287323,253,316299,
0.4510616064071655,253,316349,
0.28093022108078003,253,316399,
0.30486053228378296,253,316449,
0.2985302209854126,253,316499,
0.14347904920578003,253,316549,
0.21336674690246582,253,316599,
0.1833515167236328,253,316649,
0.24166560173034668,253,316699,
0.15518665313720703,253,316749,
0.16099649667739868,253,316799,
0.2573981285095215,253,316849,
0.10110008716583252,253,316899,
0.3143341541290283,253,316949,
,253,316991,0.6762353777885437
0.18290215730667114,254,316999,
0.24429887533187866,254,317049,
0.1975933313369751,254,317099,
0.12162750959396362,254,317149,
0.2177828550338745,254,317199,
0.10025590658187866,254,317249,
0.4485326409339905,254,317299,
0.2620893120765686,254,317349,
0.1901305913925171,254,317399,
0.31363165378570557,254,317449,
0.16375583410263062,254,317499,
0.21539050340652466,254,317549,
0.2325584888458252,254,317599,
0.21377700567245483,254,317649,
0.15654826164245605,254,317699,
0.2289692759513855,254,317749,
0.19624930620193481,254,317799,
0.1536024808883667,254,317849,
0.20340710878372192,254,317899,
0.5005412697792053,254,317949,
0.36233943700790405,254,317999,
0.1890152096748352,254,318049,
0.11551094055175781,254,318099,
0.25870048999786377,254,318149,
0.16150116920471191,254,318199,
,254,318239,0.6703304052352905
0.12421905994415283,255,318249,
0.3096984624862671,255,318299,
0.2360324263572693,255,318349,
0.04365485906600952,255,318399,
0.1502036452293396,255,318449,
0.11445474624633789,255,318499,
0.20101171731948853,255,318549,
0.14468985795974731,255,318599,
0.10470849275588989,255,318649,
0.32424354553222656,255,318699,
0.11417114734649658,255,318749,
0.40341681241989136,255,318799,
0.21804410219192505,255,318849,
0.3017433285713196,255,318899,
0.1325891613960266,255,318949,
0.2564712166786194,255,318999,
0.16835570335388184,255,319049,
0.3204423189163208,255,319099,
0.1947721242904663,255,319149,
0.45808959007263184,255,319199,
0.1639825701713562,255,319249,
0.49069589376449585,255,319299,
0.47366195917129517,255,319349,
0.25680476427078247,255,319399,
0.24048066139221191,255,319449,
,255,319487,0.6702233552932739
0.26812517642974854,256,319499,
0.19358021020889282,256,319549,
0.3418327569961548,256,319599,
0.10117083787918091,256,319649,
0.13780468702316284,256,319699,
0.11095625162124634,256,319749,
0.29840266704559326,256,319799,
0.28784477710723877,256,319849,
0.16837596893310547,256,319899,
0.21352696418762207,256,319949,
0.17996448278427124,256,319999,
0.3013441562652588,256,320049,
0.18025100231170654,256,320099,
0.06902134418487549,256,320149,
0.1251460313796997,256,320199,
0.33448511362075806,256,320249,
0.14223122596740723,256,320299,
0.26658040285110474,256,320349,
0.36388856172561646,256,320399,
0.25835490226745605,256,320449,
0.089305579662323,256,320499,
0.3424111008644104,256,320549,
0.14412128925323486,256,320599,
0.2373332977294922,256,320649,
0.32559818029403687,256,320699,
,256,320735,0.6721810102462769
0.09600073099136353,257,320749,
0.18792271614074707,257,320799,
0.09948694705963135,257,320849,
0.2451583743095398,257,320899,
0.18538576364517212,257,320949,
0.23705363273620605,257,320999,
0.17925095558166504,257,321049,
0.1507161259651184,257,321099,
0.22709256410598755,257,321149,
0.16534340381622314,257,321199,
0.086139976978302,257,321249,
0.2545745372772217,257,321299,
0.29851144552230835,257,321349,
0.06891119480133057,257,321399,
0.10586607456207275,257,321449,
0.2512190341949463,257,321499,
0.21679234504699707,257,321549,
0.13472163677215576,257,321599,
0.1783565878868103,257,321649,
0.14123862981796265,257,321699,
0.07196420431137085,257,321749,
0.2929573059082031,257,321799,
0.277313768863678,257,321849,
0.1575344204902649,257,321899,
0.08242905139923096,257,321949,
,257,321983,0.6731468439102173
0.13309353590011597,258,321999,
0.22357052564620972,258,322049,
0.12485337257385254,258,322099,
0.16838407516479492,258,322149,
0.12977492809295654,258,322199,
0.12199920415878296,258,322249,
0.2543756365776062,258,322299,
0.19198215007781982,258,322349,
0.2544226050376892,258,322399,
0.0476611852645874,258,322449,
0.12485039234161377,258,322499,
0.24520081281661987,258,322549,
0.19230228662490845,258,322599,
0.17881780862808228,258,322649,
0.1889268159866333,258,322699,
0.4075646996498108,258,322749,
0.18036651611328125,258,322799,
0.22566205263137817,258,322849,
0.18651127815246582,258,322899,
0.3033280372619629,258,322949,
0.3386625051498413,258,322999,
0.15664929151535034,258,323049,
0.18567490577697754,258,323099,
0.21615839004516602,258,323149,
0.2053113579750061,258,323199,
,258,323231,0.6731598377227783
0.28351688385009766,259,323249,
0.14950114488601685,259,323299,
0.35726267099380493,259,323349,
0.36350858211517334,259,323399,
0.17254215478897095,259,323449,
0.3393811583518982,259,323499,
0.19481444358825684,259,323549,
0.2675235867500305,259,323599,
0.3668474555015564,259,323649,
0.2904475927352905,259,323699,
0.11636728048324585,259,323749,
0.2836695909500122,259,323799,
0.36785054206848145,259,323849,
0.3368609547615051,259,323899,
0.22895067930221558,259,323949,
0.16637778282165527,259,323999,
0.14931076765060425,259,324049,
0.09871155023574829,259,324099,
0.13829976320266724,259,324149,
0.11423951387405396,259,324199,
0.22984033823013306,259,324249,
0.23410427570343018,259,324299,
0.2732902765274048,259,324349,
0.18716543912887573,259,324399,
0.149200439453125,259,324449,
,259,324479,0.6696104407310486
0.27523332834243774,260,324499,
0.1030765175819397,260,324549,
0.16743117570877075,260,324599,
0.10869091749191284,260,324649,
0.1557576060295105,260,324699,
0.17367589473724365,260,324749,
0.048384904861450195,260,324799,
0.2392403483390808,260,324849,
0.42918866872787476,260,324899,
0.11439329385757446,260,324949,
0.4430840015411377,260,324999,
0.1508999466896057,260,325049,
0.16726899147033691,260,325099,
0.1796225905418396,260,325149,
0.3369547724723816,260,325199,
0.11266529560089111,260,325249,
0.06008225679397583,260,325299,
0.2677859663963318,260,325349,
0.3078203797340393,260,325399,
0.27158617973327637,260,325449,
0.27118736505508423,260,325499,
0.10993325710296631,260,325549,
0.3584245443344116,260,325599,
0.3831380009651184,260,325649,
0.0956733226776123,260,325699,
,260,325727,0.6746660470962524
0.30790024995803833,261,325749,
0.15450406074523926,261,325799,
0.22110432386398315,261,325849,
0.28230708837509155,261,325899,
0.223175048828125,261,325949,
0.23646080493927002,261,325999,
0.2920491695404053,261,326049,
0.14643853902816772,261,326099,
0.4741487503051758,261,326149,
0.16321909427642822,261,326199,
0.20758211612701416,261,326249,
0.10398149490356445,261,326299,
0.1684514880180359,261,326349,
0.19202828407287598,261,326399,
0.20652347803115845,261,326449,
0.1557806134223938,261,326499,
0.05126887559890747,261,326549,
0.32170379161834717,261,326599,
0.1861027479171753,261,326649,
0.18495815992355347,261,326699,
0.13680821657180786,261,326749,
0.15541231632232666,261,326799,
0.11246621608734131,261,326849,
0.15836083889007568,261,326899,
0.21143710613250732,261,326949,
,261,326975,0.6757453083992004
0.12829387187957764,262,326999,
0.29291969537734985,262,327049,
0.2115437388420105,262,327099,
0.1691908836364746,262,327149,
0.18386590480804443,262,327199,
0.2069506049156189,262,327249,
0.17973965406417847,262,327299,
0.17181003093719482,262,327349,
0.3082413673400879,262,327399,
0.03596091270446777,262,327449,
0.17450159788131714,262,327499,
0.15344548225402832,262,327549,
0.2830733060836792,262,327599,
0.27263468503952026,262,327649,
0.18927305936813354,262,327699,
0.17809170484542847,262,327749,
0.11618751287460327,262,327799,
0.326229989528656,262,327849,
0.2247728705406189,262,327899,
0.06690949201583862,262,327949,
0.3391225337982178,262,327999,
0.19705790281295776,262,328049,
0.05273175239562988,262,328099,
0.21332043409347534,262,328149,
0.18446439504623413,262,328199,
,262,328223,0.6768679022789001
0.24007433652877808,263,328249,
0.34686821699142456,263,328299,
0.19836479425430298,263,328349,
0.2374618649482727,263,328399,
0.24722737073898315,263,328449,
0.2559259533882141,263,328499,
0.15477651357650757,263,328549,
0.3068279027938843,263,328599,
0.046797215938568115,263,328649,
0.1681588888168335,263,328699,
0.3094034790992737,263,328749,
0.13594180345535278,263,328799,
0.34938281774520874,263,328849,
0.20695281028747559,263,328899,
0.13170897960662842,263,328949,
0.2286527156829834,263,328999,
0.11049145460128784,263,329049,
0.14774423837661743,263,329099,
0.2604566216468811,263,329149,
0.26434576511383057,263,329199,
0.10172951221466064,263,329249,
0.1347346305847168,263,329299,
0.11847931146621704,263,329349,
0.11660081148147583,263,329399,
0.10235404968261719,263,329449,
,263,329471,0.675285279750824
0.2633433938026428,264,329499,
0.043276429176330566,264,329549,
0.1793839931488037,264,329599,
0.21693235635757446,264,329649,
0.19295257329940796,264,329699,
0.19249659776687622,264,329749,
0.21049880981445312,264,329799,
0.16706758737564087,264,329849,
0.26022666692733765,264,329899,
0.33712238073349,264,329949,
0.11709588766098022,264,329999,
0.03775662183761597,264,330049,
0.04557305574417114,264,330099,
0.210007905960083,264,330149,
0.14009881019592285,264,330199,
0.29024434089660645,264,330249,
0.23779147863388062,264,330299,
0.08266603946685791,264,330349,
0.22510087490081787,264,330399,
0.18097412586212158,264,330449,
0.15414714813232422,264,330499,
0.2250065803527832,264,330549,
0.26783430576324463,264,330599,
0.24206924438476562,264,330649,
0.14206534624099731,264,330699,
,264,330719,0.6762141585350037
0.22328788042068481,265,330749,
0.2737581729888916,265,330799,
0.3070800304412842,265,330849,
0.458191454410553,265,330899,
0.17296433448791504,265,330949,
0.15397340059280396,265,330999,
0.17174774408340454,265,331049,
0.17372459173202515,265,331099,
0.26463043689727783,265,331149,
0.16448086500167847,265,331199,
0.19481408596038818,265,331249,
0.21083134412765503,265,331299,
0.04665559530258179,265,331349,
0.1896314024925232,265,331399,
0.31713366508483887,265,331449,
0.06303972005844116,265,331499,
0.239815354347229,265,331549,
0.10359227657318115,265,331599,
0.3714725971221924,265,331649,
0.11461561918258667,265,331699,
0.17714011669158936,265,331749,
0.33318227529525757,265,331799,
0.3570573329925537,265,331849,
0.08988642692565918,265,331899,
0.2566859722137451,265,331949,
,265,331967,0.6769459247589111
0.31033211946487427,266,331999,
0.2091161012649536,266,332049,
0.2902410626411438,266,332099,
0.19710296392440796,266,332149,
0.06612920761108398,266,332199,
0.05950963497161865,266,332249,
0.14175957441329956,266,332299,
0.3184465765953064,266,332349,
0.1369747519493103,266,332399,
0.17827647924423218,266,332449,
0.25375086069107056,266,332499,
0.10032486915588379,266,332549,
0.1781129240989685,266,332599,
0.31552571058273315,266,332649,
0.1554667353630066,266,332699,
0.12326061725616455,266,332749,
0.11725127696990967,266,332799,
0.22201305627822876,266,332849,
0.2410939335823059,266,332899,
0.21479064226150513,266,332949,
0.18832331895828247,266,332999,
0.17502707242965698,266,333049,
0.1655517816543579,266,333099,
0.1605435609817505,266,333149,
0.19173353910446167,266,333199,
,266,333215,0.6698916554450989
0.2553730607032776,267,333249,
0.2755242586135864,267,333299,
0.17862921953201294,267,333349,
0.4820176959037781,267,333399,
0.27812522649765015,267,333449,
0.1441691517829895,267,333499,
0.09532874822616577,267,333549,
0.1161394715309143,267,333599,
0.06944066286087036,267,333649,
0.2948276400566101,267,333699,
0.11572462320327759,267,333749,
0.3048897385597229,267,333799,
0.23655551671981812,267,333849,
0.15329623222351074,267,333899,
0.12532144784927368,267,333949,
0.16987454891204834,267,333999,
0.18833518028259277,267,334049,
0.20570290088653564,267,334099,
0.16371357440948486,267,334149,
0.10257929563522339,267,334199,
0.1127089262008667,267,334249,
0.11594748497009277,267,334299,
0.24780195951461792,267,334349,
0.2419799566268921,267,334399,
0.26218849420547485,267,334449,
,267,334463,0.6724498271942139
0.10365527868270874,268,334499,
0.2454671859741211,268,334549,
0.15433382987976074,268,334599,
0.12821125984191895,268,334649,
0.09895288944244385,268,334699,
0.31655406951904297,268,334749,
0.2059977650642395,268,334799,
0.08521109819412231,268,334849,
0.3136216402053833,268,334899,
0.22574776411056519,268,334949,
0.32091450691223145,268,334999,
0.23570621013641357,268,335049,
0.4236447215080261,268,335099,
0.19730305671691895,268,335149,
0.43769580125808716,268,335199,
0.27847152948379517,268,335249,
0.11028605699539185,268,335299,
0.2944754958152771,268,335349,
0.20529097318649292,268,335399,
0.12751126289367676,268,335449,
0.32542723417282104,268,335499,
0.1739126443862915,268,335549,
0.15611934661865234,268,335599,
0.05236119031906128,268,335649,
0.15845602750778198,268,335699,
,268,335711,0.6767784953117371
0.10681629180908203,269,335749,
0.14971435070037842,269,335799,
0.3661366105079651,269,335849,
0.1316402554512024,269,335899,
0.42599886655807495,269,335949,
0.1478496789932251,269,335999,
0.0533527135848999,269,336049,
0.18896484375,269,336099,
0.2652815580368042,269,336149,
0.321846604347229,269,336199,
0.15753251314163208,269,336249,
0.0905030369758606,269,336299,
0.2639620304107666,269,336349,
0.1523876190185547,269,336399,
0.1744280457496643,269,336449,
0.3949301242828369,269,336499,
0.1764301061630249,269,336549,
0.27227914333343506,269,336599,
0.18088805675506592,269,336649,
0.09722989797592163,269,336699,
0.22011089324951172,269,336749,
0.20779156684875488,269,336799,
0.22928237915039062,269,336849,
0.2711082100868225,269,336899,
0.27321475744247437,269,336949,
,269,336959,0.6761918663978577
0.31123340129852295,270,336999,
0.045373618602752686,270,337049,
0.20170670747756958,270,337099,
0.27439361810684204,270,337149,
0.14263397455215454,270,337199,
0.2137233018875122,270,337249,
0.2715238332748413,270,337299,
0.37031322717666626,270,337349,
0.2930040955543518,270,337399,
0.2829481363296509,270,337449,
0.07091295719146729,270,337499,
0.175045907497406,270,337549,
0.27403998374938965,270,337599,
0.16317462921142578,270,337649,
0.10592293739318848,270,337699,
0.25702112913131714,270,337749,
0.0656464695930481,270,337799,
0.16606879234313965,270,337849,
0.12811052799224854,270,337899,
0.20200854539871216,270,337949,
0.11841118335723877,270,337999,
0.14215141534805298,270,338049,
0.11807560920715332,270,338099,
0.2748073935508728,270,338149,
0.29569631814956665,270,338199,
,270,338207,0.6775956749916077
0.17283278703689575,271,338249,
0.11617493629455566,271,338299,
0.07050138711929321,271,338349,
0.04397028684616089,271,338399,
0.25816047191619873,271,338449,
0.2801700830459595,271,338499,
0.30791401863098145,271,338549,
0.14737504720687866,271,338599,
0.36009907722473145,271,338649,
0.1608361005783081,271,338699,
0.067257821559906,271,338749,
0.18287521600723267,271,338799,
0.22827249765396118,271,338849,
0.22248142957687378,271,338899,
0.07727909088134766,271,338949,
0.2841111421585083,271,338999,
0.2847976088523865,271,339049,
0.08404213190078735,271,339099,
0.16135114431381226,271,339149,
0.0974571704864502,271,339199,
0.1963338851928711,271,339249,
0.2088327407836914,271,339299,
0.18732810020446777,271,339349,
0.17690831422805786,271,339399,
0.06866902112960815,271,339449,
,271,339455,0.679271399974823
0.20107173919677734,272,339499,
0.12328070402145386,272,339549,
0.2995525002479553,272,339599,
0.2528531551361084,272,339649,
0.1465739607810974,272,339699,
0.18483853340148926,272,339749,
0.3017629384994507,272,339799,
0.12413918972015381,272,339849,
0.2381136417388916,272,339899,
0.22683018445968628,272,339949,
0.15994518995285034,272,339999,
0.10077118873596191,272,340049,
0.12945526838302612,272,340099,
0.18996012210845947,272,340149,
0.09129279851913452,272,340199,
0.1453527808189392,272,340249,
0.22492432594299316,272,340299,
0.2374669909477234,272,340349,
0.20296704769134521,272,340399,
0.07721805572509766,272,340449,
0.3919270634651184,272,340499,
0.2744317054748535,272,340549,
0.04544675350189209,272,340599,
0.14955252408981323,272,340649,
0.2482893466949463,272,340699,
,272,340703,0.673554539680481
0.1786409616470337,273,340749,
0.19866931438446045,273,340799,
0.3147425651550293,273,340849,
0.2377486228942871,273,340899,
0.19726109504699707,273,340949,
0.06862646341323853,273,340999,
0.16967487335205078,273,341049,
0.11188322305679321,273,341099,
0.33302509784698486,273,341149,
0.33080607652664185,273,341199,
0.3222461938858032,273,341249,
0.1391788125038147,273,341299,
0.204875648021698,273,341349,
0.15956485271453857,273,341399,
0.16848450899124146,273,341449,
0.2683097720146179,273,341499,
0.27780473232269287,273,341549,
0.32969212532043457,273,341599,
0.36905282735824585,273,341649,
0.23687541484832764,273,341699,
0.24855059385299683,273,341749,
0.1194840669631958,273,341799,
0.2032860517501831,273,341849,
0.09267401695251465,273,341899,
0.101429283618927,273,341949,
,273,341951,0.6753307580947876
0.13976407051086426,274,341999,
0.2734018564224243,274,342049,
0.2689172029495239,274,342099,
0.1345648169517517,274,342149,
0.15652990341186523,274,342199,
0.10908550024032593,274,342249,
0.3697454333305359,274,342299,
0.12877428531646729,274,342349,
0.2281404733657837,274,342399,
0.2651716470718384,274,342449,
0.2875692844390869,274,342499,
0.06893116235733032,274,342549,
0.0526999831199646,274,342599,
0.24068957567214966,274,342649,
0.22149449586868286,274,342699,
0.23574519157409668,274,342749,
0.11779439449310303,274,342799,
0.25712865591049194,274,342849,
0.23164105415344238,274,342899,
0.2697651982307434,274,342949,
0.09885334968566895,274,342999,
0.19006019830703735,274,343049,
0.29200518131256104,274,343099,
0.39064592123031616,274,343149,
0.2106248140335083,274,343199,
,274,343199,0.6744418740272522
0.354844868183136,275,343249,
0.1995478868484497,275,343299,
0.3429334759712219,275,343349,
0.16252684593200684,275,343399,
0.25742077827453613,275,343449,
0.16619282960891724,275,343499,
0.11770451068878174,275,343549,
0.21455156803131104,275,343599,
0.07448846101760864,275,343649,
0.20716774463653564,275,343699,
0.11798274517059326,275,343749,
0.2885766625404358,275,343799,
0.21116387844085693,275,343849,
0.3655998706817627,275,343899,
0.19911354780197144,275,343949,
0.24779117107391357,275,343999,
0.1493138074874878,275,344049,
0.11310034990310669,275,344099,
0.2587888240814209,275,344149,
0.06936943531036377,275,344199,
0.25794458389282227,275,344249,
0.31405818462371826,275,344299,
0.12620246410369873,275,344349,
0.16003388166427612,275,344399,
,275,344447,0.6705224514007568
0.30977028608322144,276,344449,
0.043757855892181396,276,344499,
0.13269531726837158,276,344549,
0.35857081413269043,276,344599,
0.2917604446411133,276,344649,
0.277773916721344,276,344699,
0.2062009572982788,276,344749,
0.11097484827041626,276,344799,
0.2119632363319397,276,344849,
0.12929397821426392,276,344899,
0.10683149099349976,276,344949,
0.11379671096801758,276,344999,
0.3194567561149597,276,345049,
0.07539600133895874,276,345099,
0.23578035831451416,276,345149,
0.4316442608833313,276,345199,
0.1597905158996582,276,345249,
0.20402777194976807,276,345299,
0.21534067392349243,276,345349,
0.17118233442306519,276,345399,
0.11003589630126953,276,345449,
0.2294919490814209,276,345499,
0.046964406967163086,276,345549,
0.20028507709503174,276,345599,
0.1069454550743103,276,345649,
,276,345695,0.6766608357429504
0.15596061944961548,277,345699,
0.04788118600845337,277,345749,
0.18065184354782104,277,345799,
0.04087972640991211,277,345849,
0.23036283254623413,277,345899,
0.3203709125518799,277,345949,
0.12810105085372925,277,345999,
0.037341952323913574,277,346049,
0.1361103057861328,277,346099,
0.26699596643447876,277,346149,
0.14265072345733643,277,346199,
0.08462101221084595,277,346249,
0.3661554455757141,277,346299,
0.27414703369140625,277,346349,
0.24782955646514893,277,346399,
0.3650928735733032,277,346449,
0.14788931608200073,277,346499,
0.04399287700653076,277,346549,
0.2128431797027588,277,346599,
0.3111979365348816,277,346649,
0.13534092903137207,277,346699,
0.35430580377578735,277,346749,
0.28957122564315796,277,346799,
0.20105654001235962,277,346849,
0.2840268015861511,277,346899,
,277,346943,0.668915331363678
0.1344788670539856,278,346949,
0.2621670365333557,278,346999,
0.3065616488456726,278,347049,
0.2261803150177002,278,347099,
0.06671243906021118,278,347149,
0.3703409433364868,278,347199,
0.3316546678543091,278,347249,
0.11353576183319092,278,347299,
0.17308640480041504,278,347349,
0.07553607225418091,278,347399,
0.3209923505783081,278,347449,
0.20049428939819336,278,347499,
0.030916690826416016,278,347549,
0.272358238697052,278,347599,
0.45052772760391235,278,347649,
0.23393386602401733,278,347699,
0.16138792037963867,278,347749,
0.04915750026702881,278,347799,
0.20884889364242554,278,347849,
0.10599565505981445,278,347899,
0.06258916854858398,278,347949,
0.1926337480545044,278,347999,
0.13236427307128906,278,348049,
0.04157102108001709,278,348099,
0.24325060844421387,278,348149,
,278,348191,0.6704782247543335
0.10093510150909424,279,348199,
0.2649819850921631,279,348249,
0.18647634983062744,279,348299,
0.04301184415817261,279,348349,
0.21286636590957642,279,348399,
0.27204644680023193,279,348449,
0.13739240169525146,279,348499,
0.20288193225860596,279,348549,
0.045716941356658936,279,348599,
0.21590745449066162,279,348649,
0.19095838069915771,279,348699,
0.3462279438972473,279,348749,
0.31734907627105713,279,348799,
0.32175910472869873,279,348849,
0.12552118301391602,279,348899,
0.165729820728302,279,348949,
0.27779608964920044,279,348999,
0.2287367582321167,279,349049,
0.18075203895568848,279,349099,
0.22616255283355713,279,349149,
0.2079729437828064,279,349199,
0.09621858596801758,279,349249,
0.23841136693954468,279,349299,
0.17043370008468628,279,349349,
0.18283027410507202,279,349399,
,279,349439,0.6717010736465454
0.15895771980285645,280,349449,
0.19356632232666016,280,349499,
0.13130563497543335,280,349549,
0.1972697377204895,280,349599,
0.13104712963104248,280,349649,
0.3004767894744873,280,349699,
0.11571943759918213,280,349749,
0.13103371858596802,280,349799,
0.2904288172721863,280,349849,
0.3525431156158447,280,349899,
0.24612343311309814,280,349949,
0.18321162462234497,280,349999,
0.12058097124099731,280,350049,
0.12356317043304443,280,350099,
0.2174963355064392,280,350149,
0.05729871988296509,280,350199,
0.1888740062713623,280,350249,
0.25732171535491943,280,350299,
0.10215508937835693,280,350349,
0.1205759048461914,280,350399,
0.18469059467315674,280,350449,
0.3522834777832031,280,350499,
0.33878034353256226,280,350549,
0.057924747467041016,280,350599,
0.2339550256729126,280,350649,
,280,350687,0.671596348285675
0.09530693292617798,281,350699,
0.28089261054992676,281,350749,
0.46169376373291016,281,350799,
0.2402704954147339,281,350849,
0.15403449535369873,281,350899,
0.21010231971740723,281,350949,
0.15848731994628906,281,350999,
0.20133131742477417,281,351049,
0.2569088339805603,281,351099,
0.3672272562980652,281,351149,
0.1718466877937317,281,351199,
0.1876787543296814,281,351249,
0.09054678678512573,281,351299,
0.3235809803009033,281,351349,
0.3269655704498291,281,351399,
0.3167208433151245,281,351449,
0.26615482568740845,281,351499,
0.23767274618148804,281,351549,
0.3937756419181824,281,351599,
0.3472548723220825,281,351649,
0.2853633761405945,281,351699,
0.27952486276626587,281,351749,
0.23191630840301514,281,351799,
0.2658036947250366,281,351849,
0.33662039041519165,281,351899,
,281,351935,0.6759692430496216
0.05188632011413574,282,351949,
0.3003042936325073,282,351999,
0.062488675117492676,282,352049,
0.17854589223861694,282,352099,
0.23703283071517944,282,352149,
0.28959059715270996,282,352199,
0.24840986728668213,282,352249,
0.14434456825256348,282,352299,
0.14828145503997803,282,352349,
0.1878034472465515,282,352399,
0.12608450651168823,282,352449,
0.4320180416107178,282,352499,
0.13699865341186523,282,352549,
0.409599244594574,282,352599,
0.09145909547805786,282,352649,
0.13114577531814575,282,352699,
0.1878071427345276,282,352749,
0.2989446520805359,282,352799,
0.1950966715812683,282,352849,
0.3309502601623535,282,352899,
0.3355599641799927,282,352949,
0.10943984985351562,282,352999,
0.07991534471511841,282,353049,
0.210749089717865,282,353099,
0.15117770433425903,282,353149,
,282,353183,0.6777040362358093
0.05419647693634033,283,353199,
0.2559800148010254,283,353249,
0.18346697092056274,283,353299,
0.04509615898132324,283,353349,
0.17973631620407104,283,353399,
0.03735452890396118,283,353449,
0.25162631273269653,283,353499,
0.06662231683731079,283,353549,
0.13413262367248535,283,353599,
0.3088415861129761,283,353649,
0.27219414710998535,283,353699,
0.2883780598640442,283,353749,
0.27897733449935913,283,353799,
0.11488258838653564,283,353849,
0.12315428256988525,283,353899,
0.16082662343978882,283,353949,
0.20498192310333252,283,353999,
0.25136297941207886,283,354049,
0.14686369895935059,283,354099,
0.18877577781677246,283,354149,
0.16018450260162354,283,354199,
0.1563875675201416,283,354249,
0.04757189750671387,283,354299,
0.05939143896102905,283,354349,
0.16490435600280762,283,354399,
,283,354431,0.6754912734031677
0.11324208974838257,284,354449,
0.11419117450714111,284,354499,
0.10128182172775269,284,354549,
0.12683343887329102,284,354599,
0.09224522113800049,284,354649,
0.22866088151931763,284,354699,
0.26091212034225464,284,354749,
0.22483938932418823,284,354799,
0.2880972623825073,284,354849,
0.1996362805366516,284,354899,
0.16700607538223267,284,354949,
0.10003554821014404,284,354999,
0.1878877878189087,284,355049,
0.07517921924591064,284,355099,
0.18568181991577148,284,355149,
0.1366918683052063,284,355199,
0.18261736631393433,284,355249,
0.1249380111694336,284,355299,
0.11769527196884155,284,355349,
0.3331034779548645,284,355399,
0.14750468730926514,284,355449,
0.15341854095458984,284,355499,
0.07919472455978394,284,355549,
0.4174429774284363,284,355599,
0.2572901248931885,284,355649,
,284,355679,0.6765721440315247
0.0620388388633728,285,355699,
0.10755813121795654,285,355749,
0.17305779457092285,285,355799,
0.3968442678451538,285,355849,
0.1566799283027649,285,355899,
0.08490985631942749,285,355949,
0.25155341625213623,285,355999,
0.18918687105178833,285,356049,
0.11300534009933472,285,356099,
0.16194850206375122,285,356149,
0.15351098775863647,285,356199,
0.163100004196167,285,356249,
0.12679016590118408,285,356299,
0.05514538288116455,285,356349,
0.30934321880340576,285,356399,
0.18443310260772705,285,356449,
0.20788198709487915,285,356499,
0.11073142290115356,285,356549,
0.09418725967407227,285,356599,
0.044657111167907715,285,356649,
0.1583089828491211,285,356699,
0.3677588701248169,285,356749,
0.3071898818016052,285,356799,
0.13527607917785645,285,356849,
0.09688776731491089,285,356899,
,285,356927,0.680854320526123
0.3821030855178833,286,356949,
0.21514892578125,286,356999,
0.06027013063430786,286,357049,
0.27076107263565063,286,357099,
0.15628337860107422,286,357149,
0.3749459981918335,286,357199,
0.11076897382736206,286,357249,
0.0666007399559021,286,357299,
0.3625591993331909,286,357349,
0.2024196982383728,286,357399,
0.2778738737106323,286,357449,
0.1499779224395752,286,357499,
0.14164388179779053,286,357549,
0.1869531273841858,286,357599,
0.22153818607330322,286,357649,
0.23489618301391602,286,357699,
0.3996254801750183,286,357749,
0.12883561849594116,286,357799,
0.11074763536453247,286,357849,
0.160647451877594,286,357899,
0.02698683738708496,286,357949,
0.2832038998603821,286,357999,
0.41071099042892456,286,358049,
0.14792317152023315,286,358099,
0.31031209230422974,286,358149,
,286,358175,0.6712160110473633
0.24697661399841309,287,358199,
0.1942504644393921,287,358249,
0.304354190826416,287,358299,
0.20865225791931152,287,358349,
0.1867421269416809,287,358399,
0.29321229457855225,287,358449,
0.12634152173995972,287,358499,
0.08462166786193848,287,358549,
0.2264770269393921,287,358599,
0.1792859435081482,287,358649,
0.2595779299736023,287,358699,
0.12380361557006836,287,358749,
0.33673232793807983,287,358799,
0.05114787817001343,287,358849,
0.1220773458480835,287,358899,
0.17897212505340576,287,358949,
0.06355971097946167,287,358999,
0.11962234973907471,287,359049,
0.08882278203964233,287,359099,
0.05135530233383179,287,359149,
0.3543033003807068,287,359199,
0.10256129503250122,287,359249,
0.15663403272628784,287,359299,
0.16061139106750488,287,359349,
0.28058862686157227,287,359399,
,287,359423,0.6679778695106506
0.11669754981994629,288,359449,
0.08131289482116699,288,359499,
0.24518704414367676,288,359549,
0.2939731478691101,288,359599,
0.1754295825958252,288,359649,
0.27973514795303345,288,359699,
0.2401043176651001,288,359749,
0.0751526951789856,288,359799,
0.1337847113609314,288,359849,
0.26227980852127075,288,359899,
0.151614248752594,288,359949,
0.18484199047088623,288,359999,
0.17138975858688354,288,360049,
0.10156351327896118,288,360099,
0.06086158752441406,288,360149,
0.257671594619751,288,360199,
0.30318206548690796,288,360249,
0.1378117799758911,288,360299,
0.12132430076599121,288,360349,
0.14591366052627563,288,360399,
0.08972704410552979,288,360449,
0.14288783073425293,288,360499,
0.09948456287384033,288,360549,
0.22984683513641357,288,360599,
0.09355300664901733,288,360649,
,288,360671,0.6756141185760498
0.18901783227920532,289,360699,
0.17324012517929077,289,360749,
0.13202530145645142,289,360799,
0.3571363091468811,289,360849,
0.1149287223815918,289,360899,
0.22415083646774292,289,360949,
0.10179680585861206,289,360999,
0.27930450439453125,289,361049,
0.18886935710906982,289,361099,
0.17026937007904053,289,361149,
0.18139594793319702,289,361199,
0.2475370168685913,289,361249,
0.4246419072151184,289,361299,
0.1656898856163025,289,361349,
0.12928539514541626,289,361399,
0.2456340193748474,289,361449,
0.14338380098342896,289,361499,
0.20895695686340332,289,361549,
0.12054377794265747,289,361599,
0.20483964681625366,289,361649,
0.13441848754882812,289,361699,
0.2259693145751953,289,361749,
0.15449953079223633,289,361799,
0.21755844354629517,289,361849,
0.12646383047103882,289,361899,
,289,361919,0.6801028847694397
0.18658536672592163,290,361949,
0.2618299126625061,290,361999,
0.3580116033554077,290,362049,
0.20951968431472778,290,362099,
0.20995354652404785,290,362149,
0.2680830955505371,290,362199,
0.12274742126464844,290,362249,
0.1494370698928833,290,362299,
0.28225964307785034,290,362349,
0.18917882442474365,290,362399,
0.11290037631988525,290,362449,
0.2607736587524414,290,362499,
0.0415920615196228,290,362549,
0.1067206859588623,290,362599,
0.20412880182266235,290,362649,
0.16654843091964722,290,362699,
0.3655945658683777,290,362749,
0.09726065397262573,290,362799,
0.13999336957931519,290,362849,
0.24228054285049438,290,362899,
0.15445786714553833,290,362949,
0.10794574022293091,290,362999,
0.09996229410171509,290,363049,
0.06400132179260254,290,363099,
0.22809875011444092,290,363149,
,290,363167,0.6751978397369385
0.2154158353805542,291,363199,
0.2645253539085388,291,363249,
0.15453702211380005,291,363299,
0.3220479488372803,291,363349,
0.2587980628013611,291,363399,
0.1742679476737976,291,363449,
0.143185555934906,291,363499,
0.19811952114105225,291,363549,
0.15823310613632202,291,363599,
0.14059215784072876,291,363649,
0.2498636245727539,291,363699,
0.2090092897415161,291,363749,
0.07694566249847412,291,363799,
0.10577940940856934,291,363849,
0.2409754991531372,291,363899,
0.13347023725509644,291,363949,
0.29004967212677,291,363999,
0.33508872985839844,291,364049,
0.15442973375320435,291,364099,
0.12602686882019043,291,364149,
0.11360371112823486,291,364199,
0.3688246011734009,291,364249,
0.18986999988555908,291,364299,
0.048200249671936035,291,364349,
0.3088334798812866,291,364399,
,291,364415,0.6688359975814819
0.14531296491622925,292,364449,
0.18028920888900757,292,364499,
0.18231749534606934,292,364549,
0.20304447412490845,292,364599,
0.10280120372772217,292,364649,
0.27508842945098877,292,364699,
0.27352219820022583,292,364749,
0.28572243452072144,292,364799,
0.09621018171310425,292,364849,
0.17523866891860962,292,364899,
0.16491234302520752,292,364949,
0.19589734077453613,292,364999,
0.22405880689620972,292,365049,
0.19788610935211182,292,365099,
0.11066776514053345,292,365149,
0.1601407527923584,292,365199,
0.11050575971603394,292,365249,
0.482626736164093,292,365299,
0.15581291913986206,292,365349,
0.45779675245285034,292,365399,
0.16384655237197876,292,365449,
0.14809978008270264,292,365499,
0.3289717435836792,292,365549,
0.19864416122436523,292,365599,
0.07685726881027222,292,365649,
,292,365663,0.6786876916885376
0.08144176006317139,293,365699,
0.1939380168914795,293,365749,
0.21353650093078613,293,365799,
0.05471694469451904,293,365849,
0.26031947135925293,293,365899,
0.18723022937774658,293,365949,
0.1958724856376648,293,365999,
0.09661316871643066,293,366049,
0.24605107307434082,293,366099,
0.08907115459442139,293,366149,
0.3000810742378235,293,366199,
0.35688477754592896,293,366249,
0.16346895694732666,293,366299,
0.2646681070327759,293,366349,
0.13603508472442627,293,366399,
0.2782280445098877,293,366449,
0.049046874046325684,293,366499,
0.18484073877334595,293,366549,
0.31582504510879517,293,366599,
0.23398560285568237,293,366649,
0.10440868139266968,293,366699,
0.19811993837356567,293,366749,
0.2118942141532898,293,366799,
0.05255812406539917,293,366849,
0.043883681297302246,293,366899,
,293,366911,0.6797453761100769
0.3109039068222046,294,366949,
0.021552085876464844,294,366999,
0.1353241205215454,294,367049,
0.1940205693244934,294,367099,
0.3040649890899658,294,367149,
0.2444058060646057,294,367199,
0.16884922981262207,294,367249,
0.18579208850860596,294,367299,
0.30523598194122314,294,367349,
0.12715858221054077,294,367399,
0.33190804719924927,294,367449,
0.10814076662063599,294,367499,
0.207119882106781,294,367549,
0.11048519611358643,294,367599,
0.19963765144348145,294,367649,
0.1845131516456604,294,367699,
0.18234097957611084,294,367749,
0.042758941650390625,294,367799,
0.22133159637451172,294,367849,
0.30584120750427246,294,367899,
0.12906646728515625,294,367949,
0.24966973066329956,294,367999,
0.06607061624526978,294,368049,
0.20202231407165527,294,368099,
0.15468335151672363,294,368149,
,294,368159,0.673138439655304
0.1031113862991333,295,368199,
0.16697382926940918,295,368249,
0.16580933332443237,295,368299,
0.1308467984199524,295,368349,
0.11717623472213745,295,368399,
0.20031505823135376,295,368449,
0.28936952352523804,295,368499,
0.2802765369415283,295,368549,
0.22969448566436768,295,368599,
0.19825929403305054,295,368649,
0.11587846279144287,295,368699,
0.2617257833480835,295,368749,
0.1435297131538391,295,368799,
0.33039748668670654,295,368849,
0.12592488527297974,295,368899,
0.09752213954925537,295,368949,
0.13104641437530518,295,368999,
0.11622869968414307,295,369049,
0.33967745304107666,295,369099,
0.04220736026763916,295,369149,
0.20036649703979492,295,369199,
0.049930691719055176,295,369249,
0.28073650598526,295,369299,
0.12310713529586792,295,369349,
0.2346564531326294,295,369399,
,295,369407,0.6737025380134583
0.20613586902618408,296,369449,
0.1767960786819458,296,369499,
0.174022376537323,296,369549,
0.07792216539382935,296,369599,
0.20220863819122314,296,369649,
0.20615321397781372,296,369699,
0.24101406335830688,296,369749,
0.23954224586486816,296,369799,
0.11888831853866577,296,369849,
0.2200278639793396,296,369899,
0.1166759729385376,296,369949,
0.2154286503791809,296,369999,
0.2547263503074646,296,370049,
0.28784996271133423,296,370099,
0.1733683943748474,296,370149,
0.1651303768157959,296,370199,
0.2840510606765747,296,370249,
0.1379472017288208,296,370299,
0.1024484634399414,296,370349,
0.12108272314071655,296,370399,
0.23213642835617065,296,370449,
0.18558329343795776,296,370499,
0.32109421491622925,296,370549,
0.2942730784416199,296,370599,
0.15280163288116455,296,370649,
,296,370655,0.6708416938781738
0.1916865110397339,297,370699,
0.10256218910217285,297,370749,
0.2873673439025879,297,370799,
0.10236138105392456,297,370849,
0.23630672693252563,297,370899,
0.2390403151512146,297,370949,
0.04529851675033569,297,370999,
0.1719355583190918,297,371049,
0.1986355185508728,297,371099,
0.28689610958099365,297,371149,
0.1363011598587036,297,371199,
0.17617356777191162,297,371249,
0.18759948015213013,297,371299,
0.14642268419265747,297,371349,
0.26097989082336426,297,371399,
0.11055606603622437,297,371449,
0.09512841701507568,297,371499,
0.19184815883636475,297,371549,
0.09718018770217896,297,371599,
0.11251747608184814,297,371649,
0.16782641410827637,297,371699,
0.10814261436462402,297,371749,
0.25309866666793823,297,371799,
0.26428014039993286,297,371849,
0.0927843451499939,297,371899,
,297,371903,0.6730028390884399
0.1776949167251587,298,371949,
0.2853657603263855,298,371999,
0.3010583519935608,298,372049,
0.020009160041809082,298,372099,
0.19859576225280762,298,372149,
0.1454455852508545,298,372199,
0.23403429985046387,298,372249,
0.16764569282531738,298,372299,
0.21809250116348267,298,372349,
0.2027950882911682,298,372399,
0.13756072521209717,298,372449,
0.13249868154525757,298,372499,
0.11851280927658081,298,372549,
0.2850745916366577,298,372599,
0.07784777879714966,298,372649,
0.20747262239456177,298,372699,
0.15847015380859375,298,372749,
0.09273815155029297,298,372799,
0.293470561504364,298,372849,
0.12112408876419067,298,372899,
0.354509174823761,298,372949,
0.038175106048583984,298,372999,
0.194391131401062,298,373049,
0.09464538097381592,298,373099,
0.21090370416641235,298,373149,
,298,373151,0.6735526323318481
0.21498656272888184,299,373199,
0.21385127305984497,299,373249,
0.03822261095046997,299,373299,
0.18551069498062134,299,373349,
0.23345202207565308,299,373399,
0.3096163868904114,299,373449,
0.16519027948379517,299,373499,
0.19943785667419434,299,373549,
0.09046691656112671,299,373599,
0.26713740825653076,299,373649,
0.1023833155632019,299,373699,
0.040223777294158936,299,373749,
0.19051694869995117,299,373799,
0.22756624221801758,299,373849,
0.2986902594566345,299,373899,
0.3401951193809509,299,373949,
0.35782742500305176,299,373999,
0.26023876667022705,299,374049,
0.2945680618286133,299,374099,
0.15354663133621216,299,374149,
0.1677188277244568,299,374199,
0.0743604302406311,299,374249,
0.222464919090271,299,374299,
0.02869880199432373,299,374349,
0.24011391401290894,299,374399,
,299,374399,0.6714394092559814
0.0870746374130249,300,374449,
0.38202714920043945,300,374499,
0.11311995983123779,300,374549,
0.15431547164916992,300,374599,
0.19337689876556396,300,374649,
0.21800315380096436,300,374699,
0.2503940463066101,300,374749,
0.08219093084335327,300,374799,
0.19514453411102295,300,374849,
0.21005529165267944,300,374899,
0.105721116065979,300,374949,
0.28586769104003906,300,374999,
0.13266080617904663,300,375049,
0.22865289449691772,300,375099,
0.14347487688064575,300,375149,
0.13722443580627441,300,375199,
0.10241198539733887,300,375249,
0.17178571224212646,300,375299,
0.14664989709854126,300,375349,
0.10716700553894043,300,375399,
0.12731695175170898,300,375449,
0.18721991777420044,300,375499,
0.3268911838531494,300,375549,
0.20428824424743652,300,375599,
,300,375647,0.673391580581665
0.0511813759803772,301,375649,
0.05227363109588623,301,375699,
0.2765214443206787,301,375749,
0.09736186265945435,301,375799,
0.14734047651290894,301,375849,
0.037061333656311035,301,375899,
0.18431615829467773,301,375949,
0.12285631895065308,301,375999,
0.040818989276885986,301,376049,
0.255232036113739,301,376099,
0.21372753381729126,301,376149,
0.2688925862312317,301,376199,
0.2144080400466919,301,376249,
0.09540677070617676,301,376299,
0.2812884449958801,301,376349,
0.13488727807998657,301,376399,
0.13955241441726685,301,376449,
0.2006656527519226,301,376499,
0.17761701345443726,301,376549,
0.1584223508834839,301,376599,
0.28707700967788696,301,376649,
0.27268707752227783,301,376699,
0.16961485147476196,301,376749,
0.22739458084106445,301,376799,
0.20181727409362793,301,376849,
,301,376895,0.6743708848953247
0.2642066478729248,302,376899,
0.11154818534851074,302,376949,
0.09858828783035278,302,376999,
0.18655818700790405,302,377049,
0.1276007890701294,302,377099,
0.4572044610977173,302,377149,
0.34594249725341797,302,377199,
0.41570109128952026,302,377249,
0.17113149166107178,302,377299,
0.44929832220077515,302,377349,
0.11093884706497192,302,377399,
0.1173628568649292,302,377449,
0.37178683280944824,302,377499,
0.25125086307525635,302,377549,
0.0780990719795227,302,377599,
0.2292405366897583,302,377649,
0.045496463775634766,302,377699,
0.07089918851852417,302,377749,
0.21492314338684082,302,377799,
0.04033660888671875,302,377849,
0.15669190883636475,302,377899,
0.15887242555618286,302,377949,
0.27451634407043457,302,377999,
0.2859135866165161,302,378049,
0.09031569957733154,302,378099,
,302,378143,0.6801528930664062
0.10124057531356812,303,378149,
0.27735602855682373,303,378199,
0.05246096849441528,303,378249,
0.09516239166259766,303,378299,
0.2877875566482544,303,378349,
0.324701189994812,303,378399,
0.11188298463821411,303,378449,
0.0331496000289917,303,378499,
0.16144651174545288,303,378549,
0.2288217544555664,303,378599,
0.12492179870605469,303,378649,
0.18900644779205322,303,378699,
0.3628249168395996,303,378749,
0.1963474154472351,303,378799,
0.33750325441360474,303,378849,
0.5020819902420044,303,378899,
0.1045694351196289,303,378949,
0.08241009712219238,303,378999,
0.3265123963356018,303,379049,
0.22591978311538696,303,379099,
0.2308976650238037,303,379149,
0.11727750301361084,303,379199,
0.17682242393493652,303,379249,
0.2790554165840149,303,379299,
0.26154977083206177,303,379349,
,303,379391,0.6675780415534973
0.19445186853408813,304,379399,
0.18326568603515625,304,379449,
0.17006605863571167,304,379499,
0.15186858177185059,304,379549,
0.29543113708496094,304,379599,
0.1676487922668457,304,379649,
0.10552281141281128,304,379699,
0.3768162131309509,304,379749,
0.25446373224258423,304,379799,
0.2998116612434387,304,379849,
0.2384464144706726,304,379899,
0.13343822956085205,304,379949,
0.2636118531227112,304,379999,
0.17152273654937744,304,380049,
0.17854362726211548,304,380099,
0.1344807744026184,304,380149,
0.30962449312210083,304,380199,
0.19382613897323608,304,380249,
0.1691509485244751,304,380299,
0.19772863388061523,304,380349,
0.1859413981437683,304,380399,
0.5205198526382446,304,380449,
0.18451917171478271,304,380499,
0.24611830711364746,304,380549,
0.25502800941467285,304,380599,
,304,380639,0.6703670620918274
0.21668386459350586,305,380649,
0.2055734395980835,305,380699,
0.27728623151779175,305,380749,
0.1393086314201355,305,380799,
0.09143710136413574,305,380849,
0.22496247291564941,305,380899,
0.056675612926483154,305,380949,
0.11587744951248169,305,380999,
0.15412026643753052,305,381049,
0.1602867841720581,305,381099,
0.1494215726852417,305,381149,
0.17761003971099854,305,381199,
0.20614540576934814,305,381249,
0.16897594928741455,305,381299,
0.17406272888183594,305,381349,
0.2519681453704834,305,381399,
0.2411605715751648,305,381449,
0.1635255217552185,305,381499,
0.10541665554046631,305,381549,
0.14875781536102295,305,381599,
0.25755393505096436,305,381649,
0.1012987494468689,305,381699,
0.22151964902877808,305,381749,
0.30157530307769775,305,381799,
0.23947173357009888,305,381849,
,305,381887,0.6720874905586243
0.12805330753326416,306,381899,
0.21794003248214722,306,381949,
0.14643996953964233,306,381999,
0.18211591243743896,306,382049,
0.24449372291564941,306,382099,
0.18886858224868774,306,382149,
0.07562655210494995,306,382199,
0.29274553060531616,306,382249,
0.1129034161567688,306,382299,
0.24730712175369263,306,382349,
0.37180590629577637,306,382399,
0.04990929365158081,306,382449,
0.2886859178543091,306,382499,
0.09198606014251709,306,382549,
0.08878737688064575,306,382599,
0.14351630210876465,306,382649,
0.37450647354125977,306,382699,
0.195043683052063,306,382749,
0.21055185794830322,306,382799,
0.1804559826850891,306,382849,
0.19919568300247192,306,382899,
0.11317747831344604,306,382949,
0.283402681350708,306,382999,
0.15350979566574097,306,383049,
0.3352245092391968,306,383099,
,306,383135,0.6712520718574524
0.32378631830215454,307,383149,
0.12318617105484009,307,383199,
0.28116321563720703,307,383249,
0.3547767996788025,307,383299,
0.25294721126556396,307,383349,
0.1795383095741272,307,383399,
0.1830679178237915,307,383449,
0.11820656061172485,307,383499,
0.12181270122528076,307,383549,
0.30105459690093994,307,383599,
0.21835476160049438,307,383649,
0.11171078681945801,307,383699,
0.2196282148361206,307,383749,
0.21735751628875732,307,383799,
0.21771562099456787,307,383849,
0.11788225173950195,307,383899,
0.19458770751953125,307,383949,
0.1288914680480957,307,383999,
0.0744173526763916,307,384049,
0.1640443205833435,307,384099,
0.2453087568283081,307,384149,
0.20669984817504883,307,384199,
0.16473859548568726,307,384249,
0.08108794689178467,307,384299,
0.22175949811935425,307,384349,
,307,384383,0.670952320098877
0.14126580953598022,308,384399,
0.17665475606918335,308,384449,
0.16879338026046753,308,384499,
0.19478565454483032,308,384549,
0.04702281951904297,308,384599,
0.053061723709106445,308,384649,
0.06522268056869507,308,384699,
0.19417643547058105,308,384749,
0.21642500162124634,308,384799,
0.10758811235427856,308,384849,
0.2232765555381775,308,384899,
0.2354952096939087,308,384949,
0.09742391109466553,308,384999,
0.26236236095428467,308,385049,
0.1064462661743164,308,385099,
0.06390810012817383,308,385149,
0.12674254179000854,308,385199,
0.23507767915725708,308,385249,
0.1748674511909485,308,385299,
0.25435131788253784,308,385349,
0.28076064586639404,308,385399,
0.04852581024169922,308,385449,
0.09512472152709961,308,385499,
0.10895514488220215,308,385549,
0.22233492136001587,308,385599,
,308,385631,0.6789582371711731
0.09927248954772949,309,385649,
0.28296613693237305,309,385699,
0.12261843681335449,309,385749,
0.10419780015945435,309,385799,
0.22213971614837646,309,385849,
0.1444670557975769,309,385899,
0.2220659852027893,309,385949,
0.24280720949172974,309,385999,
0.1002456545829773,309,386049,
0.06329864263534546,309,386099,
0.1861175298690796,309,386149,
0.254521906375885,309,386199,
0.10552513599395752,309,386249,
0.24760502576828003,309,386299,
0.29307836294174194,309,386349,
0.16335123777389526,309,386399,
0.2879769802093506,309,386449,
0.19517600536346436,309,386499,
0.2276861071586609,309,386549,
0.2906966805458069,309,386599,
0.22653144598007202,309,386649,
0.20747119188308716,309,386699,
0.3828309178352356,309,386749,
0.1299392580986023,309,386799,
0.08381497859954834,309,386849,
,309,386879,0.6772208213806152
0.10867959260940552,310,386899,
0.252424955368042,310,386949,
0.1201886534690857,310,386999,
0.09257668256759644,310,387049,
0.09709125757217407,310,387099,
0.23662418127059937,310,387149,
0.30813103914260864,310,387199,
0.16429036855697632,310,387249,
0.18572592735290527,310,387299,
0.23730486631393433,310,387349,
0.11394047737121582,310,387399,
0.21087241172790527,310,387449,
0.19379901885986328,310,387499,
0.1419125199317932,310,387549,
0.28136420249938965,310,387599,
0.20763522386550903,310,387649,
0.32691317796707153,310,387699,
0.226210355758667,310,387749,
0.051433026790618896,310,387799,
0.15766459703445435,310,387849,
0.10343009233474731,310,387899,
0.17451554536819458,310,387949,
0.11486750841140747,310,387999,
0.09963405132293701,310,388049,
0.06518948078155518,310,388099,
,310,388127,0.6748378872871399
0.08636575937271118,311,388149,
0.09989708662033081,311,388199,
0.09275662899017334,311,388249,
0.18545395135879517,311,388299,
0.305894672870636,311,388349,
0.09028565883636475,311,388399,
0.2930856943130493,311,388449,
0.3503219485282898,311,388499,
0.2230411171913147,311,388549,
0.11226856708526611,311,388599,
0.20619535446166992,311,388649,
0.2553200125694275,311,388699,
0.2112058401107788,311,388749,
0.1653590202331543,311,388799,
0.21039354801177979,311,388849,
0.17395031452178955,311,388899,
0.10122549533843994,311,388949,
0.16129302978515625,311,388999,
0.33098769187927246,311,389049,
0.21472108364105225,311,389099,
0.2303484082221985,311,389149,
0.20345854759216309,311,389199,
0.22738343477249146,311,389249,
0.13812553882598877,311,389299,
0.09915989637374878,311,389349,
,311,389375,0.6726311445236206
0.05443727970123291,312,389399,
0.3300014138221741,312,389449,
0.12287044525146484,312,389499,
0.04451817274093628,312,389549,
0.14145958423614502,312,389599,
0.3247959017753601,312,389649,
0.4955707788467407,312,389699,
0.17913848161697388,312,389749,
0.03366786241531372,312,389799,
0.2704578638076782,312,389849,
0.30843299627304077,312,389899,
0.13031280040740967,312,389949,
0.10483980178833008,312,389999,
0.05740445852279663,312,390049,
0.20359981060028076,312,390099,
0.2763739824295044,312,390149,
0.3360291123390198,312,390199,
0.16910970211029053,312,390249,
0.15574193000793457,312,390299,
0.2572137713432312,312,390349,
0.3644981384277344,312,390399,
0.11350691318511963,312,390449,
0.10159933567047119,312,390499,
0.343192458152771,312,390549,
0.2270330786705017,312,390599,
,312,390623,0.6718676686286926
0.11385279893875122,313,390649,
0.2769497036933899,313,390699,
0.3348294496536255,313,390749,
0.10108506679534912,313,390799,
0.10935670137405396,313,390849,
0.307971715927124,313,390899,
0.17848384380340576,313,390949,
0.0567745566368103,313,390999,
0.2563138008117676,313,391049,
0.23432648181915283,313,391099,
0.42390716075897217,313,391149,
0.29539060592651367,313,391199,
0.28182297945022583,313,391249,
0.05261826515197754,313,391299,
0.06153857707977295,313,391349,
0.16176629066467285,313,391399,
0.10513061285018921,313,391449,
0.169694721698761,313,391499,
0.10426777601242065,313,391549,
0.29751288890838623,313,391599,
0.3220669627189636,313,391649,
0.21575510501861572,313,391699,
0.17424923181533813,313,391749,
0.37906116247177124,313,391799,
0.07053059339523315,313,391849,
,313,391871,0.6712700128555298
0.1887974739074707,314,391899,
0.2929370403289795,314,391949,
0.24291455745697021,314,391999,
0.3087359666824341,314,392049,
0.19899851083755493,314,392099,
0.2697848081588745,314,392149,
0.26915913820266724,314,392199,
0.1606648564338684,314,392249,
0.122283935546875,314,392299,
0.19351208209991455,314,392349,
0.1334819793701172,314,392399,
0.22364938259124756,314,392449,
0.2983105182647705,314,392499,
0.11848020553588867,314,392549,
0.3173900842666626,314,392599,
0.05211210250854492,314,392649,
0.20730644464492798,314,392699,
0.1931951642036438,314,392749,
0.2677437663078308,314,392799,
0.1772363781929016,314,392849,
0.1042025089263916,314,392899,
0.24375557899475098,314,392949,
0.1841081976890564,314,392999,
0.2189173698425293,314,393049,
0.17465823888778687,314,393099,
,314,393119,0.6730712056159973
0.3687288165092468,315,393149,
0.2870166301727295,315,393199,
0.11083614826202393,315,393249,
0.1099274754524231,315,393299,
0.10843920707702637,315,393349,
0.35840529203414917,315,393399,
0.24013131856918335,315,393449,
0.17187821865081787,315,393499,
0.31384581327438354,315,393549,
0.1445029377937317,315,393599,
0.19737458229064941,315,393649,
0.32988548278808594,315,393699,
0.158860445022583,315,393749,
0.3875824213027954,315,393799,
0.24367666244506836,315,393849,
0.22524720430374146,315,393899,
0.16274911165237427,315,393949,
0.14548730850219727,315,393999,
0.22045528888702393,315,394049,
0.16021287441253662,315,394099,
0.13660812377929688,315,394149,
0.29240912199020386,315,394199,
0.10964179039001465,315,394249,
0.21149182319641113,315,394299,
0.18774104118347168,315,394349,
,315,394367,0.6777806282043457
0.23532778024673462,316,394399,
0.09553676843643188,316,394449,
0.1288522481918335,316,394499,
0.06731599569320679,316,394549,
0.152205228805542,316,394599,
0.26463812589645386,316,394649,
0.17205959558486938,316,394699,
0.11565923690795898,316,394749,
0.10259920358657837,316,394799,
0.0688217282295227,316,394849,
0.10926461219787598,316,394899,
0.23337215185165405,316,394949,
0.17555522918701172,316,394999,
0.12084811925888062,316,395049,
0.3464609384536743,316,395099,
0.2459428906440735,316,395149,
0.12403887510299683,316,395199,
0.06978291273117065,316,395249,
0.1378856897354126,316,395299,
0.11694353818893433,316,395349,
0.13911134004592896,316,395399,
0.23568421602249146,316,395449,
0.10890024900436401,316,395499,
0.15002840757369995,316,395549,
0.27960318326950073,316,395599,
,316,395615,0.6745820641517639
0.15496432781219482,317,395649,
0.36715322732925415,317,395699,
0.1464599370956421,317,395749,
0.2803501486778259,317,395799,
0.039167165756225586,317,395849,
0.19422191381454468,317,395899,
0.16614830493927002,317,395949,
0.12290465831756592,317,395999,
0.18712812662124634,317,396049,
0.1738232970237732,317,396099,
0.261633038520813,317,396149,
0.1337539553642273,317,396199,
0.16069000959396362,317,396249,
0.197859525680542,317,396299,
0.19105440378189087,317,396349,
0.2025294303894043,317,396399,
0.211947500705719,317,396449,
0.14220023155212402,317,396499,
0.2797139883041382,317,396549,
0.1760886311531067,317,396599,
0.07760089635848999,317,396649,
0.2075868844985962,317,396699,
0.13208246231079102,317,396749,
0.37479132413864136,317,396799,
0.30517613887786865,317,396849,
,317,396863,0.6759949326515198
0.13348931074142456,318,396899,
0.3231908679008484,318,396949,
0.16516339778900146,318,396999,
0.15118008852005005,318,397049,
0.14957839250564575,318,397099,
0.33160102367401123,318,397149,
0.31613689661026,318,397199,
0.10227662324905396,318,397249,
0.056504666805267334,318,397299,
0.19396138191223145,318,397349,
0.22654587030410767,318,397399,
0.19765061140060425,318,397449,
0.29088377952575684,318,397499,
0.1505371332168579,318,397549,
0.18405449390411377,318,397599,
0.20730000734329224,318,397649,
0.3167951703071594,318,397699,
0.13988834619522095,318,397749,
0.3102656602859497,318,397799,
0.1583843231201172,318,397849,
0.16556036472320557,318,397899,
0.14189738035202026,318,397949,
0.15895551443099976,318,397999,
0.34348076581954956,318,398049,
0.23226213455200195,318,398099,
,318,398111,0.6693190932273865
0.2042999267578125,319,398149,
0.14587420225143433,319,398199,
0.05940103530883789,319,398249,
0.2879596948623657,319,398299,
0.14796054363250732,319,398349,
0.15310943126678467,319,398399,
0.09196615219116211,319,398449,
0.41735589504241943,319,398499,
0.1705213189125061,319,398549,
0.14345937967300415,319,398599,
0.1044580340385437,319,398649,
0.17296743392944336,319,398699,
0.1909274458885193,319,398749,
0.04871004819869995,319,398799,
0.10781604051589966,319,398849,
0.09241378307342529,319,398899,
0.1476881504058838,319,398949,
0.22954785823822021,319,398999,
0.2562059164047241,319,399049,
0.2521423101425171,319,399099,
0.12373113632202148,319,399149,
0.16582238674163818,319,399199,
0.21705323457717896,319,399249,
0.13919389247894287,319,399299,
0.1273697018623352,319,399349,
,319,399359,0.6735520958900452
0.11612528562545776,320,399399,
0.10836005210876465,320,399449,
0.1217031478881836,320,399499,
0.30974894762039185,320,399549,
0.15406227111816406,320,399599,
0.09994018077850342,320,399649,
0.20589065551757812,320,399699,
0.09323477745056152,320,399749,
0.28623366355895996,320,399799,
0.15731537342071533,320,399849,
0.30914050340652466,320,399899,
0.36317336559295654,320,399949,
0.030228018760681152,320,399999,
0.2594054937362671,320,400049,
0.1669291853904724,320,400099,
0.2640901207923889,320,400149,
0.08584767580032349,320,400199,
0.3212485909461975,320,400249,
0.15784668922424316,320,400299,
0.27456605434417725,320,400349,
0.18287187814712524,320,400399,
0.2582954168319702,320,400449,
0.06433641910552979,320,400499,
0.23830854892730713,320,400549,
0.19815027713775635,320,400599,
,320,400607,0.6745386123657227
0.09455418586730957,321,400649,
0.18130046129226685,321,400699,
0.1284441351890564,321,400749,
0.12606710195541382,321,400799,
0.3472452163696289,321,400849,
0.14729785919189453,321,400899,
0.10926580429077148,321,400949,
0.24347877502441406,321,400999,
0.05380147695541382,321,401049,
0.13715332746505737,321,401099,
0.038979291915893555,321,401149,
0.11108016967773438,321,401199,
0.1283208131790161,321,401249,
0.2324952483177185,321,401299,
0.20983928442001343,321,401349,
0.18374496698379517,321,401399,
0.25782960653305054,321,401449,
0.2042655348777771,321,401499,
0.14137035608291626,321,401549,
0.12321358919143677,321,401599,
0.17889690399169922,321,401649,
0.13291722536087036,321,401699,
0.22278571128845215,321,401749,
0.2300906777381897,321,401799,
0.2953020930290222,321,401849,
,321,401855,0.6717361211776733
0.33397376537323,322,401899,
0.17614072561264038,322,401949,
0.09443497657775879,322,401999,
0.19717592000961304,322,402049,
0.27643656730651855,322,402099,
0.3784351944923401,322,402149,
0.05169278383255005,322,402199,
0.28715580701828003,322,402249,
0.03109520673751831,322,402299,
0.05466794967651367,322,402349,
0.14461827278137207,322,402399,
0.11677253246307373,322,402449,
0.29123926162719727,322,402499,
0.43283557891845703,322,402549,
0.27626192569732666,322,402599,
0.10417753458023071,322,402649,
0.24629944562911987,322,402699,
0.18808043003082275,322,402749,
0.1035604476928711,322,402799,
0.13211023807525635,322,402849,
0.042355477809906006,322,402899,
0.10358691215515137,322,402949,
0.1574535369873047,322,402999,
0.18000191450119019,322,403049,
0.26641345024108887,322,403099,
,322,403103,0.6720890998840332
0.25717031955718994,323,403149,
0.2064303755760193,323,403199,
0.10901457071304321,323,403249,
0.04387807846069336,323,403299,
0.03047013282775879,323,403349,
0.13932526111602783,323,403399,
0.23370838165283203,323,403449,
0.30159711837768555,323,403499,
0.21565115451812744,323,403549,
0.2692975401878357,323,403599,
0.04291415214538574,323,403649,
0.15232330560684204,323,403699,
0.25059956312179565,323,403749,
0.15153121948242188,323,403799,
0.17888182401657104,323,403849,
0.2438320517539978,323,403899,
0.1937650442123413,323,403949,
0.25648534297943115,323,403999,
0.2996608018875122,323,404049,
0.14349889755249023,323,404099,
0.39339882135391235,323,404149,
0.30244845151901245,323,404199,
0.22091907262802124,323,404249,
0.1195824146270752,323,404299,
0.23338884115219116,323,404349,
,323,404351,0.6693865060806274
0.05255013704299927,324,404399,
0.16039776802062988,324,404449,
0.17714941501617432,324,404499,
0.24767154455184937,324,404549,
0.2173871397972107,324,404599,
0.25299328565597534,324,404649,
0.0688207745552063,324,404699,
0.30413341522216797,324,404749,
0.32827723026275635,324,404799,
0.38451868295669556,324,404849,
0.12685906887054443,324,404899,
0.10393059253692627,324,404949,
0.15414512157440186,324,404999,
0.18980562686920166,324,405049,
0.18054842948913574,324,405099,
0.17980653047561646,324,405149,
0.14330238103866577,324,405199,
0.2656373381614685,324,405249,
0.047615230083465576,324,405299,
0.16658365726470947,324,405349,
0.07214778661727905,324,405399,
0.23208117485046387,324,405449,
0.23269367218017578,324,405499,
0.10641944408416748,324,405549,
0.20758056640625,324,405599,
,324,405599,0.6690343022346497
0.26824265718460083,325,405649,
0.08660215139389038,325,405699,
0.12983298301696777,325,405749,
0.13437926769256592,325,405799,
0.18101739883422852,325,405849,
0.25536102056503296,325,405899,
0.04590946435928345,325,405949,
0.04765200614929199,325,405999,
0.14991122484207153,325,406049,
0.054586946964263916,325,406099,
0.10566258430480957,325,406149,
0.06840944290161133,325,406199,
0.20360159873962402,325,406249,
0.2066117525100708,325,406299,
0.2297787070274353,325,406349,
0.10431206226348877,325,406399,
0.12441855669021606,325,406449,
0.20218491554260254,325,406499,
0.2621921896934509,325,406549,
0.2442917823791504,325,406599,
0.12528550624847412,325,406649,
0.10897016525268555,325,406699,
0.18161773681640625,325,406749,
0.2866695523262024,325,406799,
,325,406847,0.6792195439338684
0.20644128322601318,326,406849,
0.036068081855773926,326,406899,
0.18560254573822021,326,406949,
0.2232111692428589,326,406999,
0.19817614555358887,326,407049,
0.220678448677063,326,407099,
0.1989763379096985,326,407149,
0.17197102308273315,326,407199,
0.0815199613571167,326,407249,
0.11010223627090454,326,407299,
0.10309678316116333,326,407349,
0.12949705123901367,326,407399,
0.09735387563705444,326,407449,
0.08436137437820435,326,407499,
0.10791659355163574,326,407549,
0.09754467010498047,326,407599,
0.18477314710617065,326,407649,
0.08652931451797485,326,407699,
0.2137647271156311,326,407749,
0.16895920038223267,326,407799,
0.15769368410110474,326,407849,
0.21105462312698364,326,407899,
0.24924463033676147,326,407949,
0.07355797290802002,326,407999,
0.26236313581466675,326,408049,
,326,408095,0.6756170988082886
0.09497964382171631,327,408099,
0.2748515009880066,327,408149,
0.10610717535018921,327,408199,
0.15025001764297485,327,408249,
0.09720814228057861,327,408299,
0.2775535583496094,327,408349,
0.11126142740249634,327,408399,
0.16442477703094482,327,408449,
0.15682554244995117,327,408499,
0.31448543071746826,327,408549,
0.4761699438095093,327,408599,
0.05975747108459473,327,408649,
0.18285691738128662,327,408699,
0.10812509059906006,327,408749,
0.2666682004928589,327,408799,
0.2422245740890503,327,408849,
0.3151962161064148,327,408899,
0.04570513963699341,327,408949,
0.19301307201385498,327,408999,
0.3681158423423767,327,409049,
0.2664840817451477,327,409099,
0.10203242301940918,327,409149,
0.22512882947921753,327,409199,
0.21432995796203613,327,409249,
0.1656477451324463,327,409299,
,327,409343,0.6719385981559753
0.19875973463058472,328,409349,
0.21059972047805786,328,409399,
0.15742003917694092,328,409449,
0.13285380601882935,328,409499,
0.2793700098991394,328,409549,
0.17711299657821655,328,409599,
0.22473734617233276,328,409649,
0.16452717781066895,328,409699,
0.24124395847320557,328,409749,
0.2162906527519226,328,409799,
0.1959974765777588,328,409849,
0.053604841232299805,328,409899,
0.09793627262115479,328,409949,
0.04021918773651123,328,409999,
0.13273978233337402,328,410049,
0.18053674697875977,328,410099,
0.19567155838012695,328,410149,
0.11877948045730591,328,410199,
0.12973201274871826,328,410249,
0.2202010154724121,328,410299,
0.16711962223052979,328,410349,
0.08984106779098511,328,410399,
0.27938133478164673,328,410449,
0.22089308500289917,328,410499,
0.16601306200027466,328,410549,
,328,410591,0.6716322898864746
0.17068469524383545,329,410599,
0.16549444198608398,329,410649,
0.19231778383255005,329,410699,
0.09491336345672607,329,410749,
0.049513816833496094,329,410799,
0.13064217567443848,329,410849,
0.16994309425354004,329,410899,
0.2197723388671875,329,410949,
0.042149126529693604,329,410999,
0.17240887880325317,329,411049,
0.1509643793106079,329,411099,
0.19510889053344727,329,411149,
0.0905490517616272,329,411199,
0.12928801774978638,329,411249,
0.15692567825317383,329,411299,
0.039437830448150635,329,411349,
0.310055136680603,329,411399,
0.09568846225738525,329,411449,
0.21694499254226685,329,411499,
0.18922513723373413,329,411549,
0.2819861173629761,329,411599,
0.2642342448234558,329,411649,
0.3015693426132202,329,411699,
0.24130618572235107,329,411749,
0.39772969484329224,329,411799,
,329,411839,0.6777088642120361
0.16246628761291504,330,411849,
0.26917022466659546,330,411899,
0.2589266300201416,330,411949,
0.1905154585838318,330,411999,
0.15503746271133423,330,412049,
0.03293788433074951,330,412099,
0.2655777931213379,330,412149,
0.23061835765838623,330,412199,
0.18562424182891846,330,412249,
0.3744431138038635,330,412299,
0.15192461013793945,330,412349,
0.25227218866348267,330,412399,
0.1874769926071167,330,412449,
0.21589267253875732,330,412499,
0.36190277338027954,330,412549,
0.1529213786125183,330,412599,
0.2447218894958496,330,412649,
0.19234740734100342,330,412699,
0.256804883480072,330,412749,
0.2590863108634949,330,412799,
0.2929391860961914,330,412849,
0.09140032529830933,330,412899,
0.32479965686798096,330,412949,
0.35461878776550293,330,412999,
0.13136905431747437,330,413049,
,330,413087,0.6730033755302429
0.11751526594161987,331,413099,
0.2805522680282593,331,413149,
0.03224223852157593,331,413199,
0.05209475755691528,331,413249,
0.1527172327041626,331,413299,
0.2482055425643921,331,413349,
0.2517366409301758,331,413399,
0.15092122554779053,331,413449,
0.11369812488555908,331,413499,
0.12884342670440674,331,413549,
0.17112869024276733,331,413599,
0.41561877727508545,331,413649,
0.13484179973602295,331,413699,
0.1575397253036499,331,413749,
0.20240843296051025,331,413799,
0.10421746969223022,331,413849,
0.12008440494537354,331,413899,
0.04937058687210083,331,413949,
0.21356302499771118,331,413999,
0.23899716138839722,331,414049,
0.19831633567810059,331,414099,
0.407082200050354,331,414149,
0.29310715198516846,331,414199,
0.1696680784225464,331,414249,
0.20513737201690674,331,414299,
,331,414335,0.6744850873947144
0.2510449290275574,332,414349,
0.22294646501541138,332,414399,
0.1883842945098877,332,414449,
0.21282297372817993,332,414499,
0.31867724657058716,332,414549,
0.10419332981109619,332,414599,
0.036454737186431885,332,414649,
0.22711998224258423,332,414699,
0.3791830539703369,332,414749,
0.04458540678024292,332,414799,
0.20820116996765137,332,414849,
0.06152808666229248,332,414899,
0.18898415565490723,332,414949,
0.2911180853843689,332,414999,
0.28034573793411255,332,415049,
0.4338364005088806,332,415099,
0.3984273076057434,332,415149,
0.19258713722229004,332,415199,
0.09845626354217529,332,415249,
0.23226779699325562,332,415299,
0.2643963694572449,332,415349,
0.21830809116363525,332,415399,
0.1659071445465088,332,415449,
0.1942998170852661,332,415499,
0.26046687364578247,332,415549,
,332,415583,0.6728419065475464
0.23384851217269897,333,415599,
0.20928692817687988,333,415649,
0.21240776777267456,333,415699,
0.12435799837112427,333,415749,
0.2499842643737793,333,415799,
0.16432422399520874,333,415849,
0.258428156375885,333,415899,
0.11601173877716064,333,415949,
0.24070942401885986,333,415999,
0.20778393745422363,333,416049,
0.20157265663146973,333,416099,
0.25206804275512695,333,416149,
0.13738644123077393,333,416199,
0.09702038764953613,333,416249,
0.24618834257125854,333,416299,
0.1859797239303589,333,416349,
0.1399465799331665,333,416399,
0.21150344610214233,333,416449,
0.22072631120681763,333,416499,
0.16524088382720947,333,416549,
0.1108599305152893,333,416599,
0.05413317680358887,333,416649,
0.13468366861343384,333,416699,
0.2059066891670227,333,416749,
0.21209287643432617,333,416799,
,333,416831,0.672204315662384
0.1702570915222168,334,416849,
0.0860409140586853,334,416899,
0.22658640146255493,334,416949,
0.14150428771972656,334,416999,
0.16778069734573364,334,417049,
0.12347596883773804,334,417099,
0.22416698932647705,334,417149,
0.1007431149482727,334,417199,
0.16720712184906006,334,417249,
0.045748233795166016,334,417299,
0.2524600028991699,334,417349,
0.25881218910217285,334,417399,
0.2174648642539978,334,417449,
0.16576313972473145,334,417499,
0.2252090573310852,334,417549,
0.16933852434158325,334,417599,
0.17776304483413696,334,417649,
0.2788986563682556,334,417699,
0.11764812469482422,334,417749,
0.12042814493179321,334,417799,
0.21191585063934326,334,417849,
0.06390947103500366,334,417899,
0.2290782928466797,334,417949,
0.11431729793548584,334,417999,
0.09371739625930786,334,418049,
,334,418079,0.6735077500343323
0.3588009476661682,335,418099,
0.2529236674308777,335,418149,
0.23385262489318848,335,418199,
0.2888340353965759,335,418249,
0.2848447561264038,335,418299,
0.16122645139694214,335,418349,
0.1629091501235962,335,418399,
0.22273415327072144,335,418449,
0.36707645654678345,335,418499,
0.09662896394729614,335,418549,
0.04627615213394165,335,418599,
0.17438119649887085,335,418649,
0.18274283409118652,335,418699,
0.16016340255737305,335,418749,
0.1525651216506958,335,418799,
0.4027613401412964,335,418849,
0.22892212867736816,335,418899,
0.2656744718551636,335,418949,
0.11372649669647217,335,418999,
0.1751822829246521,335,419049,
0.14713811874389648,335,419099,
0.18519562482833862,335,419149,
0.2949163317680359,335,419199,
0.1037362813949585,335,419249,
0.3671115040779114,335,419299,
,335,419327,0.6747802495956421
0.21026968955993652,336,419349,
0.04845207929611206,336,419399,
0.16921770572662354,336,419449,
0.06431436538696289,336,419499,
0.16745173931121826,336,419549,
0.2141737937927246,336,419599,
0.11099749803543091,336,419649,
0.15931415557861328,336,419699,
0.12386828660964966,336,419749,
0.2901156544685364,336,419799,
0.1817624568939209,336,419849,
0.2882857918739319,336,419899,
0.3470945358276367,336,419949,
0.168725848197937,336,419999,
0.24765628576278687,336,420049,
0.21699708700180054,336,420099,
0.21563512086868286,336,420149,
0.10515689849853516,336,420199,
0.175805926322937,336,420249,
0.18467777967453003,336,420299,
0.12663543224334717,336,420349,
0.23100513219833374,336,420399,
0.1655048131942749,336,420449,
0.180111825466156,336,420499,
0.26783376932144165,336,420549,
,336,420575,0.6736947298049927
0.1089094877243042,337,420599,
0.30415815114974976,337,420649,
0.07649528980255127,337,420699,
0.17639148235321045,337,420749,
0.13396990299224854,337,420799,
0.16687613725662231,337,420849,
0.26549971103668213,337,420899,
0.2599937319755554,337,420949,
0.21644151210784912,337,420999,
0.2353285551071167,337,421049,
0.198522686958313,337,421099,
0.159481942653656,337,421149,
0.04969733953475952,337,421199,
0.28355294466018677,337,421249,
0.1692143678665161,337,421299,
0.10382473468780518,337,421349,
0.10490113496780396,337,421399,
0.3136225938796997,337,421449,
0.16180378198623657,337,421499,
0.27869880199432373,337,421549,
0.15326440334320068,337,421599,
0.12666857242584229,337,421649,
0.12927252054214478,337,421699,
0.03836625814437866,337,421749,
0.15956759452819824,337,421799,
,337,421823,0.6730486750602722
0.116455078125,338,421849,
0.2227705717086792,338,421899,
0.20554828643798828,338,421949,
0.22346949577331543,338,421999,
0.24778813123703003,338,422049,
0.1000363826751709,338,422099,
0.16165930032730103,338,422149,
0.2696792483329773,338,422199,
0.09984171390533447,338,422249,
0.26151710748672485,338,422299,
0.1051340103149414,338,422349,
0.3778524398803711,338,422399,
0.3836214542388916,338,422449,
0.45121926069259644,338,422499,
0.1936887502670288,338,422549,
0.2625424861907959,338,422599,
0.3279215097427368,338,422649,
0.04351609945297241,338,422699,
0.16269451379776,338,422749,
0.21686214208602905,338,422799,
0.12327957153320312,338,422849,
0.09914559125900269,338,422899,
0.3261498808860779,338,422949,
0.11802870035171509,338,422999,
0.23103386163711548,338,423049,
,338,423071,0.6741875410079956
0.09697437286376953,339,423099,
0.3347172737121582,339,423149,
0.052773356437683105,339,423199,
0.07818228006362915,339,423249,
0.1553586721420288,339,423299,
0.09273457527160645,339,423349,
0.31188708543777466,339,423399,
0.159185528755188,339,423449,
0.04442954063415527,339,423499,
0.23748791217803955,339,423549,
0.33411651849746704,339,423599,
0.1283578872680664,339,423649,
0.2898372411727905,339,423699,
0.28289663791656494,339,423749,
0.23089295625686646,339,423799,
0.18646961450576782,339,423849,
0.06446760892868042,339,423899,
0.0992702841758728,339,423949,
0.06251770257949829,339,423999,
0.10052704811096191,339,424049,
0.1006513237953186,339,424099,
0.13660186529159546,339,424149,
0.06305700540542603,339,424199,
0.11378651857376099,339,424249,
0.13449496030807495,339,424299,
,339,424319,0.6738764047622681
0.16841769218444824,340,424349,
0.2218138575553894,340,424399,
0.2641928195953369,340,424449,
0.14550703763961792,340,424499,
0.11492878198623657,340,424549,
0.07332813739776611,340,424599,
0.17518222332000732,340,424649,
0.1963728666305542,340,424699,
0.13203436136245728,340,424749,
0.17340624332427979,340,424799,
0.24142205715179443,340,424849,
0.12121731042861938,340,424899,
0.10176533460617065,340,424949,
0.21125346422195435,340,424999,
0.23652392625808716,340,425049,
0.13394564390182495,340,425099,
0.2621000409126282,340,425149,
0.20153415203094482,340,425199,
0.21250110864639282,340,425249,
0.1691088080406189,340,425299,
0.12233185768127441,340,425349,
0.12810319662094116,340,425399,
0.3834115266799927,340,425449,
0.19561123847961426,340,425499,
0.14057838916778564,340,425549,
,340,425567,0.6727123856544495
0.17628204822540283,341,425599,
0.38326501846313477,341,425649,
0.11280697584152222,341,425699,
0.26667094230651855,341,425749,
0.16464650630950928,341,425799,
0.1261047124862671,341,425849,
0.09001076221466064,341,425899,
0.17455977201461792,341,425949,
0.29631519317626953,341,425999,
0.2282136082649231,341,426049,
0.3365892767906189,341,426099,
0.07642549276351929,341,426149,
0.23320430517196655,341,426199,
0.17510974407196045,341,426249,
0.19534438848495483,341,426299,
0.1355956792831421,341,426349,
0.17804622650146484,341,426399,
0.11801499128341675,341,426449,
0.13442260026931763,341,426499,
0.10389143228530884,341,426549,
0.21295928955078125,341,426599,
0.029574334621429443,341,426649,
0.24090421199798584,341,426699,
0.19316470623016357,341,426749,
0.19688022136688232,341,426799,
,341,426815,0.6703420281410217
0.3221534490585327,342,426849,
0.05186808109283447,342,426899,
0.020546376705169678,342,426949,
0.1427851915359497,342,426999,
0.017855703830718994,342,427049,
0.150066077709198,342,427099,
0.27983778715133667,342,427149,
0.038054585456848145,342,427199,
0.17577826976776123,342,427249,
0.26028090715408325,342,427299,
0.284453809261322,342,427349,
0.11886835098266602,342,427399,
0.16972291469573975,342,427449,
0.4363601803779602,342,427499,
0.24227356910705566,342,427549,
0.22630923986434937,342,427599,
0.20733678340911865,342,427649,
0.09018433094024658,342,427699,
0.22140228748321533,342,427749,
0.2394866943359375,342,427799,
0.12074750661849976,342,427849,
0.2752060294151306,342,427899,
0.25314927101135254,342,427949,
0.14785754680633545,342,427999,
0.13470947742462158,342,428049,
,342,428063,0.6681501865386963
0.1645827293395996,343,428099,
0.23427331447601318,343,428149,
0.11763370037078857,343,428199,
0.1775515079498291,343,428249,
0.04053795337677002,343,428299,
0.3190551996231079,343,428349,
0.2075517177581787,343,428399,
0.2879970669746399,343,428449,
0.21327471733093262,343,428499,
0.2945539355278015,343,428549,
0.11415457725524902,343,428599,
0.3754333257675171,343,428649,
0.2963717579841614,343,428699,
0.23065871000289917,343,428749,
0.10051494836807251,343,428799,
0.16297376155853271,343,428849,
0.10644751787185669,343,428899,
0.289193332195282,343,428949,
0.2559407949447632,343,428999,
0.156083345413208,343,429049,
0.11416620016098022,343,429099,
0.20370978116989136,343,429149,
0.3164476752281189,343,429199,
0.20740842819213867,343,429249,
0.26694685220718384,343,429299,
,343,429311,0.6679059863090515
0.34113073348999023,344,429349,
0.04283100366592407,344,429399,
0.2173580527305603,344,429449,
0.18629682064056396,344,429499,
0.07096421718597412,344,429549,
0.16397428512573242,344,429599,
0.20859837532043457,344,429649,
0.2399926781654358,344,429699,
0.1972854733467102,344,429749,
0.19544941186904907,344,429799,
0.2414942979812622,344,429849,
0.22137326002120972,344,429899,
0.09986305236816406,344,429949,
0.10646295547485352,344,429999,
0.13047611713409424,344,430049,
0.25073862075805664,344,430099,
0.06160646677017212,344,430149,
0.05575591325759888,344,430199,
0.037206292152404785,344,430249,
0.11867809295654297,344,430299,
0.15418225526809692,344,430349,
0.33824586868286133,344,430399,
0.10728371143341064,344,430449,
0.22018855810165405,344,430499,
0.17970341444015503,344,430549,
,344,430559,0.6729020476341248
0.31499385833740234,345,430599,
0.10491549968719482,345,430649,
0.2178599238395691,345,430699,
0.16273576021194458,345,430749,
0.14478224515914917,345,430799,
0.2211524248123169,345,430849,
0.09526979923248291,345,430899,
0.11161977052688599,345,430949,
0.261837899684906,345,430999,
0.39371198415756226,345,431049,
0.17690509557724,345,431099,
0.18814104795455933,345,431149,
0.3182333707809448,345,431199,
0.16724342107772827,345,431249,
0.2824905514717102,345,431299,
0.17350953817367554,345,431349,
0.26167094707489014,345,431399,
0.10606646537780762,345,431449,
0.21249425411224365,345,431499,
0.38209348917007446,345,431549,
0.19842177629470825,345,431599,
0.16839826107025146,345,431649,
0.20288223028182983,345,431699,
0.08416080474853516,345,431749,
0.39612263441085815,345,431799,
,345,431807,0.6698667407035828
0.1038098931312561,346,431849,
0.201432466506958,346,431899,
0.1645168662071228,346,431949,
0.2111572027206421,346,431999,
0.1498296856880188,346,432049,
0.2582886219024658,346,432099,
0.2831486463546753,346,432149,
0.16856902837753296,346,432199,
0.12672829627990723,346,432249,
0.2706749439239502,346,432299,
0.3032224178314209,346,432349,
0.17369365692138672,346,432399,
0.14140844345092773,346,432449,
0.12198930978775024,346,432499,
0.30905431509017944,346,432549,
0.2831188440322876,346,432599,
0.35536980628967285,346,432649,
0.1763441562652588,346,432699,
0.24667584896087646,346,432749,
0.27790093421936035,346,432799,
0.10272306203842163,346,432849,
0.2902655005455017,346,432899,
0.06296360492706299,346,432949,
0.24771302938461304,346,432999,
0.1199793815612793,346,433049,
,346,433055,0.6744367480278015
0.19017291069030762,347,433099,
0.15461862087249756,347,433149,
0.20646297931671143,347,433199,
0.09720730781555176,347,433249,
0.1101270318031311,347,433299,
0.16913878917694092,347,433349,
0.04427778720855713,347,433399,
0.260458767414093,347,433449,
0.13115662336349487,347,433499,
0.18490451574325562,347,433549,
0.1333712935447693,347,433599,
0.3846677541732788,347,433649,
0.35171836614608765,347,433699,
0.10432624816894531,347,433749,
0.1804153323173523,347,433799,
0.12318342924118042,347,433849,
0.19427144527435303,347,433899,
0.16370701789855957,347,433949,
0.1655285358428955,347,433999,
0.2989797592163086,347,434049,
0.10900413990020752,347,434099,
0.18716752529144287,347,434149,
0.1002313494682312,347,434199,
0.2344837188720703,347,434249,
0.3621295690536499,347,434299,
,347,434303,0.6698015928268433
0.10084360837936401,348,434349,
0.09337449073791504,348,434399,
0.029777884483337402,348,434449,
0.1855984330177307,348,434499,
0.11054551601409912,348,434549,
0.18406975269317627,348,434599,
0.2939850091934204,348,434649,
0.0835844874382019,348,434699,
0.045692384243011475,348,434749,
0.17611223459243774,348,434799,
0.09130662679672241,348,434849,
0.15272748470306396,348,434899,
0.11767345666885376,348,434949,
0.2278415560722351,348,434999,
0.249356210231781,348,435049,
0.16289544105529785,348,435099,
0.043180882930755615,348,435149,
0.15300029516220093,348,435199,
0.20459681749343872,348,435249,
0.16978061199188232,348,435299,
0.2399415373802185,348,435349,
0.35791897773742676,348,435399,
0.24125856161117554,348,435449,
0.13263636827468872,348,435499,
0.22870898246765137,348,435549,
,348,435551,0.6739965081214905
0.15722239017486572,349,435599,
0.21026962995529175,349,435649,
0.16889697313308716,349,435699,
0.32825976610183716,349,435749,
0.05592453479766846,349,435799,
0.33486413955688477,349,435849,
0.27035731077194214,349,435899,
0.21089541912078857,349,435949,
0.29448777437210083,349,435999,
0.19106554985046387,349,436049,
0.3812914490699768,349,436099,
0.30272722244262695,349,436149,
0.03844594955444336,349,436199,
0.1259940266609192,349,436249,
0.4899752736091614,349,436299,
0.18618810176849365,349,436349,
0.10002732276916504,349,436399,
0.20095020532608032,349,436449,
0.11466312408447266,349,436499,
0.06253337860107422,349,436549,
0.0907050371170044,349,436599,
0.1731717586517334,349,436649,
0.13201481103897095,349,436699,
0.2681010961532593,349,436749,
0.09830772876739502,349,436799,
,349,436799,0.674064576625824
0.263546884059906,350,436849,
0.1469506025314331,350,436899,
0.03218531608581543,350,436949,
0.28639912605285645,350,436999,
0.16341489553451538,350,437049,
0.248599112033844,350,437099,
0.03697687387466431,350,437149,
0.17049992084503174,350,437199,
0.24903923273086548,350,437249,
0.27571946382522583,350,437299,
0.17735016345977783,350,437349,
0.2859012484550476,350,437399,
0.16257983446121216,350,437449,
0.21372365951538086,350,437499,
0.18687427043914795,350,437549,
0.14185500144958496,350,437599,
0.14981365203857422,350,437649,
0.04969930648803711,350,437699,
0.2098650336265564,350,437749,
0.19929349422454834,350,437799,
0.14425551891326904,350,437849,
0.22286635637283325,350,437899,
0.24027162790298462,350,437949,
0.11322987079620361,350,437999,
,350,438047,0.6728213429450989
0.2436860203742981,351,438049,
0.30540305376052856,351,438099,
0.10984992980957031,351,438149,
0.10771548748016357,351,438199,
0.056506454944610596,351,438249,
0.19274067878723145,351,438299,
0.047805845737457275,351,438349,
0.11838948726654053,351,438399,
0.27600961923599243,351,438449,
0.24412840604782104,351,438499,
0.30151116847991943,351,438549,
0.3076137900352478,351,438599,
0.21836090087890625,351,438649,
0.1336154341697693,351,438699,
0.17209935188293457,351,438749,
0.10520517826080322,351,438799,
0.2974773049354553,351,438849,
0.04084467887878418,351,438899,
0.16343766450881958,351,438949,
0.10789310932159424,351,438999,
0.12607347965240479,351,439049,
0.18131768703460693,351,439099,
0.14665424823760986,351,439149,
0.08954578638076782,351,439199,
0.09665137529373169,351,439249,
,351,439295,0.6726735234260559
0.16267454624176025,352,439299,
0.37367624044418335,352,439349,
0.18876135349273682,352,439399,
0.23244547843933105,352,439449,
0.19815218448638916,352,439499,
0.29361724853515625,352,439549,
0.2253342866897583,352,439599,
0.34335118532180786,352,439649,
0.23922139406204224,352,439699,
0.21643352508544922,352,439749,
0.24645960330963135,352,439799,
0.11079579591751099,352,439849,
0.323034405708313,352,439899,
0.16328412294387817,352,439949,
0.06508290767669678,352,439999,
0.12047016620635986,352,440049,
0.18655437231063843,352,440099,
0.205280601978302,352,440149,
0.2917165160179138,352,440199,
0.20214587450027466,352,440249,
0.31551694869995117,352,440299,
0.16089403629302979,352,440349,
0.05162233114242554,352,440399,
0.1876170039176941,352,440449,
0.16308391094207764,352,440499,
,352,440543,0.6713235378265381
0.31586599349975586,353,440549,
0.1585199236869812,353,440599,
0.22603154182434082,353,440649,
0.27380794286727905,353,440699,
0.2244488000869751,353,440749,
0.09468621015548706,353,440799,
0.1275966763496399,353,440849,
0.16474896669387817,353,440899,
0.041522443294525146,353,440949,
0.16500455141067505,353,440999,
0.22643178701400757,353,441049,
0.15521275997161865,353,441099,
0.045514464378356934,353,441149,
0.09729230403900146,353,441199,
0.14533478021621704,353,441249,
0.24479585886001587,353,441299,
0.16241323947906494,353,441349,
0.0887555480003357,353,441399,
0.25885456800460815,353,441449,
0.2382097840309143,353,441499,
0.09854394197463989,353,441549,
0.14983952045440674,353,441599,
0.09974426031112671,353,441649,
0.11997199058532715,353,441699,
0.20645469427108765,353,441749,
,353,441791,0.6719023585319519
0.17035949230194092,354,441799,
0.17023342847824097,354,441849,
0.4410628080368042,354,441899,
0.15429991483688354,354,441949,
0.04352211952209473,354,441999,
0.17270416021347046,354,442049,
0.09004437923431396,354,442099,
0.2718941569328308,354,442149,
0.0903928279876709,354,442199,
0.1508452296257019,354,442249,
0.3031589388847351,354,442299,
0.37629061937332153,354,442349,
0.22625666856765747,354,442399,
0.30538469552993774,354,442449,
0.10610634088516235,354,442499,
0.22661030292510986,354,442549,
0.19371086359024048,354,442599,
0.16927093267440796,354,442649,
0.32970476150512695,354,442699,
0.15837699174880981,354,442749,
0.1663508415222168,354,442799,
0.2110334038734436,354,442849,
0.17063140869140625,354,442899,
0.2678535580635071,354,442949,
0.033734023571014404,354,442999,
,354,443039,0.6720168590545654
0.14581960439682007,355,443049,
0.24192482233047485,355,443099,
0.2448710799217224,355,443149,
0.0962148904800415,355,443199,
0.2696561813354492,355,443249,
0.17909640073776245,355,443299,
0.30375128984451294,355,443349,
0.18855655193328857,355,443399,
0.14356935024261475,355,443449,
0.04825705289840698,355,443499,
0.11584186553955078,355,443549,
0.1957472562789917,355,443599,
0.23514360189437866,355,443649,
0.3434367775917053,355,443699,
0.0908823013305664,355,443749,
0.03522294759750366,355,443799,
0.1596440076828003,355,443849,
0.15903514623641968,355,443899,
0.20944076776504517,355,443949,
0.3714856505393982,355,443999,
0.3606290817260742,355,444049,
0.25303876399993896,355,444099,
0.16521799564361572,355,444149,
0.19542580842971802,355,444199,
0.31645429134368896,355,444249,
,355,444287,0.6697338819503784
0.20807373523712158,356,444299,
0.35720014572143555,356,444349,
0.3176823854446411,356,444399,
0.4073343873023987,356,444449,
0.08457988500595093,356,444499,
0.2025970220565796,356,444549,
0.11747205257415771,356,444599,
0.10133808851242065,356,444649,
0.19480884075164795,356,444699,
0.28616416454315186,356,444749,
0.11787551641464233,356,444799,
0.19905328750610352,356,444849,
0.02591484785079956,356,444899,
0.2524451017379761,356,444949,
0.11202138662338257,356,444999,
0.28391480445861816,356,445049,
0.16608428955078125,356,445099,
0.09476923942565918,356,445149,
0.17995870113372803,356,445199,
0.08395051956176758,356,445249,
0.2267109751701355,356,445299,
0.18690866231918335,356,445349,
0.2062474489212036,356,445399,
0.02962440252304077,356,445449,
0.08290880918502808,356,445499,
,356,445535,0.6704374551773071
0.14376294612884521,357,445549,
0.10735571384429932,357,445599,
0.21426838636398315,357,445649,
0.32035768032073975,357,445699,
0.04157590866088867,357,445749,
0.0409054160118103,357,445799,
0.15760928392410278,357,445849,
0.09763360023498535,357,445899,
0.31095433235168457,357,445949,
0.20976942777633667,357,445999,
0.3030155301094055,357,446049,
0.08603841066360474,357,446099,
0.27431774139404297,357,446149,
0.2005671262741089,357,446199,
0.15085601806640625,357,446249,
0.10358327627182007,357,446299,
0.20519214868545532,357,446349,
0.21983033418655396,357,446399,
0.07579702138900757,357,446449,
0.09909284114837646,357,446499,
0.10431438684463501,357,446549,
0.046101272106170654,357,446599,
0.13950282335281372,357,446649,
0.393216073513031,357,446699,
0.2552720904350281,357,446749,
,357,446783,0.6728112697601318
0.2793658375740051,358,446799,
0.438724160194397,358,446849,
0.1844608187675476,358,446899,
0.24432599544525146,358,446949,
0.2241121530532837,358,446999,
0.17966455221176147,358,447049,
0.24104642868041992,358,447099,
0.0878744125366211,358,447149,
0.09299880266189575,358,447199,
0.250201940536499,358,447249,
0.2406718134880066,358,447299,
0.22160696983337402,358,447349,
0.22495132684707642,358,447399,
0.212266743183136,358,447449,
0.23873084783554077,358,447499,
0.10523498058319092,358,447549,
0.0431973934173584,358,447599,
0.11968427896499634,358,447649,
0.36890721321105957,358,447699,
0.03469055891036987,358,447749,
0.11657720804214478,358,447799,
0.09976780414581299,358,447849,
0.1414676308631897,358,447899,
0.05390441417694092,358,447949,
0.29930782318115234,358,447999,
,358,448031,0.6736615896224976
0.15088188648223877,359,448049,
0.21033072471618652,359,448099,
0.3644182085990906,359,448149,
0.14497047662734985,359,448199,
0.08641749620437622,359,448249,
0.028821110725402832,359,448299,
0.356908917427063,359,448349,
0.09328246116638184,359,448399,
0.08601951599121094,359,448449,
0.1417844295501709,359,448499,
0.29620152711868286,359,448549,
0.04474472999572754,359,448599,
0.17631953954696655,359,448649,
0.17180341482162476,359,448699,
0.15080934762954712,359,448749,
0.07930779457092285,359,448799,
0.11977881193161011,359,448849,
0.2554774284362793,359,448899,
0.0898735523223877,359,448949,
0.21700316667556763,359,448999,
0.14986878633499146,359,449049,
0.13197249174118042,359,449099,
0.15863358974456787,359,449149,
0.5493738651275635,359,449199,
0.322088360786438,359,449249,
,359,449279,0.6710453629493713
0.2599353790283203,360,449299,
0.16638660430908203,360,449349,
0.03624790906906128,360,449399,
0.1654718518257141,360,449449,
0.10511904954910278,360,449499,
0.2681785225868225,360,449549,
0.17783141136169434,360,449599,
0.27388715744018555,360,449649,
0.40098267793655396,360,449699,
0.054556429386138916,360,449749,
0.1608174443244934,360,449799,
0.07399928569793701,360,449849,
0.10089069604873657,360,449899,
0.09327542781829834,360,449949,
0.23348426818847656,360,449999,
0.4625900983810425,360,450049,
0.1113966703414917,360,450099,
0.08585530519485474,360,450149,
0.03447192907333374,360,450199,
0.298650860786438,360,450249,
0.3426186442375183,360,450299,
0.2850077748298645,360,450349,
0.06787294149398804,360,450399,
0.3965347409248352,360,450449,
0.092856764793396,360,450499,
,360,450527,0.6698958277702332
0.0316806435585022,361,450549,
0.11551159620285034,361,450599,
0.10306835174560547,361,450649,
0.0981898307800293,361,450699,
0.08475679159164429,361,450749,
0.3306698203086853,361,450799,
0.20638877153396606,361,450849,
0.14811617136001587,361,450899,
0.12885499000549316,361,450949,
0.09382301568984985,361,450999,
0.09356921911239624,361,451049,
0.1340300440788269,361,451099,
0.07383477687835693,361,451149,
0.22570949792861938,361,451199,
0.19215351343154907,361,451249,
0.09472805261611938,361,451299,
0.2673845887184143,361,451349,
0.23081588745117188,361,451399,
0.16686779260635376,361,451449,
0.2900906205177307,361,451499,
0.15986472368240356,361,451549,
0.09929823875427246,361,451599,
0.09349691867828369,361,451649,
0.3657100200653076,361,451699,
0.20880186557769775,361,451749,
,361,451775,0.670236349105835
0.1567198634147644,362,451799,
0.15203499794006348,362,451849,
0.3444221615791321,362,451899,
0.09011268615722656,362,451949,
0.025287628173828125,362,451999,
0.22628438472747803,362,452049,
0.042623698711395264,362,452099,
0.13918358087539673,362,452149,
0.0945127010345459,362,452199,
0.21597003936767578,362,452249,
0.15757685899734497,362,452299,
0.16658073663711548,362,452349,
0.081112802028656,362,452399,
0.16729307174682617,362,452449,
0.15128374099731445,362,452499,
0.07959187030792236,362,452549,
0.12421929836273193,362,452599,
0.2603529691696167,362,452649,
0.16389262676239014,362,452699,
0.17206650972366333,362,452749,
0.18034696578979492,362,452799,
0.14122843742370605,362,452849,
0.09405785799026489,362,452899,
0.15731871128082275,362,452949,
0.264690637588501,362,452999,
,362,453023,0.6722100973129272
0.15994912385940552,363,453049,
0.11003518104553223,363,453099,
0.07846474647521973,363,453149,
0.22888576984405518,363,453199,
0.19852358102798462,363,453249,
0.18230688571929932,363,453299,
0.2892623543739319,363,453349,
0.21166867017745972,363,453399,
0.1149565577507019,363,453449,
0.019105970859527588,363,453499,
0.28054511547088623,363,453549,
0.21257948875427246,363,453599,
0.09138566255569458,363,453649,
0.14788347482681274,363,453699,
0.3496730923652649,363,453749,
0.17824411392211914,363,453799,
0.11412721872329712,363,453849,
0.040507972240448,363,453899,
0.03802424669265747,363,453949,
0.2435888648033142,363,453999,
0.17353028059005737,363,454049,
0.09823423624038696,363,454099,
0.08570742607116699,363,454149,
0.3653293251991272,363,454199,
0.11091357469558716,363,454249,
,363,454271,0.6711449027061462
0.205197274684906,364,454299,
0.08243858814239502,364,454349,
0.24895209074020386,364,454399,
0.2278342843055725,364,454449,
0.13891005516052246,364,454499,
0.34152913093566895,364,454549,
0.16539818048477173,364,454599,
0.20169317722320557,364,454649,
0.2761222720146179,364,454699,
0.2969580292701721,364,454749,
0.30475276708602905,364,454799,
0.1292932629585266,364,454849,
0.2756224274635315,364,454899,
0.1671067476272583,364,454949,
0.10393029451370239,364,454999,
0.16617071628570557,364,455049,
0.04818004369735718,364,455099,
0.024792194366455078,364,455149,
0.09105795621871948,364,455199,
0.03045445680618286,364,455249,
0.23068785667419434,364,455299,
0.14829766750335693,364,455349,
0.09895944595336914,364,455399,
0.15408402681350708,364,455449,
0.23166215419769287,364,455499,
,364,455519,0.6726011633872986
0.1740361452102661,365,455549,
0.3363993167877197,365,455599,
0.16457527875900269,365,455649,
0.11673682928085327,365,455699,
0.46127182245254517,365,455749,
0.09956115484237671,365,455799,
0.09753185510635376,365,455849,
0.2180647850036621,365,455899,
0.09170818328857422,365,455949,
0.09518659114837646,365,455999,
0.16248458623886108,365,456049,
0.18439596891403198,365,456099,
0.1075865626335144,365,456149,
0.08416521549224854,365,456199,
0.3298213481903076,365,456249,
0.08859169483184814,365,456299,
0.1533542275428772,365,456349,
0.039977192878723145,365,456399,
0.20970314741134644,365,456449,
0.13953107595443726,365,456499,
0.15437299013137817,365,456549,
0.1570974588394165,365,456599,
0.16511034965515137,365,456649,
0.05306798219680786,365,456699,
0.04278606176376343,365,456749,
,365,456767,0.6725805401802063
0.22612541913986206,366,456799,
0.15458333492279053,366,456849,
0.17039501667022705,366,456899,
0.25989770889282227,366,456949,
0.22477686405181885,366,456999,
0.23247158527374268,366,457049,
0.13906264305114746,366,457099,
0.14850515127182007,366,457149,
0.171128511428833,366,457199,
0.23130106925964355,366,457249,
0.1389642357826233,366,457299,
0.306629478931427,366,457349,
0.22075790166854858,366,457399,
0.1328510046005249,366,457449,
0.1441124677658081,366,457499,
0.30975228548049927,366,457549,
0.02171081304550171,366,457599,
0.13317620754241943,366,457649,
0.4194619059562683,366,457699,
0.021473050117492676,366,457749,
0.0815204381942749,366,457799,
0.29903125762939453,366,457849,
0.17550474405288696,366,457899,
0.21961122751235962,366,457949,
0.25564712285995483,366,457999,
,366,458015,0.6712050437927246
0.09869199991226196,367,458049,
0.08026570081710815,367,458099,
0.30034875869750977,367,458149,
0.05417943000793457,367,458199,
0.11256033182144165,367,458249,
0.3555506467819214,367,458299,
0.25977134704589844,367,458349,
0.08288872241973877,367,458399,
0.08052599430084229,367,458449,
0.15071511268615723,367,458499,
0.03531479835510254,367,458549,
0.289384663105011,367,458599,
0.1309417486190796,367,458649,
0.20373570919036865,367,458699,
0.1912217140197754,367,458749,
0.3939545154571533,367,458799,
0.2584759593009949,367,458849,
0.18426382541656494,367,458899,
0.1785854697227478,367,458949,
0.17116600275039673,367,458999,
0.1676231026649475,367,459049,
0.18452000617980957,367,459099,
0.06255000829696655,367,459149,
0.18113946914672852,367,459199,
0.324338436126709,367,459249,
,367,459263,0.6659919023513794
0.15359723567962646,368,459299,
0.0875592827796936,368,459349,
0.3636901378631592,368,459399,
0.07963204383850098,368,459449,
0.23458623886108398,368,459499,
0.13829642534255981,368,459549,
0.24962306022644043,368,459599,
0.08153665065765381,368,459649,
0.23606640100479126,368,459699,
0.04788285493850708,368,459749,
0.207408607006073,368,459799,
0.07860279083251953,368,459849,
0.05079007148742676,368,459899,
0.09430652856826782,368,459949,
0.08369940519332886,368,459999,
0.14149099588394165,368,460049,
0.19863849878311157,368,460099,
0.3033810257911682,368,460149,
0.27286142110824585,368,460199,
0.1776410937309265,368,460249,
0.2535843253135681,368,460299,
0.27504098415374756,368,460349,
0.0952146053314209,368,460399,
0.2594949007034302,368,460449,
0.10220545530319214,368,460499,
,368,460511,0.6704318523406982
0.15105336904525757,369,460549,
0.108456552028656,369,460599,
0.0782894492149353,369,460649,
0.2420659065246582,369,460699,
0.2328200340270996,369,460749,
0.29014885425567627,369,460799,
0.09280943870544434,369,460849,
0.4140295386314392,369,460899,
0.2612053155899048,369,460949,
0.29771488904953003,369,460999,
0.20589041709899902,369,461049,
0.1124948263168335,369,461099,
0.26791101694107056,369,461149,
0.2869288921356201,369,461199,
0.5184380412101746,369,461249,
0.23942619562149048,369,461299,
0.18831032514572144,369,461349,
0.10543578863143921,369,461399,
0.03848940134048462,369,461449,
0.13814806938171387,369,461499,
0.1870408058166504,369,461549,
0.12649261951446533,369,461599,
0.1882883906364441,369,461649,
0.17347759008407593,369,461699,
0.23586249351501465,369,461749,
,369,461759,0.6692255735397339
0.1112019419670105,370,461799,
0.17862451076507568,370,461849,
0.07973474264144897,370,461899,
0.16033750772476196,370,461949,
0.2870140075683594,370,461999,
0.3609558939933777,370,462049,
0.16208189725875854,370,462099,
0.26505744457244873,370,462149,
0.1044008731842041,370,462199,
0.216658353805542,370,462249,
0.37719738483428955,370,462299,
0.14674800634384155,370,462349,
0.15963506698608398,370,462399,
0.08661341667175293,370,462449,
0.2014855146408081,370,462499,
0.22017675638198853,370,462549,
0.15981799364089966,370,462599,
0.2560425400733948,370,462649,
0.17524456977844238,370,462699,
0.2914976477622986,370,462749,
0.19641566276550293,370,462799,
0.1491849422454834,370,462849,
0.09411627054214478,370,462899,
0.045863986015319824,370,462949,
0.18267184495925903,370,462999,
,370,463007,0.6673200130462646
0.02988135814666748,371,463049,
0.17830556631088257,371,463099,
0.08859920501708984,371,463149,
0.13286226987838745,371,463199,
0.21619713306427002,371,463249,
0.14048129320144653,371,463299,
0.35201209783554077,371,463349,
0.14649856090545654,371,463399,
0.2631634473800659,371,463449,
0.23516905307769775,371,463499,
0.04366278648376465,371,463549,
0.40594398975372314,371,463599,
0.17014378309249878,371,463649,
0.07965511083602905,371,463699,
0.08643543720245361,371,463749,
0.1302657127380371,371,463799,
0.1304994821548462,371,463849,
0.2897927165031433,371,463899,
0.12301439046859741,371,463949,
0.11645674705505371,371,463999,
0.08054262399673462,371,464049,
0.33066558837890625,371,464099,
0.17302978038787842,371,464149,
0.14483755826950073,371,464199,
0.04554790258407593,371,464249,
,371,464255,0.669812798500061
0.10981398820877075,372,464299,
0.1630992293357849,372,464349,
0.1740158200263977,372,464399,
0.12578940391540527,372,464449,
0.27769917249679565,372,464499,
0.2017154097557068,372,464549,
0.11368608474731445,372,464599,
0.30989909172058105,372,464649,
0.20695871114730835,372,464699,
0.1876794695854187,372,464749,
0.26059484481811523,372,464799,
0.10324645042419434,372,464849,
0.1871510148048401,372,464899,
0.17801672220230103,372,464949,
0.38691186904907227,372,464999,
0.14830893278121948,372,465049,
0.230818510055542,372,465099,
0.06745588779449463,372,465149,
0.2744244933128357,372,465199,
0.14208418130874634,372,465249,
0.23018014430999756,372,465299,
0.1398603320121765,372,465349,
0.1096760630607605,372,465399,
0.09190201759338379,372,465449,
0.2434753179550171,372,465499,
,372,465503,0.6703833341598511
0.16440826654434204,373,465549,
0.33634400367736816,373,465599,
0.0951952338218689,373,465649,
0.04297947883605957,373,465699,
0.17740976810455322,373,465749,
0.08637410402297974,373,465799,
0.4653273820877075,373,465849,
0.2149229645729065,373,465899,
0.274864137172699,373,465949,
0.16758257150650024,373,465999,
0.31260716915130615,373,466049,
0.08105671405792236,373,466099,
0.1225576400756836,373,466149,
0.15962982177734375,373,466199,
0.08490157127380371,373,466249,
0.17676883935928345,373,466299,
0.21144962310791016,373,466349,
0.2614392042160034,373,466399,
0.12603139877319336,373,466449,
0.10101628303527832,373,466499,
0.032207369804382324,373,466549,
0.1325770616531372,373,466599,
0.1054036021232605,373,466649,
0.13731300830841064,373,466699,
0.09926140308380127,373,466749,
,373,466751,0.6698067784309387
0.42877310514450073,374,466799,
0.33319616317749023,374,466849,
0.014783799648284912,374,466899,
0.28390753269195557,374,466949,
0.09001731872558594,374,466999,
0.27556121349334717,374,467049,
0.18845772743225098,374,467099,
0.2044466733932495,374,467149,
0.435293972492218,374,467199,
0.0859481692314148,374,467249,
0.07370162010192871,374,467299,
0.39533495903015137,374,467349,
0.23085784912109375,374,467399,
0.09337913990020752,374,467449,
0.33184874057769775,374,467499,
0.1963481903076172,374,467549,
0.0895795226097107,374,467599,
0.10635101795196533,374,467649,
0.13945841789245605,374,467699,
0.14934700727462769,374,467749,
0.1422010064125061,374,467799,
0.39449208974838257,374,467849,
0.1074180006980896,374,467899,
0.2134968638420105,374,467949,
0.37202543020248413,374,467999,
,374,467999,0.669144868850708
0.1940287947654724,375,468049,
0.18118596076965332,375,468099,
0.09970390796661377,375,468149,
0.19932007789611816,375,468199,
0.10370039939880371,375,468249,
0.20490074157714844,375,468299,
0.14354044198989868,375,468349,
0.1822342872619629,375,468399,
0.029624223709106445,375,468449,
0.22448194026947021,375,468499,
0.06146371364593506,375,468549,
0.17280519008636475,375,468599,
0.32331031560897827,375,468649,
0.16872888803482056,375,468699,
0.31752681732177734,375,468749,
0.2878081202507019,375,468799,
0.05686295032501221,375,468849,
0.05413001775741577,375,468899,
0.34313148260116577,375,468949,
0.24115806818008423,375,468999,
0.2608407139778137,375,469049,
0.14226043224334717,375,469099,
0.3008015751838684,375,469149,
0.03318411111831665,375,469199,
,375,469247,0.6736223101615906
0.020133137702941895,376,469249,
0.0851251482963562,376,469299,
0.16566753387451172,376,469349,
0.10533422231674194,376,469399,
0.030444562435150146,376,469449,
0.10692524909973145,376,469499,
0.17870700359344482,376,469549,
0.20332616567611694,376,469599,
0.08406257629394531,376,469649,
0.018854975700378418,376,469699,
0.01440894603729248,376,469749,
0.2830466032028198,376,469799,
0.19636833667755127,376,469849,
0.34520864486694336,376,469899,
0.10141646862030029,376,469949,
0.07940739393234253,376,469999,
0.08770358562469482,376,470049,
0.1823369264602661,376,470099,
0.09043240547180176,376,470149,
0.1469053030014038,376,470199,
0.20031166076660156,376,470249,
0.20355886220932007,376,470299,
0.24932950735092163,376,470349,
0.09764158725738525,376,470399,
0.2856983542442322,376,470449,
,376,470495,0.6706780195236206
0.2429104447364807,377,470499,
0.11473232507705688,377,470549,
0.1428929567337036,377,470599,
0.027762770652770996,377,470649,
0.20870059728622437,377,470699,
0.23948168754577637,377,470749,
0.19825828075408936,377,470799,
0.021830379962921143,377,470849,
0.0866120457649231,377,470899,
0.02535068988800049,377,470949,
0.18608909845352173,377,470999,
0.12112569808959961,377,471049,
0.24531149864196777,377,471099,
0.3135682940483093,377,471149,
0.02183830738067627,377,471199,
0.21633005142211914,377,471249,
0.3929751515388489,377,471299,
0.14664572477340698,377,471349,
0.2656705379486084,377,471399,
0.26741182804107666,377,471449,
0.24207019805908203,377,471499,
0.22553253173828125,377,471549,
0.27563369274139404,377,471599,
0.12498152256011963,377,471649,
0.10307002067565918,377,471699,
,377,471743,0.6712811589241028
0.12178462743759155,378,471749,
0.17139065265655518,378,471799,
0.28659743070602417,378,471849,
0.24701517820358276,378,471899,
0.3301980495452881,378,471949,
0.18583810329437256,378,471999,
0.23703253269195557,378,472049,
0.2177419662475586,378,472099,
0.111660897731781,378,472149,
0.18956726789474487,378,472199,
0.03692364692687988,378,472249,
0.27619004249572754,378,472299,
0.22358250617980957,378,472349,
0.3239964246749878,378,472399,
0.1658029556274414,378,472449,
0.24618732929229736,378,472499,
0.1381295919418335,378,472549,
0.2105284333229065,378,472599,
0.1111823320388794,378,472649,
0.1805458664894104,378,472699,
0.0991814136505127,378,472749,
0.16761177778244019,378,472799,
0.20318478345870972,378,472849,
0.14045625925064087,378,472899,
0.030507922172546387,378,472949,
,378,472991,0.6681044101715088
0.22583264112472534,379,472999,
0.18725836277008057,379,473049,
0.3470972776412964,379,473099,
0.11517345905303955,379,473149,
0.13187485933303833,379,473199,
0.13404935598373413,379,473249,
0.09233897924423218,379,473299,
0.1276598572731018,379,473349,
0.09478819370269775,379,473399,
0.11026841402053833,379,473449,
0.09152799844741821,379,473499,
0.12050747871398926,379,473549,
0.22158825397491455,379,473599,
0.027499854564666748,379,473649,
0.2962961196899414,379,473699,
0.10432982444763184,379,473749,
0.2925112843513489,379,473799,
0.2184644341468811,379,473849,
0.040405988693237305,379,473899,
0.167782723903656,379,473949,
0.20924431085586548,379,473999,
0.025747835636138916,379,474049,
0.056878507137298584,379,474099,
0.2114936113357544,379,474149,
0.3753412365913391,379,474199,
,379,474239,0.6696495413780212
0.13762539625167847,380,474249,
0.11775565147399902,380,474299,
0.15658366680145264,380,474349,
0.32361268997192383,380,474399,
0.052337050437927246,380,474449,
0.17096352577209473,380,474499,
0.23829495906829834,380,474549,
0.1395198106765747,380,474599,
0.28058159351348877,380,474649,
0.24426054954528809,380,474699,
0.15730631351470947,380,474749,
0.04391610622406006,380,474799,
0.3760940432548523,380,474849,
0.10022276639938354,380,474899,
0.24272918701171875,380,474949,
0.14092892408370972,380,474999,
0.19607990980148315,380,475049,
0.15939390659332275,380,475099,
0.22348523139953613,380,475149,
0.13839924335479736,380,475199,
0.14717698097229004,380,475249,
0.11449366807937622,380,475299,
0.029131829738616943,380,475349,
0.22227466106414795,380,475399,
0.189774751663208,380,475449,
,380,475487,0.6682868003845215
0.1500636339187622,381,475499,
0.109580397605896,381,475549,
0.12324398756027222,381,475599,
0.19526582956314087,381,475649,
0.2563747763633728,381,475699,
0.3022134304046631,381,475749,
0.03634291887283325,381,475799,
0.23370230197906494,381,475849,
0.10160458087921143,381,475899,
0.27906888723373413,381,475949,
0.20932716131210327,381,475999,
0.04172128438949585,381,476049,
0.09909504652023315,381,476099,
0.1618557572364807,381,476149,
0.19248753786087036,381,476199,
0.1544111967086792,381,476249,
0.1563442349433899,381,476299,
0.11031436920166016,381,476349,
0.20557940006256104,381,476399,
0.08572733402252197,381,476449,
0.09387099742889404,381,476499,
0.18571162223815918,381,476549,
0.22878623008728027,381,476599,
0.19765180349349976,381,476649,
0.1564449667930603,381,476699,
,381,476735,0.6728023886680603
0.264826238155365,382,476749,
0.09162431955337524,382,476799,
0.20183444023132324,382,476849,
0.021587729454040527,382,476899,
0.176846444606781,382,476949,
0.2240278720855713,382,476999,
0.1687111258506775,382,477049,
0.038155317306518555,382,477099,
0.04829525947570801,382,477149,
0.26686543226242065,382,477199,
0.21514862775802612,382,477249,
0.1030927300453186,382,477299,
0.31867551803588867,382,477349,
0.10093909502029419,382,477399,
0.21229040622711182,382,477449,
0.16046947240829468,382,477499,
0.05906367301940918,382,477549,
0.1467837691307068,382,477599,
0.30244868993759155,382,477649,
0.10808324813842773,382,477699,
0.03762519359588623,382,477749,
0.016788363456726074,382,477799,
0.1989593505859375,382,477849,
0.348613440990448,382,477899,
0.2951008081436157,382,477949,
,382,477983,0.6670735478401184
0.2704433798789978,383,477999,
0.18724167346954346,383,478049,
0.10727381706237793,383,478099,
0.24682891368865967,383,478149,
0.19124817848205566,383,478199,
0.0959024429321289,383,478249,
0.07707017660140991,383,478299,
0.09195667505264282,383,478349,
0.1027226448059082,383,478399,
0.16431349515914917,383,478449,
0.12352228164672852,383,478499,
0.050037503242492676,383,478549,
0.09322631359100342,383,478599,
0.32052552700042725,383,478649,
0.1081896424293518,383,478699,
0.032628536224365234,383,478749,
0.16980576515197754,383,478799,
0.28112471103668213,383,478849,
0.1475130319595337,383,478899,
0.25975698232650757,383,478949,
0.1496630311012268,383,478999,
0.3315877914428711,383,479049,
0.028018653392791748,383,479099,
0.08542859554290771,383,479149,
0.24533116817474365,383,479199,
,383,479231,0.6656388640403748
0.17361998558044434,384,479249,
0.04523283243179321,384,479299,
0.029681622982025146,384,479349,
0.19923478364944458,384,479399,
0.1032293438911438,384,479449,
0.2155739665031433,384,479499,
0.18517231941223145,384,479549,
0.21573996543884277,384,479599,
0.25251108407974243,384,479649,
0.23487716913223267,384,479699,
0.2651890516281128,384,479749,
0.2816925644874573,384,479799,
0.10594815015792847,384,479849,
0.16089928150177002,384,479899,
0.1536017656326294,384,479949,
0.09088951349258423,384,479999,
0.034932076930999756,384,480049,
0.19483888149261475,384,480099,
0.284542977809906,384,480149,
0.17835354804992676,384,480199,
0.10538023710250854,384,480249,
0.19053220748901367,384,480299,
0.08701306581497192,384,480349,
0.11481738090515137,384,480399,
0.07364863157272339,384,480449,
,384,480479,0.6711256504058838
0.3157616853713989,385,480499,
0.2036675214767456,385,480549,
0.04467427730560303,385,480599,
0.17279571294784546,385,480649,
0.14823108911514282,385,480699,
0.07871884107589722,385,480749,
0.2515721917152405,385,480799,
0.15643799304962158,385,480849,
0.1204180121421814,385,480899,
0.0278969407081604,385,480949,
0.15243101119995117,385,480999,
0.31656986474990845,385,481049,
0.29004037380218506,385,481099,
0.05128401517868042,385,481149,
0.08074581623077393,385,481199,
0.24662262201309204,385,481249,
0.10935932397842407,385,481299,
0.1458926796913147,385,481349,
0.09515714645385742,385,481399,
0.14318358898162842,385,481449,
0.09901851415634155,385,481499,
0.19729876518249512,385,481549,
0.08232748508453369,385,481599,
0.03750479221343994,385,481649,
0.14604461193084717,385,481699,
,385,481727,0.6686834692955017
0.15995299816131592,386,481749,
0.10311508178710938,386,481799,
0.24546325206756592,386,481849,
0.10939621925354004,386,481899,
0.2492218017578125,386,481949,
0.1693132519721985,386,481999,
0.22228974103927612,386,482049,
0.27803748846054077,386,482099,
0.17749834060668945,386,482149,
0.29885709285736084,386,482199,
0.23868894577026367,386,482249,
0.2574860453605652,386,482299,
0.09177714586257935,386,482349,
0.2554308772087097,386,482399,
0.10945391654968262,386,482449,
0.24239510297775269,386,482499,
0.04540008306503296,386,482549,
0.12716728448867798,386,482599,
0.13285106420516968,386,482649,
0.03197932243347168,386,482699,
0.17351394891738892,386,482749,
0.023388326168060303,386,482799,
0.2849423885345459,386,482849,
0.15469807386398315,386,482899,
0.30934178829193115,386,482949,
,386,482975,0.668040931224823
0.08209311962127686,387,482999,
0.19169288873672485,387,483049,
0.15199095010757446,387,483099,
0.15889346599578857,387,483149,
0.09955894947052002,387,483199,
0.1668567657470703,387,483249,
0.2049880027770996,387,483299,
0.021402716636657715,387,483349,
0.10763674974441528,387,483399,
0.1732797622680664,387,483449,
0.14922559261322021,387,483499,
0.217246413230896,387,483549,
0.19638222455978394,387,483599,
0.22829830646514893,387,483649,
0.031167447566986084,387,483699,
0.3232431411743164,387,483749,
0.11815381050109863,387,483799,
0.09318900108337402,387,483849,
0.2837486267089844,387,483899,
0.30177098512649536,387,483949,
0.1973387598991394,387,483999,
0.05347931385040283,387,484049,
0.1482161283493042,387,484099,
0.22616630792617798,387,484149,
0.16598808765411377,387,484199,
,387,484223,0.6813703775405884
0.036276161670684814,388,484249,
0.03414332866668701,388,484299,
0.20833098888397217,388,484349,
0.16999369859695435,388,484399,
0.027729332447052002,388,484449,
0.3584097623825073,388,484499,
0.10682171583175659,388,484549,
0.12183094024658203,388,484599,
0.2473522424697876,388,484649,
0.16983014345169067,388,484699,
0.10871028900146484,388,484749,
0.02382659912109375,388,484799,
0.20149701833724976,388,484849,
0.11638331413269043,388,484899,
0.08481574058532715,388,484949,
0.2276240587234497,388,484999,
0.18067961931228638,388,485049,
0.09467881917953491,388,485099,
0.2168262004852295,388,485149,
0.08976238965988159,388,485199,
0.16459769010543823,388,485249,
0.18150454759597778,388,485299,
0.16390860080718994,388,485349,
0.1295015811920166,388,485399,
0.33696073293685913,388,485449,
,388,485471,0.6676985025405884
0.048346638679504395,389,485499,
0.09151530265808105,389,485549,
0.1714136004447937,389,485599,
0.23294436931610107,389,485649,
0.18712300062179565,389,485699,
0.2549746036529541,389,485749,
0.1339901089668274,389,485799,
0.3164011836051941,389,485849,
0.3271896243095398,389,485899,
0.3065721392631531,389,485949,
0.14751070737838745,389,485999,
0.03670239448547363,389,486049,
0.14202642440795898,389,486099,
0.15389806032180786,389,486149,
0.26122844219207764,389,486199,
0.018670856952667236,389,486249,
0.1744944453239441,389,486299,
0.30161190032958984,389,486349,
0.08580541610717773,389,486399,
0.24458521604537964,389,486449,
0.03004521131515503,389,486499,
0.10801547765731812,389,486549,
0.13040387630462646,389,486599,
0.09943848848342896,389,486649,
0.49401718378067017,389,486699,
,389,486719,0.6699236631393433
0.1083683967590332,390,486749,
0.16013193130493164,390,486799,
0.1586548089981079,390,486849,
0.31594419479370117,390,486899,
0.2227534055709839,390,486949,
0.09516853094100952,390,486999,
0.18331235647201538,390,487049,
0.07055902481079102,390,487099,
0.1154717206954956,390,487149,
0.0713958740234375,390,487199,
0.15078574419021606,390,487249,
0.17602866888046265,390,487299,
0.07570904493331909,390,487349,
0.12049025297164917,390,487399,
0.272128164768219,390,487449,
0.11688703298568726,390,487499,
0.18066978454589844,390,487549,
0.08700990676879883,390,487599,
0.025680959224700928,390,487649,
0.1536000370979309,390,487699,
0.1666077971458435,390,487749,
0.0841183066368103,390,487799,
0.14382946491241455,390,487849,
0.2482290267944336,390,487899,
0.16736173629760742,390,487949,
,390,487967,0.6757911443710327
0.0918458104133606,391,487999,
0.25977689027786255,391,488049,
0.22050446271896362,391,488099,
0.13494199514389038,391,488149,
0.08385533094406128,391,488199,
0.32372260093688965,391,488249,
0.08021324872970581,391,488299,
0.1978420615196228,391,488349,
0.15241897106170654,391,488399,
0.22810322046279907,391,488449,
0.24859017133712769,391,488499,
0.31484025716781616,391,488549,
0.10328900814056396,391,488599,
0.16235244274139404,391,488649,
0.1354374885559082,391,488699,
0.15855586528778076,391,488749,
0.20922672748565674,391,488799,
0.16418588161468506,391,488849,
0.256536066532135,391,488899,
0.16695141792297363,391,488949,
0.18666952848434448,391,488999,
0.46836549043655396,391,489049,
0.45759111642837524,391,489099,
0.0913587212562561,391,489149,
0.11544883251190186,391,489199,
,391,489215,0.6728047728538513
0.12528669834136963,392,489249,
0.24187719821929932,392,489299,
0.11634081602096558,392,489349,
0.23340797424316406,392,489399,
0.2536758780479431,392,489449,
0.058487772941589355,392,489499,
0.24886387586593628,392,489549,
0.24617624282836914,392,489599,
0.14552265405654907,392,489649,
0.10601896047592163,392,489699,
0.0577162504196167,392,489749,
0.20047158002853394,392,489799,
0.2428860068321228,392,489849,
0.08753961324691772,392,489899,
0.10994082689285278,392,489949,
0.21801716089248657,392,489999,
0.10695981979370117,392,490049,
0.04641878604888916,392,490099,
0.2256629467010498,392,490149,
0.19856780767440796,392,490199,
0.1509718894958496,392,490249,
0.2028752565383911,392,490299,
0.22207951545715332,392,490349,
0.3640579581260681,392,490399,
0.1231425404548645,392,490449,
,392,490463,0.6703854203224182
0.040733933448791504,393,490499,
0.10856187343597412,393,490549,
0.1726476550102234,393,490599,
0.20443350076675415,393,490649,
0.28354084491729736,393,490699,
0.13663899898529053,393,490749,
0.1798960566520691,393,490799,
0.1799565553665161,393,490849,
0.16582238674163818,393,490899,
0.16020965576171875,393,490949,
0.07918602228164673,393,490999,
0.1382979154586792,393,491049,
0.29539066553115845,393,491099,
0.19620239734649658,393,491149,
0.09691423177719116,393,491199,
0.2527255415916443,393,491249,
0.16735297441482544,393,491299,
0.28424131870269775,393,491349,
0.04011225700378418,393,491399,
0.1893676519393921,393,491449,
0.09057146310806274,393,491499,
0.03603947162628174,393,491549,
0.2893967628479004,393,491599,
0.2871786952018738,393,491649,
0.23140788078308105,393,491699,
,393,491711,0.673160970211029
0.14926886558532715,394,491749,
0.31730127334594727,394,491799,
0.08682823181152344,394,491849,
0.2166956067085266,394,491899,
0.1861656904220581,394,491949,
0.24238216876983643,394,491999,
0.18051165342330933,394,492049,
0.18039751052856445,394,492099,
0.29698824882507324,394,492149,
0.09370934963226318,394,492199,
0.1851489543914795,394,492249,
0.03149014711380005,394,492299,
0.17075520753860474,394,492349,
0.17584091424942017,394,492399,
0.08909338712692261,394,492449,
0.28340089321136475,394,492499,
0.035016775131225586,394,492549,
0.35334742069244385,394,492599,
0.14717811346054077,394,492649,
0.1602790355682373,394,492699,
0.21048104763031006,394,492749,
0.18349850177764893,394,492799,
0.21304023265838623,394,492849,
0.2218138575553894,394,492899,
0.15909713506698608,394,492949,
,394,492959,0.6717057824134827
0.29396069049835205,395,492999,
0.11679089069366455,395,493049,
0.10156822204589844,395,493099,
0.19290119409561157,395,493149,
0.10483193397521973,395,493199,
0.34811675548553467,395,493249,
0.1810266375541687,395,493299,
0.2201840877532959,395,493349,
0.27955877780914307,395,493399,
0.08480435609817505,395,493449,
0.2029443383216858,395,493499,
0.10035514831542969,395,493549,
0.256561279296875,395,493599,
0.4025876522064209,395,493649,
0.2064533233642578,395,493699,
0.18609338998794556,395,493749,
0.09142923355102539,395,493799,
0.10041385889053345,395,493849,
0.2463846206665039,395,493899,
0.1704249382019043,395,493949,
0.20387035608291626,395,493999,
0.08912843465805054,395,494049,
0.027684390544891357,395,494099,
0.07601404190063477,395,494149,
0.11869215965270996,395,494199,
,395,494207,0.6702457666397095
0.0907057523727417,396,494249,
0.39347702264785767,396,494299,
0.09846854209899902,396,494349,
0.21445626020431519,396,494399,
0.15273010730743408,396,494449,
0.1110188364982605,396,494499,
0.16570520401000977,396,494549,
0.07172554731369019,396,494599,
0.3657327890396118,396,494649,
0.0564311146736145,396,494699,
0.18325841426849365,396,494749,
0.3266795873641968,396,494799,
0.21093600988388062,396,494849,
0.1755862832069397,396,494899,
0.13594698905944824,396,494949,
0.08423054218292236,396,494999,
0.2196129560470581,396,495049,
0.1778215765953064,396,495099,
0.2390192747116089,396,495149,
0.2055538296699524,396,495199,
0.4023447632789612,396,495249,
0.23513180017471313,396,495299,
0.27893972396850586,396,495349,
0.2084026336669922,396,495399,
0.1959863305091858,396,495449,
,396,495455,0.6685543060302734
0.1074187159538269,397,495499,
0.22586309909820557,397,495549,
0.1645306944847107,397,495599,
0.2859842777252197,397,495649,
0.11848342418670654,397,495699,
0.18580901622772217,397,495749,
0.08098840713500977,397,495799,
0.36132729053497314,397,495849,
0.1799646019935608,397,495899,
0.1891598105430603,397,495949,
0.185932457447052,397,495999,
0.08924615383148193,397,496049,
0.21153342723846436,397,496099,
0.38319724798202515,397,496149,
0.28769493103027344,397,496199,
0.09049087762832642,397,496249,
0.22718632221221924,397,496299,
0.16273623704910278,397,496349,
0.17877668142318726,397,496399,
0.09533369541168213,397,496449,
0.155789315700531,397,496499,
0.21825069189071655,397,496549,
0.3063538074493408,397,496599,
0.12792950868606567,397,496649,
0.21871626377105713,397,496699,
,397,496703,0.672271192073822
0.09869980812072754,398,496749,
0.13554340600967407,398,496799,
0.09732496738433838,398,496849,
0.2818324565887451,398,496899,
0.07492631673812866,398,496949,
0.03267824649810791,398,496999,
0.45410770177841187,398,497049,
0.08421653509140015,398,497099,
0.15579837560653687,398,497149,
0.23565423488616943,398,497199,
0.29096412658691406,398,497249,
0.09337741136550903,398,497299,
0.1468818187713623,398,497349,
0.20559275150299072,398,497399,
0.2986878752708435,398,497449,
0.1590414047241211,398,497499,
0.03614169359207153,398,497549,
0.023753702640533447,398,497599,
0.04478609561920166,398,497649,
0.1679931879043579,398,497699,
0.19446688890457153,398,497749,
0.11266916990280151,398,497799,
0.08123797178268433,398,497849,
0.10408765077590942,398,497899,
0.08924806118011475,398,497949,
,398,497951,0.6733719110488892
0.08031809329986572,399,497999,
0.03486520051956177,399,498049,
0.27475565671920776,399,498099,
0.3254775404930115,399,498149,
0.1483982801437378,399,498199,
0.02297842502593994,399,498249,
0.20811235904693604,399,498299,
0.05458343029022217,399,498349,
0.1989574432373047,399,498399,
0.30285143852233887,399,498449,
0.24779731035232544,399,498499,
0.23519271612167358,399,498549,
0.2548120617866516,399,498599,
0.22734564542770386,399,498649,
0.1602897047996521,399,498699,
0.08129525184631348,399,498749,
0.1519864797592163,399,498799,
0.2999263405799866,399,498849,
0.2053060531616211,399,498899,
0.17080658674240112,399,498949,
0.14556950330734253,399,498999,
0.17672359943389893,399,499049,
0.1023988127708435,399,499099,
0.24768251180648804,399,499149,
0.18199986219406128,399,499199,
,399,499199,0.6723110675811768
0.10357928276062012,400,499249,
0.21280425786972046,400,499299,
0.21963196992874146,400,499349,
0.09883803129196167,400,499399,
0.19833773374557495,400,499449,
0.3102014660835266,400,499499,
0.1995929479598999,400,499549,
0.13934946060180664,400,499599,
0.14074647426605225,400,499649,
0.04236876964569092,400,499699,
0.19065719842910767,400,499749,
0.15354102849960327,400,499799,
0.2004963755607605,400,499849,
0.02253580093383789,400,499899,
0.21636778116226196,400,499949,
0.09524190425872803,400,499999,
0.2711116671562195,400,500049,
0.14692604541778564,400,500099,
0.13300007581710815,400,500149,
0.2176142930984497,400,500199,
0.24815911054611206,400,500249,
0.1223723292350769,400,500299,
0.24013155698776245,400,500349,
0.4032883048057556,400,500399,
,400,500447,0.6687172055244446
0.08588552474975586,401,500449,
0.027163445949554443,401,500499,
0.1657317876815796,401,500549,
0.2257544994354248,401,500599,
0.34580928087234497,401,500649,
0.047270774841308594,401,500699,
0.15314644575119019,401,500749,
0.16037607192993164,401,500799,
0.28956347703933716,401,500849,
0.18552106618881226,401,500899,
0.21558451652526855,401,500949,
0.09222543239593506,401,500999,
0.08620834350585938,401,501049,
0.1352849006652832,401,501099,
0.21381837129592896,401,501149,
0.03489190340042114,401,501199,
0.028670191764831543,401,501249,
0.1619124412536621,401,501299,
0.20138508081436157,401,501349,
0.09896296262741089,401,501399,
0.08258676528930664,401,501449,
0.14598530530929565,401,501499,
0.301971971988678,401,501549,
0.05059373378753662,401,501599,
0.16383808851242065,401,501649,
,401,501695,0.668211817741394
0.22612309455871582,402,501699,
0.08518034219741821,402,501749,
0.15948987007141113,402,501799,
0.09123021364212036,402,501849,
0.20815247297286987,402,501899,
0.164991557598114,402,501949,
0.05389052629470825,402,501999,
0.19548356533050537,402,502049,
0.08190959692001343,402,502099,
0.07903909683227539,402,502149,
0.17044001817703247,402,502199,
0.14638936519622803,402,502249,
0.33683866262435913,402,502299,
0.3007660508155823,402,502349,
0.12481284141540527,402,502399,
0.09780466556549072,402,502449,
0.13178974390029907,402,502499,
0.17839092016220093,402,502549,
0.08973997831344604,402,502599,
0.3190658688545227,402,502649,
0.012959778308868408,402,502699,
0.23390471935272217,402,502749,
0.14754176139831543,402,502799,
0.09909170866012573,402,502849,
0.2306157350540161,402,502899,
,402,502943,0.6713859438896179
0.22425878047943115,403,502949,
0.3547016382217407,403,502999,
0.3811866044998169,403,503049,
0.16295784711837769,403,503099,
0.10610347986221313,403,503149,
0.021618664264678955,403,503199,
0.24359142780303955,403,503249,
0.15371358394622803,403,503299,
0.21924197673797607,403,503349,
0.2779141664505005,403,503399,
0.1959397792816162,403,503449,
0.030060946941375732,403,503499,
0.2112351655960083,403,503549,
0.08287101984024048,403,503599,
0.08667409420013428,403,503649,
0.1795722246170044,403,503699,
0.04643511772155762,403,503749,
0.10480493307113647,403,503799,
0.2093227505683899,403,503849,
0.07428336143493652,403,503899,
0.022840678691864014,403,503949,
0.1595776081085205,403,503999,
0.3713418245315552,403,504049,
0.046533048152923584,403,504099,
0.26388078927993774,403,504149,
,403,504191,0.6645140051841736
0.24199306964874268,404,504199,
0.12207871675491333,404,504249,
0.06858968734741211,404,504299,
0.23408794403076172,404,504349,
0.06278449296951294,404,504399,
0.2531599998474121,404,504449,
0.13105571269989014,404,504499,
0.08896642923355103,404,504549,
0.281680703163147,404,504599,
0.22904837131500244,404,504649,
0.19033092260360718,404,504699,
0.03709608316421509,404,504749,
0.1139073371887207,404,504799,
0.14057636260986328,404,504849,
0.2123231291770935,404,504899,
0.11239343881607056,404,504949,
0.1945561170578003,404,504999,
0.26586776971817017,404,505049,
0.12788152694702148,404,505099,
0.29224246740341187,404,505149,
0.3161429166793823,404,505199,
0.07537221908569336,404,505249,
0.23017770051956177,404,505299,
0.23974716663360596,404,505349,
0.09683102369308472,404,505399,
,404,505439,0.6705886721611023
0.18691962957382202,405,505449,
0.10724687576293945,405,505499,
0.14933401346206665,405,505549,
0.2452349066734314,405,505599,
0.17690598964691162,405,505649,
0.38841158151626587,405,505699,
0.14579135179519653,405,505749,
0.09180253744125366,405,505799,
0.42666327953338623,405,505849,
0.15669453144073486,405,505899,
0.232421875,405,505949,
0.23844629526138306,405,505999,
0.29264765977859497,405,506049,
0.20917361974716187,405,506099,
0.1531611680984497,405,506149,
0.38445591926574707,405,506199,
0.051503002643585205,405,506249,
0.16736990213394165,405,506299,
0.1339716911315918,405,506349,
0.32700836658477783,405,506399,
0.14852339029312134,405,506449,
0.21536469459533691,405,506499,
0.1855953335762024,405,506549,
0.13443893194198608,405,506599,
0.19887131452560425,405,506649,
,405,506687,0.6673572659492493
0.07502233982086182,406,506699,
0.14811420440673828,406,506749,
0.2656973600387573,406,506799,
0.09072697162628174,406,506849,
0.07294553518295288,406,506899,
0.06210684776306152,406,506949,
0.13949662446975708,406,506999,
0.10313248634338379,406,507049,
0.07825607061386108,406,507099,
0.20808082818984985,406,507149,
0.2259458303451538,406,507199,
0.2596023678779602,406,507249,
0.1439594030380249,406,507299,
0.04687386751174927,406,507349,
0.08614569902420044,406,507399,
0.2032562494277954,406,507449,
0.3475046157836914,406,507499,
0.23145794868469238,406,507549,
0.1495543122291565,406,507599,
0.1439020037651062,406,507649,
0.06593531370162964,406,507699,
0.021641016006469727,406,507749,
0.182451069355011,406,507799,
0.08622944355010986,406,507849,
0.2581808567047119,406,507899,
,406,507935,0.669884204864502
0.02115720510482788,407,507949,
0.15022212266921997,407,507999,
0.11165988445281982,407,508049,
0.08539742231369019,407,508099,
0.19442105293273926,407,508149,
0.1264134645462036,407,508199,
0.2914503216743469,407,508249,
0.13913196325302124,407,508299,
0.2590861916542053,407,508349,
0.19840985536575317,407,508399,
0.161840558052063,407,508449,
0.27461451292037964,407,508499,
0.11235105991363525,407,508549,
0.03823089599609375,407,508599,
0.10255521535873413,407,508649,
0.30148035287857056,407,508699,
0.08602416515350342,407,508749,
0.162253737449646,407,508799,
0.153089702129364,407,508849,
0.2835821509361267,407,508899,
0.2397383451461792,407,508949,
0.1316201090812683,407,508999,
0.25685960054397583,407,509049,
0.1116442084312439,407,509099,
0.1554882526397705,407,509149,
,407,509183,0.6714463233947754
0.12886756658554077,408,509199,
0.13852351903915405,408,509249,
0.09511077404022217,408,509299,
0.025292932987213135,408,509349,
0.11030477285385132,408,509399,
0.16203641891479492,408,509449,
0.15004324913024902,408,509499,
0.10715168714523315,408,509549,
0.279632031917572,408,509599,
0.14941447973251343,408,509649,
0.1176605224609375,408,509699,
0.2216547727584839,408,509749,
0.26086705923080444,408,509799,
0.0814138650894165,408,509849,
0.2997519373893738,408,509899,
0.15338343381881714,408,509949,
0.2906051278114319,408,509999,
0.07214933633804321,408,510049,
0.041854143142700195,408,510099,
0.18024826049804688,408,510149,
0.27205532789230347,408,510199,
0.12883901596069336,408,510249,
0.15440744161605835,408,510299,
0.039872944355010986,408,510349,
0.12650179862976074,408,510399,
,408,510431,0.6725520491600037
0.13999521732330322,409,510449,
0.23978859186172485,409,510499,
0.2109566330909729,409,510549,
0.11313462257385254,409,510599,
0.4676116108894348,409,510649,
0.09744852781295776,409,510699,
0.02277076244354248,409,510749,
0.027935683727264404,409,510799,
0.09783989191055298,409,510849,
0.094870924949646,409,510899,
0.31331437826156616,409,510949,
0.09295547008514404,409,510999,
0.28374600410461426,409,511049,
0.03549760580062866,409,511099,
0.21566182374954224,409,511149,
0.24178409576416016,409,511199,
0.209797203540802,409,511249,
0.13108134269714355,409,511299,
0.30087822675704956,409,511349,
0.1679821014404297,409,511399,
0.1064906120300293,409,511449,
0.4444478750228882,409,511499,
0.14510244131088257,409,511549,
0.1741301417350769,409,511599,
0.2239498496055603,409,511649,
,409,511679,0.6699410080909729
0.06430292129516602,410,511699,
0.26130211353302,410,511749,
0.3460988402366638,410,511799,
0.10033828020095825,410,511849,
0.17635750770568848,410,511899,
0.11884522438049316,410,511949,
0.15804094076156616,410,511999,
0.09033691883087158,410,512049,
0.36273443698883057,410,512099,
0.13952499628067017,410,512149,
0.20938318967819214,410,512199,
0.15887939929962158,410,512249,
0.03857254981994629,410,512299,
0.09798252582550049,410,512349,
0.20021140575408936,410,512399,
0.15054070949554443,410,512449,
0.03791075944900513,410,512499,
0.29709041118621826,410,512549,
0.22493600845336914,410,512599,
0.27810996770858765,410,512649,
0.3056641221046448,410,512699,
0.10841453075408936,410,512749,
0.2094246745109558,410,512799,
0.15928852558135986,410,512849,
0.3688729405403137,410,512899,
,410,512927,0.6656977534294128
0.15434223413467407,411,512949,
0.11233240365982056,411,512999,
0.23479920625686646,411,513049,
0.08071660995483398,411,513099,
0.1504378318786621,411,513149,
0.2982143759727478,411,513199,
0.16636765003204346,411,513249,
0.13563919067382812,411,513299,
0.13463187217712402,411,513349,
0.09808576107025146,411,513399,
0.30102014541625977,411,513449,
0.3019331693649292,411,513499,
0.12526482343673706,411,513549,
0.03917807340621948,411,513599,
0.16418546438217163,411,513649,
0.08646136522293091,411,513699,
0.2521696090698242,411,513749,
0.02692323923110962,411,513799,
0.10290724039077759,411,513849,
0.17525792121887207,411,513899,
0.10662531852722168,411,513949,
0.11331701278686523,411,513999,
0.18746346235275269,411,514049,
0.08580416440963745,411,514099,
0.10449498891830444,411,514149,
,411,514175,0.6697762608528137
0.1251886487007141,412,514199,
0.1555711030960083,412,514249,
0.1578652262687683,412,514299,
0.06621712446212769,412,514349,
0.08386504650115967,412,514399,
0.1813967227935791,412,514449,
0.022501349449157715,412,514499,
0.2006811499595642,412,514549,
0.23153406381607056,412,514599,
0.29753440618515015,412,514649,
0.09228676557540894,412,514699,
0.10590332746505737,412,514749,
0.3285958170890808,412,514799,
0.1418944001197815,412,514849,
0.12592244148254395,412,514899,
0.2665875554084778,412,514949,
0.20290350914001465,412,514999,
0.1921018362045288,412,515049,
0.051248788833618164,412,515099,
0.18747878074645996,412,515149,
0.21209615468978882,412,515199,
0.12496531009674072,412,515249,
0.13309252262115479,412,515299,
0.06452012062072754,412,515349,
0.11571842432022095,412,515399,
,412,515423,0.6723219156265259
0.1381811499595642,413,515449,
0.08769792318344116,413,515499,
0.16542553901672363,413,515549,
0.13627678155899048,413,515599,
0.1499418020248413,413,515649,
0.2199370265007019,413,515699,
0.09678834676742554,413,515749,
0.18858712911605835,413,515799,
0.1595911979675293,413,515849,
0.09120362997055054,413,515899,
0.2727939486503601,413,515949,
0.10983490943908691,413,515999,
0.22814548015594482,413,516049,
0.09902697801589966,413,516099,
0.35285669565200806,413,516149,
0.08286631107330322,413,516199,
0.14305883646011353,413,516249,
0.3627532720565796,413,516299,
0.19217073917388916,413,516349,
0.12014651298522949,413,516399,
0.21466857194900513,413,516449,
0.20515882968902588,413,516499,
0.3856350779533386,413,516549,
0.08020627498626709,413,516599,
0.15595948696136475,413,516649,
,413,516671,0.6697898507118225
0.22730118036270142,414,516699,
0.10284948348999023,414,516749,
0.1699202060699463,414,516799,
0.13949459791183472,414,516849,
0.1896849274635315,414,516899,
0.1572926640510559,414,516949,
0.08695226907730103,414,516999,
0.2954585552215576,414,517049,
0.10769778490066528,414,517099,
0.28533899784088135,414,517149,
0.11161339282989502,414,517199,
0.153265118598938,414,517249,
0.11321347951889038,414,517299,
0.15420079231262207,414,517349,
0.10278135538101196,414,517399,
0.042318522930145264,414,517449,
0.04584413766860962,414,517499,
0.024266958236694336,414,517549,
0.1192857027053833,414,517599,
0.03935670852661133,414,517649,
0.02254706621170044,414,517699,
0.17647850513458252,414,517749,
0.15402936935424805,414,517799,
0.16087639331817627,414,517849,
0.1087038516998291,414,517899,
,414,517919,0.6700853705406189
0.15409117937088013,415,517949,
0.3725745677947998,415,517999,
0.16621720790863037,415,518049,
0.22616666555404663,415,518099,
0.10815876722335815,415,518149,
0.18847137689590454,415,518199,
0.3088141083717346,415,518249,
0.28956663608551025,415,518299,
0.12219953536987305,415,518349,
0.2541115880012512,415,518399,
0.08786910772323608,415,518449,
0.21847188472747803,415,518499,
0.02839869260787964,415,518549,
0.1474398970603943,415,518599,
0.15434199571609497,415,518649,
0.20819807052612305,415,518699,
0.1130063533782959,415,518749,
0.34573525190353394,415,518799,
0.2727658748626709,415,518849,
0.023051142692565918,415,518899,
0.24460452795028687,415,518949,
0.13243865966796875,415,518999,
0.2110866904258728,415,519049,
0.0836031436920166,415,519099,
0.09861481189727783,415,519149,
,415,519167,0.6743662357330322
0.17450064420700073,416,519199,
0.24307632446289062,416,519249,
0.2830013632774353,416,519299,
0.24012231826782227,416,519349,
0.3160583972930908,416,519399,
0.17371410131454468,416,519449,
0.251110315322876,416,519499,
0.15388387441635132,416,519549,
0.1761680245399475,416,519599,
0.20990580320358276,416,519649,
0.16034436225891113,416,519699,
0.15098536014556885,416,519749,
0.01575559377670288,416,519799,
0.10576856136322021,416,519849,
0.10344237089157104,416,519899,
0.10052204132080078,416,519949,
0.02638012170791626,416,519999,
0.19622790813446045,416,520049,
0.1247149109840393,416,520099,
0.08242130279541016,416,520149,
0.31561851501464844,416,520199,
0.3149436116218567,416,520249,
0.33629220724105835,416,520299,
0.18038636445999146,416,520349,
0.15882885456085205,416,520399,
,416,520415,0.6705893874168396
0.26563119888305664,417,520449,
0.015695154666900635,417,520499,
0.1391913890838623,417,520549,
0.2380681037902832,417,520599,
0.15237486362457275,417,520649,
0.16555935144424438,417,520699,
0.03206813335418701,417,520749,
0.0961003303527832,417,520799,
0.2441958785057068,417,520849,
0.11722040176391602,417,520899,
0.26191842555999756,417,520949,
0.15223610401153564,417,520999,
0.1483660340309143,417,521049,
0.17780083417892456,417,521099,
0.154404878616333,417,521149,
0.22683429718017578,417,521199,
0.023850321769714355,417,521249,
0.15332329273223877,417,521299,
0.20290040969848633,417,521349,
0.15304607152938843,417,521399,
0.29604119062423706,417,521449,
0.4576289653778076,417,521499,
0.28090447187423706,417,521549,
0.18361198902130127,417,521599,
0.05193549394607544,417,521649,
,417,521663,0.6718220710754395
0.07603907585144043,418,521699,
0.04910153150558472,418,521749,
0.1576581597328186,418,521799,
0.1315184235572815,418,521849,
0.18541395664215088,418,521899,
0.08063268661499023,418,521949,
0.2226628065109253,418,521999,
0.22997480630874634,418,522049,
0.19722867012023926,418,522099,
0.292813241481781,418,522149,
0.23065298795700073,418,522199,
0.08839905261993408,418,522249,
0.21498173475265503,418,522299,
0.28277283906936646,418,522349,
0.3214418292045593,418,522399,
0.31858378648757935,418,522449,
0.31938761472702026,418,522499,
0.26949959993362427,418,522549,
0.08278989791870117,418,522599,
0.20405256748199463,418,522649,
0.15987509489059448,418,522699,
0.10809379816055298,418,522749,
0.13937050104141235,418,522799,
0.17246180772781372,418,522849,
0.1779564619064331,418,522899,
,418,522911,0.6702635288238525
0.017871379852294922,419,522949,
0.1625586748123169,419,522999,
0.268044650554657,419,523049,
0.2446744441986084,419,523099,
0.07951325178146362,419,523149,
0.04536014795303345,419,523199,
0.18746685981750488,419,523249,
0.3504753112792969,419,523299,
0.21296733617782593,419,523349,
0.27691638469696045,419,523399,
0.04289531707763672,419,523449,
0.0283050537109375,419,523499,
0.10249030590057373,419,523549,
0.017969131469726562,419,523599,
0.08369064331054688,419,523649,
0.17328715324401855,419,523699,
0.13222718238830566,419,523749,
0.11792415380477905,419,523799,
0.1018558144569397,419,523849,
0.049956440925598145,419,523899,
0.2777312994003296,419,523949,
0.2455924153327942,419,523999,
0.26179754734039307,419,524049,
0.1675611138343811,419,524099,
0.13579857349395752,419,524149,
,419,524159,0.6742818355560303
0.3454102873802185,420,524199,
0.17521601915359497,420,524249,
0.16646909713745117,420,524299,
0.15095078945159912,420,524349,
0.29228413105010986,420,524399,
0.15511494874954224,420,524449,
0.12579971551895142,420,524499,
0.1701514720916748,420,524549,
0.22774279117584229,420,524599,
0.08767455816268921,420,524649,
0.21484869718551636,420,524699,
0.142825186252594,420,524749,
0.15789073705673218,420,524799,
0.15912270545959473,420,524849,
0.30692750215530396,420,524899,
0.029250502586364746,420,524949,
0.1401888132095337,420,524999,
0.16486865282058716,420,525049,
0.34718888998031616,420,525099,
0.13945221900939941,420,525149,
0.20815956592559814,420,525199,
0.08729201555252075,420,525249,
0.30216336250305176,420,525299,
0.16198718547821045,420,525349,
0.04992330074310303,420,525399,
,420,525407,0.6717631220817566
0.14490383863449097,421,525449,
0.3114999532699585,421,525499,
0.2053927779197693,421,525549,
0.0914534330368042,421,525599,
0.1397382616996765,421,525649,
0.02150106430053711,421,525699,
0.04907107353210449,421,525749,
0.1372268795967102,421,525799,
0.16639351844787598,421,525849,
0.1764950156211853,421,525899,
0.16915977001190186,421,525949,
0.09549301862716675,421,525999,
0.10331743955612183,421,526049,
0.08853119611740112,421,526099,
0.020397305488586426,421,526149,
0.21115607023239136,421,526199,
0.048623621463775635,421,526249,
0.09490662813186646,421,526299,
0.13898730278015137,421,526349,
0.17164766788482666,421,526399,
0.14414715766906738,421,526449,
0.11795413494110107,421,526499,
0.23974406719207764,421,526549,
0.08821040391921997,421,526599,
0.11466407775878906,421,526649,
,421,526655,0.6712901592254639
0.13165801763534546,422,526699,
0.13611644506454468,422,526749,
0.0940820574760437,422,526799,
0.1470717191696167,422,526849,
0.11976146697998047,422,526899,
0.1475246548652649,422,526949,
0.18275481462478638,422,526999,
0.08204817771911621,422,527049,
0.26176464557647705,422,527099,
0.10101896524429321,422,527149,
0.09589314460754395,422,527199,
0.30240559577941895,422,527249,
0.0842059850692749,422,527299,
0.2178589105606079,422,527349,
0.3148726224899292,422,527399,
0.09724956750869751,422,527449,
0.3075869083404541,422,527499,
0.1829332709312439,422,527549,
0.14913272857666016,422,527599,
0.09626781940460205,422,527649,
0.09297525882720947,422,527699,
0.14832764863967896,422,527749,
0.09800934791564941,422,527799,
0.23183220624923706,422,527849,
0.16717737913131714,422,527899,
,422,527903,0.6711603999137878
0.27239686250686646,423,527949,
0.315890908241272,423,527999,
0.21632611751556396,423,528049,
0.21379101276397705,423,528099,
0.21094536781311035,423,528149,
0.10883671045303345,423,528199,
0.31500256061553955,423,528249,
0.21453845500946045,423,528299,
0.15029823780059814,423,528349,
0.08026367425918579,423,528399,
0.2955631613731384,423,528449,
0.04329681396484375,423,528499,
0.15815776586532593,423,528549,
0.2582416534423828,423,528599,
0.04358178377151489,423,528649,
0.2704817056655884,423,528699,
0.15786272287368774,423,528749,
0.2554768919944763,423,528799,
0.16181641817092896,423,528849,
0.19504791498184204,423,528899,
0.14849603176116943,423,528949,
0.09768658876419067,423,528999,
0.09277820587158203,423,529049,
0.21196651458740234,423,529099,
0.2387303113937378,423,529149,
,423,529151,0.6689141988754272
0.32466423511505127,424,529199,
0.09624892473220825,424,529249,
0.09367865324020386,424,529299,
0.18080496788024902,424,529349,
0.05061095952987671,424,529399,
0.15692836046218872,424,529449,
0.26198506355285645,424,529499,
0.10629236698150635,424,529549,
0.14999723434448242,424,529599,
0.1738538146018982,424,529649,
0.2342786192893982,424,529699,
0.1073598861694336,424,529749,
0.16625410318374634,424,529799,
0.17540377378463745,424,529849,
0.14723742008209229,424,529899,
0.07180589437484741,424,529949,
0.1869683861732483,424,529999,
0.28881579637527466,424,530049,
0.27861911058425903,424,530099,
0.24516940116882324,424,530149,
0.3123306632041931,424,530199,
0.15399622917175293,424,530249,
0.24252033233642578,424,530299,
0.19083774089813232,424,530349,
0.18141788244247437,424,530399,
,424,530399,0.6727250814437866
0.22511786222457886,425,530449,
0.17585980892181396,425,530499,
0.04408144950866699,425,530549,
0.07575386762619019,425,530599,
0.15367740392684937,425,530649,
0.1451122760772705,425,530699,
0.14971160888671875,425,530749,
0.2250995635986328,425,530799,
0.17377805709838867,425,530849,
0.14292442798614502,425,530899,
0.2122480869293213,425,530949,
0.18592369556427002,425,530999,
0.4093603491783142,425,531049,
0.10815829038619995,425,531099,
0.3943464159965515,425,531149,
0.08488333225250244,425,531199,
0.142880380153656,425,531249,
0.20212000608444214,425,531299,
0.20011991262435913,425,531349,
0.10949325561523438,425,531399,
0.14643102884292603,425,531449,
0.13826650381088257,425,531499,
0.35201525688171387,425,531549,
0.14654076099395752,425,531599,
,425,531647,0.6735068559646606
0.020702123641967773,426,531649,
0.17495250701904297,426,531699,
0.2956218123435974,426,531749,
0.14970391988754272,426,531799,
0.07782679796218872,426,531849,
0.2517090439796448,426,531899,
0.1558191180229187,426,531949,
0.1253831386566162,426,531999,
0.14989954233169556,426,532049,
0.1389176845550537,426,532099,
0.0763009786605835,426,532149,
0.022829174995422363,426,532199,
0.04110908508300781,426,532249,
0.04255187511444092,426,532299,
0.2057918906211853,426,532349,
0.20272737741470337,426,532399,
0.13433384895324707,426,532449,
0.21919262409210205,426,532499,
0.11178803443908691,426,532549,
0.1044803261756897,426,532599,
0.09964179992675781,426,532649,
0.26517242193222046,426,532699,
0.1205366849899292,426,532749,
0.1758403182029724,426,532799,
0.2150735855102539,426,532849,
,426,532895,0.6693710088729858
0.14492851495742798,427,532899,
0.19312214851379395,427,532949,
0.16373223066329956,427,532999,
0.28375059366226196,427,533049,
0.0879707932472229,427,533099,
0.02900487184524536,427,533149,
0.25124824047088623,427,533199,
0.16511350870132446,427,533249,
0.032395899295806885,427,533299,
0.03494608402252197,427,533349,
0.08090287446975708,427,533399,
0.21550703048706055,427,533449,
0.1913023591041565,427,533499,
0.07014656066894531,427,533549,
0.15050828456878662,427,533599,
0.027772903442382812,427,533649,
0.11278039216995239,427,533699,
0.15146994590759277,427,533749,
0.10548490285873413,427,533799,
0.1592077612876892,427,533849,
0.2980036735534668,427,533899,
0.1726158857345581,427,533949,
0.13646799325942993,427,533999,
0.21571844816207886,427,534049,
0.08996421098709106,427,534099,
,427,534143,0.6691855192184448
0.016025066375732422,428,534149,
0.27143722772598267,428,534199,
0.15952616930007935,428,534249,
0.07319939136505127,428,534299,
0.19557243585586548,428,534349,
0.22365903854370117,428,534399,
0.19723522663116455,428,534449,
0.056176960468292236,428,534499,
0.04308915138244629,428,534549,
0.1394910216331482,428,534599,
0.07288426160812378,428,534649,
0.2232356071472168,428,534699,
0.1255154013633728,428,534749,
0.1276332139968872,428,534799,
0.2899050712585449,428,534849,
0.13711273670196533,428,534899,
0.3785984516143799,428,534949,
0.23115390539169312,428,534999,
0.11380529403686523,428,535049,
0.15946990251541138,428,535099,
0.19821929931640625,428,535149,
0.2877899408340454,428,535199,
0.08566802740097046,428,535249,
0.1700739860534668,428,535299,
0.2715029716491699,428,535349,
,428,535391,0.6699302792549133
0.07984089851379395,429,535399,
0.17983776330947876,429,535449,
0.21822112798690796,429,535499,
0.01643991470336914,429,535549,
0.11071836948394775,429,535599,
0.12181031703948975,429,535649,
0.2372567057609558,429,535699,
0.3540552258491516,429,535749,
0.2613877058029175,429,535799,
0.2822777032852173,429,535849,
0.13626348972320557,429,535899,
0.1536046862602234,429,535949,
0.23644691705703735,429,535999,
0.22268837690353394,429,536049,
0.2547212243080139,429,536099,
0.37176716327667236,429,536149,
0.34020519256591797,429,536199,
0.15492117404937744,429,536249,
0.12336325645446777,429,536299,
0.266635000705719,429,536349,
0.2620828151702881,429,536399,
0.03050917387008667,429,536449,
0.16756153106689453,429,536499,
0.17157626152038574,429,536549,
0.09398549795150757,429,536599,
,429,536639,0.6701838374137878
0.10401803255081177,430,536649,
0.18854248523712158,430,536699,
0.21999067068099976,430,536749,
0.15930122137069702,430,536799,
0.08481091260910034,430,536849,
0.09823304414749146,430,536899,
0.11221325397491455,430,536949,
0.13796931505203247,430,536999,
0.20685458183288574,430,537049,
0.23118197917938232,430,537099,
0.08925944566726685,430,537149,
0.0805509090423584,430,537199,
0.11826598644256592,430,537249,
0.08287495374679565,430,537299,
0.08935731649398804,430,537349,
0.2108837366104126,430,537399,
0.04721790552139282,430,537449,
0.16589456796646118,430,537499,
0.026989638805389404,430,537549,
0.03995811939239502,430,537599,
0.09190529584884644,430,537649,
0.03447192907333374,430,537699,
0.14151138067245483,430,537749,
0.10521256923675537,430,537799,
0.03954368829727173,430,537849,
,430,537887,0.67319655418396
0.15403950214385986,431,537899,
0.19977957010269165,431,537949,
0.2569237947463989,431,537999,
0.27979379892349243,431,538049,
0.2174072265625,431,538099,
0.188448965549469,431,538149,
0.019009053707122803,431,538199,
0.08890622854232788,431,538249,
0.11140334606170654,431,538299,
0.21444731950759888,431,538349,
0.2118263840675354,431,538399,
0.23122131824493408,431,538449,
0.2029476761817932,431,538499,
0.16234248876571655,431,538549,
0.10057997703552246,431,538599,
0.33993393182754517,431,538649,
0.2862241268157959,431,538699,
0.28509247303009033,431,538749,
0.018399178981781006,431,538799,
0.1776687502861023,431,538849,
0.11050629615783691,431,538899,
0.2337701916694641,431,538949,
0.04798579216003418,431,538999,
0.1686813235282898,431,539049,
0.18000459671020508,431,539099,
,431,539135,0.6748476028442383
0.29008370637893677,432,539149,
0.20565062761306763,432,539199,
0.026256084442138672,432,539249,
0.19069600105285645,432,539299,
0.19179767370224,432,539349,
0.10267418622970581,432,539399,
0.13282573223114014,432,539449,
0.2102675437927246,432,539499,
0.07401531934738159,432,539549,
0.09346497058868408,432,539599,
0.1462082862854004,432,539649,
0.2352423071861267,432,539699,
0.13268733024597168,432,539749,
0.13561809062957764,432,539799,
0.13113021850585938,432,539849,
0.15295487642288208,432,539899,
0.31312811374664307,432,539949,
0.096515953540802,432,539999,
0.10461252927780151,432,540049,
0.21736478805541992,432,540099,
0.017157256603240967,432,540149,
0.16309577226638794,432,540199,
0.17347615957260132,432,540249,
0.07891267538070679,432,540299,
0.17383354902267456,432,540349,
,432,540383,0.672943651676178
0.18045228719711304,433,540399,
0.10006248950958252,433,540449,
0.19348275661468506,433,540499,
0.2782580256462097,433,540549,
0.10198962688446045,433,540599,
0.19921797513961792,433,540649,
0.037232160568237305,433,540699,
0.37717175483703613,433,540749,
0.362407922744751,433,540799,
0.2266586422920227,433,540849,
0.14524871110916138,433,540899,
0.29833531379699707,433,540949,
0.18701612949371338,433,540999,
0.06388014554977417,433,541049,
0.16869372129440308,433,541099,
0.2213117480278015,433,541149,
0.022672057151794434,433,541199,
0.16822510957717896,433,541249,
0.030705153942108154,433,541299,
0.24259203672409058,433,541349,
0.17408329248428345,433,541399,
0.03632134199142456,433,541449,
0.25029945373535156,433,541499,
0.2867426872253418,433,541549,
0.14556556940078735,433,541599,
,433,541631,0.6705799698829651
0.08948725461959839,434,541649,
0.15565866231918335,434,541699,
0.13483232259750366,434,541749,
0.1442410945892334,434,541799,
0.2971419095993042,434,541849,
0.29508161544799805,434,541899,
0.18798202276229858,434,541949,
0.07827800512313843,434,541999,
0.2773745059967041,434,542049,
0.20159369707107544,434,542099,
0.3074134588241577,434,542149,
0.10283559560775757,434,542199,
0.08520597219467163,434,542249,
0.09098207950592041,434,542299,
0.11359107494354248,434,542349,
0.13526058197021484,434,542399,
0.21701472997665405,434,542449,
0.24167674779891968,434,542499,
0.21043002605438232,434,542549,
0.14203721284866333,434,542599,
0.19062203168869019,434,542649,
0.04486119747161865,434,542699,
0.28446149826049805,434,542749,
0.028448760509490967,434,542799,
0.16530978679656982,434,542849,
,434,542879,0.6738515496253967
0.14302033185958862,435,542899,
0.16891300678253174,435,542949,
0.10160762071609497,435,542999,
0.1334439516067505,435,543049,
0.2036036252975464,435,543099,
0.1506214737892151,435,543149,
0.1534770131111145,435,543199,
0.09321153163909912,435,543249,
0.15256911516189575,435,543299,
0.1837756633758545,435,543349,
0.18961787223815918,435,543399,
0.03024083375930786,435,543449,
0.13734519481658936,435,543499,
0.09335005283355713,435,543549,
0.030522167682647705,435,543599,
0.030308008193969727,435,543649,
0.1914769411087036,435,543699,
0.04203158617019653,435,543749,
0.07743304967880249,435,543799,
0.24404317140579224,435,543849,
0.269523024559021,435,543899,
0.08179771900177002,435,543949,
0.16031968593597412,435,543999,
0.026730239391326904,435,544049,
0.17852890491485596,435,544099,
,435,544127,0.6730753183364868
0.11240404844284058,436,544149,
0.20616883039474487,436,544199,
0.22207212448120117,436,544249,
0.10611820220947266,436,544299,
0.1022113561630249,436,544349,
0.32660019397735596,436,544399,
0.11006897687911987,436,544449,
0.3652381896972656,436,544499,
0.12270963191986084,436,544549,
0.1996138095855713,436,544599,
0.15806972980499268,436,544649,
0.15392440557479858,436,544699,
0.05646622180938721,436,544749,
0.16651350259780884,436,544799,
0.16388261318206787,436,544849,
0.20621436834335327,436,544899,
0.05526530742645264,436,544949,
0.27636289596557617,436,544999,
0.2391868233680725,436,545049,
0.12338107824325562,436,545099,
0.2837950587272644,436,545149,
0.045974910259246826,436,545199,
0.12843447923660278,436,545249,
0.08798742294311523,436,545299,
0.08673220872879028,436,545349,
,436,545375,0.6689088344573975
0.17312800884246826,437,545399,
0.1756443977355957,437,545449,
0.10851645469665527,437,545499,
0.01109004020690918,437,545549,
0.14378273487091064,437,545599,
0.13572931289672852,437,545649,
0.19502174854278564,437,545699,
0.10732078552246094,437,545749,
0.2770485281944275,437,545799,
0.1964794397354126,437,545849,
0.15626060962677002,437,545899,
0.10048657655715942,437,545949,
0.2044101357460022,437,545999,
0.10056638717651367,437,546049,
0.08139777183532715,437,546099,
0.05057638883590698,437,546149,
0.04089176654815674,437,546199,
0.2679365277290344,437,546249,
0.10151970386505127,437,546299,
0.14683645963668823,437,546349,
0.30026453733444214,437,546399,
0.09352630376815796,437,546449,
0.10142743587493896,437,546499,
0.16941344738006592,437,546549,
0.24100273847579956,437,546599,
,437,546623,0.6726381778717041
0.15460717678070068,438,546649,
0.1595083475112915,438,546699,
0.1353217363357544,438,546749,
0.027081549167633057,438,546799,
0.16549646854400635,438,546849,
0.2073541283607483,438,546899,
0.12298113107681274,438,546949,
0.29913437366485596,438,546999,
0.1911226511001587,438,547049,
0.2627590298652649,438,547099,
0.1638445258140564,438,547149,
0.08760297298431396,438,547199,
0.19024431705474854,438,547249,
0.29628175497055054,438,547299,
0.16299039125442505,438,547349,
0.21118676662445068,438,547399,
0.25834840536117554,438,547449,
0.16174954175949097,438,547499,
0.18276625871658325,438,547549,
0.1382352113723755,438,547599,
0.16843926906585693,438,547649,
0.24983912706375122,438,547699,
0.22418737411499023,438,547749,
0.19734954833984375,438,547799,
0.16923308372497559,438,547849,
,438,547871,0.6709715127944946
0.22593176364898682,439,547899,
0.28171980381011963,439,547949,
0.1554754376411438,439,547999,
0.19862109422683716,439,548049,
0.07808756828308105,439,548099,
0.012814044952392578,439,548149,
0.0833243727684021,439,548199,
0.23809736967086792,439,548249,
0.23248738050460815,439,548299,
0.10755735635757446,439,548349,
0.08666867017745972,439,548399,
0.013007640838623047,439,548449,
0.17548269033432007,439,548499,
0.08810633420944214,439,548549,
0.15096700191497803,439,548599,
0.11756819486618042,439,548649,
0.020620286464691162,439,548699,
0.23076242208480835,439,548749,
0.2589351534843445,439,548799,
0.2002275586128235,439,548849,
0.045011162757873535,439,548899,
0.23071825504302979,439,548949,
0.332642138004303,439,548999,
0.1882050633430481,439,549049,
0.3227860927581787,439,549099,
,439,549119,0.6722734570503235
0.17459756135940552,440,549149,
0.027466952800750732,440,549199,
0.29149144887924194,440,549249,
0.21656280755996704,440,549299,
0.018537521362304688,440,549349,
0.08575993776321411,440,549399,
0.0959242582321167,440,549449,
0.15502774715423584,440,549499,
0.17077112197875977,440,549549,
0.20824897289276123,440,549599,
0.1334736943244934,440,549649,
0.08184158802032471,440,549699,
0.2376684546470642,440,549749,
0.09734272956848145,440,549799,
0.16999715566635132,440,549849,
0.08675265312194824,440,549899,
0.21413391828536987,440,549949,
0.14326167106628418,440,549999,
0.10301685333251953,440,550049,
0.09499335289001465,440,550099,
0.20103532075881958,440,550149,
0.0897323489189148,440,550199,
0.1571270227432251,440,550249,
0.24338817596435547,440,550299,
0.15627026557922363,440,550349,
,440,550367,0.6727445721626282
0.3621594309806824,441,550399,
0.06444782018661499,441,550449,
0.16387927532196045,441,550499,
0.22471141815185547,441,550549,
0.18539166450500488,441,550599,
0.16912376880645752,441,550649,
0.22593533992767334,441,550699,
0.06798410415649414,441,550749,
0.04253202676773071,441,550799,
0.1685604453086853,441,550849,
0.27303075790405273,441,550899,
0.09871906042098999,441,550949,
0.16913288831710815,441,550999,
0.0153961181640625,441,551049,
0.30946874618530273,441,551099,
0.2450408935546875,441,551149,
0.1373266577720642,441,551199,
0.208426833152771,441,551249,
0.0267525315284729,441,551299,
0.2320871353149414,441,551349,
0.15023910999298096,441,551399,
0.1008715033531189,441,551449,
0.23886895179748535,441,551499,
0.11936336755752563,441,551549,
0.15381133556365967,441,551599,
,441,551615,0.6732769012451172
0.0766679048538208,442,551649,
0.17232918739318848,442,551699,
0.3038516640663147,442,551749,
0.1151917576789856,442,551799,
0.22540223598480225,442,551849,
0.1798999309539795,442,551899,
0.2893369197845459,442,551949,
0.47691476345062256,442,551999,
0.29784077405929565,442,552049,
0.15314799547195435,442,552099,
0.09986907243728638,442,552149,
0.2613000273704529,442,552199,
0.09632283449172974,442,552249,
0.15835928916931152,442,552299,
0.04491889476776123,442,552349,
0.4810452461242676,442,552399,
0.16683191061019897,442,552449,
0.19231045246124268,442,552499,
0.029380083084106445,442,552549,
0.31291425228118896,442,552599,
0.13815802335739136,442,552649,
0.23489975929260254,442,552699,
0.3233458995819092,442,552749,
0.1165197491645813,442,552799,
0.10089373588562012,442,552849,
,442,552863,0.6723609566688538
0.13434851169586182,443,552899,
0.039526164531707764,443,552949,
0.15006649494171143,443,552999,
0.18114030361175537,443,553049,
0.12662166357040405,443,553099,
0.14189845323562622,443,553149,
0.25624173879623413,443,553199,
0.2285689115524292,443,553249,
0.07383984327316284,443,553299,
0.18444550037384033,443,553349,
0.08312010765075684,443,553399,
0.09390896558761597,443,553449,
0.0735318660736084,443,553499,
0.21367484331130981,443,553549,
0.09778374433517456,443,553599,
0.14400267601013184,443,553649,
0.17850559949874878,443,553699,
0.08426380157470703,443,553749,
0.16196668148040771,443,553799,
0.14273452758789062,443,553849,
0.18300175666809082,443,553899,
0.300026535987854,443,553949,
0.1231585144996643,443,553999,
0.3220035433769226,443,554049,
0.15027546882629395,443,554099,
,443,554111,0.6696625351905823
0.2222650647163391,444,554149,
0.23509252071380615,444,554199,
0.2943679094314575,444,554249,
0.1413966417312622,444,554299,
0.1734423041343689,444,554349,
0.13800442218780518,444,554399,
0.20577174425125122,444,554449,
0.09324759244918823,444,554499,
0.1986439824104309,444,554549,
0.16676115989685059,444,554599,
0.2721155881881714,444,554649,
0.0919729471206665,444,554699,
0.09119772911071777,444,554749,
0.0198211669921875,444,554799,
0.0961838960647583,444,554849,
0.2449561357498169,444,554899,
0.1973157525062561,444,554949,
0.20972979068756104,444,554999,
0.1034730076789856,444,555049,
0.10340040922164917,444,555099,
0.03271806240081787,444,555149,
0.2043846845626831,444,555199,
0.08104062080383301,444,555249,
0.1752811074256897,444,555299,
0.09955281019210815,444,555349,
,444,555359,0.6738333702087402
0.1685505509376526,445,555399,
0.2646647095680237,445,555449,
0.33990585803985596,445,555499,
0.2475067377090454,445,555549,
0.09159547090530396,445,555599,
0.12413251399993896,445,555649,
0.13110536336898804,445,555699,
0.04452407360076904,445,555749,
0.2244592308998108,445,555799,
0.03806525468826294,445,555849,
0.2156127691268921,445,555899,
0.2062888741493225,445,555949,
0.3235434293746948,445,555999,
0.23223555088043213,445,556049,
0.270468533039093,445,556099,
0.21237295866012573,445,556149,
0.09284335374832153,445,556199,
0.148440420627594,445,556249,
0.2816295027732849,445,556299,
0.12129014730453491,445,556349,
0.15558141469955444,445,556399,
0.2871341109275818,445,556449,
0.23536205291748047,445,556499,
0.1486656665802002,445,556549,
0.07721489667892456,445,556599,
,445,556607,0.6723418831825256
0.031829774379730225,446,556649,
0.018644392490386963,446,556699,
0.22613608837127686,446,556749,
0.15714353322982788,446,556799,
0.1651747226715088,446,556849,
0.3475172519683838,446,556899,
0.13118040561676025,446,556949,
0.2166118025779724,446,556999,
0.17899495363235474,446,557049,
0.10333043336868286,446,557099,
0.023332834243774414,446,557149,
0.10419481992721558,446,557199,
0.16957587003707886,446,557249,
0.2203720211982727,446,557299,
0.08727800846099854,446,557349,
0.10153228044509888,446,557399,
0.16365951299667358,446,557449,
0.18612927198410034,446,557499,
0.038539886474609375,446,557549,
0.032456040382385254,446,557599,
0.13025397062301636,446,557649,
0.12938934564590454,446,557699,
0.1254367232322693,446,557749,
0.09708952903747559,446,557799,
0.2085644006729126,446,557849,
,446,557855,0.6699212193489075
0.18801426887512207,447,557899,
0.3283504247665405,447,557949,
0.12893891334533691,447,557999,
0.14666420221328735,447,558049,
0.24064290523529053,447,558099,
0.20757710933685303,447,558149,
0.39305031299591064,447,558199,
0.15206557512283325,447,558249,
0.11002612113952637,447,558299,
0.16554760932922363,447,558349,
0.19761496782302856,447,558399,
0.23930853605270386,447,558449,
0.2558377981185913,447,558499,
0.1289694905281067,447,558549,
0.24224644899368286,447,558599,
0.13150888681411743,447,558649,
0.022785067558288574,447,558699,
0.15080153942108154,447,558749,
0.13111263513565063,447,558799,
0.027461707592010498,447,558849,
0.1765202283859253,447,558899,
0.1829977035522461,447,558949,
0.09409946203231812,447,558999,
0.116840660572052,447,559049,
0.1481950283050537,447,559099,
,447,559103,0.6725562810897827
0.14452993869781494,448,559149,
0.025891005992889404,448,559199,
0.3356500267982483,448,559249,
0.22304946184158325,448,559299,
0.10013729333877563,448,559349,
0.24161982536315918,448,559399,
0.2766452431678772,448,559449,
0.023159444332122803,448,559499,
0.19760620594024658,448,559549,
0.2783711552619934,448,559599,
0.23905664682388306,448,559649,
0.013917505741119385,448,559699,
0.09000343084335327,448,559749,
0.36124372482299805,448,559799,
0.13464570045471191,448,559849,
0.4594101905822754,448,559899,
0.09127920866012573,448,559949,
0.20308488607406616,448,559999,
0.25023525953292847,448,560049,
0.28765344619750977,448,560099,
0.028679490089416504,448,560149,
0.2512555718421936,448,560199,
0.08432281017303467,448,560249,
0.14560604095458984,448,560299,
0.17451900243759155,448,560349,
,448,560351,0.6745911240577698
0.08818596601486206,449,560399,
0.34663909673690796,449,560449,
0.18064439296722412,449,560499,
0.0928536057472229,449,560549,
0.11239385604858398,449,560599,
0.13937389850616455,449,560649,
0.16117197275161743,449,560699,
0.10601687431335449,449,560749,
0.1512598991394043,449,560799,
0.16818618774414062,449,560849,
0.31433701515197754,449,560899,
0.10110491514205933,449,560949,
0.3524662256240845,449,560999,
0.27913498878479004,449,561049,
0.09412163496017456,449,561099,
0.45206665992736816,449,561149,
0.28707027435302734,449,561199,
0.17578572034835815,449,561249,
0.24339401721954346,449,561299,
0.05697178840637207,449,561349,
0.17876869440078735,449,561399,
0.3015158176422119,449,561449,
0.15849357843399048,449,561499,
0.17569470405578613,449,561549,
0.14868682622909546,449,561599,
,449,561599,0.6703888773918152
0.14882326126098633,450,561649,
0.15188872814178467,450,561699,
0.19590771198272705,450,561749,
0.31743496656417847,450,561799,
0.3066461682319641,450,561849,
0.09191519021987915,450,561899,
0.100460946559906,450,561949,
0.03508889675140381,450,561999,
0.15366697311401367,450,562049,
0.05373126268386841,450,562099,
0.07953751087188721,450,562149,
0.10855942964553833,450,562199,
0.21028047800064087,450,562249,
0.19910204410552979,450,562299,
0.17701804637908936,450,562349,
0.29601168632507324,450,562399,
0.020753085613250732,450,562449,
0.1355835199356079,450,562499,
0.2628785967826843,450,562549,
0.1656017303466797,450,562599,
0.10237574577331543,450,562649,
0.2128523588180542,450,562699,
0.22544431686401367,450,562749,
0.23746579885482788,450,562799,
,450,562847,0.6786444783210754
0.22301965951919556,451,562849,
0.140835702419281,451,562899,
0.04990118741989136,451,562949,
0.1847705841064453,451,562999,
0.18191343545913696,451,563049,
0.23391318321228027,451,563099,
0.136826753616333,451,563149,
0.1427409052848816,451,563199,
0.15805894136428833,451,563249,
0.2426573634147644,451,563299,
0.04561889171600342,451,563349,
0.2796117663383484,451,563399,
0.03288829326629639,451,563449,
0.14625823497772217,451,563499,
0.1387348175048828,451,563549,
0.01739335060119629,451,563599,
0.12496066093444824,451,563649,
0.20682460069656372,451,563699,
0.13113075494766235,451,563749,
0.19650065898895264,451,563799,
0.21516692638397217,451,563849,
0.11676335334777832,451,563899,
0.01635289192199707,451,563949,
0.020093142986297607,451,563999,
0.10629445314407349,451,564049,
,451,564095,0.6736307144165039
0.14972543716430664,452,564099,
0.24335521459579468,452,564149,
0.1482275128364563,452,564199,
0.18032437562942505,452,564249,
0.3691033720970154,452,564299,
0.1302141547203064,452,564349,
0.08631175756454468,452,564399,
0.1326013207435608,452,564449,
0.137115478515625,452,564499,
0.25513333082199097,452,564549,
0.3243892192840576,452,564599,
0.023366689682006836,452,564649,
0.26799601316452026,452,564699,
0.0850101113319397,452,564749,
0.09020692110061646,452,564799,
0.02710437774658203,452,564849,
0.07571285963058472,452,564899,
0.18540853261947632,452,564949,
0.3036365509033203,452,564999,
0.2516564726829529,452,565049,
0.2148725390434265,452,565099,
0.21893954277038574,452,565149,
0.1524224877357483,452,565199,
0.08272057771682739,452,565249,
0.10215497016906738,452,565299,
,452,565343,0.675174355506897
0.027226567268371582,453,565349,
0.09155541658401489,453,565399,
0.2998574376106262,453,565449,
0.22744470834732056,453,565499,
0.11289745569229126,453,565549,
0.07101279497146606,453,565599,
0.17590928077697754,453,565649,
0.11052453517913818,453,565699,
0.20838487148284912,453,565749,
0.18966412544250488,453,565799,
0.1891891360282898,453,565849,
0.4396994709968567,453,565899,
0.13745170831680298,453,565949,
0.32972562313079834,453,565999,
0.09653246402740479,453,566049,
0.18933320045471191,453,566099,
0.08065307140350342,453,566149,
0.15059417486190796,453,566199,
0.24629336595535278,453,566249,
0.2943984270095825,453,566299,
0.14900249242782593,453,566349,
0.17986416816711426,453,566399,
0.01762479543685913,453,566449,
0.1695989966392517,453,566499,
0.042252957820892334,453,566549,
,453,566591,0.6745792031288147
0.2260894775390625,454,566599,
0.09882491827011108,454,566649,
0.2040553092956543,454,566699,
0.11378729343414307,454,566749,
0.4074949026107788,454,566799,
0.1731850504875183,454,566849,
0.0318642258644104,454,566899,
0.1515675187110901,454,566949,
0.15847504138946533,454,566999,
0.13035953044891357,454,567049,
0.02844691276550293,454,567099,
0.05293548107147217,454,567149,
0.17497122287750244,454,567199,
0.08040845394134521,454,567249,
0.17113232612609863,454,567299,
0.17944741249084473,454,567349,
0.3018873929977417,454,567399,
0.1545112133026123,454,567449,
0.08240282535552979,454,567499,
0.14372116327285767,454,567549,
0.21014750003814697,454,567599,
0.14862549304962158,454,567649,
0.16539156436920166,454,567699,
0.320173442363739,454,567749,
0.3797451853752136,454,567799,
,454,567839,0.6751710176467896
0.29782652854919434,455,567849,
0.19656234979629517,455,567899,
0.23962128162384033,455,567949,
0.09240967035293579,455,567999,
0.16790688037872314,455,568049,
0.22484368085861206,455,568099,
0.05491971969604492,455,568149,
0.07957184314727783,455,568199,
0.09602975845336914,455,568249,
0.027156472206115723,455,568299,
0.33759039640426636,455,568349,
0.3126036524772644,455,568399,
0.012277483940124512,455,568449,
0.3188532590866089,455,568499,
0.12783294916152954,455,568549,
0.10173380374908447,455,568599,
0.11224418878555298,455,568649,
0.23317915201187134,455,568699,
0.19530773162841797,455,568749,
0.170606791973114,455,568799,
0.2920934557914734,455,568849,
0.19439482688903809,455,568899,
0.15884548425674438,455,568949,
0.07986325025558472,455,568999,
0.23182010650634766,455,569049,
,455,569087,0.6719286441802979
0.04927515983581543,456,569099,
0.09441697597503662,456,569149,
0.11301416158676147,456,569199,
0.02345508337020874,456,569249,
0.09669071435928345,456,569299,
0.2984265089035034,456,569349,
0.22726798057556152,456,569399,
0.1378871202468872,456,569449,
0.1006280779838562,456,569499,
0.24621951580047607,456,569549,
0.09395718574523926,456,569599,
0.08158165216445923,456,569649,
0.08069157600402832,456,569699,
0.1953040361404419,456,569749,
0.2988549470901489,456,569799,
0.04018592834472656,456,569849,
0.19751209020614624,456,569899,
0.3126413822174072,456,569949,
0.1282399296760559,456,569999,
0.23159605264663696,456,570049,
0.0807533860206604,456,570099,
0.38615351915359497,456,570149,
0.2803245186805725,456,570199,
0.09968221187591553,456,570249,
0.19640737771987915,456,570299,
,456,570335,0.6745962500572205
0.21197634935379028,457,570349,
0.1423128843307495,457,570399,
0.2763320803642273,457,570449,
0.2199154496192932,457,570499,
0.10323590040206909,457,570549,
0.20269721746444702,457,570599,
0.08235180377960205,457,570649,
0.13748478889465332,457,570699,
0.18669939041137695,457,570749,
0.16129910945892334,457,570799,
0.12792611122131348,457,570849,
0.13802731037139893,457,570899,
0.19303131103515625,457,570949,
0.10966163873672485,457,570999,
0.026577293872833252,457,571049,
0.07073670625686646,457,571099,
0.1285952925682068,457,571149,
0.15370428562164307,457,571199,
0.342621386051178,457,571249,
0.0882863998413086,457,571299,
0.22009217739105225,457,571349,
0.1423388123512268,457,571399,
0.1595395803451538,457,571449,
0.22387248277664185,457,571499,
0.23372822999954224,457,571549,
,457,571583,0.6726164221763611
0.13315045833587646,458,571599,
0.3097473978996277,458,571649,
0.19671213626861572,458,571699,
0.1430944800376892,458,571749,
0.0880124568939209,458,571799,
0.012714684009552002,458,571849,
0.14877724647521973,458,571899,
0.14001202583312988,458,571949,
0.1369602084159851,458,571999,
0.1367458701133728,458,572049,
0.15809887647628784,458,572099,
0.23481976985931396,458,572149,
0.31613826751708984,458,572199,
0.2638017535209656,458,572249,
0.1401458978652954,458,572299,
0.08434051275253296,458,572349,
0.30862361192703247,458,572399,
0.07964169979095459,458,572449,
0.22648978233337402,458,572499,
0.1806533932685852,458,572549,
0.2770237326622009,458,572599,
0.22464030981063843,458,572649,
0.08633440732955933,458,572699,
0.18277597427368164,458,572749,
0.07537055015563965,458,572799,
,458,572831,0.6744261384010315
0.12089496850967407,459,572849,
0.31448811292648315,459,572899,
0.2073514461517334,459,572949,
0.10783833265304565,459,572999,
0.12715309858322144,459,573049,
0.03924018144607544,459,573099,
0.20178717374801636,459,573149,
0.1259506344795227,459,573199,
0.19098174571990967,459,573249,
0.11044847965240479,459,573299,
0.2410479187965393,459,573349,
0.30301719903945923,459,573399,
0.08590912818908691,459,573449,
0.07731521129608154,459,573499,
0.32365673780441284,459,573549,
0.22087961435317993,459,573599,
0.19985735416412354,459,573649,
0.12376594543457031,459,573699,
0.15574771165847778,459,573749,
0.10090690851211548,459,573799,
0.1814064383506775,459,573849,
0.15314525365829468,459,573899,
0.14542722702026367,459,573949,
0.09485912322998047,459,573999,
0.22730416059494019,459,574049,
,459,574079,0.6689751744270325
0.16145169734954834,460,574099,
0.17177152633666992,460,574149,
0.21650922298431396,460,574199,
0.14702308177947998,460,574249,
0.17965519428253174,460,574299,
0.19602525234222412,460,574349,
0.14385658502578735,460,574399,
0.08409792184829712,460,574449,
0.18338394165039062,460,574499,
0.07185512781143188,460,574549,
0.147904634475708,460,574599,
0.22056758403778076,460,574649,
0.2185591459274292,460,574699,
0.18687021732330322,460,574749,
0.07948511838912964,460,574799,
0.14923763275146484,460,574849,
0.14168739318847656,460,574899,
0.13877177238464355,460,574949,
0.10357040166854858,460,574999,
0.0929253101348877,460,575049,
0.08814501762390137,460,575099,
0.02545863389968872,460,575149,
0.3393614888191223,460,575199,
0.24236536026000977,460,575249,
0.07520568370819092,460,575299,
,460,575327,0.6705990433692932
0.24302881956100464,461,575349,
0.13691389560699463,461,575399,
0.17706596851348877,461,575449,
0.3280797004699707,461,575499,
0.19798898696899414,461,575549,
0.03497201204299927,461,575599,
0.24448221921920776,461,575649,
0.17701083421707153,461,575699,
0.1354435682296753,461,575749,
0.01832681894302368,461,575799,
0.06867140531539917,461,575849,
0.4364844560623169,461,575899,
0.25976037979125977,461,575949,
0.14620506763458252,461,575999,
0.15052086114883423,461,576049,
0.36663979291915894,461,576099,
0.15048539638519287,461,576149,
0.13994932174682617,461,576199,
0.213858962059021,461,576249,
0.1879594922065735,461,576299,
0.0911211371421814,461,576349,
0.21924203634262085,461,576399,
0.16725975275039673,461,576449,
0.11178261041641235,461,576499,
0.3191969394683838,461,576549,
,461,576575,0.6706464290618896
0.09759581089019775,462,576599,
0.2867947816848755,462,576649,
0.2903488874435425,462,576699,
0.07067692279815674,462,576749,
0.127579927444458,462,576799,
0.366131067276001,462,576849,
0.12353706359863281,462,576899,
0.14024382829666138,462,576949,
0.24663454294204712,462,576999,
0.08700442314147949,462,577049,
0.03447955846786499,462,577099,
0.14592885971069336,462,577149,
0.10014539957046509,462,577199,
0.14627796411514282,462,577249,
0.10536909103393555,462,577299,
0.20027655363082886,462,577349,
0.10381263494491577,462,577399,
0.09754419326782227,462,577449,
0.1530718207359314,462,577499,
0.31222158670425415,462,577549,
0.0825621485710144,462,577599,
0.09084504842758179,462,577649,
0.1959792971611023,462,577699,
0.2303205132484436,462,577749,
0.15658748149871826,462,577799,
,462,577823,0.6709099411964417
0.09093660116195679,463,577849,
0.1130514144897461,463,577899,
0.1982758641242981,463,577949,
0.16677838563919067,463,577999,
0.029168546199798584,463,578049,
0.15554273128509521,463,578099,
0.020971357822418213,463,578149,
0.22775644063949585,463,578199,
0.14923381805419922,463,578249,
0.16956627368927002,463,578299,
0.09581691026687622,463,578349,
0.08203983306884766,463,578399,
0.1840267777442932,463,578449,
0.25803911685943604,463,578499,
0.26946085691452026,463,578549,
0.2460833191871643,463,578599,
0.3207055330276489,463,578649,
0.20139378309249878,463,578699,
0.12690454721450806,463,578749,
0.14653104543685913,463,578799,
0.21483737230300903,463,578849,
0.07576984167098999,463,578899,
0.419488787651062,463,578949,
0.1459677815437317,463,578999,
0.19317156076431274,463,579049,
,463,579071,0.6706570386886597
0.1077621579170227,464,579099,
0.280153751373291,464,579149,
0.07496911287307739,464,579199,
0.37571394443511963,464,579249,
0.07979375123977661,464,579299,
0.13898712396621704,464,579349,
0.1168561577796936,464,579399,
0.2159961462020874,464,579449,
0.2694951891899109,464,579499,
0.07302302122116089,464,579549,
0.2426941990852356,464,579599,
0.08431518077850342,464,579649,
0.2148037552833557,464,579699,
0.21497631072998047,464,579749,
0.1679222583770752,464,579799,
0.38586562871932983,464,579849,
0.1479051113128662,464,579899,
0.15607964992523193,464,579949,
0.15220463275909424,464,579999,
0.12914717197418213,464,580049,
0.32705914974212646,464,580099,
0.15526610612869263,464,580149,
0.27189600467681885,464,580199,
0.221535325050354,464,580249,
0.16851842403411865,464,580299,
,464,580319,0.6698588728904724
0.09258139133453369,465,580349,
0.019299209117889404,465,580399,
0.035660743713378906,465,580449,
0.19561928510665894,465,580499,
0.07722365856170654,465,580549,
0.21823489665985107,465,580599,
0.14412152767181396,465,580649,
0.1579023003578186,465,580699,
0.0879819393157959,465,580749,
0.13559293746948242,465,580799,
0.15005016326904297,465,580849,
0.09705477952957153,465,580899,
0.2334110140800476,465,580949,
0.08888685703277588,465,580999,
0.2136986255645752,465,581049,
0.17944473028182983,465,581099,
0.24227780103683472,465,581149,
0.13829398155212402,465,581199,
0.17646324634552002,465,581249,
0.09398406744003296,465,581299,
0.164171040058136,465,581349,
0.31760936975479126,465,581399,
0.2640429735183716,465,581449,
0.22674667835235596,465,581499,
0.2558213472366333,465,581549,
,465,581567,0.6703102588653564
0.09997576475143433,466,581599,
0.15968573093414307,466,581649,
0.09372353553771973,466,581699,
0.034114837646484375,466,581749,
0.07860302925109863,466,581799,
0.2983763813972473,466,581849,
0.03586113452911377,466,581899,
0.2574523687362671,466,581949,
0.2123945951461792,466,581999,
0.3686312437057495,466,582049,
0.24550944566726685,466,582099,
0.082763671875,466,582149,
0.22021567821502686,466,582199,
0.07464367151260376,466,582249,
0.08432263135910034,466,582299,
0.015710532665252686,466,582349,
0.19045931100845337,466,582399,
0.20122301578521729,466,582449,
0.163887619972229,466,582499,
0.16059738397598267,466,582549,
0.21480536460876465,466,582599,
0.1703476905822754,466,582649,
0.14678102731704712,466,582699,
0.06804198026657104,466,582749,
0.15618377923965454,466,582799,
,466,582815,0.672024667263031
0.20706844329833984,467,582849,
0.12355995178222656,467,582899,
0.1364072561264038,467,582949,
0.15842151641845703,467,582999,
0.12753844261169434,467,583049,
0.19608545303344727,467,583099,
0.32938873767852783,467,583149,
0.05250626802444458,467,583199,
0.20411276817321777,467,583249,
0.06653237342834473,467,583299,
0.1005600094795227,467,583349,
0.38808029890060425,467,583399,
0.14674311876296997,467,583449,
0.0717892050743103,467,583499,
0.16346561908721924,467,583549,
0.268892765045166,467,583599,
0.15849626064300537,467,583649,
0.19456404447555542,467,583699,
0.10422825813293457,467,583749,
0.15557295083999634,467,583799,
0.22749924659729004,467,583849,
0.1677812933921814,467,583899,
0.14734762907028198,467,583949,
0.20652657747268677,467,583999,
0.26137518882751465,467,584049,
,467,584063,0.6702201962471008
0.17372971773147583,468,584099,
0.2552064061164856,468,584149,
0.04546856880187988,468,584199,
0.0901186466217041,468,584249,
0.15690040588378906,468,584299,
0.12279844284057617,468,584349,
0.06589466333389282,468,584399,
0.1623079776763916,468,584449,
0.14493995904922485,468,584499,
0.22342056035995483,468,584549,
0.021967411041259766,468,584599,
0.10555237531661987,468,584649,
0.15730416774749756,468,584699,
0.26528024673461914,468,584749,
0.08218765258789062,468,584799,
0.11560475826263428,468,584849,
0.15584802627563477,468,584899,
0.24527966976165771,468,584949,
0.4423997402191162,468,584999,
0.4524943232536316,468,585049,
0.07328647375106812,468,585099,
0.08899307250976562,468,585149,
0.2863508462905884,468,585199,
0.4084393382072449,468,585249,
0.050441741943359375,468,585299,
,468,585311,0.6705374121665955
0.04409611225128174,469,585349,
0.022947311401367188,469,585399,
0.16206884384155273,469,585449,
0.21306413412094116,469,585499,
0.0579296350479126,469,585549,
0.19705164432525635,469,585599,
0.16965460777282715,469,585649,
0.23777979612350464,469,585699,
0.2996687889099121,469,585749,
0.2088686227798462,469,585799,
0.0784766674041748,469,585849,
0.2640035152435303,469,585899,
0.33985817432403564,469,585949,
0.17886757850646973,469,585999,
0.09488022327423096,469,586049,
0.20526200532913208,469,586099,
0.20496141910552979,469,586149,
0.16935431957244873,469,586199,
0.19399309158325195,469,586249,
0.4102567434310913,469,586299,
0.2393484115600586,469,586349,
0.22200912237167358,469,586399,
0.26280832290649414,469,586449,
0.1527363657951355,469,586499,
0.15374499559402466,469,586549,
,469,586559,0.67108553647995
0.16247445344924927,470,586599,
0.2333044409751892,470,586649,
0.30381083488464355,470,586699,
0.15845715999603271,470,586749,
0.12789249420166016,470,586799,
0.19016146659851074,470,586849,
0.1566595435142517,470,586899,
0.18795323371887207,470,586949,
0.11300736665725708,470,586999,
0.2757696509361267,470,587049,
0.2322596311569214,470,587099,
0.2777661681175232,470,587149,
0.1845436692237854,470,587199,
0.09648168087005615,470,587249,
0.1887061595916748,470,587299,
0.1641141176223755,470,587349,
0.21065044403076172,470,587399,
0.21219539642333984,470,587449,
0.24084049463272095,470,587499,
0.10150283575057983,470,587549,
0.10228437185287476,470,587599,
0.3401668071746826,470,587649,
0.03345370292663574,470,587699,
0.24168860912322998,470,587749,
0.1581287980079651,470,587799,
,470,587807,0.6745678186416626
0.10715717077255249,471,587849,
0.21714568138122559,471,587899,
0.21756350994110107,471,587949,
0.10342621803283691,471,587999,
0.20417755842208862,471,588049,
0.02753204107284546,471,588099,
0.20959627628326416,471,588149,
0.15332329273223877,471,588199,
0.07581508159637451,471,588249,
0.28309839963912964,471,588299,
0.08925342559814453,471,588349,
0.15871119499206543,471,588399,
0.02529078722000122,471,588449,
0.19868212938308716,471,588499,
0.13070225715637207,471,588549,
0.16357266902923584,471,588599,
0.20617318153381348,471,588649,
0.1539713740348816,471,588699,
0.1652299165725708,471,588749,
0.08727425336837769,471,588799,
0.09947466850280762,471,588849,
0.10274392366409302,471,588899,
0.09496062994003296,471,588949,
0.08480936288833618,471,588999,
0.09114205837249756,471,589049,
,471,589055,0.6709953546524048
0.1671561598777771,472,589099,
0.16282117366790771,472,589149,
0.16453176736831665,472,589199,
0.02814692258834839,472,589249,
0.22019332647323608,472,589299,
0.23723965883255005,472,589349,
0.07991147041320801,472,589399,
0.08641719818115234,472,589449,
0.12736618518829346,472,589499,
0.019223570823669434,472,589549,
0.049916744232177734,472,589599,
0.14758342504501343,472,589649,
0.24823510646820068,472,589699,
0.12287378311157227,472,589749,
0.08357107639312744,472,589799,
0.0899626612663269,472,589849,
0.13635683059692383,472,589899,
0.28777092695236206,472,589949,
0.2124919295310974,472,589999,
0.26820290088653564,472,590049,
0.22230327129364014,472,590099,
0.19683551788330078,472,590149,
0.16088390350341797,472,590199,
0.3254423141479492,472,590249,
0.09101647138595581,472,590299,
,472,590303,0.6745906472206116
0.18364715576171875,473,590349,
0.10474073886871338,473,590399,
0.24377739429473877,473,590449,
0.3250278830528259,473,590499,
0.29989302158355713,473,590549,
0.21175885200500488,473,590599,
0.06549566984176636,473,590649,
0.19587814807891846,473,590699,
0.21740031242370605,473,590749,
0.08206921815872192,473,590799,
0.08259254693984985,473,590849,
0.1019906997680664,473,590899,
0.0903695821762085,473,590949,
0.16668462753295898,473,590999,
0.09771686792373657,473,591049,
0.2171766757965088,473,591099,
0.44342827796936035,473,591149,
0.41145461797714233,473,591199,
0.11134219169616699,473,591249,
0.25908368825912476,473,591299,
0.17582404613494873,473,591349,
0.13774776458740234,473,591399,
0.15268152952194214,473,591449,
0.1581670045852661,473,591499,
0.11106365919113159,473,591549,
,473,591551,0.6734791994094849
0.34939825534820557,474,591599,
0.06703513860702515,474,591649,
0.2717550992965698,474,591699,
0.020571410655975342,474,591749,
0.09832221269607544,474,591799,
0.09838813543319702,474,591849,
0.11294025182723999,474,591899,
0.07015866041183472,474,591949,
0.09944480657577515,474,591999,
0.3149220943450928,474,592049,
0.2653781771659851,474,592099,
0.16663497686386108,474,592149,
0.11162775754928589,474,592199,
0.2395157814025879,474,592249,
0.14934462308883667,474,592299,
0.10222822427749634,474,592349,
0.2673279643058777,474,592399,
0.028262436389923096,474,592449,
0.1448580026626587,474,592499,
0.11288517713546753,474,592549,
0.141044020652771,474,592599,
0.19813120365142822,474,592649,
0.21693843603134155,474,592699,
0.10303497314453125,474,592749,
0.11099731922149658,474,592799,
,474,592799,0.671309769153595
0.13023531436920166,475,592849,
0.10997676849365234,475,592899,
0.23978352546691895,475,592949,
0.22181499004364014,475,592999,
0.04588884115219116,475,593049,
0.21627849340438843,475,593099,
0.0918535590171814,475,593149,
0.07472318410873413,475,593199,
0.08752280473709106,475,593249,
0.09617668390274048,475,593299,
0.0421566367149353,475,593349,
0.1582275629043579,475,593399,
0.15283143520355225,475,593449,
0.5236065983772278,475,593499,
0.24744969606399536,475,593549,
0.13397300243377686,475,593599,
0.23287737369537354,475,593649,
0.06506282091140747,475,593699,
0.15309244394302368,475,593749,
0.133958637714386,475,593799,
0.1154015064239502,475,593849,
0.03472018241882324,475,593899,
0.08310866355895996,475,593949,
0.15107131004333496,475,593999,
,475,594047,0.6695944666862488
0.2835184335708618,476,594049,
0.03373372554779053,476,594099,
0.018393993377685547,476,594149,
0.33341991901397705,476,594199,
0.18949288129806519,476,594249,
0.10167306661605835,476,594299,
0.09917068481445312,476,594349,
0.3432796001434326,476,594399,
0.16205757856369019,476,594449,
0.3278794288635254,476,594499,
0.2054721713066101,476,594549,
0.14784038066864014,476,594599,
0.18994289636611938,476,594649,
0.17025530338287354,476,594699,
0.14085829257965088,476,594749,
0.33032965660095215,476,594799,
0.09397518634796143,476,594849,
0.031130313873291016,476,594899,
0.15267759561538696,476,594949,
0.29149025678634644,476,594999,
0.2632938027381897,476,595049,
0.2452945113182068,476,595099,
0.10787516832351685,476,595149,
0.1347823143005371,476,595199,
0.08779412508010864,476,595249,
,476,595295,0.6697654128074646
0.2322503924369812,477,595299,
0.2011127471923828,477,595349,
0.2525012493133545,477,595399,
0.12188565731048584,477,595449,
0.1007184386253357,477,595499,
0.2281639575958252,477,595549,
0.11990684270858765,477,595599,
0.08058834075927734,477,595649,
0.13211703300476074,477,595699,
0.20807069540023804,477,595749,
0.22041165828704834,477,595799,
0.26740002632141113,477,595849,
0.15355390310287476,477,595899,
0.20614564418792725,477,595949,
0.22614526748657227,477,595999,
0.28053826093673706,477,596049,
0.16128528118133545,477,596099,
0.20155709981918335,477,596149,
0.20308226346969604,477,596199,
0.2664792537689209,477,596249,
0.13604122400283813,477,596299,
0.09906589984893799,477,596349,
0.19208800792694092,477,596399,
0.26097190380096436,477,596449,
0.20148050785064697,477,596499,
,477,596543,0.669981062412262
0.2117655873298645,478,596549,
0.16568303108215332,478,596599,
0.225269615650177,478,596649,
0.3045749068260193,478,596699,
0.13907277584075928,478,596749,
0.20920926332473755,478,596799,
0.16300958395004272,478,596849,
0.08207982778549194,478,596899,
0.2202724814414978,478,596949,
0.1917935609817505,478,596999,
0.1279481053352356,478,597049,
0.016411006450653076,478,597099,
0.22257274389266968,478,597149,
0.07111901044845581,478,597199,
0.28383922576904297,478,597249,
0.16791415214538574,478,597299,
0.20975488424301147,478,597349,
0.21467989683151245,478,597399,
0.30809706449508667,478,597449,
0.3432425856590271,478,597499,
0.28505873680114746,478,597549,
0.16777026653289795,478,597599,
0.0761713981628418,478,597649,
0.24532020092010498,478,597699,
0.1726279854774475,478,597749,
,478,597791,0.6693934798240662
0.22040903568267822,479,597799,
0.0711890459060669,479,597849,
0.12274253368377686,479,597899,
0.34525585174560547,479,597949,
0.0977124571800232,479,597999,
0.14536935091018677,479,598049,
0.25977593660354614,479,598099,
0.3287692666053772,479,598149,
0.17587465047836304,479,598199,
0.015529096126556396,479,598249,
0.24740523099899292,479,598299,
0.19530296325683594,479,598349,
0.15129095315933228,479,598399,
0.1960219144821167,479,598449,
0.11698305606842041,479,598499,
0.07183617353439331,479,598549,
0.20944058895111084,479,598599,
0.1849682331085205,479,598649,
0.11041569709777832,479,598699,
0.1702505350112915,479,598749,
0.0908859372138977,479,598799,
0.08156073093414307,479,598849,
0.2865179777145386,479,598899,
0.10494440793991089,479,598949,
0.3605992794036865,479,598999,
,479,599039,0.6715607047080994
0.2773604989051819,480,599049,
0.14089429378509521,480,599099,
0.01654684543609619,480,599149,
0.253773033618927,480,599199,
0.10901820659637451,480,599249,
0.10133647918701172,480,599299,
0.09385561943054199,480,599349,
0.1440279483795166,480,599399,
0.01792287826538086,480,599449,
0.2220669984817505,480,599499,
0.27282100915908813,480,599549,
0.06316941976547241,480,599599,
0.09385943412780762,480,599649,
0.2614637613296509,480,599699,
0.14429885149002075,480,599749,
0.16315233707427979,480,599799,
0.09625488519668579,480,599849,
0.20775187015533447,480,599899,
0.12900769710540771,480,599949,
0.26201432943344116,480,599999,
0.11519134044647217,480,600049,
0.13207638263702393,480,600099,
0.22764533758163452,480,600149,
0.14399826526641846,480,600199,
0.0882994532585144,480,600249,
,480,600287,0.6720100045204163
0.08686220645904541,481,600299,
0.17379474639892578,481,600349,
0.16607284545898438,481,600399,
0.10583007335662842,481,600449,
0.08794701099395752,481,600499,
0.08668583631515503,481,600549,
0.21969467401504517,481,600599,
0.19421321153640747,481,600649,
0.09488052129745483,481,600699,
0.16847825050354004,481,600749,
0.26188236474990845,481,600799,
0.21312987804412842,481,600849,
0.23330074548721313,481,600899,
0.014805614948272705,481,600949,
0.11773115396499634,481,600999,
0.1592036485671997,481,601049,
0.14953112602233887,481,601099,
0.25545257329940796,481,601149,
0.2820727825164795,481,601199,
0.10323351621627808,481,601249,
0.22917300462722778,481,601299,
0.3148283362388611,481,601349,
0.3395128846168518,481,601399,
0.08455276489257812,481,601449,
0.17053842544555664,481,601499,
,481,601535,0.6694492101669312
0.14828383922576904,482,601549,
0.030461430549621582,482,601599,
0.2954121232032776,482,601649,
0.08158129453659058,482,601699,
0.23853683471679688,482,601749,
0.0824386477470398,482,601799,
0.20109814405441284,482,601849,
0.09326130151748657,482,601899,
0.32781505584716797,482,601949,
0.2088252305984497,482,601999,
0.10486745834350586,482,602049,
0.08335697650909424,482,602099,
0.15354901552200317,482,602149,
0.19015192985534668,482,602199,
0.17812353372573853,482,602249,
0.17363190650939941,482,602299,
0.21510589122772217,482,602349,
0.1359192132949829,482,602399,
0.3214930295944214,482,602449,
0.121212899684906,482,602499,
0.2147430181503296,482,602549,
0.13896560668945312,482,602599,
0.11141663789749146,482,602649,
0.15661102533340454,482,602699,
0.12757152318954468,482,602749,
,482,602783,0.671072781085968
0.3497996926307678,483,602799,
0.16964322328567505,483,602849,
0.06746989488601685,483,602899,
0.2475336790084839,483,602949,
0.05909848213195801,483,602999,
0.220747172832489,483,603049,
0.09755325317382812,483,603099,
0.11384892463684082,483,603149,
0.19659572839736938,483,603199,
0.27417975664138794,483,603249,
0.27610892057418823,483,603299,
0.16191047430038452,483,603349,
0.2973483204841614,483,603399,
0.11314564943313599,483,603449,
0.11969566345214844,483,603499,
0.32422733306884766,483,603549,
0.1638762354850769,483,603599,
0.218022882938385,483,603649,
0.15700894594192505,483,603699,
0.12501782178878784,483,603749,
0.08350133895874023,483,603799,
0.32017529010772705,483,603849,
0.02308487892150879,483,603899,
0.15987366437911987,483,603949,
0.23506271839141846,483,603999,
,483,604031,0.6696679592132568
0.1457849144935608,484,604049,
0.1424434781074524,484,604099,
0.2097024917602539,484,604149,
0.20258909463882446,484,604199,
0.19696009159088135,484,604249,
0.14576995372772217,484,604299,
0.15857934951782227,484,604349,
0.13900375366210938,484,604399,
0.11189842224121094,484,604449,
0.2134084701538086,484,604499,
0.13628017902374268,484,604549,
0.23865580558776855,484,604599,
0.04322552680969238,484,604649,
0.2417864203453064,484,604699,
0.30634647607803345,484,604749,
0.4317631125450134,484,604799,
0.33957672119140625,484,604849,
0.07492035627365112,484,604899,
0.16331005096435547,484,604949,
0.15508854389190674,484,604999,
0.04588127136230469,484,605049,
0.16052305698394775,484,605099,
0.20756655931472778,484,605149,
0.21217483282089233,484,605199,
0.19970780611038208,484,605249,
,484,605279,0.6711000204086304
0.1409149169921875,485,605299,
0.18335652351379395,485,605349,
0.18494194746017456,485,605399,
0.35649120807647705,485,605449,
0.02348119020462036,485,605499,
0.154555082321167,485,605549,
0.22515827417373657,485,605599,
0.15780067443847656,485,605649,
0.2132723331451416,485,605699,
0.029089927673339844,485,605749,
0.19295012950897217,485,605799,
0.11032497882843018,485,605849,
0.2706837058067322,485,605899,
0.11862969398498535,485,605949,
0.23482739925384521,485,605999,
0.20018315315246582,485,606049,
0.11887484788894653,485,606099,
0.14342278242111206,485,606149,
0.03130286931991577,485,606199,
0.08068019151687622,485,606249,
0.22760123014450073,485,606299,
0.1921771764755249,485,606349,
0.19725298881530762,485,606399,
0.34136199951171875,485,606449,
0.22124183177947998,485,606499,
,485,606527,0.6724063754081726
0.22679978609085083,486,606549,
0.14442819356918335,486,606599,
0.2554004192352295,486,606649,
0.10435688495635986,486,606699,
0.1912999153137207,486,606749,
0.2043876051902771,486,606799,
0.16371369361877441,486,606849,
0.0873597264289856,486,606899,
0.016538619995117188,486,606949,
0.158338725566864,486,606999,
0.11357074975967407,486,607049,
0.15308254957199097,486,607099,
0.11819279193878174,486,607149,
0.16376358270645142,486,607199,
0.1379305124282837,486,607249,
0.12945181131362915,486,607299,
0.03512686491012573,486,607349,
0.14358967542648315,486,607399,
0.21248358488082886,486,607449,
0.17596840858459473,486,607499,
0.15517175197601318,486,607549,
0.2793892025947571,486,607599,
0.09424060583114624,486,607649,
0.136990487575531,486,607699,
0.17497742176055908,486,607749,
,486,607775,0.6687577366828918
0.142034649848938,487,607799,
0.2845367193222046,487,607849,
0.0951775312423706,487,607899,
0.03360462188720703,487,607949,
0.2481759786605835,487,607999,
0.09255850315093994,487,608049,
0.1502314805984497,487,608099,
0.21758335828781128,487,608149,
0.08117395639419556,487,608199,
0.20209914445877075,487,608249,
0.08018225431442261,487,608299,
0.21401214599609375,487,608349,
0.03927445411682129,487,608399,
0.1676483154296875,487,608449,
0.07887345552444458,487,608499,
0.20061826705932617,487,608549,
0.18627607822418213,487,608599,
0.08282893896102905,487,608649,
0.21608328819274902,487,608699,
0.04386800527572632,487,608749,
0.2313430905342102,487,608799,
0.29168981313705444,487,608849,
0.10180962085723877,487,608899,
0.14667361974716187,487,608949,
0.16145944595336914,487,608999,
,487,609023,0.6695600748062134
0.18620342016220093,488,609049,
0.25558215379714966,488,609099,
0.18582183122634888,488,609149,
0.08430898189544678,488,609199,
0.09739243984222412,488,609249,
0.19783765077590942,488,609299,
0.08232545852661133,488,609349,
0.22712814807891846,488,609399,
0.09740263223648071,488,609449,
0.14854997396469116,488,609499,
0.2606303095817566,488,609549,
0.04724758863449097,488,609599,
0.31539618968963623,488,609649,
0.05626100301742554,488,609699,
0.18994587659835815,488,609749,
0.10984665155410767,488,609799,
0.1474595069885254,488,609849,
0.25890636444091797,488,609899,
0.15991491079330444,488,609949,
0.08287829160690308,488,609999,
0.22332721948623657,488,610049,
0.32046687602996826,488,610099,
0.19712626934051514,488,610149,
0.14670109748840332,488,610199,
0.17196404933929443,488,610249,
,488,610271,0.6695998907089233
0.09094834327697754,489,610299,
0.15950936079025269,489,610349,
0.061141252517700195,489,610399,
0.16750025749206543,489,610449,
0.08726435899734497,489,610499,
0.08389180898666382,489,610549,
0.19707196950912476,489,610599,
0.16647255420684814,489,610649,
0.20375466346740723,489,610699,
0.09616363048553467,489,610749,
0.01238793134689331,489,610799,
0.06871217489242554,489,610849,
0.027004122734069824,489,610899,
0.08193731307983398,489,610949,
0.03143811225891113,489,610999,
0.22998261451721191,489,611049,
0.1695144772529602,489,611099,
0.20591747760772705,489,611149,
0.37577497959136963,489,611199,
0.20148497819900513,489,611249,
0.14931052923202515,489,611299,
0.0754462480545044,489,611349,
0.139992356300354,489,611399,
0.17577600479125977,489,611449,
0.13075214624404907,489,611499,
,489,611519,0.6684074401855469
0.16462117433547974,490,611549,
0.0791325569152832,490,611599,
0.19203054904937744,490,611649,
0.2835206985473633,490,611699,
0.1378774642944336,490,611749,
0.10459041595458984,490,611799,
0.1344863772392273,490,611849,
0.17671042680740356,490,611899,
0.1493024230003357,490,611949,
0.08207535743713379,490,611999,
0.12159091234207153,490,612049,
0.0932653546333313,490,612099,
0.09081637859344482,490,612149,
0.16446155309677124,490,612199,
0.02482151985168457,490,612249,
0.10772716999053955,490,612299,
0.28334659337997437,490,612349,
0.185519278049469,490,612399,
0.01834118366241455,490,612449,
0.20681285858154297,490,612499,
0.11805939674377441,490,612549,
0.20055097341537476,490,612599,
0.11165332794189453,490,612649,
0.1361086368560791,490,612699,
0.23356425762176514,490,612749,
,490,612767,0.6721850633621216
0.07882833480834961,491,612799,
0.26797807216644287,491,612849,
0.16772693395614624,491,612899,
0.31745368242263794,491,612949,
0.17931175231933594,491,612999,
0.08758378028869629,491,613049,
0.1476149559020996,491,613099,
0.1477087140083313,491,613149,
0.08677083253860474,491,613199,
0.22307902574539185,491,613249,
0.2141372561454773,491,613299,
0.11337482929229736,491,613349,
0.13342416286468506,491,613399,
0.21353602409362793,491,613449,
0.27402597665786743,491,613499,
0.29693251848220825,491,613549,
0.0370638370513916,491,613599,
0.07298886775970459,491,613649,
0.13382434844970703,491,613699,
0.1601172685623169,491,613749,
0.16901713609695435,491,613799,
0.08739745616912842,491,613849,
0.12312591075897217,491,613899,
0.07342952489852905,491,613949,
0.09780335426330566,491,613999,
,491,614015,0.6744446158409119
0.2050495147705078,492,614049,
0.16160744428634644,492,614099,
0.24806052446365356,492,614149,
0.19665080308914185,492,614199,
0.12022978067398071,492,614249,
0.23966658115386963,492,614299,
0.10032284259796143,492,614349,
0.10016047954559326,492,614399,
0.21525460481643677,492,614449,
0.020432710647583008,492,614499,
0.09410101175308228,492,614549,
0.12978017330169678,492,614599,
0.22756606340408325,492,614649,
0.10463374853134155,492,614699,
0.08643805980682373,492,614749,
0.09930360317230225,492,614799,
0.08055663108825684,492,614849,
0.05655735731124878,492,614899,
0.07822632789611816,492,614949,
0.127907395362854,492,614999,
0.13353806734085083,492,615049,
0.11263316869735718,492,615099,
0.2561191916465759,492,615149,
0.13492143154144287,492,615199,
0.2989739775657654,492,615249,
,492,615263,0.672979474067688
0.2597459554672241,493,615299,
0.1338542103767395,493,615349,
0.1499873399734497,493,615399,
0.013417482376098633,493,615449,
0.33688080310821533,493,615499,
0.11857634782791138,493,615549,
0.1024962067604065,493,615599,
0.23218458890914917,493,615649,
0.11296689510345459,493,615699,
0.19156509637832642,493,615749,
0.1622554063796997,493,615799,
0.19341802597045898,493,615849,
0.13817107677459717,493,615899,
0.15291720628738403,493,615949,
0.14415103197097778,493,615999,
0.2517209053039551,493,616049,
0.16377192735671997,493,616099,
0.07536238431930542,493,616149,
0.08262073993682861,493,616199,
0.24717861413955688,493,616249,
0.10665130615234375,493,616299,
0.3081831932067871,493,616349,
0.1659632921218872,493,616399,
0.22389250993728638,493,616449,
0.30412179231643677,493,616499,
,493,616511,0.6719273328781128
0.06863033771514893,494,616549,
0.2314305305480957,494,616599,
0.21320557594299316,494,616649,
0.14452797174453735,494,616699,
0.36103034019470215,494,616749,
0.15614646673202515,494,616799,
0.13223528861999512,494,616849,
0.14454436302185059,494,616899,
0.212601900100708,494,616949,
0.15363526344299316,494,616999,
0.20958083868026733,494,617049,
0.13363128900527954,494,617099,
0.19402003288269043,494,617149,
0.21019726991653442,494,617199,
0.12024152278900146,494,617249,
0.10185205936431885,494,617299,
0.22849905490875244,494,617349,
0.167283296585083,494,617399,
0.23911124467849731,494,617449,
0.21516519784927368,494,617499,
0.22953593730926514,494,617549,
0.1254972219467163,494,617599,
0.3419889211654663,494,617649,
0.18199199438095093,494,617699,
0.15155863761901855,494,617749,
,494,617759,0.671277642250061
0.13950341939926147,495,617799,
0.024448871612548828,495,617849,
0.027149736881256104,495,617899,
0.10972422361373901,495,617949,
0.3314734697341919,495,617999,
0.230948805809021,495,618049,
0.18762928247451782,495,618099,
0.11344945430755615,495,618149,
0.073769211769104,495,618199,
0.27502596378326416,495,618249,
0.08215075731277466,495,618299,
0.1501387357711792,495,618349,
0.09357202053070068,495,618399,
0.08524513244628906,495,618449,
0.09265744686126709,495,618499,
0.12236124277114868,495,618549,
0.2483910322189331,495,618599,
0.02590954303741455,495,618649,
0.1652514934539795,495,618699,
0.26859843730926514,495,618749,
0.24438881874084473,495,618799,
0.27073609828948975,495,618849,
0.2341688871383667,495,618899,
0.18379920721054077,495,618949,
0.09108459949493408,495,618999,
,495,619007,0.6788642406463623
0.17716950178146362,496,619049,
0.09505414962768555,496,619099,
0.07181018590927124,496,619149,
0.32489240169525146,496,619199,
0.08652538061141968,496,619249,
0.020611226558685303,496,619299,
0.19832134246826172,496,619349,
0.22571837902069092,496,619399,
0.03087371587753296,496,619449,
0.14952093362808228,496,619499,
0.038562655448913574,496,619549,
0.02725774049758911,496,619599,
0.27293485403060913,496,619649,
0.09180426597595215,496,619699,
0.2041088342666626,496,619749,
0.08368092775344849,496,619799,
0.41609418392181396,496,619849,
0.2597910165786743,496,619899,
0.033864498138427734,496,619949,
0.22804778814315796,496,619999,
0.10681205987930298,496,620049,
0.20238661766052246,496,620099,
0.08218896389007568,496,620149,
0.06757879257202148,496,620199,
0.17478638887405396,496,620249,
,496,620255,0.6696775555610657
0.09265351295471191,497,620299,
0.0484735369682312,497,620349,
0.08183693885803223,497,620399,
0.08815562725067139,497,620449,
0.26298171281814575,497,620499,
0.10794007778167725,497,620549,
0.08422386646270752,497,620599,
0.1114358901977539,497,620649,
0.31122177839279175,497,620699,
0.25555896759033203,497,620749,
0.04353892803192139,497,620799,
0.18557018041610718,497,620849,
0.07704955339431763,497,620899,
0.07984167337417603,497,620949,
0.30066776275634766,497,620999,
0.13129109144210815,497,621049,
0.18336111307144165,497,621099,
0.11719238758087158,497,621149,
0.1484743356704712,497,621199,
0.13626426458358765,497,621249,
0.09206598997116089,497,621299,
0.3257881999015808,497,621349,
0.21426922082901,497,621399,
0.22518759965896606,497,621449,
0.14769738912582397,497,621499,
,497,621503,0.6692237257957458
0.11726111173629761,498,621549,
0.061739563941955566,498,621599,
0.2520211935043335,498,621649,
0.09595978260040283,498,621699,
0.22495734691619873,498,621749,
0.15704119205474854,498,621799,
0.01625269651412964,498,621849,
0.08829402923583984,498,621899,
0.09695422649383545,498,621949,
0.1266690492630005,498,621999,
0.14143240451812744,498,622049,
0.15061312913894653,498,622099,
0.08155816793441772,498,622149,
0.09450554847717285,498,622199,
0.22738349437713623,498,622249,
0.08677017688751221,498,622299,
0.03616476058959961,498,622349,
0.13758283853530884,498,622399,
0.03788357973098755,498,622449,
0.08897888660430908,498,622499,
0.2945970296859741,498,622549,
0.1286126971244812,498,622599,
0.2348460555076599,498,622649,
0.0992467999458313,498,622699,
0.19038128852844238,498,622749,
,498,622751,0.6690632104873657
0.1763795018196106,499,622799,
0.1664334535598755,499,622849,
0.22811704874038696,499,622899,
0.22028815746307373,499,622949,
0.20059823989868164,499,622999,
0.07326781749725342,499,623049,
0.13555991649627686,499,623099,
0.20130705833435059,499,623149,
0.19369101524353027,499,623199,
0.020905673503875732,499,623249,
0.21616774797439575,499,623299,
0.1462157964706421,499,623349,
0.32992035150527954,499,623399,
0.381397008895874,499,623449,
0.14152014255523682,499,623499,
0.4904744029045105,499,623549,
0.13338881731033325,499,623599,
0.14902400970458984,499,623649,
0.10349935293197632,499,623699,
0.029911935329437256,499,623749,
0.07259315252304077,499,623799,
0.09808647632598877,499,623849,
0.13408440351486206,499,623899,
0.14171695709228516,499,623949,
0.0760565996170044,499,623999,
,499,623999,0.6693639159202576
