y_true,y_pred,assay_id
7.85,2.1172786,17720
7.75,-1.9702351,17720
7.52,0.5163661,17720
7.25,-1.2801293,17720
7.19,0.29077077,17720
7.13,-1.8892055,17720
6.92,-1.6493814,17720
6.85,-1.3064373,17720
6.84,-3.2258525,17720
5.96,-2.1527689,17720
5.96,-6.21224,17720
5.23,-9.032676,17720
4.95,-5.456702,17720
4.0,-5.0096226,5075
8.8,1.5773457,14472
8.7,0.27462325,14472
8.52,2.80472,14472
8.47,0.13598275,14472
8.42,3.0784762,14472
8.18,4.6112432,14472
8.17,3.3219817,14472
8.15,1.3428308,14472
7.53,0.09920792,14472
5.53,-3.2492716,134
10.22,3.2205298,7315
9.3,3.9478605,7315
8.3,2.1613488,7315
8.15,2.3867633,7315
8.05,-2.9772644,7315
7.62,-3.2825172,7315
6.28,0.48592168,7315
6.0,-0.373983,7315
5.8,0.27663943,7315
5.31,-3.6378672,8393
5.27,-1.7644238,8393
6.12,1.2132727,11705
9.7,3.6749303,6274
9.7,4.2135763,6274
9.52,4.8469357,6274
9.52,5.6962104,6274
9.4,3.1567185,6274
9.4,4.0763326,6274
9.4,5.3352165,6274
9.4,1.4460139,6274
9.4,1.8449693,6274
9.4,1.3046694,6274
9.3,1.4740052,6274
9.3,3.2740836,6274
9.3,6.7898927,6274
9.22,5.364889,6274
9.22,6.3550467,6274
9.15,5.1193895,6274
9.05,-1.1414189,6274
9.0,5.797569,6274
8.85,3.8024013,6274
8.85,5.0158987,6274
8.85,1.9465402,6274
8.85,4.079484,6274
8.85,5.9458785,6274
8.85,3.3026392,6274
8.85,0.08197882,6274
8.82,3.679167,6274
8.82,3.881777,6274
8.82,4.429314,6274
8.82,5.0805864,6274
8.82,2.6478074,6274
8.82,2.3498764,6274
8.82,0.9527565,6274
8.74,6.9937167,6274
8.48,3.143504,6274
8.25,3.6786168,6274
8.18,1.2388957,6274
8.17,2.7622025,6274
8.15,4.553538,6274
8.15,2.395172,6274
8.12,-0.26650593,6274
8.12,2.080583,6274
8.11,5.3805423,6274
8.07,2.1744812,6274
8.05,5.0857244,6274
8.05,0.4092036,6274
8.01,1.5699414,6274
7.94,0.18636736,6274
7.93,4.0350146,6274
7.82,-2.5997105,6274
7.68,-1.3968545,6274
7.4,-1.318627,6274
7.4,-1.6139966,6274
7.4,-2.5050762,6274
7.24,-2.6144438,6274
7.16,1.2649509,6274
7.16,-1.6581688,6274
6.96,-0.9231099,6274
6.88,0.08197882,6274
6.83,-2.501251,6274
6.55,-3.884129,6274
7.21,-3.0861099,1684
6.96,-4.3669825,1684
6.85,1.3586602,1684
6.85,-5.1720243,1684
6.75,-3.6540923,1684
6.7,-3.5963635,1684
6.64,-0.47169283,1684
6.6,-2.6800616,1684
6.6,-2.3368037,1684
6.58,-3.5789762,1684
6.58,-0.2502211,1684
6.36,-2.5993266,1684
6.3,-2.7634969,1684
6.18,-0.27814955,1684
6.16,-5.7317734,1684
6.11,-0.12942995,1684
6.09,-0.17414199,1684
6.07,-4.3841906,1684
6.07,-0.3607419,1684
6.06,-1.7475368,1684
6.05,-2.499116,1684
6.0,-2.0413005,1684
6.0,-3.4039438,1684
5.96,-0.67044866,1684
5.89,-3.4471328,1684
5.87,-3.0223691,1684
5.28,-4.8145576,1684
5.21,-4.744584,1684
5.14,-0.4591827,1684
5.05,-0.19432616,1684
5.04,-0.39906117,1684
7.04,-0.88097405,11435
9.15,3.6971767,4027
9.03,2.380606,4027
8.85,2.688986,4027
8.54,-2.3471146,4027
8.4,4.468089,4027
8.35,1.9434766,4027
8.27,4.7044578,4027
8.03,0.19308901,4027
7.8,3.8965452,4027
7.46,0.9749056,4027
8.4,3.0407076,2796
8.1,1.076288,2796
7.7,3.3832664,2796
7.6,3.333983,2796
7.6,2.464742,2796
7.6,2.5618768,2796
7.51,-0.4461569,2796
7.4,0.50510454,2796
7.3,2.4516087,2796
7.1,-1.1835524,2796
6.89,0.60329354,2796
4.98,-1.9880588,1521
9.55,1.356533,8776
9.14,0.10955852,8776
9.04,-0.1369605,8776
9.0,2.328693,8776
8.97,1.3132666,8776
8.97,2.490716,8776
8.97,-0.7266358,8776
8.94,2.3305516,8776
8.93,2.4298024,8776
8.92,1.5313512,8776
8.91,-0.06918107,8776
8.88,0.044797573,8776
8.75,2.9875634,8776
8.74,1.383791,8776
8.71,1.0200217,8776
8.64,2.602588,8776
8.63,-0.1561948,8776
8.51,-0.09555229,8776
8.45,-0.09555229,8776
8.34,0.038684286,8776
7.97,-0.1561948,8776
6.7,3.1631684,8776
5.8,-0.405105,2266
7.14,-3.078416,14227
7.01,-1.1497669,14227
6.97,-2.110273,14227
6.41,-4.050506,14227
8.96,5.0847383,940
8.8,5.0647163,940
8.74,2.4306297,940
8.47,-0.8830409,940
8.46,0.06640797,940
8.26,0.94607055,940
7.8,-2.2097447,940
7.68,-0.643744,940
7.66,1.7258941,940
7.55,0.7477833,940
7.54,0.2790595,940
6.62,-1.0239213,940
6.37,-3.5137002,940
5.54,-2.7894177,940
5.13,-0.2184807,9059
6.16,-0.8138145,14758
5.7,-3.89311,14758
8.6,0.40475607,3774
5.32,-0.24546519,3989
6.7,0.3793158,17251
5.89,-0.047727555,17251
5.35,-1.1517423,17251
7.79,-1.7753104,4917
7.66,1.250293,4917
7.64,0.74196327,4917
7.64,-1.3750886,4917
7.57,-1.8532999,4917
7.55,-1.3984779,4917
7.52,-1.7116084,4917
7.25,-0.69513977,4917
7.2,-4.7618604,4917
7.18,-3.3104398,4917
8.94,-2.4695477,15772
6.72,1.2387621,1830
5.31,1.985972,1830
9.01,-1.368067,7287
8.62,-0.18468663,7287
8.28,-0.19910222,7287
8.21,1.3596632,7287
8.21,0.39024806,7287
8.14,-1.2120762,7287
8.07,-0.09362328,7287
8.05,-0.4799061,7287
7.9,-4.835681,7287
7.83,-1.9013033,7287
7.8,1.484977,7287
7.76,0.09812799,7287
7.75,1.279266,7287
7.72,1.2616622,7287
7.7,-3.373713,7287
7.66,-4.5059323,7287
7.58,-4.775256,7287
7.57,-0.35603613,7287
7.56,-0.6168901,7287
7.47,-3.3474934,7287
7.38,2.47983,7287
7.36,-0.29726258,7287
7.25,0.1980615,7287
7.23,-0.07105481,7287
7.13,-5.0558434,7287
7.03,-2.613009,7287
6.98,-2.238242,7287
6.87,-4.6863923,7287
6.84,-4.9903097,7287
6.83,-2.3867986,7287
6.79,-0.78226495,7287
6.72,-2.218889,7287
6.35,0.7936424,7287
8.44,0.37855098,9952
6.17,-1.8698684,8643
8.32,-2.0524101,15320
5.97,-0.8769616,8547
9.0,0.8527012,2360
8.1,-3.0380056,17106
8.05,-1.3195918,17106
7.85,-1.3338069,17106
7.48,-1.3195918,17106
7.37,-2.3226283,17106
7.31,-2.3226283,17106
7.28,-2.2672894,17106
6.89,-1.3338069,17106
6.88,-3.0380056,17106
6.64,-2.2672894,17106
5.7,-2.8012407,5859
5.69,-4.952079,5859
5.69,-4.819441,5859
5.68,-1.7208073,5859
5.67,-4.8848557,5859
5.66,-5.236818,5859
5.52,-4.786553,5859
5.43,-4.4519563,5859
5.43,-5.5439715,5859
5.39,-5.047681,5859
5.38,-6.030582,5859
5.37,-2.8067625,5859
5.36,-3.6799629,5859
5.33,-1.2841673,5859
5.29,-5.2591352,5859
5.23,-4.667245,5859
5.14,-4.3040614,5859
5.13,-7.626685,5859
5.13,-3.5392606,5859
5.04,-4.1003284,5859
5.01,-3.5446384,5859
5.01,-4.164458,5859
4.99,-6.120579,5859
4.97,-4.8954225,5859
4.96,-3.966609,5859
4.88,-4.6098566,5859
4.88,-3.5959852,5859
4.82,-3.8097844,5859
4.74,-2.6866632,5859
4.72,-7.6461225,5859
4.63,-6.3835945,5859
4.54,-4.96658,5859
4.52,-4.3259873,5859
4.5,-5.820449,5859
4.48,-5.0271974,5859
4.38,-3.9834063,5859
6.6,1.5399754,11414
5.41,-2.5873344,11414
4.77,-0.64558446,11414
4.75,-1.1485641,11414
7.1,-1.4391347,141
6.38,-4.674166,141
6.28,-4.4820166,141
6.17,-0.6306745,141
6.13,-3.294062,141
5.39,-4.7605367,141
5.89,-4.924165,16860
6.91,-2.7020547,13543
6.91,-1.5875348,13543
9.03,1.0380688,3454
9.01,5.3972516,3454
8.95,1.4959955,3454
8.91,0.3208616,3454
8.71,0.639948,3454
8.66,5.6814475,3454
8.29,-0.72629,3454
8.1,2.4507413,3454
8.01,2.322874,3454
7.97,3.5670352,3454
7.97,2.3302329,3454
7.94,1.7056946,3454
7.9,0.3136889,3454
7.85,-0.72629,3454
7.84,-0.51473105,3454
7.75,0.5132427,3454
7.73,-0.8795155,3454
7.6,-0.07291767,3454
7.53,1.5119777,3454
7.5,2.9771338,3454
7.48,0.24958476,3454
7.42,1.5973445,3454
7.41,4.3997817,3454
7.05,-0.08401357,3454
7.04,1.1898682,3454
7.02,2.0475066,3454
6.91,-2.329117,3454
6.89,-0.7366322,3454
6.69,-1.175176,3454
6.6,-0.5222776,3454
6.57,3.1921854,3454
6.48,0.58839846,3454
6.47,0.98282766,3454
6.47,1.1149665,3454
6.31,1.2655745,3454
6.18,0.8561944,3454
5.67,0.4689538,3454
7.51,0.11470003,14728
7.39,0.080367364,14728
7.33,1.979839,14728
7.96,-0.17079496,2233
7.5,-0.91682243,2233
7.17,1.1009738,2233
7.11,-3.1267736,2233
7.06,-3.903693,2233
4.23,-3.4651892,1854
5.23,-3.1194513,1616
6.04,-1.5636591,10869
5.04,-1.4385362,369
4.58,-1.6208267,3971
6.64,1.3232291,12113
6.43,-0.25118998,12113
6.38,-0.61624336,12113
6.21,1.674602,12113
5.84,0.5512197,12113
5.32,-2.0689063,12113
7.34,1.534452,4577
5.57,-2.0180194,5124
4.54,-2.1363122,5124
4.35,-5.2565975,5124
4.21,-5.500268,5124
6.34,0.8270848,7371
6.24,0.0705232,7371
6.23,0.11467889,7371
6.23,0.30709088,7371
6.22,0.5430608,7371
6.05,1.1729285,7371
5.54,-1.1906576,9432
5.52,-1.8143425,9432
7.05,-4.1183457,4120
7.0,-1.0957253,4120
6.96,-1.8148023,4120
6.96,-7.3657107,4120
6.96,-1.203502,4120
6.68,-4.827362,4120
6.64,-3.2931592,4120
6.22,-3.158005,4120
6.16,-6.0044875,4120
6.58,-1.0842408,901
6.39,-0.03222329,12613
6.51,-1.2499043,14730
8.85,3.1195862,4325
8.7,2.6061954,4325
8.68,3.9370189,4325
8.64,1.5333939,4325
8.57,2.4245036,4325
8.39,1.5080868,4325
8.39,5.190911,4325
8.24,2.926487,4325
8.24,4.4251556,4325
8.18,4.0653596,4325
8.16,2.7697253,4325
8.13,3.2608206,4325
8.11,2.2635293,4325
8.07,3.5858219,4325
8.0,3.82855,4325
7.97,5.4686236,4325
7.45,0.24748327,4325
7.42,2.1671565,4325
7.37,1.8359876,4325
6.74,-2.3675792,4325
6.59,-0.20846799,4325
6.4,0.24682784,4325
5.85,0.5504273,16405
8.17,0.92064893,7957
7.82,-0.24962825,2380
7.22,1.7776475,2380
5.18,0.71665204,2380
6.37,-3.5921245,4482
7.82,-1.7514434,17826
7.66,-2.0294144,17826
7.64,-1.0069004,17826
7.5,-3.1872246,17826
7.37,-1.7542528,17826
7.32,-3.792988,17826
7.27,-2.7262294,17826
7.23,-3.8512845,17826
7.18,-1.6945359,17826
7.17,-3.1697552,17826
7.12,-2.4911292,17826
7.1,0.68102396,17826
7.07,-3.1710682,17826
7.06,-2.2218354,17826
7.03,-2.395957,17826
7.03,-3.4678347,17826
6.92,-4.3123665,17826
6.82,-3.792988,17826
6.77,-2.5400486,17826
6.75,-3.047077,17826
6.7,-2.3850806,17826
6.6,-1.7024257,17826
6.58,-4.4361963,17826
6.57,-2.3542707,17826
6.52,-2.0177348,17826
6.5,-2.2944424,17826
6.5,-2.6954143,17826
6.46,0.07643074,17826
6.41,-2.3948214,17826
6.39,-0.13560458,17826
6.38,-2.179654,17826
6.37,-0.6736177,17826
6.37,-3.0193276,17826
6.28,-3.2934847,17826
6.24,-1.5828478,17826
6.21,0.34058082,17826
6.09,-4.5961895,17826
5.96,1.5666344,17826
5.93,0.9599385,17826
5.93,-0.6181141,17826
5.84,-2.3957753,17826
5.82,-1.1799597,17826
5.81,1.8510963,17826
5.8,-0.73502815,17826
5.79,-0.34960744,17826
5.7,-1.9932377,17826
5.65,0.16108951,17826
5.61,-0.97812414,17826
5.53,2.7994893,17826
5.46,3.7688425,17826
5.28,-1.3728125,17826
5.14,-2.024274,17826
7.01,-0.6888268,8100
6.84,-1.9158282,8100
6.47,-0.7159673,8100
6.45,3.2738879,8100
6.41,-0.92996,8100
7.1,2.1758468,14500
6.7,-4.0208607,14500
8.39,1.0676292,5270
8.17,1.0676292,5270
7.97,1.5921144,5270
7.87,1.5921144,5270
7.83,-0.27909786,5270
7.75,1.5921144,5270
7.54,0.9046445,5270
7.52,1.0676292,5270
7.46,1.3327363,5270
7.41,-2.3950746,5270
7.11,-0.735044,5270
7.05,-2.590913,5270
7.03,-2.125821,5270
6.96,-0.6296433,5270
7.34,-1.6935594,16482
7.27,0.16600324,16482
7.17,0.24017154,16482
7.03,1.2315236,16482
6.85,2.644164,16482
6.77,0.55858326,16482
6.75,1.3500624,16482
6.75,0.5350709,16482
6.57,1.455818,16482
6.41,-5.8924575,16482
6.26,-0.45596653,16482
6.11,-0.24904126,16482
5.89,1.5471374,16482
5.85,-1.757582,16482
5.6,0.1472,16482
5.51,-4.981181,16482
5.4,-3.2784505,16482
5.29,-4.4920473,16482
6.47,-0.105370596,11715
5.72,0.21716647,295
4.09,-3.0131614,13523
8.75,1.3908819,13571
8.43,1.5527254,10763
6.22,-2.8045979,16095
6.16,-1.0268792,16095
5.7,-0.34549704,16095
7.85,1.0341859,4310
7.3,-2.972861,7065
9.0,-0.7438706,13209
9.0,0.775223,13209
8.4,1.509554,13209
7.82,-2.5242863,13209
7.8,1.5680417,13209
7.77,-1.2884442,13209
7.55,-0.43368003,13209
7.44,-0.13710883,13209
7.43,-1.8314819,13209
7.31,-0.32710105,13209
6.91,0.39946204,13209
6.69,-1.8687756,13209
6.68,-4.3059125,13209
6.53,-2.844267,13209
6.48,-2.82442,13209
6.31,-0.7402189,13209
6.28,-0.13358808,13209
6.22,2.104164,13209
6.07,-0.10308556,13209
5.88,-1.1274912,13209
5.51,-4.4937577,13209
7.4,0.3401772,17072
7.27,-0.11956477,1032
7.27,0.9373325,1032
7.24,0.87878835,1031
7.24,0.9851116,1031
7.0,-0.8846011,15020
9.67,8.780216,14373
9.1,2.700558,14373
7.92,-1.3336968,14373
7.34,-6.002952,14373
6.83,-4.7160897,14373
6.58,0.5289159,12588
4.8,-1.1425605,16220
4.77,-2.005716,16220
7.79,2.3365746,13904
6.56,-1.1995232,13904
7.22,1.8806866,908
7.2,-2.9853485,908
7.18,-4.964107,908
7.11,-3.0252438,908
7.1,-0.07071904,908
7.06,-0.02462868,908
6.76,-0.92897487,908
6.72,-2.5000253,908
6.7,0.25171757,908
6.64,2.2934518,908
6.62,-2.3780124,908
6.58,-3.855092,908
6.34,-3.060514,908
6.0,-4.0795507,908
5.7,-1.8938408,908
4.82,-5.298163,908
4.82,-2.7138038,908
4.82,-5.756909,908
4.7,-6.082859,908
4.7,-3.5448287,908
4.7,-6.119595,908
4.7,-4.2742066,908
4.7,-4.8535166,908
4.7,-3.1002736,908
4.7,-6.909227,908
4.7,-4.362907,908
4.7,-4.044275,908
4.7,-2.793756,908
4.7,1.2536472,908
4.7,-2.2347374,908
4.7,-1.0914553,908
5.0,-2.8930833,4099
8.22,1.5501283,4824
7.08,3.6097279,4824
6.98,1.3920996,4824
6.92,1.7437724,4824
6.74,-1.5965436,4824
6.72,0.8259865,4824
6.54,-2.4100835,4824
6.52,5.307962,4824
6.17,-1.6482401,4824
6.02,-1.4086671,4824
6.01,-1.489507,4824
5.91,4.6514053,4824
5.82,4.946072,4824
5.76,2.877191,4824
5.74,-0.4109327,4824
6.54,-0.0006290134,30
8.96,3.5782752,10388
8.12,-0.84215796,10388
7.92,1.1520224,10388
7.49,0.041408017,10388
7.47,-0.0004977286,10388
7.28,-1.03019,10388
7.25,-0.048185557,10388
7.05,-0.7059009,10388
7.04,0.97811687,10388
7.02,-1.7487022,10388
7.02,-1.3533794,10388
6.95,-0.55965614,10388
6.82,1.6261019,10388
6.71,1.5463638,10388
6.56,-0.10573882,10388
6.37,-0.99965084,10388
6.26,0.24863979,10388
6.12,1.2433417,10388
5.29,1.9772042,10388
6.47,1.1495615,1549
6.22,-0.3023008,1549
5.78,-1.5745836,1549
7.8,0.8578142,15043
6.7,-6.0669518,17183
5.84,1.1562164,10182
4.72,-6.9447036,16916
4.62,-3.056985,16916
4.6,-1.8716393,16916
6.73,-0.37513542,14936
7.28,-1.7201542,8008
7.25,-1.4218924,8008
7.25,-0.1622561,8008
7.21,-2.814909,8008
7.21,-2.2474241,8008
7.13,-1.3226765,8008
7.05,-0.73661387,8008
6.98,-2.7591708,8008
6.87,-0.3918215,8008
6.79,-2.792051,8008
6.78,-2.3916392,8008
6.61,-3.2207422,8008
6.6,-2.662684,8008
6.38,-2.8022897,8008
6.37,-3.2455835,8008
6.27,-2.8374941,8008
6.2,-2.7700157,8008
6.19,-1.2413054,8008
6.01,-0.3239295,8008
5.95,-3.506375,8008
5.93,-1.1500169,8008
5.93,-3.2658544,8008
5.82,-1.8972316,8008
5.5,-4.89933,8008
9.52,-2.5082686,3604
9.15,3.1381495,3604
8.56,-3.2159207,3604
8.52,6.1132545,3604
8.4,-0.5130081,3604
8.23,-4.697094,3604
8.22,-6.0583644,3604
8.22,-2.92679,3604
8.05,2.7079678,3604
7.92,0.7923087,3604
7.89,-8.381222,3604
7.85,2.7632668,3604
7.8,-3.9990304,3604
7.57,0.4777725,3604
7.5,0.034381628,3604
7.47,-4.8917937,3604
7.4,3.7236536,3604
7.4,-0.54304194,3604
7.27,-1.1168196,3604
6.97,1.9052937,3604
6.86,-4.7621236,3604
6.71,-1.6669798,3604
6.58,-4.0001616,3604
5.68,-4.043242,3604
6.92,0.06015446,14807
7.41,-2.4001553,1739
7.1,-3.992418,1739
7.04,-0.19582412,1739
6.24,-3.2750485,1739
5.95,-5.4057107,1739
7.92,4.961683,4983
7.66,1.5632277,4983
7.47,2.726422,4983
6.96,5.031156,4983
6.92,4.5081153,4983
6.04,1.7314909,4983
5.89,2.2893257,4983
5.85,3.8589823,4983
5.7,2.0200503,4983
5.68,1.0912871,4983
5.6,-0.68582964,4983
5.31,2.388877,4983
5.1,-1.196108,4983
4.62,1.370388,4983
5.69,-2.5568466,7463
7.89,0.5962738,3181
8.7,6.4853578,162
8.3,4.4064345,162
8.05,1.819064,162
7.96,4.1467075,162
7.96,4.1467075,162
7.92,3.2151387,162
7.54,1.8351107,162
7.3,1.5606176,162
7.21,-0.9106939,162
7.15,0.99329257,162
7.0,1.2172346,162
6.92,-1.2365565,162
6.89,3.3681087,162
6.82,1.2198867,162
6.75,-1.0764816,162
6.29,-0.7714746,17764
5.43,-4.1725173,15760
5.11,0.5924829,15370
6.66,0.44789925,4348
6.05,-1.4247471,13510
5.94,-1.667545,13510
5.92,-2.0163033,13078
5.82,-3.5106075,13078
5.03,0.3091007,13078
5.13,-3.6318367,790
8.85,-1.8750185,16394
8.82,-1.9133703,16394
8.7,-1.6166838,16394
8.6,0.109625556,16394
8.52,-0.7588811,16394
8.52,-1.9787614,16394
8.4,-1.2891405,16394
8.4,-3.65068,16394
8.22,-2.412938,16394
8.15,-3.8521655,16394
8.1,-5.4080467,16394
8.05,-3.0836403,16394
8.05,-3.856865,16394
7.89,-1.4730443,16394
7.66,-2.1623082,16394
6.76,-2.7289376,16394
6.68,-5.4855504,16394
6.64,-6.326677,16394
6.21,-0.9395895,16394
6.09,-3.824779,16394
5.65,-6.034788,16394
5.0,-3.8362694,16394
7.41,-1.4414749,1018
7.34,0.0052265506,16436
6.43,0.0052265506,16436
4.9,0.6516162,9058
9.35,2.3176427,15218
8.96,0.97638226,15218
8.92,1.6211237,15218
8.74,0.8322885,15218
8.55,0.52123654,15218
8.35,-1.266115,15218
8.33,-0.90801096,15218
8.23,0.5086676,15218
8.19,0.8410573,15218
7.89,0.33637252,15218
7.75,1.021008,15218
7.66,1.2644268,15218
7.54,-1.0900543,15218
7.39,-1.1564722,15218
6.77,-0.6390387,15218
6.75,-0.33415917,15218
6.7,-0.5684787,15218
6.68,0.056781385,15218
6.39,-0.100097194,15218
6.35,3.0777726,15218
5.85,-2.003456,15218
5.28,0.28116783,15218
8.52,1.2389777,8576
8.52,-0.6202986,8576
8.52,0.7206147,8576
8.4,-3.123652,8576
8.4,0.26072696,8576
8.15,0.72067666,8576
7.92,-1.8186258,8576
7.85,1.586015,8576
7.64,0.9670032,8576
7.62,4.5061784,8576
7.54,0.71421516,8576
7.51,2.366632,8576
7.5,0.50934994,8576
7.46,0.82863486,8576
7.38,2.832946,8576
7.28,-1.3517333,8576
7.26,2.0747087,8576
7.25,1.5981984,8576
7.22,1.2654546,8576
7.17,1.445533,8576
7.1,1.5847311,8576
7.85,-2.5214784,6485
7.6,-4.7924814,6485
7.5,-1.8196461,6485
7.48,1.0526534,6485
7.46,-3.157252,6485
7.4,0.86887646,6485
7.38,-2.4380882,6485
7.34,-2.7462165,6485
7.32,-3.3477604,6485
6.92,-2.5028696,6485
6.66,0.7400098,6485
9.0,4.0011992,9524
6.93,-4.866932,9524
6.84,-3.7520018,9524
6.78,-2.606983,9524
6.74,-3.6488755,9524
6.23,-5.7682176,9524
9.51,2.1955888,12169
9.25,0.12171751,12169
9.21,3.4385529,12169
9.08,1.3290818,12169
9.0,-4.6337895,12169
9.0,-1.4757986,12169
8.96,-0.9503819,12169
8.92,1.5445079,12169
8.82,-3.7162256,12169
8.8,-0.19347517,12169
8.7,1.8252825,12169
8.54,-3.3384118,12169
8.54,-0.777784,12169
8.48,-3.039606,12169
8.44,1.5526602,12169
8.43,-3.5212114,12169
8.41,-1.8107722,12169
8.3,-2.1712291,12169
8.15,2.037744,12169
8.1,-0.9737178,12169
7.82,-3.264395,12169
7.44,-2.0389209,12169
7.12,-1.6639228,12169
6.96,1.7981434,12169
6.31,-2.6638136,12169
6.0,-1.3968736,12169
7.19,-2.7824209,4695
6.84,-5.3479567,4695
6.81,-2.3476942,4695
6.78,-3.5399141,4695
6.71,-1.6853979,4695
6.66,-0.7605126,4695
6.64,-5.52765,4695
6.63,-2.674791,4695
6.61,-2.8020678,4695
6.6,-3.872353,4695
6.58,-5.3543262,4695
6.57,-1.9940631,4695
6.56,-2.810727,4695
6.56,-0.7484138,4695
6.52,-4.2557397,4695
6.5,-3.8669648,4695
6.48,-1.445132,4695
6.47,-2.892674,4695
6.45,-1.7593677,4695
6.43,-6.798965,4695
6.41,-4.1039057,4695
6.1,-5.202472,9054
5.27,-0.3923827,9054
5.19,-0.42326897,9054
5.14,-1.4646951,9054
4.92,-3.844049,9054
4.28,0.54275227,9054
9.0,-2.3623197,16920
9.0,0.4551855,16920
8.7,-1.3058964,16920
8.52,-0.23763391,16920
8.52,-0.31372288,16920
8.52,-2.934687,16920
8.4,-0.71931016,16920
8.4,0.19115873,16920
8.3,1.3644578,16920
8.3,-0.04536823,16920
8.3,-1.742888,16920
8.15,-0.96934414,16920
8.1,-0.34258258,16920
8.05,-1.0826286,16920
7.96,-1.0916768,16920
7.92,0.28064686,16920
7.92,-3.240006,16920
7.92,-0.8025614,16920
7.89,0.4501302,16920
7.8,-2.4040985,16920
7.77,0.011519242,16920
7.77,-2.4644592,16920
7.75,-4.5696883,16920
7.72,-0.10205977,16920
7.72,-1.6421598,16920
7.7,-0.5326408,16920
7.64,-1.1161382,16920
7.6,-3.3929863,16920
7.6,-2.389072,16920
7.6,-4.675872,16920
7.57,-3.444102,16920
7.43,-0.11186218,16920
7.42,-1.8982471,16920
7.38,-3.235202,16920
7.35,-5.1708584,16920
7.32,-1.2028445,16920
7.3,-3.5915163,16920
7.24,-2.5567825,16920
7.14,-0.8566179,16920
7.06,0.9022062,16920
7.02,-3.4165044,16920
6.62,1.173645,16920
6.07,-2.8163276,14883
9.0,0.15257916,15773
8.3,0.10909253,15773
8.22,-1.5090091,15773
8.15,-0.62887096,15773
8.15,1.8360478,15773
8.1,4.0113964,15773
8.1,-0.66172886,15773
8.05,2.3491054,15773
8.05,-1.428284,15773
8.0,0.15732934,15773
8.0,0.15257916,15773
7.82,-0.5886667,15773
7.82,-2.6188471,15773
7.7,2.6286252,15773
7.6,3.4024696,15773
7.6,-0.3377669,15773
7.52,3.2366292,15773
7.52,0.3593866,15773
7.52,-1.2539961,15773
7.52,-1.3067111,15773
7.4,-0.30121332,15773
7.4,-1.0238402,15773
7.4,1.10263,15773
7.4,1.0458677,15773
7.4,-1.2769355,15773
7.3,-1.494514,15773
7.26,0.6761203,15773
6.64,-5.7343755,15773
8.6,-1.3068731,13107
5.97,0.15657301,5767
4.54,-2.4249177,11353
4.26,-2.5972276,11353
9.1,1.763621,5542
8.3,1.6447654,8769
6.4,-1.0493978,17331
6.86,-2.9163923,5291
6.04,-1.495034,10165
6.01,-4.4539104,16833
7.7,-0.29002562,6217
7.0,-0.979082,6217
7.0,0.84632945,6217
7.0,-0.55149066,6217
7.0,-3.3083696,6217
6.85,-3.600242,6217
6.58,-1.9520526,6217
6.58,0.6562935,6217
6.5,-0.8038517,6217
6.14,-1.4741765,6217
8.31,0.109408915,13715
8.25,-0.20483094,13715
8.19,-3.7222714,13715
8.11,-0.66649437,13715
8.02,1.0762615,13715
8.02,-4.232362,13715
7.99,-0.014012441,13715
7.91,0.37273958,13715
7.91,-0.70076954,13715
7.87,-0.40041533,13715
7.85,-3.478807,13715
7.72,-2.3466709,13715
7.7,1.1950818,13715
7.69,-2.2189343,13715
7.5,-3.474865,13715
7.38,0.8735312,13715
6.9,0.21921173,13715
6.87,-3.8732927,13715
6.69,-2.313146,13715
6.45,-2.0494027,13715
7.6,0.49564183,3200
9.7,0.7463976,7895
7.02,0.6686131,4929
7.01,3.5112457,4929
6.88,2.6629457,4929
6.82,0.50896883,4929
6.74,0.18677112,4929
6.6,0.09778545,4929
6.6,1.105636,4929
6.58,0.5628973,4929
6.56,1.0364645,4929
6.3,3.5112457,4929
6.29,-0.32854044,4929
6.17,-0.5740279,4929
6.17,-2.3036108,4929
6.02,-2.5452602,4929
6.01,0.6840608,4929
5.88,-1.3367538,4929
5.65,-0.40614715,4929
5.62,-1.2012018,4929
5.61,-1.1355554,4929
5.51,-1.4281904,4929
5.5,-4.371999,4929
5.44,-1.1725184,4929
5.35,-1.8722771,4929
6.29,-4.420262,12990
7.74,-0.5306299,1932
8.31,2.1406775,6795
7.54,1.7907912,6795
7.48,-0.39958063,6795
6.82,-3.5245683,6795
6.65,-3.8555818,6795
6.47,-3.243602,6795
6.14,-4.987601,6795
5.8,-4.7850895,6795
4.3,-5.285713,6795
9.4,3.9626286,3719
9.4,0.79861164,3719
9.2,0.52348566,3719
9.2,2.5474312,3719
9.0,1.5401645,3719
8.9,1.4210044,3719
8.6,0.59039617,3719
8.6,-1.6129601,3719
8.6,3.0158532,3719
8.4,0.7369014,3719
8.3,-0.6315414,3719
8.3,1.4032595,3719
8.2,1.9772829,3719
8.1,-3.1538007,3719
7.9,3.8004608,3719
7.7,-2.9499934,3719
7.6,1.6556684,3719
7.4,0.35541496,3719
7.4,-1.5682399,3719
7.2,-1.1363089,3719
6.5,-0.51205087,3719
6.5,-0.42547962,3719
6.1,-4.0995893,3719
6.0,-0.31040815,3719
5.9,-2.1846187,3719
7.1,-0.8971381,16360
6.3,-0.8971381,16360
9.52,1.5678053,11323
9.52,5.1360683,11323
9.22,6.3827477,11323
9.15,1.6643327,11323
9.05,-1.5356644,11323
8.82,1.9481475,11323
8.6,0.57552886,11323
8.51,-0.5103301,11323
8.35,-0.7954062,11323
8.19,-1.2443359,11323
8.19,1.8164154,11323
8.14,-0.64333725,11323
4.8,-0.21085747,4378
4.62,-3.895576,4378
4.55,-6.138247,4378
4.51,-4.2603626,4378
4.38,-4.7668877,4378
4.18,-3.6932116,4378
4.13,-1.3815446,4378
4.11,0.26742074,4378
4.09,-5.6769614,4378
7.06,2.180775,12557
6.92,-2.396172,13964
7.72,1.0009959,7740
6.78,0.3756291,15007
7.41,-1.314359,16657
5.66,-4.3136487,14224
5.4,-5.2189956,14224
5.23,-4.8078814,14224
5.22,-7.350046,14224
5.21,-5.652362,14224
5.1,-5.5331655,14224
5.01,-3.8200119,14224
4.96,-4.0575852,14224
4.95,-7.350046,14224
4.92,-8.938282,14224
4.74,-7.613833,14224
4.73,-0.71414185,14224
4.66,-4.9223537,14224
4.6,-2.4571428,14224
4.53,-4.596572,14224
4.53,-3.9435868,14224
4.51,-0.9950235,14224
4.01,-3.04862,14224
5.62,-0.09437609,1550
6.64,-1.1219957,3921
8.28,3.1107178,1316
8.15,-0.5516535,1316
8.01,0.35591975,1316
7.96,0.07766026,1316
7.5,0.96434534,1316
5.08,-0.5516535,1316
7.77,1.3409964,9316
6.22,0.9776591,9316
5.72,-4.182264,9316
5.43,-1.9275429,9316
4.4,-0.7479309,11465
6.38,1.0512038,11431
5.57,-2.430924,11431
4.96,-1.8055532,11431
4.6,-1.6803772,11431
7.8,-1.8548381,13109
6.64,-2.0353937,16711
6.41,0.1803156,16711
6.17,-4.667064,16711
6.06,-1.0591817,16711
6.0,-3.423525,16711
5.8,-1.6521206,16711
5.77,-1.2775204,16711
5.4,-5.9907055,16711
5.9,-2.8399653,274
5.17,-0.605289,274
4.05,-4.075298,9910
4.03,-2.840572,9910
9.0,-2.5661237,1947
9.0,-1.8895447,1947
9.0,1.2724309,1947
9.0,-2.2603674,1947
8.7,3.2536054,1947
8.7,1.8189712,1947
8.7,-6.6931605,1947
8.4,-4.1790023,1947
8.4,-5.926419,1947
8.3,-4.6048794,1947
8.22,2.4620678,1947
8.15,0.94710886,1947
8.05,-0.80256164,1947
8.0,-2.8611505,1947
7.96,-6.6931605,1947
7.92,1.3020546,1947
7.85,-8.15204,1947
7.85,-3.3571248,1947
7.82,-2.915669,1947
7.82,0.796988,1947
7.75,-0.18718107,1947
7.7,-0.35215208,1947
7.68,2.3990328,1947
7.6,-3.5721426,1947
7.51,-0.0042314604,1947
7.4,-2.2085714,1947
7.38,2.913701,1947
7.3,-4.6048794,1947
7.17,-4.521927,1947
6.97,-5.2692204,1947
6.96,-0.4883351,1947
6.8,-7.0305195,1947
6.65,-3.7267895,1947
6.58,-4.787125,1947
6.23,-1.202158,1947
6.03,-2.4863832,4710
8.41,3.2413054,9614
8.11,3.0523868,9614
7.92,-1.1240317,9614
7.72,2.4195764,9614
7.62,0.54556775,9614
6.96,-0.9016882,9614
7.08,-2.8585844,482
6.0,2.3052623,2958
5.14,-4.2719593,15226
7.29,-1.0091769,8401
8.33,-0.5954007,9620
8.05,-0.5193429,9620
7.96,0.8664861,9620
7.92,0.80959606,9620
7.92,0.49635795,9620
7.72,-2.3006577,9620
7.7,1.4237767,9620
7.42,0.29810283,9620
7.36,-0.48516455,9620
7.08,-2.1871474,9620
6.4,-0.6157445,9620
6.66,0.16068584,6482
5.46,-1.835228,15646
6.83,-1.1383204,12904
6.56,0.42946625,12904
6.54,0.46877626,12904
5.48,-0.8407725,7902
5.08,1.1227169,7902
5.04,-1.3836957,7902
9.68,1.289623,13572
7.0,0.5944437,5672
5.82,-1.586931,7073
5.75,-2.7265866,7073
5.72,-2.461993,7073
5.07,-2.8063378,7073
4.91,-5.5338664,7073
4.84,-4.2052517,7073
4.69,-6.143194,7073
7.46,0.18938664,3947
9.7,1.497939,2068
9.15,0.58718467,2068
9.0,1.6534079,2068
8.7,1.9067044,2068
8.7,1.7389256,2068
8.7,2.280501,2068
8.7,-0.09295303,2068
8.7,3.4366558,2068
8.7,1.4995788,2068
8.59,0.070222095,2068
8.52,0.46700382,2068
8.52,-0.6871122,2068
8.52,0.04148632,2068
8.52,-0.22238362,2068
8.52,0.3278592,2068
8.4,-1.9183663,2068
8.4,-1.1782348,2068
8.4,1.2090732,2068
8.3,-1.2594516,2068
8.3,-2.9412584,2068
8.0,-1.3278284,2068
8.0,-2.3044212,2068
7.96,-0.20229554,2068
7.89,1.9547743,2068
7.85,0.7129226,2068
7.85,-2.527118,2068
7.8,-3.3679774,2068
7.72,0.11933778,2068
7.62,-3.3191116,2068
7.57,-5.109769,2068
7.55,2.2124329,2068
7.52,-4.6366525,2068
7.52,-3.690172,2068
7.51,2.8690672,2068
7.5,-5.2317843,2068
7.35,-3.3664944,2068
7.34,-3.4794426,2068
7.34,-4.628402,2068
7.24,-3.3905878,2068
7.19,-2.4514215,2068
7.13,-3.5526788,2068
7.05,-4.5333633,2068
7.03,-3.5499508,2068
7.0,1.9949849,2068
6.89,2.3348067,2068
6.89,-4.0105085,2068
6.77,0.327506,2068
6.75,-2.212375,2068
6.55,-3.3026621,2068
6.42,-7.7342353,2068
6.41,-3.3017256,2068
6.36,-7.0032926,2068
6.11,-4.3418646,2068
6.11,1.0910927,2068
5.96,-5.8517227,2068
5.96,-4.823692,2068
5.64,1.2172933,2068
5.58,-0.70422614,2068
5.55,2.4110482,2068
5.52,-6.244178,2068
5.21,-5.148067,2068
6.86,-0.5425335,13494
6.48,-1.3510336,13494
6.06,-2.3497562,13494
5.7,-2.2524016,13494
5.48,-1.1619531,13494
5.4,-5.4241824,13494
6.54,1.3811669,11505
5.52,-1.4000206,15802
5.09,-0.70304155,15389
8.3,-2.0144413,8772
8.26,-2.818789,8772
8.26,-1.459441,8772
8.01,-0.9303831,8772
7.95,-3.9767065,8772
9.98,2.2103953,10504
9.52,-0.7709032,14650
9.3,-1.8071593,14650
9.05,-3.5740385,14650
8.89,-1.8993002,14650
7.94,-3.846372,14650
7.79,0.3234005,14650
7.71,-0.85482156,14650
7.6,-1.0581428,14650
7.25,-1.724335,14650
6.94,0.66369236,14650
6.92,-1.726525,14650
6.81,-1.3413879,14650
6.63,-1.620945,14650
6.31,-1.4188836,14650
6.31,-0.7132162,14650
6.29,0.122098535,14650
5.52,-0.043820523,14650
5.2,-4.011881,14650
4.47,-2.4591358,14650
4.2,0.84813607,14650
8.3,0.8271953,16294
5.46,-0.941918,12690
6.9,-0.14570569,15054
8.92,-1.4485643,12380
8.37,1.2008557,12380
8.21,0.58035946,12380
7.94,0.9451046,12380
7.9,-1.0090752,12380
7.87,0.11806709,12380
7.78,-1.7786179,12380
7.69,0.29298794,12380
7.63,-1.5881945,12380
7.61,-0.39736646,12380
7.55,-2.9161205,12380
7.23,-2.4519947,12380
7.13,-0.5710833,12380
6.85,-0.7974465,12380
6.82,-2.0396502,12380
8.36,0.03037097,11934
7.72,1.1550193,12336
6.64,1.8944272,12336
6.53,3.145329,12336
6.68,-0.0901875,7570
6.6,-2.9035048,7570
6.52,-3.6332088,7570
6.35,-2.325717,7570
6.3,-1.8425282,7570
6.01,-3.9066641,7570
5.75,-2.3153684,7570
5.64,-3.7970078,7570
6.23,0.18174331,17681
6.5,2.5113983,2793
6.5,3.1463072,2793
6.5,2.8080504,2793
6.4,-1.1642317,2793
6.2,3.44798,2793
6.2,2.7340817,2793
5.89,3.7289999,2793
5.8,-0.7957872,2793
5.6,0.19095531,2793
5.6,1.2300918,2793
6.49,-1.6500019,11648
5.89,-0.16780075,11648
6.65,0.65187037,5416
6.07,-0.60917306,5416
5.34,-0.45672944,5416
7.42,-2.3391001,12122
5.62,-2.2683687,13287
7.0,1.0357475,17654
6.19,-0.4034806,10622
8.85,1.0053444,465
8.64,-0.25074485,465
8.64,-0.62086165,465
8.6,-1.9445946,465
8.59,-0.6219386,465
8.44,3.3896112,465
8.33,1.1479931,465
8.32,-1.0442369,465
8.31,0.73074067,465
8.3,-0.89666533,465
8.28,0.65368676,465
8.12,-0.28170726,465
8.09,-0.02711213,465
7.92,-0.14726368,465
7.89,0.2572887,465
7.68,0.19182755,465
7.66,-0.4609203,465
7.52,-0.10420869,465
8.7,-4.3111978,9692
8.22,0.1946937,9692
5.0,-3.4205484,17531
8.77,-1.1235833,5492
8.64,-1.3466856,5492
8.38,-1.1587063,5492
8.34,0.85595536,5492
8.28,-2.0904312,5492
8.15,2.3401117,5492
8.05,-1.9827609,5492
8.01,-1.0783676,5492
8.0,-2.0579448,5492
7.97,-4.882045,5492
7.77,-2.2105918,5492
7.72,-1.393448,5492
7.7,-1.6657395,5492
7.62,-1.0585715,5492
7.44,-2.2625294,5492
7.4,-1.1580701,5492
7.34,-0.97856975,5492
7.29,-2.5790684,5492
7.07,-1.6786838,5492
7.05,-4.4015393,5492
7.0,-3.7825,5492
6.82,-3.9093227,5492
6.8,-4.325613,5492
6.72,-0.5624083,5492
6.72,-0.47716543,5492
6.7,-0.64767385,5492
6.68,-1.659549,5492
6.52,-5.1075163,5492
6.5,-3.301613,5492
6.44,-2.7818544,5492
6.43,-6.1250267,5492
6.23,-2.654819,5492
6.05,-1.3787745,5492
6.0,-1.8991139,5492
5.82,-2.7586954,5492
5.8,-4.7762327,5492
7.52,3.6933482,6624
7.14,0.26389086,6624
8.7,0.34372848,6594
6.41,-1.8190463,6594
8.52,-0.75448906,10390
6.58,1.8861995,10390
6.21,-1.5651524,1457
4.05,-6.0288258,1457
7.75,-0.75413465,11845
7.72,-0.8707936,11845
8.22,-1.1560237,1668
7.22,1.1453558,1668
6.62,-0.3633409,1668
8.3,4.7645955,4473
8.22,1.5746748,4473
8.1,3.2502081,4473
8.05,-0.3212651,4473
8.05,2.5969245,4473
8.05,-0.3212651,4473
7.92,8.187196,4473
7.89,2.1732392,4473
7.82,-1.8108792,4473
7.66,0.26969525,4473
7.52,-0.47311437,4473
7.43,-0.7706797,4473
7.39,-0.66507244,4473
7.33,-2.131213,4473
7.28,0.7919204,4473
7.01,-0.6439898,4473
6.97,-2.567356,4473
6.94,-0.551237,4473
6.81,3.5458798,4473
6.75,-1.5105755,4473
6.52,-0.8246167,4473
6.52,0.015465837,4473
6.5,3.1304157,4473
6.47,-0.7775974,4473
6.11,-0.5015832,4473
6.1,4.6306963,4473
5.99,-0.3212651,4473
5.91,0.42358539,4473
5.79,-1.7819995,4473
5.4,0.33369055,4473
5.19,-3.7068348,4473
8.6,-2.2853086,15349
8.6,-0.5302688,15349
8.5,-4.799116,15349
8.4,-0.5671456,15349
8.4,-3.25915,15349
8.3,-0.9882808,15349
8.3,-0.4233862,15349
8.2,-0.39015546,15349
8.1,-0.0583603,15349
8.1,0.579592,15349
8.1,-1.0948852,15349
8.0,-0.87431157,15349
8.0,-1.3698568,15349
8.0,-2.4870877,15349
8.0,-3.7527971,15349
8.0,-3.8153381,15349
7.9,-1.7743309,15349
7.9,0.663952,15349
7.9,0.40511522,15349
7.8,-3.48945,15349
7.8,0.19845931,15349
7.8,-0.16121863,15349
7.8,-2.3234856,15349
7.6,1.246289,15349
7.5,-6.3287544,15349
7.5,-3.1090555,15349
7.5,-2.5517554,15349
7.5,-2.7961147,15349
7.4,4.130329,15349
7.4,-5.769307,15349
7.2,-1.0201036,15349
7.0,-4.325391,15349
7.0,-5.4302607,15349
7.0,-2.4085958,15349
6.9,1.2984136,15349
6.8,-5.458353,15349
6.8,-0.41177285,15349
6.8,-6.090931,15349
6.8,-4.9650807,15349
6.6,-2.798557,15349
6.5,-4.509189,15349
6.5,-5.0074725,15349
6.2,-2.3877041,15349
6.0,-3.1058958,15349
5.9,-7.1933103,15349
5.7,-3.1103632,15349
5.6,-1.4504254,15349
5.6,-4.3281326,15349
5.6,1.5377449,15349
5.6,1.8263798,15349
5.5,-6.387771,15349
5.4,-5.226669,15349
5.2,-2.970555,15349
6.19,-0.43990397,14748
5.96,-2.5563927,14748
5.89,0.9036108,14748
5.75,-2.0816975,14748
9.22,0.27970228,10512
8.92,4.9401546,10512
8.43,4.5353875,10512
8.38,1.4949849,10512
7.96,3.9377425,10512
7.62,3.1282775,10512
7.29,0.7144208,10512
7.21,5.173172,10512
7.16,4.5353875,10512
7.08,1.4240352,10512
6.98,2.569534,10512
6.91,3.0523994,10512
6.73,1.2563498,10512
6.33,-1.2715367,10512
5.84,0.051256858,10512
7.17,-0.039109316,11713
6.52,-0.46809596,2484
9.7,-3.3738086,2870
9.7,3.6501324,2870
9.52,-0.7612549,2870
9.4,2.850702,2870
9.3,4.0147815,2870
9.15,0.036982,2870
9.05,0.546018,2870
9.0,-1.2011188,2870
8.7,-0.24470368,2870
8.7,0.52372944,2870
8.52,-1.1187634,2870
8.52,0.80767405,2870
8.52,-2.051553,2870
8.52,-2.249293,2870
8.4,-0.9512713,2870
8.4,-1.3434027,2870
8.4,-0.28927988,2870
8.3,-5.0170436,2870
8.3,-2.2119412,2870
8.3,-3.669639,2870
8.3,-3.4864879,2870
8.3,4.766026,2870
8.22,-2.2406113,2870
8.22,-3.8522317,2870
8.22,-1.7491977,2870
8.15,-1.3822298,2870
8.05,-4.28539,2870
8.0,-0.13497859,2870
7.7,-0.805025,2870
7.7,-1.2567861,2870
7.3,-2.2353427,2870
7.3,-2.661855,2870
6.8,0.75905085,8418
5.52,-6.8492026,3058
4.59,0.25872266,3058
7.3,-0.41610575,10930
5.82,1.287903,2700
5.75,-2.4534101,2700
4.47,-2.026479,2700
7.55,-0.9069878,5522
7.48,-0.3596781,5522
7.47,-4.0024176,5522
7.32,-2.3537614,5522
7.32,0.96397185,5522
7.32,-0.92876565,5522
7.27,-2.5553596,5522
7.26,-3.1184864,5522
7.26,-0.62865067,5522
7.17,0.38076228,5522
7.09,0.28193393,5522
7.07,-2.5291834,5522
7.02,0.7977631,5522
7.0,-0.88230395,5522
6.97,1.254541,5522
6.79,0.614511,5522
6.77,0.5802362,5522
6.64,-0.0010040551,5522
6.52,0.39540222,5522
5.24,-1.4499918,10091
5.22,-0.5525255,2775
8.7,2.8163176,7727
8.52,1.7256294,7727
8.52,3.1262164,7727
8.52,1.8728908,7727
8.15,0.5201968,7727
8.05,2.8347487,7727
7.92,0.34010902,7727
7.92,2.1172361,7727
7.92,1.3799736,7727
7.89,2.0492108,7727
7.82,0.80522907,7727
7.82,1.8953389,7727
7.8,2.1445358,7727
7.8,-0.22930785,7727
7.77,1.702887,7727
7.72,0.80818105,7727
7.68,2.0786624,7727
7.66,1.0830199,7727
7.66,1.1899214,7727
7.62,2.1118279,7727
7.57,0.040657997,7727
7.5,1.5222158,7727
7.5,1.8864894,7727
7.46,-1.489875,7727
7.44,0.5558032,7727
7.42,1.4854509,7727
7.42,1.2896839,7727
7.36,0.52814424,7727
7.35,1.4903319,7727
7.34,1.1266844,7727
7.32,1.6999373,7727
7.29,0.80522907,7727
7.26,1.2896839,7727
7.24,1.2151986,7727
7.18,2.8675451,7727
7.16,-0.8724209,7727
7.16,0.85605025,7727
7.16,1.8549985,7727
7.12,1.446133,7727
7.11,0.6223837,7727
7.09,1.1165054,7727
7.07,1.9510891,7727
7.05,0.7691089,7727
7.05,0.8208256,7727
7.03,0.62679946,7727
7.01,-0.1595687,7727
7.0,0.52814424,7727
6.99,0.04870101,7727
6.99,0.54701674,7727
6.96,-0.32808644,7727
6.96,2.2741213,7727
6.95,1.3195269,7727
6.94,-0.24784312,7727
6.93,0.79784036,7727
6.89,0.70028794,7727
6.84,-0.8724209,7727
6.82,0.8821186,7727
6.82,-0.9274137,7727
6.81,0.31252396,7727
6.81,-1.387708,7727
6.8,1.1082991,7727
6.76,1.2438343,7727
6.76,1.719284,7727
6.76,-3.9139318,7727
8.15,-0.76882124,4545
7.72,-0.7112365,4545
7.57,-1.9431274,4545
7.4,-1.1662968,4545
7.35,-1.6894648,4545
7.35,-0.63404953,4545
7.24,0.073694065,4545
7.23,-3.3710124,4545
7.21,-3.5030828,4545
7.04,-3.529641,4545
6.97,-2.2705386,4545
6.84,-0.8841536,4545
6.77,-1.5903957,4545
6.57,-3.9877632,4545
6.5,0.44775093,4545
6.26,-3.2966828,4545
5.87,-4.995584,4545
5.85,-3.8991046,4545
5.85,-3.6663055,4545
5.81,-3.3257117,4545
5.6,-4.944381,4545
5.24,-3.5269914,4545
5.16,-3.5100615,4545
4.92,-3.4616358,4545
4.73,-4.3039474,4545
4.53,-4.4830656,4545
4.5,-2.7507582,4545
6.89,-1.2061703,14383
5.82,-1.2569898,14383
5.82,0.25607827,1215
5.7,0.8853315,1215
5.46,2.1544414,1215
5.3,-1.5314893,1215
5.19,-2.5325167,1215
4.82,3.1272612,1215
4.82,2.0805752,1215
4.77,-0.86050177,1215
4.66,-0.2699206,1215
4.66,-1.0966973,1215
4.64,-0.71139085,1215
4.6,0.24818152,1215
4.58,2.5000346,1215
4.55,0.9896456,1215
4.54,2.7017603,1215
4.52,-1.0251441,1215
4.41,0.7012811,1215
4.37,1.3003452,1215
4.34,0.6363561,1215
4.28,-1.7446244,1215
4.14,-4.371074,1215
4.02,1.1203678,1215
8.15,-5.8575034,3344
7.03,0.75746584,3344
6.54,-5.4956603,3344
5.85,-5.0648584,3344
5.85,-3.7025044,3344
5.43,-2.188603,3344
5.29,-7.4808946,3344
5.14,-2.7835758,3344
5.11,-5.28951,3344
6.5,0.49352714,6739
6.22,0.04172356,6739
6.2,-3.3748355,6739
5.95,-1.1824627,6739
5.73,-4.5430546,6739
5.67,-3.8876119,6739
5.64,0.22554003,6739
5.48,-2.0263953,6739
5.46,-3.4802647,6739
5.42,-4.3943996,6739
5.16,-4.1189423,6739
5.14,-3.136679,6739
5.0,-1.155868,6739
5.0,-0.7898656,6739
4.96,-1.93098,6739
4.57,-4.1292367,6739
4.57,-4.889358,6739
4.55,-4.247996,6739
6.57,0.4917937,6474
6.52,0.15188262,6474
6.35,-1.269173,6474
6.06,-1.8282946,6474
5.92,0.0035914592,6474
5.77,-0.920172,6474
5.6,-0.46415627,6474
5.26,-1.1086719,6474
5.12,-2.5985732,6474
6.8,0.5599196,5018
6.48,0.94469523,5018
6.22,-1.8872215,5018
6.21,-2.241978,5018
5.89,-2.2296722,5018
5.85,-1.6429574,5018
5.84,-0.5547372,5018
5.66,-2.400973,5018
5.64,-2.5447762,5018
5.62,0.041209985,5018
5.6,-2.907086,5018
5.6,-2.530235,5018
5.54,-1.5629348,5018
5.47,-1.186703,5018
5.42,-2.98955,5018
5.35,-1.0766929,5018
5.32,-0.2904993,5018
5.16,-4.7712674,5018
5.09,-4.0531235,5018
5.03,-4.0607705,5018
5.0,-1.7827085,5018
4.92,-3.6992245,5018
8.22,2.0737536,17837
8.05,1.9855404,17837
7.85,-3.1439068,17837
7.51,-2.8716395,17837
7.37,-2.4119627,17837
7.17,0.7125112,17837
7.17,-1.6182517,17837
7.15,0.26201415,17837
7.12,-0.6749381,17837
7.07,-1.9991179,17837
7.02,-1.4359354,17837
6.96,1.8415536,17837
6.95,-1.0741369,17837
6.95,0.95604455,17837
6.92,-0.32718804,17837
6.91,0.70166385,17837
6.84,-0.24446252,17837
6.82,1.2545679,17837
6.69,-1.4205005,17837
6.61,-0.7361417,17837
6.6,0.37049007,17837
6.52,-0.11190854,17837
6.15,-0.81901944,17837
6.05,-3.330961,17837
8.0,-1.6214379,1283
7.8,2.4056838,1283
7.48,2.2341583,1283
7.32,-2.023449,1283
9.66,-0.2616769,10215
9.36,-2.5496438,10215
8.52,-0.7644471,10215
7.54,0.45878583,10215
7.01,-6.148408,10215
6.57,-1.8849497,10215
7.8,-0.041631505,4588
7.66,1.4709988,4588
7.62,-1.6263916,4588
7.55,-0.06269468,4588
7.54,1.8761669,4588
6.88,-1.0139128,4588
5.82,3.7644136,4588
6.23,-2.7685857,17752
6.51,-1.2059257,17501
6.47,-1.9750769,17501
7.43,1.5932945,14892
7.62,-5.91685,15799
7.55,-1.7806821,15799
7.54,-2.6585546,15799
7.39,-3.9410486,15799
7.39,-1.8561699,15799
7.21,-1.9752445,15799
7.2,-2.1610959,15799
7.15,-4.091017,15799
7.15,-3.2416856,15799
7.06,-3.3952675,15799
6.95,-1.5821512,15799
6.58,-0.73944616,15799
6.55,-6.0132813,15799
6.46,-0.58421683,15799
6.29,-1.0666409,15799
6.0,-1.9555626,15799
7.52,0.08102247,15843
4.6,-4.6181054,15843
4.2,-4.722717,15843
4.0,-0.47527644,15843
4.0,-4.6181054,15843
4.0,-2.1596901,15843
9.22,1.086577,17730
8.59,-0.65067816,17730
8.25,-0.030880619,17730
8.12,-0.17233542,17730
7.77,0.8503988,17730
7.44,2.75391,17730
7.2,1.1437938,17730
5.37,-1.9364018,15991
4.85,-1.8302425,15991
6.0,-5.1593413,9798
8.22,5.2132454,7046
7.26,-1.2260387,7046
7.22,1.6218066,7046
6.7,-1.6461864,7046
6.68,-2.580607,7046
6.64,-1.7116102,7046
6.6,-5.462824,7046
6.52,-2.8846111,7046
6.5,-1.4940557,7046
6.38,-2.2806015,7046
6.21,-1.4557393,7046
6.17,-2.252975,7046
6.14,-0.5265641,7046
6.08,-1.4652407,7046
5.92,-4.1961193,7046
5.83,0.018633932,7046
5.79,1.2231412,7046
5.59,0.19216084,7046
5.23,-8.508118,7046
5.01,-6.8355923,7046
7.33,-2.699721,13169
6.47,-2.0047512,13169
6.36,4.073059,13169
6.24,-1.2176466,13169
6.02,0.4585927,13169
5.97,-2.8380227,13169
5.96,-3.324268,13169
5.85,-2.2476356,13169
5.71,3.1028185,13169
5.46,2.7690449,13169
5.43,-2.9631984,13169
5.4,-0.76142585,13169
5.27,1.6431019,13169
4.96,3.9056396,13169
4.75,-2.8817263,13169
4.71,1.6315238,13169
5.35,-1.2142075,1093
6.01,1.013683,5725
6.28,-2.640137,1657
6.16,-2.425874,1657
7.15,-0.73419106,14467
9.7,2.3480883,5782
9.52,1.1589626,5782
9.4,-1.6225078,5782
9.3,1.3408077,5782
9.15,1.1712822,5782
8.74,0.96819425,5782
8.52,-0.7403432,5782
8.34,3.2147505,5782
8.3,-1.3747457,5782
8.15,-4.713575,5782
7.96,0.4750631,5782
7.12,-5.6128597,5782
7.05,0.17386906,5782
6.26,-2.1369214,5782
6.01,-2.8969772,5782
6.82,-1.3059771,15236
6.62,-0.7457659,15236
6.21,-1.8276026,15236
5.9,-0.61737025,15236
5.87,-1.7740939,15236
5.21,-1.0943679,15236
5.17,-1.9860005,15236
5.16,-2.1253788,15236
8.68,2.3644688,7793
8.32,0.46744606,7793
8.2,-0.5647805,7793
8.05,0.4050192,7793
4.7,-1.7699952,11067
7.16,-2.751511,15956
5.66,1.8095671,12081
5.3,0.66723335,12081
5.01,0.072386,12081
4.96,2.733944,12081
4.85,-0.05885969,12081
5.72,-4.4105973,6720
5.09,-6.7356176,6720
6.28,-2.9609013,5292
6.12,-0.014446229,6692
9.15,0.9771186,14529
9.14,3.5443053,14057
8.59,1.2727311,14057
8.24,-0.3819445,14057
8.23,-1.06161,14057
8.14,1.7971567,14057
7.75,-4.2819695,14057
8.7,1.7096573,3180
8.52,1.1483712,3180
8.52,-0.53420556,3180
8.52,1.065804,3180
8.3,0.17320709,3180
8.3,3.2140048,3180
8.22,1.7408977,3180
8.22,1.8436329,3180
8.22,0.15926655,3180
8.15,1.5597082,3180
8.15,1.3736835,3180
8.0,1.2620816,3180
7.89,-1.9247142,3180
7.77,1.2225251,3180
7.7,1.3143034,3180
7.26,0.48122743,3180
6.37,-1.6581829,3180
6.21,-3.27991,3180
6.07,-4.840067,3180
5.71,-2.6767116,3180
10.1,-3.8763964,7551
8.42,-3.4870963,7551
4.41,-5.5432343,1643
7.06,-1.9627271,2306
6.5,-2.3673182,2306
6.48,-6.066396,2306
6.45,0.6914258,2306
6.44,-3.5555584,2306
6.43,-0.35571796,2306
6.27,-5.5946684,2306
6.18,-0.13841382,2306
6.15,-6.217484,2306
6.15,-7.4116225,2306
6.13,-7.9394565,2306
6.08,-4.7242584,2306
6.07,-0.6924943,2306
5.91,-4.1076217,2306
5.66,0.0504445,2306
5.6,-2.1644766,2306
5.5,-4.4802594,2306
5.43,-2.7477603,2306
5.25,-3.1720502,2306
5.13,-7.235542,2306
4.82,-8.54236,2306
4.74,-9.220219,2306
4.48,-6.577042,2306
4.37,-6.3494325,2306
4.08,0.6608083,2306
7.6,4.133403,13819
7.57,-0.94285333,13819
7.57,-0.8993523,13819
7.28,0.2813514,13819
6.85,3.7807493,13819
6.57,-1.9753294,13819
6.57,0.39945602,13819
6.05,-0.35909393,13819
5.96,-1.7181234,13819
5.96,-0.22683358,13819
5.92,-0.55744183,13819
5.8,-1.9953074,13819
5.75,-1.4661574,13819
5.7,-4.666247,13819
5.55,0.13047862,13819
5.5,-1.7472808,13819
6.51,-0.50122344,2764
6.32,-0.13898358,2764
5.52,0.7551497,2764
8.53,-0.09414131,14898
7.85,1.0418183,1484
8.47,0.7536917,10060
7.9,2.9075673,10060
7.82,3.6518059,10060
7.52,-2.0834436,5959
6.4,-2.448512,5959
6.23,-5.935833,5959
5.9,-2.2169423,5959
5.88,-2.2993417,5959
5.53,-4.473677,5959
5.48,-1.9969893,5959
5.4,-0.9595959,5959
5.11,-1.1392881,5959
6.4,-1.0713888,16500
7.92,0.12344452,1012
7.38,1.0419072,1012
6.57,-0.067573436,1012
6.05,-3.7353013,1012
5.34,0.5172303,1012
4.57,-2.73655,1012
4.55,-8.918148,1012
6.08,-1.7477118,17505
5.7,-1.2952008,17505
4.0,-5.4758854,5074
6.16,0.3228808,7099
5.3,-2.8155608,15466
6.55,-1.9024383,13548
5.72,-3.2548077,13548
5.29,-4.7193575,3871
9.0,0.12896019,177
8.8,2.8265707,177
8.6,4.051532,177
8.43,3.9096017,177
8.4,0.12896019,177
8.22,0.5451387,177
8.15,2.1241825,177
8.05,3.9096017,177
8.05,-3.2715278,177
7.95,0.38731807,177
7.68,2.707268,177
7.52,1.6286786,177
7.37,-0.1616917,177
7.3,7.004024,177
7.28,-0.16171265,177
7.22,3.4800773,177
7.18,-1.5147535,177
7.15,-0.31963047,177
7.14,-3.4261138,177
7.09,-4.632602,177
7.04,-1.3421507,177
6.96,-3.9907634,177
6.92,-2.286947,177
6.85,-2.589339,177
6.82,1.9224367,177
6.69,-0.12116736,177
6.64,0.61488533,177
6.58,-2.8124173,177
6.55,0.26163393,177
6.51,-0.16880633,177
6.42,4.705096,177
6.36,-3.6019204,177
6.3,0.7049011,177
6.3,2.3573341,177
6.3,-0.26719955,177
6.3,-1.6479079,177
6.3,-1.7654806,177
6.3,-0.62421167,177
6.3,-2.0170884,177
6.3,1.0738233,177
6.3,-3.0070226,177
6.28,-2.099792,177
6.21,2.275396,177
6.18,-0.61988115,177
6.16,-1.7201686,177
6.12,-0.39551482,177
6.08,-4.701439,177
6.07,0.1435948,177
6.05,0.17234924,177
6.03,0.61517787,177
6.0,-0.38017353,177
6.0,0.72021973,177
6.0,-0.5637361,177
5.96,-8.292832,177
5.96,-3.2680037,177
5.93,-0.92932665,177
5.9,0.048035428,177
5.82,-7.095202,177
5.8,-0.37066054,177
5.74,-6.965701,177
5.73,1.8373065,177
5.7,-2.9363205,177
5.7,0.07702023,177
5.7,0.61033785,177
5.7,3.5601792,177
5.7,-3.5378892,177
5.64,-3.9904602,177
5.6,-0.058051288,177
5.52,-0.45216084,177
5.44,-2.693629,177
5.42,-5.695398,177
5.41,-5.390616,177
5.4,-0.6291156,177
5.4,-4.582828,177
5.4,-6.0374055,177
5.37,-1.0628314,177
5.3,0.4870071,177
5.3,-6.9646087,177
5.3,-1.0969067,177
5.3,0.40759137,177
5.27,-3.1438754,177
5.25,-4.6903443,177
5.18,-5.010301,177
5.12,-5.696982,177
5.12,0.18544932,177
5.11,-3.4045587,177
5.07,-2.3648915,177
5.0,-7.1217775,177
5.0,-8.054312,177
4.89,-1.656707,177
4.64,-0.7026504,177
4.55,-6.615455,177
4.44,0.8190056,177
4.43,-0.32283267,177
4.42,-5.996168,177
4.41,-7.5751853,177
4.4,-2.6809359,177
4.12,-6.9426923,177
4.06,1.310807,177
4.98,-3.8597777,11076
4.97,-3.4308143,11076
4.59,-3.0516489,11076
7.01,-2.1090946,2227
6.23,1.0967321,10986
5.0,-2.7400808,7484
4.0,-5.7026205,5073
5.96,-2.465774,5197
5.36,1.00526,5197
5.22,-1.2617354,2648
5.16,2.9426734,2648
4.04,0.8534217,2648
8.3,-0.46476662,16936
8.24,1.0008587,16936
7.28,0.065232985,16936
7.17,0.82806623,16936
7.05,-1.6441056,16936
6.76,-1.0599914,16936
6.63,-2.1562977,16936
6.44,-0.15012084,16936
6.39,-0.81160545,16936
5.79,0.40735966,16936
5.68,1.7376426,16936
5.6,-0.8359581,16936
5.59,-1.9766765,16936
5.28,-1.5625546,16936
5.08,0.41614568,16936
6.54,-0.7408093,3364
6.16,-1.9419458,3364
6.01,-3.4698088,3364
7.54,-1.3148121,5692
7.05,-0.07770978,5692
6.77,-1.7662045,5692
6.68,-0.661469,5692
5.92,-2.151413,5692
5.18,-0.22432722,5692
5.05,-1.8747406,5692
6.97,0.74675155,13643
7.15,-0.07696288,14937
10.0,3.2157938,6255
10.0,1.97744,6255
10.0,1.7463078,6255
10.0,2.4703567,6255
9.7,-0.8166081,6255
9.7,1.734405,6255
9.7,0.54626906,6255
9.7,0.53291726,6255
9.7,4.574057,6255
9.7,2.614101,6255
9.52,-0.5411,6255
9.52,0.80334187,6255
9.52,1.0914778,6255
9.52,-1.7943372,6255
9.52,1.8037592,6255
9.52,-2.247061,6255
9.52,0.84166574,6255
9.4,-1.4248487,6255
9.4,-0.05732835,6255
9.4,-0.57420063,6255
9.4,0.6630974,6255
9.4,3.0222602,6255
9.4,0.66078365,6255
9.4,2.3337264,6255
9.4,0.9835124,6255
9.3,0.85595715,6255
9.3,1.4844314,6255
9.22,-1.251952,6255
9.22,2.354492,6255
9.22,1.8935475,6255
9.22,1.3897909,6255
9.22,3.956653,6255
9.15,-0.3472826,6255
9.05,0.050585274,6255
9.05,0.44034007,6255
9.05,3.3837116,6255
9.05,2.8761199,6255
9.0,-1.4485922,6255
9.0,0.61063135,6255
9.0,1.0444227,6255
9.0,1.2491179,6255
8.96,0.9300977,6255
8.92,0.98432004,6255
8.92,-2.6091282,6255
8.89,0.58952713,6255
8.89,3.280482,6255
8.85,2.2599943,6255
8.85,2.6096704,6255
8.82,0.78782356,6255
8.82,-0.5923903,6255
8.8,-0.96558094,6255
8.8,0.36252436,6255
8.8,-1.4387894,6255
8.8,-2.2949927,6255
8.77,-0.11920524,6255
8.77,0.3013787,6255
8.74,1.7966491,6255
8.72,2.36194,6255
8.7,0.23996383,6255
8.7,-1.0941528,6255
8.66,-2.2957335,6255
8.62,2.3964643,6255
8.6,0.8321887,6255
8.6,-0.49895802,6255
8.6,0.8578577,6255
8.6,-0.14766796,6255
8.59,2.2970147,6255
8.57,2.1667151,6255
8.51,-0.5141057,6255
8.47,0.654474,6255
8.44,2.172154,6255
8.4,-1.7355369,6255
8.35,2.5057175,6255
8.31,-1.4053297,6255
8.28,2.32713,6255
8.27,0.66482174,6255
8.22,-3.2573376,6255
8.11,3.819617,6255
8.1,1.4456078,6255
8.09,-0.1477621,6255
8.08,-0.7745453,6255
7.93,0.32341734,6255
7.93,4.7040887,6255
7.91,0.28529927,6255
7.85,-1.6950786,6255
7.82,-1.2571181,6255
7.81,3.660796,6255
7.8,1.3898864,6255
7.79,-0.20971955,6255
7.78,-0.93466544,6255
7.68,-0.007672578,6255
7.68,-0.6214911,6255
7.65,1.4122514,6255
7.56,0.4675943,6255
7.51,-0.9314445,6255
7.5,0.16886953,6255
7.46,-0.2824933,6255
7.45,2.121159,6255
7.41,1.312508,6255
7.33,-1.0118456,6255
7.33,0.67474806,6255
7.26,-0.19015762,6255
7.2,2.6118984,6255
7.19,1.2644538,6255
7.15,-1.9057305,6255
7.1,3.1407068,6255
7.1,-1.1692753,6255
6.98,0.96124625,6255
6.96,0.7044878,6255
6.4,-1.9864788,6255
6.4,-3.096371,6255
6.39,-2.9465103,6255
6.3,1.2612402,6255
5.96,-4.9680333,6255
5.92,-5.179768,6255
5.58,1.998926,6255
7.39,2.9319677,208
6.83,-0.40818608,208
6.79,2.249267,208
6.38,0.15676916,208
6.28,1.1865878,208
5.97,-0.00798776,208
5.97,0.47865203,208
5.93,0.47865203,208
5.7,-0.11736348,208
5.53,-0.7478534,208
8.52,-0.3980943,1970
6.16,0.77315986,1970
6.92,-2.0109887,10658
6.64,0.5252923,10658
6.38,-0.79113185,10658
6.12,-2.5051377,10658
5.85,-1.3520303,10658
5.33,-1.9240887,10658
5.26,-4.640251,10658
5.21,-4.840592,10658
5.12,-4.207045,10658
5.03,-4.6339006,10658
5.01,-3.3180358,10658
6.74,0.057892203,1489
4.26,-0.41263428,8133
4.22,-7.1549835,8133
4.21,-4.648089,8133
4.21,-2.3799787,8133
4.19,-3.8624763,8133
4.17,-2.1982534,8133
4.14,-0.23365134,8133
4.12,-4.7690353,8133
9.0,1.2561595,4758
8.92,-5.353034,4758
8.73,-0.139891,4758
8.19,1.8883545,4758
5.45,-2.7510312,16878
8.7,3.7479177,15892
8.0,-2.216767,15892
7.82,-3.6887896,15892
7.82,-3.9689837,15892
7.55,-6.4642363,15892
6.82,-5.9280334,15892
6.7,-3.9994824,15892
6.13,-5.9714108,15892
6.03,-3.5938253,15892
5.84,-6.7578793,15892
5.61,-3.4967318,15892
5.54,-4.4681845,15892
8.4,1.1812574,6850
8.15,0.47458157,6850
8.1,1.803152,6850
8.1,1.2514294,6850
8.05,5.7854276,6850
7.89,-2.3542504,6850
7.8,2.4387407,6850
7.57,-2.4578798,6850
7.35,0.4894537,6850
7.33,-1.9821502,6850
6.92,2.551875,6850
6.68,3.0721836,6850
6.15,5.5691366,6850
5.05,-1.5230265,6850
6.32,-0.78191507,7729
6.04,2.1155982,7729
5.63,-0.32423386,7729
5.6,1.4353762,7729
5.52,2.5366657,7729
5.21,0.7930018,7729
5.16,-0.19341362,7729
5.1,-1.0153668,7729
4.68,-2.4152117,7729
4.87,-6.4884167,15208
4.64,-2.8829844,15208
4.38,-4.1806893,15208
6.36,-1.7603792,14533
6.4,-5.1293,15220
6.3,-1.46762,15220
5.89,-5.854822,15220
5.4,-3.5041935,15220
5.27,-4.507325,15220
5.16,-7.0051246,15220
5.1,-5.760834,15220
4.77,-5.719261,15220
4.4,-7.1361446,15220
7.8,0.5529165,10343
7.04,-0.6493728,10343
6.75,-0.87958586,10343
6.72,0.6735107,10343
6.28,-1.9167491,10343
6.25,-0.5497143,10343
6.6,-6.6652136,2743
5.0,-0.96737266,8713
9.0,2.4219186,3150
8.7,4.8224006,3150
8.7,4.6342688,3150
8.52,2.4125402,3150
8.22,3.572028,3150
8.22,2.4413943,3150
8.15,3.7175918,3150
8.05,1.5609204,3150
7.92,2.5188398,3150
7.85,3.5679562,3150
7.82,2.9743102,3150
7.75,1.7807134,3150
7.72,3.3635857,3150
7.72,3.3635857,3150
7.3,1.474427,3150
7.17,2.2414904,3150
6.82,0.9243343,3150
6.77,0.8913871,3150
6.61,0.17836806,3150
6.58,1.2663742,3150
6.58,2.471889,3150
6.54,1.1163305,3150
6.48,4.072621,3150
6.37,-0.39223072,3150
6.33,1.5425559,3150
6.16,2.557063,3150
6.08,-0.52918255,3150
6.04,-0.28374225,3150
5.81,-1.068591,3150
8.17,0.38665217,8603
8.09,-1.9288975,8603
7.96,0.6946945,8603
7.95,3.7313046,8603
7.85,0.70129764,8603
7.8,0.9069623,8603
7.67,2.9932039,8603
7.65,2.8337545,8603
7.58,2.6464236,8603
5.92,-0.13898511,8603
5.1,-3.322233,7180
5.0,-7.4989357,7180
5.0,-5.283092,7180
5.0,-8.70418,7180
5.0,-4.6995587,7180
4.9,-4.6995587,7180
4.7,-3.0775356,7180
4.7,-5.9834914,7180
4.6,-0.56095016,7180
4.4,-4.82668,7180
4.4,-5.781296,7180
6.6,2.650459,3717
6.5,-0.40822673,3717
6.5,-0.4402715,3717
6.4,2.5320756,3717
6.4,0.4656788,3717
6.4,2.4170096,3717
6.3,1.2611624,3717
6.3,0.13651475,3717
6.2,-0.9072343,3717
5.7,-3.447082,3717
5.6,1.3589336,3717
5.5,-0.7486005,3717
5.3,-1.1446139,3717
8.4,3.744283,2997
8.3,1.3347087,2997
8.05,0.35687074,2997
7.58,-1.534789,2997
7.44,-0.78576255,2997
7.38,-3.1201189,2997
6.96,-4.8331494,2997
6.55,-3.9337394,2997
6.41,-4.5877404,2997
6.14,-5.2192574,2997
5.5,-5.462242,2997
9.4,0.01578551,16214
9.05,-1.2639799,16214
9.0,-1.9919186,16214
8.82,-0.48033795,16214
8.77,-0.5976503,16214
8.77,-2.8539274,16214
8.72,-1.2177274,16214
8.64,0.22095364,16214
8.59,-1.0353605,16214
8.57,-0.24652997,16214
8.47,-1.3198946,16214
8.44,-1.5817127,16214
8.42,-8.232386,16214
8.41,3.1457174,16214
8.38,2.4377265,16214
8.36,1.4463224,16214
8.35,4.683108,16214
8.35,2.7129889,16214
8.34,0.9349382,16214
8.24,0.5196736,16214
8.24,0.6949078,16214
8.22,-4.035085,16214
8.19,2.9813719,16214
8.05,-1.3831853,16214
8.04,3.8443544,16214
7.87,2.876135,16214
7.87,1.1957424,16214
7.8,-0.8247508,16214
7.8,0.034624435,16214
7.79,-6.4121313,16214
7.63,2.5282333,16214
7.52,-0.8493786,16214
7.51,2.8349493,16214
7.37,1.1394451,16214
7.28,4.612514,16214
7.17,0.15417817,16214
7.05,2.9937282,16214
7.0,-1.7064006,16214
6.96,-1.5091116,16214
6.95,-1.912987,16214
6.88,-0.5304439,16214
6.86,-2.5111964,16214
6.63,0.7959914,16214
6.43,-0.5511459,16214
7.05,-2.648848,8901
6.94,-1.7102784,5925
6.69,-1.3242177,5925
6.44,-0.9530797,5925
8.68,2.2005138,8853
5.8,-3.7428918,10038
4.44,-2.6402583,10038
9.3,0.7014668,5510
7.37,0.6034566,5510
8.85,3.0051713,7299
8.82,0.68198085,7299
8.62,2.1564968,7299
8.15,1.1681218,7299
7.77,-2.1669621,7299
9.03,0.650357,10154
8.35,-0.8008933,10154
7.1,-0.5261407,10154
6.1,0.74830914,10154
6.05,0.34414116,10154
5.82,0.27647898,10154
5.58,0.71649253,10154
5.54,-0.45904264,10154
5.04,-0.40282786,10154
5.72,-6.6431336,15299
5.39,-4.727388,15299
5.19,-3.730849,15299
5.17,-3.802291,15299
5.01,-3.1982756,15299
4.96,-3.6505344,15299
4.96,-1.5038443,15299
4.92,-3.6316085,15299
4.82,-3.5988169,15299
4.75,-5.5072227,15299
4.75,-4.2042203,15299
4.66,-5.8397474,15299
4.66,-3.3988054,15299
4.62,-5.0472226,15299
4.6,-4.5114803,15299
4.6,-0.4610618,15299
4.6,-3.1518424,15299
4.57,-2.9449646,15299
4.57,-5.1939144,15299
4.57,-5.886094,15299
4.55,-3.4030807,15299
4.46,-2.444742,15299
4.46,-2.6656847,15299
4.35,-4.389925,15299
4.3,-1.590117,15299
4.3,-4.176072,15299
4.3,-4.8421693,15299
5.7,-5.671222,9748
5.68,-6.5163307,9748
5.37,-2.4153445,9748
5.19,-2.1644835,9748
5.18,-4.1069694,9748
5.07,-6.746404,9748
4.96,-5.022969,9748
6.71,0.044565782,1806
4.58,-1.783288,4045
6.62,-2.689071,8944
6.15,0.9272301,8944
5.39,-0.38855144,3198
8.29,-1.0366604,3679
8.02,-1.2296774,3679
7.86,-3.7637415,3679
7.78,0.5724517,3679
7.72,-5.5431957,3679
7.71,-4.07392,3679
7.68,-2.5370548,3679
7.67,0.5516499,3679
7.6,-0.11581078,3679
7.51,-3.6209779,3679
7.35,-4.6750684,3679
7.31,-0.7053393,3679
7.03,-3.9306502,3679
6.16,-2.8824842,3679
6.03,-0.6651701,3679
5.81,-2.2709968,3679
5.38,-2.4824796,3679
5.1,-2.737455,3679
5.16,-2.8369563,8533
5.07,-4.2117696,8533
7.8,1.653841,5157
7.75,1.480064,5157
7.52,-1.0051477,5157
7.51,1.5154539,5157
7.51,1.3637635,5157
7.38,1.6119282,5157
7.21,0.7042763,5157
7.21,-0.73766637,5157
7.0,1.3637635,5157
6.96,0.2797237,5157
6.92,1.5154539,5157
6.89,1.653841,5157
6.89,1.6119282,5157
6.89,1.6400766,5157
6.89,1.480064,5157
6.82,-0.09689331,5157
6.77,1.6400766,5157
6.68,1.480064,5157
6.6,-2.34876,5157
6.55,0.7042763,5157
6.46,-0.73766637,5157
6.42,0.2797237,5157
6.4,-0.09689331,5157
6.24,-1.0051477,5157
6.82,-2.4579136,5266
6.37,-5.4379067,5266
6.27,-4.3125567,5266
6.24,-3.4835594,5266
5.52,0.49169412,5266
5.47,-3.8416007,5266
8.82,1.9121934,14604
7.97,1.0207096,14592
6.25,-0.65617883,12859
6.6,-3.9199102,10057
6.0,-0.086138055,10057
6.0,1.6119442,10057
5.9,-4.9743314,10057
5.9,0.088016555,10057
5.9,-1.2680123,10057
5.8,-3.7769482,10057
5.8,0.6901698,10057
5.5,-1.2680123,10057
5.5,-3.245157,10057
5.4,-3.038431,10057
5.4,-1.2680123,10057
5.3,-3.6852372,10057
5.3,-1.0591998,10057
5.1,-4.7804365,10057
5.1,-2.229702,10057
5.1,-4.130653,10057
5.1,-1.9718776,10057
5.0,-1.9718776,10057
5.0,-2.7482715,10057
4.9,-1.1159152,10057
4.9,-4.9743314,10057
4.9,-1.8300298,10057
4.8,-1.8845171,10057
4.8,-5.6337256,10057
4.8,-3.8495362,10057
4.8,-3.038431,10057
4.7,-1.5714577,10057
4.7,-2.0862448,10057
4.6,-3.999379,10057
4.6,-4.7804365,10057
4.6,-3.6852372,10057
4.6,-3.6852372,10057
4.6,-5.6337256,10057
4.5,-3.999379,10057
8.4,-0.94817317,15392
8.0,0.39553872,15392
7.72,2.1432009,15392
7.51,-1.5606484,15392
7.4,-1.1529725,15392
7.3,-1.5792844,15392
7.04,1.1972792,15392
6.96,-1.218254,15392
6.78,1.252305,15392
6.68,0.053155202,15392
5.51,0.250207,15392
7.37,0.10852742,5905
9.05,0.9132688,13918
8.85,3.1093109,13918
8.72,-0.77770233,13918
7.16,-2.8289173,11683
8.33,-1.7139093,9393
8.0,-0.22952768,9393
7.82,-2.1031497,9393
7.8,-1.7669532,9393
7.68,2.778807,9393
7.54,-1.6095483,9393
7.48,-1.0590441,9393
7.42,0.9132856,9393
7.41,-0.012138158,9393
7.16,0.8606043,9393
7.1,-3.0288665,9393
7.08,-1.835232,9393
6.77,-3.9942462,9393
6.66,0.52466476,9393
6.45,-0.37736875,9393
6.42,2.7422278,9393
6.3,-4.831567,9393
5.68,-0.9729322,9393
5.37,-0.3075726,9393
8.05,-1.0253837,7325
8.05,-1.3095831,7325
5.27,-0.4207286,5166
4.64,-1.3354911,10092
8.96,1.4688421,11940
7.96,-1.0788629,7385
8.7,-0.6512791,11206
4.58,-1.4490254,12849
4.43,-0.59122276,12849
4.35,-3.579613,12849
4.14,-2.129433,12849
4.05,-1.1377573,12849
4.03,-3.9875915,12849
4.0,-1.2643619,12849
5.0,-0.8792888,15399
8.3,1.3599029,8110
8.4,-0.8068961,575
8.4,-2.2778323,575
8.22,0.9882724,575
8.0,4.4721084,575
7.31,-2.2696502,575
7.11,-1.4802326,575
7.06,-0.45939785,575
6.92,-1.7520018,575
6.89,-1.8270363,575
6.84,0.15245798,575
6.77,-1.3530494,575
6.77,-2.3058717,575
6.72,-2.6342437,575
6.67,-1.9903758,575
6.64,-1.0841545,575
6.42,0.95256066,575
6.24,0.12215321,575
6.16,-5.779534,575
5.9,-1.6740013,575
5.22,-3.1417968,575
5.14,-3.634611,575
8.05,2.4626694,7137
7.11,1.3487275,2144
5.96,-0.6226802,2144
5.96,0.17603481,2144
5.57,2.6663048,2144
5.0,1.0258634,2144
4.8,0.30229768,2144
4.57,0.74897254,2144
4.28,-2.8666213,2144
5.5,-3.9936774,6639
4.96,-5.450066,6639
4.33,-2.3021662,6639
7.22,-7.8362713,12093
5.28,-3.170502,12093
4.22,-2.4028084,12093
9.0,-4.975343,3907
8.7,1.8992085,3907
8.7,-0.60057867,3907
8.52,0.8562044,3907
8.52,0.2683653,3907
8.52,2.744546,3907
8.4,0.6540977,3907
8.4,2.4963696,3907
8.4,-0.27696773,3907
8.4,-0.22634666,3907
8.3,-2.4391973,3907
8.3,-1.7788161,3907
8.3,-0.007160403,3907
8.3,0.052165817,3907
8.22,1.3247739,3907
8.15,0.5155688,3907
8.0,-1.0070623,3907
8.0,2.4963696,3907
7.89,-2.0629938,3907
7.85,-5.079339,3907
7.8,-0.4626126,3907
7.8,-0.82921064,3907
7.77,-0.5658672,3907
7.72,0.3771854,3907
7.72,1.7141768,3907
7.62,-3.8267534,3907
7.58,-1.6364976,3907
7.52,1.0406157,3907
7.48,-1.0489202,3907
7.47,0.47233292,3907
7.46,-2.0591378,3907
7.44,-1.7963786,3907
7.33,0.056992102,3907
7.21,-0.6560955,3907
7.19,-0.13685328,3907
7.17,-0.57920814,3907
7.17,-0.6560955,3907
6.88,-2.116695,3907
6.87,-0.6560955,3907
7.7,0.098235436,5185
7.35,-1.1739243,7858
8.39,1.2101161,3559
7.85,0.0916723,3559
7.77,-0.45353904,3559
7.54,-0.18115866,3559
9.7,1.357923,13731
9.4,2.38657,13731
9.3,1.0131203,13731
9.22,-0.82810795,13731
9.22,4.04334,13731
9.15,-3.4022763,13731
9.05,-1.3467911,13731
9.0,-0.202707,13731
8.96,-1.0089211,13731
8.89,-1.0606668,13731
8.77,2.264721,13731
8.66,-1.9049156,13731
8.62,-1.3467911,13731
8.59,1.4445455,13731
8.59,-1.8244033,13731
8.34,0.7413825,13731
7.89,-1.003161,13731
7.75,0.66510427,13731
7.47,-1.5979453,13731
7.39,-1.3467911,13731
7.27,-0.945233,13731
7.25,-0.46832442,13731
7.17,-3.3866243,13731
6.78,-2.2077105,13731
6.61,-1.1758413,13731
6.36,1.7548757,13731
6.29,-2.5554068,13731
5.93,-2.5441217,13731
7.57,0.6972519,10076
6.2,-2.9593875,11111
6.03,-3.3670385,11111
6.02,-0.3739568,11111
4.02,-2.6708782,15197
7.0,-3.0487666,16057
6.82,-2.5681248,16057
6.7,-2.8239872,16057
6.7,-2.5935178,16057
6.7,-2.1869035,16057
6.52,-0.08689448,16057
6.46,-1.2184947,16057
6.43,-3.9460537,16057
6.4,-3.1738794,16057
6.4,-3.9472737,16057
6.35,-2.4753215,16057
6.3,-2.9372656,16057
6.22,-1.7031413,16057
6.16,-3.00404,16057
6.1,-3.088717,16057
6.1,-6.191615,16057
6.0,-2.8206265,16057
6.0,-1.6715715,16057
5.92,-0.18634826,16057
5.89,-2.3769574,16057
5.82,-4.0075464,16057
5.82,-2.0588567,16057
5.75,-5.449687,16057
5.72,-3.4673517,16057
5.7,0.76837814,16057
5.48,-0.63179696,16057
5.42,-3.305685,16057
5.29,-5.0594444,16057
5.24,-4.2928157,16057
5.1,-2.543285,16057
4.47,-3.7968807,16057
4.21,-0.2285597,16057
7.52,-1.930562,16908
7.68,-2.4223335,7423
7.66,-2.0261421,7423
7.52,0.66577375,7423
7.48,-1.4960611,7423
7.4,0.36110348,7423
7.33,0.5370424,7423
7.33,-4.808095,7423
7.24,-3.2691684,7423
7.15,-3.3642275,7423
7.0,-5.1090956,7423
6.96,-6.038955,7423
6.96,-4.5750947,7423
6.89,-4.955898,7423
6.75,-4.3368073,7423
6.7,-4.00157,7423
6.57,-4.5209374,7423
6.16,-5.4970636,7423
7.92,-1.208767,7042
7.72,-1.7288431,7042
7.49,0.23342949,7042
7.48,-0.5888642,7042
7.39,-2.3276713,7042
8.7,0.92771375,13789
8.7,3.4346058,13789
8.57,-0.7145798,13789
8.52,-3.858602,13789
8.52,1.055374,13789
8.52,4.5156345,13789
8.52,3.4166052,13789
8.52,2.394439,13789
8.4,0.15953146,13789
8.4,4.2877083,13789
8.4,-1.7801473,13789
8.39,-2.8812902,13789
8.37,1.1105922,13789
8.3,2.1520731,13789
8.3,1.40682,13789
8.3,1.7346021,13789
8.22,0.97750044,13789
8.22,-0.50307,13789
8.15,2.9775884,13789
8.1,2.5776517,13789
8.05,0.5477805,13789
8.0,3.3207912,13789
8.0,1.9751241,13789
7.96,4.3196764,13789
7.92,-0.19551492,13789
7.92,0.43721434,13789
7.85,1.1103344,13789
7.82,1.1473827,13789
7.82,0.6648514,13789
7.77,-0.58710086,13789
7.77,1.1891236,13789
7.75,4.571696,13789
7.72,-0.9281807,13789
7.31,-0.43906063,13789
7.3,4.1926537,13789
7.02,4.0697026,13789
7.01,-0.6976321,13789
6.69,-1.0719193,13789
6.15,2.0526311,13789
8.68,-1.3931862,17356
8.6,-2.5242176,17356
7.05,-0.25248566,17356
7.05,-0.5452341,17356
7.05,-2.4481897,17356
6.96,-1.4324967,17356
6.85,-1.792571,17356
6.85,-2.020435,17356
6.77,-1.0355655,17356
6.75,0.22362691,17356
6.7,-1.9135644,17356
6.66,-0.6287135,17356
6.62,0.3937258,17356
6.6,-0.6268523,17356
6.55,-0.556594,17356
6.52,-0.31692037,17356
6.5,-1.6484041,17356
6.47,-1.7853469,17356
6.47,-3.1413646,17356
6.44,-4.300346,17356
6.26,-2.9180214,17356
6.14,-1.3270321,17356
6.08,-2.7948031,17356
6.0,-3.2643795,17356
6.0,-3.8738222,17356
5.68,-2.8386357,17356
7.62,3.3062396,4749
7.32,3.147758,4749
7.27,2.154858,4749
7.17,4.96626,4749
7.1,1.1320761,4749
6.89,3.641096,4749
6.8,0.7989135,4749
6.77,1.6851838,4749
6.6,-1.2086674,4749
6.46,0.58361447,4749
6.29,-1.1595651,4749
6.1,-0.5976707,4749
6.04,-0.5784066,4749
5.99,0.06660232,4749
5.72,-0.44926336,4749
8.64,1.9387796,9479
8.57,3.5094764,9479
8.49,0.25468755,9479
8.46,-0.50242186,9479
8.41,-1.188917,9479
8.38,-2.353124,9479
8.29,4.785171,9479
5.17,-1.8995546,12668
7.89,-0.76938,3203
7.82,0.73413694,3203
7.82,-0.23872873,3203
7.7,-1.3460599,3203
7.6,-1.5971344,3203
7.46,4.0372214,3203
7.1,0.62711906,3203
7.03,-0.30728516,3203
6.9,-3.482628,3203
5.34,0.4036238,3203
9.1,-1.659886,8245
8.7,-0.87007415,8245
8.52,-2.1909826,8245
8.52,0.81046844,8245
8.4,0.41697192,8245
7.77,-2.059821,8245
7.77,-0.32023075,8245
7.66,-2.1223168,8245
7.58,1.300987,8245
7.46,1.313559,8245
7.42,-0.55163467,8245
7.33,-0.39800885,8245
7.0,-0.8147409,8245
6.9,2.2679539,8245
6.83,-0.6732397,8245
6.66,1.9647973,8245
6.62,1.586085,8245
5.71,-4.38518,8245
5.23,-6.287811,8245
7.47,-0.39366177,15416
7.25,-2.6789596,15416
7.24,-2.4003224,15416
6.36,-5.023429,15416
6.33,-3.0680401,15416
6.32,-2.175303,15416
6.13,-3.8780391,15416
5.52,-5.3243184,15416
5.28,-3.9187653,15416
8.0,-0.55834424,2043
7.54,-0.49313107,2043
7.22,-1.2465364,2043
7.06,-1.8761199,2043
7.02,-2.1519983,2043
5.4,-1.6891739,1850
7.05,-2.6252625,12893
6.89,-4.5536246,12893
6.82,-10.081537,12893
6.7,-4.350176,12893
6.64,-3.7502112,12893
6.54,-10.081537,12893
6.35,-4.5536246,12893
6.3,-1.6722479,12893
6.28,-5.715309,12893
6.25,-0.76295865,12893
6.09,-2.431566,12893
6.06,-1.2538218,12893
6.04,2.550654,12893
6.0,-5.715309,12893
5.89,-0.76295865,12893
5.89,-5.334308,12893
5.8,-1.2895491,12893
5.6,-5.0355988,12893
5.47,-5.8277316,12893
5.46,-0.36452785,12893
5.4,-5.8277316,12893
5.17,-1.8946122,12893
6.7,2.5229583,15310
6.14,-0.39715093,15310
6.06,0.061147764,15310
5.8,0.052661438,15310
5.58,0.93634784,15310
5.51,0.25386813,15310
5.41,0.66155934,15310
5.38,-1.8769655,15310
4.77,0.3888136,15310
6.62,-1.6816671,2617
4.38,-1.7451184,11997
4.78,-4.413997,3806
4.78,-2.887312,3806
4.62,-4.83467,3806
4.36,-5.317691,3806
4.3,-1.9412055,3806
4.05,-3.2930923,3806
8.46,1.7440344,5261
7.21,-2.740862,4963
6.56,-4.111527,4963
6.45,-4.2887616,4963
6.3,-4.4360967,4963
6.04,-4.1014524,4963
5.43,-3.606479,4963
5.38,-4.880761,4963
5.18,-4.7343717,4963
4.84,-3.1461353,4963
4.34,-5.834095,4963
6.6,-1.2781017,12395
6.35,0.066473134,12395
6.24,-0.91542375,12395
5.87,4.054818,12395
5.45,3.900715,12395
5.39,0.95271766,12395
4.46,5.342552,12395
4.39,-1.370155,12395
8.82,0.004623497,14498
9.43,4.2784686,7818
9.39,5.434272,7818
9.39,1.293411,7818
9.34,0.83320546,7818
9.07,0.6529393,7818
8.99,2.1291752,7818
8.95,0.6887914,7818
8.89,0.67164564,7818
9.15,4.1046476,7336
8.55,4.296023,7336
8.05,-1.9416053,7336
8.03,0.90002847,7336
7.98,1.0653297,7336
7.88,0.26768038,7336
7.78,-4.4551873,7336
7.72,-0.7916615,7336
7.59,-1.09167,7336
7.42,-1.2061898,7336
7.37,0.23911172,7336
7.27,2.0048933,7336
7.26,3.475287,7336
6.86,2.8922253,7336
6.79,-0.42647725,7336
6.65,-1.9938052,7336
6.49,-4.0214467,7336
5.15,-1.4910481,7336
6.38,3.320283,13170
6.28,2.9882452,13170
6.25,2.963245,13170
6.24,3.8644724,13170
6.0,3.2951617,13170
5.81,0.52099705,13170
5.72,3.461438,13170
5.66,-0.99749875,13170
5.47,1.2303145,13170
5.47,1.2303145,13170
5.33,1.7565329,13170
4.95,-0.5501627,13170
4.94,-0.37431845,13170
4.86,1.3082285,13170
4.82,-3.7567418,13170
8.22,-1.4853389,2685
6.1,-1.4853389,2685
4.59,-2.2731097,1116
5.46,0.7615675,2720
5.16,-2.277053,2720
8.68,-0.4999524,14717
8.38,0.8430753,12305
4.3,-3.535994,974
7.77,0.80650365,4797
7.24,-2.4276319,4797
7.22,-4.9874644,4797
7.11,-4.992313,4797
6.92,-7.2583427,4797
6.88,-3.5410042,4797
6.72,-5.885247,4797
6.65,-5.463283,4797
6.53,-1.7659818,4797
6.48,-4.530739,4797
6.46,-3.4348986,4797
6.42,-5.817527,4797
6.41,-4.391589,4797
6.37,-2.907296,4797
6.26,-4.86083,4797
6.16,-6.362236,4797
5.77,-5.7650023,4797
5.67,-3.459682,4797
5.23,-2.345321,4797
7.9,-0.50126696,10591
7.84,-2.63832,10591
7.78,-0.92787516,10591
7.76,-6.6917796,10591
7.46,-1.9635084,10591
7.43,-3.1023986,10591
7.43,-2.5814373,10591
7.36,-4.369067,10591
7.26,-3.6113696,10591
7.06,-2.7412112,10591
7.04,0.5988034,10591
7.02,-4.4916115,10591
7.0,-4.790642,10591
6.97,-2.8114552,10591
6.95,-3.8416035,10591
6.79,-6.269634,10591
6.78,-5.280654,10591
6.77,-6.9870543,10591
6.76,-3.2530155,10591
6.69,-4.64779,10591
6.69,-1.6800874,10591
6.66,-5.739565,10591
6.65,-2.1099494,10591
6.62,-4.466003,10591
6.57,-6.743034,10591
6.52,-0.22916156,10591
6.48,-2.3970513,10591
6.48,-5.9404445,10591
6.48,-3.7097845,10591
6.46,-1.7873659,10591
6.41,-5.2687354,10591
6.3,-2.2678423,10591
6.26,-6.421023,10591
6.24,-4.5917263,10591
6.18,-5.6940994,10591
6.18,-0.9189682,10591
6.15,-6.529438,10591
6.15,-2.8713827,10591
6.15,-5.004336,10591
6.11,-3.841641,10591
6.09,-3.5212936,10591
6.05,-4.1474557,10591
5.82,-3.5399642,10591
5.8,-5.0138755,10591
5.77,-0.55371284,10591
5.65,-4.336244,10591
5.61,-5.4019775,10591
5.58,-3.483242,10591
5.46,-3.7152483,10591
5.43,-7.093552,10591
5.41,-0.69982123,10591
5.04,-5.9930425,10591
4.81,-5.116713,10591
8.47,-0.5399679,11968
8.22,-1.9326234,11968
8.05,-3.896652,11968
7.81,-0.26375467,11968
7.73,-1.5456461,11968
7.67,-3.0794265,11968
7.61,-4.1387095,11968
7.51,-3.7753644,11968
7.49,-2.815325,11968
7.47,-4.310547,11968
7.43,-2.1166847,11968
7.41,-2.7348838,11968
7.4,-4.698795,11968
7.39,-4.0529323,11968
7.37,-3.5958908,11968
7.26,-3.6273391,11968
7.05,-3.5679057,11968
6.96,-5.370627,11968
6.91,-1.4295052,11968
6.71,-1.8249704,8913
7.75,-3.086892,2639
7.36,-3.6451209,2639
7.32,1.2077543,2639
7.31,-1.9367424,2639
7.3,-1.789262,2639
7.3,-0.02464132,2639
7.25,0.11433062,2639
7.21,-0.20764437,2639
7.21,-0.62040615,2639
7.09,-2.0895412,2639
7.05,-2.844583,2639
7.0,-3.233725,2639
6.96,-1.853412,2639
6.92,-0.20716721,2639
6.92,-0.39766848,2639
6.85,-0.29516998,2639
6.82,0.52598834,2639
6.82,-1.4701825,2639
6.82,-2.7336636,2639
6.8,2.123313,2639
6.75,0.21881521,2639
6.68,-4.735236,2639
6.66,-0.47546676,2639
6.66,-0.96168983,2639
6.64,-2.8888252,2639
6.55,-1.7158531,2639
6.29,-2.3137243,2639
6.14,-4.0291905,2639
5.87,-3.4342923,2639
5.82,-4.182727,2639
5.82,-4.529295,2639
5.8,-2.6980293,2639
5.77,-2.311052,2639
5.48,-4.326353,2639
8.4,-0.9194193,15530
8.4,-0.55419326,15530
8.3,3.5656013,15530
8.3,0.21832407,15530
8.22,1.7208734,15530
8.22,0.21832407,15530
7.7,1.7208734,15530
7.7,-0.55419326,15530
7.7,-0.9194193,15530
7.7,-0.004631996,15530
7.46,-4.016581,15530
7.4,-1.0821401,15530
7.4,-3.4656396,15530
7.3,-1.1175772,15530
7.22,-4.2221212,15530
7.05,-2.2114193,15530
7.05,0.46522406,15530
7.0,-4.107944,15530
7.0,-2.3140492,15530
6.96,-4.019959,15530
6.47,-2.560422,15530
6.38,-0.55419326,15530
5.4,-5.0954456,15530
5.16,1.0278865,13914
5.09,1.0278865,13914
6.15,0.021514505,12586
7.63,2.3365395,8141
7.0,0.99612427,8141
6.7,-2.1548288,8915
9.0,4.140774,7640
8.7,3.1484897,7640
7.85,1.4791646,7640
9.35,-0.40685272,8112
7.97,-2.2719421,8112
7.89,0.7012701,8112
7.62,0.5012831,8112
7.58,2.0925338,8112
7.55,0.12276113,8112
7.46,-0.8833878,8112
7.42,-1.3607591,8112
7.38,1.5346315,8112
7.35,1.3318276,8112
7.34,-0.056788854,8112
7.33,-2.4887884,8112
7.33,-1.3492492,8112
7.26,-1.592048,8112
7.24,1.70864,8112
7.21,-3.1931596,8112
7.21,-2.3034828,8112
7.18,-0.8782431,8112
7.15,-1.9726073,8112
7.12,-3.4588609,8112
7.03,-2.1503544,8112
7.01,0.14010242,8112
6.97,3.089602,8112
6.93,-2.2783732,8112
6.9,-1.9917903,8112
6.9,-1.1274527,8112
6.88,-2.0084922,8112
6.8,2.1668625,8112
6.77,-0.7070252,8112
6.77,0.2788359,8112
6.73,2.4610603,8112
6.7,0.27176687,8112
6.68,-2.4500544,8112
6.67,1.4898466,8112
6.64,0.23275061,8112
6.59,-1.1021104,8112
6.58,2.2176824,8112
6.57,-1.2973329,8112
6.54,-2.474409,8112
6.42,-1.3719654,8112
6.39,0.24214485,8112
6.37,1.5972002,8112
6.29,-2.1788511,8112
6.27,0.32564497,8112
6.21,2.9808102,8112
6.16,2.5251315,8112
6.13,0.60997367,8112
6.11,-1.3448362,8112
6.11,1.9451112,8112
5.7,2.4486065,8112
6.62,-2.4736078,15599
6.14,-1.9148836,15599
5.96,-2.6475153,15599
5.75,-1.952878,15599
5.46,-2.9230907,15599
5.46,-2.2663422,15599
5.2,-4.9902806,15599
7.22,-5.219811,9084
5.35,-5.1630445,2203
5.0,-0.5922128,2203
7.3,-1.0687109,7141
6.89,-2.1995223,8773
6.6,-1.6102405,8773
6.54,-3.572418,8773
6.51,-3.2535608,8773
5.47,-1.2979245,8773
5.46,-4.3597927,8773
6.31,-1.1763303,10197
7.13,0.42665246,15036
8.96,2.451708,6041
8.92,2.0691001,6041
8.92,0.04556232,6041
8.85,4.1302047,6041
8.77,1.7686744,6041
8.77,1.1956005,6041
8.74,3.8369663,6041
8.74,5.3263993,6041
8.74,2.451708,6041
8.72,0.04556232,6041
8.66,0.69787,6041
8.6,4.9066305,6041
8.59,-1.1044035,6041
8.59,4.1615014,6041
8.54,1.187293,6041
8.51,2.4029248,6041
8.42,-2.3598502,6041
8.42,3.8350542,6041
8.4,1.5465767,6041
8.39,0.71846414,6041
8.34,-0.41304752,6041
8.32,2.664289,6041
8.32,-0.98781943,6041
8.31,1.6377543,6041
8.24,0.13989465,6041
8.24,-0.2580272,6041
8.23,2.606488,6041
8.23,0.7093389,6041
8.22,2.622722,6041
8.19,5.0970035,6041
8.18,1.6526077,6041
8.16,0.85373807,6041
8.12,-1.7154164,6041
8.09,-2.9592075,6041
8.02,6.3479323,6041
8.01,-0.75123215,6041
7.92,-1.7300217,6041
7.84,4.875215,6041
7.84,1.6585987,6041
7.84,-1.7154164,6041
7.81,4.013105,6041
7.75,-0.9207039,6041
7.73,0.875226,6041
7.71,5.2852716,6041
7.65,-4.150251,6041
7.65,-0.6820035,6041
7.62,3.2385561,6041
7.56,-1.0594039,6041
7.55,0.13280654,6041
7.48,0.96038985,6041
7.45,-0.84898937,6041
7.42,2.4705796,6041
7.36,3.911969,6041
7.35,-1.5047112,6041
7.34,1.6772265,6041
7.33,-1.1160529,6041
7.31,1.9852831,6041
7.19,3.9126518,6041
7.17,1.1084818,6041
7.1,0.7827084,6041
7.09,-0.02422148,6041
7.07,-1.2028606,6041
7.04,3.080717,6041
7.02,1.9711187,11739
6.59,0.29718783,11739
9.52,0.25244898,9673
9.4,-2.6024182,9673
9.3,0.0030372553,9673
9.22,-2.9655368,9673
9.15,-1.3727016,9673
9.15,0.7116903,9673
9.15,0.19495635,9673
9.15,-1.0521036,9673
9.15,-1.8594604,9673
9.15,-3.1116986,9673
9.1,-3.5146627,9673
9.1,-1.381057,9673
9.0,-1.2763206,9673
9.0,1.3344079,9673
9.0,1.5612164,9673
8.92,-1.6673952,9673
8.89,-2.635689,9673
8.85,-1.5925963,9673
8.82,-1.4917594,9673
8.59,2.3014648,9673
8.57,-1.7719586,9673
7.0,-2.9614084,1685
6.7,-3.614456,1685
6.43,-4.396088,1685
6.36,-3.3484766,1685
5.8,0.43469185,1685
5.72,-0.85498667,1685
5.64,-2.1588328,1685
5.58,-3.6298552,1685
5.28,-2.9669344,1685
6.3,1.6628053,15901
5.33,-0.80792654,15901
5.29,-0.7897408,15901
5.11,3.2172089,15901
4.75,2.2125494,15901
6.9,-2.5598426,14809
8.43,0.13152063,12164
4.75,-4.2232614,10357
7.35,0.26915032,473
7.02,2.5753996,473
6.66,-6.4329553,473
6.64,-1.7751151,473
6.43,-1.7188351,473
6.38,0.61541,473
6.36,-4.9725184,473
6.33,0.81046236,473
6.17,-4.3093762,473
6.12,0.06711772,473
6.0,0.92841434,473
6.0,-0.7582642,473
5.96,-3.7044559,473
5.96,-2.0994813,473
5.64,-1.7355913,473
8.52,-1.6401913,7837
8.4,0.43262705,7837
8.3,-0.870334,7837
8.15,0.8131609,7837
8.1,-3.2614617,7837
8.05,4.0248456,7837
8.0,-2.37396,7837
8.0,1.6235337,7837
7.96,0.8131609,7837
7.92,-0.7265105,7837
7.92,1.9901553,7837
7.82,-1.4542998,7837
7.75,-0.54400194,7837
7.75,-1.6234514,7837
7.64,-2.0949817,7837
7.62,0.8131609,7837
7.62,0.6253791,7837
7.62,-2.0426147,7837
7.55,0.25219986,7837
7.54,-0.2216137,7837
7.54,2.97701,7837
7.51,-0.8573066,7837
7.48,-1.304985,7837
7.48,-0.5590999,7837
7.46,-1.6005143,7837
7.4,-1.7576201,7837
7.31,1.3276236,7837
7.31,-4.9017167,7837
7.28,1.3484385,7837
7.28,-5.6934147,7837
7.28,2.0549653,7837
7.2,0.9470817,7837
7.16,-2.9602013,7837
7.16,-0.25369683,7837
7.14,-2.4974506,7837
7.13,1.4471767,7837
7.12,2.2307882,7837
7.12,-2.2407866,7837
7.09,-0.8469424,7837
7.09,0.55317223,7837
7.01,-3.6285026,7837
7.0,-4.7292085,7837
7.0,1.5819864,7837
6.99,-2.1948092,7837
6.97,-1.971983,7837
6.97,0.6002619,7837
6.91,-1.4542998,7837
6.91,-4.2373652,7837
6.9,0.13765231,7837
6.9,0.9107982,7837
6.88,-1.7346945,7837
6.88,-0.2106507,7837
6.87,-4.210888,7837
6.86,0.6455132,7837
6.83,-1.279103,7837
6.81,-2.7221017,7837
6.78,-0.94230235,7837
6.75,-4.927992,7837
6.7,-5.282,7837
6.69,-1.971983,7837
6.66,0.63095033,7837
6.64,-1.9931138,7837
6.6,-2.477537,7837
6.59,2.1293752,7837
6.59,-2.775879,7837
6.57,-0.62421954,7837
6.54,-4.5535865,7837
6.52,-3.41152,7837
6.52,-2.9520056,7837
6.51,0.7594845,7837
6.51,-3.780392,7837
6.5,-4.1891627,7837
6.49,-3.0548162,7837
6.47,-1.279103,7837
6.45,-0.9219768,7837
6.44,-3.2089314,7837
6.37,2.5731957,7837
6.37,-2.3345246,7837
6.36,-0.09989174,7837
6.36,-0.33800876,7837
6.34,-2.3978927,7837
6.34,0.018625237,7837
6.34,-2.9766448,7837
6.32,0.8482796,7837
6.32,0.5105581,7837
6.32,-1.3213782,7837
6.32,-3.4909363,7837
6.31,-5.9861093,7837
6.3,-0.9268532,7837
6.29,-3.691039,7837
6.29,-1.3314805,7837
6.28,-4.4594955,7837
6.27,-4.147777,7837
6.25,-4.131721,7837
6.22,-1.0230777,7837
6.22,-0.38282898,7837
6.21,-4.706527,7837
6.19,-5.545214,7837
6.19,-3.8016536,7837
6.14,-4.5836897,7837
6.13,-4.7785096,7837
6.12,-4.3863335,7837
6.1,-3.1235175,7837
6.1,-6.787706,7837
6.1,-3.1348944,7837
6.08,2.9561045,7837
5.99,-6.6613536,7837
5.98,-4.0805545,7837
5.91,-6.536874,7837
5.84,0.6500422,7837
5.83,-0.19974707,7837
5.82,-0.63493586,7837
5.82,-4.4515,7837
5.81,-1.9772334,7837
5.79,-4.022028,7837
5.79,-2.745382,7837
5.77,-2.5017898,7837
5.69,4.584051,7837
5.69,-0.110549554,7837
5.67,-4.09624,7837
5.66,-5.385302,7837
5.66,-1.5940711,7837
5.65,-3.2717254,7837
5.65,0.20860678,7837
5.65,-0.57109106,7837
5.65,-0.77030385,7837
5.65,-0.49196061,7837
5.64,-1.3915614,7837
5.64,-3.568783,7837
5.64,-1.8731977,7837
5.62,-2.1719906,7837
5.61,-1.1606108,7837
5.61,-3.3902051,7837
5.58,1.1863003,7837
5.56,-5.1175976,7837
5.56,-6.0328336,7837
5.54,-1.8179439,7837
5.53,-5.9592834,7837
5.53,-4.6205587,7837
5.52,-2.026114,7837
5.51,-2.1390245,7837
5.47,-0.74908555,7837
5.46,-0.72226226,7837
5.45,-2.967786,7837
5.43,-3.8538358,7837
5.42,-4.1942873,7837
5.42,-2.9350634,7837
5.4,-1.667898,7837
5.39,0.5801966,7837
5.38,-5.1345053,7837
5.38,1.0292628,7837
5.37,-3.8041599,7837
5.37,0.37802124,7837
5.33,-3.3543324,7837
5.33,-0.055511013,7837
5.33,-3.568783,7837
5.31,-1.1724212,7837
5.3,-2.218354,7837
5.28,-2.3906581,7837
5.23,-2.5374753,7837
5.23,-5.032513,7837
5.19,-7.191804,7837
5.18,-3.9145787,7837
5.18,-3.3786902,7837
5.13,-3.6343179,7837
5.12,1.1853517,7837
5.11,-2.859409,7837
5.1,-2.8634393,7837
5.09,0.6473882,7837
5.08,-8.635238,7837
5.06,-5.158924,7837
5.03,-2.017504,7837
5.54,-0.3604913,14953
8.22,1.4423925,9307
7.58,1.1657914,9307
7.52,-1.4440905,9307
6.8,-0.7721679,9307
6.55,-2.414153,9307
6.25,-2.8319597,9307
6.21,-1.5816209,9307
6.18,-2.2162912,9307
6.14,-2.495186,9307
6.1,-1.4580904,9307
6.08,-1.734254,9307
5.75,-2.1184497,9307
6.3,-2.5086877,17132
5.55,-2.4150317,8923
9.37,4.206701,13630
9.12,1.8871707,13630
9.1,0.1608507,13630
8.43,0.37169012,13630
8.42,1.3874117,13630
8.41,-0.38288796,13630
8.39,2.3387477,13630
8.36,0.49255523,13630
8.32,2.7265694,13630
8.26,2.0337198,13630
8.24,0.9487165,13630
8.23,1.1116952,13630
8.23,1.434533,13630
8.11,1.0763612,13630
8.01,1.6049689,13630
7.98,-0.45250994,13630
7.95,0.9343258,13630
7.95,0.87377393,13630
7.91,1.7667301,13630
7.64,3.0980725,13630
7.41,-0.053943634,13630
7.33,0.12303458,13630
7.08,-0.5120479,13630
6.97,-2.1395767,13630
6.86,0.3200102,13630
6.83,-3.659523,13630
6.43,-5.507159,13630
5.86,-4.038341,13630
5.0,-2.3625655,13630
5.0,-3.454088,13630
7.29,-0.91729224,7362
5.64,0.46753615,59
6.85,-1.7680377,6883
6.35,-2.0613165,6883
6.29,-1.0476096,6883
6.16,-1.9950838,6883
5.75,-1.7652466,6883
5.29,-2.850692,8953
5.1,-1.7164677,8953
6.79,-0.5687562,15306
5.52,-1.4845661,10123
4.89,-2.1909096,10123
6.6,-1.8317575,2708
6.6,0.08324711,2708
6.5,0.73965514,2708
6.5,-2.0748475,2708
6.2,-3.8193896,2708
6.0,-2.6512525,2708
5.7,-4.499617,2708
5.6,-4.254103,2708
5.5,-3.6378336,2708
5.2,-1.0487909,2708
5.1,-4.1677594,2708
9.0,-0.013598178,5152
9.0,0.21667722,5152
8.3,-2.3173716,5152
8.22,-0.5746548,5152
8.22,-1.0531946,5152
5.45,-0.05240807,5152
6.62,-0.6583005,17311
5.92,-0.9228715,17311
5.42,-2.2703643,17311
7.47,-0.598495,1259
8.4,2.2369516,1072
7.54,1.0561478,1072
7.2,2.701199,1072
7.12,2.3864133,1072
6.39,0.28390563,1072
6.23,0.6905019,1072
6.18,-0.04280038,1072
6.13,1.3359964,1072
6.09,3.0485046,1072
5.96,-1.2419771,1072
5.96,1.2700242,1072
5.94,-2.141259,1072
5.91,0.06671906,1072
5.91,0.5228126,1072
5.87,-1.877075,1072
5.84,-1.5387142,1072
5.84,0.13547027,1072
5.83,-1.5194944,1072
5.82,2.3834865,1072
5.8,-1.5159769,1072
5.79,-2.7931335,1072
5.74,0.1604207,1072
5.73,0.53064775,1072
5.71,-0.811072,1072
5.7,-0.95543396,1072
5.64,-1.5116732,1072
5.58,-1.2521797,1072
5.56,-1.2664332,1072
5.52,-2.0448172,1072
5.51,-0.15621038,1072
5.5,-1.030837,1072
5.5,-1.7671194,1072
5.48,-5.35082,1072
5.46,0.11536798,1072
5.42,-1.7570084,1072
5.38,0.53576124,1072
5.36,-1.1962464,1072
5.26,0.37593558,1072
5.25,-0.25653905,1072
5.24,0.88027155,1072
5.23,-1.0009799,1072
5.15,-0.21894321,1072
5.12,1.7490643,1072
5.57,-1.3295214,13062
5.55,-4.2769337,13062
6.0,0.15724899,16707
4.46,-4.595672,3816
4.04,-5.5302176,3816
6.7,0.28536624,148
7.08,-0.11980264,15213
8.7,-0.62773097,10094
8.11,-1.0005665,10094
7.58,-3.196758,10094
6.92,-2.6795013,10094
6.12,-0.4880996,566
8.0,0.7760017,2154
6.27,-3.8420618,11041
6.12,-4.258468,11041
6.01,-4.8215694,11041
8.22,2.7740924,16955
7.6,-0.2700935,16955
5.3,-0.72248197,5976
6.58,-7.695901,15870
6.44,-2.9284942,15870
6.02,-8.131754,15870
5.92,-5.6289053,15870
5.9,-4.6001816,15870
5.9,-7.3579607,15870
5.86,-4.7286887,15870
5.83,-5.145625,15870
5.79,-5.75177,15870
5.78,-5.320604,15870
5.77,-4.485678,15870
5.76,-4.7535763,15870
5.72,-6.200372,15870
5.72,-6.978817,15870
5.7,-3.7193513,15870
5.7,-6.1483526,15870
5.65,-4.0349994,15870
5.55,-2.6517425,15870
5.5,-2.5092697,15870
5.49,-5.347048,15870
5.49,-4.021711,15870
5.49,-1.4568777,15870
5.45,-4.628628,15870
5.42,-5.1060143,15870
5.38,-3.6839385,15870
5.33,-6.1792707,15870
5.3,-7.337075,15870
5.29,-4.3087616,15870
5.27,-6.625229,15870
5.24,-5.534165,15870
5.24,-8.788786,15870
5.21,-4.9416533,15870
5.19,-3.7531745,15870
5.18,-5.4770255,15870
5.17,-2.9876606,15870
5.17,-4.1316967,15870
5.11,-5.046721,15870
5.09,-6.9136815,15870
5.07,-8.298019,15870
5.07,-2.5739481,15870
5.05,-5.502875,15870
5.03,-7.4029875,15870
4.98,-2.6527677,15870
4.96,-5.2008758,15870
4.95,-8.180681,15870
7.72,1.6215905,258
6.85,-1.5261289,4712
6.72,-0.44959623,4712
5.97,-4.0018773,4712
8.4,0.33388397,7414
8.4,-2.6877556,11456
8.0,-1.5349853,11456
7.51,-2.6815815,11456
6.85,-3.5141733,11456
7.52,1.3749003,15168
6.7,-3.6316483,15168
6.1,-5.644255,15168
6.05,-3.371907,15168
5.62,-4.2605467,15168
5.35,-4.125455,15168
5.1,-6.418478,15168
7.75,0.84420574,10847
6.19,1.9949387,3948
4.09,-2.6772397,17313
8.11,4.344022,12719
6.61,0.06189657,6369
5.97,1.3591734,13765
5.36,1.0910205,13765
7.01,3.7106702,4845
6.36,0.085958935,4845
5.61,-2.7251456,4845
6.33,-0.3738078,16646
9.02,2.720542,2332
8.74,1.1599095,10687
6.72,-0.45362362,14695
10.0,5.196859,8535
9.7,4.256635,8535
9.7,5.0453787,8535
9.7,4.240194,8535
9.7,3.823225,8535
9.52,2.765847,8535
9.52,2.26965,8535
9.52,4.2707896,8535
9.4,4.545781,8535
9.4,4.647463,8535
9.4,4.9222655,8535
9.4,0.425645,8535
9.4,3.760026,8535
9.3,3.287666,8535
9.22,2.3508348,8535
9.22,3.5431888,8535
9.22,0.7000545,8535
9.22,0.75410616,8535
9.22,1.6367041,8535
9.15,4.5371513,8535
9.15,5.6236787,8535
9.1,0.95440793,8535
9.1,3.8174834,8535
9.05,4.863896,8535
9.0,3.9761298,8535
9.0,4.8373275,8535
9.0,-1.1054269,8535
8.96,2.1264822,8535
8.96,5.1607933,8535
8.92,-4.000468,8535
8.92,4.932196,8535
8.89,-0.22194192,8535
8.89,3.4799225,8535
8.89,3.4199338,8535
8.85,1.7428982,8535
8.85,3.3727965,8535
8.8,4.3218985,8535
8.8,4.201564,8535
8.7,1.3394753,8535
8.62,4.7368965,8535
8.59,5.504144,8535
8.59,3.0213757,8535
8.57,1.9690458,8535
8.52,-0.20199598,8535
8.38,5.420275,8535
8.33,1.0542021,8535
8.32,0.22937848,8535
8.3,0.52246,8535
8.28,0.52095306,8535
8.28,5.2689404,8535
8.27,3.98184,8535
8.19,0.1752266,8535
8.17,1.772626,8535
7.96,1.6391475,8535
7.88,0.114966355,8535
7.88,1.8964396,8535
7.75,-5.0602007,8535
7.71,2.1569507,8535
7.62,1.8157443,8535
7.49,2.8951287,8535
7.48,5.1922994,8535
7.46,0.48075745,8535
7.39,3.549858,8535
6.97,-0.85952604,8535
6.89,3.7546895,8535
6.43,-0.13951881,8535
6.18,0.37058592,8535
5.64,0.7321451,8535
5.43,1.6924982,17166
4.75,-5.2120333,17166
6.07,-5.180821,8457
5.98,-4.798402,8457
5.0,-4.216667,8457
8.22,-3.6267118,1606
7.54,-3.5447223,1606
4.29,-1.8794534,2702
4.1,-4.219428,2702
4.0,-4.060099,2702
5.92,-3.0666802,3782
5.4,0.5154408,3782
5.37,-2.8301044,3782
5.37,-2.292409,3782
5.18,2.094263,3782
5.08,-1.0962781,3782
5.02,-2.448013,3782
6.51,-3.7439926,15285
6.03,-2.3997402,15285
7.35,0.9088764,5434
7.05,-4.64694,5434
6.88,-0.1611106,5434
6.78,-5.530851,5434
6.61,-0.9482434,5434
6.34,0.24484791,5434
6.11,0.37707886,5434
6.01,-3.0589197,5434
5.87,-0.59956646,5434
5.79,-0.6388422,5434
5.79,0.5592468,5434
5.72,-0.8228296,5434
5.64,-5.0123496,5434
5.63,-3.8383853,5434
5.59,-0.5075767,5434
5.49,-1.9651501,5434
5.49,-1.813749,5434
5.48,0.52854717,5434
5.36,-0.6650089,5434
5.27,-2.9888406,5434
5.25,-0.497394,5434
5.23,-1.8609602,5434
5.18,-4.0923386,5434
5.18,-2.4609504,5434
5.15,-2.9115384,5434
5.05,-1.3678272,5434
4.95,-0.8466933,5434
8.26,0.7172495,7983
8.22,2.4556189,7983
8.07,0.14796743,7983
8.01,-2.282822,7983
8.0,1.3004283,7983
7.83,-1.1708196,7983
7.8,-1.4099593,7983
7.79,-1.422523,7983
7.73,1.9449278,7983
7.52,3.4942558,7983
7.42,1.9486607,7983
7.19,2.1023815,7983
7.0,-2.5099852,7983
6.32,-1.7376008,7983
6.84,0.6991714,8628
6.73,-1.0847049,8628
6.77,-4.290751,4908
5.68,-1.8645488,4908
5.16,-4.6154876,4908
7.89,-2.0151522,6251
7.57,0.11672537,6251
6.79,-5.247772,6251
7.68,0.8411478,13112
8.37,0.22002603,13605
7.81,-0.18123421,13605
7.65,0.2031947,13605
7.64,3.7726848,13605
7.6,-1.8530811,13605
7.33,0.2031947,13605
7.25,0.2031947,13605
7.09,-2.9663732,13605
6.39,2.0044851,13605
5.92,-1.1853553,13605
5.86,-1.1853553,13605
5.71,-1.1853553,13605
5.66,-1.1853553,13605
5.42,-1.7414027,13605
5.22,-1.4430482,13605
8.7,1.4205999,250
8.7,-1.7274653,250
8.52,0.82863533,250
8.52,2.390982,250
8.3,1.4273409,250
8.22,-0.10564356,250
8.1,1.4844728,250
8.1,-0.39147902,250
8.05,1.7078627,250
8.0,1.6431743,250
7.5,-1.4566948,250
7.5,-3.0051131,250
7.3,-0.3211052,250
7.25,0.8479259,250
7.1,-2.38243,250
7.1,-2.616574,250
6.9,-2.8265264,250
6.7,-0.884213,250
6.48,-1.8083634,250
6.48,-4.6899796,250
6.3,-3.7973595,250
6.25,-6.8205914,250
6.2,-6.6964116,250
6.1,-0.81290495,250
5.5,-2.591668,250
7.5,-4.5545015,13087
7.1,0.09882067,13087
6.5,-4.734694,13087
6.21,-2.3794816,8392
4.94,-3.5673432,8392
8.7,2.9664907,16345
7.77,-0.69220304,16345
5.0,-3.3084092,7458
7.7,-1.227377,16753
7.92,1.939947,6279
7.8,-0.89201677,6279
7.58,2.7597554,6279
7.35,-1.425521,6279
8.47,0.39651117,7166
9.3,1.3502029,16012
9.0,0.84281826,16012
9.0,0.39093596,16012
9.0,3.69962,16012
8.7,0.22455922,16012
8.7,0.9338484,16012
8.7,5.183309,16012
8.52,0.7165853,16012
8.3,1.8716259,16012
8.3,1.5168779,16012
8.22,1.9530077,16012
8.22,2.1386418,16012
8.22,0.07495019,16012
8.22,0.5876206,16012
8.15,2.0985363,16012
8.1,0.68339384,16012
8.1,0.9535041,16012
8.1,0.79288006,16012
8.05,1.5859696,16012
8.05,2.8956213,16012
8.0,4.2755904,16012
8.0,0.8739302,16012
7.89,1.0576969,16012
7.89,2.3615382,16012
7.82,2.0138066,16012
7.77,-0.45031688,16012
7.7,0.5741323,16012
7.7,0.3782075,16012
7.7,0.21695778,16012
7.7,1.6880009,16012
7.68,0.5078596,16012
7.57,2.8253005,16012
7.51,1.1673238,16012
7.5,0.5297067,16012
7.46,2.4816039,16012
7.39,3.2030733,16012
7.28,2.1972566,16012
7.14,-1.4911302,16012
7.11,-0.4157034,16012
7.08,1.770969,16012
6.86,-0.075124025,16012
6.75,-0.8430954,16012
6.63,0.9072448,16012
6.49,1.249825,16012
6.39,0.19057988,16012
6.39,0.23052911,16012
5.8,1.2783793,16012
5.76,-1.7676394,16012
5.72,0.2503351,16012
4.82,-4.1868567,16012
8.0,-0.41183224,2875
6.0,-2.4613838,2875
9.0,3.5870483,3749
8.22,5.1503434,3749
8.1,2.132278,3749
7.92,-0.12938955,3749
7.85,-0.021774456,3749
7.75,0.17940934,3749
7.44,1.9500269,3749
7.4,-2.4124107,3749
6.53,3.6465507,3749
5.78,-4.2190995,3649
6.92,0.9653057,3572
6.23,-6.8722973,12920
6.15,-3.7165442,12920
5.82,-0.6072819,12920
5.75,-4.0838494,12920
5.7,-4.284999,12920
5.66,-5.22543,12920
5.46,-8.221577,12920
5.31,-6.1077485,12920
5.0,-4.1728487,12920
4.96,-4.4980116,12920
4.83,-5.770995,12920
4.37,-5.8202796,12920
4.59,-1.0769964,11478
5.89,1.1695263,3435
5.85,2.6363566,7217
7.4,1.5352423,15903
4.75,-1.9205635,16465
8.0,0.09200971,2895
4.6,-3.114718,2895
5.1,0.049898334,8985
7.28,1.097772,6423
7.07,0.89087534,6423
7.06,1.1768286,6423
6.79,0.59351826,6423
6.77,-0.84406686,6423
6.75,0.47199306,6423
6.75,-1.0608581,6423
6.66,0.6444776,6423
6.51,0.50388694,6423
6.51,-1.437672,6423
6.5,0.86637914,6423
6.43,0.47199306,6423
6.43,0.16410011,6423
6.42,-2.0806384,6423
6.38,-0.25041345,6423
6.38,0.5301354,6423
6.37,-1.4666622,6423
6.36,-1.437672,6423
6.29,-0.4289559,6423
6.27,-2.3029878,6423
6.26,-1.8529116,6423
6.25,-0.891019,6423
6.24,-2.3211746,6423
6.22,-0.8757336,6423
6.22,0.22129086,6423
6.16,0.72385204,6423
6.12,0.5054339,6423
6.1,0.50388694,6423
6.03,-3.0206475,6423
6.02,-1.7020983,6423
6.01,-1.8529116,6423
5.97,-3.4182472,6423
5.96,-1.6178052,6423
5.94,-1.3801594,6423
5.92,-2.57514,6423
5.85,0.22129086,6423
5.7,0.5054339,6423
5.47,-1.437672,6423
5.42,-2.088457,6423
5.25,-1.9279824,6423
5.14,-2.57514,6423
6.66,-2.2144737,12770
6.7,-1.1264113,8741
9.0,0.002312746,17268
8.7,-1.5311583,17268
8.3,0.23945574,17268
8.15,0.5546427,17268
8.15,-2.9714017,17268
8.05,0.016884016,17268
7.96,-1.1269888,17268
7.92,0.26518136,17268
7.92,-2.360089,17268
7.85,2.522997,17268
7.85,1.8355769,17268
7.82,1.2466079,17268
7.82,-3.7470202,17268
7.8,2.7141516,17268
7.8,5.0196466,17268
7.8,-4.5046115,17268
7.8,-3.034862,17268
7.8,2.812338,17268
7.77,6.182994,17268
7.57,-2.6739926,17268
7.55,-2.3632464,17268
7.52,-0.8600255,17268
7.46,3.5124948,17268
7.42,3.085101,17268
7.32,-2.3002818,17268
7.32,-1.9025469,17268
7.31,-1.5236955,17268
7.12,-0.50200975,17268
7.1,3.9492548,17268
6.94,-6.4646497,17268
6.94,0.5504117,17268
6.69,-0.77762127,17268
6.62,-1.981492,17268
6.49,-4.605267,17268
6.24,-1.1851207,17268
6.2,-2.392647,17268
5.92,-1.1182264,17268
4.98,-0.8058559,17268
4.68,1.9820771,17268
5.18,0.622318,10920
8.49,1.4397534,16584
4.66,-1.6723789,17835
5.77,-0.9725952,2517
5.39,-0.9337894,6496
5.37,-2.8272579,6496
5.3,-2.1584203,6496
5.22,0.93951213,6496
5.2,-3.8036602,6496
5.05,-1.1195364,6496
4.65,0.5826175,6496
4.4,-2.0496612,6496
4.32,-1.7908891,6496
4.3,-1.8541741,6496
4.05,0.21864247,6496
8.22,1.4544162,11211
5.92,-4.119217,11211
6.43,2.5768297,13764
6.01,3.3204005,13764
5.52,-2.1543176,13764
7.84,-1.5402765,8941
6.67,1.7600557,8941
5.96,-2.7688763,8941
5.83,-1.8123379,8941
5.39,-4.45596,8941
7.36,-0.67614007,14426
6.19,-5.164382,10707
6.11,-3.4837368,10707
4.36,-2.379323,16699
6.09,-3.2599165,12733
5.58,-3.7304997,12280
5.39,-3.2321756,12280
9.0,2.4747746,9225
8.52,1.4033749,9225
8.52,2.776772,9225
8.15,2.1117175,9225
7.89,-3.4622176,9225
7.16,-1.40765,14673
7.04,2.4291327,4883
8.7,-2.3126905,16032
8.3,-0.22786227,16032
8.0,-0.014144674,16032
4.13,-3.2629452,4280
8.61,-1.9538559,11933
8.6,-1.9538559,11933
8.59,-1.9538559,11933
8.5,-2.2414095,11933
8.33,-3.4802215,11933
8.13,-3.1315389,11933
8.11,-1.3090061,11933
8.09,-1.5801388,11933
8.08,-2.8444312,11933
8.04,-0.019431952,11933
7.98,3.4446654,11933
7.91,-1.4306067,11933
7.73,-1.717867,11933
7.73,-2.2605414,11933
7.73,-2.2816656,11933
7.73,-0.7476233,11933
7.71,0.5330862,11933
7.69,-2.1024756,11933
7.67,-3.591216,11933
7.64,0.62367713,11933
7.61,2.3980362,11933
7.52,2.1004171,11933
7.51,0.37207654,11933
7.49,0.20772326,11933
7.45,-3.164389,11933
7.44,2.2700236,11933
7.44,-1.5704168,11933
7.43,2.9363904,11933
7.37,-3.4173734,11933
7.33,-3.02564,11933
7.32,-2.4386704,11933
7.28,-0.29914597,11933
7.26,-0.5959983,11933
7.18,-3.0369427,11933
8.1,0.58500326,1916
9.06,-0.24144286,8737
8.14,2.341331,8737
7.99,1.7298675,8737
7.47,1.7833683,8737
7.17,-1.1629596,8737
6.97,-1.0189275,8737
6.33,0.07697026,8737
5.46,0.51558006,8737
8.3,-1.6959043,12041
9.4,1.656772,16960
9.05,0.23795475,16960
9.05,0.39932737,16960
8.96,2.5473983,16960
8.92,0.98884857,16960
8.92,0.9945153,16960
8.82,-0.968593,16960
8.66,1.8092821,16960
8.52,1.1711473,16960
8.48,1.4970225,16960
8.44,2.6612692,16960
8.4,1.1957711,16960
8.33,-2.495388,16960
8.26,-0.6078075,16960
8.25,-2.2574914,16960
8.11,-1.7737385,16960
8.1,1.1199545,16960
8.1,0.4556115,16960
8.0,1.1493958,16960
7.92,0.8165945,16960
7.89,2.8036253,16960
7.89,1.4697398,16960
7.82,0.6868433,16960
7.7,1.0997688,16960
7.64,2.4862678,16960
7.38,0.8403307,16960
7.22,-0.6828462,16960
7.11,0.6325414,16960
7.1,-0.6073611,16960
6.75,2.5410657,16960
6.66,-0.41128933,16960
6.64,-0.9736974,16960
6.17,-1.3156774,16960
8.33,1.0672169,9846
8.08,-3.8019917,9846
7.67,-2.056706,9846
7.61,-0.2157278,9846
7.52,-0.30176768,9846
7.52,-4.428493,9846
7.08,-4.4436207,9846
7.07,-2.455509,9846
6.99,-4.136209,9846
6.96,-4.353999,9846
6.85,-2.777037,9846
6.8,-2.0401464,9846
6.7,-5.4451847,9846
6.69,-3.81105,9846
6.68,-3.2925828,9846
6.5,-2.268771,9846
6.48,-2.1973636,9846
6.37,-1.7752068,9846
6.16,-3.350398,9846
7.1,-1.1289749,6020
5.29,-2.8841004,6020
5.06,-3.8556256,6020
4.91,-3.156102,6020
4.52,-3.2379768,6020
5.46,-3.9349787,8350
5.27,-2.2052338,8350
7.96,0.05102595,5664
6.6,-5.1727705,4706
6.72,-0.5513513,2667
5.97,-1.7740012,3526
4.4,-5.943695,14167
8.0,-1.6963978,14661
7.75,-1.761615,14661
7.62,-1.6963978,14661
7.58,-2.086407,14661
7.58,2.0911016,14661
7.57,-1.524475,14661
7.44,-0.9757154,14661
7.42,-0.9757154,14661
7.17,-3.2970722,14661
7.15,-0.20525667,14661
7.14,-0.20525667,14661
7.11,-0.20525667,14661
6.97,-1.6613209,14661
6.9,-3.6097953,14661
6.87,-0.16104615,14661
6.81,-2.0827758,14661
6.75,-0.24626547,14661
6.61,-0.550171,14661
6.56,-2.6441908,14661
6.51,-0.9366759,14661
6.44,-0.9757154,14661
6.44,-2.2669823,14661
6.43,-2.292299,14661
6.39,-3.3772638,14661
6.34,-1.6963978,14661
6.3,-0.96487343,14661
6.24,-1.8334363,14661
6.24,-1.2271979,14661
6.16,-3.2970722,14661
6.08,-1.2271979,14661
6.08,-3.3772638,14661
6.03,-0.20525667,14661
5.86,-0.20525667,14661
5.82,-2.5786655,14661
5.76,-1.6963978,14661
5.54,-2.6545558,14661
5.24,-1.6963978,14661
4.52,-4.5400558,2660
4.72,-2.4848628,2466
6.68,-0.8400296,516
5.5,-0.34536245,9768
7.7,-1.9373614,6706
7.16,-0.7165495,6706
7.0,3.0053325,6706
6.77,-1.4384214,6706
6.7,2.2732368,6706
6.3,-1.9877636,6706
5.44,-8.061506,6706
5.41,-3.2260327,6706
5.36,-8.964842,6706
5.24,-2.6084423,6706
5.12,-6.5862117,6706
5.0,-5.7418694,6706
7.89,-1.5845093,15664
8.22,2.1275911,16269
8.05,-0.26243636,16269
8.0,0.19455364,16269
7.77,1.1269554,16269
7.77,1.7504267,16269
7.64,-0.31301898,16269
7.58,2.1468618,16269
7.52,-0.3379314,16269
7.5,-2.9929404,16269
7.37,-2.182813,16269
7.35,-2.154195,16269
7.34,-3.7247238,16269
7.31,-1.4441559,16269
7.23,-0.065709926,16269
7.2,-4.4042425,16269
6.8,-2.3028738,16269
5.57,-3.6524482,16269
5.85,-3.212736,8447
5.24,-4.434495,8447
5.23,-4.8530884,8447
9.0,1.0228808,7735
5.2,-3.1145134,10347
8.52,-0.8704488,3201
7.3,-0.30026096,2172
6.19,-0.027038872,1140
8.52,1.117961,12204
4.11,-4.032451,1858
6.19,-3.1728554,6484
5.2,-1.242673,14166
5.05,-5.9354076,14166
4.99,-6.389217,14166
9.3,3.0831387,1752
6.14,-3.458572,1752
5.92,-3.458572,1752
5.85,-2.611093,1752
5.8,-2.611093,1752
5.26,-7.83858,1752
5.24,-8.059967,1752
4.77,-8.36367,1752
4.19,-7.83858,1752
5.06,-1.8077787,11874
8.52,0.029878378,11446
7.4,1.2994967,11446
4.94,-6.338513,7532
4.86,-5.8351827,7532
6.32,-1.2336658,15619
5.25,-4.532871,15619
6.02,-6.6285596,3561
5.7,-0.81217384,3561
6.0,-0.735155,15275
5.37,-5.1600432,15275
5.3,-4.740216,15275
5.28,-6.658317,15275
5.19,-2.3431776,15275
5.0,-6.201771,15275
5.0,-3.9361265,15275
4.94,-5.8468404,15275
4.7,-5.5183396,15275
4.65,-7.6704316,15275
4.39,-5.945876,15275
4.36,-5.4081373,15275
4.27,-4.789368,15275
4.0,-2.8442028,15275
4.0,-5.8041353,15275
7.8,-3.4866307,12440
7.33,-2.8021767,12440
7.12,-2.5257618,12440
7.1,-1.7943847,12440
6.94,-3.02026,12440
6.6,2.0559423,12440
6.58,-2.395568,12440
6.5,-2.3484643,12440
6.46,-2.3836377,12440
6.44,-1.3687563,12440
6.42,-2.2417662,12440
6.38,0.41049594,12440
6.34,-0.78307986,12440
6.24,-3.9130442,12440
5.85,-2.2762287,12440
5.8,-3.54355,12440
5.66,-2.6934106,12440
5.47,-4.0365186,12440
5.27,-3.5139413,12440
5.07,-2.7302167,12440
7.55,1.4085433,842
7.34,-0.6622592,842
7.27,-1.8422148,842
6.04,4.1633115,842
8.89,1.0122199,9446
8.7,5.5078197,17372
7.68,1.5595443,17372
7.03,-0.6982893,17372
6.91,2.7808511,17372
5.22,3.4421885,17372
5.0,1.7077881,17372
8.74,4.1589613,2017
6.67,1.5871803,10491
8.0,0.16410443,2880
6.0,-2.1979568,2880
10.0,0.50388896,6876
10.0,0.048918404,6876
9.7,-0.3051524,6876
9.7,-3.092809,6876
9.7,0.32748103,6876
9.7,1.8769852,6876
9.52,1.6361184,6876
9.52,0.32659397,6876
9.4,-1.574968,6876
9.4,-1.4362825,6876
9.4,-1.1953379,6876
9.15,-0.9621377,6876
9.15,-0.8632145,6876
9.1,-1.5652558,6876
9.05,0.8325261,6876
9.05,0.6506474,6876
9.0,0.3919626,6876
8.85,-0.76683867,6876
8.85,-1.008641,6876
8.7,-0.024794832,6876
8.43,-1.4138329,6876
8.35,-2.3292682,6876
8.32,-0.3115477,6876
8.15,-0.23543966,6876
7.96,-0.8238977,6876
7.92,-1.0537678,6876
7.92,-1.7988881,6876
7.89,-2.1723645,6876
7.77,-2.7324347,6876
7.66,-2.1598418,6876
7.64,-1.3136661,6876
7.57,-0.7334584,6876
7.51,0.8325571,6876
7.5,-1.8331637,6876
7.39,-2.9482286,6876
7.21,-1.1980681,6876
6.98,-1.2553836,6876
6.91,-1.5054128,6876
6.16,-1.056325,6876
7.29,1.8785049,6109
6.77,1.0240937,6109
6.77,-0.35488138,6109
6.75,1.0791423,6109
6.72,0.9086592,6109
6.7,1.0064836,6109
6.64,0.12593079,6109
6.46,-1.2403241,6109
6.4,0.1585755,6109
6.37,0.918836,6109
6.34,1.573587,6109
6.21,0.16953577,6109
6.07,-0.98748314,6109
6.05,-0.6851053,6109
6.6,-1.3368552,4396
6.16,-0.35212243,13161
6.29,1.3875132,8745
6.28,0.45476624,8745
5.78,-2.641739,8745
5.7,-1.9635847,8745
9.0,-2.2619042,11173
8.7,-4.077274,11173
8.7,-2.2679653,11173
8.4,-3.990444,11173
8.4,-1.2153368,11173
8.4,-5.4685407,11173
8.22,-2.2679653,11173
8.1,0.011675771,11173
8.1,-0.21049652,11173
7.96,-3.609043,11173
7.92,-3.9208236,11173
7.82,-2.486062,11173
7.82,-4.5011415,11173
7.75,-2.2679653,11173
7.7,-3.795422,11173
7.68,-2.90392,11173
7.52,-0.09390881,11173
7.52,-0.9105222,11173
7.47,0.70171225,11173
7.3,-1.7856965,11173
7.3,-2.928026,11173
6.77,-3.1507885,11173
4.27,1.8682346,5930
4.13,0.12955785,5930
5.43,-1.1277053,6407
5.11,-0.19697031,6407
8.7,1.151304,9677
9.05,0.6878147,13733
6.65,-0.3871723,8740
6.26,2.7905865,8740
6.23,1.9873519,8740
5.36,-1.249459,8740
5.13,-0.8882947,8740
5.52,-2.6729648,17160
9.22,3.279897,2014
6.7,-1.5613801,10878
6.3,-1.1613548,10878
6.1,-1.1542699,10878
6.0,1.5609783,10878
5.9,-2.286255,10878
5.6,-2.6943939,10878
5.6,-3.2399032,10878
5.5,-5.2128887,10878
5.4,-3.160795,10878
5.2,-3.5542681,10878
4.9,-5.1052365,10878
4.8,-4.913037,10878
4.6,-0.8200222,10878
7.52,2.482139,14704
7.16,-3.4476964,14704
5.17,2.5869055,14704
7.96,-0.61441886,172
7.33,-2.3869457,172
7.06,-4.365922,172
6.82,-2.6338968,172
6.82,-0.4912959,172
6.75,-1.8480394,172
6.72,-4.3855405,172
6.7,-2.103506,172
6.66,-2.1960385,172
6.64,-2.0233552,172
6.62,-0.88367355,172
6.6,-2.7750585,172
6.47,-2.8125212,172
6.4,-2.921043,172
6.39,1.2323112,172
6.38,-2.6386664,172
6.32,-1.0373578,172
6.28,-0.18550296,172
6.18,-2.741577,172
6.16,-2.3786528,172
6.04,1.0498794,172
6.04,-3.1555023,172
6.03,1.2323112,172
5.52,-3.5104253,172
5.5,-4.2369275,172
5.46,-2.7775862,172
5.29,-3.6002371,172
5.26,-1.3620714,172
6.8,-0.5832428,11598
6.6,-1.768311,3111
6.7,-4.472967,2668
8.52,1.6877221,14431
8.89,0.91219807,7058
6.6,-1.3532331,2705
5.22,-1.2635552,2705
5.08,0.85408604,2705
5.03,-1.617138,2705
4.55,-2.137856,2705
7.32,-1.7774651,1191
7.16,0.2623316,1191
5.86,0.5301796,1191
5.76,4.2429953,1191
5.69,1.4593213,1191
5.65,-2.8406057,1191
5.2,-2.420512,1191
5.0,1.295775,1191
5.0,-1.1376189,1191
10.0,1.5172055,15094
6.75,-2.8017442,15094
9.48,2.6170032,14778
9.41,1.0459851,14778
9.37,0.8640219,14778
9.28,0.5994593,14778
9.28,-0.22983353,14778
9.25,1.9070163,14778
9.25,2.5155423,14778
9.24,2.395157,14778
9.0,4.095453,8227
8.03,2.029676,8227
4.7,-4.5983033,16097
4.4,-2.9568079,16097
4.68,0.64219964,16124
8.02,0.3265169,12740
8.72,1.8229144,12916
8.62,0.40511915,12916
8.57,1.8005472,12916
8.57,0.38807997,12916
8.47,1.4144452,12916
8.46,2.3055758,12916
8.43,1.7963151,12916
8.42,1.3736469,12916
8.37,1.4830287,12916
8.28,0.5669397,12916
8.28,2.0976048,12916
8.28,1.5293112,12916
8.26,1.0902323,12916
8.25,2.070288,12916
8.22,1.3654071,12916
8.21,0.9631897,12916
8.2,0.53696823,12916
8.18,-0.72823524,12916
8.11,2.4943812,12916
8.07,-0.91970587,12916
8.07,-0.035347167,12916
8.02,3.1404355,12916
7.92,0.5283227,12916
7.85,2.4453025,12916
7.82,0.21479078,12916
7.8,0.20412251,12916
7.77,1.4892497,12916
7.66,2.0047693,12916
7.58,1.4742427,12916
7.5,1.6317811,12916
7.19,-1.7071112,12916
8.0,0.1609245,7581
7.8,1.0220727,7581
8.22,2.8267684,12535
7.71,1.6704562,8429
6.28,0.6067697,8429
5.56,-0.3562795,8429
5.0,-2.5131817,1248
5.06,-2.0994267,6886
4.95,0.6554264,7088
9.57,3.5716584,14201
9.05,0.37203237,14201
8.52,1.3008364,14201
7.11,-0.5657897,14201
8.0,-1.8319428,17326
7.89,-1.2738271,17326
7.68,-1.0414503,17326
7.5,-2.4250069,17326
7.42,-1.3988034,17326
7.34,0.6157489,17326
6.96,-1.7884483,17326
6.96,0.34594938,17326
6.82,-2.2486255,17326
6.77,-0.3467146,17326
6.72,-2.0028703,17326
6.72,-3.8413906,17326
6.55,-2.4795294,17326
6.42,-2.2152646,17326
6.42,-3.3413515,17326
6.42,-0.34547493,17326
6.25,0.19341965,17326
6.17,-0.4497376,17326
6.13,-5.6849084,17326
6.13,-2.6935034,17326
5.62,-3.4432478,17326
5.22,-4.4743495,17326
4.93,-1.9478031,17326
7.19,0.21760595,1502
5.64,-1.4838328,10025
6.0,-1.9390372,12256
8.52,0.5401037,7607
8.4,1.7933288,7607
8.4,1.3080597,7607
8.3,-1.4763035,7607
8.3,0.71517134,7607
8.3,0.84676325,7607
8.3,1.0636065,7607
8.15,-0.45201117,7607
8.15,0.023543283,7607
8.15,-1.213166,7607
8.1,-0.24302417,7607
8.05,-1.3744264,7607
8.05,-3.7809937,7607
8.05,1.43207,7607
8.0,-0.6752596,7607
7.96,-2.9295566,7607
7.92,0.61852825,7607
7.89,-1.872759,7607
7.89,1.2728945,7607
7.85,1.8619133,7607
7.8,-2.967297,7607
7.8,-1.2379768,7607
7.77,-1.5673867,7607
7.75,-2.929117,7607
7.75,-3.4674551,7607
7.72,-1.3967382,7607
7.64,-0.8281816,7607
7.58,-0.56947947,7607
7.54,-1.059778,7607
7.5,-1.4671339,7607
7.48,-3.5637305,7607
7.48,-0.34930512,7607
7.47,-3.3206108,7607
7.44,-2.62989,7607
7.43,0.39786103,7607
7.42,0.08221866,7607
7.42,0.2768495,7607
7.41,-3.0390337,7607
7.4,-0.20091523,7607
7.4,-1.8465755,7607
7.39,0.89905965,7607
7.38,2.544907,7607
7.38,0.6775373,7607
7.38,0.8416339,7607
7.38,1.7318568,7607
7.37,-2.3792377,7607
7.37,-1.1544068,7607
7.35,0.2671538,7607
7.33,-1.4482459,7607
7.31,-1.0560154,7607
7.3,2.969177,7607
7.27,-2.2820098,7607
7.26,0.18675345,7607
7.25,0.20558122,7607
7.19,-4.830686,7607
7.18,0.08379292,7607
7.18,0.15205659,7607
7.15,0.8189672,7607
7.11,-0.8026383,7607
7.1,0.11091145,7607
7.01,1.9907689,7607
7.0,1.6944023,7607
6.95,-0.7229997,7607
6.95,-0.32766166,7607
6.94,-0.30887827,7607
6.87,-2.6832974,7607
6.82,-0.81438744,7607
6.79,-3.6100104,7607
6.77,-5.33378,7607
6.77,0.97815216,7607
6.74,-0.26602587,7607
6.74,-0.09869832,7607
6.72,-1.1141386,7607
6.62,-6.2651644,7607
6.58,2.4489334,7607
6.57,2.8041103,7607
6.54,-4.537888,7607
5.96,0.91501343,7607
6.63,2.2489197,12014
6.21,-0.7713386,12014
6.15,0.24131289,12014
9.0,-1.9280721,13618
8.7,-1.3295243,13618
8.52,1.7699835,13618
8.3,-3.5578177,13618
8.22,-1.9237226,13618
8.22,-1.766284,13618
8.1,0.14522739,13618
8.05,-1.2212391,13618
7.8,-1.9237226,13618
6.91,-0.3958202,13618
7.39,0.016826864,3983
6.79,-0.67980194,3983
6.0,0.81218505,17355
5.82,0.8852626,17355
9.3,0.34144026,10510
8.89,5.590518,10510
8.66,4.369202,10510
8.64,1.9233472,10510
8.44,0.97429657,10510
8.43,3.0536714,10510
8.43,3.4436753,10510
8.29,3.0951447,10510
8.27,-0.6274804,10510
8.27,2.0735416,10510
8.15,1.8656178,10510
8.11,4.369202,10510
7.26,5.987795,10510
7.13,0.037356924,10510
6.43,3.4436753,10510
8.3,-1.4729333,16133
8.3,-0.51812434,16133
8.17,-1.4485062,16133
7.68,2.3315547,16133
7.1,3.3270345,11684
7.07,2.6761217,11684
6.94,2.4285355,11684
6.46,-2.3850343,11684
6.3,-2.3643055,11684
6.12,-3.745909,11684
6.1,-3.4811656,11684
6.06,-3.8956835,11684
6.0,-6.3841677,11684
5.96,-3.3288498,11684
7.68,3.303577,337
7.4,1.5553111,337
7.29,1.2715669,337
7.18,1.7175263,337
7.17,1.3500557,337
7.12,1.3221447,337
6.99,5.3558393,337
6.96,-0.16449094,337
6.83,0.7388356,337
6.82,-1.2166767,337
6.76,2.2563074,337
6.71,-1.028268,337
6.68,-0.62909913,337
6.63,-0.7715684,337
6.59,1.7759836,337
6.58,0.42669928,337
6.57,2.4817128,337
6.55,0.058941185,337
6.5,-0.07008611,337
6.43,0.74176836,337
6.08,0.74800265,337
5.9,-0.2130705,337
5.84,2.504206,337
5.67,1.6316875,337
5.5,-0.65609586,337
8.41,0.07129939,10511
8.1,2.4178157,10511
7.58,5.90986,10511
7.46,3.8878744,10511
7.44,1.5617821,10511
6.57,3.9413204,10511
6.54,4.287455,10511
6.36,4.287455,10511
6.03,0.7631184,10511
6.0,2.7892056,10511
5.84,-0.18544847,10511
5.83,3.0760226,10511
5.83,1.7171612,10511
5.79,2.2412474,10511
7.52,-0.22431505,3035
5.8,-0.64832366,3035
5.57,0.4904373,3035
5.46,-1.0678147,3035
5.23,-0.031403154,3035
4.92,0.10613346,3035
4.85,-1.9398316,3035
4.82,-0.5364052,3035
4.82,0.22447444,3035
4.82,-3.2980614,3035
4.72,-1.3084273,3035
4.66,-2.167827,3035
4.52,-0.45787612,3035
4.52,-4.32378,3035
4.44,-0.49409637,3035
4.0,-4.3084755,3035
4.0,-2.089479,3035
4.0,-0.76571023,3035
4.0,-3.336932,3035
4.0,-1.7084043,3035
7.04,0.9422313,1368
7.05,-2.623218,10228
7.0,-0.18717682,10228
6.96,-2.2183359,10228
6.89,0.5940949,10228
6.64,-2.154204,10228
6.48,-1.5639709,10228
6.35,-0.9496074,10228
5.89,-1.0571749,10228
5.8,-0.46633136,10228
5.74,-2.70499,10228
5.7,-2.1496706,10228
5.44,-2.69544,10228
5.42,-1.7748319,10228
9.3,1.6047196,16174
9.15,2.5087025,16174
9.15,0.19226322,16174
9.1,1.3604906,16174
8.96,0.8882644,16174
8.72,0.118426144,16174
8.68,1.4279596,16174
8.68,-0.36987156,16174
8.64,-0.027283914,16174
8.62,-0.4731507,16174
8.59,1.2164406,16174
8.55,-1.492478,16174
8.42,0.671111,16174
8.27,0.8989576,16174
7.7,1.6455468,16174
7.58,-1.6175843,16174
7.34,-0.27776292,16174
7.17,-0.27993408,16174
6.52,0.2616192,16174
6.33,0.35649434,16174
6.22,-1.6049575,16174
6.75,-0.72348034,7019
6.4,-1.0487254,7019
6.25,-0.7146113,7019
6.09,1.9540237,7019
6.07,-0.10339595,7019
6.07,-2.2047124,7019
5.92,-0.92935145,7019
5.35,1.1804025,7019
5.25,-0.56624067,7019
5.21,-2.7368138,7019
8.8,2.9044023,15984
8.7,1.2706814,15984
8.7,-0.44501904,15984
8.48,1.084338,15984
8.47,3.0965786,15984
8.46,-2.7043905,15984
8.44,1.3346083,15984
8.44,-0.66861403,15984
8.44,-2.504698,15984
8.41,1.2329164,15984
8.33,3.4799237,15984
8.24,0.6267103,15984
8.24,-0.43791562,15984
8.19,0.1299344,15984
8.17,0.87766993,15984
8.17,-2.108414,15984
8.0,-0.00045427307,15984
8.0,0.8905206,15984
7.85,-0.2743025,15984
7.77,1.4540668,15984
7.75,1.8495901,15984
7.68,1.6009086,15984
7.62,2.2451675,15984
7.62,-1.5656782,15984
7.44,-0.52783,15984
7.43,1.3729178,15984
7.37,2.9045992,15984
7.28,-1.2739173,15984
7.26,2.9107628,15984
7.12,0.7262113,15984
6.31,-0.89747095,15984
8.85,1.4445469,10671
8.44,0.0074505974,10671
8.37,2.7787225,10671
7.9,1.8145338,10671
7.86,1.0696747,10671
7.86,-0.04236338,10671
7.85,0.48382136,10671
7.82,-0.3653415,10671
7.75,1.3586916,10671
7.71,1.5260298,10671
7.7,0.83550286,10671
7.46,0.3466386,10671
7.31,-2.0179152,10671
6.6,-0.7305087,10671
6.57,1.4652082,10671
6.54,2.3965478,10671
6.48,-1.2438267,10671
6.2,-2.358477,10671
6.06,0.6741352,10671
7.85,3.3035831,6460
7.72,3.4752553,6460
7.54,1.2197523,6460
7.41,1.9653687,6460
7.41,3.2189672,6460
7.4,4.034938,6460
7.33,1.9520074,6460
7.24,1.4548538,6460
7.19,-1.4788675,6460
7.18,0.74290216,6460
7.15,2.2265482,6460
7.12,2.2654603,6460
7.06,1.6746145,6460
7.03,1.3243816,6460
6.97,2.0110235,6460
6.97,1.7601418,6460
6.95,1.0549207,6460
6.94,0.5447984,6460
6.93,1.4315934,6460
6.86,-0.15924832,6460
6.85,3.2543457,6460
6.83,0.8384508,6460
6.83,-0.85045445,6460
6.79,2.0812306,6460
6.79,2.1776948,6460
6.78,-2.10369,6460
6.73,2.9823217,6460
6.64,5.3253036,6460
6.63,2.0034606,6460
6.61,3.3535252,6460
6.61,2.712664,6460
6.59,1.1834838,6460
6.58,1.710918,6460
6.58,-0.78819335,6460
6.56,0.2852305,6460
6.53,0.41124746,6460
6.51,1.9917977,6460
6.5,1.5375959,6460
6.48,0.86764765,6460
6.47,1.5553657,6460
6.46,3.177915,6460
6.44,-1.2443986,6460
6.41,-1.4928111,6460
6.37,0.028034367,6460
6.37,4.1751184,6460
6.35,2.0517771,6460
6.33,1.4221972,6460
5.46,-4.9438396,2231
7.77,-0.6270547,1726
5.37,-3.851146,783
9.0,-5.1013894,13685
9.0,1.4153326,13685
7.64,-1.2614211,13685
7.0,-1.2944417,1060
5.6,1.2608937,1060
7.7,1.211362,9319
7.46,0.59198594,9319
7.0,-2.3197172,9319
7.09,0.49816647,7543
4.47,-2.6023722,11569
4.33,-2.1103525,11569
7.75,-0.25127527,2234
7.34,-0.24252236,2234
6.97,-1.0540264,2234
6.65,1.1953877,2234
6.05,-3.661831,2234
6.02,-4.500811,2234
8.18,0.51275265,16205
5.92,-1.4404807,16205
8.26,0.1297492,12635
7.96,0.4285146,4736
8.33,-0.44127172,332
8.33,0.75497675,332
8.15,-0.2825568,332
8.12,-0.26978886,332
8.09,-0.878935,332
8.08,-1.9809291,332
8.04,-0.011890866,332
7.89,0.9452145,332
7.89,-0.24593255,332
7.89,-0.6295763,332
7.62,0.9236964,332
7.58,-1.5320759,332
7.47,-1.8332129,332
7.47,-1.366226,332
7.19,-1.0929093,332
7.16,-1.6075783,332
7.11,1.4639455,332
7.1,-1.9809291,332
7.05,-3.4963923,332
6.72,-1.6942698,332
6.44,-2.3559353,332
6.36,-3.3119364,332
6.16,-5.3813877,332
5.85,-3.08943,332
5.33,-5.8709435,332
5.55,-0.506793,11540
9.0,0.871011,2345
9.0,0.31875488,2345
9.0,-1.1058908,2345
8.7,-1.501333,2345
8.7,-3.0743327,2345
8.7,-2.8010404,2345
8.52,1.9440676,2345
8.4,-3.2938387,2345
8.4,-2.112497,2345
8.3,-3.4832397,2345
8.3,-1.0567826,2345
8.22,0.5818262,2345
8.22,0.34674126,2345
8.22,1.5558505,2345
8.15,1.6816543,2345
8.1,-0.34404814,2345
8.1,-2.649108,2345
8.1,-0.13880108,2345
8.1,-1.9041992,2345
8.0,-0.045540065,2345
8.0,-2.4031575,2345
8.0,0.15206364,2345
8.0,1.6633767,2345
8.0,-0.029944777,2345
7.92,1.0032967,2345
7.92,3.4943702,2345
7.92,-0.07205795,2345
7.82,-0.355385,2345
7.8,1.0043166,2345
7.75,-2.1616597,2345
7.75,1.1651236,2345
7.7,1.487489,2345
7.7,-1.0499245,2345
7.68,0.08205241,2345
7.58,-0.5200312,2345
7.58,1.004234,2345
7.51,0.52706397,2345
7.36,2.766839,2345
7.27,-2.627427,2345
7.26,-1.9714324,2345
7.23,1.509153,2345
7.13,-2.162421,2345
7.04,0.58303833,2345
7.03,-2.2133532,2345
6.95,-0.98873293,2345
6.93,-0.4863685,2345
6.8,-2.2713828,2345
6.76,-0.8832356,2345
6.73,-1.3534355,2345
6.53,-3.506776,2345
6.05,-5.601303,2345
5.9,0.34092242,2345
5.0,-0.5717883,16655
9.27,0.83018696,13841
8.09,1.6454806,3656
7.59,0.60383606,3656
7.08,0.023374155,3656
6.01,-0.8712268,16749
7.0,0.3913717,16319
8.1,0.46683088,4160
7.73,0.3555279,6219
7.49,-1.266343,6219
7.38,-0.19112192,6219
7.26,0.14990278,6219
7.24,2.0559664,6219
7.14,0.9305581,6219
7.13,2.7575092,6219
7.1,-0.544328,6219
7.08,1.8843523,6219
7.06,-1.2796682,6219
7.06,1.4439338,6219
7.04,0.09834887,6219
7.04,-1.9844785,6219
7.03,2.6695707,6219
7.03,-0.39365202,6219
7.02,2.7643828,6219
7.02,1.3718309,6219
7.01,-2.2946494,6219
7.01,2.6841474,6219
7.0,-2.2539902,6219
6.99,-2.343933,6219
6.99,-0.33187583,6219
6.97,0.30241063,6219
6.96,1.1733426,6219
6.95,-2.7495196,6219
6.93,-1.5542918,6219
6.93,1.0217215,6219
6.92,-1.9123551,6219
6.91,2.990507,6219
6.91,2.9352155,6219
6.88,0.40918714,6219
6.87,0.784529,6219
6.87,0.6916673,6219
6.86,3.6465054,6219
6.86,0.3170109,6219
6.86,-3.1460261,6219
6.85,1.0464361,6219
6.85,1.5532669,6219
6.85,2.332134,6219
6.85,0.136086,6219
6.84,-3.0324535,6219
6.83,1.4946164,6219
6.82,-1.4743755,6219
6.82,-0.17090183,6219
6.81,-0.98610616,6219
6.81,-1.5862924,6219
6.8,0.5683352,6219
6.8,-1.0503818,6219
6.79,-0.54121184,6219
6.79,1.6423492,6219
6.78,1.7124921,6219
6.77,-1.8178278,6219
6.76,-0.32675785,6219
6.76,-1.4158143,6219
6.76,-2.628233,6219
6.75,-0.68602216,6219
6.75,-0.45802045,6219
6.74,-0.98610616,6219
6.74,2.0111494,6219
6.73,2.13712,6219
6.73,-2.2009733,6219
6.73,2.073887,6219
6.72,2.13712,6219
6.72,-0.90270793,6219
6.72,0.36362246,6219
6.71,-0.27712813,6219
6.7,0.52860963,6219
6.7,0.82445693,6219
6.69,-2.6019723,6219
6.66,3.3861442,6219
6.66,-2.351778,6219
6.66,0.009954315,6219
6.66,-2.2009733,6219
6.64,3.3174748,6219
6.63,1.588764,6219
6.63,-2.3516102,6219
6.63,-2.777661,6219
6.62,0.41313037,6219
6.6,-2.7902792,6219
6.59,-2.920574,6219
6.58,0.7091876,6219
6.57,0.04861586,6219
6.57,3.068124,6219
6.57,0.7407489,6219
6.56,1.7270339,6219
6.56,-2.4629428,6219
6.56,-1.2576308,6219
6.56,3.1126,6219
6.55,0.02132702,6219
6.55,0.9832001,6219
6.55,2.0423205,6219
6.54,2.5741274,6219
6.51,-0.7241421,6219
6.51,0.6842053,6219
6.5,-2.5017073,6219
6.49,-1.5220256,6219
6.48,-0.44264117,6219
6.48,-1.6729242,6219
6.47,2.5741274,6219
6.46,-0.46173173,6219
6.45,-2.6122797,6219
6.43,0.009954315,6219
6.42,2.3066413,6219
6.42,2.6421943,6219
6.41,-1.4804231,6219
6.4,-2.665329,6219
6.4,0.22268747,6219
6.4,-1.4006906,6219
6.39,-1.5460256,6219
6.37,-1.4437579,6219
6.37,-0.6768125,6219
6.35,2.494251,6219
6.34,1.5000193,6219
6.33,-4.770413,6219
6.31,-2.1826015,6219
6.31,0.47712022,6219
6.31,0.845785,6219
6.3,1.798919,6219
6.3,2.2414258,6219
6.29,-2.85569,6219
6.28,0.11457169,6219
6.26,-0.59602046,6219
6.25,1.5857904,6219
6.25,-0.73319924,6219
6.23,-0.20543034,6219
6.21,-0.6918168,6219
6.2,-2.2013083,6219
6.16,0.47712022,6219
6.15,1.0113066,6219
6.15,-3.0355535,6219
6.14,-3.4961462,6219
6.13,-2.6959262,6219
6.12,1.7621224,6219
6.07,-1.6744591,6219
6.06,0.006300941,6219
6.04,0.6208062,6219
6.03,-4.4862185,6219
6.03,3.4966657,6219
6.03,0.4438845,6219
6.01,-1.9850075,6219
5.98,-2.0152605,6219
5.94,-2.4272268,6219
5.93,-0.7658651,6219
5.92,0.66082156,6219
5.91,-4.5164094,6219
5.9,-1.1208128,6219
5.86,-0.885473,6219
5.81,-1.7338514,6219
5.79,-1.6940074,6219
5.79,-2.0521727,6219
5.76,-1.9208018,6219
5.76,0.860639,6219
5.72,6.050122,6219
5.71,0.776201,6219
5.67,2.0617487,6219
5.65,0.5862062,6219
5.59,0.20921351,6219
5.54,-2.5842774,6219
5.52,0.91176,6219
5.51,-3.6093433,6219
5.42,-0.50452316,6219
5.38,-2.6572247,6219
5.31,1.2233659,6219
5.31,-2.903158,6219
5.18,2.6794353,6219
8.05,1.3099838,2995
7.92,2.0426185,2995
7.75,-1.1207418,2995
7.55,-0.19676018,2995
7.44,-1.5616603,2995
7.21,-4.050496,2995
6.8,-4.132216,2995
6.05,-4.2470603,2995
6.02,-3.353083,2995
5.82,-4.838412,2995
6.22,0.3637548,5325
5.22,0.03589137,6845
5.03,0.19974807,6845
4.32,-3.1701975,10364
9.46,-0.75058246,9949
5.09,3.1570084,6339
6.78,-0.44255903,4694
6.47,-2.7840102,4694
6.3,-1.0313026,4694
6.28,-4.145574,4694
6.26,-3.418287,4694
6.23,-5.9184937,4694
6.21,-2.1802218,4694
6.2,-0.58673525,4694
6.17,-1.4159921,4694
6.13,-2.6978605,4694
6.11,-3.1407053,4694
6.1,-4.041394,4694
6.09,-1.5924002,4694
6.08,-3.904151,4694
6.07,-2.8376632,4694
6.06,-1.2459843,4694
6.05,-3.0365968,4694
6.04,-3.846824,4694
6.02,-4.0474734,4694
6.02,-2.7057545,4694
7.0,-1.6392571,15756
6.89,0.39489496,15756
5.92,-0.1714579,15756
4.21,-2.407597,15756
7.5,1.8751634,12543
6.77,-0.78368473,4129
6.54,-2.6063294,4129
6.42,-2.3527603,4129
6.38,-2.549507,4129
6.35,-1.4931126,4129
6.24,-1.0872868,4129
6.19,-1.7426237,4129
6.08,-0.4663622,4129
4.72,-1.7582353,4129
4.43,0.19656701,4129
5.87,0.714607,1400
7.0,-0.47936046,11728
6.89,-1.9451162,11728
6.89,-2.3845258,11728
6.85,-2.3845258,11728
6.75,-2.2039952,11728
6.0,-4.340323,11728
7.04,-3.675575,13492
6.72,-0.7047584,13492
6.63,-0.592185,13492
6.58,-1.6663766,13492
6.52,-0.21157555,13492
7.7,-4.637882,10459
6.83,0.18763347,3603
9.16,2.0431876,9630
9.08,1.513283,9630
9.04,-0.65072584,9630
9.02,-0.1248129,9630
8.97,-0.08036256,9630
8.86,2.1572506,9630
8.17,0.17305824,9630
8.08,-0.50401914,9630
7.95,1.1032933,9630
7.67,2.4447746,9630
7.65,-1.270909,9630
7.04,-2.1855166,9630
6.42,0.65926003,3419
6.4,-5.129499,3419
6.08,-0.74625885,3419
6.03,-1.9407393,3419
6.02,0.58775795,3419
6.0,-0.5869912,3419
5.89,-1.0476131,3419
5.89,3.1614504,3419
5.77,-1.6496695,3419
5.72,-6.2534146,3419
5.72,-3.865392,3419
5.68,-0.66612685,3419
5.62,-1.1689274,3419
5.6,-0.89782524,3419
5.55,-4.3790445,3419
5.52,-4.280761,3419
5.51,-1.1631308,3419
5.46,0.044515826,3419
5.44,-2.3420477,3419
5.44,-1.0691875,3419
5.34,-0.60982084,3419
5.31,-4.1770554,3419
5.24,-4.827241,3419
5.06,0.046271812,3419
6.12,-2.0619278,9643
6.92,-5.472349,4424
6.28,-2.8611107,4085
7.48,0.8317214,14443
4.77,-1.8418368,16232
9.22,3.7091043,9676
8.72,3.3361745,9676
8.62,0.6915798,9676
8.27,1.4231467,9676
7.89,5.515296,9676
7.76,-1.7295215,9676
7.68,1.7009957,9676
7.66,-1.6865703,9676
7.5,-0.64078104,9676
7.32,4.1058335,9676
6.63,-0.4430062,9676
8.52,0.7534822,4619
8.3,-0.7559407,4619
7.96,-2.9996302,4619
7.85,0.25397184,4619
7.75,-0.49300984,4619
7.7,-0.27529645,4619
7.7,-0.6806643,4619
7.66,1.5438864,4619
7.54,-0.46379113,4619
7.52,-1.2506919,4619
7.44,0.026338043,4619
7.38,-1.9692357,4619
7.31,-1.550874,4619
7.28,-0.18656306,4619
7.0,-1.753893,4619
6.85,-0.7717562,4619
5.77,-2.222798,2407
7.4,-2.4291086,16361
6.67,1.1309484,9344
9.27,3.4692864,9205
8.52,1.5841794,6914
7.32,-1.2507209,6914
6.5,-3.9975846,6914
6.16,-0.8847735,16099
5.14,-0.74237454,16099
7.09,-2.527885,11457
7.03,-2.560789,11457
6.91,-1.8597958,11457
6.82,-4.0833664,11457
6.04,-4.2259684,11457
5.88,-2.0519702,11457
5.87,-2.5458684,11457
7.17,0.31135154,5674
9.1,-3.8210459,8275
8.3,0.397961,8275
4.31,-1.5989397,8275
9.44,1.747323,12269
4.3,-2.8185573,967
8.96,4.97795,1965
8.8,1.224183,1965
8.8,-0.15113547,1965
8.68,3.2675774,1965
8.68,2.7511911,1965
8.68,2.0863717,1965
8.64,1.9143121,1965
8.22,-1.5413465,1965
7.96,-1.8893176,1965
7.82,-1.2481539,1965
7.54,2.9473612,1965
7.35,-1.0954034,1965
7.33,-0.63000274,1965
7.24,-3.202325,1965
7.19,-6.144114,1965
6.58,-3.3672435,1965
6.57,-1.4327095,1965
6.54,-2.923759,1965
6.14,0.53965163,1965
6.04,-1.5245019,1965
5.82,-5.246435,1965
5.52,0.61140037,1965
7.32,-3.7130506,10428
7.78,2.502714,11925
8.77,-0.071929745,12439
6.94,-3.632934,8329
5.8,-2.8971047,8329
5.53,-0.46170792,8329
5.32,-3.5605888,8329
5.21,-2.6635695,8329
5.77,-0.37712038,11009
5.13,-2.5864441,11009
5.0,-3.2130067,7507
8.52,0.022582173,1972
7.21,-3.1479363,3069
7.17,-2.2194097,3069
7.11,-2.2782278,3069
7.0,-0.053347915,3069
6.92,-0.9282973,3069
6.85,-4.099607,3069
6.64,0.50243735,3069
6.42,-3.7790873,3069
6.42,-3.260402,3069
6.24,-3.1209862,3069
6.0,-2.6383996,3069
5.85,-4.4308004,3069
5.77,-3.2840044,3069
5.52,-4.7968335,3069
5.43,-1.4268255,3069
5.35,-1.4268255,3069
5.24,-2.761845,3069
5.17,-1.6493937,3069
5.14,-3.4406865,3069
5.11,-1.2869658,3069
4.52,-3.3887942,3069
4.19,-3.1062844,3069
4.12,-4.124979,3069
4.1,-2.6298246,3069
5.4,-1.9972317,15940
5.51,-1.8205311,6504
9.0,1.0258429,7335
8.46,-1.3323231,7335
8.45,-0.86822855,7335
8.39,-1.074722,7335
8.3,-0.45494822,7335
8.29,0.5463021,7335
8.2,1.2804604,7335
8.06,-1.75364,7335
7.99,-0.11774364,7335
7.87,-0.86822855,7335
7.84,0.9567902,7335
7.79,-4.071213,7335
7.61,-3.0230076,7335
6.93,-3.0230076,7335
6.2,0.54794085,7335
6.16,-1.074722,7335
6.13,-4.071213,7335
6.12,-1.3323231,7335
5.3,-3.5377014,8315
5.09,-4.4230633,8315
5.0,-2.3590224,8315
9.0,0.5545738,9142
9.0,-2.4063222,9142
9.0,0.20380433,9142
8.7,2.3301682,9142
8.7,-1.992765,9142
8.7,-1.4607366,9142
8.7,2.2130182,9142
8.52,-2.8550646,9142
8.4,0.97687757,9142
8.1,-1.2970395,9142
8.1,1.1265988,9142
7.82,-0.8830575,9142
7.8,-0.1361764,9142
7.75,4.245019,9142
7.07,-1.5272017,9142
6.96,-2.493864,9142
7.97,-2.0531442,14085
9.22,-0.033682227,17042
9.0,-2.934685,17042
9.0,0.7046665,17042
9.0,2.0810657,17042
8.66,-0.8505527,17042
8.4,0.20366555,15422
8.3,-2.8349361,15422
8.0,0.36089823,15422
7.92,0.25480914,15422
7.89,-3.2723775,15422
7.68,-3.5274599,15422
7.54,-4.0993037,15422
7.41,1.6718607,15422
7.38,-2.4747322,15422
7.27,-3.2511778,15422
7.2,-2.0401342,15422
7.0,-0.06875342,15422
6.86,-1.9550965,15422
6.84,-4.833414,15422
6.84,-5.965169,15422
6.71,-5.869039,15422
6.36,-0.16909903,15422
6.24,-4.481971,15422
6.09,-5.388777,15422
5.81,-0.99834037,15422
5.9,-0.6478008,11870
5.56,-1.4533042,11870
5.39,0.4178818,11870
8.89,0.017375188,3166
5.42,-2.452175,9507
8.4,1.0597786,4630
8.62,-0.9537785,121
7.84,0.7296312,121
7.25,0.7296312,121
6.18,0.10579053,121
6.11,1.0526922,121
5.79,-2.527213,121
5.43,-0.5238501,121
7.7,0.9836079,17822
7.68,-2.7745502,713
7.53,-5.8196616,713
7.18,-4.1736956,713
5.4,2.0096586,3492
7.1,-0.86767435,17629
7.0,-2.0820901,17629
6.84,-1.636646,17629
6.33,-1.8954649,17629
6.11,-0.5887804,17629
6.11,-2.7069128,17629
5.82,0.9689977,17629
5.24,-2.1861713,17629
5.0,-2.3676739,17629
5.0,-3.732324,17629
9.0,3.71154,5486
9.0,3.2667553,5486
8.3,1.0234838,5486
8.3,2.5895135,5486
7.72,1.1868968,5486
7.03,-2.4301245,5486
6.78,-0.8282589,5486
7.96,1.7399793,8627
7.77,-0.14984381,8627
6.01,-1.5903698,2602
5.88,-2.6615186,2602
5.76,-0.7918818,2602
5.7,-2.0267434,2602
5.69,0.05051302,2602
9.72,5.970898,8095
9.64,6.863574,8095
9.49,1.3180937,8095
9.48,7.0520124,8095
9.44,2.405051,8095
9.44,3.5072114,8095
9.43,-1.5850402,8095
9.4,0.11723656,8095
9.34,3.274348,8095
9.3,-1.5458187,8095
9.19,1.6226239,8095
9.15,-2.9385538,8095
9.14,3.0120022,8095
9.14,-0.11137113,8095
9.09,-2.4654477,8095
9.08,5.450026,8095
9.07,3.567206,8095
9.07,-0.43815407,8095
9.07,0.24744157,8095
9.07,-2.1487117,8095
9.07,2.2686837,8095
9.0,2.4875333,8095
9.0,2.975683,8095
8.96,1.4226477,8095
8.94,5.7799115,8095
8.92,3.0954204,8095
8.9,0.27468467,8095
8.89,1.636404,8095
8.88,-0.123212025,8095
8.87,0.44952282,8095
8.83,3.4076881,8095
8.8,2.4038203,8095
8.76,1.6083173,8095
8.73,0.5725839,8095
8.72,4.997542,8095
8.72,2.9810038,8095
8.71,4.8815656,8095
8.7,2.6165895,8095
8.68,3.1238322,8095
8.67,3.0164123,8095
8.66,3.0887244,8095
8.66,-0.7285385,8095
8.66,2.021358,8095
8.65,3.4076881,8095
8.64,0.74366045,8095
8.64,1.9748462,8095
8.63,-2.0892231,8095
8.62,0.92157805,8095
8.61,-1.1077466,8095
8.61,1.3340372,8095
8.6,0.99865997,8095
8.6,3.2093246,8095
8.6,0.33647725,8095
8.59,-1.4132191,8095
8.58,-1.5844231,8095
8.58,-1.3631907,8095
8.58,2.9582002,8095
8.57,2.831417,8095
8.56,0.8868954,8095
8.56,2.3588796,8095
8.56,1.4016097,8095
8.54,3.2313635,8095
8.53,2.97585,8095
8.53,0.56872225,8095
8.52,2.2766542,8095
8.47,-0.97119975,8095
8.46,1.5236039,8095
8.46,2.5622993,8095
8.46,2.4010465,8095
8.45,0.23011445,8095
8.43,1.6119537,8095
8.4,-2.5723634,8095
8.4,3.1855633,8095
8.4,2.1833525,8095
8.4,0.24496214,8095
8.4,1.3153278,8095
8.4,1.3204757,8095
8.36,1.26822,8095
8.36,1.8767402,8095
8.36,3.1092181,8095
8.34,3.1550443,8095
8.33,1.9205296,8095
8.32,2.564717,8095
8.32,0.74063456,8095
8.31,0.17382061,8095
8.29,0.9716952,8095
8.29,0.035654705,8095
8.28,1.8352395,8095
8.27,-1.7739856,8095
8.27,0.6429517,8095
8.25,-1.869243,8095
8.25,1.9506545,8095
8.24,-0.36644453,8095
8.21,0.1904437,8095
8.2,0.41740066,8095
8.19,-0.54725146,8095
8.19,-0.035415053,8095
8.18,-0.67420805,8095
8.17,1.6291056,8095
8.17,-0.14887792,8095
8.16,0.7171973,8095
8.15,0.6917616,8095
8.13,1.2837595,8095
8.12,3.5544243,8095
8.12,3.7575417,8095
8.11,2.211398,8095
8.1,1.1245877,8095
8.1,2.3154926,8095
8.1,1.0533385,8095
8.08,-1.6942617,8095
8.08,1.5377069,8095
8.07,3.460211,8095
8.05,0.76410127,8095
8.05,-0.123212025,8095
8.04,-1.0415518,8095
8.03,1.5302469,8095
8.03,0.7871617,8095
8.03,-0.4749798,8095
8.01,-0.3029199,8095
7.98,-2.252772,8095
7.98,2.5146952,8095
7.97,1.6119537,8095
7.96,2.408417,8095
7.96,-2.5986216,8095
7.96,0.5895723,8095
7.96,0.96295667,8095
7.96,0.15438086,8095
7.94,1.5005151,8095
7.94,0.04258156,8095
7.94,0.23969474,8095
7.94,-1.0665828,8095
7.94,-2.506826,8095
7.91,-0.09713804,8095
7.9,2.29429,8095
7.89,-0.68759537,8095
7.86,1.8953668,8095
7.85,-1.0981807,8095
7.85,-1.3872094,8095
7.85,-1.639258,8095
7.83,-1.9896162,8095
7.82,0.25932258,8095
7.82,-0.86411107,8095
7.82,-1.5705286,8095
7.81,-1.330545,8095
7.8,0.8673799,8095
7.8,-1.7739856,8095
7.79,-0.4061866,8095
7.78,1.9009364,8095
7.78,-0.27335796,8095
7.77,-0.028523698,8095
7.75,0.26256546,8095
7.75,-0.6354854,8095
7.72,2.2524712,8095
7.72,-1.3007761,8095
7.71,1.5213863,8095
7.68,-0.34785274,8095
7.68,0.7483772,8095
7.67,-0.03757221,8095
7.67,2.336827,8095
7.67,-0.39235055,8095
7.66,-2.491047,8095
7.63,-1.1861147,8095
7.63,-0.14711022,8095
7.63,2.2104256,8095
7.63,-0.22190642,8095
7.62,-1.186711,8095
7.61,-2.3690233,8095
7.58,1.3360221,8095
7.57,-2.3098965,8095
7.57,2.8962607,8095
7.56,-0.4061866,8095
7.56,0.8679131,8095
7.56,0.9100063,8095
7.55,-0.91819894,8095
7.52,-1.3699485,8095
7.49,2.29429,8095
7.49,-0.58483005,8095
7.48,0.3304769,8095
7.48,-1.3699485,8095
7.48,-3.2696264,8095
7.47,-0.80765116,8095
7.47,-0.36644453,8095
7.46,0.7706624,8095
7.44,3.066572,8095
7.44,0.014523365,8095
7.43,-0.9318061,8095
7.39,0.3461267,8095
7.38,0.3304769,8095
7.37,-2.9306426,8095
7.36,-0.7773851,8095
7.36,0.3858604,8095
7.35,-0.9218446,8095
7.33,-5.1821275,8095
7.32,0.9572425,8095
7.32,1.0533385,8095
7.3,1.9130217,8095
7.29,-0.1669455,8095
7.28,-0.123212025,8095
7.28,0.57919645,8095
7.28,0.8365717,8095
7.27,-4.1566205,8095
7.26,-0.3635297,8095
7.25,-0.17338142,8095
7.23,-3.2723515,8095
7.22,-5.020935,8095
7.22,0.76625025,8095
7.22,-0.3708664,8095
7.21,-0.04200413,8095
7.2,0.66957235,8095
7.18,-1.9507936,8095
7.16,0.59028697,8095
7.15,-4.331096,8095
7.13,-0.4938173,8095
7.13,0.4240552,8095
7.12,-2.6901708,8095
7.11,-4.494649,8095
7.11,-1.7195215,8095
7.11,-4.1566205,8095
7.08,-2.174009,8095
7.07,-1.4777416,8095
7.06,-1.3182365,8095
7.03,0.32479265,8095
7.0,0.58091366,8095
7.0,-0.8143952,8095
6.99,-0.2792454,8095
6.98,-0.776916,8095
6.89,-6.3959136,8095
6.89,-2.8081644,8095
6.89,-4.535107,8095
6.85,-0.26148254,8095
6.84,0.030586585,8095
6.82,-0.08517535,8095
6.79,-7.0628176,8095
6.74,-0.5937407,8095
6.73,-3.252154,8095
6.72,-5.4135356,8095
6.72,-0.5937407,8095
6.72,-0.4732935,8095
6.7,0.28515765,8095
6.69,-1.756356,8095
6.69,-3.180677,8095
6.68,-4.0861554,8095
6.65,0.5895723,8095
6.59,-2.157283,8095
6.54,0.9088558,8095
6.52,-0.045654356,8095
6.48,-0.16203633,8095
6.44,-4.1566205,8095
6.4,-2.3424232,8095
6.39,-4.1345077,8095
6.38,-3.3037987,8095
6.36,-2.7273939,8095
6.34,-0.30862713,8095
6.32,-1.4569638,8095
6.31,-7.3083425,8095
6.29,0.6546843,8095
6.25,-1.4993908,8095
6.21,-1.1676174,8095
6.18,-1.580642,8095
6.18,-2.0641742,8095
6.17,-2.695538,8095
6.11,1.845095,8095
6.11,4.3199096,8095
6.07,-3.7975287,8095
6.0,-3.4804854,8095
5.88,-3.7417984,8095
5.88,0.83705413,8095
5.87,-2.1732352,8095
5.85,-3.1403754,8095
5.83,0.8300737,8095
5.72,-6.300902,8095
5.71,1.0533385,8095
5.34,-2.4234853,8095
5.19,-4.781689,8095
6.15,0.5914297,11857
6.13,-0.7429291,10936
7.3,-0.9792247,920
9.0,3.5835621,11209
9.0,2.6679504,11209
9.0,2.7107022,11209
8.7,3.2210858,11209
8.7,3.047266,11209
8.7,-2.2263565,11209
8.52,-0.85042965,11209
8.52,-1.3700022,11209
8.52,2.3715825,11209
8.52,1.4625314,11209
8.4,3.464684,11209
8.4,2.1990368,11209
8.3,1.646081,11209
8.3,-3.3206875,11209
8.22,1.6667095,11209
8.0,3.9577765,11209
8.0,1.0959929,11209
8.0,3.5369189,11209
7.82,2.9843771,11209
7.8,3.3341215,11209
7.64,-4.2774262,11209
7.54,0.48274118,11209
4.63,-0.5721879,1926
6.38,-1.6573414,15634
8.47,0.32908434,12723
4.92,-4.1546264,12723
5.5,-2.2152846,478
9.24,-1.0708059,14255
9.22,1.4175854,14255
9.01,-0.36966714,14255
8.92,-1.306424,14255
8.85,-0.41301987,14255
8.71,-0.35765365,14255
8.62,-1.6014937,14255
8.6,-0.76702523,14255
8.54,2.1163604,14255
8.34,-1.5332447,14255
8.09,0.5325713,14255
8.08,1.9346603,14255
8.06,0.6158471,14255
8.01,0.6836345,14255
7.95,-4.7711496,14255
7.82,-0.6578388,14255
7.8,-0.77764857,14255
7.69,-0.44842073,14255
7.62,2.7571578,14255
6.56,-2.7097244,14255
6.08,0.93792677,14255
5.81,-2.5929224,14255
5.77,-4.200674,14255
8.48,0.85047364,7956
8.44,1.1378573,7956
8.43,1.6788414,7956
8.34,-1.1958296,7956
8.32,2.0446756,7956
8.29,-1.8948869,7956
8.29,1.2303768,7956
8.28,1.8910757,7956
8.26,2.0341222,7956
8.21,0.7241063,7956
8.2,3.084066,7956
8.19,3.276401,7956
8.18,-0.298808,7956
8.17,3.844664,7956
8.15,-0.7985587,7956
8.15,2.2244723,7956
8.15,3.5706863,7956
8.14,0.66365075,7956
8.14,2.1069512,7956
8.11,0.91733074,7956
8.1,-0.70254064,7956
8.1,0.8787507,7956
8.08,3.7815528,7956
8.07,-0.04774542,7956
8.06,2.844851,7956
8.05,2.2677886,7956
8.05,0.9908533,7956
8.05,2.709919,7956
8.04,1.1645088,7956
8.04,-2.141686,7956
8.03,2.1414754,7956
8.01,2.0586805,7956
8.0,3.2756803,7956
8.0,2.3769212,7956
7.98,1.1032132,7956
7.96,2.594267,7956
7.96,2.7730796,7956
7.96,1.5011853,7956
7.95,0.571643,7956
7.93,3.5344124,7956
7.9,3.0039082,7956
7.9,1.4712862,7956
7.89,1.7947228,7956
7.89,-1.1053576,7956
7.89,-0.7175901,7956
7.89,4.0027857,7956
7.89,2.5085793,7956
7.89,3.2761161,7956
7.85,1.1410604,7956
7.85,2.5753286,7956
7.83,2.6704733,7956
7.82,2.2948878,7956
7.82,-0.770234,7956
7.8,1.6413443,7956
7.8,-1.684799,7956
7.8,0.5018273,7956
7.75,2.6468618,7956
7.74,0.16738819,7956
7.72,2.7092738,7956
7.72,-0.27850723,7956
7.72,2.7860699,7956
7.71,-0.8303659,7956
7.7,1.9913014,7956
7.68,2.2302217,7956
7.68,-0.56646645,7956
7.68,2.5609908,7956
7.65,1.9915446,7956
7.63,1.9371217,7956
7.62,1.3689206,7956
7.62,2.1168509,7956
7.62,2.117892,7956
7.61,1.7742983,7956
7.61,2.8787963,7956
7.6,2.2038233,7956
7.6,4.1341324,7956
7.6,0.7914506,7956
7.6,1.5664651,7956
7.58,2.6367896,7956
7.58,1.3388742,7956
7.58,1.4930224,7956
7.57,0.7528211,7956
7.57,1.5808764,7956
7.56,1.5259051,7956
7.54,1.9950371,7956
7.54,1.8773115,7956
7.53,3.4098554,7956
7.53,0.08346547,7956
7.52,2.2574065,7956
7.51,2.0851824,7956
7.5,1.6196283,7956
7.5,1.5032774,7956
7.5,1.903846,7956
7.46,2.5784504,7956
7.46,1.1351776,7956
7.45,1.3987501,7956
7.43,2.5456173,7956
7.43,0.7475995,7956
7.43,2.4495213,7956
7.42,0.27906907,7956
7.41,2.7348528,7956
7.41,2.4799852,7956
7.41,1.4725045,7956
7.39,3.996595,7956
7.37,3.1743038,7956
7.35,2.5824757,7956
7.25,2.2068286,7956
7.21,2.6453574,7956
7.19,3.4590516,7956
7.15,0.5298525,7956
7.14,1.4733522,7956
7.13,3.1769283,7956
7.13,2.280688,7956
7.06,2.3740447,7956
7.05,3.3876665,7956
7.02,2.2075744,7956
7.01,1.402758,7956
6.96,1.6589063,7956
6.94,3.5739775,7956
6.9,-1.3246486,7956
6.84,3.2241533,7956
6.84,2.6905143,7956
6.82,2.0568526,7956
6.53,1.2748519,7956
6.7,0.2608431,4786
8.15,0.9269246,2316
5.96,1.016052,2316
9.0,-0.010832123,9893
6.05,-2.262188,1568
4.44,-4.1159062,1568
4.29,-4.309861,1568
7.44,1.5974696,7314
6.6,-2.7758603,5770
6.5,-3.4847972,5770
6.5,-6.8552213,5770
6.5,-5.612103,5770
6.5,-3.6668956,5770
6.4,-4.0704675,5770
6.3,-7.73989,5770
6.3,-3.499096,5770
6.3,-3.4317267,5770
6.2,-4.835079,5770
6.2,-3.834554,5770
6.2,-2.0528092,5770
6.2,-4.2692304,5770
6.2,-5.496453,5770
6.1,-2.3581667,5770
6.1,-4.653168,5770
6.0,-5.037177,5770
6.0,-2.1930416,5770
6.0,-2.57291,5770
6.0,-3.3630638,5770
6.0,-3.6684496,5770
6.0,-5.193751,5770
5.9,-4.181499,5770
5.9,-5.414088,5770
5.9,-6.1383247,5770
5.8,-1.7519085,5770
5.8,-2.0499792,5770
5.8,-5.0461197,5770
5.8,-3.5648515,5770
5.7,-2.041309,5770
5.7,-2.9776924,5770
5.7,-3.818073,5770
5.6,-2.885378,5770
5.6,-7.896346,5770
5.6,-3.4847972,5770
5.6,-3.4504635,5770
5.5,-5.5873427,5770
5.4,-6.295933,5770
5.4,-1.3539938,5770
5.2,-4.8228045,5770
5.2,-4.808896,5770
5.1,-6.4555907,5770
5.0,-7.4245086,5770
4.4,-6.540779,5770
6.92,-0.5988507,4195
6.77,1.2766844,4195
6.44,1.5473359,4195
6.17,-2.612359,4195
5.54,1.917543,4195
8.51,2.2901132,11747
8.29,-0.3034807,11747
8.33,1.4948742,9538
8.4,2.9134846,727
7.85,0.22934788,727
7.75,0.4943732,727
7.48,-3.310587,727
7.34,2.6229258,727
7.28,-3.7443414,727
7.19,-3.5246007,727
7.16,-3.772219,727
7.14,-2.696966,727
7.05,-3.7518604,727
7.04,-5.0726953,727
7.04,-1.5329643,727
6.75,-2.6560898,727
6.18,-1.2733965,727
6.06,-2.3719726,727
5.92,-5.8518543,727
5.64,-6.6755915,727
5.46,-4.78173,727
5.3,-6.5648227,727
5.26,-4.6996527,727
4.43,-7.4118524,727
4.19,-1.9336768,727
5.33,-3.9084084,14391
4.77,-1.6897427,14391
4.66,0.034896653,14391
7.56,2.663894,7750
7.08,-3.3345218,7750
6.55,-0.1699761,7750
5.11,1.0266476,7750
5.06,-1.2514187,7750
4.99,-3.7746725,7750
4.83,-5.2452846,7750
8.52,1.3411913,10003
8.52,3.9227254,10003
7.96,-2.6130183,10003
7.89,-1.5364842,10003
7.64,1.55725,10003
7.41,0.27284765,10003
7.37,-0.9495679,10003
7.33,-1.2763872,10003
7.33,-0.25713208,10003
7.23,-1.3802104,10003
7.16,-2.0993109,10003
7.14,-4.1228485,10003
7.1,0.8610537,10003
7.09,-6.0801177,10003
7.04,1.1037709,10003
7.0,-5.2467113,10003
6.93,-1.2485541,10003
6.58,-2.504805,10003
6.45,0.39543557,10003
6.45,-2.4663594,10003
6.33,-1.7216649,10003
6.13,-3.547788,10003
6.05,0.5381938,10003
6.05,-0.6593766,10003
5.51,-3.388426,10003
5.39,-4.327992,10003
5.36,-3.762995,10003
5.33,-5.220277,10003
5.29,-5.053106,10003
5.26,-4.541806,10003
4.7,-1.6170223,15438
6.81,-0.41057283,1286
6.67,-0.30619743,1286
6.63,-1.4837406,1286
6.54,-0.47489068,1286
6.51,-2.1480966,1286
6.51,-0.9846884,1286
6.5,-0.6067842,1286
6.45,-2.1649928,1286
6.4,-2.2929325,1286
6.36,-1.1019081,1286
6.3,-2.7558134,1286
6.21,-3.2321103,1286
6.14,-1.3205352,1286
6.04,0.7264606,1286
5.76,-1.710463,1286
5.73,-2.793516,1286
5.5,1.239584,1286
4.58,-2.8193016,11475
6.45,1.065489,5552
8.4,-1.4653443,14200
8.52,6.4882183,1610
7.92,-1.0926505,1610
7.8,0.06675715,1610
7.57,-0.22676918,1610
7.51,0.61777174,1610
6.89,-1.9099795,1610
6.34,0.3862511,1610
6.21,-1.5560536,1610
6.14,-0.7387333,1610
6.02,0.69518113,1610
5.8,-5.2654138,1610
5.28,-1.8062115,1610
6.88,-1.4110307,8810
7.92,-5.104947,3758
7.75,-0.6056385,3758
7.7,-3.90095,3758
7.58,-3.7343564,3758
7.57,-4.317816,3758
6.9,-3.7769368,3758
6.72,-3.851346,3758
6.56,-2.706179,3758
6.32,-2.5468466,3758
6.26,-3.770622,3758
6.19,-3.8996778,3758
6.11,-5.943504,3758
6.02,-1.2349571,3758
5.94,-5.7240543,3758
5.62,-2.6211815,3758
5.43,-4.4088664,3758
5.4,-2.9245033,3758
5.38,-4.1802506,3758
5.1,-4.5155377,3758
5.05,0.1274153,3758
5.01,-5.8014593,3758
4.86,-5.078384,3758
4.83,-5.8211045,3758
8.82,1.4871229,4309
6.24,-0.74801123,4387
5.75,4.8279667,2447
5.47,0.4064544,2447
5.46,-3.4960084,2447
5.21,-2.66023,2447
5.18,-4.0557127,2447
5.07,3.254376,2447
5.0,-0.23058842,2447
4.96,-4.349029,2447
4.92,-1.782202,2447
4.92,-3.328119,2447
4.92,-3.4960084,2447
4.89,-3.4960084,2447
4.8,-1.9826387,2447
4.77,-0.8058033,2447
4.72,-4.9475455,2447
4.64,-2.7428904,2447
4.55,-1.3916789,2447
4.42,1.7634277,2447
4.39,0.04800649,2447
4.36,-5.1509333,2447
4.3,-6.963883,2447
4.08,-0.11719543,2447
5.73,-1.8963907,3916
7.0,-3.5939772,7615
7.0,1.648447,7615
7.0,-3.2972543,7615
7.0,0.83651996,7615
7.0,-4.585128,7615
7.0,-0.13135459,7615
7.0,-2.0802157,7615
7.0,-0.82787156,7615
7.0,-2.246538,7615
7.0,-3.0570617,7615
7.0,-2.3416631,7615
7.0,-2.9653008,7615
7.0,0.56567717,7615
7.0,-0.011019841,7615
7.0,2.0872808,7615
7.0,-2.2092004,7615
7.0,-1.2703587,7615
7.0,2.4075725,7615
7.0,-3.7696738,7615
7.0,0.9601253,7615
7.0,-2.1056774,7615
7.0,-1.3664744,7615
7.0,-1.3360589,7615
7.0,2.8055856,7615
7.0,0.7438084,7615
7.0,-2.272175,7615
7.0,-0.39523384,7615
7.0,-1.6507629,7615
7.0,-0.7252432,7615
7.0,-1.5192392,7615
7.0,5.763949,7615
7.0,0.1751466,7615
6.92,0.52714765,9820
7.92,-1.2005564,5332
7.77,1.0916411,5332
7.75,-4.199926,5332
7.6,-5.6039276,5332
7.58,-2.320856,5332
7.48,-1.4803822,5332
7.46,-1.2582073,5332
7.35,-0.95034456,5332
7.33,-0.8317107,5332
7.27,0.71924245,5332
7.26,-3.0807924,5332
7.21,-2.3491893,5332
7.1,-2.5360222,5332
7.1,2.4997647,5332
7.1,-2.3214157,5332
7.09,-1.4656843,5332
7.04,-4.10369,5332
6.88,-2.262538,5332
6.77,-4.199926,5332
6.75,-4.8494344,5332
6.7,-2.4932234,5332
6.67,0.71924245,5332
6.65,-3.0297809,5332
6.59,-2.4863017,5332
6.58,-2.4741757,5332
6.57,-3.5756543,5332
6.17,-0.89923775,5332
5.93,-2.6553657,5332
5.92,-2.4969904,5332
5.82,1.2666444,5332
5.7,-0.38154262,5332
5.66,-0.19863735,5332
5.58,1.1372774,5332
5.38,1.2924255,5332
9.0,0.31975803,7980
9.0,-2.2935379,7980
9.0,-3.9436781,7980
9.0,-1.0616382,7980
9.0,1.2581389,7980
9.0,4.626698,7980
9.0,0.010968646,7980
8.7,0.1190209,7980
8.7,-0.64414024,7980
8.7,-3.9436781,7980
7.25,2.760259,7980
7.24,-1.5931412,7980
6.93,-1.2398642,7980
5.57,-2.624111,5952
5.25,-1.361541,5952
5.09,-1.7767403,5952
4.76,-0.58845794,5952
7.0,-1.2053814,7595
7.0,-0.49561337,7595
7.51,-0.737733,16379
7.26,-2.3215737,8646
6.8,-0.7529892,8646
6.38,0.14610437,8646
5.79,-4.0261755,8646
5.7,-4.8996873,8646
4.42,-2.9724402,8646
4.33,-6.341424,8646
4.7,-3.7971008,7136
4.3,-2.7611148,7136
8.05,1.8287598,14573
7.42,1.5551239,14573
7.13,0.21161738,14573
6.84,0.93428147,14573
6.7,3.2594817,14573
6.6,-0.29037744,14573
6.57,-0.9755379,14573
6.53,-1.4082441,14573
6.46,1.941178,14573
6.18,-3.972679,14573
8.13,2.3942854,13997
7.9,4.9486237,13997
7.87,1.0761328,13997
7.82,2.7296352,13997
7.65,3.1856105,13997
6.87,1.5410366,13997
8.7,1.8679899,17387
8.52,4.8802176,17387
8.15,6.2100353,17387
7.96,0.060922723,17387
7.96,0.33201256,17387
7.46,-2.9727762,17387
7.36,1.6305513,17387
7.0,-3.599969,17387
6.8,-1.4469267,6691
7.3,-1.9647467,7620
7.3,2.0637672,7620
7.3,0.5033543,7620
7.3,-0.02335148,7620
7.3,3.0041647,7620
7.3,0.39739335,7620
7.3,0.92609835,7620
7.3,-2.3043106,7620
7.3,-1.3193381,7620
7.3,-0.44118908,7620
7.3,0.04080318,7620
7.3,0.028401725,7620
7.3,-0.5894538,7620
7.3,-1.4397855,7620
7.3,-0.95997,7620
7.3,-0.68329513,7620
7.3,-0.6947578,7620
7.3,-0.22054972,7620
7.3,1.5743955,7620
7.3,-0.24607763,7620
7.3,1.3517703,7620
7.3,2.16587,7620
7.3,0.2335364,7620
7.3,0.56454015,7620
7.3,0.06853034,7620
7.3,0.82827914,7620
7.3,0.6284034,7620
7.3,-4.5842514,7620
7.3,0.20979115,7620
7.3,1.3975321,7620
7.3,2.2075953,7620
7.3,0.46630004,7620
7.3,1.2745074,7620
7.3,0.43917257,7620
7.3,1.967201,7620
7.3,1.100803,7620
7.3,-1.8923296,7620
7.3,-1.0524421,7620
7.3,1.1573296,7620
7.3,0.3751801,7620
7.3,-1.095055,7620
7.3,1.6711494,7620
7.3,-0.957126,7620
7.3,4.906662,7620
7.3,1.0229958,7620
7.3,1.1901369,7620
7.3,2.410011,7620
7.3,2.8721259,7620
7.3,0.16675355,7620
7.3,2.0895925,7620
7.3,0.23133041,7620
7.3,0.14308672,7620
7.3,0.24122195,7620
7.3,0.7818793,7620
7.3,0.16675355,7620
7.3,1.5333731,7620
7.3,1.1933587,7620
7.3,0.70881426,7620
7.3,1.3466246,7620
7.3,-0.99523675,7620
7.3,2.2763329,7620
7.3,-2.8568256,7620
7.3,-1.5948215,7620
7.3,-0.9494953,7620
7.3,-0.9494953,7620
7.3,0.1824012,7620
7.3,-1.5948215,7620
7.3,0.1824012,7620
7.3,-2.399375,7620
7.3,0.8944218,7620
7.3,0.8410523,7620
7.3,0.71463025,7620
7.3,-0.5309591,7620
7.3,-1.7751343,7620
7.3,-0.5309591,7620
7.3,1.2850981,7620
7.3,0.5841203,7620
6.0,0.2076122,7620
6.0,1.8304125,7620
6.0,2.313639,7620
6.0,2.4082894,7620
6.0,2.313639,7620
6.0,2.3368616,7620
6.0,-0.2192281,7620
6.0,-1.041553,7620
6.0,0.77982545,7620
6.0,-1.6775371,7620
6.0,4.059746,7620
6.0,1.3975321,7620
6.0,-0.528015,7620
6.0,-5.537763,7620
6.0,-0.36156696,7620
6.0,-1.224631,7620
6.0,0.14210784,7620
6.0,0.2646187,7620
6.0,0.33248016,7620
6.0,0.91630447,7620
6.0,2.8681033,7620
6.0,1.2279103,7620
6.0,0.8441701,7620
6.0,1.514524,7620
6.0,-0.8780315,7620
6.0,0.104513615,7620
6.0,2.8698516,7620
6.0,1.7297143,7620
6.0,2.5109775,7620
6.0,-1.3034022,7620
6.0,-0.8073468,7620
6.0,0.9880135,7620
6.0,-0.64348614,7620
6.0,3.4883173,7620
6.0,2.345907,7620
6.0,-1.363236,7620
6.0,-1.7912226,7620
6.0,1.1573296,7620
5.3,-3.6598556,9029
5.2,-3.99705,9029
5.1,-4.588382,9029
5.1,-5.659721,9029
4.8,-4.8978634,9029
4.6,-7.157789,9029
8.4,-0.092801325,15918
8.3,-0.6761161,15918
8.15,-1.9495276,15918
8.0,-0.44642207,15918
7.89,-1.6165704,15918
7.82,-0.9488826,15918
7.75,-1.3150727,15918
7.64,-1.7372271,15918
7.54,-2.3109221,15918
7.43,-0.7266426,15918
7.36,-1.5812669,15918
6.66,-5.987937,15918
5.1,-6.1670413,15813
4.7,-4.631024,15813
8.7,0.20154703,10421
4.8,-1.8870203,15806
7.24,0.8099747,10852
5.28,-0.5291246,9434
4.68,-0.87448275,9434
8.3,-0.34099305,3267
8.3,1.0923848,3267
8.1,1.6698582,3267
8.1,1.0923848,3267
8.1,1.5467871,3267
8.1,2.2490888,3267
8.0,2.3398743,3267
8.0,0.96905434,3267
8.0,1.0078343,3267
8.0,2.4863114,3267
7.7,0.9466877,3267
7.7,1.6141597,3267
7.7,-0.05486738,3267
7.7,1.5467871,3267
7.7,0.42859712,3267
7.7,-1.3353934,3267
7.7,-2.5897288,3267
7.7,-0.59673727,3267
7.7,-1.5645401,3267
7.7,-0.97644675,3267
7.52,0.98301363,3267
7.52,-2.8287406,3267
7.52,-0.025923964,3267
7.52,-0.34099305,3267
7.52,-0.44386914,3267
7.52,-0.4736554,3267
7.4,-0.060982168,3267
7.4,2.2066116,3267
7.4,0.8838911,3267
7.4,0.06275456,3267
7.4,0.15440248,3267
7.4,1.5258245,3267
7.4,0.9466877,3267
7.3,2.0930517,3267
7.22,0.98301363,3267
7.22,2.6918764,3267
7.22,0.7269236,3267
7.22,-3.2506638,3267
7.16,-1.1938558,3267
7.16,-2.26137,3267
7.16,-0.06474519,3267
7.1,-1.9061655,3267
7.1,-2.021093,3267
7.1,-2.0700364,3267
7.1,-3.1919982,3267
7.0,-1.3924598,3267
6.85,-0.83894205,3267
6.54,-1.4664865,3267
6.52,-3.1137335,3267
6.44,-2.5897288,3267
6.42,-1.3347892,3267
6.4,-1.2546215,3267
6.36,-6.1587353,3267
6.25,0.6458241,3267
6.25,-0.36193052,3267
6.05,1.1052295,3267
5.98,-5.3394895,3267
5.45,3.2388775,3267
8.7,-3.131147,2564
7.09,-2.268505,2564
6.81,-1.4807503,2564
6.42,-1.6284949,2564
6.4,-3.820587,2564
6.21,-5.031398,2564
5.78,-8.587023,2564
5.73,-2.0754125,2564
5.61,-3.9574213,2564
5.36,-1.4948148,5604
5.28,-0.95834804,5604
5.23,-2.6238642,5604
5.04,-0.67343843,5604
5.85,-2.0273178,13811
5.82,-1.147805,13811
5.82,1.9749931,13811
5.92,-1.1225314,8385
7.66,-0.15392494,11535
7.39,-3.0078614,11535
7.0,-1.2541949,11535
8.1,-1.1032078,12309
7.92,-0.031078815,12309
7.62,0.14286593,12309
7.48,-2.7049944,12309
7.46,-2.232936,12309
7.41,-0.16278985,12309
7.35,-0.64766276,12309
7.3,-1.0732026,12309
7.3,-1.3930209,12309
7.28,1.8359944,12309
7.28,-3.2495472,12309
7.17,0.28832963,12309
7.15,0.572582,12309
7.1,-2.4137332,12309
7.08,-1.0387881,12309
7.08,0.62205446,12309
7.07,-1.0613003,12309
7.07,-0.16278985,12309
6.93,-0.611303,12309
6.88,-1.2225296,12309
6.85,-0.35189554,12309
6.73,-1.8119551,12309
6.7,-1.2463723,12309
6.65,-0.03310594,12309
6.1,-0.09797081,12309
5.85,-0.34713632,11584
8.52,2.6085477,1551
8.05,-0.9262023,1551
8.0,1.1943735,1551
7.89,-1.2844093,1551
7.77,-3.2813282,1551
7.75,-5.744058,1551
7.72,-5.7582617,1551
7.66,-3.3422377,1551
7.57,-2.8678417,1551
7.57,1.1801395,1551
7.57,-3.3785882,1551
7.5,1.5628068,1551
7.42,-0.15345433,1551
7.22,1.3106358,1551
7.12,-3.3072295,1551
7.05,-7.284752,1551
7.03,2.9407268,1551
7.0,-5.100188,1551
7.0,-2.1797879,1551
7.0,-3.5183086,1551
6.89,-5.2172093,1551
6.89,-2.7225225,1551
6.85,-0.513566,1551
6.82,-1.563825,1551
6.82,-2.831679,1551
6.8,-4.8195515,1551
6.8,-2.5543723,1551
6.77,-1.3919193,1551
6.77,-4.330147,1551
6.77,2.439951,1551
6.75,1.4669498,1551
6.75,-1.0226172,1551
6.75,-4.1758556,1551
6.62,1.8954191,1551
6.55,-3.907196,1551
6.55,1.7026103,1551
6.5,0.8920424,1551
6.48,-2.3235352,1551
6.4,0.2257968,1551
6.36,-4.0326385,1551
6.31,4.84771,1551
6.24,-0.84507215,1551
6.11,-1.5451506,1551
6.11,-3.835267,1551
6.1,-1.2278655,1551
5.94,-3.5320778,1551
5.92,-0.8066822,1551
5.83,-4.3575306,1551
5.8,-0.5918033,1551
5.79,-0.99965346,1551
5.65,-3.1515682,1551
5.65,-3.3880644,1551
5.21,-0.99279726,1551
5.2,1.1671367,1551
4.58,-5.3290386,4209
7.55,-2.2061327,9014
8.24,2.8917952,11736
9.22,-0.9670923,16511
8.39,3.7331626,16511
8.27,-3.6448784,16511
7.91,3.4677277,16511
7.73,2.5342648,16511
7.6,2.9921234,16511
7.32,4.095722,16511
7.04,2.874944,16511
6.97,2.754347,16511
6.78,4.9410915,16511
6.55,3.6171,16511
6.34,-3.233414,16511
6.1,4.099653,16511
5.11,-0.867869,16511
6.37,0.35021403,8632
5.6,-1.2202451,15413
5.6,1.4510404,15413
5.6,-7.1740975,15413
5.6,-1.9708011,15413
5.6,-5.345356,15413
5.6,-4.9594407,15413
7.07,-0.06622594,12866
7.0,-1.3989578,12866
6.89,1.6262014,12866
6.8,1.7310649,12866
6.46,-1.2725078,12866
6.28,3.2138226,12866
5.97,1.513921,12866
5.96,0.9466386,12866
5.87,4.206835,12866
5.79,-1.6995987,12866
5.75,1.5186169,12866
5.7,1.0483863,12866
5.6,-0.23082352,12866
5.56,-0.79616153,12866
5.52,-2.2219586,12866
5.51,-0.87728655,12866
5.5,-0.41204745,12866
5.41,-2.0832825,12866
5.36,-2.5592272,12866
5.32,-1.4925487,12866
5.13,0.77762926,12866
9.02,-1.9359088,3949
9.0,2.7918446,3949
8.96,1.0093215,3949
8.96,3.6294103,3949
8.92,-0.4349019,3949
8.89,2.4242861,3949
8.89,2.1492798,3949
8.89,-0.6766554,3949
8.89,3.6884935,3949
8.85,-0.701558,3949
8.74,-2.3337214,3949
8.57,2.4177191,3949
8.43,0.14778589,3949
8.33,3.5507133,3949
8.29,1.9691875,3949
7.96,2.8744779,3949
7.92,0.0003832355,3949
7.72,2.236131,3949
7.6,-0.56607616,3949
6.92,-0.72919285,3949
6.8,-1.1028367,3949
6.19,1.5970132,3949
8.45,2.5561495,9031
8.25,0.84321356,9031
8.17,0.9556986,9031
8.1,-0.3547106,9031
8.04,-0.45246744,9031
8.01,-0.60025,9031
7.89,0.21898901,9031
7.85,0.03644531,9031
7.84,-0.36450776,9031
7.83,0.45648158,9031
7.78,0.13957757,9031
7.67,2.4799378,9031
7.67,-0.8282981,9031
7.61,0.7205169,9031
7.26,0.09391646,9031
7.22,0.38171107,9031
7.18,2.5488362,9031
7.04,-0.2066329,9031
6.98,0.5486057,9031
6.61,-0.041387,9031
6.36,2.6347878,9031
7.44,-1.1400431,2413
8.05,0.30862895,13258
8.05,0.4969262,13258
7.66,2.2413404,13258
7.43,-3.6600385,12025
7.07,1.698386,12025
6.71,-3.5420904,12025
8.62,-4.879693,10932
7.51,-1.3354592,10932
7.14,-4.188496,10932
6.89,-4.62277,10932
6.58,-3.1363504,10932
6.46,-3.9636402,10932
6.38,-2.5917454,10932
6.3,-0.59745157,10932
6.29,0.45253146,10932
5.58,-1.9734216,10932
5.38,1.2211566,10932
4.93,-1.3372555,16845
9.0,0.9400877,5802
8.52,1.7283703,5802
5.05,-2.7027626,10458
8.52,3.5160964,325
8.3,5.175639,325
8.15,1.081866,325
6.98,2.4280157,325
6.63,2.4280157,325
5.87,-1.0151205,325
6.52,-1.7698543,17402
6.28,-2.6559381,17402
7.09,-2.0022976,6599
8.1,-0.6584009,14131
7.96,-2.5340443,14131
7.96,0.39388067,14131
7.85,-3.7843454,14131
7.82,-0.2904063,14131
7.66,-3.8608696,14131
7.64,-1.3056506,14131
7.5,-3.6663334,14131
7.5,-2.2220101,14131
7.48,-4.400731,14131
7.48,-1.6637198,14131
7.47,-4.6246495,14131
7.46,-4.9645658,14131
7.46,-4.9233537,14131
7.43,-3.3870661,14131
7.39,-4.015366,14131
7.3,-2.2281866,14131
7.26,-5.0254016,14131
7.12,-2.612812,14131
7.1,-5.9065685,14131
7.1,-3.5485551,14131
7.04,-4.114208,14131
7.02,-6.0264235,14131
7.0,-2.0803816,14131
6.92,-4.0274925,14131
6.89,-2.6762626,14131
6.89,-6.089971,14131
6.72,-3.073255,14131
6.66,-4.5928226,14131
6.66,-4.2362146,14131
6.64,-6.3864293,14131
6.6,-6.900412,14131
6.57,-4.382019,14131
6.5,-3.164428,14131
6.48,-6.3924603,14131
6.47,-4.1800094,14131
6.46,-3.5160007,14131
6.39,-4.5123806,14131
6.39,-4.279363,14131
6.39,-3.8842607,14131
6.37,-6.8991036,14131
6.29,-5.7976213,14131
6.03,-4.8986707,14131
5.96,-5.920879,14131
5.85,-1.6872566,14131
5.8,-5.8673167,14131
5.68,-3.0281558,14131
5.68,-6.490648,14131
5.66,-5.4213243,14131
5.38,-5.7194567,14131
5.14,-7.02681,14131
5.02,-5.8618774,14131
6.28,-2.6484494,15999
7.89,-0.32245436,5515
4.66,-5.8777924,9917
8.48,0.17022838,8606
7.58,-0.6382022,8606
7.55,-0.26240358,8606
7.51,-0.848953,8606
7.38,-1.1748605,8606
7.24,0.6136495,8606
7.23,0.7442956,8606
7.21,2.1558535,8606
7.03,-0.3722615,8606
6.93,-1.3425816,8606
6.89,0.6142758,8606
6.62,-0.19010562,8606
6.26,-0.7495196,8606
6.03,0.1018951,8606
5.97,1.2319914,8606
5.93,-0.34829286,8606
5.57,-5.485468,8606
5.57,-7.0674467,8606
5.42,-0.8018546,8606
5.15,-1.4119506,8606
4.23,-6.024778,8606
6.85,-2.081477,6602
6.67,0.81922257,3713
6.38,-3.5234206,3713
6.14,-3.9408088,3713
5.75,-3.8204591,3713
5.62,-0.78805864,7974
4.5,1.5328853,17906
5.96,-2.362178,3999
6.03,0.012539575,338
4.68,-0.035726905,11900
4.7,-3.9683855,7530
8.22,0.48724872,15158
7.82,0.88527834,15158
5.27,-1.8518591,1422
8.15,-1.6971436,4996
7.96,-1.3978032,4996
7.43,-1.8009748,4996
6.71,0.9916682,17188
5.1,-0.56262374,17887
4.92,-0.59098387,17887
5.55,-1.314059,13015
5.07,-0.28867683,13015
6.12,0.18295598,17092
9.47,3.3123379,14779
9.39,3.0625684,14779
9.35,3.4713929,14779
9.34,3.710792,14779
9.31,1.9726129,14779
9.3,3.272004,14779
9.29,2.2883239,14779
9.28,3.3880453,14779
9.27,1.7965612,14779
9.23,2.905672,14779
9.22,1.967476,14779
9.22,0.6732348,14779
9.19,2.0522423,14779
9.17,2.6840763,14779
9.14,-1.1491086,14779
9.1,3.4833126,14779
9.1,0.79097486,14779
9.04,0.17330858,14779
9.04,3.5385334,14779
9.03,3.125671,14779
9.03,1.1224989,14779
9.01,0.9207945,14779
9.0,0.8878492,14779
8.89,-3.2851312,14779
8.85,0.5165138,14779
8.85,-1.1425362,14779
8.85,3.58616,14779
8.84,3.4226851,14779
8.82,0.48293415,14779
8.72,0.35070997,14779
8.7,0.3587124,14779
8.49,1.1613255,14779
8.43,1.5530175,14779
8.28,1.0677502,14779
8.01,0.21817946,14779
6.2,-1.5554738,12403
6.47,-0.96081424,2520
7.54,-2.2021348,2672
7.16,-2.9934604,2672
6.82,-2.9934604,2672
6.66,-1.6538205,2672
6.64,-3.2797647,2672
6.45,-2.984366,2672
6.44,1.5472872,2672
6.39,-0.37036592,2672
6.19,-3.667373,2672
6.12,-3.0641308,2672
6.07,-2.060277,2672
6.0,-1.9860206,2672
7.4,-3.6198912,15256
7.22,-5.235182,15256
7.22,-5.7966185,15256
7.16,-4.416285,15256
7.16,-2.802169,15256
7.11,-2.8797247,15256
7.1,-3.2706244,15256
6.82,-4.756973,15256
6.64,-5.2638826,15256
6.64,-2.0478747,15256
6.62,-3.636062,15256
6.62,-4.896032,15256
6.58,-1.980538,15256
6.58,-3.220009,15256
6.48,-4.2469697,15256
6.46,-3.666465,15256
6.38,-3.0735152,15256
6.33,-2.7115972,15256
6.22,-1.1744039,15256
6.22,-3.9761906,15256
6.21,-3.3288403,15256
6.19,-2.5727146,15256
6.12,-2.359651,15256
5.77,-1.9014448,15256
5.64,-6.4156623,15256
5.58,-7.3313146,15256
5.52,-3.4101157,15256
5.44,0.00081476755,15256
5.01,-2.6853538,15256
5.19,-0.83230627,17745
5.11,-0.38904867,9960
6.51,-0.982872,10634
6.42,-2.5152447,13553
5.39,-1.7869809,4487
5.28,-2.3863766,4487
4.85,-2.171483,4487
4.79,-3.4180756,4487
4.26,-2.4890947,4487
7.3,1.8761,12020
7.03,-1.1014745,12020
6.68,-0.4603647,12020
8.89,-2.6303258,12948
8.85,-1.220225,12948
8.66,-0.8062364,12948
8.4,-1.4663041,12948
8.4,1.069587,12948
8.22,-1.4432669,12948
8.15,2.2324963,12948
8.15,-2.1146111,12948
8.1,-4.606721,12948
7.92,0.973106,12948
7.7,1.6330378,12948
7.7,0.973106,12948
7.57,1.728256,12948
7.5,-0.39887384,12948
7.47,0.4395615,12948
7.42,0.5483148,12948
7.3,-1.324387,12948
7.24,-1.324387,12948
7.24,-0.4622726,12948
7.16,-2.1722698,12948
7.05,-1.8078378,12948
7.05,-3.5192387,12948
7.0,-0.9246161,12948
7.0,1.5098817,12948
7.0,-2.1146111,12948
6.92,-2.1146111,12948
6.92,-2.1146111,12948
6.89,1.069587,12948
6.85,-1.9769844,12948
6.85,-1.220225,12948
6.85,-1.220225,12948
6.82,-3.4208412,12948
6.77,1.069587,12948
6.7,-0.50567687,12948
6.52,0.6619569,12948
6.52,1.069587,12948
6.48,-2.1722698,12948
6.46,-0.9246161,12948
6.4,-1.1957474,12948
6.35,-1.9879069,12948
6.3,0.69118404,12948
6.16,0.6619569,12948
6.1,-2.8563738,12948
6.05,0.69118404,12948
6.05,-1.801354,12948
5.96,-1.220225,12948
5.96,-0.4622726,12948
5.92,-2.402511,12948
5.4,-1.9769844,12948
5.3,-3.4208412,12948
5.16,-3.8663552,12948
9.7,0.33373472,11203
9.7,3.0365064,11203
9.52,-0.6231613,11203
9.52,0.41974118,11203
9.52,0.51677203,11203
9.52,-0.11763547,11203
9.3,0.722926,11203
9.22,2.6500926,11203
8.85,1.3560652,11203
8.48,1.972654,11203
8.41,0.9649689,11203
8.39,1.1658444,11203
8.21,-2.197034,11203
8.16,-2.265134,11203
8.14,0.93692434,11203
8.11,-0.07489797,11203
8.11,-1.6538942,11203
8.06,-1.2384305,11203
8.06,-3.0502555,11203
7.98,1.7249503,11203
7.93,0.5500047,11203
7.85,-2.6018312,11203
7.85,3.9841971,11203
7.84,3.396081,11203
7.78,-1.528302,11203
7.37,-3.731682,11203
7.13,1.003783,11203
5.43,-0.9109831,11203
7.2,-2.4125729,7952
8.7,-2.3397014,16040
8.0,-0.7006587,16040
7.22,-4.633578,16040
7.22,-1.2313434,16040
6.62,-1.3626673,16040
6.62,-2.000644,16040
6.18,1.7725221,16040
6.09,0.24944341,16040
5.88,-0.6518322,16040
5.57,-2.0865278,16040
5.5,-3.9412968,16040
5.5,-4.296389,16040
5.36,-3.3120477,16040
5.26,-3.6393437,16040
6.22,-2.4117615,7436
5.52,2.4892192,10554
7.54,-0.8680711,9286
7.39,-1.632259,9286
4.95,-1.9147711,17126
7.6,0.8466772,7113
7.2,0.5824132,7113
6.95,0.7154666,7113
6.87,0.9572605,7113
6.63,-2.1140618,7113
6.59,0.7777513,7113
6.44,0.046864893,7113
6.41,-0.8768226,7113
6.41,0.48321024,7113
6.31,-0.5942755,7113
6.26,1.8512924,7113
6.16,-0.3945925,7113
6.08,1.0987648,7113
5.99,-0.16967176,7113
5.86,0.53578305,7113
5.82,0.88935447,7113
5.78,-0.7399136,7113
7.3,0.79000306,12815
8.47,1.8365831,13983
7.24,0.103883676,9042
6.95,0.32852578,1487
9.0,-1.4647634,4985
8.3,-3.2013505,4985
8.3,-0.4748662,4985
8.3,-3.283431,4985
8.3,-2.3880165,4985
8.22,-0.30595857,4985
8.15,-3.4118457,4985
8.15,0.6448723,4985
8.1,-2.8944256,4985
7.96,-2.0275326,4985
7.96,-2.1178365,4985
7.85,-2.0883667,4985
7.82,-1.5574427,4985
7.8,-0.73984694,4985
7.77,-3.3544476,4985
7.77,-3.64279,4985
7.72,-2.825931,4985
7.7,-1.2517719,4985
7.7,-1.5051974,4985
7.68,-3.6147316,4985
7.64,-1.3182427,4985
7.62,-1.1794742,4985
7.57,3.5270762,4985
7.54,-0.45912284,4985
7.48,-0.082404256,4985
7.48,-4.0400467,4985
7.46,1.7195096,4985
7.4,-1.7353833,4985
7.4,-2.6408176,4985
7.38,-1.6405365,4985
7.33,0.46498716,4985
7.32,-0.08635341,4985
7.31,-2.4683058,4985
7.3,-1.0747353,4985
7.22,0.05781689,4985
7.06,-1.1106703,4985
6.95,-0.9639391,4985
6.75,-3.1634834,4985
6.7,-3.2623003,4985
6.7,1.6127683,4985
6.51,-0.2185884,4985
6.22,-3.328646,4985
5.96,-5.0060034,4985
5.71,-1.2843981,4985
4.52,-3.1070554,4985
4.26,-2.3760908,14161
6.42,-1.9841764,2684
8.86,-0.75777066,5262
7.12,0.12389947,5262
7.01,0.57444906,5262
6.83,0.57444906,5262
6.49,0.27102277,5262
6.0,-1.6558983,5262
5.81,0.7438592,5262
5.8,-0.86735904,5262
6.77,0.4419876,16357
8.12,-0.06257531,16974
7.28,-0.2767165,16974
7.12,-0.29262164,16974
7.0,-0.25003788,16974
6.89,-2.1321712,16974
6.7,-2.1333218,16974
6.64,-1.193655,16974
6.35,-2.2188344,16974
6.34,-3.8391504,16974
6.24,-4.8588915,16974
6.14,-3.195852,16974
6.08,-2.018416,16974
5.89,-4.698296,16974
5.75,-3.5550873,16974
5.43,-4.3937526,16974
6.8,0.34134272,10761
5.77,-3.5415802,3833
5.57,-2.2929914,3833
5.36,-4.914194,3833
5.88,1.1807538,11492
7.55,1.2356116,14997
6.68,1.5353729,379
6.16,0.96227705,875
7.58,-1.8069783,7151
7.89,-2.2339122,15696
7.25,0.81792986,15696
7.24,0.5952023,15696
7.16,-0.6491829,15696
7.01,0.64485455,15696
6.81,0.545666,15696
6.72,-0.7993314,15696
5.91,-0.4726716,16195
8.52,-0.9705399,4073
8.21,-0.5769454,4073
8.17,0.2541554,4073
8.0,-1.8748373,4073
7.92,-0.32453513,4073
7.36,-4.4975348,4073
7.03,-4.984161,4073
8.3,2.8497236,6936
8.15,-0.348142,6936
8.05,1.6498374,6936
7.96,1.3890773,6936
7.96,2.4175515,6936
7.92,0.71388686,6936
7.85,-0.9200002,6936
7.85,-1.1185484,6936
7.85,-1.4885008,6936
7.82,-0.82825494,6936
7.82,1.1359385,6936
7.77,-0.6248486,6936
7.75,-0.54367805,6936
7.64,-0.6791612,6936
7.62,0.66666603,6936
7.54,1.4518282,6936
7.52,-1.9279457,6936
7.42,-2.1590755,6936
7.36,-1.6138567,6936
7.32,-3.367409,6936
7.21,-0.18203002,6936
7.19,0.031429373,6936
7.11,0.9486053,6936
7.0,-2.5256553,6936
7.0,-2.0430374,6936
6.96,0.6858965,6936
6.92,-3.5673308,6936
6.89,-0.46798542,6936
6.85,-1.2654315,6936
6.82,-1.0121244,6936
6.55,-3.9022563,6936
6.46,-1.818346,6936
6.22,-1.5446854,6936
5.77,-4.675342,6936
5.77,-4.916967,6936
5.54,-1.4631001,6936
5.48,-4.8395033,6936
5.37,0.10661767,6936
5.11,-2.3647492,6936
5.04,-1.0795032,6936
7.85,2.8805594,12536
9.05,3.48102,7658
9.0,0.8588072,7658
9.0,-0.54136705,7658
9.0,0.5780617,7658
9.0,1.0203223,7658
9.0,1.749019,7658
8.96,1.8096275,7658
8.96,4.3670216,7658
8.96,1.3549867,7658
8.96,0.418034,7658
8.92,-1.6576642,7658
8.92,4.926108,7658
8.92,-1.0353237,7658
8.92,3.389219,7658
8.92,-0.12600562,7658
8.92,2.0970676,7658
8.89,5.3475266,7658
8.89,2.101229,7658
8.89,6.130361,7658
8.89,-0.89977515,7658
8.89,6.0114503,7658
8.89,2.4537058,7658
8.89,5.555876,7658
8.89,5.0064187,7658
8.89,-0.34328803,7658
8.85,0.49039844,7658
8.85,-0.52399325,7658
8.85,1.7808408,7658
8.85,3.6277857,7658
8.85,0.7629348,7658
8.85,2.6929815,7658
8.85,-0.5765184,7658
8.82,0.92106235,7658
8.82,2.75019,7658
8.82,-0.5765184,7658
8.82,6.532317,7658
8.82,5.920547,7658
8.82,-2.067348,7658
8.82,3.9882722,7658
8.82,-0.0772194,7658
8.82,2.9579487,7658
8.82,1.8761463,7658
8.82,-1.0050122,7658
8.82,1.3525133,7658
8.82,1.3766197,7658
8.82,1.7024894,7658
8.8,3.4567437,7658
8.8,1.216398,7658
8.8,-0.99493515,7658
8.8,3.5235384,7658
8.8,-0.78610647,7658
8.8,1.3947172,7658
8.8,0.51313746,7658
8.8,4.347547,7658
8.8,-0.28800982,7658
8.8,6.5217524,7658
8.8,2.449361,7658
8.77,0.97095406,7658
8.77,2.5196478,7658
8.77,3.0326807,7658
8.77,2.0826929,7658
8.77,1.1153616,7658
8.77,1.2072153,7658
8.77,0.5663309,7658
8.77,2.8882644,7658
8.77,0.41606742,7658
8.77,-1.0182366,7658
8.77,3.5648112,7658
8.77,1.1189231,7658
8.77,4.4903774,7658
8.77,-1.5393786,7658
8.74,0.5644989,7658
8.74,0.41278502,7658
8.74,0.4873879,7658
8.74,2.895155,7658
8.74,0.4540028,7658
8.74,3.192657,7658
8.74,5.1450953,7658
8.74,4.7604327,7658
8.74,0.3794324,7658
8.74,-1.8003707,7658
8.74,-1.5732845,7658
8.74,0.4501981,7658
8.74,1.3522127,7658
8.74,1.5944225,7658
8.72,-1.2376871,7658
8.72,0.6388738,7658
8.72,-2.0195618,7658
8.72,3.1899207,7658
8.72,5.0919485,7658
8.72,0.70199025,7658
8.72,1.407455,7658
8.72,3.664727,7658
8.72,2.529481,7658
8.72,-1.1257033,7658
8.72,-0.85814166,7658
8.72,-2.2690191,7658
8.72,-1.3529466,7658
8.72,4.0518517,7658
8.72,1.0851877,7658
8.72,-0.56894493,7658
8.72,-0.882285,7658
8.7,1.4752678,7658
8.7,3.684122,7658
8.7,0.44720504,7658
8.7,5.6457334,7658
8.7,2.140147,7658
8.7,1.8895622,7658
8.68,4.722669,7658
8.68,0.9180914,7658
8.68,-1.7427697,7658
8.68,1.4284735,7658
8.68,2.6372297,7658
8.68,6.017599,7658
8.68,-0.29691237,7658
8.68,1.4646075,7658
8.68,-0.99227333,7658
8.66,-1.6491517,7658
8.66,2.8977528,7658
8.66,1.9798529,7658
8.66,2.2830822,7658
8.66,0.8969232,7658
8.66,1.4569285,7658
8.66,1.3728845,7658
8.66,5.336699,7658
8.66,1.1493176,7658
8.64,2.263993,7658
8.64,4.081039,7658
8.64,-1.0420035,7658
8.64,1.0324225,7658
8.64,5.231568,7658
8.64,2.7366965,7658
8.64,2.76324,7658
8.64,-1.5431166,7658
8.64,-1.6636497,7658
8.64,0.8329377,7658
8.62,-0.2975166,7658
8.62,-0.5304494,7658
8.62,0.4873879,7658
8.62,5.3510833,7658
8.62,6.306062,7658
8.62,1.1796407,7658
8.62,2.8609705,7658
8.62,5.1028776,7658
8.62,4.807248,7658
8.62,0.9290545,7658
8.6,-1.2240008,7658
8.6,2.7478526,7658
8.6,-0.73090434,7658
8.6,-1.0992463,7658
8.6,-1.8345795,7658
8.6,2.1970303,7658
8.6,-0.21799973,7658
8.6,-1.286923,7658
8.6,-2.5859919,7658
8.6,2.8240185,7658
8.59,1.3276132,7658
8.59,5.4330277,7658
8.59,0.60864794,7658
8.59,-0.2569557,7658
8.59,4.2310348,7658
8.59,2.3228757,7658
8.59,5.533629,7658
8.59,3.994086,7658
8.59,5.4131203,7658
8.59,3.712086,7658
8.59,2.3190782,7658
8.59,1.9505644,7658
8.59,-1.2778873,7658
8.57,3.3341792,7658
8.57,-1.8309451,7658
8.57,1.370845,7658
8.57,4.597133,7658
8.57,2.9876933,7658
8.57,-1.3529466,7658
8.55,2.5313067,7658
8.55,1.7537408,7658
8.55,-0.09502357,7658
8.55,-0.94964004,7658
8.55,2.4001622,7658
8.55,-1.7975948,7658
8.55,4.7943277,7658
8.55,3.9731503,7658
8.55,0.4592411,7658
8.55,0.5852977,7658
8.55,-1.4998486,7658
8.55,2.7710958,7658
8.54,5.857933,7658
8.54,3.2858958,7658
8.54,0.584772,7658
8.54,-0.28901067,7658
8.54,-1.6855588,7658
8.54,0.4873879,7658
8.52,0.4062417,7658
8.52,-0.838343,7658
8.52,4.0518517,7658
8.52,-1.6664736,7658
8.52,1.2857673,7658
8.52,-0.85561156,7658
8.52,-1.8880398,7658
8.52,5.508069,7658
8.51,0.39862922,7658
8.51,1.6730695,7658
8.51,4.5738654,7658
8.51,-2.6830542,7658
8.51,5.1127715,7658
8.51,-2.618075,7658
8.51,1.2933437,7658
8.49,1.5765578,7658
8.49,-0.7801217,7658
8.49,-2.1941354,7658
8.49,-3.1997101,7658
8.49,6.3570285,7658
8.48,-2.0507047,7658
8.48,2.2134333,7658
8.48,1.4569285,7658
8.48,0.11518714,7658
8.48,6.353521,7658
8.48,-1.1219399,7658
8.48,6.0664945,7658
8.48,2.7585351,7658
8.48,4.7770615,7658
8.48,2.8766935,7658
8.48,-1.2376871,7658
8.48,1.3110843,7658
8.48,0.99796844,7658
8.48,0.81917834,7658
8.48,-0.4187562,7658
8.47,1.7081189,7658
8.47,1.0752276,7658
8.47,-1.3542409,7658
8.47,5.760037,7658
8.47,-1.3181577,7658
8.47,0.55668354,7658
8.47,-0.18678486,7658
8.47,-0.30340979,7658
8.47,-3.4874995,7658
8.46,-3.3119638,7658
8.46,-2.9558074,7658
8.46,3.0449793,7658
8.46,0.10835871,7658
8.46,0.71283495,7658
8.46,1.3638527,7658
8.46,1.2549801,7658
8.46,4.529006,7658
8.46,1.7592709,7658
8.46,1.4219252,7658
8.44,2.1052568,7658
8.44,3.6709008,7658
8.44,-2.639689,7658
8.44,-1.2189314,7658
8.44,-1.0534217,7658
8.44,0.8869014,7658
8.44,2.0179198,7658
8.44,-0.6129681,7658
8.44,-0.89977515,7658
8.43,1.6860583,7658
8.43,1.8830138,7658
8.43,3.1823483,7658
8.43,2.6632426,7658
8.43,5.8112426,7658
8.43,2.4437888,7658
8.43,-2.2218077,7658
8.42,2.3736658,7658
8.42,1.0900763,7658
8.41,-1.573634,7658
8.41,0.28764325,7658
8.41,3.8141534,7658
8.41,0.57770336,7658
8.41,0.30974576,7658
8.4,1.5324919,7658
8.4,5.08894,7658
8.4,0.41367394,7658
8.4,-0.5237762,7658
8.4,2.5906618,7658
8.4,-0.47350183,7658
8.4,1.3153208,7658
8.39,-1.2081693,7658
8.39,-1.8442874,7658
8.39,1.838861,7658
8.39,1.0900763,7658
8.39,-0.80149186,7658
8.39,7.017658,7658
8.39,4.1365004,7658
8.39,3.6078153,7658
8.39,1.6841311,7658
8.39,2.3794603,7658
8.38,-2.126815,7658
8.38,1.2305087,7658
8.37,-1.5902339,7658
8.37,2.2563367,7658
8.37,-2.013211,7658
8.37,3.1497262,7658
8.37,0.7556343,7658
8.37,1.3522127,7658
8.37,0.79931366,7658
8.36,-0.262734,7658
8.36,-2.889008,7658
8.36,1.8440844,7658
8.36,1.0806497,7658
8.36,2.083921,7658
8.36,2.5313067,7658
8.36,1.95924,7658
8.35,-0.7079555,7658
8.35,-3.2988584,7658
8.35,3.538911,7658
8.35,-3.0262675,7658
8.35,0.11160749,7658
8.35,1.1170981,7658
8.35,-1.0372418,7658
8.35,-2.0583365,7658
8.34,2.0257232,7658
8.34,3.1807604,7658
8.34,0.32915497,7658
8.34,0.47804925,7658
8.33,2.7710958,7658
8.33,-2.1995347,7658
8.33,-0.41944003,7658
8.33,1.4529339,7658
8.33,-0.239723,7658
8.33,1.7545605,7658
8.33,2.5884297,7658
8.32,0.53325844,7658
8.32,0.96939874,7658
8.32,3.4868867,7658
8.32,2.5884297,7658
8.32,2.1079786,7658
8.32,1.7915889,7658
8.32,6.282902,7658
8.32,0.4308353,7658
8.31,2.215811,7658
8.31,1.0885978,7658
8.31,-2.0508552,7658
8.31,3.1084676,7658
8.31,3.0387123,7658
8.31,2.1827192,7658
8.3,2.1793807,7658
8.3,1.02274,7658
8.29,-1.7892025,7658
8.29,0.6805419,7658
8.29,-0.262734,7658
8.29,3.59261,7658
8.29,-2.2561445,7658
8.28,1.925195,7658
8.28,4.0827246,7658
8.28,1.6975977,7658
8.28,-0.80234873,7658
8.28,2.3498266,7658
8.28,3.1215823,7658
8.28,-2.7219172,7658
8.28,-0.27314052,7658
8.28,3.1807604,7658
8.28,2.814429,7658
8.28,0.5128529,7658
8.28,3.034715,7658
8.28,1.0032548,7658
8.28,-1.3989979,7658
8.27,1.2952104,7658
8.27,2.2939937,7658
8.26,0.7988639,7658
8.26,-0.46924144,7658
8.26,-1.7868044,7658
8.25,-1.0395913,7658
8.25,2.620113,7658
8.25,-1.7918243,7658
8.25,0.12821773,7658
8.24,1.88772,7658
8.24,2.3134174,7658
8.24,1.1696112,7658
8.24,2.8474097,7658
8.24,2.8424697,7658
8.24,0.11056341,7658
8.23,5.511681,7658
8.23,2.3740945,7658
8.23,3.250368,7658
8.23,1.1743186,7658
8.22,2.1577346,7658
8.22,1.1646466,7658
8.22,-1.9775835,7658
8.21,2.7077427,7658
8.21,-1.0221297,7658
8.21,3.6651819,7658
8.21,2.6935794,7658
8.21,5.4387126,7658
8.21,5.2881637,7658
8.21,-3.0370934,7658
8.21,0.82603955,7658
8.21,-1.2376871,7658
8.21,1.7339687,7658
8.21,-2.1569834,7658
8.21,-1.8100208,7658
8.2,-2.3252473,7658
8.2,-3.6625087,7658
8.2,-0.17525059,7658
8.2,0.295038,7658
8.2,3.3105154,7658
8.19,2.7101974,7658
8.19,-1.255437,7658
8.19,0.42881757,7658
8.19,1.1580602,7658
8.19,1.9333373,7658
8.19,1.5014808,7658
8.19,-2.99896,7658
8.19,2.7927654,7658
8.19,2.0290835,7658
8.18,-3.740806,7658
8.18,6.3446927,7658
8.17,-1.4660991,7658
8.17,2.6748056,7658
8.17,1.6811986,7658
8.17,1.5482907,7658
8.17,-2.1847525,7658
8.17,2.1538377,7658
8.17,0.13336763,7658
8.17,-1.863868,7658
8.17,0.8574079,7658
8.17,0.793736,7658
8.17,2.1065693,7658
8.17,1.1686698,7658
8.16,2.8610146,7658
8.16,-0.34191963,7658
8.16,-0.7101989,7658
8.15,5.4972434,7658
8.15,4.524401,7658
8.15,1.0624079,7658
8.15,0.8010957,7658
8.15,2.342988,7658
8.15,1.5773648,7658
8.15,-0.55333686,7658
8.15,1.7578776,7658
8.15,1.5845519,7658
8.14,-0.25045043,7658
8.14,2.4864256,7658
8.13,-1.4334784,7658
8.12,0.092151046,7658
8.12,3.712086,7658
8.12,1.1930223,7658
8.12,0.25516778,7658
8.11,-2.4904828,7658
8.11,2.601053,7658
8.11,3.758992,7658
8.11,0.34398547,7658
8.1,1.530884,7658
8.1,-1.024195,7658
8.1,2.0505888,7658
8.1,-1.5168614,7658
8.09,1.7215757,7658
8.09,0.89670503,7658
8.09,1.3426769,7658
8.09,3.6651819,7658
8.09,0.43325946,7658
8.08,-1.5536703,7658
8.08,1.920099,7658
8.08,2.1109972,7658
8.08,2.3686647,7658
8.08,-3.1264412,7658
8.07,-2.4113066,7658
8.07,3.0105538,7658
8.07,1.1667534,7658
8.07,0.93292785,7658
8.06,-1.459469,7658
8.06,2.2242842,7658
8.06,1.838861,7658
8.05,0.01988282,7658
8.05,1.267602,7658
8.05,1.2014364,7658
8.05,0.33432534,7658
8.04,-0.55110407,7658
8.04,0.92242074,7658
8.04,0.24690259,7658
8.04,3.2451982,7658
8.03,-0.42908815,7658
8.03,6.6635537,7658
8.03,2.1140447,7658
8.02,0.8224813,7658
8.02,0.40344012,7658
8.02,2.7144105,7658
8.01,1.3122003,7658
8.0,-0.7628819,7658
8.0,2.7330449,7658
8.0,3.8555753,7658
8.0,0.9224185,7658
8.0,4.274876,7658
8.0,2.5205112,7658
8.0,-0.91922855,7658
8.0,0.89407253,7658
8.0,5.212728,7658
7.99,-3.125447,7658
7.99,0.93320644,7658
7.99,0.54387784,7658
7.99,2.9579487,7658
7.98,4.5642056,7658
7.98,3.994086,7658
7.98,0.8847655,7658
7.97,0.3363157,7658
7.97,2.701766,7658
7.97,0.4906604,7658
7.97,4.006413,7658
7.97,2.36201,7658
7.97,1.9148188,7658
7.96,-0.40685734,7658
7.96,0.16751456,7658
7.96,-1.216279,7658
7.95,4.6059704,7658
7.95,-4.302787,7658
7.94,2.721692,7658
7.94,4.669165,7658
7.94,-0.22401871,7658
7.94,1.8414676,7658
7.93,2.1239023,7658
7.93,2.4934225,7658
7.92,-0.8838762,7658
7.92,-0.39023602,7658
7.92,-3.209173,7658
7.91,-0.3485273,7658
7.9,1.1614174,7658
7.9,-1.8267984,7658
7.9,1.3153208,7658
7.9,0.48059538,7658
7.89,2.8977978,7658
7.89,2.8835132,7658
7.88,4.8227267,7658
7.88,1.7954092,7658
7.88,0.65047765,7658
7.88,0.7417369,7658
7.87,-0.2770905,7658
7.87,-0.27614775,7658
7.87,-2.1566765,7658
7.87,2.0225523,7658
7.87,0.01040902,7658
7.87,0.10801811,7658
7.87,2.6988263,7658
7.87,0.95662403,7658
7.86,-0.0011878312,7658
7.86,-0.49337122,7658
7.86,2.559138,7658
7.85,1.4074613,7658
7.85,0.98740137,7658
7.85,-0.53799736,7658
7.85,-1.45479,7658
7.84,1.736637,7658
7.84,3.2275465,7658
7.83,1.7904096,7658
7.83,0.42921948,7658
7.83,2.5891447,7658
7.83,4.5357404,7658
7.83,2.7089894,7658
7.83,-4.608424,7658
7.83,0.7263956,7658
7.82,1.1881442,7658
7.82,2.9122183,7658
7.82,0.9937489,7658
7.82,-0.925472,7658
7.81,4.97234,7658
7.81,1.7367806,7658
7.8,4.8278236,7658
7.8,0.91376555,7658
7.8,0.9338232,7658
7.8,0.9631283,7658
7.8,-0.16740698,7658
7.8,-1.19198,7658
7.79,0.10307206,7658
7.78,1.8264042,7658
7.78,0.5509043,7658
7.78,-0.38643566,7658
7.77,3.5199516,7658
7.77,4.8019404,7658
7.76,-1.714465,7658
7.76,-0.1583213,7658
7.76,-0.07587535,7658
7.76,3.1481678,7658
7.76,0.4172635,7658
7.74,-1.883851,7658
7.74,2.7874596,7658
7.73,0.8714597,7658
7.73,3.1226468,7658
7.71,1.9101049,7658
7.71,1.3910627,7658
7.71,-1.5598873,7658
7.7,5.4560456,7658
7.7,0.9631283,7658
7.63,4.2100143,7658
5.6,0.5962939,16411
6.77,-0.7632208,11348
6.7,-1.5780765,11348
6.14,1.3463695,11348
6.64,1.6399868,11394
5.92,-0.9149643,11394
4.92,-2.047283,11394
4.75,-1.2316822,11394
6.79,-1.7683828,10572
4.64,0.93654966,14848
5.85,0.597438,11400
5.02,-1.6890092,11400
4.72,-0.8672577,11400
8.32,-3.250436,730
8.14,-1.2160214,730
8.11,1.3272294,730
7.91,-1.7306737,730
7.79,2.5549836,730
7.69,2.3705058,730
7.6,0.13158,730
7.58,-1.1094396,730
7.55,1.3823746,730
7.48,3.1273353,730
7.4,0.019030632,730
7.33,0.7567643,730
7.22,2.7457142,730
7.1,0.21660617,730
7.07,-2.5069563,730
6.97,0.21460892,730
6.85,-0.7999586,730
6.74,-2.8950436,730
6.7,0.29971185,730
6.67,-0.43746188,730
6.62,-2.1512067,730
6.53,-0.28010342,730
6.49,0.41430297,730
6.43,3.907289,730
6.05,-1.181649,730
5.98,-4.3242936,730
5.93,0.09100643,730
5.76,1.5484583,730
5.54,-1.4755877,730
5.47,-1.2106223,730
5.42,-2.6784976,730
5.22,-0.46419755,730
5.13,-1.2937597,730
5.13,-4.8060145,730
5.08,-0.28631082,730
5.01,1.4956114,730
8.52,-1.902849,5935
8.46,-1.3696189,5935
8.42,-2.2609532,5935
8.16,1.6537883,5935
8.14,-1.0218863,5935
8.03,-3.4402814,5935
7.92,0.3139169,5935
7.92,0.11322717,5935
7.89,0.76646006,5935
7.82,2.7137733,5935
7.82,-1.8028579,5935
7.82,0.48929152,5935
7.8,0.5487181,5935
7.8,2.526516,5935
7.8,-0.20057103,5935
7.72,-4.2859465e-06,5935
7.66,3.2748199,5935
7.62,-0.35027578,5935
7.55,-2.9729352,5935
7.54,-2.9045684,5935
7.52,-0.20781407,5935
7.5,-0.8847499,5935
7.5,4.081443,5935
7.42,0.3339683,5935
7.41,-2.806731,5935
7.41,-2.780254,5935
7.36,-1.2006118,5935
7.26,-0.8234601,5935
7.23,-1.0519183,5935
7.15,1.61709,5935
7.06,0.32858014,5935
7.0,-0.3038682,5935
6.99,-0.92856896,5935
6.96,1.9700199,5935
6.9,-1.8102901,5935
6.84,2.5596862,5935
6.72,-0.35516348,5935
6.51,-0.6504587,5935
6.49,0.096952274,5935
6.44,0.5167979,5935
6.42,0.7550001,5935
6.39,2.2739506,5935
6.36,1.6595441,5935
6.34,0.44965717,5935
6.09,0.54357636,5935
9.0,0.739035,7028
8.52,-0.5122802,7028
4.72,-4.570938,2706
4.37,0.10496478,2706
8.21,-0.49477366,9956
7.33,1.6673969,9956
9.44,0.13187109,13095
9.05,1.1745217,13095
8.95,1.442645,13095
8.86,-1.5782963,13095
8.8,-0.41209355,13095
7.13,-0.41209355,13095
7.03,0.13187109,13095
6.17,-3.2295625,3266
5.68,-3.1548905,3266
5.66,-3.9724822,3266
5.48,-6.079366,3266
5.47,-1.5726123,3266
5.35,-3.6615036,3266
5.28,-4.360627,3266
7.96,0.40957925,12055
6.86,-1.9415265,12055
9.22,1.6150366,6073
8.7,0.4596682,6073
8.52,-0.9813725,6073
8.0,0.57895076,6073
7.52,1.0407476,6073
7.2,-0.48316213,8637
5.96,-2.9381437,9399
6.33,-3.655367,2307
6.25,-0.6366329,2307
6.25,2.526165,2307
6.21,-3.0667596,2307
6.13,-2.5393543,2307
6.1,-5.115231,2307
6.0,-4.1429152,2307
5.98,-2.1414385,2307
5.91,-9.562606,2307
5.83,-6.1199894,2307
5.82,1.4746414,2307
5.72,-4.242657,2307
5.66,-9.894343,2307
5.54,-2.2538922,2307
5.53,-4.9540877,2307
5.53,-7.9908977,2307
5.5,-0.9117112,2307
5.49,-1.1797303,2307
5.49,-1.9956639,2307
5.46,-4.344814,2307
5.45,-6.9521575,2307
5.45,-2.9720485,2307
5.33,-5.3235216,2307
5.28,-4.395677,2307
5.27,-1.358626,2307
5.27,-3.5862472,2307
5.26,-6.20769,2307
5.24,-0.297841,2307
5.22,-6.765089,2307
4.96,-1.6535895,2307
4.79,-6.1548634,2307
4.69,-6.141607,2307
4.62,-5.2411294,2307
4.58,-9.304881,2307
4.54,-8.378682,2307
4.53,-0.631544,2307
4.49,-4.59825,2307
4.4,-4.973952,2307
4.25,-8.611706,2307
4.16,-5.8651543,2307
5.29,-2.5143073,1666
5.19,-6.8765182,1666
5.19,-2.7872102,1666
5.17,-3.6709504,1666
5.05,-5.888074,1666
4.96,-3.4561481,1666
4.92,-5.5885973,1666
4.75,-6.5266714,1666
4.43,-6.063868,1666
4.39,-4.834484,1666
4.37,-7.4471374,1666
4.18,-5.3933344,1666
5.77,0.22886966,635
6.21,1.6598873,15021
7.72,0.41197157,16201
7.66,-0.87465036,16201
7.55,0.14256665,16201
6.38,-1.2453986,16201
9.22,5.9631352,6665
8.57,4.141027,6665
8.4,2.4653482,6665
7.2,0.9036969,6665
6.94,2.601356,17241
6.53,-1.051682,17241
6.33,0.6992017,17241
6.13,0.085067526,17241
5.45,-1.0693885,17241
7.3,0.8055738,14100
7.1,-0.10682936,14100
9.15,3.0564241,1169
8.52,1.6439314,17559
7.6,1.323199,17559
7.52,0.15243605,17559
7.52,1.9060793,17559
7.24,0.76865375,17559
7.24,0.30007914,17559
7.19,-0.59353685,17559
6.89,1.1977191,17559
6.57,-0.14551157,17559
6.44,0.8492012,17559
6.44,-4.7584705,11680
6.42,-2.7381065,11680
6.38,-1.1619103,11680
6.28,-3.6764948,11680
6.25,-4.4366913,11680
6.16,-3.176034,11680
5.94,-2.2591155,11680
5.62,-3.9806318,11680
4.96,0.086882845,11680
4.79,-2.728185,11680
8.4,1.8761963,14606
9.0,-4.829943,6023
9.0,3.314327,6023
9.0,0.8576393,6023
8.7,-2.366109,6023
8.7,2.5267332,6023
8.7,1.3417815,6023
8.7,1.4610808,6023
8.7,1.267076,6023
8.7,0.97999036,6023
8.7,1.3641151,6023
8.7,1.306771,6023
8.7,1.040819,6023
8.7,0.51116264,6023
8.7,-1.0039582,6023
8.7,1.8833293,6023
8.7,2.39303,6023
8.7,2.0717185,6023
8.52,1.7506405,6023
8.52,3.7429793,6023
8.52,-5.8476243,6023
8.52,3.5031872,6023
8.52,-0.85139024,6023
8.52,-3.373283,6023
8.52,0.45179632,6023
8.52,0.9355166,6023
8.52,-1.6183285,6023
8.52,2.537331,6023
8.52,1.9885675,6023
8.52,-0.21384564,6023
8.4,1.9885675,6023
8.4,1.4745843,6023
8.4,-0.45308232,6023
8.4,-0.46919188,6023
8.4,2.6191337,6023
8.4,-0.29613173,6023
8.4,1.5094911,6023
8.4,-1.4126176,6023
8.4,2.77217,6023
8.4,2.6399083,6023
8.3,3.2362921,6023
8.3,-0.25503317,6023
8.3,2.456593,6023
8.3,-2.9785638,6023
8.3,0.11257504,6023
8.3,2.3895326,6023
8.3,1.538152,6023
8.3,2.679064,6023
8.22,2.6298559,6023
8.22,1.3641151,6023
8.22,2.002871,6023
8.22,-0.08837667,6023
8.22,0.45865563,6023
8.22,0.96974933,6023
8.15,-1.7544518,6023
8.15,-0.2891119,6023
8.15,1.2808802,6023
8.1,-1.0482007,6023
8.1,2.6191337,6023
8.1,1.7018368,6023
8.1,0.08182852,6023
8.1,2.2441015,6023
8.1,-1.7528583,6023
8.1,-0.49032393,6023
8.1,-0.473531,6023
8.1,-1.3355434,6023
8.1,-1.8961732,6023
8.1,-1.3555052,6023
8.05,-3.7255533,6023
8.05,0.53007305,6023
8.05,-2.1437895,6023
8.05,0.8853711,6023
8.0,-1.7163031,6023
7.96,-1.4803274,6023
7.96,1.1826224,6023
7.96,1.9031212,6023
7.96,0.7651074,6023
7.92,2.5304465,6023
7.92,2.4658258,6023
7.92,1.8174113,6023
7.92,1.2531838,6023
7.89,-0.5464835,6023
7.89,2.2898962,6023
7.85,-1.0463829,6023
7.85,-0.27515095,6023
7.85,1.9400505,6023
7.82,0.03626336,6023
7.82,3.2910805,6023
7.82,2.1495473,6023
7.8,0.4879597,6023
7.8,-1.1398911,6023
7.8,-0.5609133,6023
7.77,0.6871878,6023
7.77,3.7127087,6023
7.72,2.77986,6023
7.7,1.7822204,6023
7.7,5.668744,6023
7.68,0.49810824,6023
7.68,-0.013390169,6023
7.68,-1.2110093,6023
7.68,0.75914884,6023
7.68,2.5867493,6023
7.68,-1.601495,6023
7.64,1.5110203,6023
7.64,2.0216396,6023
7.64,-0.8591858,6023
7.62,4.382009,6023
7.62,3.0751655,6023
7.6,0.3237774,6023
7.58,0.8860513,6023
7.58,1.202218,6023
7.57,-1.8811316,6023
7.57,0.53816664,6023
7.54,0.7912978,6023
7.51,2.900622,6023
7.51,4.524062,6023
7.5,-0.14369926,6023
7.48,-1.4830891,6023
7.48,1.9012889,6023
7.48,1.166633,6023
7.47,0.03650552,6023
7.46,2.8815665,6023
7.46,5.394763,6023
7.44,2.873793,6023
7.43,-1.3979881,6023
7.42,1.0821533,6023
7.42,1.4620397,6023
7.4,3.5031872,6023
7.4,0.71435654,6023
7.39,0.6966138,6023
7.39,-0.6798575,6023
7.38,1.6788557,6023
7.36,0.3366668,6023
7.35,2.588738,6023
7.34,1.8081833,6023
7.34,1.045727,6023
7.33,0.8042526,6023
7.3,-0.70609426,6023
7.28,1.6185198,6023
7.28,2.0169368,6023
7.26,0.78005064,6023
7.25,0.22088124,6023
7.25,-0.7552105,6023
7.24,6.457999,6023
7.24,3.1785865,6023
7.24,3.1222117,6023
7.23,1.5774024,6023
7.23,-0.46332985,6023
7.22,-1.6296533,6023
7.22,3.876392,6023
7.21,3.0024579,6023
7.21,-2.3965583,6023
7.2,0.11586228,6023
7.19,3.361669,6023
7.18,0.41538084,6023
7.17,1.4060249,6023
7.17,-0.15244915,6023
7.15,1.8317219,6023
7.15,0.15819804,6023
7.13,1.2408142,6023
7.13,1.1237962,6023
7.11,2.2727168,6023
7.11,-1.2639698,6023
7.1,1.8986821,6023
7.1,-1.2789426,6023
7.07,4.0351424,6023
7.07,2.247077,6023
7.07,2.2271774,6023
7.06,0.7426095,6023
7.06,-0.8021145,6023
7.04,-1.2186829,6023
7.03,-0.21514463,6023
7.02,-0.037039578,6023
7.02,1.0757751,6023
7.01,3.2859817,6023
7.01,0.80266714,6023
7.01,3.1037362,6023
7.01,3.4779775,6023
6.99,0.78745246,6023
6.98,-1.0319569,6023
6.96,-0.39410406,6023
6.96,-0.5626408,6023
6.94,1.9863908,6023
6.94,2.2878883,6023
6.94,2.8691497,6023
6.93,-0.28582355,6023
6.93,-0.9186652,6023
6.92,2.3161457,6023
6.92,0.86939657,6023
6.91,1.4793588,6023
6.9,2.938698,6023
6.89,-0.061674595,6023
6.88,-0.47618225,6023
6.87,-0.1581385,6023
6.87,1.1745198,6023
6.86,2.653106,6023
6.86,1.6701418,6023
6.85,3.2867014,6023
6.83,-1.3490508,6023
6.83,0.5073573,6023
6.83,0.23202817,6023
6.81,0.23167521,6023
6.81,2.3941495,6023
6.8,-1.4859387,6023
6.79,1.9873731,6023
6.78,0.92836607,6023
6.77,0.9966155,6023
6.74,-1.6932653,6023
6.74,0.73970234,6023
6.74,-0.60651696,6023
6.73,3.228601,6023
6.73,-0.95006156,6023
6.7,0.35859698,6023
6.7,4.375832,6023
6.67,-1.0315856,6023
6.66,1.5920897,6023
6.64,0.68647075,6023
6.64,1.1993637,6023
6.63,-0.9976312,6023
6.56,-2.884339,6023
6.54,1.7633632,6023
6.51,1.7403933,6023
6.45,4.1255336,6023
6.45,1.4968786,6023
6.43,1.2685121,6023
6.4,3.1061602,6023
6.39,2.7620752,6023
6.38,-1.079077,6023
6.35,-0.03186553,6023
6.35,0.9674969,6023
6.33,0.8281964,6023
6.31,2.99633,6023
6.31,2.4301448,6023
6.3,1.30421,6023
6.29,0.76163113,6023
6.28,2.6970403,6023
6.26,-2.6307578,6023
6.26,1.3099524,6023
6.23,-1.0550263,6023
6.22,0.8490547,6023
6.18,-0.14250831,6023
6.18,3.5684073,6023
6.17,-0.7419481,6023
6.16,-3.3978539,6023
6.11,1.2255194,6023
6.11,-3.270459,6023
6.07,0.34554383,6023
6.06,-0.97814786,6023
6.03,4.81661,6023
6.0,0.76934636,6023
6.0,1.9834421,6023
6.0,0.6165378,6023
6.0,1.1860675,6023
5.98,-1.1844671,6023
4.73,-0.524045,16582
9.22,-1.1454513,8244
8.7,-0.045684986,8244
8.7,-0.027943771,8244
8.7,-0.670591,8244
8.52,1.5425555,8244
8.52,-0.67373323,8244
8.52,-1.2986696,8244
8.4,1.2578014,8244
8.1,1.1312613,8244
8.0,0.63590395,8244
7.77,-0.4856337,8244
7.64,1.6733379,8244
7.62,0.664803,8244
7.6,-1.691317,8244
7.57,-2.1931937,8244
7.52,-0.5815741,8244
6.76,0.6195848,8244
6.7,-5.532328,8244
6.6,-1.9597424,8244
8.52,-0.14163998,17838
8.52,-1.5623816,17838
8.22,1.4024247,17838
8.22,-0.10738103,17838
8.15,2.6560504,17838
8.15,2.2254865,17838
8.15,1.4553676,17838
8.15,0.30523232,17838
8.05,-0.64718306,17838
8.05,-1.1388872,17838
8.0,0.7008312,17838
8.0,1.6692035,17838
8.0,1.979662,17838
7.92,-0.7107074,17838
7.89,0.66210437,17838
7.89,2.5891068,17838
7.89,-0.29560888,17838
7.82,1.7902938,17838
7.82,-0.5998336,17838
7.8,-0.7908504,17838
7.77,-0.35231993,17838
7.77,-0.45110753,17838
7.75,-0.96153736,17838
7.75,1.6210282,17838
7.75,0.4718582,17838
7.66,0.74850106,17838
7.66,-3.0404682,17838
7.66,2.7479074,17838
7.64,1.1070584,17838
7.58,0.9962226,17838
7.55,-1.6248657,17838
7.54,0.149805,17838
7.52,0.34010383,17838
7.51,-0.23946524,17838
7.51,0.032716088,17838
7.48,-0.36966336,17838
7.44,-0.19060242,17838
7.42,0.5631664,17838
7.34,-2.1993554,17838
7.28,-0.06597192,17838
7.28,-1.1139798,17838
7.1,-0.4474522,17838
7.0,-0.018534943,17838
7.0,-0.5777248,17838
6.7,1.7779492,17838
7.48,-0.23555896,14602
6.24,-1.3180807,12476
7.82,-0.18207934,3587
7.37,0.060779117,3587
7.34,-0.31555197,3587
6.99,-1.094976,3587
6.95,-1.2311337,3587
6.71,-1.4537239,3587
6.48,0.87123513,3587
7.54,0.15286505,4093
7.35,-1.4456046,4093
7.16,0.2233228,4093
7.14,1.0651253,4093
7.11,-1.4269303,4093
7.07,1.3864723,4093
7.04,-1.5602897,4093
6.9,-1.6394836,4093
6.67,-1.7157421,4093
6.6,-2.093935,4093
6.49,0.72613955,4093
5.95,-1.4129537,4093
5.31,-2.3413084,3664
5.08,-2.096779,3664
4.6,-3.669405,3664
7.16,-1.510729,7806
6.43,3.1272175,7806
5.44,-1.5574191,7806
8.59,-0.00914339,13816
8.55,-1.0649292,13816
8.54,3.8836234,13816
8.52,-1.7338926,13816
8.49,-0.65239334,13816
8.46,-3.7839005,13816
8.43,0.13605383,13816
8.42,0.39115044,13816
8.41,-0.5562507,13816
8.39,-0.59866035,13816
8.28,-1.6167475,13816
8.21,0.3564899,13816
8.19,-1.4952581,13816
8.14,-3.6520736,13816
8.11,-4.5026307,13816
8.04,-0.11164048,13816
8.03,0.032241985,13816
8.0,-0.2299478,13816
7.92,-1.9671701,13816
7.89,0.5272839,13816
7.68,0.45065022,13816
7.52,-4.1679435,13816
7.06,-3.5522084,13816
6.82,4.1828895,13816
8.36,1.8349465,8522
8.15,0.6425066,8522
7.51,0.5683212,8522
7.43,0.7015518,8522
7.72,-1.1300371,377
7.41,0.50881106,377
7.35,0.690701,377
7.27,-0.7755102,377
7.01,-0.4095629,377
6.99,0.994993,377
6.95,-0.18041468,377
6.91,-2.2503996,377
6.27,-2.3465192,377
7.16,-2.5637667,11297
7.08,-4.926596,11297
6.83,-4.9094796,11297
8.3,-0.041579716,3297
7.92,-1.888072,3297
5.0,-2.4518569,16902
8.1,1.7167082,7228
6.04,0.081765294,14942
6.07,-4.43111,17753
6.03,-0.23159295,5962
5.4,-1.558055,5962
5.23,-1.8549129,5962
5.21,-2.8966181,5962
7.11,1.5366373,17084
6.33,0.018616002,17084
5.37,-0.08160414,17084
5.12,0.4990761,17084
5.35,-0.3563231,12049
7.85,-0.4230528,12463
7.8,-1.4039629,12463
7.75,-0.8580997,12463
7.23,-3.2736454,12463
7.17,-2.0911152,12463
6.94,-3.0688655,12463
6.77,-3.93014,12463
6.51,-3.9210925,12463
6.35,-4.8576546,12463
6.17,-5.2656207,12463
6.02,-5.2567296,12463
5.67,-5.090842,12463
5.7,-3.248549,2661
7.28,-4.4444904,17683
7.13,-3.1025057,17683
7.12,-3.030803,17683
6.92,-1.13794,17683
6.89,0.01523512,17683
6.8,-3.3949354,17683
6.75,-2.619394,17683
6.62,-4.006046,17683
6.6,-1.1457887,17683
6.6,-1.4784052,17683
6.51,-0.9362061,17683
6.45,1.4656845,17683
6.35,-0.7593503,17683
6.25,-2.243084,17683
6.18,-2.530413,17683
6.16,-2.7867894,17683
6.14,-1.2084119,17683
6.09,0.87743664,17683
6.08,-1.7661283,17683
6.06,-4.319502,17683
6.0,-2.8449402,17683
6.0,-1.7881914,17683
5.68,-5.8876286,17683
5.58,-1.0260178,17683
5.17,-2.5618231,2037
8.0,-0.27456397,11686
6.8,-7.084086,5471
6.04,-5.5725145,5471
5.48,-1.9793748,5471
5.33,0.2319305,5471
4.78,-3.091981,5471
6.85,-2.246975,16035
6.66,-2.1942425,16035
6.41,-2.0345216,16035
8.14,-0.25273165,8717
7.75,3.4676647,8717
7.75,-1.6119721,8717
7.7,-0.1891422,8717
7.66,-1.4049847,8717
7.64,-0.43503407,8717
7.62,-3.211473,8717
7.57,-1.6745715,8717
7.52,-2.2169316,8717
7.51,-4.401109,8717
7.33,-3.7335575,8717
7.31,4.261417,8717
7.3,3.604089,8717
7.28,-3.2628527,8717
7.24,-0.44496998,8717
7.22,0.51104987,8717
7.21,-1.8916762,8717
7.16,-3.4662225,8717
7.13,-2.7712026,8717
7.12,-2.8899505,8717
7.07,2.1128657,8717
7.03,-3.4001985,8717
7.03,-6.9768033,8717
7.01,-5.195518,8717
7.0,-3.1523972,8717
6.96,-2.2590516,8717
6.92,-7.173905,8717
6.89,-3.4988904,8717
6.85,2.6909556,8717
6.8,-4.72329,8717
6.8,-4.8465977,8717
6.77,-3.47281,8717
6.72,0.17996268,8717
6.72,3.19352,8717
6.66,-4.3234825,8717
6.58,-2.5017514,8717
6.57,-5.0966964,8717
6.55,-6.036601,8717
6.52,-4.6231036,8717
6.5,-6.2107077,8717
6.5,-3.5340886,8717
6.5,-0.8740747,8717
6.47,-6.5133867,8717
6.46,-2.1532738,8717
6.44,-5.4284153,8717
6.42,-4.0432377,8717
6.41,0.22209263,8717
6.32,-4.5258327,8717
6.28,-1.0354174,8717
6.27,-4.806167,8717
6.27,-4.3030214,8717
6.26,-2.115739,8717
6.23,-5.913333,8717
6.21,-1.6701237,8717
6.2,-5.9336543,8717
6.19,-3.821195,8717
6.14,0.4199023,8717
6.14,-1.1641823,8717
6.05,-5.259553,8717
5.96,-6.48069,8717
5.92,-2.9762576,8717
5.85,-3.9778235,8717
5.85,3.2010326,8717
5.8,0.6804327,8717
5.8,0.01612626,8717
5.77,-6.4113574,8717
5.77,-4.2219753,8717
5.75,-7.7004976,8717
5.75,-4.5004253,8717
5.72,-0.28516743,8717
5.72,-5.7114534,8717
5.66,-5.1941423,8717
5.64,-5.3826003,8717
5.58,-5.5713897,8717
5.57,-4.1029377,8717
5.5,-5.0183225,8717
5.43,-4.2332625,8717
5.29,-3.814168,8717
5.24,-3.1617312,8717
5.21,-1.261084,8717
5.15,-4.455439,8717
5.13,-3.4040644,8717
5.13,1.1605407,8717
6.13,-4.9488363,17459
5.77,-6.635398,17459
5.28,-3.4497218,17459
4.96,-6.5630574,17459
4.96,-5.6490097,17459
4.96,-6.0534706,17459
4.62,-6.689849,17459
4.6,-5.4019094,17459
4.6,-5.4266148,17459
4.58,-5.137805,17459
4.51,-7.2026396,17459
4.47,-2.8579683,17459
4.32,-5.612739,17459
8.22,2.8983212,9437
8.1,2.1749506,9437
8.05,0.75052655,9437
8.0,0.8329829,9437
7.96,2.3197188,9437
7.89,0.49821258,9437
7.82,-0.44846293,9437
7.75,-0.29385322,9437
7.7,1.473198,9437
7.7,2.1657965,9437
7.7,1.5083815,9437
7.68,-0.7662393,9437
7.68,1.9689817,9437
7.68,-3.7025268,9437
7.64,0.10684834,9437
7.6,2.1731074,9437
7.6,3.580362,9437
7.6,0.08240018,9437
7.58,-0.35820183,9437
7.58,0.35282335,9437
7.55,-0.5044917,9437
7.55,1.4888476,9437
7.46,-3.1754541,9437
7.44,0.12373637,9437
7.43,0.65901375,9437
7.4,0.7066448,9437
7.4,0.16774364,9437
7.28,0.87391186,9437
7.22,-3.9054914,9437
7.03,-1.362538,9437
6.39,1.8653059,9941
7.4,0.76276886,17232
7.3,-1.9299824,17232
7.16,-1.6887867,17232
7.16,-0.57761145,17232
7.05,-1.4974916,17232
6.85,-0.20565297,17232
6.75,-3.0149891,17232
6.7,1.4032656,17232
6.66,-1.3579684,17232
6.39,1.3497853,17232
6.31,-2.3257897,17232
6.26,0.9220309,17232
4.7,-2.1285837,17646
8.15,-1.425729,15411
8.1,2.022578,15411
8.1,-1.7629114,15411
8.1,-1.1457164,15411
7.92,-4.7380614,15411
7.89,-2.2225442,15411
7.85,-2.3779855,15411
7.77,-6.3568606,15411
7.77,-0.6638509,15411
7.77,1.1292058,15411
7.62,-2.741712,15411
7.6,0.5365194,15411
7.6,-2.9661987,15411
7.6,-4.754897,15411
7.52,-3.697087,15411
7.46,1.2135358,15411
7.4,-0.3666207,15411
7.4,-2.253491,15411
7.36,-1.6653296,15411
7.33,1.0949279,15411
7.3,-2.8620415,15411
7.28,-1.0506898,15411
7.28,-1.4433769,15411
7.28,-3.4879446,15411
7.26,0.7309452,15411
7.25,-0.89365435,15411
7.24,-0.54821074,15411
7.24,-2.569999,15411
7.24,-1.2807877,15411
7.12,-1.854254,15411
7.0,-3.0266705,15411
6.85,-4.2069507,15411
6.77,2.0928133,15411
6.74,-2.438192,15411
6.59,-4.3179812,15411
6.49,0.70762134,15411
6.48,-0.24270341,15411
6.47,-2.1353428,15411
6.41,-2.2965643,15411
6.39,-1.5637634,15411
6.35,-1.0377772,15411
6.3,-0.077423476,15411
6.29,-1.9119282,15411
6.27,-3.7752898,15411
6.18,-2.8521738,15411
6.17,1.3987886,15411
6.03,-2.770059,15411
5.74,-3.7039611,15411
5.68,-2.0514379,15411
5.65,-1.1265777,15411
5.4,1.7697046,15411
6.4,-1.6672659,10133
6.87,-1.7571893,10344
6.45,-1.9487044,10344
6.07,-0.8054637,10344
5.99,0.5411496,10344
6.68,0.01983406,6656
4.03,-0.83300376,10430
5.12,-0.64491236,13517
7.84,0.029458392,9758
7.21,-0.24802178,9127
6.75,1.5748254,9127
6.45,-4.07084,12642
6.31,-0.97711647,12642
6.0,-4.703536,12642
5.79,-5.623513,12642
5.72,-4.1984496,12642
5.08,-3.898414,12642
7.85,-0.30100763,3760
7.47,-0.9860785,3760
7.28,-2.4308014,3760
7.25,-3.2444577,3760
7.21,-3.435349,3760
7.18,0.92616963,3760
7.15,0.8377267,3760
7.14,-4.1740174,3760
7.12,-0.60654116,3760
7.11,-0.2784587,3760
7.1,-4.1174555,3760
7.07,-3.026414,3760
7.07,-0.7209039,3760
7.02,-3.4704158,3760
7.0,-3.0431988,3760
6.96,-5.6491385,3760
6.96,-2.172843,3760
6.95,-4.1420383,3760
6.94,-3.512737,3760
6.81,-5.003412,3760
6.75,-2.645761,3760
6.73,-3.2468321,3760
6.66,-3.6862686,3760
6.62,-2.8520083,3760
6.62,-6.2139544,3760
6.53,-6.395391,3760
6.53,-6.3141484,3760
6.46,-0.3523146,3760
6.4,-4.5205116,3760
6.26,-3.998946,3760
6.25,-4.2779613,3760
6.17,-4.7794805,3760
6.16,-6.4334064,3760
6.15,-3.94645,3760
6.0,-6.2676363,3760
5.73,-2.7618098,3760
5.34,-4.7193804,3760
5.34,-4.5721216,3760
5.14,-6.178121,3760
4.85,-1.5556479,3760
4.62,-2.9511883,3760
5.3,-4.6960163,10614
5.0,-6.411898,10614
4.9,-3.1889265,10614
7.51,1.0668993,13804
7.3,-1.561509,13804
6.9,-3.0160642,13804
7.51,0.84978604,3253
8.84,0.7654295,15911
8.73,0.8018873,15911
4.0,-3.6075668,10377
7.14,2.5469708,10455
6.21,4.1420026,10455
5.77,-0.57852185,10455
5.54,-0.8464066,10455
5.43,1.2309105,10455
5.4,-3.4390953,10455
5.31,-1.6103998,10455
5.3,2.680905,10455
5.22,3.7763186,10455
5.18,2.1543584,10455
5.08,1.7131516,10455
5.05,-4.3608484,10455
6.14,0.2745641,1465
6.13,-1.177487,1465
6.08,-1.0745329,1465
6.01,1.1396735,1465
5.36,-1.544364,1465
4.0,-5.4076552,1465
7.51,-1.3210483,15743
7.51,-4.6317964,15743
7.47,-1.9985938,15743
7.36,0.3672281,15743
7.24,-0.49423936,15743
7.16,-0.65979254,15743
7.09,-1.0360355,15743
6.82,2.588729,15743
6.69,-0.6693537,15743
6.66,-3.307282,15743
6.56,-1.5796233,15743
6.42,-3.412503,15743
6.26,-0.50128376,15743
5.4,-4.395101,15743
9.7,3.2491815,7763
9.3,2.9791641,7763
9.15,1.1537282,7763
9.05,2.128145,7763
9.0,1.4078513,7763
8.85,1.9385897,7763
8.85,3.765114,7763
8.74,1.7822353,7763
8.7,2.4708183,7763
8.7,4.201404,7763
8.68,-1.1960531,7763
8.6,2.2037034,7763
8.6,0.27021226,7763
8.6,2.0573523,7763
8.57,-0.43448964,7763
8.54,-0.07477106,7763
8.51,-1.631044,7763
8.48,-0.92785513,7763
8.47,3.5827465,7763
8.43,0.049998716,7763
8.41,1.0521715,7763
8.35,-1.7861176,7763
8.33,1.5450778,7763
8.31,3.0555935,7763
8.31,1.3617467,7763
8.28,-2.0428796,7763
8.28,0.686031,7763
8.27,2.5318887,7763
8.24,0.39255688,7763
8.21,1.0513217,7763
8.19,0.2703857,7763
8.17,-1.2198805,7763
8.17,0.7126119,7763
8.17,1.0379714,7763
8.15,-0.34473023,7763
8.15,2.7568736,7763
8.14,0.227224,7763
8.14,-1.1638093,7763
8.11,-1.0208287,7763
8.1,-2.17393,7763
8.09,0.75757194,7763
8.08,-1.7371503,7763
8.06,0.34209052,7763
8.03,0.17179053,7763
8.03,-0.5566398,7763
8.02,-0.7801415,7763
8.01,0.6377969,7763
8.01,0.7945372,7763
8.01,0.92670393,7763
8.01,1.4859035,7763
8.0,1.3927432,7763
7.98,0.34209052,7763
7.98,-0.8458762,7763
7.96,0.12498456,7763
7.96,0.49186453,7763
7.92,0.14302588,7763
7.91,3.7246306,7763
7.9,-0.51684546,7763
7.89,1.4511207,7763
7.89,-0.06766283,7763
7.88,-1.7410432,7763
7.85,1.9022777,7763
7.78,1.8740757,7763
7.76,-1.02316,7763
7.75,1.0193833,7763
7.74,1.2031409,7763
7.73,-0.20244955,7763
7.7,1.0278572,7763
7.61,0.40289044,7763
7.61,-1.01752,7763
7.61,-0.19178616,7763
7.58,0.9601561,7763
7.58,-3.036968,7763
7.55,-0.7262546,7763
7.54,-1.265985,7763
7.51,-1.575027,7763
7.49,0.58279395,7763
7.46,1.3442793,7763
7.43,-1.6124794,7763
7.4,-1.8443713,7763
7.38,-0.3516793,7763
7.37,0.66525626,7763
7.34,0.22999452,7763
7.28,-1.143378,7763
7.24,2.1965377,7763
7.19,-2.800264,7763
7.18,-1.4137063,7763
7.11,-0.2790139,7763
9.26,-0.9246142,12789
7.05,1.6822286,2784
9.4,-2.855798,6612
9.3,0.86960196,6612
9.3,0.70724654,6612
9.05,0.6402075,6612
9.05,-3.3551235,6612
8.82,-1.5263903,6612
8.82,2.27271,6612
8.7,-3.2762463,6612
8.7,-1.3177986,6612
8.7,3.3637273,6612
8.7,-1.5942216,6612
8.7,-0.073070586,6612
8.52,-2.6089814,6612
8.52,-2.099995,6612
8.52,-0.09390949,6612
8.4,-3.133442,6612
8.3,-1.3123126,6612
8.3,-3.802641,6612
8.3,-1.7284639,6612
8.3,-1.9711754,6612
8.3,-5.14096,6612
8.3,-2.6623003,6612
8.22,0.62743556,6612
8.22,-1.5090594,6612
8.22,-6.925154,6612
8.15,-7.015431,6612
8.15,-4.3942637,6612
8.1,-1.9711411,6612
8.1,-1.8877513,6612
8.05,-2.4964716,6612
8.05,-1.5112119,6612
7.89,-1.0749204,6612
7.89,-3.0787318,6612
7.85,-3.8354056,6612
7.72,-5.731893,6612
7.7,-5.0345283,6612
7.7,-2.3046865,6612
7.68,-1.3355975,6612
7.68,0.87151194,6612
7.58,-2.336723,6612
7.39,-2.8698719,6612
7.32,-2.6495192,6612
7.23,-3.4497068,6612
6.56,-2.1031206,6612
8.14,-0.6992909,2968
7.85,-1.7022702,2968
7.77,-2.4535341,2968
7.75,-1.1197485,2968
7.34,-4.7315555,2968
7.2,-3.055337,2968
7.17,-2.6784616,2968
7.05,2.2161326,2968
6.96,-3.186427,2968
6.82,-1.1571,2968
6.77,2.2016823,2968
6.66,-5.5829663,2968
6.58,2.5146627,2968
6.54,0.4479074,2968
6.48,-0.8793155,2968
6.43,-4.299582,2968
6.09,-3.663575,2968
6.03,-5.0643415,2968
5.96,-3.711768,2968
5.8,-2.50506,2968
8.42,-2.5480533,2205
8.3,-2.5480533,2205
8.15,1.0160964,2205
8.15,0.64500153,2205
8.06,0.24750566,2205
8.05,0.07205734,2205
8.05,0.775975,2205
8.05,-2.2486036,2205
8.0,0.5182879,2205
7.82,0.5182879,2205
7.7,2.9661825,2205
7.42,0.104711406,2205
7.32,-0.22248845,2205
6.67,-2.4201608,2205
6.58,0.7773726,2205
6.14,0.14468907,2205
6.05,1.5029937,2205
7.64,0.93935966,6150
7.43,-1.2735468,6150
7.37,0.5977658,6150
6.85,-5.245162,6150
6.58,1.4590752,6150
6.21,-3.3478968,6150
8.03,2.522228,4882
6.35,1.2010303,4333
5.75,0.43179536,10829
8.36,-0.77476513,14586
9.22,-4.4379926,7787
9.17,-2.9479053,7787
9.09,0.5878836,7787
9.03,2.2645972,7787
8.89,2.2876513,7787
8.82,-5.24166,7787
8.8,0.7758738,7787
8.77,-1.0518465,7787
8.7,0.5751413,7787
8.7,4.4713187,7787
8.62,4.439109,7787
8.6,-0.45308992,7787
8.59,-3.7099774,7787
8.54,-1.0097579,7787
8.54,0.48234326,7787
8.41,2.9758646,7787
8.36,0.5269098,7787
8.35,2.217126,7787
8.33,-1.0183508,7787
8.11,1.9607264,7787
8.1,-6.3155656,7787
8.1,-2.6188755,7787
8.09,-4.1117063,7787
8.03,-1.3070557,7787
8.03,-0.06439265,7787
7.89,1.0955828,7787
7.75,-2.361673,7787
7.55,-4.794034,7787
7.48,5.8955035,7787
7.44,0.59401345,7787
7.3,-1.032569,7787
7.22,1.0705588,7787
7.1,-4.9332027,7787
6.52,-6.2009273,7787
7.54,2.1424987,7915
7.07,-3.0329971,7915
6.54,-2.0725958,7915
6.49,-2.620753,7915
5.49,-4.950625,13039
8.52,1.5075853,1134
8.4,-4.3997326,1134
8.15,-2.968766,1134
5.82,-0.93665814,1134
5.38,-2.0278966,405
6.23,-0.07579261,10768
6.57,1.3385572,11418
5.18,-2.5920937,11418
5.06,-1.4671749,11418
8.92,4.200061,14845
8.31,3.6222382,14845
8.24,4.515507,14845
8.22,1.2246004,14845
8.2,2.8655467,14845
8.16,6.1326265,14845
7.96,0.7035283,14845
7.96,0.7035283,14845
7.82,1.4344167,14845
7.82,-0.34102294,14845
7.68,-0.8516774,14845
7.64,1.5547272,14845
7.62,1.2246004,14845
7.55,2.3340046,14845
7.54,-0.4358296,14845
7.48,4.728217,14845
7.4,1.8149351,14845
7.4,2.0350556,14845
7.34,5.775737,14845
7.2,2.4787169,14845
7.15,2.1915717,14845
7.14,4.087052,14845
7.02,-3.0273268,14845
6.78,1.247165,14845
6.77,3.2729719,14845
6.66,-0.50394356,14845
6.53,-0.4779176,14845
6.5,-0.07301179,14845
6.41,1.2596334,14845
6.32,-3.0273268,14845
6.3,-0.07301179,14845
6.27,2.8655467,14845
7.52,-5.1196766,5005
6.72,-5.533728,5005
6.37,-3.6372008,5005
6.15,-5.444258,5005
6.13,-3.9533124,5005
6.13,-4.206581,5005
5.95,-4.6667514,5005
5.76,-4.29976,5005
4.5,-0.22626501,5005
5.5,-2.7671502,7059
6.75,-0.25386062,10226
6.62,-0.25827053,10226
6.57,-2.801834,10226
6.55,-2.8881688,10226
6.35,-0.17178458,10226
6.34,-2.264865,10226
6.34,-1.2640927,10226
6.31,-2.602478,10226
6.29,-1.5208824,10226
6.25,-2.4394557,10226
6.15,-3.0287545,10226
5.91,-1.7297735,10226
5.74,-1.1339589,10226
5.6,-0.035437606,10226
5.56,-0.2395339,10226
5.53,-1.088342,10226
5.47,-4.6295457,10226
5.45,-1.5729216,10226
5.44,-1.3135928,10226
5.43,-1.959266,10226
5.42,-0.46955585,10226
5.4,-1.3762987,10226
5.4,-1.7138814,10226
5.38,-2.8132732,10226
5.38,-1.1952553,10226
5.38,-2.1554506,10226
5.37,-1.6192192,10226
5.36,-3.317117,10226
5.36,-4.0314946,10226
5.34,-2.073721,10226
5.33,-4.0987763,10226
6.62,-0.82500505,10220
7.8,0.771181,5900
7.72,2.6688535,5900
7.66,1.3345363,5900
7.4,-0.038963623,5900
7.32,3.3730102,5900
7.12,-0.59966815,5900
6.6,-1.0536578,5900
6.48,-0.7806668,5900
6.27,-1.7909083,5900
5.22,1.2412884,5900
7.98,-4.8892303,13116
7.96,-7.4005246,13116
7.8,-5.9075084,13116
6.6,-3.6410418,13116
8.17,-2.4992297,3232
8.01,2.6718767,3232
7.96,-0.83798313,3232
7.96,-0.9986861,3232
7.82,-0.8752458,3232
7.75,2.5110102,3232
7.51,1.4013557,3232
7.33,-1.6632208,3232
7.28,0.019486329,3232
7.25,-1.6026183,3232
10.03,5.109536,8698
6.92,-1.0010294,8698
6.62,-2.4868255,15138
8.01,-6.445562,10906
7.68,-5.1897206,10906
7.56,-7.5513754,10906
7.4,-3.1894956,10906
7.36,-3.2783072,10906
7.27,-3.4150028,10906
7.15,-3.4188147,10906
5.96,-0.100269474,17398
5.58,-1.9890184,17398
6.7,-0.9668648,9270
6.22,-0.72068226,9270
6.05,-3.5169683,9270
5.7,-4.8211884,9270
7.47,3.0809522,2020
6.0,-2.1656566,14721
7.44,0.71945083,5667
7.73,0.17606944,4234
6.96,0.59348667,16321
9.22,-0.719445,3993
8.96,1.6313376,3993
8.89,-0.7163588,3993
8.85,0.7004757,3993
8.59,0.20021187,3993
8.48,-0.74401283,3993
8.47,0.14653838,3993
8.46,1.7556827,3993
8.41,1.1713432,3993
8.12,0.1802656,3993
8.09,0.50982213,3993
8.08,0.78173006,3993
7.99,-2.3947384,3993
6.68,-1.7048476,13404
9.4,-3.4753335,7224
9.22,-3.4031422,7224
8.96,-4.0723987,7224
8.82,-1.4027519,7224
8.7,2.3925576,7224
8.7,-1.2331978,7224
8.57,0.008739099,7224
8.41,-1.9799634,7224
8.4,-2.4063141,7224
8.4,-0.04423763,7224
8.34,-1.6934211,7224
8.28,-3.479746,7224
8.15,-3.645526,7224
7.96,-3.492519,7224
7.89,-4.1311126,7224
7.85,-3.7387714,7224
7.66,-1.5571951,7224
7.66,-1.3200046,7224
7.62,-4.3658495,7224
7.62,-1.1048343,7224
7.57,-2.4248295,7224
7.55,-4.109128,7224
7.54,-1.6833994,7224
7.36,-3.2798183,7224
7.25,-3.27351,7224
7.13,-6.8346696,7224
7.03,-6.6364856,7224
7.22,-4.6296973,291
9.3,3.5705602,4259
7.8,-0.10682784,4259
6.21,-0.53974295,17195
7.68,-0.056365944,2042
7.66,0.18565649,2042
7.19,-0.4974328,2042
7.12,-3.3442907,12178
7.74,0.4000541,3252
7.8,1.960779,15
7.77,-0.44021133,15
7.7,-2.335288,15
7.68,1.4339676,15
7.58,-1.4003233,15
7.31,-2.9068797,15
7.3,-2.8687308,15
7.29,0.3240881,15
7.13,-2.358352,15
7.1,-4.7064238,15
7.09,-0.18587074,15
7.05,-0.73442686,15
7.03,-3.9704826,15
6.91,-0.34313154,15
6.86,-1.0655644,15
6.82,-0.6109458,15
6.81,-0.0290398,15
6.64,-2.263316,15
6.6,-3.8828552,15
6.54,-2.1206136,15
6.45,-2.079629,15
6.44,-1.5683858,15
6.26,-3.139575,15
6.22,-0.5617776,15
6.21,-4.0986958,15
6.14,-4.2285194,15
6.11,-0.5778892,15
5.98,-3.7125053,15
5.79,-1.6657867,15
5.24,-4.7430596,15
5.12,-0.68049455,15
4.95,-1.5633003,15
4.82,-1.0519156,15
7.47,1.6790712,14044
6.79,-1.0032613,14044
6.16,1.2554289,17903
5.05,-2.7971082,15325
4.54,-2.6317036,15325
4.25,-1.5343442,15325
6.22,-3.013845,10323
6.05,-3.369549,10323
4.68,-5.6067758,10323
4.66,-5.6049047,10323
7.28,-0.31634632,10223
6.29,-3.1202698,6318
9.0,0.72136545,251
8.52,-1.3457351,251
7.96,-6.3606467,251
7.89,-6.502773,251
7.82,-0.9541905,251
7.68,1.4074281,251
7.33,-2.8583457,251
6.79,-2.6399713,251
6.0,-5.2030325,251
5.1,2.7934463,251
5.0,0.9410571,251
4.8,-1.6698512,251
4.8,0.62464106,251
4.7,0.61636007,251
8.4,-0.24591833,6762
7.7,-2.7121227,4898
6.77,-1.6319242,2131
6.66,-5.915339,2131
6.54,-0.90830874,2131
6.47,-0.67978203,2131
6.41,-4.7555966,2131
6.37,1.0061173,2131
6.27,0.026220866,2131
6.17,1.7110765,2131
6.07,-0.39100766,2131
5.93,-1.3440365,2131
5.79,-2.6322203,2131
5.77,-0.14649142,2131
5.3,-1.4774071,2131
5.51,0.60938907,5677
5.19,-1.5216806,5677
5.13,0.6750233,5677
5.12,-0.9257877,5677
5.09,-0.6574397,5677
5.01,-1.4000874,5677
4.88,-1.7403462,5677
4.5,3.7331378,5677
6.28,0.19114508,343
9.0,1.2884692,7872
9.0,3.781221,7872
8.7,1.9320326,7872
8.7,2.724112,7872
8.52,2.4325488,7872
8.52,2.1129827,7872
8.4,-1.2954853,7872
8.4,-1.2053542,7872
8.4,2.2978456,7872
8.4,-3.5454667,7872
8.3,0.6124705,7872
8.3,1.8312377,7872
8.3,-0.06700812,7872
8.3,3.6362584,7872
8.22,3.4592445,7872
8.22,-0.19543134,7872
8.22,-1.4056696,7872
8.22,5.779856,7872
8.22,-3.769199,7872
8.22,-1.0754745,7872
8.15,2.306555,7872
8.15,1.6361067,7872
8.15,3.541059,7872
8.15,3.4996645,7872
8.15,2.652328,7872
8.15,2.9674346,7872
8.15,4.0224524,7872
8.15,-2.3667276,7872
8.15,2.306353,7872
8.15,-3.9442399,7872
8.1,-2.710316,7872
8.1,-1.2572887,7872
8.1,5.3980455,7872
8.1,0.065185286,7872
8.1,0.03672704,7872
8.1,4.7863812,7872
8.1,4.6561775,7872
8.1,-1.0815558,7872
8.1,5.5568204,7872
8.1,3.2323818,7872
8.1,3.7471445,7872
8.1,2.6173933,7872
8.05,1.2021973,7872
8.05,-3.3911078,7872
8.05,4.022453,7872
8.05,0.074538626,7872
8.05,1.9879067,7872
8.05,1.816609,7872
8.05,2.359863,7872
8.05,4.5350366,7872
8.05,-2.1356704,7872
8.0,-2.1113622,7872
8.0,-0.8430071,7872
8.0,3.0419445,7872
8.0,0.7297733,7872
8.0,-2.4113104,7872
8.0,4.7114234,7872
8.0,5.5849047,7872
8.0,-2.5770283,7872
8.0,-5.4957056,7872
8.0,-0.03305417,7872
8.0,-0.5970677,7872
8.0,1.8390218,7872
7.96,2.8414392,7872
7.96,-2.6807096,7872
7.96,-0.049136408,7872
7.96,4.2479854,7872
7.96,3.329071,7872
7.96,6.1383734,7872
7.96,-0.76922596,7872
7.96,-3.7120144,7872
7.96,0.2659204,7872
7.96,-2.6662583,7872
7.96,-1.1755768,7872
7.96,-2.080654,7872
7.96,-1.8213103,7872
7.92,1.9199928,7872
7.92,3.3399217,7872
7.92,6.42,7872
7.92,1.7317266,7872
7.92,-1.7220699,7872
7.92,4.39826,7872
7.89,-3.715108,7872
7.89,-5.6297665,7872
7.89,4.802439,7872
7.89,1.181518,7872
7.85,5.3921804,7872
7.85,4.950383,7872
7.85,-1.5034219,7872
7.85,1.505841,7872
7.85,-0.07760972,7872
7.82,4.016119,7872
7.82,1.51646,7872
7.82,4.022453,7872
7.8,0.50366867,7872
7.8,1.9815404,7872
7.8,1.7695805,7872
7.8,-2.025008,7872
7.8,-3.4378464,7872
7.8,1.864817,7872
7.77,-5.695636,7872
7.75,-1.410986,7872
7.75,-2.0444162,7872
7.75,2.108085,7872
7.75,5.6316266,7872
7.75,-0.19563878,7872
7.75,3.412833,7872
7.72,0.69262147,7872
7.72,5.560023,7872
7.7,3.326877,7872
7.68,4.5669575,7872
7.68,-0.53884125,7872
7.66,3.3977504,7872
7.66,5.0238028,7872
7.62,4.2351055,7872
7.62,3.7617822,7872
7.58,3.2786658,7872
7.55,5.6198974,7872
7.54,5.8143597,7872
7.54,3.299868,7872
7.52,2.6729856,7872
7.51,0.2873184,7872
7.51,-5.4640293,7872
7.47,3.0525675,7872
7.44,0.82517946,7872
7.42,-3.068339,7872
7.39,2.860274,7872
7.36,0.5687735,7872
7.36,3.020109,7872
7.35,0.7489475,7872
7.35,-0.50827885,7872
7.3,-2.9405205,7872
7.29,-0.90458274,7872
7.21,1.070259,7872
7.16,1.8974885,7872
7.01,5.4216228,7872
6.85,-2.5347657,7872
7.85,-2.9684794,3195
7.11,1.3663925,3195
6.85,1.9208407,3195
6.6,-1.2348944,3195
6.52,-3.1537964,3195
6.35,0.21806794,3195
5.61,-0.1292337,3195
5.0,-2.518606,3195
5.7,-6.0317864,15352
5.7,-7.6470532,15352
5.52,-4.4915833,15352
5.4,-5.0745363,15352
5.4,-2.8609326,15352
5.4,-4.6227527,15352
5.3,-6.399747,15352
5.22,-3.3527806,15352
5.22,-4.053168,15352
5.22,-5.4762154,15352
5.1,-0.6243558,15352
5.0,-2.0987911,15352
5.0,-5.310795,15352
5.0,-6.313703,15352
5.0,-7.412933,15352
5.0,-4.107956,15352
4.46,-4.7261534,15352
4.19,-6.3077955,15352
4.12,-3.4481912,15352
4.0,-5.8301196,15352
7.54,-0.40207568,9729
6.52,0.20493063,6387
5.61,-3.0874577,15631
5.43,-0.96778643,15631
4.66,-3.2532687,15631
4.54,0.262174,15631
4.4,-2.5481963,15631
4.36,-5.2784147,15631
4.35,-2.4415312,15631
4.17,-8.149894,15631
4.11,-3.1122193,15631
4.1,-6.781979,15631
8.0,1.6353097,6675
6.96,-1.9719783,3635
5.62,-3.5323765,3635
5.35,-4.478729,3635
4.52,-5.000014,3635
4.66,1.0876281,1986
6.2,-0.28033528,12447
6.06,-1.9270597,12447
6.06,-1.4270487,12447
4.95,-3.2899837,12447
9.06,1.3952026,695
8.89,-0.34880885,695
8.74,1.329679,695
8.66,1.1569791,695
8.55,0.36967176,695
8.46,-0.34880885,695
8.44,0.90916514,695
8.44,-0.116021425,695
8.4,1.3244305,695
8.31,1.3460368,695
8.28,0.65965116,695
8.24,2.7416766,695
8.22,-0.35442433,695
8.19,-0.87590003,695
8.17,1.329679,695
8.13,1.23395,695
8.05,0.49984553,695
8.03,1.24858,695
8.0,1.3265252,695
7.96,-0.47825164,695
7.96,1.4394879,695
7.92,3.3372207,695
7.92,2.3839545,695
7.8,0.08596071,695
7.8,-0.5024048,695
7.77,-0.077418186,695
7.72,1.0149237,695
7.72,-0.12093836,695
7.66,0.032563593,695
7.66,-0.86285686,695
7.64,-0.95122576,695
7.62,1.23395,695
7.51,-0.11019036,695
7.51,0.63261986,695
7.47,-0.68627536,695
7.46,1.0610875,695
7.42,1.4229436,695
7.41,0.33016706,695
7.38,0.33719486,695
7.34,0.6214044,695
7.3,-0.15608741,695
7.29,-0.7110343,695
7.29,-0.7907094,695
7.24,0.88551545,695
7.17,1.6409397,695
7.15,-1.8973563,695
6.92,-1.8973562,695
6.85,-1.4234675,695
6.72,0.2794046,695
7.47,0.9403664,7152
7.04,-2.4857893,13874
8.52,0.24667147,10755
8.24,-1.4520726,10755
7.56,-0.71833,10755
7.56,3.151084,10755
7.43,2.4156315,10755
7.41,-3.017511,10755
7.25,1.4179591,10755
7.19,2.7877395,10755
7.09,3.256181,10755
7.05,2.6183267,10755
6.64,0.2978089,10755
6.05,-6.9637856,14234
8.72,1.9561683,11806
8.15,0.5736933,11806
8.1,-0.17895684,11806
8.0,0.84845245,11806
4.09,-3.1894891,8798
9.0,1.9074063,9267
9.0,-0.4444808,9267
8.7,1.1966043,9267
8.52,1.9232217,9267
8.52,0.5626204,9267
8.4,0.5849477,9267
8.4,1.157664,9267
8.4,2.281339,9267
8.4,-2.1476305,9267
8.3,0.7056819,9267
8.3,0.98772025,9267
8.22,-0.30336663,9267
8.0,0.046186745,9267
8.0,-1.2964814,9267
8.0,1.3729578,9267
7.75,-0.95350623,9267
7.72,0.14044306,9267
7.58,-1.5233313,9267
7.54,-1.3598708,9267
7.33,0.09236206,9267
7.3,0.59187245,9267
7.28,2.1240022,9267
7.16,-0.6467415,9267
7.15,2.5288603,9267
6.68,-1.0936509,9267
6.55,-2.372737,9267
6.23,-4.0333886,9267
6.2,-0.6460998,9267
6.1,-1.6106665,9267
5.94,-1.3963569,9267
5.92,-2.3086884,9267
5.76,0.27749866,9267
5.38,0.8915473,9267
5.01,-3.1882634,9267
8.14,-0.17661822,8267
7.52,0.448143,8267
7.47,0.542668,8267
6.74,-0.7429553,8267
6.69,0.41119307,8267
6.51,-2.2477808,8267
6.5,-2.2916846,8267
6.5,-1.2519019,8267
6.5,-1.4149147,8267
6.25,-1.8383385,8267
5.93,0.32264757,8437
4.72,-2.6417499,6894
4.43,-1.3471581,6894
4.42,-3.6169806,6894
4.36,-3.0937312,6894
4.27,-4.6402564,6894
4.26,-2.1399062,6894
4.21,-4.5889664,6894
4.19,-3.9120307,6894
5.17,-2.524641,3410
8.8,-2.73418,15121
8.64,4.215419,15121
8.21,2.622044,15121
8.17,-2.7341795,15121
8.16,3.990206,15121
8.15,2.385693,15121
7.8,1.8325083,15121
7.75,-2.0189648,15121
7.7,2.1958659,15121
7.66,-2.8453035,15121
7.62,-0.07517618,15121
7.48,1.3172705,15121
7.44,-1.6776903,15121
7.38,1.0577285,15121
7.38,-0.5909951,15121
7.12,-1.5051273,15121
7.0,-1.958111,15121
6.87,1.4935615,15121
6.66,-1.6660957,15058
9.1,2.7758913,6313
9.05,1.4272932,6313
8.4,0.96033204,6313
8.3,2.833771,6313
8.3,1.0120353,6313
8.3,0.6950934,6313
8.22,4.1308026,6313
8.22,1.9811174,6313
8.22,3.6958547,6313
8.15,0.57925,6313
8.15,1.5516474,6313
8.15,1.99472,6313
8.15,-0.37586656,6313
8.15,-0.21556295,6313
8.15,1.0113288,6313
8.15,1.431871,6313
8.1,0.6197332,6313
8.1,2.4869995,6313
8.05,2.4110181,6313
8.05,1.5038972,6313
8.0,1.2498974,6313
8.0,3.0047789,6313
7.96,1.835222,6313
7.92,1.3714185,6313
7.92,2.743995,6313
7.89,2.9124553,6313
7.8,1.4161634,6313
7.8,1.2027708,6313
7.77,2.480465,6313
7.66,2.4492803,6313
7.46,0.48722342,6313
7.46,0.55070543,6313
7.44,-0.10444022,6313
6.79,-0.9626584,6313
9.22,2.0404305,9338
8.74,1.0676863,9338
8.52,-3.8536222,6131
7.89,-0.44542658,6131
7.82,-4.234661,6131
7.8,-3.3107922,6131
7.62,-3.9773989,6131
7.54,-0.4337972,6131
7.46,-2.357878,6131
7.29,-4.113481,6131
6.93,-4.6077843,6131
10.15,0.07986598,7598
10.15,0.78752244,7598
10.1,-0.3480661,7598
10.05,-1.4341652,7598
9.96,-0.45674762,7598
9.92,5.3711915,7598
9.92,-1.3497533,7598
9.92,-1.1477867,7598
9.89,-0.77594507,7598
9.82,-2.7174582,7598
9.82,1.3443137,7598
9.8,-0.92855453,7598
9.77,-3.3177824,7598
9.74,4.7038527,7598
9.72,0.45908117,7598
9.72,4.592359,7598
9.64,3.923402,7598
9.51,1.2411568,7598
9.41,5.571169,7598
9.37,-0.49524084,7598
9.35,4.2963977,7598
9.33,4.306868,7598
9.31,1.4187204,7598
9.09,-0.1181552,7598
9.06,1.2800391,7598
9.0,1.0202221,7598
8.89,1.686776,7598
8.85,2.5991094,7598
8.8,2.237271,7598
8.74,2.0622098,7598
8.7,2.1527307,7598
8.62,0.35441968,7598
8.6,1.2361232,7598
8.55,2.8644364,7598
8.46,-1.181064,7598
8.39,0.96849203,7598
6.7,2.1774476,9838
7.06,-3.2983847,12444
6.93,-4.354638,12444
6.38,-1.6811498,12444
6.38,-1.4524981,12444
6.25,-3.7024438,12444
5.97,2.583729,12444
5.69,-2.0264878,12444
5.68,-3.9467385,12444
5.57,-1.6366554,12444
5.53,-3.8204195,12444
5.39,1.0139467,12444
5.25,-2.143893,12444
5.22,-6.2903557,12444
5.01,-2.8706565,12444
4.92,0.09586163,12444
4.85,-1.7867882,12444
4.57,-4.5624423,12444
4.6,0.03239333,1946
5.3,-0.8238491,2105
8.52,2.7035425,2609
5.82,-4.9432316,2609
5.19,1.1730559,2609
5.05,-9.970931,2609
4.89,-3.932465,2609
4.68,-3.1838706,2609
4.66,-1.5942883,2609
4.63,-2.8080716,2609
4.61,-6.134274,2609
4.51,-5.0905237,2609
4.51,-4.755648,2609
4.39,-3.4947808,2609
4.25,-5.0790167,2609
4.19,-1.1617905,2609
4.18,-6.187266,2609
4.18,0.06689707,2609
6.1,-5.054619,15703
5.96,-4.867697,15703
5.75,-4.0937333,15703
5.47,-2.922037,15703
5.31,-0.058829308,15703
5.26,-3.0312932,15703
5.26,-0.960364,15703
5.21,-3.8649602,15703
5.17,-4.882436,15703
5.14,-2.3258283,15703
5.03,-6.5435915,15703
5.48,-0.07113524,17661
6.89,1.0055898,16062
6.79,-1.3859658,16062
6.62,-2.0083883,16062
6.61,0.70583165,16062
6.44,-1.2778462,16062
6.4,-1.9827809,16062
6.39,-3.5919135,16062
6.37,-3.3268626,16062
6.37,-4.1117053,16062
6.3,-1.151305,16062
6.25,-1.598484,16062
6.24,-0.9369248,16062
6.22,-2.8871412,16062
6.21,-1.0988461,16062
6.17,-2.724313,16062
6.05,-1.9135845,16062
6.01,1.3989052,16062
5.99,0.047046512,16062
5.91,-3.4261327,16062
5.82,0.9362587,16062
5.75,0.5683181,16062
5.74,-0.48817518,16062
5.72,-0.9333303,16062
5.65,1.011583,16062
4.96,-5.217315,16062
4.63,-2.27179,16062
4.8,-3.7074876,7327
7.4,2.2838113,12952
7.1,-1.3110242,12952
7.1,-0.43857014,12952
7.0,0.4929223,12952
6.2,-4.0630336,12952
6.1,-2.057502,12952
6.0,-2.4089704,12952
5.9,-2.4313126,12952
5.9,-2.3004212,12952
5.8,-2.6218624,12952
5.8,-1.5797997,12952
5.5,-3.6876185,12952
5.5,-2.6326547,12952
5.4,-3.4594915,12952
5.4,-1.7618085,12952
5.3,-0.973223,12952
5.2,-3.605594,12952
4.7,-5.0664105,12952
4.5,-3.604193,12952
4.2,-0.668123,12952
7.0,0.47146392,7592
6.47,-6.686448,2727
7.77,-0.67555475,14210
7.5,-0.777053,14210
7.0,6.2201266,14210
6.7,-0.58432436,14210
8.34,-0.6833515,8780
8.22,1.9641937,8780
8.19,0.4592029,8780
7.99,0.46793485,8780
7.75,4.0818973,8780
6.42,-3.360276,4857
6.33,-2.945249,4857
5.93,0.4597083,4857
5.79,-4.119696,4857
4.8,-4.1238546,13453
8.52,-0.116999716,10942
7.89,-2.460487,10942
7.85,-2.1943948,10942
7.82,1.8249938,10942
7.82,0.5519161,10942
7.8,0.52093244,10942
7.75,0.6373726,10942
7.75,0.13490477,10942
7.75,-1.1618025,10942
7.72,-1.5029583,10942
7.72,1.9025632,10942
7.7,1.1254327,10942
7.7,-1.825281,10942
7.7,-0.99721587,10942
7.68,1.1441576,10942
7.66,-2.9002411,10942
7.64,-0.21342485,10942
7.62,0.09868233,10942
7.57,-2.9641597,10942
7.57,-0.1981146,10942
7.57,-1.6800772,10942
7.55,-1.9063084,10942
7.54,-1.7874709,10942
7.54,-0.8845006,10942
7.44,-2.1272237,10942
7.42,0.63737273,10942
7.4,-1.03487,10942
7.39,-1.6938019,10942
7.39,-0.96834993,10942
7.38,-1.9840391,10942
7.36,-0.73874974,10942
7.35,-2.7594697,10942
7.29,-2.6738532,10942
7.26,-3.7236903,10942
7.21,-4.567921,10942
7.06,-5.0121703,10942
6.74,-0.46803302,10942
6.65,-2.6272314,10942
5.79,-3.0188267,10942
9.52,4.1473184,10443
6.57,0.64103997,10443
7.0,-0.92100406,16863
8.7,2.2219164,5055
8.52,2.4620273,5055
8.4,-0.3980179,5055
7.42,4.411036,5055
7.4,-1.9531369,5055
7.3,3.4136815,5055
7.22,1.4880799,5055
6.72,2.1148462,5055
6.7,1.6372744,5055
6.55,0.5566268,5055
6.4,2.3803563,5055
5.8,-0.98232067,5055
5.8,-1.1049665,5055
5.43,-0.07452005,5055
8.7,0.0013686437,9556
8.08,-0.34555352,9556
7.84,2.8935838,9556
7.84,1.2162528,9556
7.81,-0.8769158,9556
7.78,-1.7678345,9556
7.76,1.4739248,9556
7.58,1.7403095,9556
7.56,-0.066434786,9556
7.54,-0.796491,9556
7.5,2.5501065,9556
7.19,1.0390393,9556
7.1,-5.7934623,9556
7.09,0.71688914,9556
6.96,1.0365219,9556
6.82,1.3782076,9556
6.72,0.91285753,9556
6.7,0.48768428,9556
6.36,2.5872867,9556
9.47,4.3952217,8850
9.38,-1.0451343,8850
9.04,-0.86342275,8850
8.98,1.5238826,8850
8.93,2.523448,8850
8.04,0.2925219,8850
7.62,-2.4371884,8850
7.31,-0.5022913,8850
7.23,0.5262884,8850
7.11,1.8333936,8850
7.07,1.47363,8850
6.88,-2.4895518,1406
7.42,1.4362307,5717
8.4,2.7603393,3902
8.0,-2.361648,10122
7.66,0.82526326,7886
7.54,-0.98370385,7886
7.21,-4.8167105,7886
7.19,-1.1321511,7886
7.0,-3.691601,7886
6.96,-0.26397476,7886
6.96,-2.5288045,7886
5.8,-2.7637703,7886
8.52,2.168555,2148
8.52,1.2394283,2148
8.4,-0.4432056,2148
8.3,0.4849288,2148
8.22,-2.1872988,2148
8.15,-1.2333612,2148
8.1,0.51420164,2148
8.0,-0.2340993,2148
8.0,0.75215733,2148
7.96,-0.9778576,2148
7.96,1.764865,2148
7.92,-1.8537467,2148
7.92,-0.35884976,2148
7.85,-1.3739711,2148
7.85,-0.7963859,2148
7.82,0.38610646,2148
7.75,-1.8996881,2148
7.72,0.13694522,2148
7.72,1.1041834,2148
7.57,-2.9634821,2148
7.46,-1.1334503,2148
7.44,-0.29142734,2148
7.4,-1.476141,2148
7.36,3.3566558,2148
7.35,3.0617023,2148
7.29,-0.3347159,2148
7.28,0.0913156,2148
7.26,1.9551042,2148
7.26,0.50652266,2148
7.23,-1.2467437,2148
7.06,4.1714454,2148
6.85,1.4570426,2148
6.64,-0.17635337,2148
6.62,-0.5856508,2148
5.89,-1.2011251,9839
5.8,-0.96195805,9839
5.66,-1.4014295,9839
8.22,1.6439766,16317
8.22,-5.043103,16317
8.1,-1.7640321,16317
8.0,-1.0714366,16317
7.92,-3.6298559,16317
7.89,-3.9459875,16317
7.89,-1.6729352,16317
7.85,-4.273297,16317
7.48,-1.947505,16317
7.4,-0.099001095,16317
6.47,-3.3772929,16317
6.05,-2.891523,16317
5.8,-3.9693322,16317
8.05,-2.6796656,11534
7.77,0.2881187,11534
7.03,-1.1830262,11534
8.22,0.07544534,11104
8.12,1.4540632,11104
8.1,0.9938687,11104
8.0,-0.6609578,11104
7.8,1.0597619,11104
7.75,-2.4767647,11104
7.7,-3.2175791,11104
7.48,-1.5798987,11104
7.43,0.9998641,11104
7.42,-2.4008675,11104
7.28,-0.5074942,11104
7.03,1.0664213,11104
6.75,0.14923507,11104
6.7,1.7412275,11104
6.69,1.1316022,11104
6.68,-3.9072464,11104
6.66,-0.21617132,11104
6.44,0.044529818,11104
6.41,-2.210063,11104
6.4,-1.6030473,11104
6.23,1.2760671,11104
6.05,-3.909073,11104
6.04,-0.97878814,11104
6.0,-3.8259277,11104
9.51,1.6292659,13843
8.47,0.8499994,13843
8.42,-1.4452033,13843
8.07,2.825075,13843
8.0,0.1614563,13843
7.32,2.3506768,13843
7.5,1.6589459,1067
7.01,-1.3031708,1067
6.89,0.021032164,1067
6.86,1.2840967,1067
6.78,1.9090455,1067
6.75,2.107557,1067
6.56,0.32206818,1067
6.52,-0.3291558,1067
6.34,1.0265573,1067
6.31,0.7017969,1067
6.28,-0.5338627,1067
7.61,-1.4975607,1930
6.7,0.6166558,6052
6.16,-0.53832245,6917
4.74,-4.9091225,4645
4.65,-3.05063,4645
8.59,5.7377577,5713
8.44,2.4810631,5713
8.36,2.454966,5713
8.14,-0.092640236,5713
7.77,0.08993749,5713
7.77,2.4549665,5713
7.64,-0.70088124,5713
7.64,1.1033958,5713
7.64,0.6371137,5713
7.37,-0.33132866,5713
7.09,-2.522805,5713
7.07,-0.4473634,5713
7.06,-3.95567,5713
7.01,-0.90426075,5713
6.85,-1.1373594,5713
6.3,-1.7464355,5713
6.07,-2.5228043,5713
5.89,-2.4376204,5713
5.75,-5.0268426,5713
9.7,2.730157,215
9.52,-0.12003125,215
9.52,3.9708066,215
9.3,-0.43318573,215
9.3,1.8511883,215
9.15,5.1821394,215
9.15,3.403408,215
9.1,2.9724488,215
9.1,2.2893877,215
9.1,1.9014641,215
9.05,2.9541395,215
8.89,2.1543665,215
8.8,1.409298,215
8.7,2.2126186,215
8.3,4.3938656,215
8.22,-1.5789531,215
8.1,-2.2200778,215
8.0,-1.9719658,215
7.89,0.28020167,215
7.6,-3.1498725,215
7.5,-3.6604116,215
7.1,-0.40080193,215
6.6,-3.1246781,215
6.4,7.355963,215
8.82,-0.48468515,12671
8.8,-1.2123262,12671
8.7,-1.2873206,12671
8.51,0.36816075,12671
8.46,-0.5285977,12671
8.43,-1.6057783,12671
8.24,-1.5892683,12671
8.12,1.239017,12671
8.06,-0.25823107,12671
7.98,-1.1915027,12671
7.98,-0.83155155,12671
7.98,-1.8685066,12671
7.97,-1.1759143,12671
7.92,-1.0000424,12671
7.88,0.70495605,12671
7.75,-1.2123263,12671
7.68,0.75348735,12671
7.63,-0.84396064,12671
7.62,-0.76431847,12671
7.54,-1.2639022,12671
7.39,-1.0532678,12671
7.31,-1.4722751,12671
7.12,-2.9372091,12671
6.96,-3.1843104,12671
6.72,0.08914448,12671
6.6,-2.6553261,12671
7.0,-6.5852427,16025
6.41,-4.0981035,16025
5.42,-2.6846955,16025
5.3,-1.0876867,16025
4.47,-4.937792,16025
5.05,-2.19464,8677
6.93,-4.110933,8793
6.62,-1.3692782,8793
6.11,-1.0395454,8793
5.7,-1.2107824,8793
8.4,0.033761267,14353
8.4,1.1733813,14353
8.3,2.2608309,14353
8.3,0.44910797,14353
8.3,0.90283763,14353
8.3,3.5204794,14353
8.3,1.2423279,14353
8.22,1.1605713,14353
8.1,2.1977732,14353
8.1,1.7050493,14353
8.1,3.9520345,14353
8.0,1.4685259,14353
8.0,-5.4451017,14353
7.96,-1.284209,14353
7.92,-0.46742922,14353
7.54,-4.9599867,14353
7.28,-1.3045158,14353
7.17,-1.448071,14353
6.74,-3.3671677,14353
6.43,-2.3904154,14353
6.16,-2.2822716,14353
5.92,-2.9991758,14353
5.62,1.1829568,14353
5.39,-2.6397612,14353
5.28,-0.8060572,14353
5.08,-4.343496,14353
7.4,0.7772374,8845
6.99,1.0789716,8845
6.81,-1.550981,8845
5.24,-0.41577414,17604
5.0,0.78946996,17604
4.19,-1.3839978,17604
6.55,0.9679799,4927
8.7,-1.1238271,14509
7.75,0.0023115482,16031
6.88,-4.222391,8339
6.42,-0.9224676,8339
5.82,-3.1146684,8339
5.53,-2.6823971,8339
5.46,-4.4192667,8339
5.3,2.8950276,3935
8.37,-3.4150116,4048
8.33,-5.535564,4048
8.08,-2.8906682,4048
7.7,-3.0191395,4048
7.62,-3.651515,4048
7.14,-2.0173886,4048
6.34,-0.8646059,4048
9.33,-0.38606846,7086
8.97,0.12024462,7086
8.92,2.756781,7086
8.87,2.7567801,7086
8.7,-2.9225194,7086
8.59,1.1676133,7086
8.34,1.9522285,7086
8.26,1.294651,7086
7.59,-0.4806823,7086
7.42,2.2311177,7086
7.12,-3.7908468,7086
8.08,-2.742254,12160
8.03,0.7375691,12160
7.83,-6.4351974,12160
7.78,1.9184566,12160
7.26,-2.8631637,12160
7.01,-5.7283106,12160
6.95,-1.2471389,12160
6.0,-2.5812187,12367
6.64,3.1316886,13339
9.15,0.7311026,13430
9.1,1.140303,13430
9.1,3.291056,13430
8.92,-0.2281529,13430
8.92,1.7318363,13430
8.74,0.6146374,13430
8.66,-0.74643624,13430
8.64,1.1924605,13430
8.57,-1.4423065,13430
8.51,-0.23426712,13430
8.46,-2.165883,13430
8.46,-1.4169275,13430
8.4,-1.1160176,13430
8.4,0.26120642,13430
8.35,-0.5917764,13430
8.32,0.74889946,13430
7.95,-1.0529885,13430
7.84,0.3851047,13430
7.75,-1.4967377,13430
7.6,-1.013496,13430
7.51,-0.75101507,13430
7.41,-0.17401177,13430
7.04,2.8480513,13430
6.03,-5.430956,708
5.94,-0.9154364,708
5.88,-4.414359,708
5.75,-2.7005057,708
5.3,0.8669746,3438
9.36,1.0352093,9358
9.27,2.3177307,9358
9.2,2.822031,9358
9.15,0.7285125,9358
9.14,1.9482552,9358
9.08,0.31629735,9358
9.02,1.5543777,9358
9.02,2.8040612,9358
9.0,1.8124985,9358
9.0,1.7709118,9358
8.96,3.1660998,9358
8.92,2.3793347,9358
8.89,2.793337,9358
8.82,0.059122797,9358
8.43,1.8645253,9358
8.29,1.8126887,9358
7.43,0.4081371,9358
7.75,-0.090895,10628
7.28,-3.0031266,5115
6.9,-0.77042115,5115
6.8,-2.4828515,5115
6.57,-1.2961214,5115
7.57,2.2118738,5546
8.7,-3.0277247,2272
8.52,-3.5666592,2272
8.52,0.41688362,2272
8.52,2.2657146,2272
8.52,-0.13065422,2272
8.3,-3.1191602,2272
8.22,-0.8026043,2272
8.22,1.023952,2272
8.15,0.8499024,2272
8.15,0.1564363,2272
8.15,-0.7472913,2272
8.1,0.05293291,2272
8.1,-0.9344437,2272
8.05,2.2056189,2272
8.0,2.28348,2272
8.0,1.1383718,2272
8.0,-1.5788275,2272
8.0,-0.08941097,2272
8.0,0.05455869,2272
8.0,0.042894475,2272
8.0,-0.26671574,2272
8.0,0.0138123,2272
7.96,0.996464,2272
7.96,-1.4282782,2272
7.92,1.7459787,2272
7.89,0.9434264,2272
7.89,-1.0457828,2272
7.82,1.8558602,2272
7.8,-0.84246135,2272
7.8,1.9800514,2272
7.75,-1.2050656,2272
7.72,-0.3793401,2272
7.64,1.3851278,2272
7.52,2.1265383,2272
7.5,-0.13992691,2272
7.47,0.6428844,2272
7.42,0.76023626,2272
7.29,-2.196111,2272
7.22,1.5229169,2272
7.2,-0.044640817,2272
7.19,0.020754851,2272
7.17,-0.0576884,2272
7.16,1.7793566,2272
7.14,0.43675777,2272
7.12,1.26822,2272
7.03,-0.08779909,2272
7.01,-0.11047667,2272
6.98,1.2413392,2272
6.91,-2.5386858,2272
6.81,0.13537754,2272
6.81,-0.8784845,2272
6.75,0.28527233,2272
6.59,-1.511097,2272
6.5,-1.7371273,2272
6.45,-1.4451821,2272
6.42,-4.2028346,2272
6.41,-0.4424734,2272
6.32,-1.7889552,2272
6.3,0.31621873,2272
6.3,3.2895267,2272
6.1,-0.22045451,2272
5.82,-1.407859,2272
5.58,-1.8919631,2272
8.7,-3.5733306,14278
8.6,-4.3909335,14278
8.5,1.442852,14278
8.4,-2.681483,14278
8.4,-1.9444143,14278
8.3,2.600555,14278
8.3,2.7680275,14278
8.1,1.0729231,14278
8.1,-4.478555,14278
7.9,-2.9000382,14278
7.6,0.81639075,14278
7.5,-3.7661097,14278
7.5,-1.3698398,14278
7.5,-3.142522,14278
7.5,-3.1973822,14278
7.5,-5.5582104,14278
7.42,-4.4472075,14278
7.4,-2.7245932,14278
7.4,-1.4520104,14278
7.3,-3.4111829,14278
7.3,0.26474842,14278
6.0,-0.29863212,14278
6.0,-1.337609,14278
5.7,-3.7798157,14278
4.96,-3.4764128,14278
4.38,-2.058939,14278
5.92,-1.4900453,14753
5.82,-4.0479226,15291
7.39,-2.077251,11010
5.86,0.6103318,11010
5.82,-2.4046004,11010
5.78,-3.105479,11010
6.92,-0.21697696,17581
6.57,-0.21697673,17581
6.43,-0.6812488,17581
6.26,-3.4321184,17581
6.26,-2.5455534,17581
6.17,-0.80099833,17581
6.11,-0.21697685,17581
6.09,-2.6383367,17581
5.82,-0.17343628,17581
5.8,-4.2885413,17581
5.5,-0.21697685,17581
5.39,-0.21697676,17581
6.17,-1.237797,7384
5.19,-1.8889031,7384
8.3,-0.05725923,7815
8.3,0.29408848,7815
7.68,-6.6261253,7815
7.66,-1.7688103,7815
7.58,1.6494863,7815
7.5,-6.4490743,7815
7.47,-0.84263813,7815
7.35,-6.384611,7815
7.34,-1.9615558,7815
7.34,-2.6737895,7815
7.18,-0.14700003,7815
7.18,-0.8754027,7815
7.13,-2.8135595,7815
7.13,-2.8623283,7815
7.1,-4.479722,7815
7.09,-6.140297,7815
7.09,-4.5966496,7815
7.09,-4.0288715,7815
7.07,-2.4807146,7815
7.06,-4.2077303,7815
7.03,-3.4634752,7815
7.0,0.6296804,7815
6.99,-6.363264,7815
6.96,-4.385397,7815
6.96,-3.6293778,7815
6.92,-4.5194807,7815
6.85,-1.4814668,7815
6.83,-3.3061035,7815
6.83,-7.129466,7815
6.83,-4.769137,7815
6.82,-0.51795745,7815
6.81,-2.8415024,7815
6.81,1.6918415,7815
6.8,1.0933903,7815
6.8,1.1956376,7815
6.79,-3.8578434,7815
6.79,-0.3876175,7815
6.79,-2.6918294,7815
6.72,-5.854106,7815
6.72,-4.0726643,7815
6.66,-3.6432652,7815
6.66,-1.7775888,7815
6.64,-3.7480109,7815
6.63,-3.5716078,7815
6.63,2.074068,7815
6.62,-8.678221,7815
6.62,-2.6571407,7815
6.52,-3.0215473,7815
6.52,-4.734968,7815
6.52,-2.0911098,7815
6.46,-1.7195729,7815
6.46,-4.8755145,7815
6.46,-1.2178538,7815
6.42,-4.117457,7815
6.42,-0.2144529,7815
6.42,-3.4174829,7815
6.42,0.85684943,7815
6.41,0.3995813,7815
6.41,-1.3564391,7815
6.41,-2.4211087,7815
6.4,-2.7109692,7815
6.4,-3.6237276,7815
6.4,-4.0328007,7815
6.4,-3.1234405,7815
6.4,-4.8032436,7815
6.39,-5.1706104,7815
6.38,-5.6555095,7815
6.38,-3.0896156,7815
6.38,-5.416654,7815
6.38,-3.5904753,7815
6.37,-0.5236255,7815
6.31,-5.27105,7815
6.3,-5.6883597,7815
6.29,3.0609148,7815
6.29,-6.944855,7815
6.28,-0.31130973,7815
6.27,-4.66509,7815
6.24,-3.8296194,7815
6.23,-1.6557631,7815
6.19,-1.1257945,7815
6.18,-2.847588,7815
6.15,-3.0391836,7815
6.13,-1.6964177,7815
6.13,-7.6033926,7815
6.12,-4.72594,7815
6.12,1.153679,7815
6.12,-3.6847615,7815
6.1,-0.6325501,7815
6.1,-5.773372,7815
6.06,1.3447173,7815
6.04,0.304445,7815
6.03,-3.584514,7815
6.0,-5.128487,7815
6.0,-4.993318,7815
6.0,-2.9985325,7815
6.0,-3.9885008,7815
5.92,-3.161148,7815
5.91,-4.63126,7815
5.88,-1.2823685,7815
5.88,-5.1788197,7815
5.87,-0.5136378,7815
5.86,-7.240524,7815
5.85,-6.294229,7815
5.79,-4.715401,7815
5.76,-6.916577,7815
5.75,-4.688099,7815
5.72,-4.449555,7815
5.71,-2.9594402,7815
5.71,-4.156099,7815
5.7,1.712539,7815
5.65,-4.8557634,7815
5.62,-7.0869975,7815
5.62,-1.1904429,7815
5.55,-4.9515157,7815
5.55,-2.5086935,7815
5.54,-7.018873,7815
5.51,-4.1910777,7815
5.42,3.3453705,7815
5.39,-3.5639713,7815
5.35,0.67090666,7815
5.32,-6.220925,7815
5.25,-0.11408064,7815
5.25,1.6179374,7815
5.2,-4.4333243,7815
5.18,-9.296486,7815
5.13,-5.484151,7815
5.12,-6.9667826,7815
5.09,-3.50461,7815
5.06,-1.1654899,7815
5.05,-6.7870393,7815
4.94,-0.5043254,7815
4.92,3.3407507,7815
4.81,-0.6020199,7815
4.75,-0.27237862,7815
4.7,-6.037996,7815
4.69,-10.873906,7815
4.44,-6.9131007,7815
8.8,-0.012683861,14896
5.0,-0.013904156,3260
4.4,-0.90785086,3260
4.3,0.3595191,3260
7.7,-3.2982504,3707
6.32,-6.467482,3707
6.21,-2.7326694,3707
6.15,-1.6440793,3707
6.0,-2.2409272,3707
5.82,-3.0518885,3707
5.82,-1.1171594,3707
5.75,-0.06481454,3707
7.3,-0.011574244,11788
6.8,-1.3763689,11788
6.6,-2.115693,11788
6.3,-4.7760577,11788
6.1,-4.7602158,11788
6.0,-3.530949,11788
5.9,-3.4171817,11788
5.9,-2.8163035,11788
5.8,-1.8416426,11788
5.8,-6.107848,11788
5.8,-1.2271433,11788
5.7,-4.249637,11788
5.7,-3.810034,11788
5.7,-4.380883,11788
5.6,-2.965512,11788
5.6,-3.984205,11788
5.6,-3.112857,11788
5.5,-3.4807546,11788
5.5,-2.8184817,11788
5.4,-2.9052968,11788
5.4,-6.2478395,11788
5.3,-5.0311327,11788
5.2,-3.949679,11788
5.0,-5.28226,11788
5.0,-6.575077,11788
4.9,-2.1156936,11788
4.8,-4.551274,11788
4.7,-1.8319417,11788
4.6,-4.9767013,11788
4.5,-3.8201144,11788
4.5,-5.938623,11788
9.3,3.0122826,7875
9.3,1.4858408,7875
8.89,2.3796594,7875
8.62,1.7240527,7875
8.25,0.1911282,7875
8.18,-0.4679635,7875
7.67,4.328883,7875
7.31,-4.216344,4946
7.31,-2.9863102,4946
7.26,-1.6350889,4946
7.23,-2.7039957,4946
7.17,-2.9863102,4946
7.0,-4.828297,4946
6.96,-1.6350889,4946
6.89,-2.7845104,4946
6.72,-2.1885328,4946
6.64,-1.0346439,4946
6.5,-2.9863105,4946
6.41,-1.6350888,4946
6.12,-4.216344,4946
6.0,-3.5383172,4946
5.89,-1.3236735,4946
5.48,-1.5979073,4946
5.46,-1.6512827,4946
5.46,-3.2100854,4946
5.35,-1.9964442,4946
5.05,-4.3447886,4946
4.85,0.24280614,4946
4.8,-2.9193969,4946
4.77,-4.6542683,4946
4.75,-3.5953681,4946
4.72,-2.35989,4946
4.7,-4.8875427,4946
4.68,-4.1740804,4946
4.51,-5.562694,4946
4.42,-2.23713,4946
4.34,-1.4829154,4946
4.34,-2.661063,4946
8.3,0.25495982,17269
7.9,-2.6626203,4247
9.3,-1.0414567,10387
9.0,3.4983315,10387
8.8,0.11479229,10387
8.8,1.350788,10387
8.57,1.0053064,10387
8.54,-2.2698936,10387
8.43,1.2230169,10387
8.39,-0.24936911,10387
8.38,0.692062,10387
8.24,-0.3913539,10387
8.19,0.31427377,10387
8.04,-0.54093564,10387
8.02,-0.9061333,10387
7.97,1.5509717,10387
7.92,1.8072199,10387
7.85,0.6279609,10387
7.54,-0.505018,10387
7.45,0.41236332,10387
6.95,1.1449752,10387
8.15,1.8082368,8891
7.96,2.9690742,8891
7.68,3.5333405,8891
7.55,4.0516543,8891
7.13,2.2691894,8891
7.0,2.9552162,8891
5.36,-5.261209,9187
5.3,-4.1229677,9187
5.19,-2.2899868,9187
5.19,-3.9771812,9187
5.09,-3.776883,9187
8.52,-1.8581896,9603
7.96,-0.08850693,9603
7.6,-0.5552615,9603
6.98,-3.2392223,9603
6.89,-3.2036223,9603
6.78,-1.051928,9603
6.75,-0.48157302,9603
6.59,0.18270223,9603
6.22,-1.2544193,9603
6.16,-1.2445217,9603
6.16,0.63107204,9603
9.24,-2.3371499,6362
5.0,-1.3592325,6362
7.82,0.056611933,13208
7.47,1.9174885,13208
7.46,-0.84952784,13208
7.23,0.57045424,13208
7.23,1.3665065,13208
7.2,2.6333365,13208
7.19,1.915134,13208
7.17,-1.6171811,13208
6.96,1.4762412,13208
6.95,2.9097068,13208
6.92,1.4533412,13208
6.92,-3.447411,13208
6.86,-0.50738084,13208
6.84,1.4050125,13208
6.59,0.98980796,13208
6.5,1.3451736,13208
6.28,1.0601063,13208
6.26,2.1312456,13208
5.92,-2.1686602,13208
5.66,0.3614801,13208
6.17,-2.6905322,4909
5.54,0.29311705,9061
5.48,-2.473597,3867
5.4,-4.057606,3867
4.99,-5.188338,3867
8.4,-0.52370787,4136
8.4,0.44421276,4136
8.3,1.0883379,4136
8.22,1.4007355,4136
7.6,1.1452368,4136
7.6,0.19562498,4136
7.47,0.6999277,4136
7.27,-1.0746095,4136
7.14,0.12630355,4136
7.12,-1.39239,4136
6.85,-0.14576082,4136
6.82,-0.99380827,4136
6.52,-0.7038251,4136
7.77,-0.89693844,16005
6.3,-3.318924,16005
5.65,0.1381279,16005
5.62,-1.0561689,16005
5.09,-1.2866532,16005
6.87,1.0083079,5161
8.59,1.3293726,2347
8.0,-2.5179598,1210
8.0,0.67892265,1210
8.0,-1.6870818,1210
7.96,-0.049866594,1210
7.96,-2.015082,1210
7.82,-1.5423946,1210
7.77,1.5494742,1210
7.57,-3.239593,1210
7.48,-1.5029143,1210
7.4,-1.8230646,1210
6.92,-3.999523,1210
6.84,-1.9995122,1210
6.59,-3.3337438,1210
6.56,-3.3070467,1210
6.33,1.0465589,1210
6.3,-1.3334562,1210
5.88,-4.653536,1210
5.81,0.9772682,1210
8.0,-2.1690886,10560
8.0,-3.6496036,10560
8.0,-2.048965,10560
8.0,-4.300723,10560
8.0,-3.006598,10560
8.0,-0.9576112,10560
8.0,-2.8614352,10560
8.0,-1.0804808,10560
8.0,-1.0804815,10560
8.0,-1.1257328,10560
8.0,-2.4846876,10560
8.0,-2.1571362,10560
8.0,-1.9891388,10560
8.0,-2.4638565,10560
8.0,-1.0751613,10560
8.0,-2.0701427,10560
8.0,-3.2090364,10560
8.0,-2.8614352,10560
8.0,-3.353113,10560
8.0,-2.8233614,10560
8.0,-0.3999126,10560
8.0,-1.4758302,10560
8.0,-3.617118,10560
8.0,-0.76353884,10560
8.0,1.7720848,10560
8.0,-1.9880614,10560
8.0,-0.6596453,10560
8.0,-3.5146363,10560
8.0,-1.827033,10560
8.0,-5.3810053,10560
8.0,-5.832019,10560
8.0,-2.323257,10560
8.0,-3.9096558,10560
8.0,-4.5420017,10560
8.0,-1.0450169,10560
8.0,-3.7377324,10560
8.0,-4.4199185,10560
8.0,-0.17654526,10560
8.0,-0.25374132,10560
7.1,-7.0359254,10560
6.9,-4.442082,10560
6.9,0.6736406,10560
6.7,-3.4525437,10560
5.4,-1.5795492,10560
4.7,-5.9675984,7911
4.6,-4.3086796,7911
4.6,-7.3024783,7911
4.3,-3.9705107,7911
4.3,-6.295165,7911
4.3,-1.2432727,7911
4.3,-0.7786063,7911
4.3,-4.9948072,7911
7.41,0.12637605,7
5.61,-1.9763136,7
9.15,2.1310756,10820
9.0,2.2389495,10820
8.7,2.658922,10820
8.7,1.193917,10820
8.7,1.3578081,10820
8.7,-1.1666346,10820
8.7,2.2686949,10820
8.3,3.6548913,10820
8.05,-0.5170826,10820
8.0,2.1075912,10820
7.82,-0.19980013,10820
7.72,-0.8680725,10820
7.64,0.046067305,10820
7.54,-3.4021013,10820
7.47,-0.8680725,10820
7.3,0.6008587,10820
7.27,1.8023709,10820
7.26,0.07071531,10820
7.24,-0.85532355,10820
7.14,-3.2125437,10820
7.03,-3.3752835,10820
7.01,-1.9162058,10820
6.97,-0.8680725,10820
6.94,-2.0885165,10820
6.89,-2.3265138,10820
6.84,-1.8335059,10820
6.83,-2.8050742,10820
6.73,-0.6902461,10820
6.56,-3.5089452,10820
6.55,-1.3076862,10820
6.37,-1.1601012,10820
6.12,-3.14513,10820
5.97,-2.4352744,10820
5.94,-4.4435997,10820
5.92,-3.2855012,10820
5.84,-1.9630673,10820
9.52,4.8298016,2913
9.42,0.2685573,2913
9.39,-0.6397065,2913
9.37,0.6883352,2913
9.24,3.387602,2913
9.1,3.161498,2913
8.85,2.5140393,2913
8.83,2.8523154,2913
8.82,4.76733,2913
8.78,1.6092576,2913
8.16,0.32489553,2913
8.05,-1.9535563,2913
8.82,2.9268093,6754
8.15,2.0968797,6754
8.05,-0.32839957,6754
7.89,3.6572185,6754
7.22,-3.7693052,6754
7.26,0.1500981,12809
8.14,3.4066694,15998
8.14,0.03743036,15998
8.13,0.48945683,15998
8.09,0.7950505,15998
8.06,-0.05796905,15998
8.04,0.448826,15998
7.96,1.6911546,15998
7.89,1.2720494,15998
7.89,1.7172914,15998
7.85,-1.1904036,15998
7.82,0.019175734,15998
7.77,2.2585123,15998
7.64,-0.41022182,15998
7.28,-0.5952531,15998
7.28,-0.79728603,15998
7.17,-0.12867776,15998
6.96,-0.25385588,15998
6.85,-0.4961641,15998
6.38,0.7683115,15998
6.01,0.0058318544,15998
5.89,-0.36527258,15998
6.5,1.370066,14792
8.77,3.8225896,7647
8.77,-0.597698,7647
8.66,2.675551,7647
8.52,3.232166,7647
8.51,2.7309597,7647
8.51,3.004832,7647
8.49,0.33267078,7647
8.46,-0.08768037,7647
8.4,1.7584847,7647
8.4,3.1833134,7647
8.4,3.986088,7647
8.39,0.0264728,7647
8.38,3.6899977,7647
8.38,3.4126518,7647
8.34,3.5732086,7647
8.33,0.9659928,7647
8.33,1.2996715,7647
8.33,2.6109436,7647
8.32,4.001175,7647
8.3,2.72425,7647
8.28,2.702065,7647
8.24,0.3326706,7647
8.24,1.7356428,7647
8.21,-0.072737336,7647
8.2,-1.0573725,7647
8.18,0.793206,7647
8.13,0.46030107,7647
8.12,3.5248604,7647
8.12,-0.4398427,7647
8.12,0.9526509,7647
8.1,0.0264723,7647
8.07,0.6403315,7647
8.06,-0.75941944,7647
8.0,1.4761668,7647
8.0,3.1010625,7647
7.99,-0.34503266,7647
7.95,-1.2047664,7647
7.94,-1.5689113,7647
7.93,0.2848656,7647
7.92,0.5147791,7647
7.91,3.8372526,7647
7.89,0.5097976,7647
7.88,-0.075956635,7647
7.87,0.28486562,7647
7.86,-1.0535519,7647
7.85,0.9326788,7647
7.85,0.19441383,7647
7.84,3.9286628,7647
7.84,0.19441442,7647
7.82,-4.074955,7647
7.82,-0.36995894,7647
7.8,2.7398093,7647
7.8,2.4188173,7647
7.78,2.554996,7647
7.75,-0.7594191,7647
7.72,-0.5071155,7647
7.71,3.0012937,7647
7.7,1.3734179,7647
7.69,6.391658,7647
7.68,1.4712902,7647
7.65,1.8334335,7647
7.59,-0.8182342,7647
7.58,-0.94915354,7647
7.56,3.0332916,7647
7.56,2.2385216,7647
7.55,-1.0774199,7647
7.55,-0.87114227,7647
7.54,3.1300514,7647
7.54,1.3698622,7647
7.51,4.8596473,7647
7.51,-0.8182343,7647
7.49,1.7516351,7647
7.45,1.1917424,7647
7.43,-1.4627947,7647
7.38,-1.8815383,7647
7.37,6.3916583,7647
7.35,2.3513968,7647
7.34,2.2705517,7647
7.33,2.1115892,7647
7.32,1.2960093,7647
7.28,4.9785476,7647
7.27,-1.2772132,7647
7.26,-3.1677096,7647
7.25,3.1644776,7647
7.24,2.2708504,7647
7.14,0.15894474,7647
7.11,2.8639176,7647
7.08,0.32705608,7647
7.08,1.6147628,7647
7.07,-1.3558507,7647
7.05,3.318926,7647
7.01,2.6323664,7647
7.01,1.9113168,7647
6.97,6.1579046,7647
6.97,2.7732372,7647
6.94,0.42274347,7647
6.81,0.16999485,7647
6.81,2.8319557,7647
6.77,1.6263211,7647
6.73,1.9652529,7647
6.72,-2.8616242,7647
6.5,1.9204875,7647
6.09,0.99209476,7647
6.05,2.8319564,7647
7.96,1.5985534,17335
7.89,0.20659548,17335
7.7,0.02263243,17335
7.42,-2.348755,17335
7.4,0.27625927,17335
7.37,-0.5070871,17335
7.27,0.20659646,17335
7.17,0.0788465,17335
7.11,-0.87931466,17335
7.08,-0.8322849,17335
7.06,-0.71786153,17335
7.06,-3.5652525,17335
7.05,0.031739354,17335
7.01,0.5267875,17335
6.96,-2.0718148,17335
6.92,-2.8174336,17335
6.87,0.27561775,17335
4.47,-5.4552054,2166
5.23,-0.99447393,595
6.85,-0.9300294,2567
6.34,0.56235766,2567
6.09,-0.12901478,2567
6.15,1.2618959,14847
5.23,-2.9479609,8409
6.82,-0.18826224,15785
5.82,-2.0884783,15785
5.72,-1.0909672,15785
7.73,-1.2054367,11936
6.7,-5.4031796,17123
8.73,-0.13163285,12903
8.56,0.6397966,12903
8.4,-1.3286297,12903
8.37,1.5086293,12903
8.35,0.3624257,12903
8.24,-1.0187154,12903
8.24,0.96141756,12903
8.24,0.67119765,12903
8.2,0.12956843,12903
7.93,0.6260176,12903
7.74,-1.8586389,12903
7.67,-0.5287001,12903
7.63,1.7184942,12903
7.62,-0.4599303,12903
7.54,0.29094023,12903
7.51,0.67676127,12903
7.5,0.13344407,12903
7.46,1.7836611,12903
7.46,1.4919516,12903
7.45,-0.6802975,12903
7.41,0.6667911,12903
7.4,-1.4188223,12903
7.25,-0.5355755,12903
8.21,1.5844526,9263
8.05,-0.2812246,9263
7.4,1.1184639,9263
7.28,-1.5203927,9263
6.36,2.0101151,9263
5.14,-0.2367303,9263
6.17,-0.40373334,2096
7.06,-1.2512457,7367
5.51,-1.2539198,1218
5.23,-2.3418849,1218
7.41,-3.1374013,133
7.11,-2.7010283,133
6.5,-1.1939616,133
6.48,-5.3593674,133
6.13,-3.117599,133
6.11,-3.582689,133
6.1,-1.5455056,133
5.96,-3.2630823,133
5.91,-2.9975963,133
5.8,-4.178701,133
5.8,-4.1595025,133
5.71,-3.7491443,133
5.71,-3.3596382,133
5.45,-3.9941437,133
5.41,-0.9130869,133
5.24,-4.394989,133
5.07,-2.0745811,133
5.03,-3.671929,133
4.54,-4.757087,133
4.39,-5.3638225,133
3.88,-3.367667,133
3.84,-5.77596,133
7.07,-0.5035666,7736
10.43,-1.5836384,15983
10.15,-0.34755293,15983
9.96,0.0919261,15983
9.92,-0.34700856,15983
9.68,-2.6652489,15983
9.03,-3.7658498,15983
6.82,0.89320993,15983
6.76,-0.22460395,15983
6.6,-3.8578203,15983
6.62,2.5863807,7216
8.15,-2.7711155,10718
8.07,0.60788333,10718
8.04,-0.32625654,10718
8.02,-0.5014553,10718
7.96,-1.1724868,10718
7.6,-1.4823254,10718
7.57,-1.52674,10718
7.55,-1.3648629,10718
7.41,-1.87098,10718
7.38,-2.0970633,10718
7.35,-3.4261131,10718
7.33,1.3443489,10718
7.31,-0.032894064,10718
7.06,-2.8440564,10718
6.96,-1.7653197,10718
6.92,-1.3088161,10718
6.82,-1.1519672,10718
6.75,-0.5791031,10718
6.66,1.7394338,10718
4.15,-4.788207,1106
7.06,0.67047215,9389
6.96,-0.41741493,9389
5.47,-1.058734,9554
5.16,1.3012953,9554
7.66,-1.5381098,14336
6.14,-3.3767745,14336
7.71,-1.746324,221
6.19,-2.594602,221
9.78,-0.12388784,7646
9.52,-2.2328756,7646
9.52,-0.846956,7646
9.52,0.9861847,7646
9.49,-0.672971,7646
9.49,1.7389598,7646
9.41,0.51291466,7646
9.4,0.5825348,7646
9.4,-2.9985442,7646
9.34,-5.307239,7646
9.31,-2.5501788,7646
9.28,-1.1406149,7646
9.24,-0.6999937,7646
9.23,2.2573571,7646
9.22,2.4052212,7646
9.15,0.6805953,7646
9.11,1.700542,7646
9.09,2.3878462,7646
9.09,-1.9303432,7646
9.08,-2.5786257,7646
9.08,-0.7399241,7646
9.07,1.1116809,7646
9.05,-0.74165154,7646
9.05,-2.7458513,7646
9.02,0.13358273,7646
9.01,0.9474876,7646
9.0,-2.7425303,7646
9.0,-0.16105293,7646
8.96,1.6120411,7646
8.95,0.7540034,7646
8.93,-1.438781,7646
8.87,-2.9312978,7646
8.85,-0.36437532,7646
8.82,1.9799693,7646
8.8,-0.85337436,7646
8.8,-3.0447965,7646
8.79,-0.15163417,7646
8.77,-2.013589,7646
8.75,-0.709707,7646
8.75,1.31241,7646
8.74,0.58506775,7646
8.73,0.73999834,7646
8.72,1.5554032,7646
8.71,-0.8718238,7646
8.7,-1.0127867,7646
8.69,1.883772,7646
8.68,-0.45577446,7646
8.68,0.106791,7646
8.66,0.7358383,7646
8.64,1.0664849,7646
8.62,-2.361989,7646
8.59,2.4103003,7646
8.59,-5.3863096,7646
8.58,3.0116663,7646
8.54,2.690754,7646
8.5,-1.3642453,7646
8.46,-1.0577799,7646
8.46,-0.20804067,7646
8.46,-2.5751486,7646
8.44,0.19278471,7646
8.44,2.4917874,7646
8.44,1.5635798,7646
8.41,-4.452821,7646
8.4,-3.2702143,7646
8.38,0.6408603,7646
8.37,0.9443859,7646
8.36,-1.1237651,7646
8.33,-0.7520441,7646
8.31,-0.58375466,7646
8.3,0.13823503,7646
8.29,2.7904758,7646
8.27,1.6634151,7646
8.24,-3.4042304,7646
8.22,-1.147603,7646
8.22,-2.3191774,7646
8.21,-0.8396859,7646
8.21,-2.8882205,7646
8.2,0.8237883,7646
8.19,-0.55510795,7646
8.18,-1.5363501,7646
8.17,-0.62335956,7646
8.17,0.262114,7646
8.15,-1.396796,7646
8.14,1.4065826,7646
8.12,-0.695572,7646
8.12,0.031850435,7646
8.1,-1.0359496,7646
8.09,1.0558921,7646
8.07,2.1887143,7646
8.06,-1.1802981,7646
8.03,-3.793121,7646
8.03,0.15883258,7646
8.02,-1.1736997,7646
8.0,0.4360002,7646
7.99,-2.2180426,7646
7.98,-4.0293384,7646
7.98,0.9228885,7646
7.93,2.3450224,7646
7.93,0.89345944,7646
7.93,0.80265164,7646
7.92,-0.18466109,7646
7.92,-1.596207,7646
7.91,-2.0124848,7646
7.85,2.0100498,7646
7.83,1.1019647,7646
7.83,-2.4838607,7646
7.83,-3.9756963,7646
7.82,0.30424294,7646
7.82,-0.48517665,7646
7.8,-1.1060023,7646
7.79,-1.2451645,7646
7.77,-1.9544711,7646
7.76,-1.9041705,7646
7.75,-2.3622987,7646
7.71,-4.758329,7646
7.66,-1.1393977,7646
7.64,-5.2761497,7646
7.64,1.5013946,7646
7.63,-4.364208,7646
7.57,-4.5859547,7646
7.57,-1.336102,7646
7.56,-0.8220308,7646
7.55,-6.1783247,7646
7.54,-2.002413,7646
7.53,-2.862395,7646
7.53,-2.355616,7646
7.52,-3.26266,7646
7.52,-4.486228,7646
7.51,0.16954264,7646
7.49,-2.867371,7646
7.4,-1.2979182,7646
7.39,-1.3800796,7646
7.37,-0.99504614,7646
7.34,-4.398729,7646
7.29,-4.848165,7646
7.29,-2.245397,7646
7.28,-2.6680977,7646
7.22,-3.7631443,7646
7.2,-5.3949747,7646
7.15,-3.582502,7646
7.14,0.6879473,7646
7.1,-1.4586161,7646
7.08,-0.6359129,7646
7.07,-4.000892,7646
7.03,-3.0034435,7646
7.03,-3.8580306,7646
7.02,-0.59770346,7646
7.01,-1.0997913,7646
6.98,-3.0490992,7646
6.94,-1.5567222,7646
6.87,-0.52877367,7646
6.85,-3.1152875,7646
6.84,-4.1896443,7646
6.82,2.846354,7646
6.81,0.78709006,7646
6.8,-6.0902677,7646
6.79,-0.7136704,7646
6.79,-3.4669821,7646
6.79,-3.8258576,7646
6.77,2.2132828,7646
6.72,1.2658932,7646
6.69,-4.594276,7646
6.57,-4.138505,7646
6.57,-3.0070217,7646
6.54,-0.86833,7646
6.52,-0.7031013,7646
6.5,-4.3302236,7646
6.49,-2.553607,7646
6.47,-3.477346,7646
6.44,-0.213603,7646
6.42,0.09785438,7646
6.41,-3.7554917,7646
6.4,-2.44962,7646
6.38,-6.298293,7646
6.38,-4.7863975,7646
6.38,-0.61229753,7646
6.38,1.487253,7646
6.37,-3.5218446,7646
6.36,-2.9744666,7646
6.31,-3.091884,7646
6.3,-4.786397,7646
6.29,-4.7466087,7646
6.29,0.5066146,7646
6.27,-3.7880628,7646
6.26,-0.8902645,7646
6.26,-1.9492476,7646
6.24,-1.9362787,7646
6.23,-1.5922714,7646
6.21,-0.23170449,7646
6.16,-4.8522468,7646
6.16,0.41694698,7646
6.12,-3.6852374,7646
6.12,-0.8070235,7646
6.11,-1.5167255,7646
6.1,-5.3694906,7646
6.1,-6.3510675,7646
6.07,-2.4788346,7646
6.07,0.30770123,7646
6.07,-3.1562223,7646
6.06,-5.3549814,7646
6.05,-3.9249985,7646
6.05,-3.799376,7646
6.04,-5.551473,7646
6.03,-2.3612616,7646
5.97,-5.253808,7646
5.96,-4.2365265,7646
5.96,1.7928741,7646
5.94,-4.8428154,7646
5.9,-1.1293269,7646
5.9,-6.1374965,7646
5.88,-3.515985,7646
5.84,-2.0689442,7646
5.79,-3.7893436,7646
5.79,-4.29573,7646
5.78,-4.8478274,7646
5.75,-2.8306904,7646
5.74,-9.019723,7646
5.72,-4.4473195,7646
5.68,-4.295729,7646
5.66,-5.471221,7646
5.64,-5.525841,7646
5.62,-4.260278,7646
5.59,-4.1492496,7646
5.56,-5.0980587,7646
5.55,-2.5990856,7646
5.53,-0.5538908,7646
5.51,-7.089261,7646
5.51,-8.546486,7646
5.5,-0.44451118,7646
5.48,-5.4758286,7646
5.48,-6.0170875,7646
5.43,-6.634629,7646
5.43,-2.417605,7646
5.41,0.31174138,7646
5.39,-6.2562838,7646
5.37,-2.7252767,7646
5.36,-2.3637044,7646
5.32,-1.792676,7646
5.27,-4.836177,7646
5.27,-2.93034,7646
5.25,-2.9379027,7646
5.24,-7.0955954,7646
5.23,-6.050858,7646
5.23,-7.5955544,7646
5.15,-7.5142827,7646
5.11,-7.3767505,7646
4.89,-2.7764468,7646
4.89,-4.1464634,7646
4.89,-5.735143,7646
4.89,-2.0170867,7646
4.76,-3.7474804,7646
4.76,-3.7474802,7646
4.67,-2.4926243,7646
4.67,-5.775202,7646
6.24,1.0125371,383
6.17,0.9692296,383
5.84,1.1378629,383
5.83,-1.4587551,383
7.57,3.0851798,12360
7.2,5.274288,12360
7.17,4.869101,12360
7.04,2.8906682,12360
6.56,4.4191813,12360
7.85,3.0114586,4874
7.57,-2.2584553,15504
5.15,-3.635962,13036
8.28,1.6648242,14109
7.68,0.14655444,14109
8.38,-0.03914446,17174
6.5,1.7736565,17174
6.0,-4.490123,17174
7.36,1.9621767,13603
7.01,-3.6124604,13603
7.43,0.1326189,11439
8.7,-1.5564268,1730
8.52,-2.1890757,1730
8.3,-1.5233523,1730
8.22,-0.86786807,1730
8.22,2.2625923,1730
8.05,-0.42656836,1730
8.0,-0.07184899,1730
8.0,-0.10386559,1730
8.0,-1.6844245,1730
8.0,-0.37283614,1730
8.0,-0.57694066,1730
7.92,1.41163,1730
7.85,-2.229286,1730
7.82,-0.37991026,1730
7.5,-2.4548066,1730
7.4,1.029231,1730
7.3,-0.69347453,1730
7.28,1.1762123,1730
7.28,1.7612903,1730
7.26,-1.39486,1730
7.26,-2.8921633,1730
7.12,1.5136913,1730
7.1,-1.2571678,1730
7.09,-0.33042973,1730
6.93,-3.0822198,1730
6.68,0.60670066,1730
6.6,-3.0897892,1730
6.56,-2.2223651,1730
6.31,-6.3135147,1730
6.06,-3.3729708,1730
5.36,-10.525634,1730
5.34,-7.132152,1730
5.18,-7.9880357,1730
5.05,-5.642962,1730
4.8,-8.572981,1730
6.85,-1.684233,320
7.63,-1.2797945,6088
7.37,-4.310431,6088
7.12,-1.9267782,6088
6.97,-2.3443363,6088
6.81,0.5064465,6088
6.73,2.7474036,6088
6.71,4.0568933,6088
6.59,-0.029516146,6088
6.56,-4.2030473,6088
6.51,-1.0803691,6088
6.41,0.57941186,6088
6.38,-1.0803694,6088
6.37,-2.6891491,6088
6.35,-1.7991611,6088
6.35,-1.4255594,6088
6.33,-0.35436058,6088
6.33,-0.13551271,6088
6.3,-2.9549282,6088
6.28,0.30007312,6088
6.26,0.8159865,6088
6.24,-1.5432659,6088
6.21,1.5054381,6088
6.18,-1.7668782,6088
6.18,-1.9994414,6088
6.17,-0.53977644,6088
6.16,-1.8831044,6088
6.16,4.3629065,6088
6.12,3.9090502,6088
6.12,2.2336185,6088
6.06,-0.85376835,6088
10.3,1.01776,7699
10.3,1.7544459,7699
10.1,3.0671647,7699
10.1,0.85530114,7699
10.1,-0.19533464,7699
10.1,2.087875,7699
10.05,-1.8465153,7699
10.05,-1.0110635,7699
10.05,2.0232146,7699
10.0,-0.32111898,7699
10.0,3.6479309,7699
10.0,0.92075634,7699
10.0,0.11049537,7699
10.0,-0.49461773,7699
9.96,-2.7556813,7699
9.96,1.2804456,7699
9.92,0.34861663,7699
9.89,-0.7842436,7699
9.89,0.3742026,7699
9.89,-0.5195099,7699
9.89,-1.0087132,7699
9.89,1.1586359,7699
9.89,-0.5930333,7699
9.85,0.011863902,7699
9.85,-0.2785841,7699
9.85,-3.0906138,7699
9.85,0.59833014,7699
9.82,1.1949222,7699
9.82,-1.979202,7699
9.82,-0.26234505,7699
9.8,-0.4426641,7699
9.8,4.131784,7699
9.8,0.27637282,7699
9.8,0.41799206,7699
9.8,0.6688163,7699
9.8,-0.38342935,7699
9.8,1.3295428,7699
9.8,-2.262848,7699
9.8,2.2697089,7699
9.77,-0.4739422,7699
9.77,-0.025951527,7699
9.77,2.1597223,7699
9.77,2.8114722,7699
9.77,2.1298335,7699
9.74,-0.5234096,7699
9.74,0.63435805,7699
9.72,0.77845657,7699
9.72,0.7684282,7699
9.7,1.2812434,7699
9.7,-1.0277247,7699
9.68,2.51707,7699
9.68,0.069293156,7699
9.68,2.5755732,7699
9.68,0.19261016,7699
9.68,0.9698026,7699
9.66,-1.4623054,7699
9.66,-2.7714632,7699
9.66,3.1747015,7699
9.66,-0.26941773,7699
9.64,2.1617236,7699
9.64,3.6064222,7699
9.64,1.2491591,7699
9.64,2.1550117,7699
9.64,4.2073317,7699
9.62,5.723679,7699
9.62,2.3917768,7699
9.62,-1.0938761,7699
9.6,-0.3872863,7699
9.6,1.4717649,7699
9.6,0.9818982,7699
9.59,-0.22338037,7699
9.59,-1.0988336,7699
9.59,0.6236905,7699
9.59,1.6174661,7699
9.57,2.6371582,7699
9.57,-2.6690114,7699
9.55,0.16190282,7699
9.55,1.0235015,7699
9.55,0.1095334,7699
9.52,-1.2590976,7699
9.51,0.0742959,7699
9.51,3.472459,7699
9.51,-1.1533159,7699
9.51,3.6248674,7699
9.51,1.3601445,7699
9.51,1.9885985,7699
9.49,0.8032675,7699
9.48,-0.38042054,7699
9.47,0.7817718,7699
9.46,3.1953638,7699
9.46,1.908821,7699
9.46,-1.2303878,7699
9.46,-1.8265141,7699
9.44,3.2306066,7699
9.44,0.4156484,7699
9.43,-1.1568456,7699
9.43,1.461187,7699
9.43,2.8395526,7699
9.43,3.5893676,7699
9.42,-0.22793627,7699
9.42,0.3917245,7699
9.42,0.07412007,7699
9.42,0.078934446,7699
9.42,1.0180393,7699
9.42,1.0175514,7699
9.41,4.523557,7699
9.41,-1.2909677,7699
9.41,0.811682,7699
9.41,0.12650728,7699
9.41,-0.41294497,7699
9.39,-2.6404603,7699
9.38,-1.3848269,7699
9.36,-2.11545,7699
9.34,-2.1152492,7699
9.34,3.1575572,7699
9.32,-0.80534196,7699
9.32,-0.20876563,7699
9.31,1.3410443,7699
9.29,-0.67098665,7699
9.29,-1.6900499,7699
9.26,4.2937703,7699
9.25,0.72647953,7699
9.24,3.6958268,7699
9.24,-0.76945627,7699
9.23,-0.3762361,7699
9.21,-0.13777888,7699
9.21,-1.4176773,7699
9.18,0.1881775,7699
9.17,-1.2872236,7699
9.13,-1.7202295,7699
9.12,-4.1167445,7699
9.12,1.1820874,7699
9.11,-1.551748,7699
9.1,3.2579126,7699
9.1,-3.4474645,7699
9.1,3.0359786,7699
9.09,0.72557724,7699
9.06,-2.5678828,7699
9.06,0.9952538,7699
9.05,-0.44411072,7699
9.04,2.8983793,7699
9.04,-0.254073,7699
9.0,2.4514592,7699
9.0,1.8627058,7699
9.0,1.280243,7699
9.0,1.848509,7699
9.0,-1.0231884,7699
9.0,0.5984831,7699
9.0,2.2926195,7699
9.0,-0.0754918,7699
8.7,1.765791,7699
8.7,2.8310566,7699
8.7,2.3394277,7699
8.7,1.175639,7699
8.7,1.9789978,7699
8.7,1.3183479,7699
8.7,0.5897703,7699
8.7,4.0913286,7699
8.7,3.9203494,7699
8.7,-0.57719135,7699
8.7,-2.1360695,7699
8.7,3.131438,7699
8.52,-1.8930767,7699
8.52,3.4923227,7699
8.52,1.4348278,7699
8.52,2.199953,7699
8.4,1.2425585,7699
8.3,1.1408128,7699
8.3,2.4746952,7699
8.15,2.851521,7699
7.82,-1.3351979,7699
6.47,-3.8676271,17876
6.43,-4.0863047,17876
7.23,0.20317572,16030
8.85,-1.2558311,9048
8.64,1.1783252,9048
8.52,0.82709527,9048
8.52,-0.7885568,9048
8.47,0.64052963,9048
8.41,0.2127182,9048
8.4,2.0395522,9048
8.37,-0.6488507,9048
7.49,-0.7234156,9048
6.1,-2.5081217,3671
5.64,-5.041591,3671
5.24,-5.6536436,3671
5.21,-5.6536436,3671
5.35,-0.68975294,12974
6.95,1.2665209,168
8.54,0.32137856,2580
8.42,-1.4363828,2580
8.15,-1.2055395,2580
8.04,0.22777623,2580
8.03,-2.4714458,2580
7.82,-0.93893826,2580
7.75,-3.4805121,2580
7.02,-2.6199512,2580
6.96,-2.2392702,2580
6.06,-1.6018375,2580
5.26,-4.5357065,2580
9.0,-4.450111,7825
8.7,-0.880157,7825
8.7,-0.8572936,7825
8.7,-1.4294715,7825
8.7,-4.0578513,7825
8.52,-3.3897593,7825
8.4,-3.0947807,7825
8.4,0.25171864,7825
8.4,1.1923599,7825
8.4,-2.602192,7825
8.4,0.7154074,7825
8.22,-1.8017915,7825
8.0,-1.5252358,7825
8.0,0.6527518,7825
7.96,-1.7433572,7825
7.92,-4.3729,7825
7.85,-0.38363656,7825
7.75,-0.97191536,7825
7.5,-0.3500634,7825
7.16,-2.3781035,7825
7.03,-3.7955146,7825
5.48,-5.354463,9086
7.33,1.2635252,3219
5.8,-4.2339196,6722
5.18,-6.590097,6722
8.8,2.6682608,12951
8.7,0.98742247,12951
8.6,-0.71247935,12951
8.5,-1.3240672,12951
7.9,-4.3880973,12951
7.9,-1.5536302,12951
7.8,-3.0131505,12951
7.8,-1.2510195,12951
7.6,-3.4517274,12951
7.5,-0.19235401,12951
7.5,-2.035989,12951
7.5,-1.7942322,12951
7.4,-0.5693567,12951
7.4,-0.40734512,12951
7.4,-3.3885677,12951
7.3,-2.9098277,12951
7.2,-3.1773698,12951
7.0,-2.5781863,12951
6.7,-2.8342628,12951
6.3,0.18289116,12951
6.1,-4.414323,12951
4.8,-7.7738,12951
4.0,0.3994792,12951
8.62,1.5344954,15708
6.68,0.160487,15708
6.57,-0.40899968,15708
8.1,-1.1602715,3582
7.9,-4.016648,3582
7.8,-7.074921,3582
7.7,-4.246258,3582
7.7,-2.8895001,3582
7.7,-0.46531835,3582
7.6,-0.63685465,3582
7.6,-2.247586,3582
7.6,-0.609234,3582
7.5,-0.45886037,3582
7.4,-4.5388613,3582
7.1,-5.960835,3582
7.0,-3.7601836,3582
6.88,-0.7269888,13461
6.76,-1.3120364,13461
7.97,1.1789994,9899
6.01,-0.28948256,5579
6.7,-0.8433068,2114
6.7,-3.353899,2114
6.52,-0.5458393,2114
6.16,-0.44812897,2114
5.92,0.90929437,2114
5.92,1.8837782,2114
5.85,0.09994733,2114
5.82,0.034291457,2114
5.55,-1.9107267,2114
5.52,-0.5217458,2114
8.0,-2.515707,487
5.36,-3.2499685,17568
9.1,3.6629043,3953
9.1,2.6728635,3953
9.0,4.0077066,3953
8.34,1.9278376,3953
8.26,2.761564,3953
8.13,-2.0561423,3953
8.0,0.92969596,3953
7.92,-1.2928053,3953
7.8,2.5622206,3953
7.77,1.7796863,3953
7.66,0.66530466,3953
7.64,-0.61464345,3953
7.51,1.2246671,3953
7.42,1.6221787,3953
7.29,0.4734109,3953
7.21,0.2887133,3953
7.21,0.59309053,3953
7.19,2.062878,3953
7.14,2.7594194,3953
6.43,0.58999956,3953
8.15,-0.47919595,6137
8.1,-2.6238387,6137
8.1,-1.4057151,6137
8.05,0.16176648,6137
8.05,-0.011580411,6137
7.89,-1.4831522,6137
7.89,-0.9018884,6137
7.82,0.6537639,6137
7.77,1.3806291,6137
7.72,-2.5954616,6137
7.66,-0.64150405,6137
7.66,1.3577223,6137
7.66,-1.0291891,6137
7.64,-1.275228,6137
7.62,3.9650602,6137
7.55,3.370728,6137
7.54,-4.209052,6137
7.52,0.6232511,6137
7.48,-1.2422693,6137
7.46,-2.37508,6137
7.44,0.86847866,6137
7.42,0.7022747,6137
7.42,-0.6891606,6137
7.39,-0.50772524,6137
7.36,-4.9815288,6137
7.34,-3.957942,6137
7.34,-1.4258235,6137
7.33,-2.3395216,6137
7.32,-1.9868944,6137
7.31,-1.7213428,6137
7.3,1.3377607,6137
7.3,-5.4247766,6137
7.3,-4.127652,6137
7.3,-0.86603427,6137
7.29,-2.7896879,6137
7.29,1.9825583,6137
7.28,-2.081169,6137
7.28,-5.2395263,6137
7.28,-5.238347,6137
7.28,-4.078002,6137
7.27,-2.5406396,6137
7.26,-1.2119541,6137
7.26,-2.470232,6137
7.25,-0.0047892705,6137
7.25,-1.0273732,6137
7.22,-2.0055609,6137
7.21,1.5607648,6137
7.19,2.232023,6137
7.19,-3.4350247,6137
7.18,-0.21269691,6137
7.17,-3.8931382,6137
7.16,-1.5335505,6137
7.16,-1.2284069,6137
7.14,0.18465117,6137
7.12,-5.5041604,6137
7.12,-0.7666005,6137
7.1,-1.5937893,6137
7.09,-4.863467,6137
7.07,-3.2424586,6137
7.06,-1.8081946,6137
7.04,-3.263484,6137
7.04,-3.6737852,6137
7.04,-2.9854896,6137
7.03,-0.21472307,6137
7.03,-3.617167,6137
7.02,-4.0191402,6137
7.01,-2.0527964,6137
7.01,-4.110267,6137
7.0,0.9804026,6137
7.0,-5.551109,6137
7.0,-2.1956887,6137
6.99,4.404843,6137
6.97,-0.61554694,6137
6.97,-2.056345,6137
6.96,1.5059366,6137
6.95,-2.1223676,6137
6.94,-2.8124459,6137
6.94,-2.0480263,6137
6.94,4.406714,6137
6.93,-3.6326978,6137
6.92,-2.0805671,6137
6.92,-1.7197676,6137
6.91,-2.1379352,6137
6.89,-0.40755835,6137
6.88,-3.767395,6137
6.87,-4.260901,6137
6.87,-4.181291,6137
6.87,-1.1396723,6137
6.86,-2.8745737,6137
6.86,-3.491998,6137
6.85,-1.6519864,6137
6.84,-2.3715355,6137
6.84,-3.2129006,6137
6.83,-3.1868992,6137
6.82,-5.5073714,6137
6.81,-0.097815305,6137
6.81,-3.9450736,6137
6.81,-2.861776,6137
6.8,-2.71161,6137
6.8,2.8393,6137
6.79,-1.1975464,6137
6.79,-0.9512441,6137
6.79,-2.556751,6137
6.78,-0.2102146,6137
6.77,-1.7289946,6137
6.72,-3.88393,6137
6.72,-2.182099,6137
6.71,-4.0702577,6137
6.7,-3.4627764,6137
6.69,1.6493934,6137
6.69,-4.1014624,6137
6.69,-1.377265,6137
6.68,-3.608564,6137
6.68,-0.52384937,6137
6.67,1.2637066,6137
6.66,-4.7103834,6137
6.64,-4.9954853,6137
6.64,1.8641974,6137
6.63,-1.3626212,6137
6.62,-4.7854524,6137
6.62,-3.284286,6137
6.6,-1.5443377,6137
6.58,-1.9121728,6137
6.57,-0.6626332,6137
6.56,-1.2160988,6137
6.56,-1.3685628,6137
6.55,-5.5097227,6137
6.54,-2.5795813,6137
6.54,-4.5053945,6137
6.53,-2.156039,6137
6.53,-3.1521003,6137
6.52,-5.00782,6137
6.51,-4.333363,6137
6.5,0.536808,6137
6.5,-4.3528967,6137
6.48,-1.7315264,6137
6.47,-4.453552,6137
6.45,-4.236464,6137
6.43,-0.73197377,6137
6.42,-2.8607702,6137
6.42,-2.6519632,6137
6.41,-2.3151696,6137
6.4,-3.4964628,6137
6.4,-4.485234,6137
6.39,-2.520335,6137
6.38,-3.268404,6137
6.38,-6.412492,6137
6.38,-1.323052,6137
6.38,-4.0306864,6137
6.37,-4.679058,6137
6.36,-1.4167573,6137
6.34,-1.6472456,6137
6.33,-3.1685605,6137
6.32,-1.505546,6137
6.32,-1.0158921,6137
6.32,-4.497438,6137
6.31,-2.7564542,6137
6.3,-4.92116,6137
6.29,-1.8933448,6137
6.29,-6.2178335,6137
6.29,-2.7815995,6137
6.28,-2.8104022,6137
6.26,-3.5365887,6137
6.25,-1.744572,6137
6.25,-2.9643867,6137
6.23,-4.2939196,6137
6.22,-1.7685103,6137
6.21,-6.9060144,6137
6.21,-3.0276778,6137
6.16,-2.5323021,6137
6.15,-4.813329,6137
6.15,-0.64087677,6137
6.15,-3.7431712,6137
6.13,-1.5485094,6137
6.13,-0.9343355,6137
6.11,-4.5931125,6137
6.11,-0.14405389,6137
6.06,-1.3517891,6137
5.96,-4.681379,6137
5.88,-2.0679328,6137
5.86,-2.8273351,6137
5.83,-5.609575,6137
5.8,-2.9470372,6137
5.71,-4.4972143,6137
5.69,-3.476544,6137
7.34,0.1624146,5964
6.19,-4.578509,5964
5.97,0.5644028,5964
5.77,-2.301449,5964
5.24,-0.3764182,5964
5.15,-1.8503788,5964
8.22,-1.5041634,11810
7.44,-2.3200326,11810
7.42,-1.9995799,11810
7.3,-2.986468,11810
6.77,-2.3101244,11810
6.77,-3.726045,11810
6.6,-1.2929648,11810
6.58,-2.1949284,11810
6.57,0.42597035,11810
6.55,-1.2567382,11810
6.43,-0.5485288,11810
6.4,-0.33885363,11810
6.32,-1.0690967,11810
6.28,1.3629009,11810
6.28,-0.42663947,11810
6.25,-2.7581556,11810
6.22,-1.4147298,11810
6.05,0.4969408,11810
6.0,-2.2325559,11810
5.98,-2.1346433,11810
5.96,-0.4266395,11810
5.93,-3.4140704,11810
5.89,-1.0690962,11810
5.85,0.83760643,11810
5.78,-1.4469364,11810
5.75,1.7685571,11810
5.73,3.60675,11810
5.72,-2.4302032,11810
5.68,-0.46471182,11810
5.65,-0.025315285,11810
5.32,-1.9371845,11810
5.25,0.1568691,11810
5.24,-3.0261657,11810
5.03,-1.6985967,11810
6.0,-4.201517,9480
5.52,-3.4205937,9480
8.7,0.4169219,7041
7.85,-0.6421119,6157
7.22,1.7204158,6157
6.53,0.6738082,6157
6.42,-0.4135838,6157
6.3,1.5675734,6157
6.17,0.30859777,6157
7.11,-0.17418788,1478
6.53,0.8673874,7413
7.36,-1.7774867,4846
6.42,-0.38672307,3226
6.18,-0.2270864,3226
6.11,-1.323246,3226
6.08,-1.7559553,3226
6.07,-2.0653553,3226
6.06,1.5268297,3226
6.03,0.0306428,3226
6.02,-1.1720687,3226
7.0,-3.4290087,13444
6.47,-1.1961141,13444
6.45,1.2844065,13444
6.36,1.2844065,13444
6.32,-1.241606,13444
5.83,1.5602415,13444
5.74,2.9138923,13444
5.66,5.6271925,13444
5.57,1.5602415,13444
5.52,0.5619203,13444
5.49,-1.4033701,13444
5.42,2.2256918,13444
5.41,2.0096574,13444
5.38,-0.3750739,13444
5.36,3.2705832,13444
5.36,0.39903057,13444
5.34,-3.7472,13444
5.29,6.665997,13444
5.17,0.090121284,13444
5.13,-0.9371823,13444
5.12,1.8335022,13444
5.04,0.10020757,13444
5.02,1.7694511,13444
6.15,-2.932302,15239
6.0,0.40141067,15239
5.77,-2.6788023,15239
5.52,-3.3238158,15239
5.47,-3.8614311,15239
5.28,-4.479603,15239
5.17,-1.9975035,15239
5.1,0.38611066,15239
5.06,-1.4676807,15239
4.84,-2.4627695,15239
4.8,-3.1201613,15239
4.72,-3.7221062,15239
4.32,-0.47387344,15239
4.27,-3.2007022,15239
4.06,-4.077816,15239
4.57,-1.5542283,5146
8.21,-1.5236536,14190
8.05,-1.9053763,14190
7.49,-1.0475405,14190
6.16,-2.4177008,14190
6.33,-3.9656606,4076
6.2,-5.168064,4076
6.11,-2.2534318,4076
5.94,-2.9257305,4076
5.7,-6.3348155,4076
5.67,-3.8474646,4076
6.21,-3.037949,11494
6.17,-4.5142345,11494
6.15,-3.4736476,11494
6.05,-1.6337476,11494
6.0,-0.97570014,11494
5.96,-4.0921803,11494
7.05,-2.2660627,11669
6.84,-0.24007806,11669
6.76,-3.0214117,11669
6.72,-1.0205345,11669
6.66,-4.267997,11669
6.66,-5.297358,11669
6.64,-4.6835613,11669
6.34,-2.6965072,11669
6.18,-0.041727126,11669
8.4,0.033906594,17158
4.73,-3.1296778,17158
8.3,-1.3720909,4733
8.55,0.34808466,1460
7.55,-0.8227048,1460
8.8,0.36796403,14737
8.7,-0.2028467,14737
7.15,-0.6827451,17831
7.58,-0.60893226,4546
7.51,-1.3249954,4546
7.21,-1.3584174,4546
7.1,-2.6416287,4546
7.09,-1.4812185,4546
7.06,-2.1749144,4546
6.82,-0.5698211,4546
6.74,-3.9768054,4546
6.64,-3.6459732,4546
6.58,-1.3971988,4546
6.45,-2.6941593,4546
6.24,-4.4443717,4546
6.13,-2.517888,4546
5.47,-3.530598,4546
5.33,-0.82178843,4546
5.2,-5.0926104,4546
5.19,-3.5275629,4546
5.1,-5.3071966,4546
5.03,-4.8359528,4546
4.91,-3.9278212,4546
4.66,-4.505641,4546
4.51,-3.8016722,4546
7.0,-1.77013,17411
6.72,-3.037091,17411
4.89,-3.215552,13180
5.4,-3.851527,11336
4.45,-2.7350237,3693
4.4,-4.6674504,3693
4.34,-4.2075872,3693
4.29,-3.9350657,3693
4.25,-5.4310007,3693
4.2,-5.421677,3693
7.34,1.5404198,8525
7.16,-0.11409901,8525
6.91,-0.65418816,8525
6.52,0.010133609,8525
8.05,-1.610763,17112
6.41,1.268376,11399
5.11,-0.6140276,11399
4.26,-3.0911045,11399
6.94,-0.6906656,7357
6.32,1.1580415,6616
6.05,-0.12054296,6616
6.64,0.036277212,11740
6.58,0.57202375,11740
5.44,0.07556656,386
5.3,0.22578846,386
5.29,0.30664486,386
4.93,3.1117294,386
4.89,0.30664486,386
4.86,4.0020833,386
4.82,1.5564295,386
4.8,-0.28563398,386
4.6,-0.28563398,386
4.58,-4.1158032,386
4.57,1.335452,386
8.4,-3.1210716,15771
7.96,-2.4465246,15771
7.92,0.18681729,15771
7.92,0.18681729,15771
7.89,0.2520558,15771
7.77,-1.5020522,15771
7.75,-1.8974882,15771
7.75,0.9284221,15771
7.72,0.18681729,15771
7.68,-3.3541517,15771
7.46,1.8215137,15771
7.32,-2.9935129,15771
7.26,-2.3112948,15771
7.24,-5.041275,15771
7.19,-3.341993,15771
7.14,1.4746461,15771
6.98,-0.64580095,15771
6.98,-2.8067229,15771
6.97,-3.2927334,15771
6.96,-1.9367815,15771
6.96,-0.46853673,15771
6.89,-3.3732285,15771
6.79,-2.938191,15771
6.73,-3.6722417,15771
6.68,-2.2841444,15771
6.56,-3.3594391,15771
6.51,-2.1708906,15771
6.39,1.5881994,15771
6.9,-0.5370585,10877
6.8,-2.3989055,10877
6.4,-0.49678758,10877
6.3,-5.1834726,10877
6.1,-2.7300162,10877
6.0,2.10099,10877
5.8,-4.2964854,10877
5.6,3.9586742,10877
5.6,-0.86524904,10877
5.4,-3.4302416,10877
4.8,-5.407953,10877
4.8,-4.714804,10877
4.6,-6.0535107,10877
8.92,-0.030975062,3512
6.66,0.8596529,12597
7.0,-4.238551,2756
6.8,-2.2247422,2756
6.77,-1.5435749,2756
6.72,-1.4212595,2756
6.66,-4.5633817,2756
6.66,-2.03895,2756
6.52,-5.0272074,2756
6.47,-1.6237917,2756
6.34,-3.6680562,2756
6.34,-1.4609069,2756
6.33,-1.6053636,2756
6.3,-4.95557,2756
6.24,-2.261204,2756
6.23,-4.240871,2756
6.16,-4.989949,2756
6.11,-6.2471223,2756
6.08,-2.272258,2756
5.62,-3.1426108,2756
5.57,-5.6383243,2756
5.34,-2.0092268,2756
8.3,-1.8656236,15512
8.0,-1.4833794,15512
8.0,-2.5647104,15512
8.0,-3.3249757,15512
7.52,-3.6004505,15512
7.52,-2.6636047,15512
7.1,-2.8214333,15512
4.92,0.84629357,13931
7.92,-1.3489099,5147
7.92,0.8855032,5147
7.03,0.7180258,8524
7.0,-0.41546908,8524
6.81,0.020441823,8524
6.64,0.090716794,8524
7.72,2.3021579,11926
10.0,3.0546749,856
9.7,-1.8325486,856
9.52,2.1368253,856
9.52,1.1464913,856
9.52,-1.9784958,856
9.52,0.5025377,856
9.4,2.8520567,856
9.4,-3.4698646,856
9.3,-0.5745747,856
9.3,0.93408656,856
9.3,-2.154023,856
9.3,-1.9534563,856
9.3,-2.099923,856
9.22,-2.9780018,856
9.22,0.75517285,856
9.22,1.3297896,856
9.15,-0.76489735,856
9.15,2.0144901,856
9.15,-0.8947848,856
9.1,0.46647644,856
9.1,1.6179183,856
9.1,1.3097912,856
8.85,-1.3637866,856
8.62,0.42249462,856
8.59,-0.8372979,856
8.57,-1.722621,856
8.34,1.0703636,856
8.34,-2.5324538,856
8.32,-0.44835055,856
8.02,-2.7893775,856
7.92,-0.94052505,856
7.8,-1.685554,856
7.8,0.23119769,856
7.7,0.79094756,856
7.64,0.3441249,856
7.64,-0.7077439,856
7.57,-0.6529498,856
7.19,-1.6672807,856
7.14,-2.877789,856
7.12,-1.0441632,856
7.08,-2.3664272,856
6.96,-2.1124349,856
6.95,-1.6645494,856
6.9,1.3699538,856
6.84,-2.8223672,856
6.77,-1.3665829,856
6.7,-4.443395,856
6.32,-2.6128972,856
5.3,-6.4355197,15601
5.22,-6.4355197,15601
5.13,-5.4058332,15601
4.59,-5.0459995,15601
4.58,-4.420941,15601
4.33,-5.2157507,15601
4.14,-5.2157507,15601
4.02,-6.9150896,15601
4.6,-3.7455385,2435
4.42,-2.7018914,2435
7.83,2.3641796,12035
7.55,1.2584743,12035
4.68,-0.8640051,232
4.77,-3.9699209,137
5.72,1.798633,1753
8.12,-0.01222606,13114
8.07,1.648464,13114
7.98,1.0818863,13114
7.82,1.6637478,13114
7.74,-1.3493552,13114
7.72,0.8295163,13114
7.61,-0.26509276,13114
7.61,-1.8812004,13114
7.54,2.8993106,13114
7.25,-1.797917,13114
7.2,0.18982168,13114
7.2,-2.5968037,13114
7.14,-0.6700369,13114
6.81,0.060857143,13114
6.5,-2.6088994,13114
5.82,-0.23935926,8728
5.52,-5.4695153,8728
4.82,-8.912835,8728
5.82,-2.7741818,4654
5.12,-1.8534788,4654
6.57,-2.908565,15564
5.7,-2.6069434,15564
5.68,-3.4317973,15564
5.66,-3.146649,15564
5.6,-3.550152,15564
5.5,-2.574803,15564
5.19,-4.889051,15564
7.68,-4.056716,371
7.66,-3.1807616,371
7.2,0.17248903,371
4.16,0.09379538,5498
5.39,-0.6367973,11962
5.11,-1.3301591,11962
4.69,-4.098215,11962
8.4,3.3853111,12021
8.3,-1.3926396,12021
6.33,2.812713,12021
5.61,-1.8658254,12021
9.1,-2.0677016,313
9.05,1.3437535,313
8.96,3.2012942,313
8.92,3.3706658,313
8.92,-3.2853234,313
8.82,3.3639796,313
8.8,2.6442082,313
8.77,3.0709887,313
8.74,-0.8748071,313
8.72,4.984435,313
8.64,1.4974066,313
8.54,4.8079634,313
8.52,2.9711945,313
8.52,1.6425369,313
8.49,3.121463,313
8.47,3.0152938,313
8.46,-3.9366603,313
8.41,3.0198677,313
8.41,1.4927326,313
8.38,3.759311,313
8.38,5.263467,313
8.26,2.184286,313
8.17,-1.6994436,313
8.09,3.569628,313
7.96,-1.8351825,313
7.8,-0.94289935,313
7.43,1.4927326,313
7.42,-2.7688634,313
7.19,-3.549616,313
7.12,3.4868505,313
7.04,-3.4455416,313
6.88,-0.74227893,313
6.85,-0.38427517,313
6.52,-1.694087,313
6.28,-1.1114235,313
6.19,-2.994854,313
6.1,-5.1981597,313
5.89,-3.662225,313
5.82,-3.652744,313
4.94,-4.654043,313
8.22,-0.9937645,14633
6.06,0.12422861,2448
5.79,-0.4564905,2448
5.73,0.2042565,2448
5.5,-2.3339617,2448
5.49,1.9009235,2448
5.45,-1.0115973,2448
5.36,-2.9532444,2448
5.25,-1.6413741,2448
4.95,-2.0677297,2448
4.86,-0.90354455,2448
7.64,0.05868593,9284
7.99,-2.2528207,13915
5.89,-3.183165,13079
5.85,-1.0867978,13079
5.07,-1.9964252,13079
4.66,-2.283792,1459
10.0,4.0618815,9418
9.7,2.6949005,9418
9.4,1.4717038,9418
9.4,0.15618064,9418
9.4,-0.6739454,9418
9.4,2.506268,9418
9.4,3.8570466,9418
9.22,3.0030098,9418
9.15,0.4575419,9418
9.15,2.6720495,9418
9.1,1.5431803,9418
8.92,1.421993,9418
8.77,1.0550524,9418
8.55,-3.5129585,9418
7.65,2.6927626,9418
8.4,2.482311,2904
8.4,0.754369,2904
8.4,1.0001872,2904
8.4,0.88093126,2904
8.4,1.7433145,2904
8.4,-0.6872325,2904
8.4,3.101043,2904
8.3,1.0874379,2904
7.96,-0.23975098,2904
7.75,-2.7858567,2904
7.52,0.70155406,2904
7.52,2.2292373,2904
7.4,1.7736422,2904
7.22,3.1674986,2904
6.0,-1.5818502,2904
8.4,-4.2446423,5027
8.0,1.5216343,5027
7.7,-1.0452297,5027
7.7,-3.937143,5027
7.4,-5.746679,5027
7.4,2.5715475,5027
7.3,-3.7531738,5027
7.16,1.5757298,5027
6.68,-1.1615728,5027
6.66,-2.1587963,5027
6.66,0.7348999,5027
6.47,2.8347485,5027
6.39,1.3298572,5027
6.31,-3.4302025,5027
6.25,-4.8094754,5027
6.21,-0.5875789,5027
6.21,-1.283691,5027
6.14,-3.743292,5027
6.01,-2.7104387,5027
6.0,-0.7498889,5027
5.96,-1.6939583,5027
5.92,-5.7615423,5027
5.85,-3.3929186,5027
5.55,-5.505881,5027
5.5,0.41065636,5027
5.4,-2.0294578,5027
5.03,0.29941663,5027
4.74,-0.14234151,9764
5.17,1.0791212,1523
6.52,-1.9174474,9815
5.06,-1.3053961,10898
5.02,-2.6738343,10898
4.98,-2.729422,10898
4.91,-2.4366307,10898
4.81,-2.106459,10898
4.81,-2.726178,10898
4.81,-3.1801326,10898
4.79,-3.1636071,10898
4.74,-3.7931206,10898
4.73,-3.7101264,10898
4.64,-2.8947823,10898
4.62,-5.030449,10898
4.59,-3.0158029,10898
4.58,-3.6752186,10898
4.57,-4.187747,10898
4.52,-4.0640492,10898
4.46,-6.053947,10898
4.43,-3.3647196,10898
7.23,-1.6471165,14087
5.48,-0.7726592,3761
9.64,-1.225148,12845
9.49,0.10396348,12845
8.13,0.8845115,10818
8.7,2.3242915,6005
6.43,-6.6921415,12922
6.82,0.8470528,13895
5.48,1.582974,1147
7.66,-3.2669291,14324
7.4,-1.4149059,14324
6.92,1.0639576,14324
6.85,-3.0578542,14324
6.85,-1.6480665,14324
6.82,-2.2488456,14324
6.8,-6.26947,14324
6.8,-2.1201115,14324
6.64,-0.44157836,14324
6.54,-1.3412938,14324
6.54,-2.546023,14324
6.5,-0.99249685,14324
6.46,0.45345852,14324
6.08,0.3487823,14324
6.07,-0.21903619,14324
6.06,0.7642821,14324
6.05,-2.0769317,14324
6.01,-0.468772,14324
6.0,-0.97558963,14324
5.68,-4.2520866,14324
5.64,-0.6463177,14324
5.5,-2.8148763,14324
5.44,-0.3692837,14324
5.39,-3.0580673,14324
5.19,-1.4366119,14324
5.06,1.4840266,14324
5.02,-2.1045737,14324
6.96,0.691048,9987
7.82,0.12840196,15266
7.68,-0.78254175,15266
5.42,-1.965435,3665
4.52,-3.6195796,3665
4.52,-1.3201733,3665
9.15,-0.570119,10531
8.89,0.94865406,10531
9.47,6.8902073,9414
9.39,1.4807947,9414
9.28,-1.2422962,9414
9.24,1.4160293,9414
9.19,5.5277324,9414
9.17,-1.083515,9414
9.15,7.14347,9414
9.14,4.535454,9414
9.09,4.3164654,9414
9.06,3.7533855,9414
9.04,5.346419,9414
9.0,5.056058,9414
8.82,1.406556,9414
8.82,2.8417077,9414
8.79,3.1939845,9414
8.66,-0.64224696,9414
8.49,2.7209048,9414
8.0,1.3604347,9414
8.05,-0.963969,9013
7.7,2.098166,9013
7.19,-5.05828,9013
7.08,-5.6026216,9013
6.88,0.8475436,9013
8.82,0.07406021,96
8.55,-1.173702,96
8.46,-1.9060704,96
8.24,-0.8653871,96
8.23,-1.5715669,96
8.0,-2.3552017,96
7.92,-1.1217816,96
7.89,-1.4242043,96
7.58,0.30519947,96
7.16,-3.0309386,96
9.6,4.823433,8874
9.4,0.23943229,8874
8.96,3.160268,8874
8.92,-5.688704,8874
8.77,-3.0249732,8874
8.77,-5.4194274,8874
8.74,-2.3637607,8874
8.74,2.5931525,8874
8.7,-4.221061,8874
8.7,-2.4407523,8874
8.64,-2.396139,8874
8.59,-3.2659545,8874
8.46,-7.0772943,8874
8.37,0.5403204,8874
8.37,-1.5128567,8874
8.33,-5.173034,8874
8.28,0.62916124,8874
8.27,1.7356089,8874
8.18,-2.8403552,8874
8.17,-0.47228143,8874
8.13,-6.8577952,8874
8.11,-4.0462575,8874
8.09,-5.0943937,8874
8.09,-0.2509701,8874
8.07,-8.1187725,8874
8.02,-2.6710472,8874
7.96,-1.669908,8874
7.96,-2.2536998,8874
7.96,-2.6816504,8874
7.92,-2.279249,8874
7.89,-0.41111025,8874
7.82,-2.499398,8874
7.75,-7.1723104,8874
7.75,-4.811487,8874
7.7,-0.71896815,8874
7.66,-1.5418508,8874
7.66,0.3077397,8874
7.62,-2.2465527,8874
7.6,-0.2502446,8874
7.58,2.0527227,8874
7.58,-5.688704,8874
7.25,1.7446877,8874
6.96,-2.2536998,8874
6.66,-1.170674,8874
5.92,-2.4996934,8874
5.82,6.8410635,8874
5.77,1.709341,8874
6.62,-5.113179,14689
6.48,-3.398557,14689
6.47,-4.492446,14689
6.44,-2.5963929,14689
6.43,-5.98599,14689
6.42,-6.2819495,14689
6.41,-4.6014233,14689
6.41,-4.1188927,14689
6.38,-5.36158,14689
6.36,-4.2977037,14689
6.35,-5.414785,14689
6.32,-1.04397,14689
6.28,-3.9423392,14689
6.28,-5.2497883,14689
6.21,0.20549098,14689
6.19,-3.771868,14689
6.12,-3.8571918,14689
6.12,-5.3726425,14689
6.12,-5.2404275,14689
6.11,-4.2135773,14689
6.1,-5.560146,14689
6.08,-4.540706,14689
6.0,-4.336726,14689
6.0,-0.13819413,14689
5.99,-5.310488,14689
5.88,-5.000137,14689
5.82,-2.3246696,14689
5.82,-3.191691,14689
5.81,-5.535469,14689
5.8,-2.4564826,14689
5.77,-5.5682364,14689
5.66,-2.7858527,14689
5.66,-5.011313,14689
5.64,-4.5095963,14689
5.64,-6.769708,14689
5.57,-6.8442607,14689
5.52,-5.603787,14689
5.5,-4.6117387,14689
5.45,-5.253778,14689
5.37,-3.4761734,14689
5.33,-3.3272207,14689
5.31,-4.6327133,14689
5.3,-4.976665,14689
5.25,-4.92378,14689
5.21,-4.3919287,14689
5.04,-1.5579203,14689
4.89,-4.6694984,14689
4.82,-5.1004205,14689
4.74,-3.9568353,14689
4.66,-3.4363747,14689
8.85,3.3659635,5309
8.28,2.9435658,5309
7.72,0.8929416,5309
7.55,-0.71323144,5309
7.52,-0.3335697,5309
7.43,-1.2741618,5309
7.41,-2.8668563,5309
6.88,-1.4273471,5309
6.87,-2.372055,5309
6.83,-2.6802003,5309
6.78,-6.0138917,5309
6.78,-0.90628386,5309
6.36,-1.4244742,5309
6.34,-4.855708,5309
6.29,-2.9280453,5309
6.23,-1.4443053,5309
6.12,-2.0622199,5309
6.09,-2.6676617,5309
5.98,-0.87941515,5309
5.64,-5.8414774,5309
5.49,-2.0767393,5309
5.21,-4.269604,5309
6.3,-0.9076582,1398
5.49,-0.9141195,2289
9.0,-1.7089603,6074
9.0,-4.0336175,6074
9.0,-3.339559,6074
9.0,-2.881028,6074
9.0,-4.7728767,6074
9.0,-3.9145272,6074
9.0,-2.131224,6074
9.0,-3.8142767,6074
9.0,-1.0657471,6074
9.0,-2.9399798,6074
8.96,1.1606829,6074
8.85,-2.167025,6074
8.7,-1.4670634,6074
8.37,1.9825445,6074
8.3,-1.8916018,6074
8.19,-1.6338353,6074
8.04,-3.579275,6074
8.0,1.862548,6074
7.92,1.09103,6074
7.72,-1.083258,6074
9.1,2.6103032,8247
8.89,1.8095953,8247
8.77,5.9935794,8247
8.54,0.5391685,8247
8.37,0.07725294,8247
8.15,1.5490812,8247
8.08,0.63385785,8247
7.78,3.2908678,8247
7.51,1.030392,8247
7.47,-0.08031885,8247
7.36,-0.33222172,8247
6.9,-0.33374408,8247
6.78,-0.38128957,8247
6.53,-2.1181407,8247
6.38,-1.617845,8247
6.31,-1.8895931,8247
6.55,-3.9731474,9114
5.33,-1.0443649,14282
8.0,-4.529282,12036
6.7,-5.085994,12036
6.66,-2.2611463,12036
6.02,-2.0124476,12036
5.87,-1.9345887,12036
6.1,-3.748167,931
5.9,-2.835063,931
9.15,0.8314806,10514
7.28,-1.0917995,515
6.05,-1.4136181,1429
8.74,0.14849243,4720
9.0,0.2998338,9892
6.14,-2.8684442,1920
6.13,-5.1722984,1920
5.92,-3.025131,1920
5.85,-5.943043,1920
5.85,-1.6640047,1920
5.75,-2.4609694,1920
5.7,-4.165715,1920
5.68,-2.9275644,1920
5.66,-4.0081897,1920
5.66,-4.52813,1920
5.62,-1.042144,1920
5.55,-4.799927,1920
5.54,-2.5169208,1920
5.5,0.5922713,1920
5.42,-4.0000386,1920
5.38,-4.731584,1920
5.36,-1.0746679,1920
5.3,-5.487854,1920
5.25,-3.1947017,1920
5.24,0.4083681,1920
5.18,-5.581363,1920
5.17,-1.7712523,1920
5.16,-3.862348,1920
7.22,-3.8482516,16049
7.22,-0.036760088,16049
7.1,0.15669198,16049
7.0,-2.8599296,16049
6.96,-2.3395927,16049
6.92,-0.20347811,16049
6.17,-1.5094025,16049
6.08,-2.6347284,16049
5.9,-1.236778,16049
5.86,-3.5290651,16049
5.72,-2.4405804,16049
5.32,-4.6126885,16049
5.31,-2.5613163,16049
4.97,-1.2246419,16049
4.79,-1.6314673,16049
9.47,2.92338,6078
9.42,4.0263996,6078
9.15,-0.14086103,6078
8.64,-0.050329745,6078
8.21,-0.6258091,6078
8.09,0.9749501,6078
8.0,-2.4019382,6078
7.41,-1.1617124,6078
8.52,-2.4370809,6192
8.22,-5.132495,6192
7.82,0.046444993,6192
7.72,-4.14854,6192
7.64,-1.842163,6192
7.64,0.2814638,6192
7.52,-4.4160852,6192
7.52,-4.1646605,6192
7.47,-2.774159,6192
7.44,-1.1448486,6192
7.41,-4.413978,6192
7.4,-3.8244622,6192
7.33,-2.606575,6192
7.33,1.2280954,6192
7.32,-0.06092766,6192
7.17,-0.5821934,6192
7.16,-0.7044871,6192
7.13,-2.509178,6192
7.1,-1.3500643,6192
7.08,-3.0044215,6192
7.01,-4.4629135,6192
7.0,-8.211926,6192
7.0,-3.2363546,6192
6.98,-0.071599014,6192
6.98,-4.8431277,6192
6.97,-3.154508,6192
6.97,-2.1502824,6192
6.94,-2.2490811,6192
6.92,-4.9870358,6192
6.9,-4.8958874,6192
6.9,3.155685,6192
6.89,0.5731785,6192
6.88,-5.304331,6192
6.88,-6.901158,6192
6.84,-2.528129,6192
6.8,1.2930443,6192
6.8,0.904557,6192
6.8,-0.99745774,6192
6.8,-1.5424182,6192
6.78,-0.6958536,6192
6.77,-7.0461106,6192
6.77,0.020087164,6192
6.77,-6.9513574,6192
6.76,-5.0499473,6192
6.76,-4.7750926,6192
6.71,-4.34653,6192
6.7,-7.0161557,6192
6.67,-3.6228573,6192
6.67,-2.951542,6192
6.65,-4.4289107,6192
6.65,-3.6062853,6192
6.6,-5.4743285,6192
6.6,-5.1387568,6192
6.55,-5.0667663,6192
6.51,1.1729406,6192
6.48,-10.259498,6192
6.46,-1.1374171,6192
6.46,-5.797729,6192
6.43,-5.445466,6192
6.43,-2.2374375,6192
6.41,-2.1296175,6192
6.4,-8.230665,6192
6.36,-6.558361,6192
6.36,-0.48043084,6192
6.34,-2.7246203,6192
6.34,1.0865575,6192
6.33,-2.7917635,6192
6.27,-7.5607777,6192
6.27,-6.723676,6192
6.26,-6.844794,6192
6.23,1.3016192,6192
6.23,-6.965953,6192
6.2,1.3736815,6192
6.19,-2.466246,6192
6.19,-3.9688802,6192
6.16,-1.5341638,6192
6.14,-7.133187,6192
6.1,-7.5836625,6192
6.1,-1.0045689,6192
6.1,-6.147142,6192
5.97,-4.324591,6192
5.96,-1.6419994,6192
5.95,-5.1890073,6192
5.91,-0.97558606,6192
5.89,-5.480843,6192
5.89,-7.2888017,6192
5.89,-3.405359,6192
5.89,-6.1663527,6192
5.87,-0.082865946,6192
5.87,-3.5922308,6192
5.83,0.3743247,6192
5.83,-3.220182,6192
5.82,-1.228467,6192
5.8,-9.026738,6192
5.8,2.9911814,6192
5.79,-0.5924206,6192
5.77,-5.8910656,6192
5.74,-4.996055,6192
5.67,-0.911512,6192
5.57,-0.7304121,6192
5.51,-2.3247283,6192
5.51,-8.421341,6192
5.51,-7.845018,6192
5.48,-3.3809085,6192
5.43,-4.8887315,6192
5.41,-4.0152574,6192
5.38,2.8618636,6192
5.38,-3.9714978,6192
5.26,-2.247607,6192
5.26,-9.56801,6192
5.2,1.2263466,6192
5.17,-4.901332,6192
5.07,-6.2308755,6192
5.06,0.009358458,6192
5.03,-1.6013287,6192
5.03,-1.6776624,6192
5.03,1.2151928,6192
5.02,-3.1588469,6192
5.01,-4.1664157,6192
4.91,-1.154709,6192
4.81,-0.6600367,6192
6.58,-0.7636756,6824
8.7,-1.529589,1529
7.68,-0.009228013,1529
7.3,-1.238815,1529
7.21,-2.355009,1529
7.02,-1.0337445,1529
5.5,-3.6051252,1529
5.48,0.0725154,1529
5.09,-4.516829,1529
8.66,1.041357,10953
8.1,1.542335,10953
8.03,1.542335,10953
7.72,1.542335,10953
7.43,1.8657168,10953
6.75,-3.683246,10953
5.54,-0.21698907,13703
7.89,-0.6852436,16430
7.36,1.5018952,4810
6.76,2.3096266,4810
6.64,2.674728,4810
5.34,-0.29220334,4810
7.62,-2.796654,9799
7.47,-0.9795835,15579
7.22,-2.6019218,15579
6.0,-1.7308445,15579
6.0,-3.2747371,15579
5.37,-4.2827687,15579
9.52,-0.11653705,10797
8.89,0.24258125,10797
8.19,1.0346997,10797
6.8,0.7590568,3061
6.7,-3.9768178,3061
6.5,-1.0376258,3061
5.8,-4.037905,3061
5.6,-0.32570556,3061
5.5,-0.91584384,3061
5.4,-2.0138102,3061
5.3,-3.286579,3061
5.2,-1.0352365,3061
5.0,-3.8805976,3061
5.0,-3.2026968,3061
4.9,-2.5526655,3061
4.8,-2.948676,3061
4.6,-3.2260282,3061
6.12,-0.068432465,17658
9.72,-1.437246,6437
5.37,-1.2321477,6437
8.89,1.3195763,1355
5.24,-2.8169153,11844
5.17,-3.3104317,11844
5.09,-3.364718,11844
5.06,-4.867848,11844
4.61,-3.284274,11844
7.52,-5.4267583,10078
7.16,-3.6916616,10078
7.1,-3.9304037,10078
7.0,-3.8387167,10078
6.92,-1.6332381,10078
6.82,-2.978905,10078
6.72,-3.8565156,10078
6.7,-5.2999654,10078
6.62,-2.4805295,10078
6.47,-2.06056,10078
6.25,-1.5127673,10078
6.1,-4.453026,10078
7.0,-4.312253,1054
6.7,0.58383644,1054
6.52,-1.4721286,1054
6.22,-0.49083176,1054
5.85,-0.83434176,1054
4.57,-4.935759,1054
4.34,1.3005567,1054
4.07,-2.046032,1054
6.15,-2.2356331,8623
5.24,-2.8009784,17154
5.25,2.4587197,12276
7.96,1.0026654,16969
7.57,-3.7070143,13056
6.72,-1.5860384,13056
8.76,-1.2165291,4730
7.7,0.11464735,16370
7.7,0.45765433,16370
7.58,1.1074831,16370
7.57,0.491276,16370
7.57,3.4955182,16370
7.55,-2.452033,16370
7.52,1.3383747,16370
7.52,1.0520567,16370
7.5,0.2765392,16370
7.47,-0.28094584,16370
7.47,0.07787407,16370
7.47,1.6619985,16370
7.46,-0.7732732,16370
7.43,1.1287795,16370
7.4,-0.43561307,16370
7.4,-0.27349007,16370
7.36,-2.7724683,16370
7.36,-0.9289292,16370
7.35,1.3803921,16370
7.34,-0.6140505,16370
7.34,-1.8899862,16370
7.28,2.2864292,16370
7.25,1.9779973,16370
7.24,-0.16173215,16370
7.24,1.4759108,16370
7.24,-0.35642055,16370
7.24,-1.659891,16370
7.22,2.6833382,16370
7.19,-4.622516,16370
7.17,2.475658,16370
7.12,1.889637,16370
7.1,2.119298,16370
7.07,0.58107567,16370
6.97,1.0524471,16370
6.92,1.1781561,16370
6.92,-3.7750554,16370
6.86,2.4341927,16370
6.85,0.18073338,16370
6.84,1.8814249,16370
6.83,-1.8898382,16370
6.82,-5.2109857,16370
6.8,-1.9071081,16370
6.7,-3.2787056,16370
6.68,0.075881496,16370
6.62,-0.946218,16370
6.55,1.6532959,16370
6.53,1.722264,16370
6.27,2.7138355,16370
6.13,-0.44132075,16370
5.7,0.78561306,16370
5.1,-4.092795,16370
5.79,-0.43609273,54
9.0,-0.764678,1298
8.52,-3.1754186,1298
7.72,-1.6024404,1298
7.62,-2.6101649,1298
7.52,-2.6521237,1298
7.5,-2.529217,1298
7.06,-1.7973756,1298
6.97,-2.991674,1298
6.82,-1.4325963,1298
6.27,-0.68443215,1298
6.06,-1.7658433,7349
5.82,0.71546805,42
5.82,2.0703297,42
5.75,-0.6777041,42
5.72,-1.8129983,42
5.62,-0.7453009,42
5.12,-0.58978975,42
5.01,-0.09757377,42
4.85,0.94173276,42
4.75,0.6061847,42
4.67,-0.37435362,42
4.66,1.01437,42
4.64,-1.0435847,42
4.32,0.34927636,42
4.31,-0.058176093,42
6.54,-0.7184063,14372
6.76,1.4248718,8837
6.5,2.4142487,8837
8.77,0.017076049,10205
6.07,-2.2605426,1630
5.9,1.009365,1630
5.83,-3.5699718,1630
5.7,-2.3875947,1630
5.49,-3.5580966,1630
5.3,-3.87875,1630
7.42,1.3911934,10909
7.38,-1.501814,10909
6.95,3.907545,10909
7.2,-2.9173431,12366
6.8,-0.5128038,14742
6.68,-3.3790452,14742
6.4,-3.287541,14742
6.36,-0.59160507,14742
5.75,-0.46061584,14742
9.4,4.916272,17079
9.1,-1.0981687,17079
9.1,-2.6606624,17079
9.1,3.5344954,17079
9.0,1.3523539,17079
8.7,2.1089253,17079
8.7,-7.261955,17079
8.3,-4.5291286,17079
8.1,2.7154264,17079
8.0,-1.377934,17079
7.82,-2.9404337,17079
7.8,-1.035439,17079
7.42,-3.6165185,17079
7.27,-3.4667432,17079
7.22,-4.2096562,17079
7.22,1.4723456,17079
7.22,2.7140758,17079
6.33,3.0365264,17079
6.2,-1.628154,17079
6.05,-1.7185968,17079
6.03,4.2819757,17079
8.22,0.6442888,4719
8.14,0.0055689327,4719
7.62,0.37545732,4719
7.46,0.2917326,4719
7.3,0.01843334,9317
6.72,-2.5410058,9317
6.28,1.1263756,9317
4.85,-2.461158,16659
4.55,0.16667205,16659
4.44,-0.019095872,16659
4.39,0.9148772,16659
4.29,-0.1505031,16659
4.28,-1.2227364,16659
4.24,1.2847395,16659
4.21,0.27773055,16659
4.11,-3.1786318,16659
4.1,-0.9307929,16659
4.05,0.41676396,16659
4.03,0.7092999,16659
4.02,-0.09011565,16659
7.92,-0.21373715,4458
7.7,-1.265289,4458
7.7,0.8759041,4458
7.64,1.3210872,4458
5.05,0.04940036,4458
8.6,0.22502123,440
5.98,2.213455,2309
5.88,-4.4685507,2309
5.78,-1.3513949,2309
5.73,-4.475552,2309
5.69,-4.1682715,2309
5.68,-3.9932206,2309
5.67,-2.8516362,2309
5.65,2.4327228,2309
5.61,1.1654546,2309
5.61,-1.2255056,2309
5.53,-5.844609,2309
5.48,-3.6528995,2309
5.23,-1.6868246,2309
5.22,-8.141398,2309
5.07,-4.0323815,2309
5.04,-3.2737603,2309
4.95,-1.363003,2309
4.88,-7.0014515,2309
4.86,-4.8711824,2309
4.72,-1.6969731,2309
4.71,-4.291082,2309
4.71,-7.420398,2309
4.56,-1.0754728,2309
4.38,-6.55832,2309
4.18,-5.955642,2309
6.66,0.89755213,11091
8.89,0.7940593,10095
5.6,-2.4435766,5920
5.6,-4.810438,5920
5.57,-5.113384,5920
5.57,-1.7564416,5920
5.55,-3.328135,5920
5.51,-3.8874538,5920
5.5,-3.801519,5920
5.5,-2.3909423,5920
5.48,-5.29261,5920
5.46,-2.752135,5920
5.43,-3.6987133,5920
5.43,0.35217452,5920
5.38,-6.5176873,5920
5.37,-3.4391332,5920
5.24,-4.8195586,5920
5.19,-4.7159867,5920
5.12,-3.4075887,5920
7.77,2.1693156,14343
7.28,0.89426017,14343
5.04,-3.0672524,3520
6.92,0.86796916,8609
4.73,-4.9164224,14179
7.28,-0.35160294,13262
8.7,3.5812862,15263
8.3,2.4238842,15263
8.3,1.1896437,15263
8.22,1.2858512,15263
8.15,-3.1243608,15263
8.1,0.90527,15263
8.1,-0.55746365,15263
8.1,3.230805,15263
8.0,-2.8494632,15263
8.0,-2.370741,15263
7.46,-0.8505033,15263
7.31,-3.4224916,15263
7.24,-3.2552931,15263
7.21,-1.5463449,15263
7.17,0.44959328,15263
7.16,-0.3123453,15263
7.15,-2.331298,15263
7.1,-2.4052663,15263
7.06,-2.5997438,15263
7.03,-2.6050868,15263
7.02,0.44959328,15263
7.01,-3.944651,15263
7.0,-1.333614,15263
6.51,-0.42280212,15263
5.54,0.3473062,413
7.13,1.776162,4747
6.9,-0.026553482,4747
6.58,0.7939576,4747
6.53,0.7939576,4747
5.89,-0.7254131,4747
5.06,-0.026553482,4747
4.3,-0.22375119,1024
7.85,-1.7882909,1153
7.72,-0.79241705,1153
7.41,1.068669,1153
7.34,-3.1564567,1153
7.28,-4.0465536,1153
7.23,-0.10255105,1153
6.75,-6.3218904,1153
6.18,-4.354691,1153
6.74,1.0742704,11632
7.33,-1.6949768,15873
7.23,3.6879768,15873
6.96,-1.3415036,15873
6.68,-2.5435417,15873
6.6,-1.6528463,15873
6.55,-1.3332925,15873
6.5,-2.445883,15873
6.47,-2.1994193,15873
6.43,-2.6075866,15873
6.29,-2.2816896,15873
6.15,-1.0341709,15873
5.89,-2.4263785,15873
5.47,-2.9921649,15873
8.22,3.1032426,12546
6.81,2.0691307,13743
8.42,-2.5271685,388
8.42,-1.4685786,388
8.37,-2.4647472,388
8.36,-1.7996645,388
8.25,-0.2391985,388
8.25,-1.9122999,388
8.14,-2.4054058,388
8.09,-0.5172851,388
8.07,-1.526228,388
8.0,-1.2323694,388
7.96,0.49432996,388
7.94,-4.1079116,388
7.81,-0.95107055,388
7.75,-0.44494736,388
7.56,-2.610846,388
7.55,-2.481651,388
7.54,-3.847764,388
7.52,-0.2391985,388
7.51,-3.3355992,388
7.38,-0.9072287,388
7.35,-3.2054577,388
7.3,-1.2615522,388
7.28,-2.341553,388
7.16,-0.56338227,388
7.04,0.45248953,388
6.79,0.2177102,388
5.17,-5.25811,2370
8.15,-0.5110979,4861
7.72,1.2450159,4861
7.38,1.3032174,4688
7.38,-2.5110934,4688
7.28,0.3311706,4688
7.27,-3.645871,4688
7.24,0.70784116,4688
7.12,0.65637994,4688
6.43,0.559268,4688
10.7,1.1508304,8648
10.4,-0.16128038,8648
10.22,1.2499725,8648
10.15,3.308702,8648
10.0,5.458703,8648
10.0,4.0359664,8648
9.8,2.9636424,8648
9.74,4.664569,8648
9.72,3.4722543,8648
9.62,3.0259295,8648
9.52,2.163099,8648
9.4,5.1806803,8648
9.4,2.8886652,8648
9.3,1.3564098,8648
9.22,1.1947156,8648
9.05,0.23216131,8648
8.85,2.4127364,8648
8.52,0.7453793,8648
8.26,-0.9833535,9128
8.26,-3.2968223,9128
7.81,-4.1202993,9128
7.59,-0.1558389,9128
7.55,1.1720821,9128
7.55,0.73366046,9128
7.51,-1.349558,9128
7.49,2.732879,9128
7.49,0.43485323,9128
7.48,-2.5000858,9128
7.47,1.196037,9128
7.45,-0.4806042,9128
7.33,0.8103019,9128
8.17,-2.4317927,1407
7.75,-0.17663634,1407
7.52,-1.7123339,1407
7.51,-2.3969421,1407
7.18,-2.4505694,1407
7.5,-0.08411546,93
7.3,-0.14552793,93
9.82,-6.635079,14235
8.18,-2.1257255,14235
7.52,-7.9014773,14235
6.42,0.058470756,12433
7.06,-0.15876281,12019
8.7,1.3633213,17384
8.52,2.6466317,17384
8.22,-1.0165689,17384
8.22,-0.61207354,17384
8.15,1.988043,17384
8.05,2.032684,17384
7.92,-1.1387895,17384
7.17,2.002797,17384
6.12,-2.2787669,13000
4.3,-2.5140088,1996
4.23,-2.2888465,1996
4.22,-4.2052155,1996
4.14,-1.5434809,1996
4.06,-1.7488712,1996
4.01,-2.5153959,1996
4.0,-2.53994,1996
7.42,-1.9429847,4725
6.51,-0.7941197,4725
6.34,-0.9677187,4725
5.82,-3.2783198,4725
7.39,-0.7821262,3446
5.66,-1.1536113,9430
5.42,-1.5489452,9430
9.1,1.762228,7304
8.74,1.3868357,7304
8.66,1.4690216,7304
8.59,1.4300857,7304
8.52,1.4300857,7304
8.51,1.6143665,7304
8.41,-0.27873713,7304
8.4,1.214907,7304
8.39,0.6970339,7304
8.39,0.940588,7304
8.31,1.6143665,7304
8.3,1.341289,7304
8.25,1.1906741,7304
8.1,0.8438766,7304
8.09,0.52262855,7304
8.05,1.2485914,7304
8.02,1.3868357,7304
7.96,0.2292503,7304
7.89,-1.2357446,7304
7.8,0.38799775,7304
7.77,0.23358645,7304
7.52,0.2537864,7304
7.52,0.4029317,7304
7.5,-0.64653623,7304
7.27,0.17281091,7304
7.19,-0.39091334,7304
7.1,-0.6297668,7304
7.07,-0.36896452,7304
7.03,-1.7368801,7304
6.85,-1.3284155,7304
6.82,-0.7205248,7304
6.8,-2.030198,7304
6.77,0.09737404,7304
7.38,0.82849395,15000
7.27,-1.5164045,12501
7.08,4.0034337,12501
7.0,3.6668396,12501
6.88,-1.5154631,12501
6.8,-4.6643085,12501
6.65,-3.4392593,12501
6.65,1.1869447,12501
6.64,0.41952434,12501
6.62,2.982631,12501
6.51,0.10289449,12501
6.46,-1.9410362,12501
6.35,-3.9360142,12501
6.34,1.4820616,12501
6.3,-2.5371988,12501
6.25,-1.1436331,12501
5.97,-1.4377589,12501
5.94,-0.7688726,12501
5.89,-1.5121313,12501
5.54,-0.39825925,12501
5.47,3.8522391,12501
5.3,0.5504124,12501
5.26,-2.4642,12501
5.21,-2.966052,12501
5.05,-3.5064645,12501
8.13,-0.0075626895,13292
7.98,-3.5712323,13292
7.87,-0.32967466,13292
10.05,0.5536512,2529
9.7,-0.14134406,2529
9.66,1.6413733,2529
9.66,2.7809033,2529
9.57,1.8750607,2529
9.28,3.3070457,2529
9.22,3.6467197,2529
9.19,2.1558175,2529
9.11,2.193051,2529
8.7,2.550058,2529
8.68,0.14896038,2529
8.6,2.039934,2529
8.44,0.42726228,2529
8.2,2.6735044,2529
8.05,5.074069,2529
7.89,4.8971076,2529
7.8,2.0909293,2529
7.8,0.027905956,2529
7.07,0.30823138,2529
6.6,-0.41310203,2529
5.54,2.5745199,2529
5.3,5.339413,12043
4.77,-0.136024,12043
4.08,2.1141653,12043
9.0,1.6146516,14432
6.24,-1.9170908,6058
6.11,-4.5971265,6058
5.54,-0.18914944,17790
8.15,0.17057312,9762
6.35,1.6142366,9762
5.6,2.3530996,9762
5.46,0.9827775,9762
5.19,-3.7176213,9762
5.09,1.5943251,9762
5.05,0.62435424,9762
4.89,0.6024196,9762
4.78,0.059151754,9762
4.19,-2.8425684,9762
8.4,2.851865,5218
7.19,-2.5207307,5649
5.09,-1.6538908,14019
4.25,-3.8917866,14019
5.17,-2.3144674,17401
7.54,-1.2905611,229
5.96,-3.678852,767
8.68,2.9856253,8502
8.66,2.158896,8502
8.55,-0.9392134,8502
8.22,-0.46527216,8502
8.12,0.1456113,8502
7.96,4.556945,8502
7.85,3.544789,8502
7.68,1.2635403,8502
7.62,-1.3470333,8502
6.89,-0.15776643,8502
6.58,-3.7910593,8502
6.52,-1.5963328,8502
8.4,-4.509277,8147
7.72,-0.7888901,8147
7.62,-2.9302576,8147
7.43,-1.8254281,8147
6.65,-2.489248,8147
8.6,0.74969435,9052
6.77,-0.9096037,12393
7.21,-0.89759004,3918
7.8,3.04565,13231
7.5,3.683255,13231
7.2,-0.6332823,13231
7.2,0.3352376,13231
7.2,0.09172745,13231
7.0,1.1801968,13231
6.8,1.1696256,13231
6.7,1.7998168,13231
6.7,4.234247,13231
6.6,-1.6356488,13231
6.5,3.0903351,13231
6.4,-2.0104268,13231
6.4,-0.496143,13231
6.4,2.7026677,13231
6.3,-1.8199599,13231
6.3,-0.90284264,13231
6.3,-0.8440244,13231
6.3,-1.4814839,13231
6.2,2.8500357,13231
6.2,-1.3056769,13231
6.2,-1.6062993,13231
6.1,-0.8879181,13231
6.1,-2.683434,13231
6.0,-3.8290699,13231
6.0,-2.683434,13231
6.0,-2.005838,13231
6.0,-2.305608,13231
6.0,-2.8001523,13231
6.0,-2.5609097,13231
5.9,-2.5371072,13231
5.9,-2.9927201,13231
5.9,-3.3131423,13231
5.9,-3.9536083,13231
5.8,1.0609181,13231
5.8,0.06661093,13231
5.8,-2.7108433,13231
5.7,-2.0150092,13231
8.22,-1.5074415,3134
8.22,-0.4402425,3134
8.22,-1.567349,3134
8.15,-1.638141,3134
8.15,-2.0687156,3134
8.1,-2.2981453,3134
8.05,0.19430275,3134
8.05,-2.077971,3134
8.05,-0.5469223,3134
8.0,-4.038672,3134
8.0,-0.0979906,3134
7.96,1.363568,3134
7.96,-0.29293796,3134
7.92,0.67951024,3134
7.89,0.424035,3134
7.85,-0.44582596,3134
7.7,-2.0754447,3134
7.7,-2.154812,3134
7.52,-0.39780095,3134
7.52,-1.1138929,3134
7.4,0.2592066,3134
7.3,-1.3644462,5318
6.92,-1.1283588,5318
6.75,-0.7492912,5318
6.66,-2.5691447,5318
6.64,0.7521609,5318
6.62,-4.569955,5318
6.55,-2.6949055,5318
6.55,-5.9623604,5318
6.51,-3.0075045,5318
6.48,-2.3778942,5318
6.43,-0.4949105,5318
6.43,-3.388347,5318
6.4,-2.294814,5318
6.3,-3.0762057,5318
6.29,-4.1826987,5318
6.24,-4.516863,5318
6.24,-4.4852147,5318
6.15,-3.428654,5318
6.08,-0.85970235,5318
6.06,0.03988387,5318
6.06,-3.5035806,5318
6.04,-3.969509,5318
5.98,-4.658953,5318
5.95,-3.30983,5318
5.92,-3.0852616,5318
5.76,-3.3931913,5318
5.05,-3.009294,5318
8.0,-0.58931184,15593
7.7,3.5689526,15593
7.7,1.986186,15593
7.7,1.986186,15593
7.52,-0.526988,15593
7.4,0.2897689,15593
7.3,0.2897689,15593
7.22,0.71709573,15593
7.16,-0.526988,15593
7.1,-0.58931184,15593
7.0,-1.9716183,15593
6.62,-1.2340629,15593
6.39,-3.3093302,15593
6.39,-2.5661101,15593
6.37,-3.3945525,15593
6.27,-4.3582125,15593
6.04,-3.7382858,15593
5.92,-4.766875,15593
5.66,-3.7851691,15593
5.52,-0.526988,15593
5.48,-2.5002267,15593
5.29,-2.9839735,15593
5.17,-0.17527062,15593
5.02,-4.9381156,15593
4.47,-6.0231895,15593
6.94,-1.0735929,6906
6.52,-1.8233745,6906
6.01,-2.2290637,6906
7.66,-0.7766714,9232
5.0,-2.8550026,7511
6.82,-3.0605836,11459
6.8,-0.7206279,11459
6.72,1.2592264,11459
6.7,-3.5080674,11459
6.68,-2.5824213,11459
6.6,-4.4799185,11459
6.54,-3.654162,11459
6.52,-5.7379546,11459
6.41,-6.926036,11459
6.31,-5.6533136,11459
6.24,-3.6705081,11459
6.22,-4.3971024,11459
6.22,-4.610326,11459
6.2,-1.5404891,11459
6.15,-3.4982374,11459
6.04,-6.1097484,11459
5.8,-0.98350513,11459
6.85,-0.7325934,9721
6.59,-0.38201353,11516
6.4,-2.7308147,11516
6.24,4.391168,11516
7.68,1.7865248,6952
7.62,-0.03740159,6952
7.48,-3.8723593,745
6.37,2.0642943,4537
6.31,2.0642943,4537
6.02,1.4495364,4537
9.0,1.3187249,7761
8.92,-1.3784435,7761
8.77,-0.5066854,7761
8.74,-0.19811344,7761
8.62,-1.485705,7761
8.6,1.7562097,7761
8.6,-0.8039241,7761
8.51,-0.043241635,7761
8.47,1.9479865,7761
8.43,0.242458,7761
8.41,1.0814615,7761
8.39,1.3729504,7761
8.38,3.1538608,7761
8.32,0.6491833,7761
8.32,1.8957298,7761
8.32,-0.46944225,7761
8.28,-0.2722972,7761
8.26,0.01375328,7761
8.25,2.6957831,7761
8.21,0.5441505,7761
8.17,-0.8623558,7761
8.17,-1.0017908,7761
8.17,1.4061677,7761
8.15,1.2427429,7761
8.14,-1.4535608,7761
8.12,1.3170469,7761
8.08,-0.79437315,7761
8.02,-2.952698,7761
8.0,0.32195115,7761
8.0,1.0387635,7761
8.0,-4.498858,7761
7.96,-0.7604474,7761
7.89,-1.0076058,7761
7.89,-0.46512097,7761
7.85,2.4604342,7761
7.85,-1.410645,7761
7.82,0.860698,7761
7.82,0.08979288,7761
7.77,-3.2979178,7761
7.77,0.4693827,7761
7.77,-0.77509034,7761
7.75,2.5058105,7761
7.66,0.5876566,7761
7.64,1.0407559,7761
7.58,-2.7875257,7761
7.51,2.0582263,7761
7.44,3.093898,7761
7.44,-2.8449912,7761
7.42,-0.60522056,7761
7.28,2.089716,7761
7.22,-0.8934512,7761
7.2,-1.9712683,7761
7.19,-0.5552864,7761
7.16,3.4346414,7761
7.01,4.7646065,7761
6.92,1.8289465,7761
6.92,5.12566,7761
6.92,0.68201065,7761
6.89,3.0679538,7761
6.89,-0.18008587,7761
6.87,0.68576264,7761
6.82,1.4403822,7761
6.81,8.232622,7761
6.78,7.590302,7761
6.67,2.7255335,7761
6.64,1.3824856,7761
6.52,6.340155,7761
6.51,3.9789126,7761
6.28,1.7389802,7761
6.0,0.4051218,7761
5.74,-2.4850814,7761
4.7,-1.9355043,7761
4.7,-0.8001083,7761
8.44,1.7125056,5588
7.65,1.8291825,5588
7.89,-1.4646401,2681
6.97,-2.0285647,2681
6.63,-1.6022215,2681
6.31,1.4927819,2681
9.31,0.69837856,6144
9.15,-0.45054698,6144
9.11,-0.916168,6144
9.1,0.8673209,6144
8.91,0.0042244047,6144
8.8,-1.2349494,6144
8.72,0.9530709,6144
8.66,-1.4881701,6144
8.59,-0.081883475,6144
8.48,-0.7210382,6144
8.48,-1.6624842,6144
8.32,-0.36949125,6144
7.8,-0.28307188,6144
7.79,0.677341,6144
7.74,-0.8840821,6144
7.65,-0.91346014,6144
7.51,-2.7904665,6144
6.8,0.63194263,5506
7.72,0.86779416,528
7.07,-4.6331635,528
6.77,-3.0157719,528
9.7,4.745195,17234
7.0,-1.2163302,17234
6.05,-3.4572546,17234
5.82,-2.627708,16618
6.36,2.2715316,13994
6.05,-1.5580823,9797
9.1,0.669901,16781
8.31,3.1669827,1967
8.3,1.2641194,1967
8.3,0.5495988,1967
8.2,2.404998,1967
8.15,2.0795033,1967
8.1,3.0570652,1967
8.06,-0.054047935,1967
8.05,3.348906,1967
7.92,0.42194566,1967
7.92,0.6409751,1967
7.89,0.7002919,1967
7.89,1.3709918,1967
7.75,-0.7205864,1967
7.72,0.07011447,1967
7.48,3.4795716,1967
6.99,-0.7698865,1967
6.52,-3.5638797,1967
6.48,-0.23306435,1967
6.47,-1.25366,1967
6.17,-0.22067483,1967
6.13,-0.38313428,1967
6.12,0.6895273,1967
5.94,-4.4285274,1967
5.9,-5.115015,1967
5.6,-0.25089455,1967
5.55,-2.9517505,1967
5.4,-1.0894663,1967
7.8,2.6337616,12537
9.0,3.3279555,4411
8.92,-4.260544,4411
8.74,3.7893858,4411
8.62,0.9045315,4411
8.42,-1.3297293,4411
8.2,2.5375104,4411
8.15,3.77282,4411
7.92,2.1097143,4411
7.92,0.5411174,4411
6.94,-0.8550366,4411
6.62,1.7644577,4411
8.8,1.1688484,2713
6.21,0.1570395,3288
5.75,-0.8985374,3288
8.7,3.7380228,5801
8.15,-1.298824,5801
8.1,2.088194,5801
4.96,-3.3336303,10351
6.26,2.0943272,14984
5.06,-2.2532785,11527
7.52,-1.6021426,6099
7.16,-2.2355404,6099
7.05,-1.6021426,6099
6.96,-2.6015756,6099
6.7,-2.2355404,6099
6.66,-2.6015756,6099
6.41,-2.62972,6099
6.16,-4.5860825,6099
6.0,-2.62972,6099
5.96,-4.5860825,6099
8.64,2.0751948,6384
7.02,0.17591184,12706
5.43,-2.9212425,15227
8.7,-0.30934796,11244
8.22,2.139231,11244
8.22,1.518179,11244
8.1,-0.948998,11244
8.1,-2.4928458,11244
8.0,-2.916188,11244
7.96,0.38524693,11244
7.57,-0.37174198,11244
7.55,1.0466948,11244
7.44,1.3072011,11244
7.42,-1.9237112,11244
7.41,1.5472454,11244
7.38,1.6767253,11244
7.3,-0.09512919,11244
7.28,-0.1014493,11244
7.28,2.2618852,11244
7.25,-0.09140626,11244
7.21,-1.2615471,11244
7.18,2.4250329,11244
7.14,1.3825476,11244
7.1,-1.2941148,11244
7.09,1.0969701,11244
6.66,-1.143353,11244
6.53,-0.12636545,11244
6.35,0.17010629,11244
6.18,2.5651848,11244
7.32,1.8555536,3102
5.65,1.1529958,3961
5.4,-7.253936,3961
4.82,-1.5337688,3961
4.8,-7.6009116,3961
4.6,-1.5339606,3961
4.34,-2.281899,3961
8.1,-1.512451,4958
4.69,0.4995597,17626
8.19,-0.8739468,2847
5.48,-3.771343,2847
7.29,0.31513566,17839
7.0,0.30012605,17839
6.67,0.2506307,17839
6.48,-0.8837038,17839
6.26,-1.5306392,17839
6.2,-1.1525408,17839
6.11,-0.440572,17839
5.93,-3.2462802,17839
5.89,-3.982715,17839
5.79,-0.95525336,17839
5.52,-4.539417,17839
5.31,-0.8167012,17839
5.25,-2.7537527,17839
5.13,3.2984204,17839
7.0,0.9890814,12400
7.85,0.9906049,8758
9.0,0.8760245,741
9.0,4.2415786,741
9.0,1.9908037,741
9.0,1.4018338,741
9.0,1.9573153,741
9.0,1.9966834,741
9.0,3.0707378,741
8.52,1.6487151,741
8.52,1.3929555,741
8.22,-0.6410278,741
8.0,2.0488608,741
6.3,-4.0407195,741
6.44,0.5351751,16812
6.31,-1.4694129,16812
8.0,2.4511514,9596
6.82,-2.3185275,9596
6.62,1.1686785,9596
7.5,-0.6441355,8064
7.28,3.4935043,8064
6.52,-0.64958036,8064
7.62,2.6141777,16331
6.22,-1.1536915,16331
8.52,1.2025956,1727
8.3,1.9642155,1727
8.1,-1.9130349,1727
8.05,-2.4743347,1727
7.96,1.568043,1727
7.96,-1.6737431,1727
7.92,1.1060891,1727
7.85,2.1784508,1727
7.68,-0.81860006,1727
7.55,-1.6360865,1727
7.54,-4.016274,1727
7.52,2.0055964,1727
7.43,-3.2387094,1727
7.22,-2.6177347,1727
7.19,0.775705,1727
7.16,-1.7957568,1727
7.16,-1.8917137,1727
7.11,-3.1508265,1727
7.09,-0.6029805,1727
7.04,-2.6410532,1727
6.92,0.8243984,1727
6.81,-2.1809752,1727
6.8,-2.7798526,1727
6.75,-0.29116154,1727
6.74,-3.0490012,1727
6.7,-2.6113014,1727
6.7,-0.7230034,1727
6.6,0.24404238,1727
6.55,-0.5326463,1727
6.34,-2.0537965,1727
6.3,-3.4391735,1727
6.29,-2.2251623,1727
6.22,-1.4130203,1727
6.07,-5.276601,1727
6.04,-1.5290012,1727
5.98,-7.1100307,1727
5.89,-0.29116154,1727
5.82,-7.356598,1727
5.77,1.8363618,1727
5.77,-6.677716,1727
5.54,-2.1809752,1727
5.34,-3.5207477,1727
5.29,-2.7798526,1727
5.27,-3.863426,1727
8.49,2.8443055,3945
5.19,-1.3030071,17888
8.46,-4.3789687,6151
8.28,-0.20179869,6151
8.23,-4.7366996,6151
8.23,-1.3008587,6151
8.18,-0.5716152,6151
8.18,1.258327,6151
8.17,1.5012745,6151
8.16,-0.32732186,6151
8.16,-0.20179869,6151
8.05,-2.5820093,6151
8.03,0.07457489,6151
7.99,0.8099538,6151
7.94,-0.20179869,6151
7.88,-2.3486016,6151
7.88,-3.5727913,6151
7.85,-0.17712516,6151
7.83,-2.5286648,6151
7.82,1.2928517,6151
7.8,-2.196941,6151
7.79,-3.1730409,6151
7.77,-1.2973539,6151
7.72,-1.6773491,6151
7.66,-1.1067985,6151
7.64,-6.18901,6151
7.59,-4.3432064,6151
7.59,-0.019967966,6151
7.54,-4.746926,6151
7.53,-0.51379037,6151
7.52,-1.5609751,6151
7.49,-2.5648122,6151
7.43,-5.435361,6151
7.43,1.1045285,6151
7.41,-2.1744902,6151
7.4,-4.262052,6151
7.39,-1.7418629,6151
7.38,-0.27231103,6151
7.36,-2.1180818,6151
7.34,-4.731408,6151
7.34,0.7930585,6151
7.34,-3.144996,6151
7.33,-3.563288,6151
7.32,0.16201495,6151
7.31,1.1612641,6151
7.31,0.22065364,6151
7.29,-3.639998,6151
7.29,-3.852463,6151
7.24,-4.4130325,6151
7.24,0.1539557,6151
7.21,-0.30499822,6151
7.2,-3.198285,6151
7.19,-2.0834875,6151
7.18,-4.1371627,6151
7.18,-5.452596,6151
7.18,-4.0604086,6151
7.17,-3.286256,6151
7.17,-4.69985,6151
7.16,-3.7771258,6151
7.15,-2.8874645,6151
7.15,-6.3383756,6151
7.12,-1.1576552,6151
7.07,-3.400065,6151
7.03,1.7111182,6151
6.97,-0.41339573,6151
6.97,-3.6538806,6151
6.97,-4.5078216,6151
6.96,-3.0594163,6151
6.93,0.70085907,6151
6.93,-1.1094532,6151
6.9,-1.2576268,6151
6.89,-1.3109022,6151
6.86,-1.5469762,6151
6.77,-1.711313,6151
6.7,-6.276268,6151
6.55,1.1265082,6151
6.54,-1.9142381,6151
6.53,-0.98456347,6151
6.5,-4.8321195,6151
6.22,-0.686875,6151
8.97,0.07771845,8096
8.0,1.1218144,8096
6.54,-2.8102622,8096
5.87,-0.091622174,8096
5.82,0.7389933,8096
5.79,0.5347897,8096
5.6,1.4204528,8096
5.55,-0.36618072,8096
5.52,-0.6112709,8096
5.42,-0.3260172,8096
5.4,1.0338519,8096
5.36,0.7967459,8096
5.35,-1.4587104,8096
5.18,0.6840457,8096
5.16,-1.6745737,8096
5.12,-5.2597847,8096
5.03,-0.1944483,8096
5.0,0.13160208,8096
4.96,-0.65441513,8096
4.78,0.42802027,8096
5.73,-0.15253222,16611
8.15,2.1305377,6011
8.1,1.4115618,6011
8.1,0.5456357,6011
7.42,-2.218885,6011
7.11,-0.6378404,6011
6.32,0.90788174,6011
8.55,0.39601558,12750
8.48,-1.6709232,12750
8.29,-3.7889988,12750
8.28,-2.518483,12750
8.02,-1.5755496,12750
7.72,-1.3536676,12750
7.64,-2.5450025,12750
7.5,0.08080066,12750
7.31,-1.6963505,12750
7.74,0.5362718,1814
7.71,0.2773951,4409
6.1,0.3488291,13908
6.05,-5.0765605,13908
6.0,1.4579991,13908
5.89,-6.330161,13908
5.85,-1.747419,13908
5.66,-0.8452889,13908
5.44,1.6450427,13908
4.12,-1.8062083,5229
4.05,-2.8173268,5229
4.92,-0.64143586,4613
4.58,-5.3391833,4613
4.4,-4.653641,4613
4.24,-7.6255603,4613
9.0,1.1607372,2674
8.7,1.2243592,2674
8.52,-1.1937323,2674
8.52,-0.87702143,2674
8.52,-1.3615658,2674
8.52,-0.06842066,2674
8.15,0.9327116,2674
7.89,-0.73003674,8467
7.72,-1.1164708,8467
7.62,-2.0441654,8467
7.6,0.061404403,1001
7.4,1.1617786,1001
7.28,-0.27032414,1001
7.22,1.0623937,1001
7.18,1.3363004,1001
7.18,3.5015228,1001
7.17,0.80123293,1001
7.0,0.0612845,1001
7.0,-1.4972979,1001
6.96,3.5011017,1001
6.96,2.3023636,1001
6.89,1.4268645,1001
6.8,1.0053896,1001
6.18,-1.4161257,1001
5.96,-1.5843658,1001
5.8,0.40884703,1001
5.4,-0.9577725,1001
5.21,0.9733646,1001
9.97,2.935476,10505
5.05,1.440403,16080
5.02,-2.8966575,16304
7.01,-0.47848544,12779
6.83,-4.8120427,12779
6.68,-3.7041848,12779
6.12,-0.8666693,12779
5.99,-0.7158145,12779
6.0,0.06398412,13969
8.27,3.128604,13394
5.97,-1.2256987,520
7.82,0.33686355,5353
7.28,-1.9859579,5353
7.21,-2.3984268,5353
7.12,-0.31647608,5353
7.07,-3.310807,5353
6.96,-2.688945,5353
6.72,0.69642174,5353
6.57,-1.783921,5353
6.41,0.7678014,5353
6.35,-6.996285,5353
6.31,-1.5219742,5353
6.25,-2.729515,5353
6.22,-5.236313,5353
5.7,-6.940578,5353
5.68,-5.843356,5353
5.64,-6.2288704,5353
5.62,-5.112826,5353
5.55,-4.6673455,5353
5.33,-7.334399,5353
8.8,1.6083788,13740
8.54,1.0231951,13740
8.49,0.47600684,13740
8.25,1.6296494,13740
8.11,-0.9894618,13740
8.07,-0.2709611,13740
7.94,-0.37274876,13740
7.9,0.076364085,13740
7.88,-0.23536667,13740
7.64,0.039175972,13740
7.59,-1.6647607,13740
7.56,0.05317831,13740
7.46,-0.8553997,13740
7.4,-1.6570877,13740
7.39,-0.038623244,13740
7.39,-0.8911891,13740
7.19,2.4391258,13740
7.19,0.69472635,13740
7.06,0.5214523,13740
6.92,0.68532205,13740
6.85,1.6241962,13740
6.62,0.9144956,13740
6.58,-0.8282367,13740
6.23,1.1678205,13740
9.0,1.9343257,16093
8.7,3.3870254,16093
8.7,1.0711186,16093
8.7,2.0527294,16093
8.7,0.6950996,16093
8.7,-0.088107996,16093
8.52,2.0383449,16093
8.52,1.4127139,16093
8.52,1.636441,16093
8.52,0.6753888,16093
8.4,3.584953,16093
8.4,0.24788412,16093
8.4,1.107289,16093
8.4,2.4395502,16093
8.3,-0.45077994,16093
8.3,1.5762395,16093
8.22,0.8903285,16093
8.22,-0.45278758,16093
8.15,-0.33158064,16093
8.15,1.2899406,16093
8.1,2.7183676,16093
8.0,2.2146194,16093
7.96,1.7840148,16093
7.96,2.5867412,16093
7.92,2.4121377,16093
7.75,2.0247416,16093
7.72,2.789028,16093
7.7,3.0484715,16093
7.54,3.2260292,16093
7.44,0.75747347,16093
7.32,1.0856981,16093
6.64,-0.43008965,16093
8.77,-2.5149827,1784
8.7,0.86396897,1784
8.7,-3.0974274,1784
8.6,-0.33938006,1784
8.59,-2.9247713,1784
8.55,0.18159854,1784
8.52,0.9395746,1784
8.52,-2.1697009,1784
8.48,-1.7376174,1784
8.47,-3.7751763,1784
8.19,-2.5515172,1784
8.1,-1.1510389,1784
8.0,-3.1371167,1784
7.99,-2.2255726,1784
7.96,-3.6852472,1784
7.96,-2.3697119,1784
7.6,-1.4689112,1784
7.55,-1.5303012,1784
7.54,-2.1066785,1784
7.47,-2.0814686,1784
7.14,-2.8606682,1784
6.85,-4.1467705,1784
6.85,-0.23822439,1784
6.82,-3.9278514,1784
6.78,0.26399443,1784
6.75,-1.0007641,1784
6.54,-0.36144152,1784
6.4,0.5678792,1784
6.12,0.857329,1784
5.66,-4.3934283,1784
4.71,-1.5788099,1784
6.28,-0.27289745,15022
8.52,6.5912275,1160
8.52,0.71702373,1160
8.4,2.6808882,1160
8.3,3.0407448,1160
8.1,-0.22412044,1160
8.05,1.6745931,1160
8.0,0.7337092,1160
8.0,2.705426,1160
8.0,-0.33769393,1160
7.85,-1.5085605,1160
7.82,1.4004631,1160
7.8,-1.0993477,1160
7.77,-1.121882,1160
7.52,-0.9630121,1160
7.52,-3.1015978,1160
7.26,-0.5992788,1160
7.09,-1.2631462,1160
7.09,-3.2913682,1160
6.94,-0.22922492,1160
6.75,-0.9654312,1160
6.59,-0.52115285,1160
6.56,0.28111193,1160
6.44,0.09519462,1160
6.19,-1.0014244,1160
6.75,-1.3287446,4835
6.51,-1.6343734,4835
6.42,-1.8397214,4835
6.27,-2.855707,4835
6.23,-0.52993536,4835
6.2,-2.7369802,4835
6.18,-2.1759338,4835
6.13,-2.6665676,4835
6.04,-1.8611605,4835
8.7,-3.26841,16874
8.52,-0.27024803,16874
8.52,-0.85393274,16874
8.3,3.2969267,16874
8.15,1.2394525,16874
8.1,0.1504457,16874
8.0,-0.3152468,16874
7.92,-1.890535,16874
7.89,1.3311951,16874
7.89,-4.3653674,16874
7.85,3.516044,16874
7.82,-2.9955919,16874
7.62,-0.3344383,16874
7.6,-2.6939788,16874
7.58,-1.1680807,16874
7.58,-0.5161791,16874
7.54,1.3573216,16874
7.47,-1.2392687,16874
7.41,-2.2085164,16874
7.37,-3.598672,16874
7.33,2.082674,16874
7.27,-1.9895017,16874
7.26,-0.14967455,16874
7.22,-1.4386148,16874
7.14,-0.48760214,16874
6.97,-0.08891316,16874
6.92,-1.0249435,16874
6.8,-1.7337809,16874
6.67,1.3298366,16874
6.57,-1.4812157,16874
6.57,-1.0914134,16874
6.35,-0.0972459,16874
6.32,1.086612,16874
6.16,-4.678969,16874
6.07,0.93745553,16874
8.4,-1.7299283,15533
8.3,-0.5809853,15533
8.3,2.447792,15533
8.22,-0.5809853,15533
8.22,0.25958133,15533
7.7,0.25958133,15533
7.7,-1.7299283,15533
7.52,-1.4645336,15533
6.36,-2.0932693,13556
6.05,-5.784583,10569
8.05,-1.1853489,8377
4.75,-2.8660493,861
8.07,1.2685441,10918
7.24,2.7954352,10498
4.07,-0.4850618,15280
6.18,-0.23995021,11649
6.13,-1.6775488,11649
5.89,-5.0927587,8672
5.68,-1.152194,8672
5.58,0.97784317,8672
5.46,-3.5357409,8672
5.43,-0.3647539,8672
5.21,-4.2240024,8672
5.17,-2.8547556,8672
5.11,-5.808264,8672
5.05,-4.884277,8672
7.36,1.0606449,12795
8.13,-2.3316538,14088
6.38,-3.928135,6458
6.37,-6.028332,6458
6.29,-4.2947006,6458
6.12,1.5319118,6458
6.12,-2.194764,6458
6.04,-6.587075,6458
6.01,-2.4183114,6458
5.99,-1.7491804,6458
5.98,-4.2770195,6458
5.98,-7.139526,6458
5.86,-6.9573865,6458
5.85,-4.965152,6458
5.84,-3.304757,6458
5.84,-3.2425013,6458
5.81,-3.642078,6458
5.64,-7.1084394,6458
5.59,-2.0437062,6458
5.58,-4.1816926,6458
5.57,-2.256475,6458
5.55,-3.9536014,6458
5.52,-4.18943,6458
5.48,-1.189159,6458
5.47,-2.7511363,6458
5.47,-2.9177127,6458
5.45,-2.7840786,6458
5.39,-5.2476506,6458
5.36,2.9575138,6458
5.35,0.8389796,6458
5.35,-4.526574,6458
5.34,-3.707813,6458
5.34,0.9756819,6458
5.34,-1.5063392,6458
5.33,-6.7631516,6458
5.3,-2.4977593,6458
5.3,-3.5923555,6458
5.23,-4.8429003,6458
5.23,-2.903735,6458
5.21,-3.0924408,6458
5.21,-2.7647817,6458
5.2,-2.603092,6458
5.19,-5.715248,6458
5.19,-0.8140317,6458
5.19,-1.8880882,6458
5.18,-4.626236,6458
5.18,-2.7554927,6458
5.18,1.0097213,6458
5.18,-3.3050017,6458
5.17,-5.8822265,6458
5.17,-2.072662,6458
5.16,-0.4386514,6458
5.15,-1.7326418,6458
5.15,-3.0557063,6458
5.14,-1.0226251,6458
5.14,-3.8758562,6458
5.13,-3.556644,6458
5.13,-5.096183,6458
5.13,-4.4923716,6458
5.08,-5.655909,6458
5.07,-3.547809,6458
5.06,-3.8866417,6458
5.06,-3.3114839,6458
5.05,-0.53983057,6458
5.05,-4.346888,6458
5.05,-3.1515276,6458
5.02,-7.126933,6458
5.0,-0.5387919,6458
5.0,1.8427776,6458
5.0,0.72720015,6458
4.99,-6.751712,6458
4.98,-3.1714559,6458
4.97,-1.1151475,6458
4.94,-3.2055247,6458
4.93,0.25150773,6458
4.92,-0.98264575,6458
4.9,-0.09620771,6458
4.9,-4.5626926,6458
4.88,-3.0956962,6458
4.85,-5.167367,6458
4.81,-2.5995884,6458
4.8,-2.7823994,6458
4.79,-2.8675954,6458
4.77,0.8952545,6458
4.76,-8.2676115,6458
4.75,-0.7752124,6458
4.74,-5.268288,6458
4.73,-1.3206875,6458
4.72,-3.3335855,6458
4.68,-6.71492,6458
4.68,-3.6728408,6458
4.66,-1.1211855,6458
4.62,-2.5479343,6458
4.59,0.33576784,6458
4.59,-2.6619506,6458
4.55,-2.349251,6458
4.46,-5.3115444,6458
4.45,-1.3262125,6458
4.45,-5.3126664,6458
4.42,-4.0092063,6458
4.4,-3.7057784,6458
4.4,-2.19312,6458
4.4,-0.40456355,6458
4.39,0.76256716,6458
4.34,-0.76116645,6458
4.33,-2.8782008,6458
4.29,-0.96657646,6458
4.13,-2.5209405,6458
4.11,-5.908607,6458
4.09,-1.6462703,6458
4.06,-6.106564,6458
9.12,-1.3199348,7662
8.64,-0.40934387,7662
8.64,3.3262532,7662
8.59,-0.9490706,7662
8.54,2.5395298,7662
8.51,2.7561915,7662
8.48,-1.2232085,7662
8.31,1.2391862,7662
8.29,0.15598696,7662
8.26,1.860959,7662
7.96,-0.6413454,7662
5.76,-0.28770137,2530
5.18,-2.1872838,2530
4.96,0.7615651,2530
7.92,0.49742952,16810
7.89,1.4049942,16810
7.66,-1.9586431,16810
7.58,-1.9643732,16810
7.4,-2.3345706,16810
7.31,-2.0309563,16810
7.24,-1.4338033,16810
7.06,-1.1048534,16810
6.96,-2.3649442,16810
6.8,-2.163288,16810
6.77,-2.4197576,16810
6.57,-2.698509,16810
6.56,-4.2486835,16810
6.52,-2.6515346,16810
6.14,-2.3645098,16810
5.96,-0.35285798,16810
5.92,-6.890901,16810
6.25,-0.61784995,3053
9.15,-0.02517242,7078
8.1,3.634071,7078
8.03,2.203495,7078
7.94,2.709926,7078
7.92,3.4165146,7078
7.7,2.0615547,7078
7.43,0.6590811,7078
7.37,2.6426423,7078
6.91,0.6590811,7078
9.15,-1.5469596,16485
9.1,-0.7552291,16485
8.96,-0.6530657,16485
8.74,-2.698671,16485
8.6,-1.8199402,16485
8.52,0.97914124,16485
8.25,-2.1262622,16485
8.13,-2.28279,16485
8.07,-1.8920553,16485
8.05,-0.39288306,16485
7.89,-1.8460864,16485
7.85,-0.90718865,16485
7.64,-1.9568805,16485
7.54,-3.529603,16485
7.41,-2.909002,16485
7.39,-1.5584606,16485
7.28,-5.6351504,16485
7.01,-4.1095166,16485
7.0,-0.33820882,16485
6.96,-1.9222233,16485
6.92,-2.6054497,16485
6.92,0.6531526,16485
6.27,-4.2279253,16485
5.89,-2.7054484,16485
5.87,-1.4799116,16485
5.0,-7.4483867,16485
6.24,-2.396272,13878
4.21,-2.5284748,1800
4.04,-2.0775607,1800
5.43,-1.3187366,4668
7.86,-1.3786746,7700
7.6,-2.4846866,7700
7.43,-1.3786746,7700
5.84,-2.4846866,7700
5.67,-3.5489628,782
8.26,0.7288778,9508
8.1,0.80386925,9508
8.01,4.030408,9508
7.96,2.0430982,9508
7.95,-0.3171094,9508
7.8,0.89337146,9508
7.74,2.1469743,9508
7.74,-0.75757086,9508
7.68,1.0784978,9508
7.65,1.6170292,9508
7.63,-0.3171094,9508
7.57,0.5975212,9508
7.42,2.414856,9508
7.4,1.1644975,9508
7.34,1.974224,9508
7.31,2.2607422,9508
7.05,1.1037405,9508
6.99,0.62009656,9508
6.68,1.677994,9508
6.87,-4.121552,17489
6.54,-4.4964266,17489
6.29,-3.2475362,17489
6.14,-5.5397534,17489
6.12,-5.863549,17489
6.04,-4.6327214,17489
5.75,-4.742519,17489
5.7,-2.6060684,17489
5.51,-1.9128367,17489
5.43,-3.9523094,17489
5.38,-4.24966,17489
5.19,-2.8675554,17489
5.16,-4.0232368,17489
5.13,-3.20814,17489
4.58,-4.3000855,12003
7.96,0.7785194,12696
6.07,-0.36557525,13449
5.89,-1.2368375,13449
6.34,1.0626922,13010
6.32,-2.1813824,13010
6.17,4.51007,13010
6.02,2.050307,13010
5.96,0.9522803,13010
5.92,-3.5076907,11052
9.4,2.2862806,8015
9.4,5.05508,8015
9.3,3.5803359,8015
9.1,1.7761786,8015
9.05,2.9273233,8015
9.05,5.682993,8015
9.0,2.2873743,8015
9.0,1.0534827,8015
9.0,4.6909337,8015
8.7,2.8605123,8015
8.7,0.19113995,8015
8.7,0.8880377,8015
8.7,3.5465925,8015
8.7,4.7996492,8015
8.7,3.384907,8015
8.7,3.8265846,8015
8.52,4.1455846,8015
8.52,3.3995264,8015
8.52,2.349467,8015
8.4,-4.4399166,8015
8.4,2.9666357,8015
8.3,0.68455374,8015
8.3,-1.5414182,8015
8.3,3.3992,8015
8.3,3.074024,8015
8.22,-0.40078467,8015
8.15,-0.076382056,8015
8.15,5.217084,8015
8.15,-1.8779476,8015
7.96,3.3259094,8015
7.85,5.9606404,8015
7.82,2.0243318,8015
7.8,4.898945,8015
7.72,3.0657601,8015
7.7,-0.03140766,8015
7.7,-0.67617285,8015
7.57,-1.68729,8015
7.38,-3.1775393,8015
7.26,1.7810885,8015
7.24,5.607025,8015
6.77,1.9913617,7939
6.7,0.9219897,7939
6.57,2.4365282,7939
6.57,3.2860363,7939
6.54,4.6384187,7939
6.52,2.6886785,7939
6.52,6.103746,7939
6.46,5.410552,7939
6.46,4.142495,7939
6.43,2.1630356,7939
6.36,2.8575723,7939
6.26,2.7306228,7939
6.24,1.7459147,7939
6.2,4.429558,7939
6.15,1.1786946,7939
6.12,6.1121016,7939
6.11,-0.5410683,7939
6.1,2.803098,7939
6.1,1.3019588,7939
6.1,0.18151335,7939
6.04,1.5649993,7939
6.01,1.6720154,7939
5.96,4.0269084,7939
5.92,6.636726,7939
5.92,3.6287205,7939
5.89,3.8569207,7939
5.82,2.863826,7939
5.8,2.8138912,7939
5.75,4.516425,7939
5.72,-1.063535,7939
5.7,5.008501,7939
5.12,-1.9301293,7939
5.05,4.449909,7939
4.96,6.433193,7939
4.89,2.5747306,7939
4.8,4.5663366,7939
4.5,-0.9251447,7939
8.0,-1.8179525,15919
8.0,4.611881,15919
8.0,-1.8672923,15919
8.0,1.5729915,15919
7.7,1.6555219,15919
7.7,0.20087749,15919
7.7,-1.435511,15919
7.7,1.1053913,15919
7.52,-1.5468743,15919
7.3,-4.393936,15919
7.22,0.75380945,15919
7.22,-6.896452,15919
7.05,0.5936984,15919
7.05,-1.2079355,15919
7.0,-0.46721584,15919
6.75,-5.8930974,15919
6.75,-4.5313764,15919
6.66,-4.2224207,15919
6.64,-5.2972703,15919
6.57,-4.75839,15919
6.51,-5.2660947,15919
6.47,-3.6560721,15919
5.72,-3.4844298,15919
7.5,-1.8969648,12459
7.7,0.8185954,11058
7.42,1.8687316,11058
7.19,-0.9351932,11058
6.9,-1.8011506,11058
8.04,-2.7259328,12240
8.52,0.18424578,2862
5.33,-0.28072983,9864
7.05,-1.269795,15707
6.89,-3.834931,15707
6.52,-1.6246308,15707
6.4,-0.51445675,15707
5.92,-3.3946865,15707
5.8,-0.11754495,15707
5.8,-2.8751647,15707
5.3,-0.67338836,15707
5.19,-4.785554,15707
5.03,-1.4443631,15707
4.85,-1.6797843,15707
4.75,2.5626433,15707
4.7,-4.843575,15707
4.7,-1.4457154,15707
4.64,-3.6970336,15707
4.64,0.934332,15707
4.64,0.062394068,15707
4.57,0.5580745,15707
4.54,-2.3102787,15707
4.5,3.2855015,15707
4.34,-2.1930277,15707
4.02,-3.980665,15707
5.06,-2.7601225,15654
4.66,-2.5307083,15654
4.36,-2.786728,15654
4.27,-4.565603,15654
4.26,-2.990433,15654
9.2,2.623049,13273
9.1,4.164627,13273
9.1,3.009338,13273
9.1,4.2382255,13273
9.1,-1.7117331,13273
9.1,1.9624653,13273
9.1,1.1142199,13273
9.1,2.6931565,13273
9.1,1.0464777,13273
9.0,1.0614563,13273
9.0,1.1995766,13273
9.0,0.8138474,13273
9.0,1.9560302,13273
9.0,1.7301981,13273
9.0,0.025503471,13273
9.0,0.99052215,13273
8.9,3.8582458,13273
8.9,2.0298257,13273
8.9,1.3746738,13273
8.9,6.3547664,13273
8.8,7.988447,13273
8.7,1.8392657,13273
8.6,1.4732213,13273
8.6,5.17752,13273
8.6,1.4698918,13273
8.5,3.0438337,13273
8.5,-2.5436265,13273
8.1,3.1177974,13273
8.0,4.990901,13273
7.18,-1.5639406,9348
6.8,0.57199514,9348
6.57,2.228743,9348
6.24,1.1011341,9348
6.18,0.8112596,9348
5.88,-3.0726404,9348
5.85,0.2074187,9348
5.8,-0.017022233,9348
5.73,2.4337184,9348
5.58,1.8894862,9348
5.45,4.838438,9348
5.33,-2.6249876,9348
4.72,-1.5020382,9348
4.71,-2.1020384,9348
4.65,-2.2419958,9348
10.3,0.07497367,11820
10.1,3.0086937,11820
10.05,-2.7292898,11820
10.0,0.90809023,11820
10.0,-1.7537804,11820
9.96,4.7370024,11820
6.7,-0.9563143,5274
6.5,-4.429527,5274
6.38,-2.4258206,5274
6.34,-4.511129,5274
6.22,-4.9246545,5274
6.21,-3.4621797,5274
6.0,-2.1837063,5274
5.36,-0.42302287,9406
5.06,-1.5532583,9406
7.19,-5.994564,11463
6.73,-0.46578434,11463
6.66,-3.8445985,11463
6.59,-0.56977654,11463
6.48,-0.7069833,11463
6.25,-0.46578434,11463
6.13,-2.4194498,11463
6.12,-1.5993353,11463
5.81,1.897413,11463
5.63,-0.84846914,11463
5.53,-2.4929764,11463
5.39,-3.6325598,11463
5.24,-1.6560918,11463
5.16,0.4149797,11463
5.0,0.8467872,11463
5.0,-1.0427285,11463
5.0,-1.2524114,11463
5.92,-3.0513315,4914
7.96,-2.7851734,17342
8.7,0.55722845,13314
8.1,2.951055,13314
7.7,1.9592295,13314
7.7,0.5352757,13314
6.4,-1.9911444,13314
6.4,-0.838969,13314
5.75,0.8961767,13314
8.0,2.4644592,1148
7.7,1.1489698,1148
7.7,-5.1926026,1148
7.7,-5.256987,1148
7.7,0.021536343,1148
7.7,1.0052755,1148
7.52,1.5678118,1148
7.52,-7.2425094,1148
7.52,-2.3236578,1148
7.52,1.3392675,1148
7.3,0.16886637,1148
7.22,-1.1057854,1148
7.22,-2.4645882,1148
7.05,-4.9633226,1148
6.85,-4.337401,1148
6.64,-2.990528,1148
6.44,-0.56896913,1148
6.4,-2.6621,1148
6.24,-4.382988,1148
5.92,-4.7521415,1148
5.82,-2.3953936,1148
5.66,-6.8672028,1148
5.54,-7.8962855,1148
5.38,-4.4182124,1148
5.15,-0.64378655,1148
5.14,-1.6412776,1148
5.08,0.7026082,1148
5.07,0.7522627,1148
5.01,1.881701,1148
5.0,-1.373064,1148
4.89,-0.06986466,1148
4.55,-2.6503038,1148
4.42,-2.7315018,1148
7.72,-3.8573182,744
7.7,-1.89409,744
7.46,-2.0699673,744
7.43,-2.0397053,744
7.39,-0.32345888,744
7.25,-0.6510422,744
6.8,0.99911106,744
6.8,0.6602775,744
6.58,-2.9720914,744
6.51,0.7018249,744
6.31,-0.15230238,744
6.14,-3.3846066,744
6.09,-0.6430875,744
6.02,-0.63636494,744
5.89,-6.0622015,744
5.85,2.1251683,744
5.8,-3.8359053,744
5.72,-1.481594,744
5.72,-1.7850691,744
5.47,-1.6475854,744
5.27,-1.8415523,744
5.04,-3.2120395,744
4.85,0.36729604,744
4.62,-7.1581116,744
4.31,-4.3187137,744
8.3,-3.0367749,6730
8.05,0.5374223,6730
7.96,-2.7022688,6730
7.89,-2.6166847,6730
7.75,-1.2876866,6730
7.6,1.6767035,6730
7.57,0.33003885,6730
7.38,2.2479618,6730
7.37,0.060942553,6730
7.28,2.2479618,6730
7.26,-1.5702368,6730
7.25,-0.8572296,6730
7.12,-1.261056,6730
7.09,-3.58855,6730
7.03,0.9981576,6730
7.0,-1.3189107,6730
6.96,-3.2357354,6730
6.85,0.53257823,6730
6.8,-0.77498794,6730
6.7,-1.9964962,6730
6.57,-0.33065945,6730
6.5,-0.28701228,6730
6.15,-2.0506172,6730
5.82,-0.11803061,6730
5.72,-0.9004593,6730
5.72,-0.92798376,6730
5.7,-0.81074977,6730
9.0,4.4953566,7650
9.0,1.5504868,7650
9.0,2.9179792,7650
9.0,-0.20480485,7650
9.0,-0.7414249,7650
9.0,-1.7942767,7650
9.0,0.023309913,7650
9.0,2.9651444,7650
9.0,3.5723987,7650
9.0,5.9513135,7650
9.0,-1.3378114,7650
9.0,-2.9223673,7650
9.0,2.5166225,7650
9.0,-2.6930811,7650
9.0,0.11963247,7650
9.0,1.2797459,7650
9.0,-0.47939998,7650
9.0,3.0114176,7650
9.0,2.4533184,7650
9.0,3.940917,7650
9.0,3.940917,7650
9.0,0.22821914,7650
9.0,2.23936,7650
9.0,-0.5001153,7650
8.92,1.2323868,7650
8.82,1.2052299,7650
8.7,5.221844,7650
8.7,2.1523547,7650
8.7,-4.8428226,7650
8.7,0.6965461,7650
8.7,-1.3945014,7650
8.7,-3.0223937,7650
8.7,4.196806,7650
8.7,2.963523,7650
8.7,-0.9372293,7650
8.7,-1.7059176,7650
8.7,-1.0931046,7650
8.64,2.7135284,7650
8.52,0.5013448,7650
8.52,-2.5290399,7650
8.52,-3.8351135,7650
8.52,-2.7176845,7650
8.52,-2.3128836,7650
8.52,2.1530201,7650
8.52,2.1159282,7650
8.52,0.38167486,7650
8.52,-1.631638,7650
8.52,0.0013448112,7650
8.52,-1.1285838,7650
8.52,0.19928607,7650
8.52,-2.6401129,7650
8.52,-2.2253695,7650
8.52,1.5559542,7650
8.52,-0.06724328,7650
8.52,-2.9668546,7650
8.47,2.1571796,7650
8.4,0.27418378,7650
8.4,-0.7355404,7650
8.4,0.59018016,7650
8.4,0.7047639,7650
8.4,0.96476614,7650
8.4,-0.36971828,7650
8.4,1.6677654,7650
8.4,-1.5808576,7650
8.4,0.8797598,7650
8.4,-1.1506838,7650
8.4,-1.818576,7650
8.4,-2.4850793,7650
8.4,-0.5425075,7650
8.4,-1.2867752,7650
8.4,0.12343289,7650
8.4,2.482715,7650
8.4,-2.5678973,7650
8.4,1.115414,7650
8.37,0.86270154,7650
8.3,0.9153125,7650
8.3,3.4712434,7650
8.3,1.7000494,7650
8.3,0.6293131,7650
8.3,1.3059855,7650
8.3,0.9175497,7650
8.28,2.8291976,7650
8.22,-0.59018445,7650
8.22,-2.8969767,7650
8.22,-0.2703962,7650
8.22,4.7811837,7650
8.22,-2.4406304,7650
8.22,-2.1323507,7650
8.22,0.86831236,7650
8.22,0.70978725,7650
8.22,-1.7181474,7650
8.22,-0.14300652,7650
8.19,1.3455681,7650
8.15,-1.9207406,7650
8.15,-3.4055831,7650
8.15,-0.0861236,7650
8.15,-0.16210952,7650
8.15,1.0749822,7650
8.15,-1.0293946,7650
8.15,-1.1523283,7650
8.15,1.8346522,7650
8.15,-0.29787806,7650
8.15,-0.50028145,7650
8.15,-0.3948786,7650
8.15,-4.334993,7650
8.15,-0.062477037,7650
8.1,1.2377638,7650
8.1,-1.806982,7650
8.1,-1.5187819,7650
8.1,-0.9143231,7650
8.1,0.06617093,7650
8.1,-0.02467918,7650
8.06,0.8338933,7650
8.06,2.9931424,7650
8.05,-0.10794239,7650
8.05,0.9702065,7650
8.05,2.6312432,7650
8.05,2.423068,7650
8.05,4.5770116,7650
8.05,1.1794463,7650
8.05,-3.7391737,7650
8.0,0.75504327,7650
8.0,-1.6273336,7650
8.0,-0.9139993,7650
8.0,-2.812318,7650
8.0,2.6519978,7650
7.96,-0.7928921,7650
7.96,0.043181267,7650
7.96,2.4763207,7650
7.96,-1.6771815,7650
7.92,-1.5314535,7650
7.92,-2.13795,7650
7.92,0.022330597,7650
7.92,0.19382122,7650
7.92,2.1772926,7650
7.92,0.49482107,7650
7.89,1.6917548,7650
7.89,-0.18206978,7650
7.85,-1.7796663,7650
7.85,0.15757638,7650
7.85,1.9893883,7650
7.85,-0.16119105,7650
7.82,0.5276778,7650
7.82,1.3444836,7650
7.8,0.33951983,7650
7.8,-3.4942913,7650
7.77,-0.3248098,7650
7.77,-2.768616,7650
7.75,1.0130969,7650
7.72,-1.4251965,7650
7.72,0.43328163,7650
7.72,1.9311464,7650
7.72,0.2628985,7650
7.7,-0.9442717,7650
7.68,1.0552373,7650
7.68,0.33295864,7650
7.68,-0.35435364,7650
7.66,-0.068979345,7650
7.64,0.6302475,7650
7.64,-2.3051903,7650
7.62,0.5497178,7650
7.6,1.7781081,7650
7.58,1.9172153,7650
7.57,-0.18759269,7650
7.57,3.7956598,7650
7.55,0.31726784,7650
7.54,1.2572242,7650
7.52,1.5540832,7650
7.52,3.286019,7650
7.5,1.0056518,7650
7.5,0.8806857,7650
7.46,-0.37673062,7650
7.42,-1.3614738,7650
7.41,-1.6881543,7650
7.41,1.2435569,7650
7.4,-3.7458534,7650
7.37,-2.8029158,7650
7.36,-4.226137,7650
7.35,3.4886506,7650
7.35,-2.2439055,7650
7.33,-2.0310879,7650
7.3,0.4434766,7650
7.3,0.9261553,7650
7.28,-1.021454,7650
7.27,0.67178226,7650
7.25,-1.8046951,7650
7.24,-2.4196916,7650
7.24,-0.9961319,7650
7.21,-1.2411269,7650
7.21,-1.3083923,7650
7.19,0.13573915,7650
7.15,1.3194464,7650
7.13,0.36390772,7650
7.11,0.7538631,7650
7.08,1.2480013,7650
7.06,-4.479255,7650
7.05,1.161266,7650
7.04,-0.37482592,7650
7.01,-4.0241227,7650
7.0,2.3006327,7650
7.0,1.7844889,7650
6.99,-1.1141963,7650
6.99,-1.3101784,7650
6.96,-0.91820884,7650
6.95,1.8590251,7650
6.87,-4.7841125,7650
6.86,-3.2594912,7650
6.86,-0.38128087,7650
6.85,-1.4237957,7650
6.85,-1.4514575,7650
6.83,1.7057956,7650
6.82,2.3253777,7650
6.76,-3.071439,7650
6.75,-5.177514,7650
6.75,1.0340524,7650
6.72,2.1427236,7650
6.68,1.6232167,7650
6.68,-1.9392742,7650
6.65,2.537013,7650
6.61,-0.23874706,7650
6.61,0.9367796,7650
6.57,0.39611268,7650
6.39,-0.7673639,7650
6.38,-0.82084036,7650
6.19,1.9105393,7650
6.17,1.5844474,7650
7.25,0.019366238,275
6.67,0.18807447,4848
6.43,-0.7522228,6611
6.22,1.2528288,6611
5.52,-4.2615814,6611
4.54,-0.14000642,17275
8.64,1.4790164,5370
9.1,-3.738046,7552
7.78,-3.899418,7552
8.7,0.31336126,1274
8.7,1.1319283,1274
8.52,-0.30305466,1274
8.52,-0.6911701,1274
8.4,1.7538071,1274
8.4,-1.4642512,1274
8.4,2.5207386,1274
8.4,2.652398,1274
8.3,-1.7136719,1274
8.3,2.0795352,1274
8.22,3.0220273,1274
8.15,1.9019036,1274
8.0,-0.8261322,1274
7.96,1.3025358,1274
7.77,3.332096,1274
7.77,-3.0447063,1274
7.68,-3.9151952,1274
7.68,3.5157945,1274
7.62,-1.6130252,1274
7.6,-0.14600277,1274
7.52,1.1652937,1274
7.47,3.071573,1274
7.4,1.1223074,1274
7.38,1.1259599,1274
7.37,2.3801918,1274
7.27,-3.1310422,1274
7.24,1.7729425,1274
7.23,0.05200528,1274
7.16,-2.4031165,1274
7.15,2.2576964,1274
7.12,-0.7216189,1274
7.08,-0.045376986,1274
7.06,1.8359363,1274
7.01,-0.607707,1274
6.98,0.8392557,1274
6.97,0.30681017,1274
6.97,1.3516397,1274
6.96,-1.5992103,1274
6.88,0.73948216,1274
6.87,-1.3164568,1274
6.78,2.6231093,1274
6.72,1.83003,1274
6.66,-0.045805894,1274
6.61,3.3116374,1274
6.59,1.1499884,1274
6.51,3.2213893,1274
6.24,-0.022748694,1274
6.19,-0.36558458,1274
6.14,-1.8040541,1274
6.06,1.9927704,1274
5.97,3.133069,1274
5.89,2.0243704,1274
5.86,1.7023339,1274
5.78,0.948915,1274
6.21,2.2711058,11879
6.15,0.9857718,11879
5.93,2.3286333,11879
5.42,1.3545727,11879
7.24,0.3037608,17874
8.43,2.404053,12271
6.95,0.32656112,13541
8.92,-1.0812993,12418
8.92,3.20968,12418
8.82,2.8340478,12418
8.82,0.6330167,12418
8.8,3.2234,12418
8.79,-1.3089935,12418
8.68,3.8346984,12418
8.68,0.38847038,12418
8.66,1.1793578,12418
8.62,0.40197542,12418
8.62,1.6793774,12418
8.6,1.6014374,12418
8.6,3.3939316,12418
8.59,2.0239415,12418
8.59,0.9260206,12418
8.59,1.8454299,12418
8.57,-0.24711674,12418
8.55,0.8769579,12418
8.55,0.97227335,12418
8.51,1.8857354,12418
8.49,0.79763734,12418
8.48,0.29181862,12418
8.48,0.26631802,12418
8.48,1.0917488,12418
8.47,1.3918979,12418
8.44,2.1172643,12418
8.43,1.4423592,12418
8.4,1.3573968,12418
8.4,2.7077909,12418
8.4,-0.079751,12418
8.38,2.0416758,12418
8.37,0.62668586,12418
8.35,-1.904185,12418
8.3,2.7661083,12418
8.3,1.3280725,12418
8.24,1.5838183,12418
8.22,-0.20825481,12418
8.17,0.77025855,12418
8.15,0.830317,12418
8.1,1.2808049,12418
8.1,1.9298518,12418
8.05,-1.7344459,12418
8.05,1.3918979,12418
7.92,-0.2352128,12418
7.89,-1.3942778,12418
7.8,0.615536,12418
7.6,-1.2990625,12418
7.58,1.6463331,12418
7.58,-0.68367374,12418
7.55,-0.133975,12418
7.48,1.5711207,12418
7.46,-3.2127354,12418
7.4,-0.52873373,12418
7.38,0.04993757,12418
7.3,-2.1390595,12418
7.3,-2.5230687,12418
7.1,-1.2213027,12418
7.05,-3.2127354,12418
6.75,1.099063,12418
6.55,0.22040604,12418
6.31,-2.224844,12418
6.28,-5.047195,12418
6.22,-3.1328738,12418
5.8,-1.0553921,12418
5.24,-4.3116693,17244
5.61,-0.21675818,4849
7.4,3.5086186,9152
8.1,1.1642497,9423
7.77,0.8765019,9423
7.72,2.4785087,9423
7.7,-0.1159963,9423
7.6,2.4530852,9423
7.47,1.614115,9423
7.39,1.1327676,9423
7.37,1.9323307,9423
7.35,-1.4093663,9423
7.13,-0.624339,9423
7.03,1.0790489,9423
6.87,1.2662342,9423
6.68,-0.51191413,9423
6.64,1.0767653,9423
6.18,1.5001348,9423
6.02,-0.9322876,9423
5.05,1.3939139,9783
8.26,-0.31403035,3247
7.43,-0.3217865,4382
7.21,0.1480617,4382
6.34,-1.3639716,4382
7.99,1.1930311,13730
6.69,0.49805576,13730
5.8,-0.74232495,7605
4.56,-2.2597954,7605
4.55,-1.725785,7605
4.55,-0.32294786,7605
4.3,-5.7823853,7605
8.4,3.082142,16242
8.15,-1.0009111,16242
8.0,-5.3275585,16242
7.75,-1.8387822,16242
7.6,-1.2879609,16242
7.54,-0.0058097094,16242
7.33,1.305675,16242
7.12,-0.4034819,16242
7.04,-3.718431,16242
6.92,2.187247,16242
6.35,2.3699949,16242
5.99,-2.612436,16242
5.89,-0.59267986,16242
5.88,3.7628355,16242
5.55,-1.8145878,16242
5.46,0.9955611,16242
5.46,4.4384265,16242
5.4,-3.823094,16242
8.21,-0.013682248,3248
7.7,0.9685154,360
7.52,0.93339443,360
4.67,-5.6558847,8368
5.4,-0.7040545,3501
9.34,1.3905476,11975
8.82,0.54265344,11975
7.39,-0.63194656,11975
7.37,1.9441121,11975
7.37,0.25667608,11975
7.34,2.1141257,11975
7.17,0.4775693,11975
7.1,4.564426,11975
7.1,3.4372435,11975
7.07,2.0597594,11975
7.03,0.7125318,11975
6.89,1.5204647,11975
6.85,1.5281065,11975
6.85,1.6569501,11975
6.7,1.7382534,11975
6.7,3.5364408,11975
6.62,1.764312,11975
6.55,3.4710371,11975
6.33,3.205371,11975
5.25,1.1792047,11975
9.15,0.26722395,6057
9.02,-1.7306532,6057
9.0,0.3701959,6057
8.96,-0.7684072,6057
8.82,2.66398,6057
8.8,3.8837733,6057
8.74,3.1214166,6057
8.68,-4.1495585,6057
8.62,-3.1577578,6057
8.59,-1.1871428,6057
8.52,1.5415257,6057
8.52,2.1066835,6057
8.51,-0.13329914,6057
8.48,4.0326915,6057
8.47,0.5748724,6057
8.47,-2.3653493,6057
8.44,1.6934249,6057
8.44,-1.5659479,6057
8.44,2.7382777,6057
8.39,-2.187724,6057
8.38,3.325919,6057
8.34,-1.3359137,6057
8.3,1.5492436,6057
8.28,1.7482083,6057
8.24,3.048712,6057
8.19,2.7086039,6057
8.17,4.1815405,6057
8.07,3.0443478,6057
8.05,0.29235414,6057
8.0,0.24017148,6057
7.99,1.7647117,6057
7.99,2.3073494,6057
7.92,1.5595776,6057
7.91,-1.9067768,6057
7.88,-1.1528223,6057
7.86,2.3715699,6057
7.84,0.63180864,6057
7.82,-2.1763334,6057
7.75,-1.8718015,6057
7.75,1.2342527,6057
7.68,0.64811957,6057
7.68,0.06432165,6057
7.67,3.146455,6057
7.67,-0.2651199,6057
7.6,2.0764322,6057
7.6,0.5417752,6057
7.58,-1.3765593,6057
7.57,2.9691582,6057
7.57,0.51784956,6057
7.57,-1.7592638,6057
7.56,1.6380064,6057
7.56,-1.9043237,6057
7.54,3.299034,6057
7.52,-2.733269,6057
7.47,-0.44695505,6057
7.46,-0.43306807,6057
7.45,1.3827602,6057
7.42,2.692664,6057
7.4,0.71620226,6057
7.38,-1.7247424,6057
7.38,-2.7918828,6057
7.36,0.04710926,6057
7.35,-0.09673649,6057
7.33,0.42994317,6057
7.28,-1.1903696,6057
7.22,0.46994722,6057
7.2,0.3406415,6057
7.16,0.25909466,6057
7.14,-0.92648447,6057
7.12,-0.68601274,6057
7.12,-0.10337041,6057
7.12,-1.2711949,6057
7.1,1.0939784,6057
7.05,-0.73744345,6057
7.04,-1.0162519,6057
7.04,1.4964954,6057
7.03,0.8896698,6057
6.96,-3.0906005,6057
6.93,-1.894712,6057
6.93,-1.0994378,6057
6.91,-0.3535208,6057
6.89,0.9938581,6057
6.85,-1.7090648,6057
6.85,-0.96441054,6057
6.68,0.028626805,6057
6.68,0.13840494,6057
6.54,2.1030872,6057
6.5,-1.5416416,6057
6.47,-1.062813,6057
6.47,-0.7326467,6057
6.44,0.054725334,6057
6.42,-0.5269376,6057
6.36,-0.29679558,6057
6.36,0.15421985,6057
6.3,1.0404794,6057
6.25,0.44618925,6057
6.21,0.32906204,6057
5.84,-0.37190285,6057
5.82,-3.1712327,6057
5.82,-1.2233356,6057
5.82,1.4437897,6057
5.76,3.7670481,6057
5.75,-0.5877552,6057
5.65,-1.2167246,6057
5.24,-3.618158,6057
5.1,2.1700008,6057
5.1,1.9623773,6057
5.05,-2.6771054,6057
4.12,-1.3322649,6057
8.15,1.1304402,2953
7.92,2.508267,2953
7.82,1.959158,2953
7.77,1.2501696,2953
7.72,3.7392452,2953
7.57,2.2481802,2953
7.46,0.31364653,2953
7.22,1.8501444,2953
10.0,1.7035246,7669
9.3,2.3673809,7669
9.3,2.4649704,7669
9.3,2.125741,7669
9.3,1.4153353,7669
8.96,2.3673809,7669
8.54,-0.54510677,7669
8.51,3.1432092,7669
8.22,4.3174872,7669
6.66,0.65229,7669
6.56,-0.63757896,7669
7.06,0.23964715,13634
8.55,2.2782788,7996
8.21,0.6964402,7996
8.19,4.5482693,7996
7.97,0.3220775,7996
7.96,2.462602,7996
7.69,-1.341246,7996
7.02,-1.2235398,7996
6.97,3.4794462,7996
8.52,-1.4853389,3110
8.52,1.8217931,3154
5.51,-0.1702122,14955
8.49,1.7013569,6342
9.27,-0.7389064,7623
8.92,-0.36266997,7623
8.92,1.4319957,7623
8.82,-0.05209223,7623
8.8,-1.7747556,7623
8.74,3.5379572,7623
8.54,2.6991007,7623
8.49,1.2209679,7623
8.43,-0.44615844,7623
8.42,1.0658842,7623
8.38,0.2692409,7623
8.37,-3.3177238,7623
8.37,3.4896092,7623
8.32,0.7535033,7623
8.32,1.545456,7623
8.28,0.23699474,7623
8.18,0.30348343,7623
8.18,1.0426663,7623
8.18,2.7283695,7623
8.1,3.0511787,7623
7.95,3.1585846,7623
7.91,1.0939772,7623
7.91,-1.6172472,7623
7.85,-3.700436,7623
7.84,-3.0642936,7623
7.82,-0.75769854,7623
7.79,-2.2718735,7623
7.76,-0.59725463,7623
7.74,-0.32493213,7623
7.74,-0.41689667,7623
7.64,-0.41718253,7623
7.63,0.3249586,7623
7.59,-0.6196034,7623
7.58,-3.9098225,7623
7.54,-1.6901727,7623
7.54,-2.3782985,7623
7.5,-0.64082396,7623
7.48,-0.016741592,7623
7.46,-1.0758442,7623
7.41,1.5519884,7623
7.33,-1.0846747,7623
7.27,3.137861,7623
7.22,0.97440946,7623
7.15,1.507939,7623
7.12,0.16762777,7623
7.11,-0.316969,7623
7.02,1.0461953,7623
6.93,3.520038,7623
6.92,-3.9921777,7623
6.89,-5.5178823,7623
6.88,3.4602547,7623
6.86,-2.4085822,7623
6.86,-1.9353796,7623
6.86,-2.6432927,7623
6.81,-1.226697,7623
6.72,-1.0218356,7623
6.63,0.116438456,7623
6.57,4.4204044,7623
6.57,3.540644,7623
6.55,-1.9257182,7623
6.47,-2.0738952,7623
6.47,-0.8399681,7623
6.26,-0.0014806725,7623
6.06,1.3525081,7623
6.02,-2.2715664,7623
6.0,0.15313919,7623
5.92,2.0483236,7623
5.75,3.4755511,7623
5.4,0.36428496,7623
5.35,-0.49772856,7623
5.3,-0.17473371,7623
5.24,-3.6337426,7623
5.0,-0.5352353,7623
5.0,2.0032513,7623
5.0,4.176961,7623
5.0,1.6113201,7623
5.0,5.419156,7623
5.0,3.1596415,7623
4.93,-3.1376383,7623
4.12,-0.03462456,7623
5.89,-3.7155547,17229
6.17,0.8719344,2748
7.39,-0.18299976,11716
7.05,0.61243224,16788
6.21,-1.4335314,16788
6.13,-2.7122793,16788
6.11,-3.3735433,16788
5.96,-3.2771366,16788
5.85,-2.3645337,16788
5.71,-1.1619184,16788
5.51,-2.8948562,16788
5.96,-2.4737308,15821
5.92,-3.6689813,15821
5.82,-3.1808126,15821
5.48,-3.0376458,15821
5.23,-0.83161104,15821
4.92,-4.7719593,15821
4.59,-3.7311344,15821
4.46,-1.7412521,15821
4.16,-4.3701625,15821
4.12,-5.926319,15821
4.12,-4.535619,15821
4.09,-4.140885,15821
4.08,-0.69117844,15821
4.04,-2.7266064,15821
8.3,0.8319582,3366
5.96,1.6305599,9590
5.48,1.0754316,9590
5.24,2.1381776,9590
6.86,0.53474927,2538
7.03,-4.6656947,14095
7.01,-1.8043045,14095
6.71,-0.64655566,14095
7.49,-1.6003569,14651
7.06,-0.7576363,14651
4.7,-0.049937144,14651
7.42,-6.5008316,4596
7.4,2.9076698,4596
6.8,-0.47253102,4596
6.77,-7.133325,4596
6.66,-5.2447786,4596
6.43,-6.888648,4596
6.33,-0.67377484,4596
6.32,-2.0162876,4596
6.19,-2.696201,4596
6.19,-1.7954351,4596
6.13,-0.21492873,4596
6.13,2.9256608,4596
6.09,-3.1722786,4596
6.05,-1.6051207,4596
5.96,-2.4974809,4596
5.9,-5.147821,4596
5.9,-4.251527,4596
5.88,-4.0848765,4596
5.84,-5.6011906,4596
5.76,2.1767735,4596
4.37,-3.969175,12473
6.19,-4.7063603,4605
5.46,-4.5016384,4605
5.0,-3.0090942,4605
4.85,-1.1114542,4605
4.75,-1.6063226,4605
4.29,-2.9185007,4605
8.7,-3.8236167,9094
8.7,0.18569037,9094
8.22,2.9234452,9094
8.22,0.71317863,9094
8.15,-1.4275533,9094
8.15,-0.6216512,9094
8.15,-0.9485146,9094
8.15,-3.8268032,9094
8.0,-1.7939236,9094
8.0,-3.8268032,9094
7.92,-5.9016476,9094
7.92,1.0020219,9094
7.89,2.9234452,9094
7.89,-1.680299,9094
7.85,-1.8791378,9094
7.82,-1.5041509,9094
7.77,4.616369,9094
7.77,-5.2562814,9094
7.77,-4.6166897,9094
7.75,-2.7952418,9094
7.64,-4.043034,9094
7.52,-1.6510621,9094
7.5,-5.109274,9094
7.44,-2.298342,9094
7.42,-1.1967624,9094
8.0,-1.0213908,6427
5.39,-2.349161,3832
5.25,3.4413326,15495
4.7,0.46661264,15495
4.7,-0.30942813,15495
6.71,-1.1018224,7343
6.55,-2.9399357,7343
6.44,-0.4442657,7343
6.19,-2.9399357,7343
6.16,-1.0662887,7343
6.08,-1.1084869,7343
6.01,-0.937737,7343
5.92,-3.944155,7343
5.91,-1.1018224,7343
5.68,-3.944155,7343
5.57,-2.864212,7343
5.53,-0.5873035,7343
5.42,-0.4442657,7343
7.41,1.2216262,11395
6.8,-1.9852617,11395
5.66,-2.1829314,11395
4.89,-2.676855,11395
7.0,-3.0580363,2868
6.85,-1.093359,2868
6.75,-2.3979077,2868
6.68,-1.1423903,2868
6.43,-3.9225528,2868
6.36,-1.9508562,2868
6.0,-3.7045605,2868
5.68,-2.7746165,2868
5.55,-3.835992,2868
5.46,-4.8599553,2868
4.82,-1.4037654,2868
4.7,-2.4863074,2868
8.15,-2.6538427,12478
5.96,2.601048,12478
5.96,3.4738066,12478
5.1,4.9338818,12478
7.55,-1.0448958,1931
5.99,-0.39702645,4362
5.99,-4.5095,4650
5.96,-4.798106,4650
5.96,-4.39393,4650
5.69,-5.390064,4650
5.67,-5.295927,4650
5.65,-4.186077,4650
5.58,-5.0627694,4650
5.54,-1.4571643,4650
5.5,-1.438021,4650
5.49,-3.416269,4650
5.48,-6.337337,4650
5.47,-3.5617235,4650
5.46,-6.444845,4650
5.41,-3.377392,4650
5.31,-1.9087229,4650
5.3,-4.4283624,4650
5.27,-4.714241,4650
5.19,-5.5302,4650
5.17,-5.0490746,4650
5.14,-2.6068528,4650
5.07,-5.7146897,4650
4.28,-1.3675938,4650
6.65,0.7349987,15064
7.53,0.6030222,14455
6.54,0.85464823,1076
7.28,-2.988463,747
8.41,-2.7857149,13232
7.17,-2.5038106,13781
4.92,-4.4322953,2240
4.89,-4.6307764,2240
4.85,-2.156828,2240
4.85,-3.0712328,2240
4.77,0.51177776,2240
4.55,-0.7770579,2240
4.52,-2.293493,2240
4.5,-1.6948788,2240
6.72,-0.7043071,9711
5.04,-0.34187672,6707
6.44,-4.2788825,8327
5.29,-0.6691258,8327
5.22,-2.127054,8327
5.13,-4.109258,8327
7.57,-7.6328425,16945
7.47,-2.6004112,16945
7.46,-1.1226574,16945
7.27,-0.3882499,16945
6.89,-1.8105441,16945
6.75,-3.5562494,16945
6.61,-2.6500304,16945
6.51,-4.5202827,16945
6.39,-0.79862404,16945
6.38,-2.6350546,16945
6.35,-2.4712734,16945
6.32,-0.78850555,16945
6.3,-3.211701,16945
6.24,-3.88446,16945
6.22,-5.5760145,16945
6.1,-2.5849133,16945
6.04,-1.3924749,16945
5.96,-4.5000505,16945
5.95,-3.156129,16945
5.93,-2.7128139,16945
5.85,-4.200792,16945
5.75,-4.92634,16945
5.55,-4.8473697,16945
5.45,-4.965384,16945
5.34,-2.558947,16945
5.01,-0.6119906,16945
4.88,-2.6462107,16945
4.82,1.8110867,16945
7.55,-1.1176065,17699
6.75,0.149304,16765
7.14,2.0774238,13034
5.28,-3.6984332,13034
5.8,0.31241217,40
7.85,1.4471627,7393
7.72,-1.3426301,14119
6.07,0.00612773,15805
6.5,-3.38964,5700
6.06,-3.058657,5700
5.99,-2.9170237,5700
5.78,-3.2056541,5700
5.74,-4.538798,5700
5.58,-2.5889308,5700
5.56,-6.4370103,5700
5.45,-5.4911823,5700
5.4,-3.468439,5700
4.84,-5.7622905,5700
4.7,-5.2743917,5700
4.25,-3.8399363,5700
4.15,-3.133827,5700
5.5,-1.472989,1350
5.28,-0.77616,1350
8.12,1.7999594,5472
5.82,-3.613438,5472
5.82,-1.6861386,5472
5.74,-2.2826703,5472
5.63,1.5518024,5472
6.89,0.6179153,7717
6.68,-0.6148772,7717
6.52,-1.8474195,7717
6.5,-3.3564494,7717
6.48,-4.799116,7717
6.44,-1.3204526,7717
6.44,-3.51309,7717
6.4,-5.6893144,7717
6.4,-3.421592,7717
6.25,-4.028236,7717
6.19,-2.779691,7717
6.02,-1.9461923,7717
5.85,-3.6357372,7717
5.68,-2.5077388,7717
5.14,-0.5779059,7717
7.14,0.4089509,15087
6.62,-1.7549723,15087
6.16,-2.5580077,15087
5.49,-2.8658628,15087
5.38,-3.365024,15087
6.15,-0.88445544,16512
6.0,-2.4168582,1175
5.66,-3.251309,3171
5.62,-3.022402,3171
5.52,-4.472325,3171
5.01,-0.21579099,4148
7.35,0.9145192,10603
8.68,2.7782118,9607
8.21,-0.7933767,9607
8.0,-1.4062425,9607
7.81,0.5998094,9607
7.72,-2.9847264,9607
7.67,-0.37403053,9607
7.49,-3.8819351,9607
7.44,-3.9012852,9607
7.25,-1.6729313,9607
7.24,-3.7130163,9607
7.06,-3.2386906,9607
7.03,-1.4312276,9607
6.94,-1.304641,9607
6.91,-0.77852166,9607
6.84,-1.7855971,9607
6.84,-0.9747182,9607
6.81,-1.2223307,9607
6.72,-0.5713922,9607
6.71,-0.3317059,9607
6.57,-0.595876,9607
6.55,-2.3870547,9607
6.5,-2.2245378,9607
6.49,-0.21006584,9607
6.43,-1.7312273,9607
6.4,-1.2092005,9607
6.24,-4.4134903,9607
6.23,-2.489692,9607
6.12,-1.8678108,9607
6.1,-2.9666336,9607
8.74,-5.1487484,3809
5.42,-3.6526518,1559
9.4,3.4790773,14844
9.22,4.215213,14844
9.22,4.805469,14844
9.15,5.05088,14844
8.96,1.7067653,14844
8.89,6.2198644,14844
8.82,1.1351676,14844
8.8,2.152168,14844
8.8,5.1929307,14844
8.8,1.3578221,14844
8.72,6.067522,14844
8.62,1.3578221,14844
8.55,2.8359578,14844
8.46,2.1948547,14844
8.39,2.5549047,14844
8.22,1.1351676,14844
8.17,4.2444854,14844
7.92,0.2850856,14844
7.85,-3.0721757,14844
7.66,3.8281064,14844
7.6,0.10758917,14844
7.58,-0.6965096,14844
7.54,2.0359693,14844
7.52,-1.1546866,14844
7.28,-0.36584595,14844
7.26,2.2581182,14844
7.24,-0.10152914,14844
7.21,3.4790773,14844
7.09,0.10758917,14844
7.09,-3.0721757,14844
6.84,-1.9390936,14844
6.7,0.98834765,14844
6.66,2.2639828,14844
6.54,1.3843497,14844
6.38,-2.1561275,14844
6.11,0.2850856,14844
6.02,0.98038447,14844
5.82,-0.9291835,355
9.41,0.06872587,11183
9.09,-0.5459274,11183
8.75,-0.40639246,11183
8.57,-3.5613627,11183
8.26,-2.891532,11183
8.26,-3.0796292,11183
8.04,-0.9988978,11183
7.86,-1.0983497,11183
7.59,-4.499679,11183
7.33,0.58373487,11183
7.29,-2.6608896,11183
7.29,-3.6975322,11183
7.11,-3.7197173,11183
6.68,-3.5014925,11183
5.16,2.2646728,10640
7.64,-5.65504,17343
7.52,-3.7273505,17343
6.32,-4.388706,17343
5.8,-3.5654798,17343
5.79,-1.8520676,17343
8.72,1.7045076,11661
8.7,1.7045076,11661
8.64,1.5263197,11661
8.64,1.7516875,11661
8.62,2.9074962,11661
8.49,2.9074962,11661
8.42,1.7516875,11661
8.32,1.4110568,11661
8.29,0.9841838,11661
8.15,-1.8076231,11661
8.14,2.9074962,11661
8.11,0.18709977,11661
7.92,-1.3281198,11661
7.85,-1.65005,11661
7.82,-1.0321721,11661
7.66,0.9844165,11661
7.58,0.0664566,11661
7.5,2.9074962,11661
7.36,-1.2098504,11661
7.22,-0.52450323,11661
7.13,-2.4957657,11661
7.13,-0.25436077,11661
7.01,0.15427878,11661
6.7,-2.3659866,11661
6.55,-1.5660114,11661
6.5,0.16993038,11661
6.44,-0.12184413,11661
6.39,-0.69159925,11661
8.0,1.2280661,15612
7.42,0.32883996,15612
6.52,-0.9853592,15612
6.51,1.9518512,15612
6.43,-1.881236,15612
6.39,-2.1763031,15612
6.08,-0.4391468,15612
5.7,0.23429847,15612
5.68,-4.0689187,15612
5.66,-2.8042552,15612
5.58,-5.4408517,15612
5.48,-5.170338,15612
5.46,-6.4854407,15612
5.42,-1.8849009,15612
5.37,0.18201363,15612
5.34,-0.22276154,15612
5.33,-1.3784256,15612
5.3,-1.77579,15612
5.17,-5.9764905,15612
5.1,-6.7995815,15612
5.09,-5.6512876,15612
5.0,-5.9540524,15612
4.8,-2.7563684,15612
4.52,-5.2922683,15612
4.44,-6.8645806,15612
4.41,-6.207724,15612
4.33,-4.8582125,15612
4.01,-4.8582125,15612
7.0,-1.9995043,6908
6.52,-1.3425013,6908
5.87,-2.2889903,6908
9.62,3.3165658,1745
7.57,-1.1992383,1745
7.06,-6.538408,1745
7.05,-1.7854402,1745
6.35,-1.1992383,1745
5.92,-6.1727595,1745
5.85,-7.401031,1745
5.64,-7.041063,1745
5.07,-6.538408,1745
4.85,-6.1727595,1745
5.14,0.3580724,2223
7.77,-1.2128496,15292
7.72,1.583984,15292
7.51,-0.27736253,15292
7.37,1.32987,15292
6.96,-0.66846657,15292
6.8,-0.012625955,15292
6.7,-3.0251524,15292
6.66,0.60430765,15292
6.58,-1.0822833,15292
6.48,-0.90073395,15292
6.04,0.11722457,15292
5.96,-1.8342305,15292
5.96,-2.11456,15292
5.89,-0.20309602,15292
5.89,-0.9979042,15292
5.72,-1.3609381,15292
5.62,-1.3790845,15292
5.58,-2.2599227,15292
5.46,0.6175895,15292
5.44,-1.5200086,15292
5.34,-1.0412444,15292
5.33,-1.1679456,15292
5.32,-1.0408117,15292
5.19,-0.018828817,15292
5.16,-1.7123889,15292
5.13,-1.3047334,15292
5.09,0.17860687,15292
5.09,-2.498256,15292
4.9,-0.79647386,15292
4.87,-1.6904378,15292
5.68,-2.9095569,2119
8.57,-3.977754,3527
8.35,-1.2493902,3527
8.26,-2.333287,3527
8.24,-2.1773489,3527
8.24,-5.755058,3527
8.15,-4.2895813,3527
8.14,-2.5841677,3527
8.14,-1.7301495,3527
8.11,-1.9393911,3527
8.09,-2.5692332,3527
8.09,0.51191795,3527
8.09,-2.4712987,3527
8.08,-0.6739297,3527
8.07,-5.0292006,3527
8.06,-2.9360147,3527
8.06,-2.7734025,3527
8.05,-1.3708404,3527
8.05,-1.5779735,3527
8.05,-1.8832619,3527
8.04,0.01176459,3527
8.03,-1.7567028,3527
7.96,-0.36973408,3527
7.96,-1.4422987,3527
7.92,-3.9086692,3527
7.92,-1.4593284,3527
7.89,-1.9710962,3527
7.85,-0.9087292,3527
7.77,-0.7425519,3527
7.68,-2.387387,3527
7.64,-1.7844049,3527
7.6,-0.6936327,3527
7.58,-3.8445656,3527
7.58,-2.189284,3527
7.55,-3.5713193,3527
7.43,-1.6151873,3527
7.35,-3.867544,3527
6.62,-3.7952735,3527
8.4,1.3486189,3329
8.3,-1.878748,3329
8.2,2.8445468,3329
8.2,-1.0936508,3329
8.1,1.2539985,3329
8.1,-3.0525987,3329
8.1,2.7170906,3329
8.1,1.0440422,3329
8.0,-2.1731293,3329
7.9,0.2962487,3329
7.8,-5.1786513,3329
7.8,-3.8487236,3329
7.8,1.7092096,3329
7.7,-2.5539315,3329
7.7,1.384471,3329
7.7,-3.9507082,3329
7.7,-1.4095206,3329
7.7,-0.2663135,3329
7.1,-1.950057,3329
6.1,-0.509035,3329
4.71,0.023782872,17059
8.52,1.1309506,17151
8.3,-0.5665873,17151
8.3,1.1597991,17151
8.1,1.4274693,17151
8.05,-1.632032,17151
7.92,1.1309506,17151
7.6,-1.632032,17151
7.39,0.009922791,17151
7.17,1.6724753,17151
7.03,-1.670953,17151
6.76,-4.236007,17151
6.39,-0.011977438,17151
6.37,-0.95161116,17151
5.92,-0.95161116,17151
5.52,-0.011977438,17151
5.46,-1.8077888,17151
5.17,-1.4830248,17151
5.04,-1.4830248,17151
9.15,-4.298346,9605
8.39,-0.73847353,9605
8.36,-1.7568086,9605
7.92,-4.298346,9605
7.89,-0.3868467,9605
7.6,-2.7635548,9605
7.5,-1.6724966,9605
7.4,-0.3868467,9605
6.37,-3.0380719,9605
5.23,-2.0326197,9605
6.11,-1.5819105,13563
6.03,-0.4976354,1512
5.74,-0.302747,1512
5.27,-3.0583136,1512
8.13,0.75486946,3305
7.92,1.1817471,3305
7.46,-2.182692,3305
7.44,2.3574972,3305
7.32,0.39603603,3305
7.26,0.5190954,3305
7.21,3.2395341,3305
7.0,-2.9740596,3305
7.0,-2.928052,3305
6.68,1.9268775,3305
6.64,3.2750974,3305
6.5,0.6048914,3305
5.92,0.31300774,3305
5.85,2.1154077,3305
5.5,-0.39769036,3305
4.85,-1.4209232,3305
4.5,0.22884555,3305
7.28,-0.15129173,1041
9.0,0.7304975,14546
5.05,0.58293176,14460
7.77,-0.12095524,10441
8.58,-2.3604634,9003
6.9,-3.634388,13957
8.96,3.1819246,13611
8.85,1.1123888,13611
8.85,1.555871,13611
8.85,1.6481231,13611
8.77,1.3406081,13611
8.72,0.87724376,13611
8.7,2.649174,13611
8.68,3.2439148,13611
8.66,4.0983715,13611
8.64,1.6547112,13611
8.57,3.4460673,13611
8.52,1.7482296,13611
8.51,3.037567,13611
8.47,-0.05874592,13611
8.47,2.1009922,13611
8.47,2.895675,13611
8.42,1.8338225,13611
8.39,3.6481066,13611
8.34,3.1005495,13611
8.12,4.4764686,13611
8.09,2.895675,13611
8.08,1.6890264,13611
7.28,2.665928,13611
7.04,2.5022218,13611
6.63,0.6018506,13611
5.65,-0.39006466,13611
6.23,-1.7117336,2214
6.46,-2.0010235,15683
5.66,-5.1175876,15683
5.3,-6.4613605,15683
5.1,-3.4040086,15683
6.41,0.013255542,7998
10.52,3.4972634,6345
10.15,2.5533364,6345
10.05,0.6083721,6345
10.05,1.469244,6345
9.96,0.22575374,6345
9.96,3.301936,6345
9.96,0.068470076,6345
9.89,-0.029773854,6345
9.82,6.376322,6345
9.8,2.903629,6345
9.8,3.637007,6345
9.7,7.5295987,6345
9.68,0.012342675,6345
9.68,3.8142354,6345
9.64,2.5250545,6345
9.64,5.1839213,6345
9.6,4.199863,6345
9.59,2.5047421,6345
9.57,-0.70298994,6345
9.57,3.9895067,6345
9.57,0.012342675,6345
9.57,6.61611,6345
9.55,4.669541,6345
9.51,5.05209,6345
9.46,-0.70298994,6345
9.35,2.8258777,6345
9.33,5.4822493,6345
9.31,0.43547764,6345
9.31,4.807899,6345
9.28,4.047899,6345
9.27,4.4952717,6345
9.21,-1.174791,6345
9.21,4.758176,6345
9.19,4.2465086,6345
9.15,3.7303567,6345
9.13,5.0704856,6345
9.12,3.7624693,6345
9.12,3.5565379,6345
9.12,0.68347037,6345
9.09,0.045529336,6345
9.06,0.014658745,6345
9.03,4.185727,6345
9.03,-2.3368902,6345
9.0,4.2646384,6345
8.93,0.98120546,6345
8.88,3.2036564,6345
8.85,0.9668802,6345
8.81,3.0376341,6345
8.79,2.4121642,6345
8.69,2.6767979,6345
8.61,1.4846606,6345
8.56,1.3973974,6345
8.53,-0.029773854,6345
8.52,2.2008383,6345
8.5,2.1817153,6345
8.49,3.386049,6345
8.34,2.8400867,6345
8.33,2.6036592,6345
8.29,1.0275975,6345
8.22,1.6983135,6345
8.09,5.256479,6345
7.81,1.1657777,6345
7.79,1.4385403,6345
7.71,0.26692945,6345
7.68,3.4768672,6345
7.6,1.6066784,6345
7.33,-0.4217541,6345
7.21,0.5857736,6345
7.09,-0.87056935,6345
7.07,0.70423865,6345
6.81,0.28324953,6345
6.78,0.65016913,7843
5.47,-1.3647691,5615
5.31,-0.72066593,5615
5.19,-0.508636,5615
5.12,-2.481598,5615
5.62,-1.7076808,15584
5.44,-1.2068238,15584
5.72,-2.0697389,15428
6.16,0.11807779,14594
6.96,0.9007311,7014
6.95,3.1536424,6964
7.28,1.3987781,1366
9.13,-0.6515391,10230
6.25,-1.4020644,1115
6.51,-0.5396906,5580
9.1,1.0548775,6326
8.15,1.683799,7674
8.0,0.73956585,7674
7.89,2.9511645,7674
7.89,2.33323,7674
7.82,2.9511645,7674
7.72,1.6571102,7674
7.57,-0.87448955,7674
8.8,2.0895026,9245
8.8,3.284756,9245
8.8,0.66445136,9245
8.74,4.908753,9245
8.66,3.3412557,9245
8.64,3.0251822,9245
8.57,3.4242485,9245
8.54,1.5010234,9245
8.54,2.2752335,9245
8.4,3.9584193,9245
8.36,4.037332,9245
8.24,2.841439,9245
7.63,-0.9152001,9245
8.7,0.17578217,1290
7.8,-2.275616,1290
7.82,-0.8835826,15536
7.52,0.6677567,15536
7.3,0.37194481,15536
6.77,-2.9185982,15536
6.01,-0.9483783,15536
5.44,-1.4637393,15536
4.57,-3.8653529,15536
5.6,-0.5811784,3218
4.85,-1.0226855,3218
4.81,-2.7826252,3218
4.67,-2.5643833,3218
4.64,-5.0683293,3218
4.39,-0.8348359,3218
4.29,-6.488437,3218
4.11,-5.229689,3218
4.03,0.3985871,3218
7.3,-0.09627461,7360
7.92,3.111393,13029
7.89,4.14477,13029
7.85,1.3003231,13029
7.82,3.2598736,13029
7.77,3.8318245,13029
7.68,2.7628424,13029
7.68,4.431861,13029
7.66,3.7166884,13029
7.66,2.1961088,13029
7.64,2.6500702,13029
7.64,4.0383515,13029
7.64,4.2201676,13029
7.58,5.3350325,13029
7.5,2.531921,13029
7.46,4.7141924,13029
7.42,3.4384246,13029
7.39,3.5856292,13029
7.26,-1.5016326,13029
7.19,-0.12182234,13029
7.12,3.3421066,13029
6.69,-1.2625979,13029
6.49,-0.056299694,13029
5.68,4.959283,13029
4.92,0.17362282,13029
7.7,3.1724806,2012
8.3,-1.1631471,17104
8.1,-0.80813456,17104
7.92,-2.0826492,17104
7.92,1.3958759,17104
7.89,-1.7798593,17104
7.85,0.6315229,17104
7.85,0.6607977,17104
7.8,-3.1146681,17104
7.7,-2.1360714,17104
7.64,-0.9906411,17104
7.64,-2.1155076,17104
7.62,-3.3861005,17104
7.5,-1.0654703,17104
7.48,1.3713993,17104
7.36,-0.85523343,17104
7.33,-0.9195862,17104
7.32,0.38107833,17104
7.24,-1.7243294,17104
7.16,-2.5822847,17104
6.98,-2.528497,17104
6.57,-0.5118612,17104
6.51,-3.8651593,17104
5.95,-1.9769118,17104
7.4,1.9280987,8711
8.7,1.3566748,12745
8.52,-1.4697679,12745
8.0,1.8300153,12745
8.0,-1.0001512,12745
7.93,1.3629795,12745
7.6,1.2081169,12745
7.22,3.844125,12745
6.92,0.26332688,12745
6.89,-0.33748803,12745
6.86,1.0490465,12745
6.63,0.06287613,12745
6.42,-0.61703074,12745
6.37,1.0355371,12745
6.33,1.147263,12745
6.19,-0.42432857,12745
5.81,-2.1591141,12745
5.71,1.5611463,12745
5.35,-1.5150709,12745
5.06,-1.2320031,1661
4.63,1.2078623,1661
4.6,-1.6461533,1661
7.4,-1.5238968,4401
8.15,2.6754417,5733
8.0,2.852784,5733
7.82,2.9113948,5733
7.82,1.4068196,5733
7.6,3.383355,5733
7.51,3.136922,5733
7.38,-0.07198691,5733
7.37,3.2438805,5733
7.28,2.044013,5733
7.26,0.49480453,5733
6.92,-0.5775701,5733
6.8,1.4900298,5733
6.77,-0.47420627,5733
6.6,-0.13651192,5733
6.43,1.672882,5733
6.37,-2.5488508,5733
6.52,-0.7091168,4600
6.37,-4.7461977,4600
6.25,-0.6222297,4600
6.2,-0.6222297,4600
6.11,-2.6662097,4600
5.97,-1.9831765,4600
5.75,-4.8957124,4600
5.69,-3.1056411,4600
5.66,-4.84689,4600
5.39,-0.40015507,4600
5.32,-2.5815406,4600
5.31,-0.6222297,4600
5.06,-2.4100847,4600
4.95,1.9955714,4600
8.4,1.325204,13778
8.29,-1.040723,13818
8.29,-1.1251229,13818
8.02,-1.1850624,13818
7.85,4.054338,13818
7.68,3.4254153,13818
7.64,0.42620587,13818
7.44,0.1999685,13818
7.08,-1.3499846,13818
7.04,-1.9033691,13818
7.02,-0.017775074,13818
6.71,-1.0516089,13818
6.67,-0.8194809,13818
6.59,0.27839968,13818
6.51,-0.6403295,13818
6.43,-4.12098,13818
6.33,-0.34175736,13818
6.23,-4.156,13818
6.17,-0.4146169,13818
6.16,-1.5563761,13818
6.16,-3.9890463,13818
6.01,-1.7318971,13818
5.96,-2.5417755,13818
5.82,-3.3459249,13818
6.52,-0.7036638,9869
7.64,1.8448882,16212
7.27,-2.251197,16212
7.13,-1.8822522,16212
7.1,-0.48184526,16212
7.03,3.3148005,16212
6.99,2.874289,16212
6.97,-0.22382426,16212
6.97,1.1571639,16212
6.97,-2.6870244,16212
6.83,-0.053689748,16212
6.5,1.3679607,16212
6.47,0.9831786,16212
5.63,-0.46080482,16212
5.46,-4.044846,16212
5.05,-2.5984144,16212
5.04,-0.9632746,16212
4.63,-1.3422688,16212
5.23,-0.39746013,5425
4.82,-3.5656078,12477
6.4,-1.6454358,16299
5.31,2.274186,16299
6.02,-0.8105427,569
5.8,-1.9599674,1898
7.19,0.019088276,4036
7.15,2.2937322,4036
6.88,-1.1377766,4036
6.61,-2.5055068,4036
10.37,1.7149936,11151
9.84,-1.2147654,11151
9.67,-0.17057556,11151
8.94,-0.25080034,11151
9.52,4.396781,8226
8.89,2.685225,8226
8.29,0.5301552,10073
8.27,-1.7236662,10073
8.24,-1.7011904,10073
8.17,-2.8197253,10073
8.04,-1.5386249,10073
8.03,2.061291,10073
8.03,0.6522254,10073
7.99,-0.22511369,10073
7.85,0.7830893,10073
7.81,-1.5878785,10073
7.78,-1.6512235,10073
7.77,1.468606,10073
7.76,-0.8910104,10073
7.69,-2.571193,10073
7.68,2.5840056,10073
7.66,0.06789075,10073
7.64,1.5514176,10073
7.64,-0.007631436,10073
7.58,1.1452272,10073
7.5,-1.9507354,10073
7.46,-2.1923542,10073
7.42,1.2599366,10073
7.41,-3.276179,10073
7.29,-0.8376814,10073
7.21,0.27170956,10073
7.19,0.830075,10073
7.19,-1.5386249,10073
7.09,-0.868153,10073
7.09,0.43582705,10073
7.07,-1.4196264,10073
7.04,-1.9666758,10073
6.9,-4.532752,10073
6.88,2.7665823,10073
6.82,-1.893688,10073
6.81,2.14573,10073
6.81,0.63450885,10073
6.75,-0.22472413,10073
6.73,0.057262965,10073
6.46,0.5842055,10073
5.58,0.29582614,210
8.64,2.5028214,3892
8.0,1.3203732,2150
7.37,-0.9102267,10862
7.21,-0.673668,230
6.52,-0.9335152,230
7.51,0.022793293,7752
6.92,1.2365828,7752
6.94,-1.2874581,10697
6.05,-0.6384778,15535
4.35,-4.9088717,15535
8.11,1.9574658,13157
5.0,-2.6241508,12731
7.6,3.826903,5210
7.42,-1.0826651,5210
7.33,0.86889315,5210
7.26,0.17133236,5210
6.95,1.3043053,5210
6.68,1.8981076,5210
6.39,2.1335661,5210
6.28,0.17133236,5210
6.28,1.8350718,5210
6.06,0.74624515,5210
6.03,1.2391654,5210
6.02,-2.032488,5210
5.77,1.9269274,5210
5.15,0.87365997,5210
7.72,0.28786707,1485
7.41,0.95448494,8017
7.33,3.0412138,8017
6.75,-0.25655603,8017
6.45,1.2189533,8017
7.7,-2.7404034,8237
7.52,-2.2284648,8237
7.4,-3.6321955,8237
7.1,-0.5593959,8237
6.72,-2.5379574,8909
10.92,-0.1448675,10666
10.92,1.8494979,10666
10.92,0.39105955,10666
9.36,-3.3612041,10666
6.64,1.3572199,4231
4.3,-2.921896,962
7.84,0.22442459,6660
8.51,1.235398,13840
7.8,-1.6654832,8688
9.1,1.6949959,14068
9.05,2.0266757,14068
9.05,-0.24707067,14068
9.0,2.642582,14068
9.0,0.2571776,14068
8.96,2.282594,14068
8.92,3.7485003,14068
8.85,3.4579055,14068
8.77,-0.1346618,14068
8.66,2.8909376,14068
8.52,1.1133614,14068
8.4,0.87638164,14068
8.1,1.1716206,14068
8.25,3.1101978,8995
8.17,1.9346218,8995
8.13,2.8392045,8995
8.1,1.3241837,8995
8.09,0.48390448,8995
8.06,3.5540025,8995
7.98,2.0283349,8995
7.92,1.2801646,8995
7.89,2.513548,8995
7.88,1.4691833,8995
7.88,2.3108037,8995
7.8,1.890127,8995
7.8,0.6772078,8995
7.74,0.5399463,8995
7.73,3.47675,8995
7.71,0.13354546,8995
7.56,-1.2989265,8995
7.55,-0.38949007,8995
7.39,0.8104409,8995
7.18,-0.06960147,8995
7.08,-0.86211276,8995
6.4,-0.21755576,8995
7.96,4.3682427,804
7.8,3.091841,804
7.31,3.3024058,804
7.22,2.989334,804
7.03,4.072768,804
7.02,0.97215414,804
7.0,4.4252543,804
6.98,1.6624634,804
6.92,0.009386856,804
6.39,4.3297787,804
6.33,2.0109184,804
5.78,2.990109,804
9.03,-0.7030207,11088
9.0,5.997284,11088
8.85,-4.962904,11088
8.77,4.0548897,11088
8.74,2.7200239,11088
8.72,2.7052114,11088
8.62,-5.6815524,11088
8.55,0.7464367,11088
8.44,-6.0476193,11088
8.28,1.0444105,11088
8.08,-1.7994442,11088
7.96,-0.15398717,11088
7.89,-4.1409736,11088
7.0,-0.9899101,11088
6.92,-4.7456136,11088
6.37,-4.322645,11088
5.3,-2.164256,17883
5.16,-1.0116916,17883
4.7,-1.5292331,17883
4.54,-3.906293,17883
4.44,-6.917065,17883
4.29,-4.683391,17883
4.0,-4.2540326,17883
4.0,-2.6019223,17883
4.0,-4.561332,17883
4.0,-3.9984114,17883
7.9,0.41484118,12391
7.82,-0.15599623,12391
7.72,0.07374908,12391
7.6,-1.3773849,12391
7.57,-2.3872674,12391
7.24,0.77796376,12391
7.12,-0.21736585,12391
7.11,-2.0526557,12391
7.09,0.6327151,12391
7.08,-2.9887474,12391
6.94,-1.2517289,12391
6.92,-2.2960517,12391
6.81,-2.2817094,12391
6.79,-3.5197737,12391
6.78,0.45130536,12391
6.76,-2.7262533,12391
6.71,-3.7676675,12391
6.63,-0.35732266,12391
6.6,-1.7839074,12391
6.57,-4.9631786,12391
6.57,-4.774116,12391
6.54,-1.8014255,12391
6.5,-1.3359398,12391
6.48,-5.1649513,12391
6.45,-3.0109084,12391
6.32,-2.3244126,12391
6.32,-2.83875,12391
6.3,-2.415121,12391
6.27,-2.6850944,12391
6.18,-5.268962,12391
6.12,-3.5572426,12391
6.09,-0.04921604,12391
6.01,-3.623538,12391
5.23,-3.2186215,12391
6.92,-0.7366233,9144
6.84,-1.407551,9144
6.29,-2.2562807,9144
8.0,2.183414,668
7.7,-2.3114614,668
7.7,-1.0182604,668
7.7,1.497671,668
7.7,1.8977294,668
7.52,-2.1649148,668
7.4,1.5655133,668
6.44,-0.69205153,668
6.07,-0.8139204,668
5.92,1.1435288,668
7.18,-3.0569215,5523
4.8,-2.653385,10066
8.57,-1.2432295,8072
8.44,3.3305442,8072
7.2,-1.6080424,10994
7.07,-0.9797957,10994
6.82,-0.7764418,10994
6.68,0.42399016,10994
6.66,-3.1182582,10994
6.54,-1.5549358,10994
6.54,-0.1286965,10994
6.46,-1.9987693,10994
6.43,-0.061614074,10994
6.43,-3.3113081,10994
6.42,-2.6687665,10994
6.36,-1.1089631,10994
6.31,-0.94771504,10994
6.28,-0.7148578,10994
6.17,0.40479472,10994
5.77,-2.590558,10994
5.47,-2.6687665,10994
6.7,0.23943909,13418
6.3,-0.03545033,13418
6.19,1.1594118,13418
6.17,2.5782626,13418
6.08,-1.8750479,13418
5.91,2.5791945,13418
5.78,-0.8384594,13418
5.72,1.0000973,13418
5.65,0.27006346,13418
5.2,-4.9569907,13418
4.75,-5.907278,13418
4.43,-5.6275673,13418
9.0,0.20969321,13164
7.4,0.6027498,15600
6.89,0.35622227,15600
6.8,0.76763,15600
6.68,0.27357852,15600
6.6,-1.3017889,15600
6.04,-1.992527,15600
5.66,-2.1437366,15600
5.51,-2.6803186,15600
5.33,-4.052714,15600
4.77,-3.9029393,15600
4.72,-3.2033975,15600
6.11,1.603554,7164
9.82,-2.7280967,6158
9.59,2.3149743,6158
9.41,2.0899715,6158
8.8,2.939065,6158
8.72,3.5147357,6158
8.68,2.9318948,6158
8.59,1.6669921,6158
8.59,2.3614335,6158
8.57,0.14674753,6158
8.51,-0.56505406,6158
8.49,0.7314173,6158
8.46,0.32782272,6158
8.42,2.732443,6158
8.37,2.0869446,6158
8.36,1.8964021,6158
8.34,1.9041852,6158
8.33,-0.24315545,6158
8.33,2.7675807,6158
8.32,-0.81420827,6158
8.31,1.8028277,6158
8.3,2.3486915,6158
8.3,-0.82627296,6158
8.28,-0.23478818,6158
8.28,1.251956,6158
8.26,0.07895462,6158
8.25,0.50125134,6158
8.24,0.21308768,6158
8.24,0.16321436,6158
8.22,-0.22623044,6158
8.2,1.3504033,6158
8.19,-2.5318446,6158
8.17,-1.2896795,6158
8.16,-1.0121856,6158
8.16,0.39790723,6158
8.15,2.148979,6158
8.12,1.1408691,6158
8.08,1.6341959,6158
8.06,1.4463768,6158
8.04,3.336583,6158
8.04,-1.2475642,6158
8.03,0.6753459,6158
8.02,-1.0872012,6158
8.0,0.36992505,6158
8.0,0.29119754,6158
7.96,0.54624534,6158
7.92,1.3156606,6158
7.92,2.039161,6158
7.92,2.0265682,6158
7.92,0.36992505,6158
7.89,-0.6931013,6158
7.89,1.5953536,6158
7.89,1.3234385,6158
7.89,1.8069428,6158
7.89,-0.5260433,6158
7.89,0.6319032,6158
7.89,0.67534626,6158
7.89,4.6147413,6158
7.85,2.1597245,6158
7.85,1.7557386,6158
7.85,2.4536061,6158
7.85,2.1901555,6158
7.85,1.6347047,6158
7.85,-0.9609817,6158
7.82,3.3027503,6158
7.82,0.5803952,6158
7.82,3.8267732,6158
7.82,-1.2742295,6158
7.8,2.6575668,6158
7.8,5.8013988,6158
7.8,1.0406464,6158
7.77,1.195149,6158
7.75,-0.8118551,6158
7.75,1.269063,6158
7.75,-0.58678496,6158
7.75,0.78289413,6158
7.75,-0.6830207,6158
7.72,1.565901,6158
7.72,0.5260165,6158
7.7,2.606013,6158
7.7,-0.21606176,6158
7.7,0.15533084,6158
7.68,2.7938886,6158
7.66,1.1296402,6158
7.66,0.5260165,6158
7.64,1.3728014,6158
7.64,2.5200405,6158
7.64,0.34712863,6158
7.62,-0.40346995,6158
7.62,-2.5119495,6158
7.62,3.4367323,6158
7.62,0.83657646,6158
7.62,0.5260165,6158
7.6,-0.0489192,6158
7.6,-0.337738,6158
7.6,3.7050872,6158
7.6,0.78116083,6158
7.58,1.3380301,6158
7.58,-7.471183,6158
7.58,-0.14478767,6158
7.58,0.67534626,6158
7.57,0.21308768,6158
7.57,-5.226713,6158
7.57,0.6279043,6158
7.57,0.85797143,6158
7.55,1.702077,6158
7.55,1.7226021,6158
7.55,-0.27739817,6158
7.55,2.6197941,6158
7.54,1.5038383,6158
7.54,-0.4199881,6158
7.54,-0.045848675,6158
7.54,2.5200405,6158
7.52,-0.96689916,6158
7.52,1.0975024,6158
7.52,1.5081269,6158
7.52,0.77306473,6158
7.52,-1.5379431,6158
7.51,-0.7814188,6158
7.51,2.9671326,6158
7.51,2.0195844,6158
7.51,1.2615466,6158
7.5,1.2381835,6158
7.5,0.19335389,6158
7.47,0.14400418,6158
7.47,0.1223418,6158
7.47,-1.4153787,6158
7.47,0.9200603,6158
7.46,-0.8501382,6158
7.46,2.9926002,6158
7.46,3.6719773,6158
7.46,2.9671326,6158
7.44,0.26281115,6158
7.43,-0.5255474,6158
7.43,1.9760641,6158
7.42,-0.32888272,6158
7.42,1.8652444,6158
7.42,1.7236601,6158
7.42,-0.08991819,6158
7.41,-0.571612,6158
7.41,-1.6457081,6158
7.41,2.5663676,6158
7.41,1.2491252,6158
7.4,1.5038383,6158
7.4,-2.1540382,6158
7.4,1.1721992,6158
7.38,-0.48785427,6158
7.38,-0.20634404,6158
7.38,-3.043801,6158
7.38,0.35504588,6158
7.37,-2.0609431,6158
7.37,1.5661492,6158
7.36,1.6141114,6158
7.33,0.9090909,6158
7.33,-0.5893024,6158
7.32,-0.98420537,6158
7.32,2.194854,6158
7.31,-0.9958874,6158
7.31,-0.35781857,6158
7.31,2.897196,6158
7.31,-7.236791,6158
7.28,-2.254108,6158
7.28,0.9267274,6158
7.27,0.7502357,6158
7.27,0.4435326,6158
7.27,2.053316,6158
7.27,1.0929717,6158
7.26,1.7822812,6158
7.26,-2.3894057,6158
7.26,-0.6213554,6158
7.25,-0.2935638,6158
7.24,-1.5922346,6158
7.24,-0.14478779,6158
7.24,0.9226757,6158
7.24,0.5793084,6158
7.24,0.39379805,6158
7.23,-1.2598385,6158
7.22,0.727178,6158
7.22,1.283781,6158
7.22,1.627611,6158
7.21,-2.383417,6158
7.21,-0.908412,6158
7.2,2.3172843,6158
7.19,1.0802222,6158
7.19,-0.84551775,6158
7.19,-0.61623013,6158
7.19,2.7902317,6158
7.18,-0.301289,6158
7.18,0.640893,6158
7.18,2.366664,6158
7.17,1.1799195,6158
7.17,1.2381413,6158
7.16,0.63129973,6158
7.14,2.1274917,6158
7.14,0.5657157,6158
7.14,0.16485988,6158
7.14,0.76830757,6158
7.14,-0.63841736,6158
7.12,0.71865606,6158
7.11,0.6588825,6158
7.11,0.85859513,6158
7.11,2.7890298,6158
7.11,1.3732004,6158
7.11,1.405338,6158
7.1,-2.4617348,6158
7.1,-1.8919681,6158
7.1,0.47260448,6158
7.1,1.0384871,6158
7.1,-1.0576174,6158
7.1,2.3428755,6158
7.09,-1.27423,6158
7.08,2.1499472,6158
7.08,2.6415234,6158
7.07,2.869421,6158
7.07,0.35408637,6158
7.06,-0.07371295,6158
7.06,2.769096,6158
7.06,0.31547746,6158
7.06,-0.25474522,6158
7.06,0.4758631,6158
7.05,0.31024143,6158
7.05,-1.9215225,6158
7.05,2.9141989,6158
7.04,0.96046686,6158
7.04,0.9311646,6158
7.04,-2.4374213,6158
7.04,-0.25616118,6158
7.04,-0.48154798,6158
7.03,4.6147423,6158
7.03,4.1284776,6158
7.02,-0.03448154,6158
7.02,3.2494924,6158
7.02,-0.95797884,6158
7.01,-1.976284,6158
7.01,1.6868889,6158
7.01,0.33524826,6158
7.01,1.4087692,6158
7.0,-0.02436066,6158
7.0,-0.35239568,6158
7.0,1.3799001,6158
6.96,0.43241867,6158
6.96,-0.19497308,6158
6.96,-0.62785494,6158
6.96,3.1878917,6158
6.96,-0.75618994,6158
6.96,1.1983762,6158
6.96,-0.354275,6158
6.96,-0.51443374,6158
6.92,3.9781897,6158
6.92,1.1029521,6158
6.92,1.7520278,6158
6.92,-3.8462002,6158
6.92,2.402544,6158
6.92,2.3813348,6158
6.92,1.5054628,6158
6.92,1.9642632,6158
6.92,2.1886268,6158
6.92,1.5674301,6158
6.92,1.1448051,6158
6.92,-0.0962383,6158
6.91,6.0720735,6158
6.91,3.3627858,6158
6.89,-0.40201184,6158
6.89,1.4021288,6158
6.89,0.39412734,6158
6.89,0.23919448,6158
6.89,-1.919764,6158
6.89,0.89191234,6158
6.89,2.7582595,6158
6.85,2.5601022,6158
6.85,3.0791407,6158
6.85,2.5078173,6158
6.85,-0.73836005,6158
6.85,0.8087534,6158
6.85,-0.23112813,6158
6.85,1.7249045,6158
6.85,1.3752277,6158
6.85,-1.2453965,6158
6.85,1.7448086,6158
6.85,-3.3676486,6158
6.85,-1.6452099,6158
6.85,1.1175863,6158
6.85,0.9566939,6158
6.85,-1.4961921,6158
6.85,0.9649116,6158
6.82,3.1667798,6158
6.82,-0.07462379,6158
6.82,1.8859086,6158
6.82,-0.7863965,6158
6.82,-0.37744263,6158
6.82,-1.3080993,6158
6.8,-0.28137758,6158
6.8,-0.037387125,6158
6.8,0.21044667,6158
6.8,1.8808279,6158
6.8,1.8611641,6158
6.8,0.045918096,6158
6.8,0.05214666,6158
6.77,0.12481248,6158
6.77,2.3343441,6158
6.77,-0.50133145,6158
6.77,2.971189,6158
6.77,0.762033,6158
6.77,-0.6892737,6158
6.75,3.3846648,6158
6.75,-2.045796,6158
6.75,1.6397059,6158
6.75,1.251956,6158
6.72,2.0695155,6158
6.72,-0.5959923,6158
6.72,2.4941442,6158
6.72,2.2177136,6158
6.7,4.00686,6158
6.7,1.0985674,6158
6.7,-1.8685321,6158
6.7,0.7313365,6158
6.7,-3.7164712,6158
6.68,0.88361394,6158
6.68,-2.5178149,6158
6.68,2.648506,6158
6.67,-5.06247,6158
6.66,-0.17107816,6158
6.66,0.57957673,6158
6.66,-0.22994258,6158
6.64,1.0607055,6158
6.64,0.23857468,6158
6.64,-1.5299953,6158
6.64,-1.343046,6158
6.64,-2.0053542,6158
6.64,-2.5282338,6158
6.64,2.2364964,6158
6.62,-0.16685578,6158
6.62,2.7029757,6158
6.62,0.7883253,6158
6.6,0.23513156,6158
6.6,0.11568314,6158
6.6,2.9721541,6158
6.6,0.8801565,6158
6.6,1.9411621,6158
6.6,3.2110417,6158
6.6,-2.9604042,6158
6.58,-0.54890716,6158
6.58,-0.70666933,6158
6.57,-0.7865412,6158
6.57,-1.8338307,6158
6.55,1.8039107,6158
6.55,0.21851915,6158
6.55,1.4716694,6158
6.54,-1.1049626,6158
6.54,-0.5082208,6158
6.52,-0.54890776,6158
6.52,3.2371013,6158
6.51,3.123264,6158
6.51,2.5401392,6158
6.51,2.4803007,6158
6.51,0.8427323,6158
6.5,2.611446,6158
6.5,2.1580398,6158
6.5,-0.63552594,6158
6.48,-0.23961118,6158
6.48,2.1992285,6158
6.48,1.7794218,6158
6.47,-2.2847323,6158
6.47,0.14907502,6158
6.46,-1.6161438,6158
6.46,0.31488207,6158
6.44,1.8749388,6158
6.43,-0.06492843,6158
6.43,-0.16436517,6158
6.43,1.0737735,6158
6.43,-0.54485893,6158
6.43,0.7208427,6158
6.42,-1.0101881,6158
6.42,2.6690435,6158
6.41,1.248918,6158
6.4,0.92795694,6158
6.39,0.10126964,6158
6.38,2.8166573,6158
6.36,0.037406214,6158
6.36,0.56290007,6158
6.34,0.39497218,6158
6.34,-0.71031,6158
6.32,-0.7178707,6158
6.31,2.1646569,6158
6.31,2.5954373,6158
6.3,0.15025347,6158
6.3,-0.5044807,6158
6.3,-1.6992412,6158
6.3,0.1548948,6158
6.29,-2.4522781,6158
6.28,0.3493175,6158
6.28,-2.4289181,6158
6.27,-3.4343715,6158
6.27,-0.0767557,6158
6.25,-0.18076085,6158
6.25,3.0671737,6158
6.25,0.11212073,6158
6.24,0.38057655,6158
6.23,3.8902652,6158
6.22,-1.0983251,6158
6.21,-0.32481185,6158
6.19,-0.18675405,6158
6.19,-0.07935551,6158
6.19,-2.033381,6158
6.17,-0.9996103,6158
6.17,0.54557526,6158
6.16,3.4704206,6158
6.16,0.5262251,6158
6.15,-0.70298827,6158
6.14,2.5973177,6158
6.14,1.1298492,6158
6.13,-2.6965008,6158
6.11,-0.7009711,6158
6.11,1.1815293,6158
6.1,1.5641901,6158
6.09,-2.0280085,6158
6.05,0.62952685,6158
6.0,0.66916513,6158
5.96,0.16403614,6158
5.96,1.898214,6158
5.85,-1.3270128,6158
5.85,0.47554207,6158
5.85,1.3317783,6158
5.8,-0.1228428,6158
5.75,5.174874,6158
5.7,-1.349743,6158
5.7,1.7298424,6158
5.6,-1.6000638,6158
5.12,3.556527,6158
6.37,-0.3446592,12437
7.43,-1.2578115,13464
5.54,-1.2331444,17698
9.52,1.4586475,9818
8.7,0.2907037,9818
8.7,0.37615907,9818
7.42,-1.5530063,9818
6.62,-0.9357569,9818
6.3,-0.30570492,9818
6.1,0.18699005,9818
6.09,-1.9633932,9818
5.96,-1.3545499,9818
5.72,-1.8936529,9818
7.47,-2.7216585,5638
7.21,-1.3546666,16797
7.17,-4.0410476,7860
7.11,-4.635903,7860
7.06,-1.2707223,7860
6.92,-3.6215026,7860
6.92,-2.863157,7860
6.92,0.3696428,7860
6.89,1.9513086,7860
6.85,-0.42947385,7860
6.82,-4.5580573,7860
6.82,-4.5165925,7860
6.8,-1.4565526,7860
6.8,-4.012382,7860
6.72,-0.43837982,7860
6.64,-3.906834,7860
6.62,1.6023681,7860
6.62,-4.832234,7860
6.6,-5.676079,7860
6.6,-1.9670653,7860
6.58,-0.33517691,7860
6.55,-3.6184459,7860
6.5,-4.2690473,7860
6.48,-3.3519557,7860
6.48,1.3283895,7860
6.44,-0.8403585,7860
6.43,-4.298275,7860
6.41,-1.7828867,7860
6.41,2.2107785,7860
6.4,-2.0084233,7860
6.4,-5.5688233,7860
6.39,-1.8086491,7860
6.39,-5.7755027,7860
6.37,-3.3670552,7860
6.35,-2.6293323,7860
6.29,-4.0414143,7860
6.21,-3.2887878,7860
6.2,-4.027133,7860
6.17,-1.5157282,7860
6.17,-3.2233245,7860
6.16,1.0337156,7860
6.13,-2.614904,7860
6.13,-1.0855104,7860
6.11,-2.1276033,7860
6.1,-2.690231,7860
6.09,-0.24889788,7860
6.05,-0.0082241725,7860
6.04,0.35145015,7860
6.0,-4.7852006,7860
6.0,-2.5811055,7860
5.96,-5.535315,7860
5.92,0.97594357,7860
5.92,-0.41914612,7860
5.92,-1.4092928,7860
5.8,-5.256401,7860
5.4,-5.4318967,7860
5.38,-4.437776,7860
5.13,-4.2382073,7860
5.09,-5.003409,7860
5.08,-0.07654161,7860
7.92,-0.4059131,14624
6.18,1.2427182,16939
6.12,0.10564617,16939
6.1,2.2125704,16939
5.92,-0.42404583,16939
6.43,0.2559802,5906
7.72,1.7386892,6354
7.64,0.5522547,6354
7.62,1.6784601,6354
7.62,3.70263,6354
7.54,2.9798634,6354
7.46,1.2182747,6354
7.41,1.3616998,6354
7.39,2.36987,6354
7.37,2.0462043,6354
7.36,2.7944813,6354
7.35,2.9537144,6354
7.35,1.3598276,6354
7.33,2.0248392,6354
7.3,2.9572012,6354
7.17,-0.08255407,6354
7.14,2.1627042,6354
7.13,2.636249,6354
7.13,-0.28200734,6354
7.05,3.7548785,6354
7.0,1.2868149,6354
7.0,2.8116863,6354
6.92,-0.19035305,6354
6.9,1.2551792,6354
6.75,3.5584993,6354
6.71,0.48861885,6354
6.67,1.987897,6354
6.62,2.4146476,6354
6.5,1.9970243,6354
6.46,2.4973505,6354
6.46,3.1602402,6354
6.3,0.7828442,6354
6.27,0.11199452,6354
5.58,1.9869109,6354
9.1,3.0497644,4219
7.72,1.0711435,4219
7.35,3.0728514,4219
7.17,2.0515916,4219
6.85,-2.241303,4219
6.6,-0.13380572,4219
6.39,-0.13725784,4219
6.11,-2.126856,4219
6.02,-2.8377593,4219
8.7,0.73661375,13355
8.52,1.8661683,13355
8.52,1.7134646,13355
8.4,1.6306564,13355
8.3,3.2501283,13355
8.3,1.9727442,13355
8.3,2.7283745,13355
8.22,3.5438137,13355
8.22,2.0226316,13355
8.1,2.2638862,13355
8.05,3.7219756,13355
8.0,0.270619,13355
8.0,4.149926,13355
8.0,0.5020695,13355
7.96,2.8666172,13355
7.92,0.37676919,13355
7.89,1.5088961,13355
7.85,1.6588153,13355
7.75,2.3725212,13355
7.72,4.0635953,13355
7.6,1.5838022,13355
7.6,2.6459117,13355
7.58,0.74174345,13355
7.58,3.188834,13355
7.48,2.189626,13355
7.43,0.6015376,13355
6.99,-0.6341542,13355
6.75,2.2281144,13355
7.13,-0.46598324,15594
6.57,-2.3063295,15594
5.48,-2.2720478,15594
5.17,-1.2177805,15594
5.02,-4.379781,15594
8.22,1.270132,9377
7.3,-2.5090315,2192
6.72,-0.3278845,2192
6.44,-0.7505423,2192
6.17,-1.7279751,2192
5.01,-1.7279754,2192
4.71,-3.9484909,2192
4.68,-2.254677,2192
5.52,-2.1557763,17467
4.68,-7.9494133,17467
5.85,-3.7392504,6821
5.04,-0.8364365,6821
9.0,1.7819628,13586
8.96,2.3783276,13586
8.82,-1.9198476,13586
8.72,2.8164222,13586
8.72,-0.4197673,13586
8.38,4.9510713,13586
8.36,-1.4054224,13586
8.35,-0.15701704,13586
8.27,1.7819628,13586
8.02,1.4926659,13586
7.64,2.0124464,13586
7.46,2.094327,13586
7.41,-1.9421215,13586
7.16,0.15592033,13586
6.88,-1.0547295,13586
6.54,-0.6700473,13586
6.28,-1.677883,13586
6.15,-1.280926,13586
6.14,-2.439598,5607
5.48,-1.3708557,5607
5.37,-0.5335692,5607
5.09,-0.2940306,5607
8.04,2.491286,11700
7.92,1.3770205,11700
7.89,2.632596,11700
7.89,0.3272017,11700
7.85,2.8523047,11700
7.82,2.2625988,11700
7.8,3.691991,11700
7.77,-0.32040554,11700
7.68,0.10936505,11700
7.55,3.3902123,11700
7.5,1.1277366,11700
7.11,2.9992232,11700
6.94,0.23280637,11700
6.91,0.038420454,11700
6.68,0.72420025,11700
6.63,3.2318585,11700
7.38,-1.3911186,14022
8.3,3.4573612,13168
8.0,0.82631624,13168
7.96,2.890911,13168
7.92,2.656634,13168
7.77,-0.63978124,13168
7.58,2.8645542,13168
7.5,2.0824988,13168
7.46,1.5597214,13168
7.41,2.0824988,13168
7.4,1.6469278,13168
7.39,-0.16149667,13168
7.13,-2.0543306,13168
6.98,0.90994763,13168
6.91,-0.99335766,13168
6.91,0.44730327,13168
6.82,-1.0138382,13168
6.81,-3.6487343,13168
6.67,-3.4002023,13168
6.58,-2.8745744,13168
6.48,-2.5259476,13168
6.29,-3.3008525,13168
5.93,-2.8074102,13168
5.91,-1.8693913,13168
5.86,-0.9731542,13168
5.55,2.0296545,13168
5.51,-2.2514398,13168
5.47,-4.1653395,13168
5.22,-3.688238,13168
4.85,2.245622,13168
7.12,-0.37666082,12901
6.86,0.010722989,12901
7.75,0.9258015,2317
5.32,-0.19606674,2317
8.1,1.4786626,5212
7.42,1.2563571,5212
7.34,0.46298057,5212
7.17,1.0877335,5212
7.1,-0.60443187,5212
6.96,-1.7886055,5212
6.75,-0.89327264,5212
6.61,1.6974835,5212
5.82,-2.6537158,9916
5.77,-5.6091323,9916
5.55,-8.05779,9916
5.25,-5.9009204,9916
5.14,-5.4151244,9916
5.01,-5.0228367,9916
8.15,1.3297359,3579
7.92,1.4946702,3579
7.75,0.748986,3579
7.54,-0.16110034,3579
7.28,-3.906391,3579
7.1,-1.5832739,3579
6.19,-5.44472,3579
5.28,-4.581103,3579
8.92,-0.013949163,11129
8.51,0.6206635,11129
8.47,-1.3457541,11129
7.4,-2.5021796,11129
9.03,1.3296214,3681
8.88,2.006756,3681
8.69,2.8053157,3681
6.28,-3.5410526,759
7.54,-0.57470894,5257
7.6,0.015805516,8173
8.7,0.03477955,11867
7.92,1.0633216,11867
8.15,-1.064077,2459
7.3,-3.2863975,2459
6.03,-3.2396414,8665
5.94,-3.7891695,8665
5.83,-2.9128199,8665
5.5,-5.2727404,8665
5.37,-6.7937403,8665
5.32,-1.4468261,8665
5.17,-3.1387675,8665
5.12,-4.330609,8665
5.0,-1.3376143,8665
4.97,-2.989477,8665
4.72,-2.5209262,8665
4.59,2.0068498,8665
8.82,-1.6562432,17009
7.82,1.0052342,5497
7.8,-1.4862423,5497
7.41,-0.15244237,5497
7.39,-1.7007059,5497
7.29,0.95614266,5497
7.11,-2.72389,5497
6.8,-4.064796,5497
6.72,-1.6884032,5497
6.64,2.0801122,5497
6.52,-2.899612,5497
6.37,-1.1605798,5497
6.36,-3.1614318,5497
6.33,-1.4538337,5497
6.32,-3.4600034,5497
6.26,-0.67542267,5497
8.52,-3.9857576,17101
8.52,-0.2278888,17101
8.4,-1.878129,17101
8.4,-2.5322673,17101
8.3,-4.36873,17101
8.3,-1.3850157,17101
8.22,-0.012037925,17101
8.22,-2.0342877,17101
8.15,-5.39175,17101
8.1,3.5025704,17101
8.1,-0.6477418,17101
8.05,-0.41028133,17101
8.05,-1.690526,17101
8.0,-4.5822854,17101
7.96,0.58986044,17101
7.92,0.8907567,17101
7.89,-2.492322,17101
7.89,0.07317216,17101
7.85,2.7870264,17101
7.75,-1.8405758,17101
7.68,-4.8530936,17101
7.62,-0.7129102,17101
7.17,-1.789361,17101
6.74,-3.4529846,17101
6.62,-2.9548028,17101
6.6,-1.0486138,17101
7.19,1.7705582,11385
5.92,-1.2347252,11385
5.62,-1.8232143,11385
5.36,-2.6160765,11385
6.41,-1.5444965,16884
4.4,-3.71475,12004
8.3,0.6262274,9548
8.22,2.4206407,1691
8.15,2.966505,1691
8.0,0.60256505,1691
7.77,2.1428711,1691
7.75,2.3648076,1691
7.35,0.15496022,1691
7.27,1.843335,1691
7.25,2.9402256,1691
7.14,3.5825715,1691
7.08,0.4879995,1691
6.8,-0.48441198,1691
6.79,2.816141,1691
6.69,0.026327975,1691
6.42,0.6870462,1691
6.32,2.0685322,1691
7.92,0.13290656,6882
7.68,-0.63099134,6882
7.62,-2.5651946,6882
7.62,0.08762183,6882
7.5,-1.519004,6882
7.29,-0.68123186,6882
6.96,-1.1340307,6882
6.92,-0.27260712,6882
6.6,-2.348962,6882
6.5,0.2706914,6882
6.44,-3.1885693,6882
6.44,-2.3190613,6882
6.34,-2.8119624,6882
6.3,-3.1939313,6882
6.16,-3.636712,6882
6.11,-3.0172734,6882
5.96,-1.1769396,6882
5.89,-3.8182714,6882
5.52,-2.7372859,6882
5.61,0.69238496,9535
6.41,-2.845931,5153
5.8,-2.1060743,5153
5.55,-1.2348181,5153
5.43,-4.0633445,5153
5.33,-2.1516645,5153
5.28,-0.4186577,5153
5.11,-2.646229,5153
5.89,-0.58529615,17407
5.44,-2.3290815,17407
9.12,1.4948735,9547
5.73,-4.5932546,3712
5.6,-3.0516496,3712
8.4,0.9661459,779
8.31,0.90677357,779
8.3,-3.649935,779
8.26,-1.4000801,779
8.24,1.5524385,779
8.15,0.25015038,779
8.15,0.5376493,779
8.1,0.26822415,779
8.1,0.6594987,779
8.07,-1.1375272,779
7.96,-1.5162615,779
7.96,0.18776263,779
7.92,-3.5819738,779
7.92,-1.9055289,779
7.85,-0.23233755,779
7.82,-0.2733202,779
7.8,-1.2751524,779
7.75,0.37293562,779
7.72,-1.0859945,779
7.7,-2.7019575,779
7.6,-4.413356,779
7.6,-0.044591993,779
7.57,-1.9216508,779
7.54,0.69277954,779
7.51,-0.20368817,779
7.46,-2.775407,779
7.46,0.78621924,779
7.44,0.99807656,779
7.36,-0.07815002,779
7.34,0.6064855,779
7.28,-1.7718796,779
7.24,-1.174036,779
7.16,-5.2258615,779
7.16,2.1991575,779
7.08,-1.4194888,779
7.05,-1.2805853,779
6.68,-0.6893022,779
6.6,-0.17228244,779
6.17,1.1160775,779
7.37,0.055624254,8584
10.4,1.3788834,10550
9.37,6.141386,10550
8.7,1.1512822,10550
5.17,-1.9181795,6392
5.12,-2.2134228,6392
4.96,-2.3435433,6392
4.92,-2.2134228,6392
4.89,-3.039079,6392
4.85,-1.9181795,6392
4.68,-4.206606,6392
4.62,-3.039079,6392
4.6,-2.3435433,6392
4.51,-4.206606,6392
8.4,3.2851675,12105
8.37,-1.2664627,11916
6.95,-0.1956358,11916
6.29,-3.9148147,3141
6.16,-4.570173,3141
6.73,-1.6276973,13593
6.7,-0.5342976,13593
6.62,0.2532416,13593
6.6,2.5990412,13593
6.56,-2.5824673,13593
6.43,-1.7753766,13593
6.16,-1.919261,13593
6.08,-0.52637863,13593
6.5,-3.6769493,3459
5.85,-5.9867573,3459
5.28,-1.9744958,13049
7.5,-2.4676018,12929
7.5,-3.8875117,12929
7.4,-1.3237494,12929
7.3,-3.8072817,12929
7.1,-2.7137322,12929
6.8,0.45298052,12929
6.7,-2.8993037,12929
6.5,-3.292202,12929
6.4,-2.0022593,12929
6.3,-2.7899904,12929
6.2,-6.631679,12929
6.0,-2.780109,12929
7.96,-0.032572687,3421
6.74,0.9126786,1370
6.78,1.5863618,12551
7.85,-2.5002108,14130
7.7,-0.37404874,14130
7.7,-0.89476514,14130
7.64,0.102034375,14130
7.62,-2.5155673,14130
7.46,-2.4923327,14130
7.28,-4.162388,14130
7.21,-4.50087,14130
7.21,-3.4391394,14130
7.2,-3.720347,14130
7.14,-1.9169568,14130
7.06,-3.6763942,14130
7.05,-2.8170662,14130
7.04,-2.9880512,14130
7.0,-4.4134083,14130
6.8,-2.1364677,14130
6.72,-2.716966,14130
6.7,-1.6334736,14130
6.6,-3.2014759,14130
6.57,-5.3199096,14130
6.51,-2.675178,14130
6.5,-4.0070386,14130
6.48,-2.6836655,14130
6.44,-3.6718361,14130
6.39,-4.054165,14130
6.36,-4.3435154,14130
6.32,-3.7865279,14130
6.3,-3.1766682,14130
6.28,-4.778193,14130
6.26,-5.388565,14130
6.26,-2.928148,14130
6.21,-0.61048913,14130
6.21,-5.41316,14130
6.19,-6.3078847,14130
6.17,-2.912865,14130
6.02,-4.2117376,14130
6.01,-3.232334,14130
5.85,-3.246662,14130
5.8,-6.576193,14130
5.77,-3.8858213,14130
5.68,-6.061249,14130
5.66,-3.5015678,14130
5.64,-5.300493,14130
5.64,-4.8930087,14130
5.55,-5.216503,14130
5.5,-5.7496753,14130
5.4,-5.6885233,14130
5.36,-2.537375,14130
6.8,0.66763425,8419
6.0,-5.5473037,10414
6.96,-0.7615143,2569
6.23,0.6991168,2569
5.89,-0.016748644,2569
5.24,-1.6867718,7767
6.06,0.35074157,12601
6.72,-0.5533302,3191
6.4,-6.0658383,3191
6.19,-5.498081,16054
5.5,-5.5244975,16054
5.46,-6.16221,16054
5.44,-4.197464,16054
5.44,-2.0740986,16054
5.41,-5.2576966,16054
5.35,-4.3693156,16054
5.29,-4.8543086,16054
5.28,-5.473647,16054
5.24,-6.5645814,16054
5.22,-6.8331566,16054
5.14,-4.64852,16054
5.11,-6.0422,16054
5.01,-1.5326555,16054
4.96,-3.0352714,16054
4.51,-3.7911606,16054
4.0,-5.6346736,16054
4.0,-5.0992045,16054
6.05,1.7746825,5555
7.5,-0.9771595,4237
6.19,-1.4811784,4237
6.19,-1.6297646,4237
6.81,-1.9858711,13397
5.98,2.0224311,13397
8.41,0.7290014,8518
8.24,0.74186134,8518
8.22,0.6497599,8518
8.19,1.4595037,8518
6.81,0.14949049,12090
7.01,-0.8101611,5571
4.8,-3.5070117,10356
7.76,-4.768587,2201
7.39,1.4883459,2201
7.26,0.831288,2201
7.16,0.25837442,2201
7.07,0.89307785,2201
7.01,1.4671395,2201
6.96,1.5736223,2201
6.9,1.7685792,2201
6.9,3.0337846,2201
6.81,0.10350761,2201
6.47,-2.4692488,2201
6.4,0.2129851,2201
6.37,-1.0870011,2201
6.31,-0.60607624,2201
6.3,-2.819219,2201
6.25,-4.818766,2201
6.25,-1.1332644,2201
6.21,-0.7678776,2201
6.19,0.640025,2201
6.19,1.0860065,2201
6.07,0.6935015,2201
6.04,-5.3207526,2201
5.97,-3.192526,2201
5.94,-1.8234007,2201
5.91,-2.6677806,2201
5.87,0.3057211,2201
5.81,-3.0450735,2201
5.79,-2.652416,2201
5.62,-0.6143229,2201
5.61,-3.0716467,2201
5.54,0.012420125,2201
5.49,-1.597451,2201
5.45,-3.252147,2201
5.41,-4.0262203,2201
5.26,0.0075444803,2201
5.21,0.050396018,2201
5.1,-2.2483847,2201
5.02,-3.1809604,2201
5.02,0.27376345,2201
4.86,0.8308208,2201
9.52,1.6996983,8592
9.52,1.010741,8592
9.4,0.4655301,8592
9.4,4.5876913,8592
9.4,3.5095727,8592
9.3,0.13003138,8592
9.22,3.8364065,8592
9.15,-0.4676612,8592
9.1,-0.46766132,8592
9.1,4.2223225,8592
9.1,1.4784112,8592
9.05,4.2223215,8592
9.0,-1.5270474,8592
9.0,1.4784118,8592
9.0,-0.5913712,8592
8.96,1.3019054,8592
8.85,3.8364074,8592
8.62,-1.5270474,8592
8.39,-0.02678686,8592
8.31,-1.9963508,8592
8.13,-2.596679,8592
8.03,-0.4644477,8592
8.01,-2.93153,8592
7.96,0.3750762,8592
7.82,-0.88641274,8592
7.64,-3.7803822,8592
7.57,-1.6044005,8592
7.54,0.36123186,8592
7.54,1.7689799,8592
7.47,-2.2081704,8592
5.38,-4.285805,2434
5.36,0.053083744,2434
5.33,-5.558395,2434
5.12,-1.7543923,2434
5.03,-2.745922,2434
6.77,2.7936478,15550
6.55,-1.1515002,15550
6.34,0.56125534,15550
6.3,-2.094652,15550
6.2,0.56125593,15550
6.0,1.0114884,15550
7.89,-0.23804462,6176
7.03,-2.7267628,6176
9.7,1.0198032,1167
9.7,5.76152,1167
9.7,0.39724335,1167
9.52,-0.7140424,1167
9.4,1.3991363,1167
9.4,-3.0025716,1167
9.3,-3.0597382,1167
9.3,3.2897007,1167
9.05,-0.44815308,1167
9.0,2.195467,1167
8.05,-0.767087,7705
7.96,-1.8175977,7705
7.92,-2.0446222,7705
7.75,-2.9938967,7705
7.72,0.049634926,7705
7.64,-2.8327127,7705
7.57,0.3563656,7705
7.57,-1.2112908,7705
7.54,-3.6428566,7705
7.54,-4.3279943,7705
7.52,1.6016909,7705
7.51,-2.7072961,7705
7.51,-0.4534826,7705
7.47,-2.5764198,7705
7.46,-3.1350386,7705
7.44,2.7606707,7705
7.43,-1.0213084,7705
7.41,-4.845589,7705
7.41,-3.4152672,7705
7.41,-4.3516774,7705
7.33,-2.220959,7705
7.3,-0.8277221,7705
7.29,-1.0128676,7705
7.24,-1.5413233,7705
7.23,-1.7966632,7705
7.18,1.2677375,7705
7.17,1.216778,7705
7.16,-0.19519898,7705
7.12,1.5068073,7705
5.0,-3.45013,1112
4.08,-2.9544914,1112
7.14,-0.23454496,9109
8.3,0.94773006,6259
8.1,-1.6541827,6259
8.05,0.1295124,6259
7.89,6.381978,6259
7.82,-3.2413568,6259
7.77,0.6529112,6259
7.62,-1.4808599,6259
7.58,-1.9043378,6259
7.55,-2.750848,6259
7.51,-1.2076457,6259
7.43,-1.904338,6259
7.4,-0.81044686,6259
7.4,-2.7552042,6259
7.36,-0.043382175,6259
7.32,5.2634416,6259
7.31,0.016586572,6259
7.3,-3.7898026,6259
7.28,-1.6675718,6259
7.15,-3.2252443,6259
7.15,1.0531241,6259
7.12,-5.3474083,6259
7.0,-1.724874,6259
6.89,-3.940277,6259
6.89,-4.0742683,6259
6.85,-0.4542193,6259
6.77,-2.537531,6259
6.72,-2.2226877,6259
6.68,2.0652974,6259
6.6,-0.03779364,6259
7.8,-2.649266,15414
7.58,0.48959032,15414
7.52,-0.5474777,15414
7.44,-2.0210829,15414
7.09,-0.4194634,15414
6.91,0.80886567,15414
6.89,-0.9243939,15414
6.85,-2.7429338,15414
6.79,-1.185682,15414
6.46,0.05194486,15414
6.29,-1.4070601,15414
6.26,0.32981327,15414
6.0,-1.6038723,15414
5.85,0.8911414,15414
5.68,-1.9839952,15414
5.3,0.09367544,15414
5.01,1.7095981,15414
5.38,-1.5937461,524
6.6,-0.00094759837,16793
6.2,-1.6876813,16793
6.2,0.27684978,16793
6.1,-3.2904131,16793
7.26,1.0408384,9342
5.52,0.04689277,15228
9.0,2.6694326,3155
10.0,3.304819,6136
9.7,3.8968277,6136
9.52,2.5636864,6136
9.3,-0.1419093,6136
9.15,0.8626784,6136
9.15,1.3614386,6136
8.0,-1.2074127,14132
7.85,-1.7685581,14132
7.6,-2.5913846,14132
6.92,-4.746551,14132
6.85,-2.6687543,14132
6.8,-2.5238633,14132
6.77,0.10155078,14132
6.64,-3.8069534,14132
6.62,-3.7573504,14132
6.62,-4.4395833,14132
6.52,-5.0709515,14132
6.52,-3.5875907,14132
6.51,-1.310728,14132
6.5,-4.4719486,14132
6.46,-2.2077277,14132
6.4,-4.8578734,14132
6.39,-3.6533675,14132
6.38,-4.2675767,14132
6.38,-4.0712085,14132
6.33,-3.3988068,14132
6.32,-3.0636134,14132
6.29,-3.1047077,14132
6.28,-4.317964,14132
6.21,-6.0083203,14132
6.19,-2.434763,14132
6.1,-3.6124263,14132
6.06,-6.076166,14132
6.04,-6.844251,14132
6.03,-5.078023,14132
6.03,-4.859101,14132
6.02,-2.5165408,14132
5.96,-3.1213906,14132
5.92,-6.08812,14132
5.92,-4.127515,14132
5.92,-4.863904,14132
5.89,-7.020667,14132
5.82,-3.3341224,14132
5.77,-5.0384974,14132
5.75,-3.5204995,14132
5.72,-3.523414,14132
5.68,-4.791677,14132
5.68,-5.1744456,14132
5.62,-6.408589,14132
5.28,-1.4886942,14132
5.22,-6.1970563,14132
5.16,-6.878206,14132
5.16,-6.3166313,14132
4.96,-2.8175566,10352
6.1,-2.019865,2810
6.05,-2.6260765,2810
6.05,-3.806787,2810
6.05,-0.8774723,2810
6.0,-2.3479495,2810
6.0,-3.65856,2810
5.4,-3.6979315,2810
5.32,-3.416345,2810
5.3,-4.294335,2810
5.24,-2.4028602,2810
5.23,-6.758984,2810
5.21,-3.854518,2810
5.19,-3.7097163,2810
5.16,-2.060116,2810
5.15,-3.1025186,2810
5.14,-1.7039582,2810
5.12,-2.8913686,2810
5.04,-4.647103,2810
5.04,-4.2354007,2810
5.03,0.49102935,2810
5.0,-0.34660462,2810
7.33,-1.1489441,16278
5.8,-1.0596755,16278
8.7,0.6716155,4262
8.7,-0.7193074,4262
8.7,-1.4815645,4262
8.52,3.4146864,4262
8.52,-0.7495388,4262
8.4,-0.8895179,4262
8.3,2.2696693,4262
8.3,1.2236218,4262
8.3,0.38829055,4262
8.22,1.2461361,4262
8.22,1.7439101,4262
8.22,1.7373596,4262
8.22,0.15764874,4262
8.22,-1.7623533,4262
8.22,-1.041072,4262
8.22,0.80478287,4262
8.15,-0.7960695,4262
8.15,2.32754,4262
8.15,-1.1402217,4262
8.15,-0.51520085,4262
8.15,0.5447129,4262
8.15,-0.54199064,4262
8.1,1.2061757,4262
8.1,-0.6610024,4262
8.1,-0.40322524,4262
8.1,-1.7109671,4262
8.1,-0.6761379,4262
8.1,0.6315491,4262
8.1,-0.28445727,4262
8.05,-0.8757589,4262
8.05,0.53899944,4262
8.05,1.9163508,4262
8.05,-1.5676861,4262
8.0,0.07311152,4262
8.0,0.04030796,4262
8.0,-0.1470194,4262
8.0,-2.76724,4262
8.0,-1.2768992,4262
8.0,-1.2704269,4262
7.96,-1.8422539,4262
7.96,-1.747376,4262
7.96,0.42185912,4262
7.92,-1.9897304,4262
7.92,0.5482596,4262
7.92,-2.9502282,4262
7.92,-1.2729374,4262
7.92,-1.5385681,4262
7.89,-1.4781176,4262
7.89,0.8208451,4262
7.85,2.7377415,4262
7.82,-1.7495488,4262
7.8,-2.3638556,4262
7.8,0.028189022,4262
7.8,-1.7057679,4262
7.75,0.79291964,4262
7.75,0.7587893,4262
7.75,-1.7471242,4262
7.72,1.3035345,4262
7.72,-3.860397,4262
7.7,-0.5824946,4262
7.68,-1.1299696,4262
7.66,1.434546,4262
7.66,-0.8549007,4262
7.66,0.31742385,4262
7.64,0.6089771,4262
7.62,-0.10897598,4262
7.62,0.517048,4262
7.58,3.544712,4262
7.55,-0.7810736,4262
7.54,0.5926157,4262
7.54,0.85569143,4262
7.54,-2.5751545,4262
7.52,1.095638,4262
7.52,-0.19841918,4262
7.52,-1.7595112,4262
7.51,2.709713,4262
7.48,-1.9840066,4262
7.48,1.3023312,4262
7.43,-2.0767581,4262
7.43,-0.3018463,4262
7.43,0.25111255,4262
7.42,0.6306468,4262
7.39,-0.81396043,4262
7.39,-1.4938612,4262
7.38,-0.94936776,4262
7.37,-0.78588295,4262
7.36,-2.3475153,4262
7.31,2.38657,4262
7.29,-1.8513821,4262
7.28,-2.512301,4262
7.26,-1.5179076,4262
7.24,-1.3459884,4262
7.21,2.4411242,4262
7.21,-1.5766902,4262
7.11,0.8141984,4262
7.08,-1.4467214,4262
6.1,-6.865343,5052
5.71,-0.44222245,5052
5.66,-4.4643145,5052
5.57,-1.1437356,5052
5.16,-1.915585,5052
7.8,1.1330093,10049
7.46,0.33027387,10049
7.11,-1.0050951,10049
6.0,-2.2474287,10049
6.55,-1.9636462,6581
5.9,-2.484326,6581
5.51,1.2409697,6581
5.18,-5.635326,6581
5.03,-4.360541,6581
4.91,-2.681055,6581
4.86,-1.2807944,6581
4.67,-0.23676625,6581
8.72,2.6165206,5117
8.72,4.0316563,5117
8.26,-0.8010042,5117
8.15,1.886237,5117
8.12,4.031656,5117
7.92,-2.2106848,5117
7.85,1.8880283,5117
7.7,1.5841717,5117
7.51,1.8880286,5117
7.5,-2.6873567,5117
6.46,0.43652153,5117
6.4,1.5808109,5117
6.4,-0.5588548,5117
6.27,2.341189,5117
6.15,-0.5995259,5117
5.92,-0.1058798,5117
5.8,2.5822666,5117
5.66,-0.53770804,5117
5.6,1.1803297,5117
7.21,-1.0053697,5178
6.96,-0.0008741841,5178
6.77,-0.066911995,5178
6.55,-2.2578437,5178
6.17,-2.1632292,5178
6.08,-0.9550451,5178
8.3,0.047564425,2629
8.3,2.1657908,2629
8.15,1.972844,2629
8.05,2.2237873,2629
7.92,0.20641634,2629
7.75,-1.3555355,2629
7.51,1.3327422,2629
7.19,0.5336968,2629
7.14,0.46981788,2629
6.85,-1.239715,2629
6.58,-1.106473,2629
5.96,-2.8883011,2629
5.82,-0.4485106,2629
6.12,0.42710721,14961
8.3,1.8827025,2527
8.24,1.1829308,2527
7.96,0.8869575,2527
7.85,0.9100808,2527
7.85,-0.60802877,2527
7.77,-0.86231613,2527
7.68,-0.73282015,2527
7.68,-0.15169296,2527
7.6,1.6199281,2527
7.48,1.2857755,2527
7.41,0.40898478,2527
7.32,-1.613487,2527
7.26,1.0258539,2527
6.94,0.33840042,2527
6.91,3.101566,2527
6.78,0.3025951,2527
6.69,1.5251477,2527
6.26,2.1061683,2527
5.69,-0.10990423,2527
6.57,1.56357,8720
7.12,-0.46586493,9717
4.75,1.0530599,1754
6.16,-0.03956587,11262
7.52,1.4553249,2558
7.44,2.025111,2558
7.41,-1.2196598,2558
7.41,0.65710866,2558
7.16,-0.41618952,2558
7.11,-1.7832037,2558
6.89,0.30007753,2558
6.88,-2.3198867,2558
6.75,-0.28408667,2558
6.69,-0.7949052,2558
6.68,-1.2442496,2558
6.54,-2.4076974,2558
6.51,-2.6442945,2558
6.42,-0.8044268,2558
6.39,-3.0148,2558
6.18,-1.4335387,2558
6.15,-1.4081013,2558
5.51,-4.224773,2558
5.05,-4.943859,2558
8.4,-5.2929378,3596
4.27,-3.7752535,1855
8.7,-3.007789,13245
8.64,2.1994693,13245
8.62,2.0571811,13245
8.62,0.2034189,13245
8.62,0.40347347,13245
8.6,1.2944909,13245
8.6,-0.25343707,13245
8.59,1.1249158,13245
8.59,1.2669438,13245
8.59,-0.4905013,13245
8.59,1.5452002,13245
8.54,0.6483475,13245
8.51,1.1274782,13245
8.49,0.8316884,13245
8.49,0.49591026,13245
8.49,-0.88113415,13245
8.48,0.6555201,13245
8.44,0.552106,13245
8.43,1.2035549,13245
8.43,2.0555813,13245
8.41,1.1866055,13245
8.37,0.8231424,13245
8.34,-0.019445192,13245
8.32,1.0247006,13245
8.28,1.0247004,13245
8.19,0.82028794,13245
7.92,3.4387274,13245
7.66,1.653873,13245
7.19,0.32803646,13245
5.7,-0.4245187,10237
8.48,1.7290618,352
8.32,1.1120057,352
8.17,-2.4529347,352
7.28,-1.1077151,352
7.12,-2.5413818,352
6.78,-3.9572532,352
6.59,-3.1303334,352
5.86,-5.059503,352
7.58,0.6039468,10272
10.22,-1.2476652,11443
7.52,1.0699002,4415
9.89,3.418275,6218
9.49,3.2985237,6218
9.35,4.3901267,6218
9.08,2.1303926,6218
9.04,2.4536297,6218
9.03,1.9249474,6218
9.01,3.5399926,6218
9.0,1.5346341,6218
9.0,0.81580305,6218
9.0,2.6712248,6218
9.0,4.1437182,6218
9.0,5.5609574,6218
9.0,1.1167641,6218
8.92,-0.75553644,6218
8.92,3.4048967,6218
8.89,1.20697,6218
8.89,0.38613006,6218
8.89,-0.80243134,6218
8.89,1.6562369,6218
8.86,1.1836814,6218
8.85,4.8744793,6218
8.85,1.5114379,6218
8.85,-0.3524036,6218
8.85,-0.8255104,6218
8.82,2.5275357,6218
8.82,0.7676432,6218
8.8,-0.118171096,6218
8.8,4.4502535,6218
8.8,2.8111768,6218
8.8,0.13347372,6218
8.77,1.4500005,6218
8.77,1.0529978,6218
8.77,2.025713,6218
8.74,0.996662,6218
8.74,1.2840501,6218
8.72,2.527536,6218
8.72,-0.32471833,6218
8.72,4.5829043,6218
8.7,1.8600184,6218
8.7,2.6950321,6218
8.7,4.91166,6218
8.7,5.823223,6218
8.7,2.7318487,6218
8.7,3.5773482,6218
8.7,3.3021412,6218
8.7,4.5829043,6218
8.7,5.0101485,6218
8.7,-0.30346432,6218
8.7,2.025713,6218
8.7,2.6624687,6218
8.7,1.6178082,6218
8.7,1.4213127,6218
8.68,2.1871195,6218
8.68,2.3057988,6218
8.66,0.23723683,6218
8.66,0.68525386,6218
8.66,2.5205886,6218
8.66,2.9969966,6218
8.66,2.5928667,6218
8.64,-0.63946307,6218
8.64,-2.3543172,6218
8.62,2.8055718,6218
8.6,-1.3292652,6218
8.6,1.6660813,6218
8.6,2.4009037,6218
8.6,3.6474278,6218
8.6,1.8859527,6218
8.59,3.967783,6218
8.59,3.047159,6218
8.59,1.8428271,6218
8.59,0.6049857,6218
8.59,-2.0825896,6218
8.57,-0.48489127,6218
8.55,1.0294147,6218
8.55,1.5234233,6218
8.55,2.6512163,6218
8.54,-0.65389156,6218
8.54,3.877984,6218
8.52,4.1302176,6218
8.52,0.4971628,6218
8.52,2.4358463,6218
8.52,0.14425206,6218
8.51,3.3412507,6218
8.51,0.33761615,6218
8.51,-0.10936265,6218
8.51,2.1091244,6218
8.49,2.4105155,6218
8.49,1.0884409,6218
8.49,1.3237613,6218
8.48,3.055422,6218
8.48,-0.002914589,6218
8.47,1.0294148,6218
8.47,0.6892072,6218
8.47,1.7573916,6218
8.47,1.2808403,6218
8.47,2.0088336,6218
8.46,2.8060675,6218
8.46,2.0088103,6218
8.44,2.8530672,6218
8.44,1.7196107,6218
8.44,2.2180586,6218
8.44,1.4744265,6218
8.44,1.2476583,6218
8.43,1.4500006,6218
8.42,-0.12810081,6218
8.42,1.2845378,6218
8.41,0.73684716,6218
8.41,1.0029664,6218
8.41,-0.12810081,6218
8.41,2.3614595,6218
8.4,2.4877734,6218
8.4,0.13347371,6218
8.4,1.4971249,6218
8.4,0.8823178,6218
8.4,1.9743102,6218
8.39,0.59635186,6218
8.39,-0.06214027,6218
8.39,0.35585237,6218
8.39,2.2588186,6218
8.39,3.2247381,6218
8.38,0.27322108,6218
8.38,0.93879735,6218
8.38,-0.3121798,6218
8.38,3.137981,6218
8.38,1.4802538,6218
8.37,0.79395664,6218
8.37,3.2566469,6218
8.36,0.5397396,6218
8.36,-0.15657645,6218
8.36,-1.4672697,6218
8.36,-2.850844,6218
8.36,3.0265605,6218
8.36,3.2622988,6218
8.35,0.3635749,6218
8.35,2.8055716,6218
8.34,2.192139,6218
8.34,3.1379807,6218
8.34,-1.2051528,6218
8.34,3.3073456,6218
8.34,-0.6844876,6218
8.34,1.9000504,6218
8.33,1.947013,6218
8.33,1.4731306,6218
8.32,3.0409474,6218
8.32,1.1921521,6218
8.31,-0.82808673,6218
8.31,2.332972,6218
8.31,2.4547312,6218
8.31,-1.023362,6218
8.31,1.4051892,6218
8.3,-0.015883211,6218
8.3,2.0088336,6218
8.3,2.6950314,6218
8.3,2.75175,6218
8.3,1.070862,6218
8.3,1.116764,6218
8.29,2.657603,6218
8.28,1.1239383,6218
8.28,2.545121,6218
8.28,1.2314137,6218
8.28,3.091533,6218
8.28,-0.09448808,6218
8.27,-0.7568383,6218
8.27,4.0592723,6218
8.26,5.041306,6218
8.26,3.2509222,6218
8.26,0.27723646,6218
8.26,1.8593735,6218
8.25,-1.3549448,6218
8.25,-0.13245831,6218
8.25,0.4984864,6218
8.25,3.1742146,6218
8.24,-0.07367784,6218
8.24,0.034826882,6218
8.23,1.5935247,6218
8.23,-1.2051528,6218
8.23,1.0428867,6218
8.22,-0.55352557,6218
8.21,2.0358527,6218
8.21,1.116764,6218
8.21,2.5591729,6218
8.19,4.113039,6218
8.19,1.6834191,6218
8.18,0.54963374,6218
8.17,-0.002913911,6218
8.17,1.3168511,6218
8.17,1.8593733,6218
8.16,0.8546196,6218
8.15,0.26800472,6218
8.15,1.9879289,6218
8.15,0.9970999,6218
8.15,2.5118754,6218
8.15,-0.6808436,6218
8.15,3.0571136,6218
8.14,1.9386694,6218
8.14,0.52340364,6218
8.14,2.0441327,6218
8.13,3.1699388,6218
8.12,2.1625776,6218
8.12,0.49848694,6218
8.1,1.2069697,6218
8.1,1.1644564,6218
8.09,0.23014753,6218
8.09,-1.3029336,6218
8.08,0.123285696,6218
8.07,1.2181385,6218
8.07,-0.5716888,6218
8.07,2.459222,6218
8.06,-1.835041,6218
8.06,2.0358531,6218
8.04,2.00881,6218
8.03,0.43763515,6218
8.02,0.21521717,6218
8.02,0.42781556,6218
8.02,0.41573152,6218
8.01,0.15983063,6218
8.01,-0.014584668,6218
8.0,1.4098499,6218
8.0,-1.8244654,6218
8.0,1.9451165,6218
8.0,-1.4874301,6218
8.0,0.16939282,6218
7.96,2.1388564,6218
7.96,0.20808998,6218
7.96,1.3667793,6218
7.96,1.9193363,6218
7.96,1.1614041,6218
7.96,1.683213,6218
7.96,0.5026555,6218
7.96,1.3733703,6218
7.96,0.40755653,6218
7.96,1.4574921,6218
7.96,0.2261599,6218
7.96,-0.11285487,6218
7.96,3.433686,6218
7.96,-0.4084722,6218
7.96,1.2021178,6218
7.96,1.33812,6218
7.96,0.48172167,6218
7.96,-0.15740506,6218
7.92,-0.99640644,6218
7.92,2.647392,6218
7.92,1.1209352,6218
7.92,0.8162732,6218
7.92,-1.8244652,6218
7.92,0.3635749,6218
7.92,0.33757812,6218
7.92,-0.32471862,6218
7.92,-1.4828141,6218
7.89,3.7378888,6218
7.89,-0.68084395,6218
7.89,3.0471594,6218
7.89,0.8517722,6218
7.89,1.040969,6218
7.89,-1.0191431,6218
7.89,-1.8503578,6218
7.89,-0.3185846,6218
7.85,0.791844,6218
7.85,2.057222,6218
7.85,-3.4260275,6218
7.85,-2.0557985,6218
7.85,0.523404,6218
7.82,1.8240304,6218
7.82,0.07116036,6218
7.82,2.859495,6218
7.82,1.3767332,6218
7.82,1.3275642,6218
7.82,-0.30346432,6218
7.82,2.4484966,6218
7.82,-2.2020175,6218
7.8,2.1388564,6218
7.8,2.9837863,6218
7.8,-1.4162651,6218
7.8,1.2032402,6218
7.8,0.30046457,6218
7.8,0.47191116,6218
7.8,1.0463465,6218
7.79,1.0968391,6218
7.77,1.5400792,6218
7.77,1.8122861,6218
7.77,0.6912451,6218
7.77,-0.15838316,6218
7.77,-0.7882347,6218
7.77,1.5477767,6218
7.77,-0.71668184,6218
7.77,-0.24542645,6218
7.75,3.0939043,6218
7.75,0.30808726,6218
7.72,1.881172,6218
7.72,-1.716186,6218
7.72,0.4410157,6218
7.72,1.8473623,6218
7.7,1.8705734,6218
7.7,4.3146873,6218
7.7,2.4668498,6218
7.7,1.6901281,6218
7.7,-0.7142767,6218
7.68,0.4321965,6218
7.68,-0.33576968,6218
7.68,2.852958,6218
7.67,-1.5826409,6218
7.66,1.6533674,6218
7.66,0.16968757,6218
7.66,-0.42506507,6218
7.66,-0.42506477,6218
7.66,0.0051160995,6218
7.64,1.0798175,6218
7.62,-0.07558262,6218
7.62,0.9204899,6218
7.58,1.7015309,6218
7.58,2.3756459,6218
7.57,-0.33856496,6218
7.57,3.8358867,6218
7.57,-2.2943769,6218
7.54,-1.1650089,6218
7.52,-1.5464463,6218
7.52,1.9957572,6218
7.51,-0.44735235,6218
7.51,1.0274167,6218
7.5,-1.8097894,6218
7.5,-1.3513509,6218
7.48,-1.1672193,6218
7.48,1.354045,6218
7.47,0.8482181,6218
7.47,2.5256326,6218
7.46,1.2054884,6218
7.46,-0.3486322,6218
7.46,-2.8530762,6218
7.46,-1.7690973,6218
7.44,-0.576553,6218
7.44,0.6119919,6218
7.43,0.24228682,6218
7.4,3.1301267,6218
7.4,1.5704618,6218
7.4,1.6788421,6218
7.39,1.8653402,6218
7.38,-1.9815669,6218
7.37,1.267348,6218
7.36,-4.015069,6218
7.36,-1.35239,6218
7.36,1.5735068,6218
7.35,-0.9628229,6218
7.35,-0.3328175,6218
7.35,1.5704621,6218
7.34,0.85146785,6218
7.33,-0.08449903,6218
7.32,2.3197713,6218
7.31,0.3715423,6218
7.31,-0.39516416,6218
7.3,2.2370303,6218
7.3,-0.86153984,6218
7.29,1.2034625,6218
7.28,-0.332818,6218
7.27,0.028196663,6218
7.25,-0.04438538,6218
7.25,-0.58657396,6218
7.24,-3.2382371,6218
7.24,2.3614595,6218
7.23,-1.1609582,6218
7.23,-1.7189978,6218
7.22,1.7682813,6218
7.21,0.2095097,6218
7.21,-0.64292455,6218
7.18,1.1031337,6218
7.18,-3.0962157,6218
7.17,2.3274539,6218
7.16,-0.8421054,6218
7.16,0.9711672,6218
7.15,1.9559758,6218
7.14,-0.51069975,6218
7.14,-1.6286682,6218
7.14,0.61991405,6218
7.14,-0.12290418,6218
7.14,-1.3154265,6218
7.13,-0.8669189,6218
7.12,0.58816123,6218
7.11,-0.21478207,6218
7.1,-2.4094267,6218
7.1,0.46431395,6218
7.07,-0.64292514,6218
7.07,-1.6904888,6218
7.06,1.2034624,6218
7.05,-1.4478037,6218
7.04,-0.68705726,6218
7.03,-5.618025,6218
7.02,-0.22958556,6218
7.0,3.729103,6218
6.96,1.2343247,6218
6.95,1.4392346,6218
6.95,-1.1672193,6218
6.94,-3.685177,6218
6.91,-2.9618082,6218
6.91,0.050872747,6218
6.9,-1.8011793,6218
6.9,-1.6134926,6218
6.89,-0.8741816,6218
6.87,-2.5791855,6218
6.85,-1.9567555,6218
6.85,-1.3611804,6218
6.85,-0.98714495,6218
6.84,-2.5713816,6218
6.84,-0.7395104,6218
6.84,0.65217745,6218
6.84,-1.26135,6218
6.83,0.85146785,6218
6.82,-1.252958,6218
6.82,-1.7851853,6218
6.8,-1.2205888,6218
6.79,-2.0825894,6218
6.79,-1.0536524,6218
6.79,-0.86153984,6218
6.78,-1.6904888,6218
6.77,1.9559758,6218
6.76,3.3558183,6218
6.76,-3.096216,6218
6.75,-2.3950458,6218
6.75,-1.463406,6218
6.74,-1.9849699,6218
6.72,3.030186,6218
6.69,0.14482932,6218
6.68,-2.8530767,6218
6.67,-0.87418175,6218
6.66,-2.6549933,6218
6.66,1.3733708,6218
6.64,-0.12290418,6218
6.63,-1.0305971,6218
6.62,-1.259754,6218
6.62,-3.2842343,6218
6.62,-2.4869182,6218
6.61,2.218058,6218
6.59,-2.9648678,6218
6.59,-0.7819203,6218
6.58,-0.9000269,6218
6.57,-1.2597536,6218
6.55,-0.7819203,6218
6.55,-1.7851847,6218
6.53,-0.8421055,6218
6.52,-4.581866,6218
6.52,0.7982403,6218
6.52,-2.987952,6218
6.52,0.3375777,6218
6.52,3.9427361,6218
6.52,-1.9849699,6218
6.52,-2.987952,6218
6.48,-1.3523903,6218
6.48,-4.0150704,6218
6.47,-3.3260837,6218
6.47,-2.654993,6218
6.47,-2.6585615,6218
6.46,-0.9000269,6218
6.46,-2.9618077,6218
6.44,-0.21478242,6218
6.44,-2.9648678,6218
6.43,-1.0167016,6218
6.43,-2.774392,6218
6.42,-3.4567404,6218
6.41,0.21521717,6218
6.37,-3.2272422,6218
6.37,-1.2529583,6218
6.33,-1.3154262,6218
6.32,1.10434,6218
6.3,3.0571136,6218
6.28,-1.5850563,6218
6.24,-3.2382367,6218
6.23,-0.5710666,6218
6.22,3.2196934,6218
6.21,0.22422995,6218
6.2,-0.57655346,6218
6.12,-2.3950458,6218
6.1,-0.6538918,6218
6.09,-1.0536526,6218
6.03,2.0385926,6218
6.0,-3.1079237,6218
5.92,-1.8097892,6218
5.86,-3.849361,6218
5.79,-0.4084722,6218
5.7,3.397859,6218
5.0,-6.9572206,6218
5.0,-0.3974603,6218
5.0,1.8223844,6218
7.41,0.16180225,9089
7.09,1.3336426,9089
6.84,0.21829858,9089
6.78,0.09846438,9089
6.69,-0.50868225,9089
6.61,-2.3220925,9089
6.47,1.1481512,9089
6.32,-0.61734915,9089
6.13,-1.3491094,9089
5.91,-3.097644,9089
5.9,-0.41245654,9089
5.87,-2.0177178,9089
5.81,0.6659347,9089
5.75,0.37668157,9089
5.74,1.4546905,9089
5.72,-0.20742849,9089
5.62,-2.0318277,9089
5.57,-1.8159356,9089
5.55,-3.8932898,9089
5.35,-2.848241,9089
5.26,-0.99317825,9089
5.15,-2.8422124,9089
5.0,-3.624814,9089
5.0,-2.4066076,9089
7.62,-1.8896052,4924
7.29,-2.1612322,4924
7.25,-2.0304365,4924
6.99,-5.171051,12886
6.18,-0.69182575,12886
8.4,6.2917986,10392
7.09,-1.4848443,10392
6.92,-0.08572434,10392
6.25,-0.74545324,10392
6.18,0.2871619,10392
5.91,2.0896657,10392
5.75,2.0092938,10392
6.81,1.9566251,18
6.53,-0.015286386,18
6.51,-0.9941282,18
6.49,0.23233625,18
6.47,-2.5809467,18
6.42,-2.1123254,18
6.35,-4.922627,18
6.34,1.0988723,18
6.29,-3.9648535,18
6.27,1.7343979,18
6.21,-1.6877781,18
6.14,-0.4243912,18
6.08,-0.41472605,18
6.02,-2.0068343,18
5.98,-3.6208785,18
5.91,-0.3558509,18
5.91,-3.1635985,18
5.88,-0.96467125,18
5.84,-1.7792256,18
5.83,-0.73722315,18
5.8,-3.1263006,18
5.79,-1.3737917,18
5.79,-1.2207575,18
5.72,-3.8459275,18
5.7,-2.7409651,18
5.45,-2.7900195,18
5.44,-3.2613842,18
5.28,-4.761631,18
5.27,-3.2172854,18
5.1,-4.7216263,18
4.99,-0.6823237,18
4.93,-2.2489882,18
5.6,-3.0223813,16096
5.0,-5.4270267,16096
5.9,-0.9510075,9828
6.35,0.18709622,14376
7.89,1.0058353,13393
7.85,3.63315,13393
7.68,2.6243024,13393
7.28,4.737818,13393
9.0,-2.1413825,5406
8.57,-0.17257571,5406
8.24,-4.320688,5406
8.19,-0.80605257,5406
8.0,-1.0982691,5406
7.96,0.036521487,5406
7.64,-1.9091275,5406
7.4,-3.2106333,5406
7.38,-1.5281689,5406
7.05,-1.6993504,5406
7.05,-2.5730855,5406
6.7,-2.2915425,5406
6.7,1.1973073,5406
6.52,-1.4796492,5406
6.4,-4.945066,5406
6.4,1.3046244,5406
6.3,-0.10688637,5406
6.1,-5.0361366,5406
5.68,-3.5616667,5406
5.47,-5.212376,5406
5.38,-5.667643,5406
5.28,-0.77554834,5406
6.92,-0.9030142,11538
5.62,-2.501007,11538
5.3,-0.4070928,11538
6.86,-0.98925066,9740
9.52,1.7972167,11503
9.41,1.6535311,11503
9.19,2.600201,11503
8.22,0.41634983,13372
8.05,1.4405859,13372
8.0,-0.19005083,13372
7.31,-1.8951384,13372
7.28,-0.5870545,13372
7.28,-0.6582041,13372
7.26,-1.4719161,13372
7.24,0.282732,13372
7.17,-0.6136302,13372
6.85,-0.7876551,13372
6.8,1.0398244,13372
6.78,-0.71869504,13372
6.75,-0.06395433,13372
6.71,-2.1663268,13372
6.53,-1.3198603,13372
6.45,0.33483478,13372
6.44,-0.42694592,13372
6.4,-1.4509052,13372
6.39,-2.6611636,13372
6.32,-0.12970221,13372
5.4,-1.6723162,4226
5.14,-2.0712223,4226
8.52,-0.23276553,2695
8.05,-0.9063208,2695
8.0,-0.82591903,2695
7.72,-1.3901224,2695
7.57,-4.43419,2695
7.44,-4.344989,2695
7.08,1.6594592,15342
7.0,-0.2801414,15342
5.96,-2.7036247,15342
4.96,-4.6862917,15342
4.48,-6.60614,15342
4.35,-3.7708986,15342
4.11,-3.8559692,15342
8.7,1.5918758,6363
8.52,2.456095,6363
8.52,2.6848023,6363
8.52,1.0538352,6363
8.52,2.985644,6363
8.52,2.74748,6363
8.52,1.9171181,6363
8.52,2.1553762,6363
8.52,1.4428779,6363
8.52,2.1844378,6363
8.4,1.4064192,6363
8.4,1.2492675,6363
8.4,3.7237313,6363
8.4,1.4841901,6363
8.4,0.7415856,6363
8.4,1.4624279,6363
8.3,2.6051955,6363
8.3,2.5495172,6363
8.3,0.66047955,6363
8.3,1.5930234,6363
8.3,3.3027234,6363
8.15,1.7070003,6363
8.1,1.2589743,6363
8.05,2.6015332,6363
7.75,2.9619575,6363
7.66,1.4093738,6363
7.62,1.8060002,6363
7.44,0.45085558,6363
6.34,2.155748,6363
6.04,1.7065679,6363
6.71,-2.089929,6420
5.55,-3.1402495,6420
9.7,0.45345512,10777
6.92,-2.3440645,1129
6.52,-2.6164744,17161
7.4,-2.4855843,3489
8.4,1.7714428,14434
6.89,-3.886171,3320
5.92,-1.1970909,13598
7.15,1.0373998,11508
7.03,1.2675059,11508
5.17,-1.9499705,9373
9.82,0.102056615,3683
9.49,1.2673801,3683
9.24,-0.4841331,3683
9.0,-5.8041253,8662
9.0,-3.9405582,8662
8.1,-3.3933072,8662
8.1,-3.1022542,8662
7.92,-3.5868165,8662
7.72,-3.0515592,8662
7.34,-3.328374,8662
7.21,-1.6703852,8662
7.21,-5.6055646,8662
7.16,-3.9171233,8662
7.12,-3.0959275,8662
7.1,-3.8147247,8662
7.05,-4.4405932,8662
7.03,0.79162943,8662
6.96,-2.419557,8662
6.86,-4.2546573,8662
6.62,-4.7051344,8662
6.56,-5.2078147,8662
6.54,3.0665796,8662
6.46,-4.414216,8662
6.39,-2.7107217,8662
6.35,-3.6711829,8662
6.23,-5.6737633,8662
6.1,-1.789324,8662
5.69,-3.6707857,8662
5.67,2.2437925,8662
5.54,-4.92354,8662
5.53,-0.8268968,8662
5.36,-2.472979,8662
5.1,-6.549029,8662
7.92,-0.8094511,17485
7.66,-2.4385421,17485
7.34,-5.455014,17485
7.18,1.1758707,2010
6.3,-1.6249727,2010
6.06,-0.7186676,2010
5.91,-3.093119,2010
5.65,-2.0929089,2010
5.53,-3.01214,2010
5.31,-5.4538198,2010
5.19,-2.0991056,2010
5.04,-5.727544,2010
5.03,-6.1170144,2010
4.82,-4.6007833,2010
4.74,-2.192875,2010
4.73,-4.1276007,2010
4.72,0.5947584,2010
4.47,-5.108525,2010
4.46,-3.1945076,2010
4.42,-1.8065684,2010
4.33,-4.1013255,2010
5.5,-0.32800117,16964
7.85,3.6715145,7827
7.51,2.9806318,7827
7.0,-0.37299857,7827
6.85,-1.4855201,7827
6.85,-0.28152615,7827
6.75,-3.0919886,7827
6.72,-2.0904796,7827
6.7,-3.3998644,7827
6.58,-0.7384734,7827
6.55,-3.5598824,7827
6.55,0.08858208,7827
6.52,0.51010793,7827
6.41,-1.3655365,7827
6.38,-3.8159888,7827
6.32,-2.4690344,7827
6.27,1.2644598,7827
6.2,-1.5111927,7827
6.14,-4.9308767,7827
6.13,-1.6775322,7827
5.92,-2.855779,7827
5.8,-1.9982917,7827
5.7,-2.4866412,7827
5.68,-1.8188578,7827
5.42,-3.9268858,7827
5.28,-3.5879664,7827
5.2,-6.972546,7827
5.14,-2.7060308,7827
7.7,0.70010054,11019
6.77,-4.210459,11019
6.43,-3.8861864,11019
6.43,-4.9777875,11019
5.35,-4.190666,11019
8.0,1.9397031,6902
8.0,0.31916866,6902
8.0,1.47397,6902
8.0,-2.7712233,6902
5.85,-4.4605155,3826
5.54,-3.3689902,3826
5.36,-5.0554247,3826
6.47,0.3706732,13160
7.32,1.0767599,453
7.04,-6.902557,453
6.57,-6.6595354,453
6.31,-7.7600727,453
7.4,-1.1700655,6987
5.92,-0.31396136,2501
5.72,-0.9885918,16456
6.01,1.3991632,9974
5.76,-0.32293075,10934
7.85,2.78788,15907
7.8,4.241544,15907
7.75,0.844939,15907
7.72,0.8441236,15907
7.7,1.4643236,15907
7.57,1.7953023,15907
7.55,1.6469563,15907
7.48,3.1527052,15907
7.41,2.3148386,15907
7.34,-0.90093195,15907
7.3,2.919783,15907
7.24,-1.1425209,15907
7.17,2.7216778,15907
7.08,1.6654701,15907
6.96,1.5870857,15907
6.85,0.50696933,15907
6.83,0.33895597,15907
6.8,1.7387751,15907
6.66,3.3536346,15907
8.52,-0.4466634,1518
8.3,-0.41425496,1518
7.92,1.0889878,1518
7.92,0.51609945,1518
7.85,-1.5723706,1518
7.77,2.2519028,1518
7.75,1.6344595,1518
7.72,0.93614006,1518
7.64,-1.7393425,1518
7.6,0.51609945,1518
7.52,0.77100766,1518
7.41,0.77100766,1518
7.22,-2.1640193,1518
7.07,1.3685219,1518
7.05,2.9969137,1518
6.89,-2.1640193,1518
6.75,1.2809689,1518
6.65,0.44349965,1518
6.33,-3.1233714,1518
6.13,2.0594556,1518
5.84,0.189008,1518
7.8,-1.6944581,1534
7.7,-0.48723814,1534
7.03,0.2712424,1534
6.52,-1.036679,1534
6.37,-2.136722,1534
6.36,0.3051152,1534
6.01,-3.191994,1534
4.74,-5.6510644,12856
4.66,3.5656242,12856
4.44,-7.5149207,12856
6.17,-3.1025012,7006
5.97,-6.2867284,7006
5.94,0.24596617,7006
5.91,-3.6473393,7006
5.76,-3.8856163,7006
5.74,-0.08062391,7006
5.7,-0.90682244,7006
5.69,-7.718143,7006
5.65,-4.6545134,7006
5.54,-5.2118754,7006
5.46,-4.817236,7006
5.45,-6.200424,7006
5.38,-1.915,7006
5.31,-2.6866539,7006
5.14,-3.085093,7006
5.11,-3.1441996,7006
4.99,2.0418031,7006
6.05,-1.6095458,8345
5.35,-1.6712589,8345
7.35,-0.3227326,3255
8.1,1.4811184,1679
7.89,0.12874699,1679
7.85,1.2448379,1679
7.77,2.0735648,1679
7.68,1.4206115,1679
7.62,1.7282872,1679
7.6,0.25804043,1679
7.58,0.8263781,1679
7.55,0.7006656,1679
7.5,-0.6472069,1679
7.39,1.1861899,1679
7.38,1.123823,1679
7.33,0.28271455,1679
6.85,1.1967684,1679
9.51,4.0635495,7923
9.46,2.8462105,7923
9.37,2.384502,7923
9.36,1.2142586,7923
9.3,0.3667831,7923
9.23,2.4856071,7923
9.2,3.2337132,7923
9.18,2.6372879,7923
9.13,2.8192544,7923
9.04,2.0968711,7923
9.01,3.830028,7923
9.0,1.8563505,7923
8.97,1.6043185,7923
8.96,3.5980613,7923
8.95,2.1772184,7923
8.92,3.373583,7923
8.91,3.0352585,7923
8.88,2.2158778,7923
8.85,-0.23638093,7923
8.84,3.3466902,7923
8.82,2.6314383,7923
8.82,2.2158778,7923
8.8,1.1277916,7923
8.79,1.1836144,7923
8.78,-0.37014532,7923
8.78,4.3566623,7923
8.77,3.240295,7923
8.75,2.0642142,7923
8.74,0.72264254,7923
8.74,2.0684657,7923
8.73,0.77981913,7923
8.7,1.990212,7923
8.69,3.1772254,7923
8.67,-3.0435295,7923
8.66,-1.1836749,7923
8.65,3.9516723,7923
8.65,-1.4636279,7923
8.62,1.0272629,7923
8.61,-2.2820923,7923
8.6,2.1632526,7923
8.6,1.7682583,7923
8.55,1.6033022,7923
8.53,0.843462,7923
8.52,2.491084,7923
8.47,2.8568535,7923
8.46,0.77981913,7923
8.43,5.0013494,7923
8.41,1.7815236,7923
8.4,4.1588073,7923
8.4,-1.4631554,7923
8.38,-0.026135221,7923
8.37,-1.6688082,7923
8.31,1.3588928,7923
8.3,1.6919062,7923
8.29,1.3614709,7923
8.27,0.57237923,7923
8.27,-1.8672649,7923
8.26,-4.5837636,7923
8.24,-0.69297886,7923
8.24,-0.21337605,7923
8.24,-0.2689951,7923
8.2,1.4394908,7923
8.19,1.8330321,7923
8.17,-0.68334615,7923
8.17,-0.71389985,7923
8.15,-0.8779527,7923
8.15,-3.6633637,7923
8.15,0.7103455,7923
8.13,1.3917726,7923
8.11,-0.13528383,7923
8.11,-2.0422583,7923
8.11,1.8618518,7923
8.1,-2.621468,7923
8.07,2.9049747,7923
8.02,-0.21533316,7923
8.01,-1.1698928,7923
8.0,-1.7401428,7923
8.0,-0.85587287,7923
7.96,-1.255239,7923
7.94,-1.3896755,7923
7.93,2.436107,7923
7.92,-1.3083246,7923
7.91,1.4631406,7923
7.91,1.5163776,7923
7.91,-1.3142294,7923
7.91,-4.956641,7923
7.89,-1.1911987,7923
7.88,-1.0090559,7923
7.87,0.13199021,7923
7.87,-3.050076,7923
7.86,-0.8397608,7923
7.86,-2.2583897,7923
7.86,-1.6866192,7923
7.84,0.25370213,7923
7.83,0.39272448,7923
7.82,-2.9164495,7923
7.8,0.024928648,7923
7.79,-2.321075,7923
7.79,-0.00820183,7923
7.76,-0.1787597,7923
7.76,-2.21759,7923
7.75,-1.2841178,7923
7.75,0.056358047,7923
7.74,0.3077398,7923
7.74,-1.036057,7923
7.73,-0.5796989,7923
7.71,-2.460269,7923
7.7,-0.9162086,7923
7.69,0.26400608,7923
7.66,-4.5199857,7923
7.65,-2.9145033,7923
7.63,0.794063,7923
7.62,0.093666025,7923
7.58,-3.1886678,7923
7.57,0.7953185,7923
7.57,-0.45176348,7923
7.55,-2.4403236,7923
7.54,-4.2809706,7923
7.54,-1.1263237,7923
7.53,-3.3845925,7923
7.52,-0.959507,7923
7.51,-0.8836087,7923
7.49,-3.072685,7923
7.44,-3.439359,7923
7.42,-1.8502948,7923
7.39,-2.6504772,7923
7.36,-2.7427876,7923
7.33,-1.9404231,7923
7.32,-1.8876777,7923
7.32,-2.1841087,7923
7.3,-2.926668,7923
7.27,-1.2961637,7923
7.26,-5.2051935,7923
7.25,-1.5729666,7923
7.22,-2.1821647,7923
7.2,-0.38946736,7923
7.17,-2.2598317,7923
7.17,-1.5726033,7923
7.14,-4.2101045,7923
7.09,-2.7168708,7923
7.09,-3.2652729,7923
7.08,-2.7213957,7923
7.07,0.3056568,7923
7.07,-4.25145,7923
7.07,-3.169179,7923
7.07,-4.4848633,7923
7.04,-6.1723123,7923
7.04,-1.19909,7923
7.02,-2.2183335,7923
6.94,-3.0556297,7923
6.93,-5.7896137,7923
6.91,-5.2264953,7923
6.91,-4.061394,7923
6.91,-4.880338,7923
6.9,-3.1569602,7923
6.87,-2.6816595,7923
6.86,-3.2419245,7923
6.86,-4.1142845,7923
6.84,-1.6904726,7923
6.83,-3.5947447,7923
6.83,-1.9496144,7923
6.8,-3.7902348,7923
6.79,-3.2143078,7923
6.78,-1.8883986,7923
6.77,-3.0412133,7923
6.77,-4.7036695,7923
6.75,-4.55741,7923
6.75,-2.5522316,7923
6.74,-5.860857,7923
6.71,-5.147277,7923
6.69,-4.5287795,7923
6.68,-4.4590054,7923
6.64,-1.0008031,7923
6.57,-2.2836685,7923
6.57,-3.226426,7923
6.56,-4.0524707,7923
6.52,-5.350422,7923
6.51,-2.0087545,7923
6.51,-1.8878518,7923
6.45,-3.4343746,7923
6.45,-4.0437074,7923
6.41,-4.9494715,7923
6.4,-3.1704316,7923
6.39,-5.9861693,7923
6.38,-4.8506246,7923
6.38,-3.6970642,7923
6.3,-2.929541,7923
6.29,-3.409609,7923
6.28,-3.65997,7923
6.27,-1.0720108,7923
6.2,-0.78842294,7923
6.19,-2.688109,7923
6.1,-3.4530158,7923
6.08,-5.5155907,7923
6.04,-6.0950966,7923
6.04,-0.9856051,7923
5.9,-1.4708244,7923
5.83,-5.080331,7923
5.62,-5.1281433,7923
10.08,3.1643906,12347
9.96,3.429474,12347
9.8,4.5439796,12347
9.59,5.8607454,12347
9.59,5.8576417,12347
9.32,2.5625389,12347
9.24,5.390683,12347
8.77,5.431951,12347
8.24,3.8701677,12347
8.0,0.9714385,12347
7.96,4.3451915,12347
7.6,-1.8348325,12347
6.46,6.1494784,12347
6.08,3.4071283,12347
7.3,-4.6912584,13088
6.4,-4.106134,13088
9.3,1.4320917,4319
9.15,0.718812,4319
8.4,2.2102098,4319
8.3,-0.76137996,4319
8.22,1.5914528,4319
8.22,3.2763278,4319
8.1,2.41241,4319
8.05,2.328244,4319
7.96,3.0827363,4319
7.92,1.4565865,4319
7.92,1.7362142,4319
7.82,1.4847227,4319
7.75,0.14835489,4319
7.72,2.2131205,4319
7.72,2.2791967,4319
7.64,0.17189674,4319
7.64,2.3130307,4319
7.62,1.781128,4319
7.6,1.0621164,4319
7.59,-0.5455104,4319
7.47,-1.7487669,4319
7.44,2.776541,4319
7.36,-1.0272582,4319
7.32,-0.96566725,4319
6.68,1.4070579,4319
6.46,-2.0671892,4319
5.6,-2.5940611,4319
8.52,0.56885815,17631
7.92,0.025835883,17631
7.72,0.011295266,17631
7.6,-0.9651232,17631
7.52,2.8920195,17631
7.42,2.9157567,17631
7.36,1.4570601,17631
7.05,-3.7268152,17631
6.96,0.7136177,17631
6.85,0.77827823,17631
6.85,-4.1422577,17631
6.46,0.80285716,17631
6.43,-6.196466,17631
6.18,-2.158238,17631
6.14,-1.931283,17631
6.12,-1.9704973,17631
6.07,-2.4196513,17631
5.82,-2.7672606,17631
5.8,-1.0636362,17631
5.52,-6.178826,17631
5.16,-3.4841883,17631
4.6,-2.4061542,17631
4.07,-5.9192815,17631
4.01,-4.097919,17631
3.92,-6.0543933,17631
3.73,-7.970062,17631
8.7,1.5855634,407
8.7,-3.4533942,407
8.22,-0.7140881,407
8.05,-3.353595,407
7.89,-2.9762952,407
7.4,-2.4855223,407
7.39,-3.8976853,407
6.14,-2.9489524,407
6.0,-1.784541,1848
5.57,-3.0054135,5611
5.33,-2.4740522,5611
5.25,-0.7752731,5611
5.17,-1.1282831,5611
7.57,0.5022644,12878
7.44,4.34173,6424
7.16,3.984626,6424
7.02,0.9087361,6424
6.88,0.20914224,6424
6.87,1.3262177,6424
6.83,0.8190968,6424
6.82,2.9312315,6424
6.79,0.95303416,6424
6.77,2.2013583,6424
6.71,5.215355,6424
6.63,-0.60602736,6424
6.61,1.5832297,6424
6.59,-0.08241097,6424
6.59,2.6903262,6424
6.56,-1.0717062,6424
6.55,0.690652,6424
6.54,3.6636329,6424
6.54,0.22331205,6424
6.54,0.7877079,6424
6.54,-1.7454858,6424
6.53,-3.4012532,6424
6.52,2.062956,6424
6.52,-0.4281643,6424
6.49,-0.54093754,6424
6.47,-0.71672153,6424
6.47,1.3944503,6424
6.45,0.44427815,6424
6.39,-0.58806026,6424
6.39,-0.24225539,6424
6.36,-1.0050737,6424
6.31,-2.367792,6424
6.3,-0.78713584,6424
6.3,-1.3200338,6424
6.28,-0.63354003,6424
6.25,-1.1629331,6424
6.24,-4.0358953,6424
6.23,-1.4415578,6424
6.23,-1.6852947,6424
6.23,-3.2810047,6424
6.23,2.2618806,6424
6.22,-3.0094051,6424
6.21,-0.57904756,6424
6.2,-2.4849856,6424
6.19,-2.3329241,6424
6.17,-1.2775545,6424
6.17,-1.9715661,6424
6.17,-1.863071,6424
6.16,-1.6029134,6424
6.16,-2.942811,6424
6.15,-0.35187382,6424
6.14,-0.69394267,6424
6.13,-1.7641242,6424
6.12,-0.23161599,6424
6.12,-1.2145256,6424
6.12,-0.20420459,6424
6.11,0.50728697,6424
6.11,1.5294573,6424
6.1,0.36297983,6424
6.09,-5.365283,6424
6.08,-3.229361,6424
6.07,-2.1446967,6424
6.07,0.45703685,6424
6.07,-0.08602641,6424
6.06,-1.4591472,6424
6.06,-1.3228328,6424
6.05,0.4457271,6424
6.05,-1.4602206,6424
6.04,-2.523435,6424
6.03,-2.246042,6424
6.02,-0.98567176,6424
6.01,-1.894468,6424
6.01,-0.7260747,6424
6.01,-5.739451,6424
6.0,-3.7809935,6424
5.99,-0.30658096,6424
5.97,-1.0744606,6424
5.97,0.93365777,6424
5.95,0.27349326,6424
5.91,-2.0157661,6424
5.91,-0.79442513,6424
5.9,-1.940383,6424
5.89,-4.707128,6424
5.89,-2.5560772,6424
5.88,-3.4825945,6424
5.88,0.033782877,6424
5.88,-3.349933,6424
5.86,-2.2374341,6424
5.85,-1.729667,6424
5.85,-1.8807219,6424
5.85,-3.0130486,6424
5.85,-2.6847773,6424
5.84,-2.4738026,6424
5.84,-2.0724535,6424
5.81,-2.8259964,6424
5.81,-2.0647225,6424
5.79,-2.0781438,6424
5.73,-1.4274414,6424
5.72,-0.45786414,6424
5.71,-1.668959,6424
5.71,-1.2833614,6424
5.67,-4.566741,6424
5.67,-2.9659197,6424
5.67,-2.3631148,6424
5.63,-0.55824864,6424
5.63,-0.22077402,6424
5.62,-1.0134254,6424
5.6,-2.050497,6424
5.59,-2.5537713,6424
5.53,-2.4105527,6424
5.51,-0.9299872,6424
5.5,-0.63971996,6424
5.48,-4.0502486,6424
5.45,-0.5811541,6424
5.41,-1.3528938,6424
5.41,-1.53809,6424
5.39,-2.3124452,6424
5.38,-1.3065597,6424
5.35,-1.9467717,6424
5.18,-0.39540794,6424
5.16,-1.5917659,6424
5.08,-4.623829,6424
5.02,-2.3439572,6424
4.89,-1.997494,6424
7.48,-1.438139,12761
5.84,-3.1370127,7448
8.66,-0.59113395,14344
6.72,1.7692893,14344
6.57,-0.5459448,14344
6.32,-0.112311184,14344
6.25,1.6544183,14344
6.17,-0.49020532,14344
6.1,1.7312605,14344
6.05,0.30143538,14344
5.98,0.9491267,14344
5.95,-0.33709708,14344
5.82,-0.49020532,14344
5.81,-0.12919426,14344
5.54,-2.2197587,14344
7.52,-1.4104469,16401
7.4,0.42134485,16401
7.4,-0.66598,16401
6.96,-1.7529086,16401
6.89,-0.2957503,16401
6.77,-2.7027752,16401
6.75,-1.4295576,16401
6.7,-2.6074202,16401
6.68,0.37260497,16401
6.62,-1.0758829,16401
6.41,-1.5587785,16401
6.3,-0.9719646,16401
6.17,-2.3299844,16401
6.14,-1.5486175,16401
6.09,-1.9431417,16401
5.92,-2.806151,16401
5.85,-2.2747555,16401
5.62,-2.8510683,16401
5.55,-1.0896078,16401
5.52,-0.73399293,16401
5.48,-3.893623,16401
5.14,-5.6893597,16401
5.01,-1.4826267,16401
5.68,-3.2451937,12182
7.47,0.5662378,9868
7.42,-1.3267711,9868
7.28,0.2951999,9868
6.82,-1.0106351,9868
6.43,-1.3932745,9868
8.4,0.39811203,469
8.3,0.39883623,469
8.3,-1.169721,469
8.22,0.8302071,469
8.22,0.8532983,469
8.22,0.8931953,469
8.15,2.7002761,469
8.0,0.92956805,469
8.0,-1.6927574,469
7.89,-1.140246,469
7.82,1.5295968,469
7.75,1.6156886,469
7.72,-0.44251972,469
7.52,-0.06160547,469
7.3,-0.82297504,469
7.05,-0.066222236,469
6.7,-0.7768005,469
7.55,-4.7523136,739
7.32,-4.3587966,739
6.45,-3.8941858,739
7.28,2.6131601,12558
9.0,1.0281289,1007
8.52,1.7342293,1007
7.77,-0.51152337,1007
7.66,0.4302516,1007
7.52,-1.8442229,1007
7.37,-1.0332328,1007
7.31,-0.51152337,1007
7.19,1.3520235,1007
7.16,0.237717,1007
7.24,1.5269983,8257
6.57,-1.1777916,374
6.05,-2.2243772,2507
5.06,-3.8456337,2507
5.87,-2.3859076,7447
8.67,1.6330336,6733
9.03,0.5323845,12229
6.94,0.3470554,8111
6.64,0.12312796,1240
7.89,2.5336795,16787
8.73,0.16181408,4457
7.46,-1.0433213,4297
7.41,-0.117783934,4297
7.4,-1.8267857,4297
7.4,-1.8051398,4297
7.38,-2.9636176,4297
6.22,-3.0787573,6185
6.16,-5.9030924,6185
5.82,-5.1334577,6185
5.7,-5.7732177,6185
5.62,-5.4351587,6185
5.6,-4.0388684,6185
5.44,-2.046767,6185
5.34,-3.1737056,6185
5.17,-3.6981342,6185
5.14,-3.9274044,6185
5.1,-6.8463283,6185
4.85,-6.895266,6185
4.82,-5.061775,6185
4.8,-4.8931775,6185
4.77,-5.4078584,6185
4.75,-7.5417523,6185
4.66,-6.5068493,6185
4.62,-5.6222363,6185
4.57,-6.2832813,6185
4.52,-6.400815,6185
5.5,-3.2202234,12931
5.13,-0.11124794,10659
5.09,-3.4617262,10659
5.08,-3.8412256,10659
5.04,-3.1557055,10659
5.03,-3.7793667,10659
7.82,-3.5029752,2029
7.7,-2.057181,2029
7.52,-2.5076745,2029
7.35,-3.1079795,2029
7.08,0.95576334,2029
6.99,-2.0560212,2029
6.85,-2.2665665,2029
6.82,-2.4269004,2029
6.72,-3.150468,2029
6.68,-3.4668322,2029
6.68,-3.0429418,2029
6.64,-2.7692251,2029
6.51,-3.420211,2029
6.34,-3.4468532,2029
6.33,-1.4770095,2029
6.24,-6.1555295,2029
6.16,-1.7795262,2029
6.14,-1.9224496,2029
6.03,-2.0240371,2029
5.96,-4.41682,2029
5.82,-3.1258116,2029
5.82,-3.5153341,2029
5.82,-4.632621,2029
5.77,-1.8950619,2029
5.72,-3.8388472,2029
5.7,-3.6060233,2029
5.7,-5.455762,2029
5.7,-3.2030716,2029
5.64,-2.9996128,2029
5.64,-3.5629303,2029
5.6,-3.1263146,2029
5.6,-4.531095,2029
5.6,-7.646076,2029
5.58,-3.168637,2029
5.58,-2.0966494,2029
5.57,-2.946567,2029
5.57,-3.0594432,2029
5.54,-4.6524787,2029
5.51,-5.6473365,2029
5.5,-2.6142,2029
5.44,-4.5283003,2029
5.43,-3.339775,2029
5.42,0.22244695,2029
5.4,-2.833888,2029
5.37,-3.817807,2029
5.28,-2.7949274,2029
5.16,-3.362431,2029
5.16,-3.2818837,2029
5.16,-2.9839652,2029
5.03,-3.4351184,2029
5.0,-3.778958,2029
5.0,-4.055009,2029
4.97,-3.955479,2029
4.95,-3.7935503,2029
4.92,-5.2365117,2029
4.89,-5.0944605,2029
4.88,-4.0065427,2029
4.86,-3.1606286,2029
4.85,-1.184339,2029
4.84,-4.4617686,2029
4.82,-4.302869,2029
4.82,-4.3186073,2029
4.7,-6.1242766,2029
4.66,-4.766092,2029
4.57,-2.3547745,2029
4.57,-1.3011096,2029
4.5,-3.159963,2029
4.46,-5.262353,2029
4.44,-8.161567,2029
4.4,-1.6319501,2029
4.4,-5.858533,2029
4.3,-5.4118934,2029
4.28,-4.7824154,2029
4.04,-3.4234166,2029
6.75,-1.0784959,12583
8.21,0.61135244,12718
8.19,1.0364085,12718
8.12,0.96768975,12718
8.07,0.6289823,12718
8.05,4.575666,12718
7.96,-0.5704509,12718
7.85,0.93983006,12718
5.92,-5.0189013,11000
5.92,-4.5709195,11000
5.92,0.46053872,11000
7.66,2.1042087,4584
7.0,0.4046777,1138
5.94,-2.49962,3352
8.0,-0.18009229,16478
6.99,-0.12256321,14098
4.62,-6.121517,8235
5.0,-0.2001281,17884
4.64,-2.309279,17884
4.47,-2.556734,17884
4.38,-4.8354735,17884
4.38,-4.539976,17884
4.0,-2.9972725,17884
4.0,-4.6471195,17884
5.69,-3.5741293,3745
5.18,-3.978505,3745
5.12,-3.978505,3745
4.76,-3.4836442,3745
4.7,-3.3030562,3745
4.69,-3.5741293,3745
4.62,-3.4836442,3745
4.56,-2.0834324,3745
4.51,-3.3030562,3745
4.48,-3.6336358,3745
4.31,-1.220226,3745
4.3,-5.624557,3745
4.22,-3.6336358,3745
4.0,-5.624557,3745
8.77,2.8036447,10389
8.29,0.017210416,10389
7.0,-3.5600235,3835
5.89,1.0491498,3835
5.77,-6.1410713,3835
5.58,-5.0752015,3835
5.41,-4.4067373,3835
5.28,-1.8501768,17878
4.64,-3.4617226,17878
4.52,-7.64038,17878
4.51,-4.946554,17878
4.47,-0.62631524,17878
4.44,-3.454848,17878
4.18,-8.805253,17878
4.17,-3.9807808,17878
4.11,-4.930734,17878
4.1,-0.91382074,17878
4.08,-0.9809196,17878
4.02,-6.4746056,17878
4.0,-4.5730343,17878
6.59,1.0689412,15010
8.21,3.25233,941
7.96,3.3779392,941
7.92,0.11446713,941
7.85,-1.7528763,941
7.85,1.5752919,941
7.6,0.19941145,941
7.5,-0.7470033,941
7.42,1.1481009,941
7.22,0.72971463,941
5.85,-1.9114406,941
5.27,-3.2714431,941
8.0,-0.68434167,114
6.95,0.719146,13595
6.78,-2.09726,13595
6.01,-2.2196674,1306
7.62,2.4986067,11233
8.96,0.35075516,12317
8.92,-5.5310235,12317
8.74,0.46275464,12317
8.72,-0.7912762,12317
8.7,-3.42786,12317
8.59,-1.6991688,12317
8.42,-2.2734542,12317
8.17,-0.6343529,12317
8.04,4.0303845,12317
7.96,-1.3440269,12317
7.89,-3.258969,12317
7.82,4.5719285,12317
7.77,-3.591382,12317
7.55,0.22294721,12317
7.51,-1.0879358,12317
7.5,-2.339922,12317
7.5,-3.059121,12317
7.47,-4.1933227,12317
7.4,-4.015681,12317
7.22,-0.9025196,12317
7.05,-1.5433946,12317
7.0,-2.9005551,12317
6.99,-1.4599475,12317
6.96,-4.4218593,12317
6.92,-2.2949283,12317
6.92,-0.42343545,12317
6.71,-0.8524867,12317
6.67,-4.880682,12317
6.55,-2.900011,12317
6.39,-0.02846051,12317
6.39,-2.41338,12317
6.29,-2.621786,12317
6.25,-2.1031392,12317
6.08,-2.113369,12317
5.98,-4.672536,12317
5.96,-2.6173177,12317
5.84,-0.8778982,12317
5.83,-1.3831365,12317
5.66,-3.086311,12317
9.3,5.4173346,5364
6.15,-1.8952856,5364
5.11,-3.8796563,5364
6.03,-4.06373,4569
5.92,-1.8760486,4569
8.7,3.3794398,16838
8.52,0.11218226,16838
8.22,3.0700305,16838
8.15,-0.0913139,16838
8.1,1.9108936,16838
8.1,-0.42515817,16838
8.1,-4.5969224,16838
8.05,-1.9835353,16838
8.0,-2.6950917,16838
7.92,-1.3057666,16838
7.92,-0.9696902,16838
7.89,-2.6564019,16838
7.82,-2.1390674,16838
7.23,-0.15477008,13247
5.85,0.119344085,4667
6.07,-1.0183808,1909
5.64,-2.6202116,1909
7.52,-2.073658,541
8.3,-0.669579,6179
8.22,0.49725145,6179
8.1,2.819379,6179
8.05,-0.37894535,6179
8.0,-1.4243222,6179
8.0,-0.41746098,6179
7.96,2.7492783,6179
7.96,1.1264657,6179
7.96,2.0449307,6179
7.92,-2.4392028,6179
7.92,2.1406415,6179
7.92,2.6874013,6179
7.89,0.98122144,6179
7.89,1.3156867,6179
7.85,0.5269486,6179
7.85,1.3742573,6179
7.85,1.2150851,6179
7.85,0.7272103,6179
7.85,1.4524935,6179
7.82,2.331518,6179
7.82,1.0403562,6179
7.82,2.3722763,6179
7.82,2.1292791,6179
7.82,2.331518,6179
7.82,0.57532334,6179
7.82,2.5814822,6179
7.8,3.02141,6179
7.8,0.52134156,6179
7.8,-0.61156654,6179
7.77,-3.4397147,6179
7.77,0.22297947,6179
7.77,3.0933974,6179
7.77,-2.7287056,6179
7.77,1.6157265,6179
7.77,1.3976817,6179
7.75,0.7820827,6179
7.75,1.6601006,6179
7.75,0.5148711,6179
7.72,2.5944588,6179
7.72,-3.4292295,6179
7.7,2.2427235,6179
7.7,0.65399396,6179
7.7,0.7069751,6179
7.7,2.637956,6179
7.7,2.579495,6179
7.68,1.0365523,6179
7.68,1.3344189,6179
7.68,2.6360497,6179
7.68,2.523308,6179
7.66,1.5164185,6179
7.66,0.8606328,6179
7.66,-1.8931412,6179
7.64,0.4033349,6179
7.64,-0.28771752,6179
7.64,3.1614325,6179
7.64,2.3836858,6179
7.64,1.4965023,6179
7.64,2.8393025,6179
7.62,-1.0827612,6179
7.62,2.8671212,6179
7.62,2.632055,6179
7.62,-0.50979567,6179
7.62,4.200467,6179
7.6,-0.18916667,6179
7.6,-1.5263427,6179
7.6,0.49774966,6179
7.6,2.7738633,6179
7.58,1.5698069,6179
7.58,-2.6527407,6179
7.57,-1.8314179,6179
7.57,2.6641154,6179
7.57,0.83615816,6179
7.57,0.8530685,6179
7.55,0.47991478,6179
7.55,0.5469754,6179
7.55,-1.3331733,6179
7.55,1.701511,6179
7.55,3.340537,6179
7.55,0.8396077,6179
7.55,0.8899605,6179
7.55,-2.818614,6179
7.54,-2.7642267,6179
7.54,3.0179574,6179
7.54,1.9945669,6179
7.54,-1.5273387,6179
7.54,-2.5692542,6179
7.54,-4.761232,6179
7.52,1.4720597,6179
7.52,-0.77517486,6179
7.52,1.7682911,6179
7.52,-0.5317608,6179
7.51,0.9277469,6179
7.51,2.0460885,6179
7.51,2.1424649,6179
7.51,-1.5273387,6179
7.51,0.7376311,6179
7.5,2.320252,6179
7.5,-0.8389349,6179
7.48,0.19600245,6179
7.48,-0.9202118,6179
7.47,0.9420614,6179
7.46,1.1844184,6179
7.46,-1.622257,6179
7.44,-0.4125495,6179
7.44,2.8365126,6179
7.43,-0.44599187,6179
7.43,0.4343648,6179
7.42,1.141852,6179
7.42,0.99143624,6179
7.41,3.2643287,6179
7.41,2.0358305,6179
7.39,0.5696651,6179
7.37,-0.035865884,6179
7.37,3.9932122,6179
7.35,1.0153886,6179
7.34,2.3512783,6179
7.34,3.7016013,6179
7.33,1.9908378,6179
7.33,1.3737798,6179
7.29,1.368913,6179
7.28,0.7359365,6179
7.28,-0.64173377,6179
7.27,4.0956154,6179
7.26,-0.61856365,6179
7.22,1.8096429,6179
7.18,1.5022715,6179
7.16,-3.9886792,6179
7.16,-1.7416836,6179
7.15,1.7096596,6179
7.07,1.439892,6179
7.01,3.5241764,6179
6.99,0.57031286,6179
6.94,0.272848,6179
6.92,2.534579,6179
6.89,1.0992749,6179
6.32,0.050999567,6179
6.3,-5.3152776,6179
5.86,-1.1047858,6179
5.58,-2.7718272,6179
5.57,0.23410322,6179
5.53,-5.8419485,6179
5.46,-0.015680395,6179
5.15,-4.3397684,6179
5.0,2.5919952,6179
5.0,1.2587308,6179
5.0,2.2759223,6179
7.92,3.9915125,11293
7.92,3.119065,11293
7.77,1.440361,11293
7.66,0.97974455,11293
7.6,4.0022616,11293
7.57,2.8713517,11293
7.47,2.1142914,11293
7.42,4.2926264,11293
7.4,2.680839,11293
7.39,2.5114248,11293
7.3,2.8713517,11293
7.27,4.0800242,11293
7.08,4.111249,11293
6.64,3.626173,11293
6.58,5.0853505,11293
6.54,5.434599,11293
6.35,0.699232,11293
6.32,4.0312476,11293
6.04,1.8069999,11293
5.92,3.08258,11293
8.52,2.737709,6641
7.46,0.16672099,15699
7.38,-0.2528408,15699
7.17,-1.4285128,15699
6.58,0.92871475,4163
6.69,-3.870446,8496
7.52,-0.13562596,1461
7.52,-3.5940387,16567
6.92,-2.1597044,16567
6.75,-1.4030013,16567
6.24,-1.3194156,16567
6.24,1.5019481,16567
6.21,0.5802802,16567
5.54,-1.623781,16567
5.03,-1.6111865,16567
4.72,-2.343665,16567
4.57,-0.6989373,16567
4.33,-2.2069287,16567
7.14,1.3970262,3096
4.6,-0.8880142,2897
4.0,-2.5440216,2897
7.42,1.4296508,283
7.32,2.1855693,283
5.24,-2.1579435,283
5.0,-1.6116977,283
4.64,-0.21486999,283
4.64,-0.4559713,283
4.6,-2.0907423,283
4.58,-2.3679557,283
4.43,0.22946963,283
4.4,-1.6207154,283
4.23,-1.3262942,283
4.22,-2.9471207,283
4.21,1.6878729,283
4.14,-1.2137725,283
4.13,-2.5452979,283
4.02,-1.1733556,283
7.07,1.9970884,1048
6.67,0.66429913,1977
5.04,-3.29522,8670
8.52,-1.1047282,17594
8.4,0.9285941,17594
8.22,-1.216174,17594
8.15,3.6510532,17594
8.0,2.003687,17594
7.68,-2.0968893,17594
7.36,-0.46516532,17594
6.99,-0.7051767,17594
5.61,-3.7776062,17594
8.3,0.519161,17288
9.7,-1.4502589,10756
9.7,-3.8030913,10756
9.22,-3.2445717,10756
9.1,-6.59629,10756
8.68,-0.42773998,10756
8.54,-0.8877269,10756
8.4,1.2107335,10756
8.3,3.49333,10756
8.26,-1.531053,10756
8.23,0.2979701,10756
8.19,-0.65014637,10756
8.1,0.27141115,10756
8.05,-3.3822472,10756
8.0,-0.06873969,10756
7.85,0.61408305,10756
7.75,-3.913417,10756
7.68,1.0319643,10756
7.64,-2.3303633,10756
7.48,0.38897118,10756
7.36,-1.6483794,10756
6.82,-3.2383494,10756
6.8,-1.906426,10756
6.54,-3.6509807,10756
6.51,-1.6077088,10756
6.14,-5.207148,10756
5.92,-5.5333424,10756
5.82,-2.5897193,10756
5.82,-5.076356,10756
5.47,-0.46277553,702
6.4,-0.35855845,4885
6.3,-2.651842,4885
6.2,-2.7333908,4885
5.4,-4.583857,4885
5.96,-0.95862496,14411
5.94,-1.1070377,14411
5.85,1.4509616,12438
5.82,-0.732869,12438
5.82,1.4116172,12438
5.8,-1.6434811,12438
5.72,-0.732869,12438
5.72,0.3918116,12438
5.68,1.5966582,12438
5.64,-0.8751826,12438
5.44,0.97079253,12438
5.41,-4.219128,12438
5.34,5.043461,12438
5.32,3.5775099,12438
5.27,3.5775099,12438
5.27,1.226409,12438
5.09,0.71916676,12438
5.08,3.4065073,12438
4.99,0.726599,12438
4.94,-0.8751826,12438
4.9,1.035285,12438
4.89,2.9973621,12438
4.8,2.0861478,12438
4.8,-0.74104047,12438
4.71,-0.005385723,12438
4.7,-1.2408786,12438
4.29,3.218961,12438
8.29,1.9783818,5116
8.19,2.148864,5116
8.01,1.2205937,5116
7.96,4.02498,5116
7.92,-0.61791265,5116
7.89,1.6798441,5116
7.85,1.4362506,5116
7.85,-0.3505086,5116
7.66,2.8684049,5116
7.54,-0.6405083,5116
7.51,1.7063973,5116
7.37,4.02498,5116
7.35,-1.2284428,5116
7.29,1.2205937,5116
7.27,-1.2360023,5116
7.15,0.3833121,5116
6.77,-1.6025447,5116
5.78,0.46176165,12115
4.47,-1.071419,12115
6.82,-2.3032691,7047
6.86,-2.1629825,6866
8.95,-0.6689869,8191
6.94,-3.131607,8191
9.44,0.8440672,7554
9.35,3.1738517,7554
9.34,-0.9230237,7554
9.29,2.7302034,7554
9.26,-0.76161945,7554
9.25,1.2256688,7554
9.23,1.9045843,7554
9.21,5.0039654,7554
9.21,-2.094018,7554
9.21,-0.058127835,7554
9.17,2.0104632,7554
9.14,4.224207,7554
9.12,1.7707994,7554
9.12,5.5503006,7554
9.12,-1.8451557,7554
9.11,0.7909657,7554
9.11,0.7499403,7554
9.08,3.5359643,7554
9.07,-0.9678068,7554
9.06,-0.38708147,7554
9.06,0.046664033,7554
9.05,2.8477178,7554
9.04,0.5141847,7554
9.04,0.8942574,7554
9.03,0.5827532,7554
9.02,0.7868546,7554
9.01,0.99823534,7554
9.01,3.3842485,7554
9.01,4.6245837,7554
9.0,3.0217988,7554
9.0,2.8477178,7554
8.99,2.238086,7554
8.99,-3.1388779,7554
8.99,-0.51273334,7554
8.98,1.655932,7554
8.98,-2.6450722,7554
8.97,-0.6753404,7554
8.97,3.1930385,7554
8.96,2.567148,7554
8.96,2.3627043,7554
8.96,3.2872367,7554
8.95,0.3787607,7554
8.94,2.5296874,7554
8.93,1.9507719,7554
8.93,2.7135012,7554
8.93,4.9775376,7554
8.93,-1.947763,7554
8.92,2.7024994,7554
8.91,0.3262786,7554
8.91,2.4356346,7554
8.91,1.3519635,7554
8.9,0.2382396,7554
8.9,2.9207869,7554
8.9,1.3607695,7554
8.9,-0.6099876,7554
8.9,1.1617297,7554
8.88,3.3354216,7554
8.87,0.24729411,7554
8.87,4.956682,7554
8.87,4.262676,7554
8.86,0.93627155,7554
8.86,2.5514095,7554
8.86,4.2729077,7554
8.86,-0.44599673,7554
8.86,-2.4709418,7554
8.86,2.0037909,7554
8.86,1.2470546,7554
8.86,-3.5683813,7554
8.85,1.6035713,7554
8.85,2.287279,7554
8.85,1.362434,7554
8.85,0.698753,7554
8.85,1.9045843,7554
8.85,-0.8351816,7554
8.85,0.62141716,7554
8.85,-3.0426202,7554
8.85,1.4442014,7554
8.84,-0.06589225,7554
8.84,-0.23545271,7554
8.84,-1.5425586,7554
8.83,1.6021141,7554
8.82,0.80435693,7554
8.82,1.485204,7554
8.82,0.8950404,7554
8.82,-1.039651,7554
8.81,0.8919575,7554
8.81,-0.7034465,7554
8.81,0.79988956,7554
8.81,3.0838554,7554
8.81,-0.6541469,7554
8.81,4.079539,7554
8.81,-1.0422331,7554
8.8,1.2380604,7554
8.8,4.6560054,7554
8.8,-2.025157,7554
8.8,-3.0007596,7554
8.8,-0.54237914,7554
8.8,2.6406982,7554
8.79,1.019394,7554
8.79,4.371805,7554
8.79,0.8827195,7554
8.79,4.940825,7554
8.79,-0.76330566,7554
8.78,0.04560647,7554
8.78,2.6756876,7554
8.78,0.48409894,7554
8.78,2.8877294,7554
8.77,-0.00013180077,7554
8.77,-1.7469608,7554
8.77,4.687963,7554
8.77,4.684758,7554
8.76,1.2159417,7554
8.76,0.970724,7554
8.76,-1.0682468,7554
8.76,-0.12887096,7554
8.76,0.20278877,7554
8.76,-0.70795155,7554
8.76,-0.64404666,7554
8.76,1.0710005,7554
8.76,2.6092196,7554
8.76,4.507803,7554
8.75,3.4047415,7554
8.75,3.76565,7554
8.75,2.3561652,7554
8.75,0.41045925,7554
8.75,2.1461413,7554
8.75,2.0198634,7554
8.75,1.0287348,7554
8.75,1.5323411,7554
8.74,-0.9216535,7554
8.74,-0.2550941,7554
8.74,3.961958,7554
8.74,5.397699,7554
8.74,-1.4714749,7554
8.74,2.9634187,7554
8.74,3.052417,7554
8.74,0.64694595,7554
8.74,1.3146915,7554
8.73,-0.20195441,7554
8.73,1.2047428,7554
8.73,-0.11112578,7554
8.73,-0.22725132,7554
8.73,-0.10230966,7554
8.73,5.685933,7554
8.73,1.5916686,7554
8.72,0.1901856,7554
8.72,1.1388203,7554
8.72,0.8823998,7554
8.72,4.285302,7554
8.72,0.74964654,7554
8.71,3.2104812,7554
8.71,-2.6450722,7554
8.71,2.2588887,7554
8.71,0.6084597,7554
8.71,-0.5835898,7554
8.71,0.33086625,7554
8.71,2.5847116,7554
8.7,0.40258506,7554
8.7,-0.3983128,7554
8.7,0.970724,7554
8.7,1.9101921,7554
8.7,3.7729902,7554
8.7,1.7844999,7554
8.69,3.7729902,7554
8.69,1.2164847,7554
8.69,3.76565,7554
8.69,-1.07059,7554
8.69,-0.26065144,7554
8.68,-2.5943954,7554
8.68,4.262676,7554
8.68,1.6844134,7554
8.68,-1.9202316,7554
8.67,1.7054474,7554
8.67,0.8964826,7554
8.66,1.0013837,7554
8.66,-1.6982481,7554
8.66,-2.9716942,7554
8.66,2.579059,7554
8.66,5.1384754,7554
8.66,-1.0953574,7554
8.66,0.5644326,7554
8.66,3.4259088,7554
8.66,-0.13250141,7554
8.65,1.1136304,7554
8.64,0.45741063,7554
8.64,1.654687,7554
8.64,2.85181,7554
8.64,-1.947763,7554
8.64,-1.1455251,7554
8.63,-0.7596806,7554
8.63,-0.17502934,7554
8.63,1.7905346,7554
8.62,0.02505098,7554
8.62,0.17633435,7554
8.62,0.970724,7554
8.62,1.2719892,7554
8.62,1.1328593,7554
8.62,-1.239413,7554
8.62,2.214126,7554
8.62,-1.0883851,7554
8.62,1.1840907,7554
8.62,6.5329146,7554
8.61,2.0341153,7554
8.61,0.09306976,7554
8.6,-0.7821766,7554
8.6,0.8823998,7554
8.6,-0.32400757,7554
8.6,0.8919575,7554
8.6,0.6280571,7554
8.6,4.213556,7554
8.59,-0.70795155,7554
8.59,2.6170506,7554
8.58,2.059395,7554
8.58,4.8959284,7554
8.58,2.2827094,7554
8.58,0.27218086,7554
8.58,-1.4642503,7554
8.57,1.1142387,7554
8.57,1.1713779,7554
8.57,-0.02604261,7554
8.57,-0.68194294,7554
8.57,1.8692727,7554
8.57,2.6997616,7554
8.57,-1.7133777,7554
8.56,0.43451425,7554
8.56,-1.6982481,7554
8.56,1.0019987,7554
8.56,2.9549549,7554
8.55,3.8658028,7554
8.55,-0.22725132,7554
8.55,-1.4643296,7554
8.54,0.4337272,7554
8.54,0.74955904,7554
8.54,0.07899812,7554
8.54,-0.6342722,7554
8.54,2.4171116,7554
8.53,-0.9997864,7554
8.53,0.38276282,7554
8.53,1.8253798,7554
8.53,1.2164847,7554
8.53,1.2122076,7554
8.53,-1.8570184,7554
8.52,1.0487558,7554
8.52,1.7675338,7554
8.52,1.3975096,7554
8.51,-0.7252332,7554
8.51,1.4924065,7554
8.51,-1.7476463,7554
8.51,2.6743343,7554
8.5,2.0300012,7554
8.5,0.5129424,7554
8.5,-1.1455251,7554
8.49,-1.1673266,7554
8.49,-3.6786346,7554
8.48,0.19855157,7554
8.47,-4.1692247,7554
8.47,4.262676,7554
8.47,1.4646261,7554
8.47,-0.38530478,7554
8.47,-1.8706839,7554
8.46,-0.0075827166,7554
8.46,1.5578543,7554
8.46,1.2730515,7554
8.45,1.3972902,7554
8.45,-0.062109992,7554
8.44,1.6677606,7554
8.44,-0.22767349,7554
8.44,-1.9384586,7554
8.43,2.696943,7554
8.43,0.105876,7554
8.43,0.9201546,7554
8.43,1.357457,7554
8.43,0.04303997,7554
8.43,-1.7875315,7554
8.42,-0.6745411,7554
8.42,-2.220555,7554
8.42,-4.1692247,7554
8.42,4.2806277,7554
8.41,0.6633742,7554
8.41,-0.6913525,7554
8.41,1.2362533,7554
8.41,-0.8917434,7554
8.4,-2.5013843,7554
8.4,2.1868699,7554
8.4,-1.9202316,7554
8.39,0.8941853,7554
8.39,-5.420635,7554
8.39,2.6095543,7554
8.39,-1.9675214,7554
8.38,2.1819057,7554
8.38,1.5092205,7554
8.38,0.5911143,7554
8.38,-0.50093853,7554
8.37,-1.7392154,7554
8.37,0.95178115,7554
8.37,1.3195331,7554
8.36,1.3410021,7554
8.36,-1.947763,7554
8.36,1.3567996,7554
8.35,0.979017,7554
8.35,-0.75103104,7554
8.35,-1.7199434,7554
8.35,1.2728467,7554
8.34,-2.0274565,7554
8.33,0.55031586,7554
8.33,-4.1692247,7554
8.33,1.7569487,7554
8.33,-2.573282,7554
8.33,4.4915485,7554
8.33,-0.8207295,7554
8.32,5.7041864,7554
8.32,-0.16346051,7554
8.32,-0.06848404,7554
8.32,2.622943,7554
8.32,0.7427635,7554
8.32,-0.70795155,7554
8.31,-1.8392167,7554
8.31,2.9921978,7554
8.31,2.6307402,7554
8.3,0.9493209,7554
8.29,-0.7043569,7554
8.29,3.6754467,7554
8.29,0.5953312,7554
8.28,-2.3004463,7554
8.27,-1.110749,7554
8.27,2.2204537,7554
8.26,0.21891084,7554
8.26,-1.4330752,7554
8.26,1.516418,7554
8.25,-2.3963945,7554
8.25,0.68234944,7554
8.25,-2.3490307,7554
8.25,-1.0560557,7554
8.25,0.82340705,7554
8.24,-0.22509246,7554
8.24,1.3162335,7554
8.23,-1.6982481,7554
8.23,0.4922582,7554
8.23,0.9214016,7554
8.22,-0.16776611,7554
8.22,-0.52275383,7554
8.22,-0.7872292,7554
8.22,3.4727008,7554
8.21,0.84715474,7554
8.21,1.9012355,7554
8.21,-0.8207295,7554
8.2,-2.6141798,7554
8.19,-0.82734096,7554
8.19,1.4723215,7554
8.19,0.66570103,7554
8.19,0.26943746,7554
8.18,1.3410021,7554
8.18,-2.6067517,7554
8.18,1.9702876,7554
8.17,3.9295714,7554
8.17,1.3634642,7554
8.16,5.440012,7554
8.16,3.3426974,7554
8.16,-3.2431645,7554
8.15,0.17462921,7554
8.15,-0.846611,7554
8.15,-0.42683733,7554
8.15,1.3550881,7554
8.15,0.24417385,7554
8.15,0.6113821,7554
8.14,1.3410021,7554
8.14,-0.5704453,7554
8.14,2.1162806,7554
8.14,2.951658,7554
8.14,-0.3938892,7554
8.14,2.1622136,7554
8.14,0.18034573,7554
8.13,-1.1455251,7554
8.12,0.39443526,7554
8.12,-0.0648315,7554
8.12,-1.0097666,7554
8.11,-2.9228408,7554
8.11,1.4431535,7554
8.1,3.0483835,7554
8.1,1.1565759,7554
8.1,-1.9339162,7554
8.1,-2.1903384,7554
8.1,0.29964188,7554
8.1,-0.06768488,7554
8.1,-1.9939423,7554
8.09,-1.7509891,7554
8.09,1.1333375,7554
8.08,-1.2802613,7554
8.08,-0.109436244,7554
8.08,-1.933079,7554
8.07,0.9676691,7554
8.07,-1.7262145,7554
8.06,-1.3117063,7554
8.06,-1.2925835,7554
8.06,-4.9656167,7554
8.06,0.22222978,7554
8.05,-0.44939235,7554
8.05,-0.18320617,7554
8.05,0.42951125,7554
8.04,-0.32939297,7554
8.04,2.2823896,7554
8.04,-0.9419037,7554
8.04,1.2759737,7554
8.03,3.6754467,7554
8.02,2.1752737,7554
8.01,-0.5370339,7554
8.01,2.6347806,7554
8.0,2.792486,7554
8.0,0.29827002,7554
8.0,1.8761958,7554
8.0,2.5877292,7554
7.99,1.9280303,7554
7.98,2.7162898,7554
7.98,-1.6777949,7554
7.98,1.6479279,7554
7.98,0.2667055,7554
7.97,0.6985538,7554
7.97,0.1613869,7554
7.96,-2.4370131,7554
7.96,-0.7842562,7554
7.96,-0.39811084,7554
7.95,-1.5956982,7554
7.94,3.2954993,7554
7.94,-2.9599483,7554
7.93,-1.2301803,7554
7.92,0.47252405,7554
7.92,-3.3756716,7554
7.91,-3.010108,7554
7.91,3.2558365,7554
7.91,2.3986714,7554
7.91,-2.9421015,7554
7.9,-2.30198,7554
7.9,-0.14174199,7554
7.9,-0.29115257,7554
7.9,-1.209001,7554
7.89,1.3741887,7554
7.88,1.5664017,7554
7.88,-2.6620069,7554
7.88,-1.6941317,7554
7.88,0.02958848,7554
7.87,-0.061310478,7554
7.85,0.15379205,7554
7.84,-3.4164176,7554
7.84,0.40192273,7554
7.83,1.6698121,7554
7.82,-1.8650844,7554
7.81,-3.3828795,7554
7.81,-0.30729187,7554
7.8,-0.97232044,7554
7.79,3.897997,7554
7.78,0.5419353,7554
7.78,-2.833532,7554
7.78,-1.8161008,7554
7.78,-2.10312,7554
7.77,0.535028,7554
7.77,0.20816393,7554
7.77,-0.48714563,7554
7.76,-0.31715983,7554
7.76,-3.7477927,7554
7.76,-3.776982,7554
7.76,0.009375468,7554
7.76,2.039857,7554
7.75,-0.63888,7554
7.74,-1.6942663,7554
7.73,3.3525515,7554
7.73,1.6136354,7554
7.73,1.3101921,7554
7.72,-2.0203776,7554
7.71,-0.16020249,7554
7.7,-2.1128657,7554
7.69,-2.3643043,7554
7.69,-0.9876286,7554
7.68,1.1732832,7554
7.67,-0.59728074,7554
7.65,-0.5176897,7554
7.65,-1.5624486,7554
7.65,-0.12608027,7554
7.62,-1.5030941,7554
7.6,-4.2756066,7554
7.59,-0.5084107,7554
7.58,2.322582,7554
7.58,-2.7323465,7554
7.57,-2.3451676,7554
7.56,-0.7496704,7554
7.56,-0.735021,7554
7.55,-1.9939423,7554
7.55,-0.8151642,7554
7.55,-2.5676003,7554
7.55,0.77600396,7554
7.54,0.6627492,7554
7.53,0.25183308,7554
7.5,0.97964215,7554
7.49,-2.529487,7554
7.49,-1.8923471,7554
7.48,-1.2788047,7554
7.48,-0.64310944,7554
7.48,-0.4826853,7554
7.47,-4.6571136,7554
7.44,-2.0001514,7554
7.44,-3.4984994,7554
7.44,-4.060242,7554
7.44,-2.1875336,7554
7.43,-0.5084107,7554
7.42,-0.49339387,7554
7.42,0.63443935,7554
7.41,-0.5209472,7554
7.41,-3.144398,7554
7.39,-4.186042,7554
7.39,-0.61355984,7554
7.37,-2.3285117,7554
7.36,0.33793846,7554
7.35,-2.7991614,7554
7.35,-1.6395701,7554
7.35,-4.296584,7554
7.32,-1.7338012,7554
7.31,-1.2799865,7554
7.31,-1.0853163,7554
7.3,-2.3518424,7554
7.3,-4.0120735,7554
7.29,-0.54970014,7554
7.28,-1.9052224,7554
7.28,-0.8404188,7554
7.27,-3.0786688,7554
7.26,0.7992114,7554
7.26,-3.4411757,7554
7.26,-0.70144546,7554
7.25,-1.621685,7554
7.25,0.22127724,7554
7.24,-0.50792634,7554
7.21,-0.519945,7554
7.21,-1.5435963,7554
7.21,-2.6327045,7554
7.2,-3.801649,7554
7.19,3.9708974,7554
7.18,-2.767901,7554
7.17,-0.5909405,7554
7.16,-3.5650725,7554
7.15,-2.5389006,7554
7.13,-2.1696968,7554
7.12,-2.1264932,7554
7.11,-2.7991614,7554
7.11,-1.9896703,7554
7.1,-1.81871,7554
7.09,-1.5562221,7554
7.08,-1.2719206,7554
7.05,-1.7338012,7554
7.04,-1.9528145,7554
7.04,-0.15655681,7554
7.04,-0.50949085,7554
7.03,-3.2431645,7554
7.01,-1.9630263,7554
7.0,-1.4856259,7554
6.98,-2.5147672,7554
6.98,-0.44831637,7554
6.96,-1.6011895,7554
6.95,-2.4119318,7554
6.94,-4.6939874,7554
6.92,-0.4958504,7554
6.92,-0.9445429,7554
6.92,-2.1064818,7554
6.91,-0.91766703,7554
6.88,-1.2330816,7554
6.88,-5.6185985,7554
6.87,-1.3832225,7554
6.87,-0.46886435,7554
6.87,-1.1396852,7554
6.84,-5.5897956,7554
6.83,0.1115659,7554
6.83,1.3217806,7554
6.81,-2.7016952,7554
6.8,-1.2630534,7554
6.8,-2.6609092,7554
6.79,-1.168652,7554
6.77,-4.5575676,7554
6.76,-3.2723868,7554
6.69,-2.7941566,7554
6.69,-3.3125231,7554
6.66,-2.8276346,7554
6.65,-1.8433045,7554
6.64,-0.88495255,7554
6.63,-1.0068514,7554
6.63,-0.9445429,7554
6.62,-4.2004957,7554
6.59,-3.402256,7554
6.59,-0.25665218,7554
6.58,-1.7423857,7554
6.58,-1.3583889,7554
6.56,-3.7429812,7554
6.56,-2.875099,7554
6.54,-5.406274,7554
6.46,-3.03167,7554
6.45,-4.1461644,7554
6.45,-5.998273,7554
6.41,-3.390917,7554
6.39,-6.554014,7554
6.36,-5.093674,7554
6.36,-6.056826,7554
6.28,0.32872874,7554
6.17,-1.9264874,7554
6.16,-2.8187802,7554
6.13,-5.2558956,7554
6.1,-4.104991,7554
6.1,-4.5256686,7554
6.0,-6.006994,7554
5.99,-1.7688322,7554
5.92,-3.1122773,7554
5.86,-4.046632,7554
5.7,-3.6057775,7554
5.3,-7.897677,7554
5.1,-2.5917032,7554
7.62,3.1070125,3747
7.46,2.5913742,3747
7.46,2.464792,3747
7.37,2.3579955,3747
5.62,-1.4658314,5598
5.42,-3.6247985,5598
5.28,-2.4419582,5598
8.7,1.6699672,14097
6.22,-0.4304319,14097
5.2,2.0997546,11089
5.1,4.9561043,11089
4.7,2.5883808,11089
7.46,1.5989785,13345
9.08,2.63868,8777
8.92,1.3997011,8777
8.86,-0.3800135,8777
8.84,2.317749,8777
8.8,2.3905187,8777
8.79,-0.14612813,8777
8.78,2.4369903,8777
8.75,1.786985,8777
8.62,-0.052459404,8777
8.58,1.1724055,8777
8.56,0.013867125,8777
8.44,-0.37397072,8777
6.38,2.9567876,8777
8.05,-1.6994923,799
7.54,-0.8485819,799
7.43,-2.710605,799
7.42,-2.6323066,799
7.36,-2.0689323,799
7.27,-1.4206187,799
7.17,-1.9369174,799
7.14,-2.9491873,799
7.06,-1.0460491,799
6.96,-2.1639054,799
6.92,-2.4697292,799
6.64,-3.025052,799
6.63,-3.0571933,799
6.48,-1.5059775,799
6.46,-4.7784514,799
6.44,-3.1007965,799
6.41,-2.754019,799
6.39,-3.8961046,799
6.29,-5.426367,799
6.29,-0.81830704,799
6.23,-2.5425262,799
6.21,-1.4872413,799
6.17,-3.4847288,799
6.08,-2.2416904,799
6.06,-5.0464864,799
5.85,-0.66875637,799
5.51,-4.7801585,799
5.48,-1.9294277,799
5.4,-0.2617813,799
5.28,-5.292985,799
5.21,-1.9936349,799
6.55,-5.021283,8730
5.92,-0.74906385,15084
5.3,-1.5486737,15084
7.65,0.061009396,14521
6.02,1.330249,2541
8.8,0.49140075,6062
7.7,-0.6517806,6062
7.89,1.0915229,9308
7.16,-1.4964085,9308
6.92,-0.7080153,9308
6.58,-2.1073492,9308
6.42,-3.0260046,9308
6.4,-2.1635067,9308
6.28,-2.454182,9308
6.12,-1.622247,9308
6.11,-1.6849301,9308
5.89,-2.4071498,9308
5.14,-0.94555557,9308
8.7,-1.619588,17171
6.22,0.52538407,2128
5.52,-5.7368674,2128
5.2,-3.9160092,2128
5.18,-3.9516673,2128
5.16,-5.1650543,2128
5.12,-5.308262,2128
5.12,-6.2921286,2128
5.12,-4.5461617,2128
5.05,-3.3301086,2128
5.01,-1.4918921,2128
4.99,-4.3492785,2128
7.82,1.3967549,6626
7.76,0.023712173,3448
5.5,2.3940187,14986
9.0,1.3045926,15559
8.52,-0.8991897,15559
8.52,-0.8352703,15559
7.7,-0.5831913,15559
7.7,-1.7088975,15559
7.52,-2.4947693,15559
7.3,-2.6861868,15559
5.64,-6.846879,15559
4.51,-6.4824386,15559
6.82,1.2641555,10988
6.58,-2.032342,9601
6.56,1.5734129,9601
6.13,-3.5738232,9601
5.94,-1.8028069,9601
5.84,-4.452625,9601
5.82,-2.8303611,9601
5.45,-3.324672,9601
6.69,-4.7298546,14034
7.15,0.88147354,6480
7.75,-2.1713371,16632
7.72,-0.8470737,16632
7.7,-2.0876386,16632
7.54,-2.137242,16632
6.54,2.0034363,16918
6.21,-2.0941403,16918
6.19,-1.3068125,16918
6.12,-5.2074533,16918
6.09,-1.6561751,16918
6.01,-3.1525323,16918
5.89,-5.3136187,16918
5.87,-1.0265062,16918
5.77,-1.7351465,16918
5.51,0.52544904,16918
5.0,0.7258353,16918
4.54,0.3344104,16918
6.07,-3.2717676,15994
4.6,-5.435535,15994
5.39,0.4409258,1712
5.36,-2.273162,1712
9.15,0.024817169,3034
9.0,4.8911204,3034
8.7,3.3874035,3034
8.09,0.30285725,3034
7.89,-3.8466978,3034
7.89,2.073122,3034
7.52,1.658081,3034
6.84,-1.2990135,3034
6.4,-7.359177,3034
8.46,-0.83184767,1474
8.4,0.25151926,1474
8.15,1.3927606,1474
8.1,1.4041007,1474
7.87,-1.8986169,1474
7.85,1.301091,1474
7.85,-1.2131395,1474
7.77,-0.17916292,1474
7.75,0.74292886,1474
7.68,-0.2814848,1474
7.68,-1.0032259,1474
7.64,-1.1072673,1474
7.55,0.7876123,1474
7.41,0.3111715,1474
7.4,2.6547632,1474
7.16,-0.94717824,1474
7.08,0.95687747,1474
7.07,1.3706443,1474
7.02,-3.2862651,13483
6.92,-0.43160507,13483
6.09,-3.3246574,13483
6.01,-0.4254001,13483
5.92,-1.2384764,13483
8.52,-0.5824101,6025
8.22,-1.2358273,6025
7.96,-1.9821593,6025
7.7,-4.251639,6025
7.68,-0.93126154,6025
7.62,-2.3089807,6025
7.54,-2.6007288,6025
7.38,0.8269818,6025
6.85,0.5375669,6025
6.77,-1.4176455,6025
6.21,-3.0611317,6025
5.25,-3.7020192,6025
8.3,-6.846601,8590
8.15,-1.5968027,8590
6.6,-3.674558,8590
6.12,-3.4756064,8590
7.52,0.9513569,17569
7.22,-2.8423371,17569
6.92,0.078835204,17569
5.58,-3.2003627,17569
9.22,3.408942,6783
9.0,3.655697,6783
9.0,2.5021555,6783
9.0,1.29494,6783
8.7,0.8968077,6783
8.7,-1.2803453,6783
8.7,-0.23141712,6783
8.52,1.7765543,6783
8.52,-1.5380572,6783
8.05,2.646787,6783
7.16,-1.7824556,5162
6.86,0.6795826,5162
6.29,-0.7511331,5162
9.01,-1.9227585,13650
6.85,-0.03339531,7063
7.17,-1.0240337,13524
6.44,-1.2152629,10105
5.85,1.5601492,10105
7.43,-3.9723823,17453
5.77,-7.213151,17453
5.6,-6.70601,17453
5.6,-7.1675715,17453
5.5,-6.212925,17453
5.5,-7.034308,17453
5.47,-1.9866393,17453
5.44,-7.7526593,17453
5.32,-6.317136,17453
5.28,-7.422192,17453
5.25,-5.710871,17453
5.06,-5.3093686,17453
5.03,-2.886288,17453
4.96,-4.651963,17453
4.75,-5.8198547,17453
5.58,-1.6047142,12000
5.36,-4.496527,12000
5.28,-3.5392365,786
9.0,0.86629236,2664
7.6,1.2679446,2664
7.58,1.5065881,2664
7.35,-0.44266176,2664
7.17,-0.4887183,2664
7.16,0.7763599,2664
7.1,0.5157019,2664
6.82,1.0663394,2664
6.75,-0.26325953,2664
6.51,-0.38028306,2664
6.41,-0.034735255,2664
6.22,-1.1614313,2664
6.22,0.2912681,2664
6.19,1.0178769,2664
6.18,0.5754596,2664
5.89,-0.89395976,2664
5.89,0.24857813,2664
5.66,-0.2067395,2664
5.28,-0.8365102,2664
5.07,0.60189676,2664
4.62,0.7343384,2664
4.6,-1.5935742,2664
8.2,1.3777336,12077
5.1,-1.7304521,9237
8.59,2.2394795,7624
8.51,-2.377008,7624
8.43,-0.067253634,7624
8.14,0.5788392,7624
8.11,0.000977492,7624
7.74,-0.52794933,7624
6.33,-1.2176632,7624
8.47,0.553378,9668
8.41,0.47397298,9668
6.88,-1.7311668,7021
9.01,2.2965152,3905
7.68,-1.1073283,4661
7.38,1.8078651,4661
6.94,-5.0486636,4661
6.8,0.7101886,4661
6.69,-3.8421056,4661
6.56,-5.38707,4661
6.48,-2.6991289,4661
6.4,-3.3451753,4661
6.38,-1.6769041,4661
6.35,0.4369197,4661
6.3,-1.3709277,4661
6.06,-4.2498937,4661
5.96,-2.0005138,4661
5.96,-6.162715,4661
5.76,-6.571352,4661
5.59,-2.632233,4661
5.49,-2.2893963,4661
5.48,-2.07593,4661
5.17,-5.2073402,4661
4.94,-5.741046,4661
8.11,-1.2646693,4656
7.77,-2.831722,4656
6.37,-1.7734987,4656
5.74,0.81243384,4656
5.74,-1.8360758,4656
5.66,0.69885576,4656
5.37,0.4329726,4656
5.6,-0.7449869,5622
5.34,-2.792847,5622
5.34,-1.0540689,5622
9.22,-1.0553991,15641
8.4,-1.205917,15641
7.7,-0.9835235,15641
4.1,-3.4828389,10373
5.14,-0.94555795,17738
8.23,4.4822316,12355
7.96,2.541399,12355
7.89,2.5299146,12355
7.58,3.667977,12355
6.74,3.247876,12355
9.92,5.331604,12762
9.77,5.416911,12762
9.1,1.3214285,12762
8.96,3.458289,12762
8.96,3.777433,12762
8.82,-2.746966,12762
8.72,2.4587684,12762
8.36,0.2995249,12762
8.22,2.682439,12762
8.12,-0.857692,12762
8.04,1.6357373,12762
8.01,0.0047754813,12762
7.7,2.324691,12762
7.68,3.3946762,12762
7.57,-0.35980344,12762
7.09,-0.222292,12762
7.08,0.10091059,12762
8.52,-1.0224732,10971
8.31,0.17812464,10971
7.72,0.57656133,1628
7.41,-1.8553042,1628
7.35,-3.6213157,1628
7.1,-2.8717408,1628
7.0,0.92002404,1628
6.8,-4.660454,1628
6.64,-4.181378,1628
6.3,-3.6032443,1628
6.21,-4.6607223,1628
6.0,-2.1189508,1628
7.52,-0.858353,15190
5.22,-1.5495741,15190
5.1,-3.9212606,15190
5.0,-1.6177106,15190
4.89,2.903099,15190
4.85,2.2814362,15190
4.8,-5.4240685,15190
4.7,-3.8434577,15190
4.19,-6.0427637,15190
4.16,-5.625443,15190
8.7,1.7332294,5533
8.57,4.4730625,5533
7.7,2.998425,5533
7.25,-1.5629121,5533
7.09,-1.5629121,5533
7.85,0.32157308,1677
7.82,-1.909198,1677
7.72,-2.2875822,1677
4.88,-7.999292,1677
4.77,-6.507094,1677
4.72,-3.0997,1677
4.6,-3.8057334,1677
4.59,-5.1031613,1677
5.77,-0.6052493,17600
5.77,1.5975289,17600
7.38,-1.6231775,16163
7.32,1.3979355,16163
7.13,1.2590667,16163
7.09,0.020961463,16163
7.07,1.2590667,16163
7.06,0.60812664,16163
6.97,-0.6071112,16163
6.91,0.009864658,16163
6.9,1.2590667,16163
6.82,0.82029283,16163
6.66,0.0759616,16163
6.58,-3.2741232,16163
6.35,-2.0482256,16163
6.11,-3.255503,16163
5.89,0.60812664,16163
8.52,0.36123353,1675
8.52,-1.7438725,1675
8.52,-1.0463392,1675
8.3,1.1887189,1675
8.22,-1.6876388,1675
8.15,-0.82752,1675
8.15,1.6631399,1675
8.1,0.43256268,1675
8.05,-1.7235491,1675
7.77,-1.3164356,1675
7.77,-1.5523375,1675
7.6,-2.8641763,1675
7.58,-1.2517899,1675
7.51,-0.48661336,1675
7.51,-1.2817943,1675
7.47,-4.116635,1675
7.46,-0.2477769,1675
7.35,-1.6880279,1675
7.28,-3.3044364,1675
7.07,0.7687286,1675
7.06,0.33023137,1675
7.0,-0.6490587,1675
7.0,-3.337571,1675
6.89,-1.6753473,1675
6.8,-1.5582613,1675
6.64,-3.5059288,1675
6.47,-3.1967516,1675
6.29,-2.95135,1675
6.25,-4.516334,1675
5.97,-1.702137,1675
5.54,-2.7964237,1675
5.4,-3.9746761,1675
8.82,0.4154929,14814
6.4,-1.8713874,11560
8.0,0.055473216,7535
7.85,-3.0055146,9453
7.76,-1.3551222,9453
6.56,0.2180314,5046
6.18,-0.276374,5046
8.47,1.6436951,9947
8.37,-0.90350354,9947
8.36,2.210027,9947
8.17,-2.576128,9947
8.17,0.2582303,9947
8.16,0.019845756,9947
8.05,1.4187578,9947
8.0,-0.024034604,9947
7.96,4.3124266,9947
7.92,0.2582303,9947
7.92,-0.30098104,9947
7.89,0.2582303,9947
7.68,0.6858393,9947
7.66,0.3409547,9947
7.62,1.3106757,9947
7.58,0.3217395,9947
7.57,2.4502416,9947
7.54,0.598094,9947
7.48,2.0853999,9947
7.47,1.9558322,9947
7.3,-0.090570085,9947
7.0,-4.226943,9947
6.84,-5.133735,9947
6.82,-1.2003729,9947
6.82,-4.226943,9947
6.66,1.2653476,9947
6.58,-2.1415765,9947
6.57,-2.6091735,9947
6.35,-1.6883379,9947
6.07,-1.0714077,9947
5.78,-2.9364536,9947
8.7,1.7174475,8699
8.7,1.4740101,8699
8.52,2.5675206,8699
8.52,3.8692174,8699
8.52,-0.0187753,8699
8.4,0.76665163,8699
8.4,-0.719167,8699
8.3,-0.30489781,8699
8.1,1.0699817,8699
7.96,2.6521094,8699
7.38,1.35355,8699
7.09,0.9870975,8699
6.86,-0.8537146,8699
5.58,1.3478676,8699
4.78,0.9075686,8699
8.52,0.20102885,5709
8.27,-0.21552601,5709
6.66,-5.934364,5709
6.92,0.5775238,17657
8.57,-8.698036,2303
5.41,0.6957625,2303
8.89,0.48025084,11343
5.04,-1.5918723,11343
8.3,-0.72318757,17602
6.92,0.8327166,17602
8.22,0.43613592,2067
7.6,1.0979769,2040
7.0,-3.6313667,2040
6.8,-2.2519734,2040
6.7,-3.367787,2040
7.98,-2.8177612,11122
6.1,1.8669142,214
5.18,-2.1178162,214
5.02,-0.36296916,214
8.6,-4.797375,14279
8.5,-5.0108056,14279
8.5,0.8130295,14279
8.4,2.9587104,14279
8.3,-2.5845063,14279
8.3,2.9852486,14279
8.22,0.8395175,14279
8.2,-3.757127,14279
8.0,-5.9111304,14279
7.9,-3.1505842,14279
7.4,-1.4367648,14279
7.4,-3.061465,14279
7.3,-2.7235882,14279
7.3,0.92733645,14279
7.3,-4.2800198,14279
7.3,-1.7208102,14279
7.3,-5.3093123,14279
7.2,-3.8926358,14279
6.9,-1.9482517,14279
6.8,1.3515338,14279
5.52,-4.971075,14279
4.75,-4.3780565,14279
4.35,-1.4384768,14279
4.1,-1.5924768,14279
7.06,-0.31045908,14940
6.63,-0.1353135,6539
6.33,0.6062825,6539
9.15,2.6054742,9939
8.89,-1.1677908,9939
8.72,1.8085536,9939
8.57,-2.0851076,9939
8.51,1.5985723,9939
8.41,1.4026694,9939
8.34,-2.6214623,9939
8.28,-4.0282416,9939
8.27,-4.278,9939
8.27,-4.1486797,9939
8.23,-1.826344,9939
8.19,-3.439965,9939
7.85,-2.2974873,9939
7.62,1.7138519,9939
7.55,-1.1436774,9939
7.48,-3.6480296,9939
7.44,-2.9471357,9939
7.41,-3.9198182,9939
7.29,-1.7957114,9939
7.22,-4.013808,9939
6.89,2.2896888,9939
6.89,-5.9224715,9939
6.77,-6.18943,9939
9.13,-2.0753624,7982
8.94,2.4585557,7982
8.73,3.1686933,7982
8.68,3.4606254,7982
8.64,1.4895031,7982
8.6,0.23397163,7982
8.57,1.1359378,7982
8.55,-0.6806575,7982
8.46,-0.9720105,7982
8.39,0.32386303,7982
8.34,3.092133,7982
8.22,-1.127351,7982
8.19,-0.3447569,7982
7.7,2.259637,7982
9.12,-1.2693028,8653
9.04,1.1566788,8653
8.73,-0.8187554,8653
8.06,0.62721205,8653
7.82,2.9182346,8653
7.8,5.069717,8653
7.75,-0.6871692,8653
7.54,1.6266719,8653
7.48,1.1102173,8653
7.33,0.4973864,8653
5.41,-0.18033223,8653
7.64,-1.184623,5458
7.6,-0.7238667,5458
7.44,1.0150602,5458
8.05,-0.7602972,12330
7.68,-6.2176223,12330
8.66,0.4014425,6403
8.6,2.7659137,6403
8.57,1.2731394,6403
8.55,1.45492,6403
8.49,3.123904,6403
8.47,2.470302,6403
8.44,2.5068195,6403
8.44,4.024939,6403
8.43,-0.38197878,6403
8.41,-0.17412576,6403
7.3,-2.913121,6403
7.3,-1.5047929,6403
7.3,-0.22053444,6403
7.3,0.45438227,6403
7.3,-1.3880465,6403
7.3,-0.8054757,6403
7.3,3.0641708,6403
7.22,-1.829557,6403
7.22,-2.541179,6403
7.16,0.4337311,6403
6.48,-1.2745476,6403
6.42,-3.2789772,6403
6.25,-1.6732475,6403
6.25,1.8694131,6403
6.17,-0.76157653,6403
6.16,0.13462764,6403
6.12,-2.7616973,6403
6.1,-2.0856936,6403
6.09,-4.9223204,6403
6.0,-4.2737737,6403
5.52,-3.0542672,12522
7.29,-1.4556317,247
6.82,0.013175122,247
6.62,-1.2093905,247
6.42,0.72567,247
6.25,-1.955566,247
6.2,-0.62523246,247
5.8,-3.6248727,247
5.7,-3.065468,247
5.62,-0.77825713,247
5.42,-1.0657704,247
5.28,-0.664287,247
5.25,-1.6485046,247
5.24,-5.3197713,247
5.21,-4.0945873,247
8.96,0.7715769,8545
8.8,3.4389563,8545
8.72,2.4032097,8545
8.7,1.2157851,8545
8.68,2.8955839,8545
8.68,2.459104,8545
8.64,0.09879992,8545
8.6,6.1374044,8545
8.59,-1.7667569,8545
8.48,-1.1858175,8545
8.48,-0.5462761,8545
8.46,0.36009943,8545
8.4,1.2249323,8545
8.24,-1.8353693,8545
8.21,1.4106272,8545
8.19,1.0936234,8545
8.17,-2.598861,8545
8.17,1.6351023,8545
7.79,-1.7388011,8545
7.0,-2.3502822,8545
6.92,0.72682476,8545
6.74,-6.5100646,8545
6.64,1.3136189,8545
6.62,-2.428549,8545
6.25,-2.1624196,8545
5.98,-3.0412693,8545
6.72,-0.7064166,11114
6.47,-4.5533433,4353
9.0,-0.1542051,17380
8.77,-0.07349435,17380
8.7,1.7956172,17380
8.7,1.2476174,17380
8.7,0.41680822,17380
8.62,0.56485736,17380
8.52,1.6417428,17380
8.52,1.523824,17380
8.52,0.29742652,17380
8.52,-0.3160554,17380
8.4,0.26340622,17380
8.37,3.3881192,17380
8.3,-1.125956,17380
8.3,0.33414602,17380
8.27,-0.39578173,17380
8.21,3.6468756,17380
8.13,-0.19940944,17380
8.05,-2.8667612,17380
8.05,-0.007327907,17380
8.05,0.74721575,17380
8.05,1.6034846,17380
8.05,1.2029427,17380
8.05,1.6083065,17380
8.03,1.7977636,17380
7.8,-0.48642674,17380
7.58,1.2541587,17380
7.28,1.2436818,17380
7.22,-4.3996444,17380
7.16,3.7658565,17380
7.0,-3.4511604,17380
7.0,2.7121058,17380
6.77,-5.472503,17380
6.75,-3.7918193,17380
6.41,-5.0581474,17380
6.09,-3.9353595,17380
6.09,-2.2423692,17380
6.05,-4.9343286,17380
5.43,-3.6883423,17380
4.48,-6.297583,7266
4.33,-2.6421456,7266
6.58,-4.8656096,4759
6.52,-3.8369155,4759
6.16,-2.353376,4759
5.89,0.26470238,4759
5.8,4.987025,4759
5.7,-1.9109958,4759
5.55,-2.1983454,4759
5.52,-4.007109,4759
5.4,-2.4049988,4759
5.26,-3.5501986,4759
5.24,1.1881497,4759
5.21,-1.1462401,4759
5.15,-2.4886444,4759
5.05,-1.6095357,4759
4.96,-8.3071575,4759
4.82,-8.632833,4759
4.52,-3.771513,4759
4.47,-5.3253946,4759
4.43,-7.073353,4759
4.43,-3.7882888,4759
4.39,-2.2890227,4759
4.37,-4.879943,4759
4.37,-3.2257566,4759
4.36,-4.341914,4759
4.25,-4.217978,4759
4.04,-2.3650007,4759
8.05,0.52277684,9092
8.0,-1.8196111,9092
8.0,-0.93553984,9092
7.96,-4.1966825,9092
7.92,2.4254882,9092
7.89,-4.1966825,9092
7.89,2.4254882,9092
7.85,0.87753665,9092
7.85,-2.6900268,9092
7.8,-5.6087737,9092
7.75,-3.5514133,9092
7.72,-6.1677237,9092
7.68,-6.203855,9092
7.68,-2.5801573,9092
7.68,-2.984656,9092
7.64,4.1741996,9092
7.6,-5.4251885,9092
7.44,-2.1749544,9092
7.41,-2.3417728,9092
7.36,-1.9606738,9092
7.28,-1.3724352,9092
7.75,-9.055886,1426
7.75,-0.47158414,1426
7.44,-1.7668979,1426
6.72,2.1115937,1426
6.0,-6.076712,1426
6.89,-4.99768,15249
6.31,4.431814,15249
5.92,1.6974429,15249
5.7,-1.7115755,15249
5.21,0.34374774,15249
5.18,1.0635588,15249
5.18,2.644052,15249
5.17,0.4433736,15249
5.0,-1.2669551,15249
4.96,-0.50092244,15249
8.3,1.3324513,7707
8.15,1.9333014,7707
8.15,1.6275833,7707
8.05,1.2050924,7707
7.66,1.3204647,7707
7.58,0.27976197,7707
7.51,0.19457316,7707
8.05,0.06155718,12603
8.72,3.2729385,9443
6.72,-4.4005923,9443
7.3,-2.950322,6451
7.3,-2.5433793,6451
7.3,-6.7098994,6451
7.3,-2.2413044,6451
7.3,-2.736396,6451
7.3,-3.17302,6451
7.3,-6.9973903,6451
7.3,-2.7055664,6451
7.3,0.048031136,6451
7.3,-2.529646,6451
7.3,-0.20670453,6451
7.3,-1.8555655,6451
7.3,-3.2838924,6451
7.3,-6.979647,6451
7.3,-6.192062,6451
7.3,-6.279924,6451
7.3,-2.549095,6451
7.3,-2.44739,6451
7.3,-4.0771112,6451
7.3,-1.2019714,6451
7.3,-3.5975616,6451
7.3,-4.749584,6451
7.3,-2.6697803,6451
7.3,-5.8760757,6451
7.3,-2.6607242,6451
7.3,-0.36587718,6451
7.3,-3.1202257,6451
7.3,-0.71596,6451
7.3,-6.22932,6451
7.3,-4.5491624,6451
7.3,-3.6895542,6451
7.3,-0.8328643,6451
6.3,-3.9711084,6451
6.3,-4.8130164,6451
6.3,-3.4201915,6451
6.3,-1.1276525,6451
6.3,0.7577883,6451
6.3,-2.788928,6451
6.3,-3.8845088,6451
6.3,-5.954859,6451
6.3,-4.61782,6451
6.3,-3.8793776,6451
6.3,-4.8370085,6451
10.3,-1.541943,12497
10.3,-0.54080784,12497
10.3,1.4815967,12497
10.3,-1.1573181,12497
10.22,-0.6134299,12497
10.15,1.7398813,12497
5.0,-0.87559605,16608
6.43,-1.1982918,14574
6.09,-0.9096525,14574
6.01,0.5125071,14574
6.32,-3.362411,8276
5.48,0.12921111,8276
5.36,1.8080432,8276
5.23,-0.25213847,8276
4.01,-1.5422995,8276
7.1,-0.3154462,997
4.75,-1.6846962,16256
4.32,-3.6365647,16256
4.46,-6.5342994,2533
4.29,-1.986881,2533
4.24,-4.832498,2533
4.23,-2.5122843,2533
4.21,-2.0230575,2533
4.18,-4.7262797,2533
4.18,-2.8187401,2533
4.13,-2.662239,2533
4.11,-1.3972703,2533
4.09,-2.5172906,2533
4.08,-0.41643837,2533
4.07,-3.0926967,2533
4.03,-3.0908806,2533
5.9,0.556648,3205
5.31,-0.5019722,3205
5.29,3.0649858,3205
5.24,-0.46726134,3205
9.52,1.222916,14631
8.22,0.32518032,14436
6.16,-0.34140512,17257
5.75,-2.1508594,17257
8.72,1.3195001,10714
7.18,-1.41623,10302
9.6,0.5316459,14486
8.0,-7.1998124,14486
7.9,-5.04004,14486
7.7,-4.3823733,14486
7.7,-3.1077821,14486
7.5,-4.9061465,14486
7.5,-5.476772,14486
7.1,-8.652174,14486
7.0,-2.2801535,14486
6.8,-4.882957,14486
6.7,-4.940256,14486
6.7,-5.5000486,14486
6.5,-5.489724,14486
5.9,-2.3006587,14486
5.8,-7.369099,14486
5.1,-6.2808475,14486
4.9,-4.7088423,14486
4.75,-4.024349,14486
4.7,-3.4294412,14486
4.7,-4.068435,14486
4.5,-7.7573915,14486
7.77,-0.28895387,5828
9.57,-1.0738462,7235
9.35,2.6766064,7235
8.92,6.1524897,7235
8.64,2.662198,7235
8.59,5.7166204,7235
8.59,1.5559063,7235
8.59,1.1797023,7235
8.57,1.5935019,7235
8.29,-0.3867421,7235
7.96,1.5935019,7235
7.75,-0.80218077,692
7.44,0.8209921,7696
7.24,1.254602,7696
6.77,0.59202874,7696
8.05,1.8883674,1232
7.8,-1.5032058,16514
7.57,0.35204646,16514
7.41,-0.78889585,16514
7.33,0.24746254,16514
7.2,-1.4752299,16514
7.13,-0.2802857,16514
7.12,-1.5032058,16514
7.09,0.32471287,16514
7.06,-2.004821,16514
6.96,-2.6134696,16514
6.96,-1.7977515,16514
6.92,-0.11486769,16514
6.92,1.0140437,16514
6.92,-0.493089,16514
6.77,-0.51030564,16514
6.7,-2.1886249,16514
6.51,-0.70071447,16514
6.44,-2.052322,16514
6.21,0.63617754,16514
6.12,-2.0187361,16514
6.92,-0.7233342,11991
8.0,-0.60780275,3431
8.0,1.6401347,3431
7.0,-2.2905369,3431
6.89,-0.50823843,3431
6.75,1.528985,3431
6.72,3.3424504,3431
6.7,0.6244968,3431
6.7,-0.2907438,3431
6.68,2.3893554,3431
6.4,1.6401347,3431
6.28,0.9396876,3431
6.14,0.55072224,3431
6.14,0.04974492,3431
5.99,0.002132453,3431
5.98,1.9832463,3431
5.85,-0.5224731,3431
5.82,-1.1904968,3431
5.76,0.5875243,3431
5.61,-0.93092215,3431
5.6,-0.870541,3431
5.39,0.025008252,3431
5.35,-0.37071,3431
5.19,-1.7999815,3431
5.18,-1.3583418,3431
5.13,-0.31028393,3431
5.12,0.38885596,3431
5.08,-1.4220394,3431
5.01,0.8506379,3431
5.0,-0.23919708,3431
4.99,0.16121642,3431
4.96,-2.6036437,3431
4.75,-0.7447722,3431
4.69,0.62332916,3431
4.67,0.89191747,3431
4.67,0.11102851,3431
4.66,-0.058116913,3431
4.64,0.9968195,3431
4.44,-0.124296874,3431
4.28,0.62202847,3431
4.19,3.0250633,3431
9.0,0.985036,1533
8.0,0.7225957,1533
7.24,-0.55180645,1533
7.0,-2.600233,1533
7.0,-4.5543523,1533
7.72,0.029224794,16931
7.5,2.1266458,16931
7.48,0.5158727,16931
7.46,-0.27895132,16931
7.44,0.16382638,16931
7.42,0.47957265,16931
7.4,3.581876,16931
7.33,-2.179137,16931
7.32,1.9595735,16931
7.32,-0.5005624,16931
7.3,1.6245452,16931
7.3,-1.2437211,16931
7.22,-1.2437211,16931
7.2,-2.423693,16931
7.16,3.8284395,16931
7.07,-0.42255634,16931
7.0,-2.2009423,16931
6.96,-2.6443186,16931
6.96,-1.4399147,16931
6.82,0.9177146,16931
6.72,-0.41425195,16931
6.72,-2.027255,16931
6.7,-1.2346065,16931
6.42,-1.6292921,16931
6.28,-2.3190782,16931
6.25,-4.031297,16931
9.89,0.0211418,8130
9.7,-0.24549258,8130
9.57,-1.2159376,8130
8.9,-0.102159485,8130
8.44,-2.9408014,8130
8.34,2.1857235,8130
8.04,3.2668622,8130
7.42,0.7598332,8130
7.31,2.3935146,8130
7.03,2.3046348,8130
6.77,1.6580108,8130
6.75,2.082593,8130
6.42,0.94322646,8130
6.21,3.9942207,8130
6.1,0.25051224,8130
6.57,2.645429,3891
7.82,2.3588283,10892
7.7,0.7484788,10892
7.42,1.5024304,10892
7.37,3.5001907,10892
7.3,-0.9676882,10892
7.27,0.15219937,10892
7.15,4.3911963,10892
7.09,0.14348826,10892
7.07,1.1494832,10892
7.01,-0.76410687,10892
6.91,4.4274173,10892
6.89,1.6321428,10892
6.02,0.6312909,10892
6.82,-1.9630055,4481
7.09,-1.1599473,536
6.42,-0.013091609,536
6.41,0.76114607,536
5.0,-2.8721168,7481
7.21,-0.17383642,9124
8.89,2.926626,8427
7.47,1.4403474,8427
6.43,0.81200457,8427
6.0,2.0923645,8427
6.0,-0.11432247,8427
6.55,0.7356789,14960
5.29,-4.0416656,17448
4.7,-4.0794687,17448
4.43,-5.441927,17448
4.36,-4.0821447,17448
7.77,-1.2364802,14401
8.8,0.77299285,14688
8.24,-2.1317544,1713
6.72,-2.1317544,1713
8.0,-6.8422036,14298
7.4,-6.248142,14298
7.16,-3.1725936,14298
6.39,-7.3149667,14298
5.96,-5.0306273,14298
10.4,1.28044,8512
9.7,0.06405215,8512
9.4,0.06639006,8512
9.15,0.36918572,8512
6.78,-0.31679437,17769
6.51,0.16652822,2396
6.3,-2.0108368,15836
10.1,2.9371498,7636
10.1,3.0408165,7636
10.0,3.2020216,7636
10.0,2.5459955,7636
10.0,-2.44705,7636
10.0,0.09178065,7636
10.0,-1.2406886,7636
9.96,-0.7807239,7636
9.96,4.2925425,7636
9.92,2.0866787,7636
9.89,2.1221032,7636
9.89,1.687591,7636
9.89,5.088875,7636
9.8,3.6103652,7636
9.74,0.89200497,7636
9.74,1.6496164,7636
9.72,1.5977547,7636
9.7,2.9066722,7636
9.7,3.3102973,7636
9.7,1.7593107,7636
9.7,-0.23156212,7636
9.66,1.4858946,7636
9.64,-0.9730916,7636
9.64,2.719305,7636
9.62,1.9539436,7636
9.6,-1.3124222,7636
9.59,2.9359243,7636
9.59,1.5601708,7636
9.57,1.5029708,7636
9.55,3.1855943,7636
9.54,-1.2176976,7636
9.52,1.4389529,7636
9.52,2.173848,7636
9.49,-1.7144228,7636
9.48,1.0302292,7636
9.43,0.59751487,7636
9.43,1.112864,7636
9.42,0.43193766,7636
9.41,-0.8086978,7636
9.4,0.87679017,7636
9.37,1.058074,7636
9.35,1.4640263,7636
9.34,2.1430771,7636
9.33,-1.4282049,7636
9.32,-2.4134839,7636
9.3,-2.206908,7636
9.28,2.9207277,7636
9.26,4.8348813,7636
9.22,-0.9577708,7636
9.21,-2.379139,7636
9.2,-0.42043355,7636
9.11,2.218236,7636
9.05,1.9183079,7636
9.02,-0.74686193,7636
9.0,0.7584239,7636
9.0,2.107343,7636
9.0,3.117087,7636
9.0,1.8032207,7636
9.0,-0.8361249,7636
9.0,-1.985604,7636
9.0,1.9702624,7636
9.0,0.690861,7636
9.0,1.0612344,7636
9.0,-0.69218254,7636
9.0,0.62433493,7636
9.0,0.13742861,7636
9.0,-1.5237113,7636
8.97,-1.2541597,7636
8.96,1.3978409,7636
8.87,-0.53847647,7636
8.7,2.107427,7636
8.7,2.412213,7636
8.52,2.5245585,7636
8.51,-0.9456494,7636
8.4,-1.6180874,7636
8.4,-1.0601914,7636
8.4,1.8260622,7636
8.3,-0.5526087,7636
8.3,-1.9246956,7636
8.3,0.17307362,7636
8.3,-4.478672,7636
8.3,-5.0032825,7636
8.15,1.3464803,7636
8.1,-3.5820832,7636
7.96,0.87679017,7636
7.96,-0.6930443,7636
7.96,-0.67130005,7636
7.95,-0.54649246,7636
7.92,-1.0426968,7636
7.6,-1.9504924,7636
7.55,2.1113617,7636
7.51,-2.1820736,7636
7.46,-5.828012,7636
7.46,1.9794143,7636
7.26,0.2630828,7636
7.17,0.5679325,7636
7.06,-1.0297585,7636
6.8,-4.440534,7636
6.72,-1.7610605,7636
6.69,-0.45870438,7636
6.63,0.1797522,7636
6.24,-2.947475,7636
5.69,4.3354397,7636
5.77,-0.85904896,183
5.75,-0.8994783,183
5.7,-3.671121,183
5.4,-5.7228847,183
5.39,0.8646543,183
5.16,-0.2636946,183
5.07,-1.9764525,183
5.06,-0.047606654,183
5.05,-2.5353973,183
5.0,-0.8358033,183
4.92,-3.4232383,183
4.85,-2.2224557,183
4.7,-3.1979318,183
4.66,0.9044367,183
4.51,-3.19446,183
6.85,0.15114857,8216
9.16,0.0910548,10289
9.12,0.66945684,10289
9.03,-1.6672139,10289
9.02,1.3697783,10289
8.83,-0.56709754,10289
8.81,0.3719498,10289
8.56,-1.6672139,10289
8.55,-0.8230144,10289
6.81,-0.76174617,10289
9.0,-3.083092,255
8.22,-1.542656,255
7.89,-2.4977384,255
7.36,-5.4587345,255
7.15,-2.6520736,255
6.6,-2.016894,255
6.6,-4.109463,255
6.3,0.18398485,255
6.3,1.2063612,255
6.1,0.2201623,255
5.9,-2.3697052,255
5.9,2.6230237,255
5.81,0.20474376,255
5.8,2.6230237,255
5.7,0.6459377,255
5.6,-0.5385946,255
5.6,0.47726116,255
5.4,-2.5250964,255
8.1,1.1815143,17634
7.48,-1.083165,17634
9.0,-4.1505556,1602
9.0,-1.512835,1602
8.4,1.3433454,1602
7.85,0.016822897,1602
7.58,-4.3245697,1602
7.57,-3.9829175,1602
7.28,-3.16981,1602
7.26,-4.1505556,1602
7.12,-1.3940779,1602
6.86,-4.3677087,1602
6.7,-0.2667047,1602
6.56,-2.549102,1602
6.29,-2.2279065,1602
6.27,0.9206722,1602
6.2,-2.7027526,1602
6.12,-0.30344197,1602
5.95,-4.352766,1602
5.85,-6.2613916,1602
5.5,-6.800227,1602
5.41,3.2965102,1602
5.39,-0.49926516,1602
5.08,-1.9514074,1602
4.94,-0.94757724,1602
4.93,0.37302208,1602
4.54,4.0165744,1602
4.62,-1.5125087,8675
8.7,0.8740958,8420
6.09,-4.1371975,3137
5.77,-5.504411,3137
5.34,-5.0405507,3137
6.62,1.2357297,11513
8.92,1.125949,1234
7.0,-0.79919183,4253
4.0,-5.7108603,3407
8.94,-0.29277855,10538
8.84,-0.23908696,10538
8.67,0.58005154,10538
8.62,1.5242704,10538
8.6,1.807914,10538
8.41,3.4263134,10538
8.25,1.4765526,10538
8.16,2.361691,10538
8.13,-1.7579762,10538
8.09,0.90132236,10538
8.07,1.6249094,10538
8.07,2.8224936,10538
7.97,0.5221875,10538
7.86,0.6131512,10538
7.82,-0.55146027,10538
7.78,1.0824008,10538
7.74,1.8993217,10538
7.73,-1.3655303,10538
7.63,-0.64420176,10538
7.62,-2.1629782,10538
7.57,2.9147985,10538
7.52,0.95962226,10538
7.51,-2.5745487,10538
7.45,0.46264386,10538
7.45,1.692307,10538
7.31,-0.89681065,10538
7.25,1.4285059,10538
7.2,1.2109535,10538
7.17,-0.88168037,10538
7.09,0.8060241,10538
7.08,0.068978526,10538
7.04,-0.86965823,10538
7.01,1.1083953,10538
6.94,0.75228107,10538
6.9,0.35815457,10538
6.88,2.1944172,10538
6.81,0.24269201,10538
6.62,0.43439737,10538
6.58,-0.8534782,10538
6.55,-0.32477573,10538
6.41,-1.6203765,10538
7.75,1.3837619,14679
7.0,-3.3918128,16152
6.51,-2.9733903,16152
6.23,-0.6936362,16152
6.2,-1.3509023,16152
6.14,-1.3817023,16152
6.14,-1.5944589,16152
6.12,0.95534647,16152
6.12,-3.614683,16152
6.08,-1.9073988,16152
5.63,-3.8770602,16152
5.52,-2.7796504,16152
5.42,-3.5437157,16152
5.34,-4.3054852,16152
5.33,-1.4970021,16152
5.27,-4.8872867,16152
5.27,-3.6954434,16152
5.26,-4.477446,16152
5.19,-5.466988,16152
5.16,-3.9431343,16152
7.5,-0.48544565,8734
7.43,-0.28030512,8734
7.42,0.50883913,8734
7.29,-0.022045396,8734
7.28,0.25993657,8734
7.1,-1.3436115,8734
7.05,-0.52305555,8734
6.96,-2.7581909,8734
6.96,-2.7581909,8734
6.89,-0.21955201,8734
6.89,0.41241667,8734
6.85,-1.0681595,8734
6.77,-0.077940494,8734
6.75,-3.397888,8734
6.72,-0.1475427,8734
6.66,-0.16628462,8734
6.39,-3.2435179,8734
6.29,-1.7582145,8734
6.28,0.30870873,8734
6.17,-1.1449529,8734
6.09,-3.548694,8734
6.02,-0.7925544,8734
5.96,-3.221515,8734
5.96,-1.9758595,8734
5.96,-2.8787186,8734
5.92,-2.071201,8734
5.92,-3.812596,8734
5.92,-5.6933813,8734
5.92,-3.468474,8734
5.92,-1.4838014,8734
5.85,-1.3919847,8734
5.77,-3.0614793,8734
5.77,-3.3293946,8734
5.75,-3.468474,8734
5.75,-2.469512,8734
5.72,-5.5275207,8734
5.68,-1.7127417,8734
5.68,-3.0104125,8734
5.66,-0.9231117,8734
5.47,-4.1070113,8734
5.46,-3.7067096,8734
5.44,-4.6635585,8734
5.44,-3.468474,8734
5.44,-0.76489353,8734
5.42,-0.62335074,8734
5.39,-3.391825,8734
5.34,-3.468474,8734
5.15,-4.191162,8734
5.14,-3.812596,8734
5.04,-3.8027275,8734
4.89,-6.775461,8734
4.7,-4.445605,8734
4.55,-8.081749,8734
5.0,-1.8843575,623
5.91,-1.3149614,17441
5.78,-1.3478974,17441
5.66,-3.3745308,17441
5.5,-6.140698,17441
5.47,-1.3061634,17441
5.33,-2.2037637,17441
5.32,-1.7566997,17441
4.64,-4.3136344,17441
5.4,-3.9475987,5658
5.2,-3.947274,5658
10.1,3.749933,7755
10.0,4.875368,7755
10.0,3.6960511,7755
10.0,4.9512925,7755
9.4,5.42004,7755
9.3,1.7018939,7755
9.3,0.45635623,7755
9.3,5.7943826,7755
9.3,3.5558667,7755
9.3,3.749933,7755
9.22,1.9946531,7755
9.0,3.424103,7755
8.96,1.1062768,7755
8.96,3.782108,7755
8.96,1.1062768,7755
8.89,4.1134973,7755
8.89,4.3930864,7755
8.89,2.3558478,7755
8.8,3.5182893,7755
8.74,1.4377925,7755
8.55,4.1134973,7755
8.41,2.3067977,7755
8.28,1.1544287,7755
8.27,0.35110316,7755
8.2,-0.25891015,7755
8.19,1.8766997,7755
8.19,2.156509,7755
8.1,-0.018437777,7755
8.06,-0.018437777,7755
8.04,2.5630777,7755
8.03,-0.25891015,7755
7.97,2.6734264,7755
7.96,1.5156653,7755
7.96,0.35110316,7755
7.92,1.7412056,7755
7.81,-0.13159014,7755
7.57,1.7770576,7755
7.54,3.424103,7755
7.52,2.6235104,7755
7.51,1.4377925,7755
7.51,0.927214,7755
7.49,3.5182893,7755
7.46,1.0922546,7755
7.45,1.530664,7755
7.31,1.1062768,7755
7.27,3.6960511,7755
7.23,0.7023176,7755
7.18,0.6758975,7755
7.13,-0.94944966,7755
7.11,2.1784449,7755
7.0,1.9317236,7755
6.99,4.1134973,7755
6.98,0.7023176,7755
6.95,0.7023176,7755
6.92,-0.4192118,7755
6.9,0.059518255,7755
6.81,-1.8290294,7755
6.8,-1.6929405,7755
6.79,0.7023176,7755
6.73,-1.6665773,7755
6.72,-0.25891015,7755
6.55,-1.2022232,7755
6.53,-1.5116439,7755
6.19,0.18451643,7755
8.09,-1.596528,13651
6.89,-0.89131165,11593
8.4,-0.3114305,11081
8.33,-1.2002019,11081
8.1,-1.1663016,11081
7.52,-0.4783458,11081
7.47,0.5641428,11081
7.44,-0.7560437,11081
7.21,1.1966438,11081
7.12,-4.9468026,11081
7.07,-1.03308,11081
6.97,-0.112192094,11081
6.97,-0.24912423,11081
6.91,-1.0661976,11081
6.88,-0.8446357,11081
6.82,-0.73629725,11081
6.78,0.17320335,11081
6.71,-0.2758673,11081
6.64,-0.46524277,11081
6.58,-1.3760401,11081
6.54,0.21402512,11081
6.5,-0.44558734,11081
6.47,-1.3903111,11081
6.41,-0.4453873,11081
6.4,-1.7522726,11081
6.3,-1.0034245,11081
6.2,-0.7289932,11081
6.19,-0.4783458,11081
6.19,-0.7783245,11081
6.14,-3.009695,11081
6.13,-0.4349428,11081
6.06,0.54653573,11081
6.06,-3.2878497,11081
6.05,-3.1483285,11081
5.75,-3.2334592,11081
5.5,-2.8580697,11081
5.46,-1.5873531,11081
7.75,0.64613736,6974
6.96,-0.75238097,13159
8.3,0.51442015,17145
8.3,-0.06857822,17145
7.0,-3.48886,17145
6.75,-5.0850754,17145
5.0,-2.337017,17145
5.96,3.1376452,15678
5.08,-2.113576,15678
4.96,-4.0223637,15678
4.89,1.2145413,15678
7.4,2.495769,245
6.11,-1.7709954,245
9.47,0.668821,10875
9.33,-3.181676,10875
9.28,-0.13604067,10875
9.28,-0.87409854,10875
9.21,-0.8561827,10875
9.06,-1.1911305,10875
8.59,2.675372,9747
8.33,0.66837204,1803
7.8,-6.6279154,15955
7.0,-1.8642464,15955
6.9,-4.8404765,15955
6.8,-5.041781,15955
6.7,-4.563026,15955
6.4,-1.9368572,15955
6.3,-0.6373596,15955
6.1,-4.5875726,15955
6.1,-7.300389,15955
6.1,-1.8207206,15955
6.1,-7.1702113,15955
5.9,-0.6422256,15955
5.8,-0.3378909,15955
5.8,0.6979041,15955
5.5,-6.068294,15955
5.5,-1.8427777,15955
5.4,-1.4882971,15955
5.4,-1.8532095,15955
5.3,-1.5188096,15955
5.2,-5.9992065,15955
7.03,1.2713923,8933
4.05,-4.025665,10376
5.7,-0.85049844,16882
7.7,-0.23454484,2191
6.92,-0.64126253,13662
10.0,1.1705388,15259
6.5,-6.909847,15259
6.45,-3.8075187,15259
6.01,-1.0008376,15259
5.96,-2.5912287,2430
8.69,0.22730882,6725
6.18,-0.16638684,3612
6.18,0.3221105,3612
5.62,-2.4698226,15857
5.01,-3.1564803,15857
6.67,-3.6287994,12387
8.7,-1.9230452,16036
8.4,-0.21497801,16036
8.3,-0.26186588,16036
8.22,-2.8132908,16036
8.1,-1.6687195,16036
7.96,-1.1561264,16036
7.77,0.12068696,16036
7.7,-1.5000799,16036
7.52,-0.27060238,16036
7.52,-3.2970037,16036
7.4,2.0286632,16036
6.88,-1.2114133,16036
6.84,2.1484516,16036
6.58,0.09632383,16036
6.51,1.3781826,16036
6.33,-0.2713215,16036
6.03,-1.3926882,16036
5.83,0.0429511,16036
6.92,0.43849608,1217
6.32,-0.16578981,1217
5.89,-3.447156,1217
5.77,3.0783443,1217
5.66,-0.15120012,1217
5.22,-1.800302,1217
5.17,-1.680785,1217
4.82,-1.6230938,1217
7.75,0.42563003,6091
7.68,-0.9834149,6091
7.55,3.5938058,6091
7.48,-0.2413868,6091
7.3,-1.2889681,6091
7.21,-3.251983,6091
7.2,-4.6929016,6091
7.02,0.11484668,6091
6.94,1.5259881,6091
6.36,-2.4488494,6091
6.35,-0.20035303,6091
6.34,-2.2750747,6091
6.17,-0.48615256,6091
5.54,-6.095568,6091
5.85,-0.8874694,3383
5.7,-0.196381,3383
4.75,-2.081062,3383
9.0,2.7089734,6098
9.0,3.12423,6098
9.0,3.803441,6098
9.0,0.24356608,6098
9.0,3.8047495,6098
9.0,3.976833,6098
9.0,3.3938215,6098
9.0,5.229398,6098
9.0,0.47569126,6098
9.0,1.1727648,6098
9.0,4.0997515,6098
9.0,1.4027226,6098
9.0,4.8387322,6098
9.0,2.69286,6098
9.0,5.597429,6098
9.0,5.597429,6098
9.0,5.597429,6098
9.0,2.655227,6098
9.0,5.398649,6098
9.0,3.8229465,6098
9.0,2.949241,6098
9.0,1.8216705,6098
9.0,-2.9370115,6098
9.0,-2.5274525,6098
9.0,-2.2916117,6098
9.0,-0.38177055,6098
9.0,-2.166492,6098
9.0,-2.7204468,6098
9.0,-0.32538968,6098
9.0,1.2103506,6098
9.0,1.3501798,6098
9.0,0.99014664,6098
9.0,-0.32538968,6098
9.0,-0.6002532,6098
9.0,0.11163072,6098
9.0,0.13125005,6098
9.0,-0.06884694,6098
9.0,-0.11648974,6098
9.0,1.1389294,6098
9.0,2.9000442,6098
9.0,0.91465783,6098
9.0,3.6067,6098
9.0,-2.259396,6098
9.0,0.9995229,6098
9.0,-0.72719514,6098
9.0,-1.1279056,6098
9.0,-1.208243,6098
9.0,2.7846982,6098
9.0,0.9487845,6098
9.0,0.33814368,6098
9.0,0.16488358,6098
9.0,5.2378597,6098
9.0,0.16488358,6098
9.0,1.2372196,6098
9.0,2.1749256,6098
9.0,3.7459476,6098
9.0,5.0872836,6098
9.0,3.976833,6098
9.0,3.7459476,6098
9.0,5.0872836,6098
9.0,3.5727427,6098
9.0,5.416416,6098
9.0,-3.7824564,6098
9.0,-3.7824564,6098
9.0,-2.1974974,6098
9.0,-2.1974974,6098
9.0,2.9725869,6098
9.0,3.7650225,6098
9.0,0.33209926,6098
9.0,1.7508491,6098
9.0,3.7650225,6098
9.0,-2.7204468,6098
9.0,2.8572063,6098
9.0,0.7202952,6098
9.0,2.8572063,6098
9.0,1.9783968,6098
9.0,0.7202952,6098
9.0,4.1232615,6098
9.0,-2.3149314,6098
9.0,5.2378597,6098
8.7,1.5664855,6098
8.7,-1.407462,6098
8.7,1.6871904,6098
8.7,2.3508651,6098
8.7,2.5063937,6098
8.7,1.1892855,6098
8.7,1.9452639,6098
8.7,-0.20521605,6098
8.7,3.976833,6098
8.7,2.5217817,6098
8.7,2.1432216,6098
8.7,0.5050949,6098
8.7,1.2433788,6098
8.7,-0.357486,6098
8.7,3.2581477,6098
8.7,1.7487935,6098
8.7,-1.3403243,6098
8.7,-3.0829966,6098
8.7,-3.0829966,6098
8.7,-1.324475,6098
8.7,1.4117833,6098
8.7,0.93899655,6098
8.7,1.3944145,6098
8.7,1.8704685,6098
8.7,2.6635237,6098
8.7,1.6091647,6098
8.7,4.073019,6098
8.7,0.23613366,6098
8.7,-0.60570085,6098
8.7,0.8475636,6098
8.7,2.066448,6098
8.7,1.9092647,6098
8.7,1.4024891,6098
8.7,1.2103506,6098
8.52,-0.21920094,6098
8.52,1.2098073,6098
8.52,3.155999,6098
8.52,0.24249883,6098
8.52,2.6323934,6098
8.52,-1.6904181,6098
8.52,1.8943869,6098
8.52,-0.074731365,6098
8.52,-1.324475,6098
8.52,-1.324475,6098
8.52,1.2519525,6098
8.52,-3.0829966,6098
8.52,1.5295554,6098
8.52,0.09745963,6098
8.52,-1.0021775,6098
8.52,1.2935461,6098
8.52,0.49645284,6098
8.4,0.9678614,6098
8.4,-1.4754263,6098
8.4,1.9159129,6098
8.4,-1.6676582,6098
8.4,-0.05514545,6098
8.4,-1.3708982,6098
8.4,1.4117833,6098
8.4,-1.3708982,6098
8.4,-0.5498209,6098
8.4,0.15662211,6098
8.4,3.0977254,6098
8.4,0.21856722,6098
8.4,2.6386554,6098
8.3,1.3466386,6098
8.3,3.0977254,6098
8.3,0.21856722,6098
8.3,-1.324475,6098
8.3,0.84428275,6098
8.3,-0.025262248,6098
8.3,-0.20066044,6098
8.3,-0.27286798,6098
8.3,-3.0420322,6098
8.22,2.6024995,6098
8.22,1.8300285,6098
8.22,1.3466386,6098
8.15,-2.2040136,6098
8.15,0.21856722,6098
8.15,-0.23926514,6098
8.1,2.7922404,6098
8.1,-1.3903409,6098
8.05,-1.3551344,6098
8.05,0.21856722,6098
8.05,-2.7672172,6098
8.05,0.36647162,6098
8.05,0.95843315,6098
8.05,-1.2828994,6098
8.0,-2.9230716,6098
8.0,-1.6915858,6098
8.0,-1.7709543,6098
8.0,0.3704553,6098
8.0,-2.850843,6098
7.96,-3.377309,6098
7.96,0.4542143,6098
7.96,-1.076656,6098
7.96,0.5672467,6098
7.96,-0.97818244,6098
7.92,-2.1576502,6098
7.92,-3.2481368,6098
7.85,0.26998731,6098
7.82,1.8300285,6098
7.8,-1.6212271,6098
7.8,0.6576446,6098
7.77,-1.65226,6098
7.58,-5.4052577,6098
7.58,3.415478,6098
7.55,1.711972,6098
7.54,3.830772,6098
7.54,-0.51106477,6098
7.47,0.8506068,6098
7.46,0.7441814,6098
7.44,0.96224463,6098
7.29,-4.0898805,6098
7.28,-2.5608847,6098
7.22,-1.3124652,6098
7.14,0.88127756,6098
7.12,0.26266497,6098
7.04,4.064513,6098
6.99,5.8995285,6098
6.71,-0.61379373,6098
6.64,-0.52394986,6098
6.51,0.8511722,6098
6.4,-2.166656,6098
6.4,1.8135111,6098
6.4,-0.46229517,6098
6.4,-0.49475566,6098
6.4,-0.31252348,6098
6.4,1.681973,6098
6.4,0.91256726,6098
6.4,0.7324743,6098
9.32,4.145621,3338
9.17,2.4672132,3338
8.96,4.7093606,3338
8.77,-2.567924,3338
8.74,1.2263976,3338
8.74,-0.05953902,3338
8.64,-1.0507752,3338
8.64,1.369365,3338
8.62,-3.215381,3338
8.57,0.7269696,3338
8.52,0.19927502,3338
8.51,1.6617382,3338
8.49,4.4829016,3338
8.46,3.119645,3338
8.37,1.6627557,3338
8.28,-1.6192245,3338
8.25,-6.0118737,3338
8.22,-0.86983776,3338
8.05,-0.15077862,3338
8.01,-1.5756505,3338
8.0,-5.7727804,3338
7.92,-0.55886245,3338
7.8,-2.6540887,3338
7.64,-1.6951506,3338
7.57,0.32441315,3338
7.54,-3.0296457,3338
7.39,-1.1146384,3338
6.87,5.1396456,3338
8.32,-0.16831812,17178
8.31,-2.7665455,17178
7.47,0.19381359,17178
7.46,-4.131044,17178
7.33,-3.8114133,17178
7.2,-2.7605574,17178
7.1,-3.5843618,17178
6.97,-2.230003,17178
6.87,0.8095143,17178
6.43,-3.5883183,17178
6.29,-0.70200825,17178
6.25,1.1583407,12656
4.7,-3.608791,3372
7.92,2.0247211,12829
7.64,1.9005455,12829
7.3,4.382581,12829
6.67,0.6347556,12829
8.2,-0.5415044,3041
7.9,-1.4846827,3041
7.9,-0.48959705,3041
7.8,-0.95066106,3041
7.8,-1.823079,3041
7.7,-2.7513385,3041
7.6,-3.2834792,3041
7.6,-1.5751019,3041
7.3,-2.232073,3041
7.2,-1.1287644,3041
7.1,-3.410448,3041
7.1,-0.6014832,3041
6.7,-2.3534665,3041
6.1,-1.8826361,3041
6.1,-2.9463322,3041
5.9,-2.3137615,3041
5.8,-4.2395496,3041
5.8,-2.9211543,3041
5.5,-4.458697,3041
5.2,-5.4504066,3041
6.92,-4.27341,5682
6.8,-1.5807973,5682
6.68,0.012516316,5682
6.46,-1.2358712,5682
6.0,-1.8060126,5682
5.82,-3.2239926,5682
5.82,-2.7834418,5682
5.7,-1.7497743,5682
5.66,-1.7566141,5682
5.51,-0.20704971,5682
4.82,-1.6312224,5682
4.91,-5.199785,7392
4.86,-5.3537464,7392
7.21,-2.2471368,8619
7.2,-0.30667448,8619
6.99,-3.2585557,8619
6.98,-1.8299516,8619
6.39,-1.6656215,8619
7.14,-3.6636107,3460
5.7,-6.041349,3460
7.47,1.6710795,5444
5.11,1.6114548,12177
4.8,0.2953483,12177
4.85,-2.0285451,4270
9.7,1.0449287,1238
9.3,3.2775586,1238
9.15,0.47303954,1238
9.1,-0.39796752,1238
9.05,-0.5479584,1238
8.92,1.5994565,1238
8.85,0.42849782,1238
8.82,-0.21417774,1238
8.72,-0.522527,1238
8.64,-0.54410803,1238
8.57,3.2740512,1238
8.4,3.9165723,1238
8.19,2.2320366,1238
8.14,0.35852838,1238
7.83,1.7620302,1238
7.76,1.4761437,1238
7.29,3.8710515,1238
7.01,1.2857987,1238
7.89,0.5454849,4771
6.72,-7.354195,4771
7.16,-4.255373,1253
6.89,-2.224545,1253
6.47,-2.1810896,1253
6.08,-1.6236475,1253
5.87,-0.7244426,1253
5.66,-3.7757256,1253
5.51,-3.9759648,1253
5.41,-2.1004646,1253
5.38,-1.3263891,1253
5.29,-2.921726,1253
5.28,-1.4660292,1253
5.24,-5.00942,1253
5.2,-3.185198,1253
5.19,0.2937131,1253
5.18,-2.997786,1253
5.16,-3.270121,1253
5.14,-0.71011186,1253
5.13,-2.6266932,1253
5.13,-3.0317657,1253
5.11,-3.5911138,1253
5.09,-1.9739928,1253
5.09,-3.8648994,1253
5.05,-1.1778693,1253
5.01,-2.567286,1253
5.0,-5.739036,1253
4.97,-4.4635396,1253
4.96,-2.9394407,1253
4.95,-1.996757,1253
4.91,1.2210912,1253
4.87,-1.6559689,1253
4.82,-4.8698354,1253
4.81,-2.9902475,1253
4.79,-1.839926,1253
4.76,-4.218314,1253
4.76,-3.3363593,1253
4.76,-4.0401945,1253
4.74,-2.7860363,1253
4.73,-3.276043,1253
4.71,-2.1524184,1253
4.71,-2.3558252,1253
4.7,-4.0374618,1253
4.69,-4.063001,1253
4.67,-2.941591,1253
4.62,0.10613172,1253
4.59,-4.4945498,1253
4.54,-0.19488256,1253
4.68,-1.2582682,16259
4.03,-0.36088166,16259
6.24,1.2400686,5554
7.22,-1.7083188,17462
7.05,0.36563617,17462
6.96,-0.4864485,17462
6.6,-3.0815938,17462
6.32,-1.1782073,17462
6.22,-0.3392907,17462
6.32,1.1653311,4179
8.92,1.2215955,10152
6.38,2.9108307,2591
6.04,-2.0571568,2591
6.02,-3.427092,2591
5.86,-0.6722131,15116
6.13,-2.1646636,7859
8.4,-1.9137256,2946
8.3,1.5066338,2946
8.3,-4.309497,2946
8.15,-1.6967986,2946
7.72,-2.8147259,2946
7.72,0.3541675,2946
7.44,-4.198788,2946
7.16,-1.7709012,2946
7.14,-4.291908,2946
7.12,-1.7003572,2946
7.07,-3.0740688,2946
7.06,-4.132177,2946
7.05,-3.8902857,2946
7.0,-2.6897776,2946
6.96,0.531886,2946
6.92,-3.0740683,2946
6.89,-2.0911162,2946
6.77,-2.2696893,2946
6.72,-0.83155084,2946
6.72,-2.037536,2946
6.68,-3.6307359,2946
6.55,-3.159309,2946
6.36,-2.816036,2946
6.28,-3.2823637,2946
6.24,-0.2647213,2946
6.12,-4.1654706,2946
5.92,-4.1330085,2946
5.85,-3.8973877,2946
5.82,-3.3066642,2946
5.7,-4.4858646,2946
5.47,-3.6782606,2946
5.41,-2.3158412,2946
5.39,-6.121606,2946
5.35,-3.1212802,2946
5.28,-2.2974532,2946
4.89,-1.131759,2946
4.68,1.646194,2946
7.89,3.0151455,3943
4.6,-3.942948,16722
7.23,-2.329253,14849
8.52,-0.13750184,2872
8.4,2.942572,2872
8.3,3.9387538,2872
8.3,0.12307364,2872
8.05,4.4811797,2872
8.0,-1.0390021,2872
7.7,1.6859189,2872
7.7,-3.7178555,2872
7.52,-1.164497,2872
7.3,-3.6111727,2872
7.1,0.24114634,2872
7.0,-0.057484925,2872
7.0,-0.026437942,2872
7.0,-3.0987191,2872
7.0,-3.3762875,2872
6.7,0.27694282,2872
6.7,-0.4851015,2872
6.7,-1.7486235,2872
6.52,-0.51401913,2872
6.52,-2.2451637,2872
6.3,-3.7407844,2872
6.3,-2.250168,2872
6.3,-1.7803023,2872
6.22,-2.1754978,2872
6.22,-0.7652255,2872
6.16,-1.3753101,2872
8.52,1.0810736,15468
7.05,0.06309965,2801
7.0,-2.2958992,2801
6.89,-0.48899516,2801
6.36,-0.94731236,2801
6.19,-0.8429891,2801
5.92,-1.3896815,2801
5.68,-2.2916608,2801
5.23,-1.8397502,2801
5.22,-3.9896567,2801
5.17,-3.00162,2801
5.16,-2.2264233,2801
5.12,-2.6440547,2801
5.12,-5.300554,2801
5.1,-3.0936294,2801
5.05,-4.9791307,2801
5.02,-2.975573,2801
4.96,-3.5805936,2801
4.82,-4.1608324,2801
4.7,-2.2527354,2801
4.66,-3.4191575,2801
7.92,-0.08480491,13190
6.79,-0.023559593,13190
4.75,-3.284972,16279
4.51,-3.6141496,16279
4.21,-0.06966351,16279
9.18,3.651366,6308
9.0,0.15359569,6308
9.0,5.554221,6308
8.7,3.7989044,6308
8.7,1.3728974,6308
8.7,2.9174242,6308
8.7,2.2404332,6308
8.7,2.9545748,6308
8.7,3.2094042,6308
8.7,2.7930238,6308
8.7,3.060192,6308
8.7,3.2395728,6308
8.7,2.3562524,6308
8.7,3.1246815,6308
8.7,1.9866468,6308
8.7,2.033046,6308
8.52,2.731325,6308
8.52,2.4109874,6308
8.52,1.3721601,6308
8.52,-3.4096437,6308
8.52,2.918032,6308
8.52,0.40298906,6308
8.52,1.2566757,6308
8.52,7.0324006,6308
8.52,2.2274635,6308
8.52,5.252747,6308
8.4,1.6710452,6308
8.4,4.089435,6308
8.4,1.7935735,6308
8.4,3.8328733,6308
8.4,0.32031852,6308
8.4,4.780975,6308
8.4,4.39784,6308
8.4,-0.88648987,6308
8.4,4.1102896,6308
8.4,3.9764745,6308
8.3,-1.3205022,6308
8.3,-0.54141366,6308
8.3,1.6231008,6308
8.3,-3.1553752,6308
8.3,4.288959,6308
8.3,4.3659797,6308
8.3,2.3000402,6308
8.3,0.6302115,6308
8.3,5.0276227,6308
8.3,1.9315453,6308
8.22,0.14054504,6308
8.22,5.4994254,6308
8.22,-0.62781405,6308
8.22,2.4108648,6308
8.15,3.8736522,6308
8.15,-1.0087065,6308
8.15,-2.7410479,6308
8.15,-0.46143216,6308
8.15,1.7635598,6308
8.1,-0.12162882,6308
8.05,3.5330567,6308
8.05,3.9977493,6308
8.05,-0.1518532,6308
8.05,2.927476,6308
8.05,-2.9872572,6308
8.05,-2.9972386,6308
8.05,1.7566917,6308
8.0,3.2465272,6308
8.0,-0.54865503,6308
8.0,0.9350636,6308
8.0,0.41390774,6308
8.0,3.9115822,6308
7.96,2.1240602,6308
7.96,6.995314,6308
7.96,2.232092,6308
7.92,0.0425358,6308
7.89,2.9460497,6308
7.89,2.1405928,6308
7.85,2.3769414,6308
7.82,0.24859056,6308
7.77,-1.9617872,6308
7.77,-2.8643486,6308
7.77,4.707127,6308
7.72,0.67311895,6308
7.72,3.0202708,6308
7.72,0.504642,6308
7.7,1.2213999,6308
7.7,-1.5879515,6308
7.68,-2.900116,6308
7.68,2.922928,6308
7.68,1.7714121,6308
7.64,1.0764592,6308
7.62,0.018043412,6308
7.58,-0.026475828,6308
7.58,1.9148688,6308
7.57,2.7783816,6308
7.57,-1.955655,6308
7.55,0.18645751,6308
7.55,-1.9869862,6308
7.55,1.5849103,6308
7.5,2.6958773,6308
7.48,2.0343883,6308
7.48,-0.4581648,6308
7.46,-0.6397952,6308
7.43,-0.8252132,6308
7.43,0.05514478,6308
7.42,3.5956352,6308
7.39,1.7333667,6308
7.38,1.4474555,6308
7.38,-1.3316952,6308
7.36,3.4054587,6308
7.36,-3.300377,6308
7.33,0.684613,6308
7.25,2.9310558,6308
7.22,-1.2833221,6308
7.16,2.3152697,6308
7.16,4.5984087,6308
7.11,1.2424518,6308
7.11,-0.33333227,6308
7.1,-1.2708839,6308
7.07,0.30905575,6308
7.06,-1.3102639,6308
7.03,1.2047565,6308
7.02,-2.9763432,6308
7.02,5.39064,6308
7.01,-1.567555,6308
6.98,-0.08341134,6308
6.95,-2.5669096,6308
6.68,-4.8318977,6308
6.63,-1.9308206,6308
6.3,0.18016031,6308
6.44,-0.8782848,3426
9.1,0.46627107,11514
9.05,-0.35124022,11514
9.05,1.0014695,11514
8.96,2.1140478,11514
8.92,-0.66465056,11514
8.77,1.8097622,11514
8.55,2.8648689,11514
8.49,1.6053802,11514
8.31,1.2473959,11514
8.3,-1.3621019,11514
8.3,5.7469864,11514
8.28,-1.1472067,11514
8.17,2.0717835,11514
8.16,-0.41357344,11514
8.11,-0.38738087,11514
8.08,-0.09831214,11514
8.05,-2.9943554,11514
8.04,3.9047227,11514
8.02,4.7011957,11514
7.95,2.34012,11514
7.95,0.14168273,11514
7.94,2.729117,11514
7.87,1.3613914,11514
7.86,0.04018251,11514
7.8,-2.9144409,11514
7.78,-2.1318378,11514
7.76,1.2262392,11514
7.71,-0.39063883,11514
7.67,1.4404945,11514
7.54,3.2248607,11514
7.5,4.3581614,11514
7.36,-3.6417055,11514
7.35,1.6310934,11514
7.26,-2.2422636,11514
7.21,-0.38688174,11514
5.82,-1.7782371,12134
5.52,-1.448234,12134
10.0,1.775945,8088
9.7,0.6810584,8088
9.7,1.9363968,8088
9.0,0.86881554,8088
7.01,-1.7961301,8088
6.68,-2.6641407,8088
5.89,-0.2240695,8088
5.82,4.786329,8088
5.68,0.9782883,8088
5.68,2.2611537,8088
5.68,3.2935488,8088
5.62,3.036957,8088
5.62,2.4524736,8088
5.51,3.6315365,8088
5.51,2.4047525,8088
5.47,3.9076996,8088
5.26,0.17251304,8088
5.19,0.54355586,8088
5.0,-0.38249576,8088
6.39,1.7284392,11401
5.85,-2.0810933,11401
5.4,-1.5804013,11401
5.07,-0.9278798,11401
4.31,-1.845468,5095
7.3,-1.07265,5134
7.16,-0.39778572,5134
6.92,-0.41223472,5134
6.82,-1.0726504,5134
6.82,-2.9115188,5134
6.77,-0.34144187,5134
6.55,-0.32829556,5134
6.54,2.071105,5134
6.44,-1.07265,5134
6.04,-3.6105473,5134
6.03,2.0761366,5134
5.97,-3.0812848,5134
6.48,1.126942,10190
5.87,1.4067864,10190
7.48,1.8108072,12155
8.3,-2.0937514,6188
8.22,-2.2034106,6188
8.15,-2.1404335,6188
8.1,-2.0473905,6188
7.85,-2.2034113,6188
7.52,-2.7431905,6188
7.4,-4.0806293,6188
7.39,-0.176137,6188
7.34,-2.0937514,6188
7.07,-2.0250254,6188
6.87,0.50243807,6188
6.82,0.8205067,6188
6.8,-2.0719173,6188
6.76,-1.7144911,6188
6.62,-2.0250251,6188
6.47,-0.23262003,6188
6.43,-2.0188553,6188
6.42,-2.6682494,6188
6.4,-0.8850125,6188
6.33,-0.75441766,6188
6.29,-2.4065332,6188
5.98,-3.287937,6188
5.92,-5.3345394,6188
5.85,-0.3450147,6188
5.84,-1.6772002,6188
5.74,0.72353494,6188
5.69,-1.7108881,6188
5.62,-1.8172703,6188
5.49,-0.94358206,6188
7.68,-1.7236404,9355
5.96,-2.6533616,15519
5.96,4.655083,15519
5.85,-2.1864974,15519
5.68,0.78739715,15519
4.75,-4.96206,15519
4.75,-0.8700943,15519
5.04,-4.506095,13601
6.39,-2.9868433,6867
9.1,2.018033,6139
8.4,-0.6626266,6139
8.3,-0.31986767,6139
8.15,-2.377694,6139
7.89,-1.2030063,6139
7.8,-0.28612116,6139
7.62,-1.3943834,6139
7.13,-3.6148367,6139
7.06,-2.000061,6139
6.88,-3.6411674,6139
6.13,-0.9656924,6139
6.1,0.26827958,7003
5.75,2.2001946,7003
5.66,-1.8670292,7003
5.64,-1.9688578,7003
5.42,-1.0494348,7003
5.33,-2.9426699,7003
5.3,-1.6195114,7003
5.21,1.2594306,7003
5.09,1.2262113,7003
4.4,-3.002815,7003
4.24,-0.1356069,7003
4.2,-1.8931158,7003
4.17,-2.1442697,7003
4.06,-1.6310246,7003
7.88,0.6515362,5865
8.56,0.84263396,13566
4.66,-4.101601,15555
4.64,-1.6371981,15555
6.22,-0.46555522,8285
5.6,-1.6069031,6819
8.92,-1.168908,6530
6.25,-0.24352035,6530
8.6,6.1873326,4615
8.4,5.793893,4615
8.2,3.5164483,4615
8.1,4.112013,4615
7.4,2.5728626,4615
7.3,2.5560586,4615
7.3,-0.79193795,4615
7.2,1.1329849,4615
6.8,-0.37412968,4615
6.5,0.28566748,4615
6.5,2.3182433,4615
6.4,-0.028962463,4615
6.3,0.16007625,4615
6.3,-0.9638393,4615
6.2,1.7822771,4615
6.1,-4.0933475,4615
6.0,-3.243262,4615
5.9,-0.27583435,4615
5.9,-0.116447255,4615
5.8,0.8545009,4615
5.6,-1.2207689,4615
5.4,-0.77635646,4615
5.2,-0.3670043,4615
4.6,-2.9271348,4615
10.52,-3.1698518,1408
9.6,-1.1976844,1408
9.54,-0.44910136,1408
9.24,0.6837077,1408
9.1,0.14914927,1408
8.74,3.8181036,1408
8.39,-0.27403095,1408
7.89,0.51756597,6683
6.16,-3.5479352,16286
6.0,-3.1687276,16286
5.72,-0.99563146,16286
5.27,-2.0436141,16286
5.01,-3.9915469,16286
8.55,0.19589604,10014
6.7,-2.981378,626
6.7,-4.627723,626
6.67,-2.1244776,626
6.33,-2.2665749,3663
4.52,-4.1410017,3663
4.52,-1.5337015,3663
8.4,1.1132718,15992
8.22,0.4967337,15992
8.22,0.8207296,15992
8.22,0.9776311,15992
8.15,-0.19766194,15992
8.15,0.9644873,15992
8.15,-0.6327908,15992
8.1,1.8177384,15992
8.05,0.35776547,15992
8.0,1.7626965,15992
8.0,0.82207716,15992
7.96,-0.73872817,15992
7.92,1.7069697,15992
7.89,-0.9484308,15992
7.8,-0.51604366,15992
7.8,-1.086545,15992
7.75,-2.0712042,15992
7.68,0.23254819,15992
7.34,-1.5156903,15992
6.85,-0.21297231,15992
6.72,-0.27629116,15992
6.7,-1.2038399,15992
6.58,0.30369464,15992
6.48,-0.41993764,15992
6.48,-0.9940692,15992
5.96,-5.985587,15992
5.85,-4.935476,15992
5.62,-1.7962191,15992
5.51,-0.40291545,15992
5.48,-3.3331761,15992
5.12,-6.0494733,15992
5.11,-5.506769,15992
5.1,-3.1190355,15992
5.08,-4.8698163,15992
5.06,-1.3817608,15992
5.05,-6.272946,15992
4.7,-7.462769,15992
6.44,1.5416102,14991
7.5,-1.0518875,4781
6.29,-3.9467337,4781
6.04,-3.3346813,4781
5.99,-2.4811637,4781
5.68,-3.1444318,4781
5.38,1.255252,4781
5.21,-2.3698516,4781
5.0,0.5175493,4781
4.95,-2.943664,4781
4.83,-4.450801,4781
4.74,-1.3595693,4781
4.62,-5.196721,4781
4.49,-7.1758146,4781
7.58,0.66553926,15394
7.52,2.0356708,15394
6.78,0.38269824,15394
6.72,-0.29769537,15394
6.7,0.90541995,15394
6.68,-2.2546668,15394
6.67,-1.89862,15394
6.63,-0.39107057,15394
6.58,-0.44479442,15394
6.46,-4.212647,15394
6.16,0.93988025,15394
6.15,-2.6091683,15394
6.06,-1.9559103,15394
6.05,-3.9747596,15394
5.64,1.1573999,15394
5.31,3.7246044,15394
5.15,1.2105473,15394
7.68,-0.8887211,14649
8.3,1.1975957,2412
8.05,-1.2159235,2412
7.92,-2.483401,2412
7.92,-1.3795834,2412
7.92,-2.3701496,2412
7.89,-0.7610153,2412
7.89,-1.2865838,2412
7.85,-2.7599223,2412
7.85,0.7631824,2412
7.77,0.19699515,2412
7.7,-2.7192714,2412
7.68,-0.79668474,2412
7.64,-3.2874227,2412
7.6,-0.8844217,2412
7.47,-3.9073288,2412
7.38,-1.6881905,2412
7.34,-3.0491164,2412
7.34,-1.3085399,2412
7.33,-2.1909776,2412
7.27,-2.1086857,2412
7.26,-0.80427504,2412
7.2,-0.45227554,2412
6.98,-2.969401,2412
6.8,-3.2802527,2412
6.64,-0.15890583,2412
6.54,-2.7479167,2412
5.52,-0.84932566,2412
5.34,-3.06767,2412
5.0,-2.5639193,2412
6.89,-0.40463376,4175
8.83,3.5104756,3516
7.8,1.1195164,3516
7.01,0.81743574,3516
5.95,-0.81216097,3516
5.91,-5.689063,3516
5.4,2.621007,3516
5.11,1.7913831,3516
4.97,1.6127284,3516
4.59,-2.0087347,3516
4.42,2.5539253,3516
4.27,-0.32436672,3516
6.72,-3.7639852,16008
6.52,-3.9549437,16008
6.22,-2.800219,16008
5.89,-5.8085675,16008
5.31,-4.4753675,11125
5.24,-3.618632,11125
5.08,-3.0394197,11125
7.2,3.424414,9475
6.76,-0.85996246,9708
5.3,-0.6893929,86
6.27,-0.22519878,1199
7.26,-3.1512616,8236
6.41,-1.7132258,5968
6.13,-1.739642,5968
5.96,-1.4762065,5968
5.85,-1.5936126,5968
5.81,-2.093678,5968
8.82,2.93943,2296
8.7,0.58999777,2296
7.68,2.0199194,9119
7.52,0.31533638,9119
7.43,0.91974163,9119
7.34,-0.48430446,9119
7.3,0.35085997,9119
7.21,-0.18624137,9119
7.03,-0.47096068,9119
7.01,-2.9328358,9119
6.94,-1.2492685,9119
6.85,0.016792137,9119
6.81,-1.9426975,9119
6.77,-0.087646335,9119
6.71,-1.912564,9119
6.69,-1.4507166,9119
6.51,-0.06936622,9119
6.5,-1.8386276,9119
6.48,-0.6227268,9119
6.47,-0.7482263,9119
6.46,-0.118621826,9119
6.45,-1.8488033,9119
6.38,0.25067708,9119
6.37,-2.9488523,9119
6.3,-0.72765315,9119
6.24,2.156172,9119
6.18,0.14907116,9119
6.18,-1.4313257,9119
6.16,-0.68380535,9119
5.47,-0.17142193,9119
5.39,-1.4787792,9119
9.0,-0.91326344,3002
9.0,-0.37811342,3002
9.0,-0.36723623,3002
9.0,-0.5839006,3002
8.7,0.3423486,3002
8.52,-1.963874,3002
8.52,0.04552772,3002
8.52,4.2838855,3002
8.52,1.4037573,3002
8.52,-0.4012947,3002
8.4,-0.1711335,3002
8.4,1.0758667,3002
8.4,-0.3722934,3002
8.4,0.6928643,3002
8.4,0.18264933,3002
8.4,-1.6897087,3002
8.3,3.6845047,3002
8.3,0.6146014,3002
8.3,-5.140935,3002
8.15,-0.9278897,3002
8.15,-2.1144195,3002
8.05,1.5311071,3002
8.05,-0.027546197,3002
8.05,-2.2376816,3002
7.96,-0.20696107,3002
7.85,3.7273936,3002
7.55,-0.7061238,3002
7.46,2.3181036,3002
6.89,-0.86254954,3002
6.77,-2.5438604,3002
6.64,-0.12537737,3002
6.44,1.5944934,3002
6.29,0.13585539,3002
6.0,-4.087392,3002
6.27,1.0425316,12712
8.4,2.3494196,231
8.4,0.7623631,231
7.85,1.177362,231
7.7,-0.10106258,231
7.68,-1.4689054,231
7.51,0.604056,231
7.44,2.2376492,231
7.41,-3.0710752,231
7.3,-0.2898818,231
7.24,-0.7282288,231
7.19,-3.0488667,231
7.17,5.21916,231
6.9,-0.973822,231
6.88,-2.1443465,231
6.74,-0.49653473,231
6.7,-2.2065637,231
6.68,-3.6472533,231
6.67,-1.5914483,231
6.63,0.16734135,231
6.62,-0.87778914,231
6.6,0.26866564,231
6.54,1.1562276,231
6.47,-1.4486253,231
6.22,-3.1258116,231
6.13,-4.5940814,231
5.99,-0.67727447,231
5.9,-2.0615046,231
5.69,-0.5376773,231
5.66,-2.662895,231
5.55,-1.1353637,6408
5.09,-0.7576238,6408
8.6,2.1214132,4784
8.5,-0.12887216,4784
8.5,1.722818,4784
8.5,1.2196699,4784
8.4,3.0923524,4784
8.4,1.2826318,4784
8.3,-0.3951049,4784
8.3,0.19505334,4784
8.3,3.3866816,4784
8.3,5.4220653,4784
8.2,1.5135803,4784
8.0,5.4755654,4784
8.0,2.501599,4784
8.0,5.768847,4784
8.0,3.8628917,4784
8.0,1.1637206,4784
7.8,3.2262533,4784
7.6,1.5329893,4784
7.6,2.8122635,4784
7.4,3.1053417,4784
7.4,-2.2176347,4784
7.4,0.32755443,4784
7.0,-1.439713,4784
6.8,0.61241734,4784
6.6,3.139856,4784
6.2,-4.690372,4784
6.87,-0.4837813,10618
9.48,1.4853758,14330
10.3,4.1276417,7821
10.05,4.1276426,7821
9.83,1.7567201,7821
9.74,-0.41007084,7821
9.7,6.0840473,7821
9.66,3.623017,7821
9.66,-1.9271212,7821
9.62,2.543857,7821
9.6,4.8803706,7821
9.59,3.929229,7821
9.54,6.8721933,7821
9.53,2.0274951,7821
9.49,0.58888984,7821
9.46,4.6598024,7821
9.46,4.456538,7821
9.42,7.854616,7821
9.42,3.4756837,7821
9.4,3.1528413,7821
9.38,6.1515727,7821
9.31,6.1763315,7821
9.26,1.2435075,7821
9.23,5.5081906,7821
9.22,-1.2590183,7821
9.21,6.5827565,7821
9.2,5.453278,7821
9.19,1.6966418,7821
9.14,6.3319974,7821
9.1,1.4190888,7821
9.09,1.5295657,7821
9.09,2.8735702,7821
9.09,4.1276426,7821
9.08,6.6161265,7821
9.07,4.6392546,7821
9.05,-1.3142254,7821
9.0,4.966622,7821
8.98,6.1065364,7821
8.97,-0.1395781,7821
8.97,-4.2204156,7821
8.97,2.5594966,7821
8.96,6.1065364,7821
8.96,3.8866084,7821
8.95,4.607962,7821
8.94,3.502245,7821
8.94,-1.7793106,7821
8.93,-0.76679397,7821
8.92,0.5042287,7821
8.92,1.6977458,7821
8.91,5.4652696,7821
8.89,5.609258,7821
8.85,3.0009706,7821
8.85,1.5507336,7821
8.85,0.72094774,7821
8.83,-3.1461232,7821
8.83,1.6584055,7821
8.83,5.413567,7821
8.82,-3.331881,7821
8.8,4.3015623,7821
8.8,6.106536,7821
8.78,3.281457,7821
8.78,2.8735688,7821
8.78,-1.9429364,7821
8.76,-1.1518629,7821
8.75,2.5365498,7821
8.74,4.584716,7821
8.72,-1.4621863,7821
8.72,4.997074,7821
8.72,3.7672822,7821
8.71,4.639254,7821
8.71,-1.2534766,7821
8.7,1.6472225,7821
8.69,5.612648,7821
8.69,-2.9153497,7821
8.6,2.7499382,7821
8.59,3.4918997,7821
8.57,-4.0242443,7821
8.55,1.6255417,7821
8.5,-3.7483354,7821
8.48,3.528416,7821
8.48,4.855618,7821
8.48,1.2342299,7821
8.47,-2.273681,7821
8.45,-3.1586094,7821
8.45,-1.1616144,7821
8.44,-2.9675217,7821
8.44,0.8992611,7821
8.43,2.7023609,7821
8.43,6.561755,7821
8.42,1.1268733,7821
8.41,2.476329,7821
8.41,1.6421568,7821
8.38,-3.4647486,7821
8.35,2.3581712,7821
8.32,-0.47117952,7821
8.32,3.950039,7821
8.29,0.39465538,7821
8.29,1.0777941,7821
8.27,3.9500387,7821
8.26,2.9882047,7821
8.26,3.950039,7821
8.25,3.2814567,7821
8.24,1.9677156,7821
8.24,2.5627484,7821
8.15,3.4514635,7821
8.13,0.39856416,7821
8.11,1.9786123,7821
8.1,0.63553226,7821
8.09,4.5870533,7821
8.08,3.3872416,7821
8.01,-2.1763368,7821
7.98,0.5301695,7821
7.92,1.1612777,7821
7.92,-1.6545479,7821
7.92,0.5202267,7821
7.91,3.6710713,7821
7.91,-0.62760425,7821
7.9,-0.18994303,7821
7.88,0.25973332,7821
7.87,3.2247987,7821
7.75,-1.5928423,7821
7.73,5.459464,7821
7.62,-1.9266971,7821
7.61,0.5301695,7821
7.61,0.6654178,7821
7.58,0.94766176,7821
7.58,-1.3595204,7821
7.57,2.1474633,7821
7.54,6.3720756,7821
7.54,-0.8570241,7821
7.52,0.5280739,7821
7.51,2.3581712,7821
7.51,0.81311786,7821
7.51,-1.5167875,7821
7.5,0.46033075,7821
7.49,-1.9266968,7821
7.49,-2.9955332,7821
7.4,2.7120974,7821
7.34,3.5183105,7821
7.34,0.6571584,7821
7.27,-0.2833911,7821
7.25,-3.9757938,7821
7.2,2.4880602,7821
7.19,-4.1595864,7821
7.19,-0.21814543,7821
7.14,-1.9266971,7821
7.12,0.3317452,7821
7.11,1.9786128,7821
7.04,0.46033102,7821
7.04,-0.48613593,7821
6.97,-2.4974341,7821
6.91,5.2862477,7821
6.91,1.3508154,7821
6.85,-1.2256763,7821
6.82,-1.9966085,7821
6.77,3.4599319,7821
6.76,-5.27359,7821
6.75,-1.2598059,7821
6.72,1.5844756,7821
6.7,1.847696,7821
6.69,3.2218494,7821
6.56,-3.6493795,7821
6.56,0.8458413,7821
6.5,-3.6493804,7821
6.48,-2.2660549,7821
6.45,-3.6493795,7821
6.45,-2.3768468,7821
6.45,0.7380568,7821
6.44,1.6869522,7821
6.41,1.8992192,7821
6.41,0.7679508,7821
6.34,0.7679503,7821
6.24,0.76795065,7821
6.11,4.8901925,7821
6.0,-5.4621053,7821
5.96,-0.51511014,7821
5.87,-2.132323,7821
5.65,3.4599319,7821
5.58,-0.29307345,7821
5.57,0.51567835,7821
5.32,-4.608573,7821
5.22,1.2197181,7821
4.91,-5.7767596,7821
8.52,-2.4836729,16633
8.3,-3.3180325,16633
8.3,-1.4885008,16633
8.22,0.45216268,16633
8.15,-2.2267337,16633
8.1,0.85814404,16633
7.96,-3.9087057,16633
7.92,-2.5584428,16633
7.89,-1.0803944,16633
7.82,-2.4796486,16633
7.77,-5.1796727,16633
7.75,-4.002947,16633
7.75,-2.5901165,16633
7.66,-4.4096556,16633
7.57,-3.1652193,16633
7.54,-4.002947,16633
7.51,-3.8567445,16633
7.47,-1.5629886,16633
7.46,-2.826556,16633
7.41,-6.8000226,16633
7.41,-2.2757688,16633
7.38,-2.7542424,16633
7.34,1.3400702,16633
7.34,-4.002947,16633
7.32,-3.4954138,16633
7.27,-6.349367,16633
7.27,-0.53734994,16633
7.22,-0.19069768,16633
7.11,-3.0998363,16633
7.08,-2.249142,16633
7.07,-2.0833383,16633
7.05,-5.2789855,16633
7.05,-3.3601098,16633
7.03,-2.527785,16633
7.0,-2.9658182,16633
6.96,-5.9014425,16633
6.89,-4.28995,16633
6.8,-7.1163697,16633
6.77,-3.3139772,16633
6.75,1.5659009,16633
6.7,-4.639203,16633
6.68,-1.6620499,16633
6.68,-3.5332234,16633
6.57,-4.1192703,16633
6.4,-2.7666469,16633
6.35,-5.6126657,16633
6.34,-2.3819685,16633
6.3,-4.0769606,16633
6.19,2.5943155,16633
6.17,-0.726431,16633
6.04,-3.0191321,16633
5.82,-2.2141988,16633
5.66,-3.4930265,16633
5.6,-3.363936,16633
5.43,-3.4249268,16633
5.38,1.8625493,16633
5.36,-2.3819683,16633
5.24,-3.4249265,16633
4.92,-3.8152742,16633
6.5,0.58402705,11017
6.84,0.0538187,14628
7.62,-0.6638824,13304
7.59,0.15704565,13304
7.54,-2.0015228,13304
7.53,-0.64302564,13304
7.53,0.5689392,13304
7.41,0.7604438,13304
7.39,1.4743514,13304
7.37,-1.0605766,13304
7.34,0.7297251,13304
7.32,-1.2167077,13304
7.29,3.5106046,13304
7.28,-0.023701187,13304
7.25,-0.080775276,13304
7.24,0.25927263,13304
7.19,-1.4678919,13304
7.19,0.46140185,13304
7.0,0.08407737,14805
8.41,2.164078,12527
8.35,2.6424303,12527
8.12,-0.1261157,12527
8.07,1.5158792,12527
7.87,0.122932,12527
7.82,0.41686717,12527
7.16,3.116627,5785
7.0,0.62371445,5785
6.7,3.8016098,5785
6.52,-1.9013948,5785
6.52,-0.9541929,5785
6.4,-3.0591676,5785
6.22,1.9999479,5785
6.16,2.9848137,5785
6.16,-2.3850658,5785
6.05,-0.12965497,5785
6.05,-1.9942503,5785
5.96,0.17674707,5785
5.85,-1.4084778,5785
5.82,1.0160398,5785
5.8,0.7796279,5785
5.72,1.8243678,5785
5.6,-1.3517946,5785
5.31,-0.9776739,5785
5.31,-0.13114971,5785
5.07,-0.13169394,5785
6.7,-5.3185825,661
6.62,-0.81274486,661
6.16,-2.9247754,661
6.87,-0.91939175,1554
6.65,-1.8520774,1554
6.49,-1.9010012,1554
6.35,-1.4997929,1554
6.33,-2.3494356,1554
6.01,-1.0719612,1087
7.66,0.38812944,9387
7.46,-0.19138364,9387
8.0,-1.0206592,6991
6.72,0.86626613,1546
6.69,1.336986,1546
6.47,2.8552618,1546
6.12,-0.46203992,1546
6.12,-2.7328563,1546
5.47,-0.97103393,1546
5.47,-2.4411788,1546
7.3,-1.9200852,923
7.3,-2.5786572,7415
6.9,-3.4694352,7415
6.89,-0.9903941,7415
6.85,-1.6442014,7415
8.82,3.0284095,11616
6.04,-0.10924181,16767
5.0,-3.3472173,7456
7.7,-0.18904167,15608
7.42,-1.373779,15608
7.3,1.117995,15608
6.62,-3.5451305,15608
6.55,-3.984532,15608
6.5,-3.4412827,15608
6.34,-3.4412825,15608
5.64,-3.4412827,15608
5.4,0.16404343,15608
5.39,-2.189459,15608
5.35,-0.38026237,15608
4.89,-1.4844668,15608
4.89,-2.5411167,15608
4.82,-3.6522913,15608
4.52,-4.0667033,15608
4.52,-3.2680616,15608
4.42,-4.587194,15608
4.41,-6.413698,15608
4.33,-5.186869,15608
8.15,-3.6513774,3334
7.47,1.5960797,3334
7.42,-2.3650577,3334
7.05,-2.9098275,3334
7.0,-4.582891,3334
6.89,-4.786647,3334
6.85,-3.7303054,3334
6.7,-5.151321,3334
6.66,-4.7309694,3334
6.22,-3.653015,3334
6.01,-4.9286985,3334
6.01,-5.3301954,3334
6.0,-2.3650572,3334
5.92,-3.0239694,3334
5.85,-6.9459844,3334
5.51,-4.217987,3334
4.96,-1.1944973,3334
4.62,-1.0980697,3334
4.51,-0.43916753,3334
8.74,2.5162168,9633
7.66,3.444776,829
7.56,-0.40607372,829
7.46,0.35348153,829
7.33,-4.6326823,829
7.32,1.6048985,829
7.17,0.66092086,829
7.09,0.37595236,829
6.89,-1.2381994,829
6.85,2.1869314,829
6.75,-2.715235,829
6.68,-0.4776231,829
6.17,-2.740753,829
6.15,-5.6517987,829
6.12,0.4529573,829
5.28,-4.610617,829
5.05,-4.678262,829
5.56,0.50715375,16865
8.19,1.1402377,6133
8.06,-2.2609859,6133
7.96,0.3878695,6133
7.92,-1.3161956,6133
7.89,-0.047593035,6133
7.77,-0.46313423,6133
7.62,-1.0346056,6133
7.47,1.5082184,6133
7.22,-2.550613,6133
7.16,0.7855847,6133
7.05,-2.4128428,6133
6.89,-1.4511076,6133
5.23,-0.7693372,6133
6.27,0.96070063,4331
8.4,-1.3334222,8964
7.46,3.1476603,8964
6.4,-2.106324,8964
6.06,-3.2646744,8964
5.72,-3.1325498,8964
5.11,-0.10305898,17608
8.38,0.34364748,12414
8.11,0.12910081,12414
7.89,-3.1500695,12414
7.72,-2.0689933,12414
7.51,-2.0689929,12414
7.38,-4.4738097,12414
7.25,-4.408069,12414
7.3,-0.34348696,16387
7.3,-0.023075357,16387
8.08,-0.1553925,14318
6.49,-3.7876105,12993
6.89,-1.086235,10958
6.55,-2.29059,10958
9.0,0.55178547,249
8.7,-0.23649603,249
8.52,1.2336814,249
8.52,0.6185895,249
8.52,-2.768151,249
8.4,0.05345401,249
8.4,-1.9910462,249
8.3,0.46545735,249
8.22,-0.30513373,249
8.15,-0.3517665,249
8.1,0.8742647,249
8.05,-2.3871596,249
8.0,-0.93132997,249
7.96,2.1352224,249
7.92,2.673761,249
7.82,-3.7569423,249
7.27,-4.4916654,249
7.17,-0.70224535,249
7.17,-0.215467,249
7.02,-1.2794924,249
6.94,-2.5948393,249
6.92,3.2933593,249
6.86,2.3399205,249
6.52,1.0223415,249
7.48,-1.3942199,10764
7.41,-0.3069075,16134
7.14,-1.3208189,16134
7.12,2.3333142,16134
7.19,0.25468838,5004
7.19,-0.89533544,5004
7.19,-2.1876218,5004
7.18,-2.6217682,5004
7.16,-1.1854224,5004
7.11,-1.4128205,5004
7.04,-1.7559491,5004
7.02,-1.3457918,5004
6.96,-1.2130721,5004
6.94,-1.3200172,5004
6.65,-3.6629386,5004
6.63,-5.2280054,5004
6.62,-2.209617,5004
6.49,1.8004487,5004
6.46,-3.7836015,5004
6.43,0.63441443,5004
6.3,-3.4433796,5004
6.28,-0.68795586,5004
6.26,-2.0166879,5004
6.18,-4.373393,5004
6.12,2.5371265,5004
6.09,-3.214793,5004
6.06,-2.8229601,5004
5.97,-3.051069,5004
5.94,-3.1032693,5004
5.92,2.8541794,5004
5.87,-3.366997,5004
5.83,0.5619651,5004
5.68,-3.927674,5004
5.64,-2.7390406,5004
5.6,-3.612068,5004
5.21,-2.203041,5004
5.04,-1.9271538,5004
4.9,-1.5481889,5004
4.9,-0.99184656,5004
4.66,0.22482796,5004
4.65,-2.0531263,5004
4.5,2.8512375,5004
4.5,3.01237,5004
4.5,-2.4397779,5004
6.17,0.7582352,13220
6.17,-0.19243336,13220
6.05,4.7556715,13220
5.7,2.6036396,13220
5.5,-1.1569035,13220
5.46,-1.3912996,13220
5.05,0.15865745,13220
4.94,1.3487508,13220
4.68,-2.393803,13220
4.61,-2.354324,13220
4.58,-0.28016952,13220
9.0,0.3500332,577
8.7,0.26703352,577
8.7,0.5782708,577
7.85,0.4787771,577
7.77,0.6263306,577
7.72,-0.83440506,577
7.62,-1.0454911,577
7.54,-2.7052734,577
7.51,-2.5125806,577
7.46,-1.2205936,577
7.44,-1.0702332,577
7.35,-0.038038783,577
7.33,-1.463762,577
7.26,-2.8859706,577
7.23,-2.4556959,577
7.23,-4.274195,577
7.13,-1.4855125,577
7.09,-0.29799646,577
7.08,-2.3156397,577
6.86,-1.5592248,577
6.8,-3.5489476,577
6.66,-1.9680806,577
6.61,-2.8117602,577
6.24,-2.2661269,577
5.98,-1.1027931,577
5.41,-0.48851606,577
8.7,0.59522915,1645
8.46,-0.2712786,1645
8.46,0.18657349,1645
8.39,0.2722514,1645
8.35,0.4851433,1645
8.33,-1.9010087,1645
8.31,-0.1989911,1645
8.24,1.0923642,1645
8.06,-0.18219317,1645
7.96,-0.86499166,1645
7.92,-1.5211217,1645
7.85,1.1668692,1645
7.82,0.7295331,1645
6.89,-3.1218555,3066
6.6,-6.8164954,3066
6.16,-3.0769343,3066
6.0,-0.7599777,3066
5.85,-2.045959,3066
5.58,-3.4702747,3066
5.22,-5.4046245,3066
9.3,-2.356897,11899
9.3,0.42685232,11899
9.3,-2.227318,11899
9.3,-0.0036022998,11899
9.3,-5.173628,11899
9.3,-0.45911023,11899
9.22,-1.8686144,11899
9.22,-3.2514255,11899
9.22,-1.0096272,11899
9.22,-0.42014828,11899
9.22,-3.7575028,11899
9.15,-3.2900035,11899
9.15,-4.0258703,11899
9.15,-3.965948,11899
9.0,1.0520864,11899
9.0,1.1506059,11899
9.0,-0.4201483,11899
9.0,-3.965948,11899
9.0,0.8952682,11899
9.0,-1.4415632,11899
9.0,-2.7291813,11899
8.85,-4.026736,11899
8.7,-4.827937,11899
8.7,-1.2272519,11899
8.7,-1.227252,11899
8.52,0.40014252,11899
8.52,-2.4430022,11899
8.49,-3.19477,11899
8.4,-0.3134841,11899
8.4,-4.6545253,11899
8.3,-3.186478,11899
8.15,-4.0790186,11899
8.0,-5.099801,11899
7.8,-1.9099363,11899
7.7,0.37888595,11899
7.52,-2.314047,11899
7.3,0.9055289,11899
6.32,-3.0028102,11899
6.28,-3.186478,11899
5.45,-2.4169555,3119
5.33,-1.8376147,3119
5.26,-4.6373706,3119
5.12,-4.332301,3119
5.05,-4.8885827,3119
5.04,-2.7020714,3119
4.92,-3.1568108,3119
4.71,-3.7878785,3119
6.52,-2.5136812,2851
6.52,-0.673815,2851
6.52,-4.531754,2851
6.3,-5.273618,2851
6.22,-9.218115,2851
6.22,-4.0924883,2851
6.22,-5.048118,2851
6.1,-3.824691,2851
6.05,-6.2167273,2851
6.05,-3.7288148,2851
6.05,-4.93793,2851
6.0,-5.854847,2851
6.0,-3.6079843,2851
5.96,-6.020592,2851
5.96,1.0124452,2851
5.96,-4.3973985,2851
5.92,-3.3116076,2851
5.92,-2.75397,2851
5.89,-5.399075,2851
5.85,-2.6289096,2851
5.8,-3.33856,2851
5.75,-7.6637053,2851
5.7,-5.4551373,2851
5.7,-4.8602686,2851
5.7,-4.8750205,2851
5.68,-6.07894,2851
5.68,-3.6974447,2851
5.55,-5.5651197,2851
5.39,-1.425866,2851
5.34,-3.5335655,2851
5.16,-7.3888955,2851
7.21,0.058213133,13602
7.89,0.8470528,6766
7.7,1.3968523,11304
5.4,-6.0124717,11304
5.1,-4.6664124,11304
8.7,0.027610354,6307
7.85,-2.392872,2716
7.31,0.6432828,2716
7.1,1.2083004,11345
6.06,-0.34713635,11345
4.62,-2.5583844,11345
6.0,-3.4650831,2886
5.0,-0.7806603,2886
9.7,-2.8352735,7643
9.4,1.0673043,7643
9.35,-0.7590426,7643
9.3,-0.3759603,7643
9.26,-0.45933336,7643
9.24,1.3685372,7643
9.22,1.9750278,7643
9.22,-0.9797244,7643
9.22,-0.7454723,7643
9.22,-4.1085544,7643
9.15,0.7084849,7643
9.15,1.0063936,7643
9.15,-2.1109762,7643
9.1,-3.8450193,7643
9.05,-0.9292369,7643
9.05,5.53054,7643
9.05,-0.4018841,7643
9.02,1.069065,7643
9.02,-1.4186656,7643
9.02,-5.6312814,7643
9.0,-0.8784659,7643
8.98,2.6522245,7643
8.96,-0.2955723,7643
8.96,0.032637022,7643
8.96,-0.18484971,7643
8.96,-3.4999316,7643
8.96,0.12824708,7643
8.94,-2.095042,7643
8.93,2.6391377,7643
8.92,-4.752398,7643
8.92,1.6522903,7643
8.89,-0.30788052,7643
8.89,-1.9283841,7643
8.89,-0.62575376,7643
8.89,0.9412172,7643
8.89,0.9412173,7643
8.85,-1.0735782,7643
8.85,4.457528,7643
8.82,1.2058215,7643
8.82,-0.2657017,7643
8.82,1.7775049,7643
8.82,-0.41534224,7643
8.81,0.503231,7643
8.8,-3.5999923,7643
8.78,-2.6930368,7643
8.77,-2.6815295,7643
8.77,-2.8040273,7643
8.75,-2.4767385,7643
8.74,-0.30561262,7643
8.74,-0.6338688,7643
8.72,-2.074008,7643
8.71,0.52191234,7643
8.71,5.7478943,7643
8.68,-0.02370774,7643
8.68,-0.14418769,7643
8.68,-2.2270975,7643
8.68,-2.636373,7643
8.68,0.06274557,7643
8.67,-1.4747794,7643
8.66,-5.05791,7643
8.66,-1.6654825,7643
8.66,1.7352546,7643
8.65,-0.12737119,7643
8.65,-3.8687963,7643
8.64,1.4414091,7643
8.62,1.7352546,7643
8.62,-1.0981146,7643
8.6,0.88637364,7643
8.6,-1.2493646,7643
8.6,-0.93211794,7643
8.59,0.15494166,7643
8.55,-0.023707561,7643
8.55,-5.0579095,7643
8.55,0.42185396,7643
8.54,-1.7945987,7643
8.53,2.9630992,7643
8.52,-2.7579687,7643
8.52,-1.5336576,7643
8.51,-2.1679022,7643
8.49,1.5443616,7643
8.49,-1.7945986,7643
8.48,2.7071543,7643
8.48,-0.28500596,7643
8.46,-1.6293288,7643
8.44,-2.3790445,7643
8.44,-6.53968,7643
8.44,-1.028622,7643
8.41,1.3044842,7643
8.41,-0.90217185,7643
8.38,-3.3511667,7643
8.38,-1.7863934,7643
8.37,-0.028544046,7643
8.35,-1.2412035,7643
8.34,-0.93211794,7643
8.33,-4.988986,7643
8.33,-0.2087574,7643
8.33,-1.5988747,7643
8.32,-4.2953744,7643
8.3,0.87151337,7643
8.29,-0.75012684,7643
8.29,-1.5096965,7643
8.28,0.44933963,7643
8.28,2.1651986,7643
8.27,-0.8335948,7643
8.27,-1.0339973,7643
8.24,-0.38722682,7643
8.24,-0.2759123,7643
8.21,0.14474183,7643
8.21,-0.27591258,7643
8.21,-0.30454922,7643
8.19,-1.7945987,7643
8.18,-4.2831955,7643
8.17,-1.7062315,7643
8.17,0.35771182,7643
8.16,-1.4992876,7643
8.16,-1.4409742,7643
8.13,-2.1680012,7643
8.13,0.035702772,7643
8.13,-2.561905,7643
8.11,0.17441583,7643
8.1,-0.27591258,7643
8.1,-2.6815295,7643
8.07,-2.3582857,7643
8.07,1.427276,7643
8.07,0.68550634,7643
8.06,-3.324335,7643
8.06,-1.2930036,7643
8.05,3.511152,7643
8.05,0.86744666,7643
8.05,1.6818887,7643
8.03,-1.9085771,7643
8.03,-2.116554,7643
8.03,-2.1064084,7643
8.0,-0.8239819,7643
8.0,-3.1612227,7643
7.98,-2.4181447,7643
7.98,-1.3641872,7643
7.97,1.9710963,7643
7.97,-1.2400868,7643
7.95,-2.6328964,7643
7.95,0.15805,7643
7.94,-0.8396889,7643
7.93,-1.1846962,7643
7.91,-2.5784938,7643
7.91,-0.07834411,7643
7.91,-0.32424173,7643
7.9,1.666439,7643
7.9,0.6790674,7643
7.9,2.5604374,7643
7.89,-3.0392592,7643
7.89,1.359993,7643
7.84,0.5730734,7643
7.82,-1.0028687,7643
7.82,-0.11734393,7643
7.81,0.73208284,7643
7.8,-2.0797179,7643
7.8,-2.6440115,7643
7.79,-2.9553788,7643
7.79,-0.07834423,7643
7.79,-2.1032863,7643
7.78,2.586614,7643
7.77,-1.6956019,7643
7.77,2.8791432,7643
7.77,0.78511405,7643
7.74,-3.162827,7643
7.71,-2.0998685,7643
7.68,-0.8861623,7643
7.66,-2.9169466,7643
7.65,0.7458502,7643
7.64,-2.0797179,7643
7.62,-3.6169832,7643
7.59,-0.79350066,7643
7.59,-0.8715944,7643
7.58,-1.7134849,7643
7.58,-1.0028685,7643
7.57,-0.07834408,7643
7.57,-5.3670526,7643
7.54,-1.8717319,7643
7.52,1.7035835,7643
7.51,-1.0998497,7643
7.51,0.14317663,7643
7.49,-0.28769898,7643
7.48,2.7025483,7643
7.48,-0.5238036,7643
7.47,1.5870553,7643
7.46,2.824823,7643
7.46,2.1289485,7643
7.43,1.2369715,7643
7.43,1.2369715,7643
7.42,0.47711834,7643
7.42,-2.011728,7643
7.42,2.4917433,7643
7.35,0.16555178,7643
7.35,0.3835329,7643
7.35,-1.7979393,7643
7.32,-2.2264957,7643
7.31,1.3633512,7643
7.31,-2.1568735,7643
7.28,6.1264677,7643
7.24,-2.4265044,7643
7.22,-0.767874,7643
7.21,-3.0511398,7643
7.16,-3.0235941,7643
7.14,0.22174874,7643
7.13,2.491743,7643
7.12,-2.0926564,7643
7.12,-2.8863738,7643
7.08,-5.0482516,7643
7.08,-2.0797179,7643
7.06,-2.0797179,7643
7.05,0.1461383,7643
6.96,-1.8639351,7643
6.88,2.021015,7643
6.86,1.5870552,7643
6.85,-2.0797179,7643
6.74,-0.5238036,7643
6.73,-0.5999427,7643
6.67,3.5169978,7643
6.66,-0.87646747,7643
6.62,-0.36836728,7643
6.62,0.4401792,7643
6.46,-0.12000859,7643
6.36,-1.1480621,7643
6.33,1.056136,7643
6.25,-0.047232136,7643
6.11,0.25497782,7643
6.1,0.14881837,7643
5.99,1.7389733,7643
5.92,0.6347213,7643
5.59,1.789375,7643
7.22,-3.2402983,16441
7.09,-4.2576466,16441
7.05,-2.299802,16441
7.04,-3.9715083,16441
6.99,-4.5466843,16441
6.98,-7.239575,16441
6.94,-4.9785724,16441
6.94,-2.2998025,16441
6.92,-3.322076,16441
6.83,-0.4986864,16441
6.78,-3.5451593,16441
6.67,-1.4522442,16441
6.66,-6.0968547,16441
6.66,-3.9286594,16441
6.65,-3.0044925,16441
6.64,-3.3220756,16441
6.62,-2.4741764,16441
6.61,0.5833901,16441
6.58,2.6532438,16441
6.48,-1.8752817,16441
6.46,-2.1130424,16441
6.29,-3.4407256,16441
6.29,-3.7797847,16441
6.28,-5.083064,16441
6.26,-5.0830646,16441
6.22,-5.974658,16441
6.11,-6.096854,16441
6.05,-4.4960537,16441
6.01,-1.9490271,16441
5.98,-1.1446602,16441
5.98,-5.581041,16441
5.96,-6.337846,16441
5.96,-1.2976034,16441
5.91,-3.249771,16441
5.89,-6.1287622,16441
5.87,-2.9526026,16441
5.87,-1.6623111,16441
5.86,-8.762283,16441
5.78,-4.341096,16441
5.78,-5.2624145,16441
5.74,-3.8437505,16441
5.71,-4.3255453,16441
5.67,-1.731035,16441
5.64,-2.3663867,16441
5.55,-2.850452,16441
5.48,-4.152682,16441
5.48,-2.4660943,16441
5.47,-2.9898133,16441
5.46,-6.2294374,16441
5.46,-2.1221817,16441
5.42,-6.038744,16441
5.35,-3.5470698,16441
5.24,-2.9780693,16441
5.2,-6.465571,16441
9.0,1.5793867,7234
8.7,1.5793867,7234
8.66,1.6659813,7234
8.62,1.7027525,7234
8.51,1.5793867,7234
8.42,3.0923553,7234
8.4,0.15546429,7234
8.19,2.2408936,7234
8.15,-0.1584694,7234
8.07,2.2408938,7234
8.03,0.31093794,7234
7.6,2.0189414,7234
7.38,1.2213335,7234
5.08,-3.152923,16735
6.26,0.21203713,12599
7.66,2.8584132,866
7.64,2.2346926,866
7.41,1.9917401,866
7.38,3.183464,866
7.38,-0.9523115,866
7.35,0.5866833,866
7.28,1.1118788,866
7.24,4.6751113,866
7.23,0.19618784,866
7.21,0.25721315,866
7.16,4.0295753,866
7.03,1.5992541,866
6.95,1.3850653,866
6.9,-0.26176354,866
6.89,2.9956658,866
6.71,-0.2923911,866
6.69,0.9147943,866
6.64,-0.3281402,866
6.6,1.4758724,866
6.44,3.4086144,866
6.42,-1.9671197,866
6.38,2.3512905,866
6.3,2.8800828,866
6.29,1.0986843,866
6.24,1.0591567,866
6.2,0.04791262,866
6.1,2.2938237,866
6.01,2.4373512,866
5.9,2.1571724,866
5.77,-3.3088071,866
5.67,-1.2051959,866
5.61,-1.4051179,866
5.55,-1.2077434,866
5.47,-3.1760654,866
5.42,-0.28705072,866
5.29,-2.6800277,866
5.26,-4.009574,866
5.25,-2.2953544,866
5.25,2.2493804,866
5.24,1.5269967,866
5.21,0.033985354,866
5.17,-0.052844092,866
5.09,-0.34912103,866
8.52,-0.56653523,4635
7.85,-0.86367226,4635
7.82,0.08068181,4635
7.6,-3.0275552,4635
7.42,-1.2105851,4635
7.4,-2.899808,4635
7.12,-3.9973128,4635
6.96,-4.3109365,4635
6.5,3.8561623,2689
6.4,2.3466978,2689
6.0,1.5701419,2689
5.89,2.346698,2689
5.89,0.21793446,2689
5.89,-0.36461022,2689
5.8,-0.14679235,2689
5.8,-2.3429263,2689
5.8,-2.4102573,2689
5.8,3.0894048,2689
5.8,0.45057055,2689
5.6,0.8016789,2689
5.6,-3.2895367,2689
5.5,2.3466978,2689
5.5,-0.16019404,2689
5.5,-1.3425833,2689
5.4,-1.531253,2689
5.3,-2.7906098,2689
5.2,-3.8094497,2689
5.1,-1.366611,2689
5.0,-2.3556476,2689
7.77,2.8899434,4875
7.85,-2.7639675,6757
8.1,-2.6374786,15704
7.7,1.4156466,15704
7.47,-3.0713603,15704
7.2,-2.491971,15704
7.14,-1.2592999,15704
6.92,-1.1753037,15704
6.68,-0.76001763,15704
6.64,-3.907453,15704
6.51,-2.0556228,15704
6.48,-2.1290488,15704
6.38,0.7408917,15704
6.38,-1.9373215,15704
6.3,-2.4215398,15704
6.08,-2.350355,15704
6.07,-3.3485672,15704
6.07,-1.5735093,15704
5.82,-2.0537977,15704
5.8,-1.6153998,15704
5.42,-4.7319984,15704
5.23,-1.6553814,15704
4.77,-1.2507813,15704
4.6,-2.5920396,15704
6.3,-3.382189,3834
5.8,1.0663251,3834
5.64,-5.641417,3834
5.58,-4.453064,3834
5.54,-5.958594,3834
9.0,3.610985,13700
8.4,0.5044285,13700
8.4,3.1269872,13700
8.3,-4.816648,13700
8.3,-2.4745002,13700
8.3,-0.9674946,13700
8.1,-2.4219785,13700
8.05,1.4713669,13700
8.0,-1.4312227,13700
8.0,-0.5782589,13700
8.0,1.0519404,13700
7.96,4.935903,13700
7.96,-1.3946252,13700
7.96,-1.3123822,13700
7.96,-0.84916174,13700
7.85,-3.3241897,13700
7.82,-0.5782585,13700
7.75,0.26895475,13700
7.72,-1.3123822,13700
7.47,2.7751987,13700
7.44,-2.083058,13700
7.39,-0.82278264,13700
7.28,-0.5184109,13700
7.24,2.482544,13700
7.22,-0.41047287,13700
7.17,-1.986352,13700
7.1,-3.3533776,13700
6.96,-1.8106222,13700
6.92,-1.9841034,13700
6.89,-3.0286071,13700
6.66,1.079073,13700
6.47,-4.9094048,13700
6.41,-3.0124838,13700
6.32,-1.2569263,13700
6.15,-0.6904036,13700
6.1,-0.94823396,13700
6.07,1.6660298,13700
6.04,-3.2334125,13700
6.0,-1.2995442,13700
5.85,-3.7922537,13700
5.82,-4.050676,13700
5.77,-2.7978368,13700
5.55,-1.2741679,13700
5.33,1.6427624,13700
5.27,-1.1705133,13700
5.25,-3.8690739,13700
8.6,0.12740648,12457
8.37,1.5454237,12457
8.25,-0.117942974,12457
8.11,2.489368,12457
8.1,1.8626124,12457
8.06,-0.43730354,12457
7.83,3.0842817,12457
7.66,4.642853,12457
7.58,2.6144433,12457
7.52,-0.23643744,12457
9.52,0.88491476,14404
7.24,-6.298617,14404
7.0,-0.100961,14404
6.74,0.7394023,14404
6.64,1.9536668,14404
5.7,-3.1991773,14404
9.7,3.1772592,2008
7.82,-0.3444685,16431
7.72,1.341816,16431
7.72,1.0646367,16431
7.66,1.7170701,16431
7.48,0.4003833,16431
7.37,-2.6533737,16431
7.3,1.3419482,16431
7.08,-1.2721555,16431
6.74,1.906196,16431
6.7,-1.0659661,16431
6.44,-2.044699,16431
6.24,-2.712897,16431
6.09,0.000598982,16431
5.61,-2.2600532,1128
8.3,-2.529618,13235
8.3,-1.5805956,13235
8.3,-4.094433,13235
8.3,-3.588115,13235
8.22,-4.094433,13235
7.89,0.18097246,13235
7.75,-5.77157,13235
7.68,3.3986266,13235
7.58,-1.2398334,13235
7.51,0.20517763,13235
7.51,3.2395935,13235
7.1,-3.3981435,13235
6.96,-4.094433,13235
6.95,-2.336895,13235
6.94,-4.094433,13235
6.92,0.83216083,13235
9.05,-0.7459229,3109
8.96,1.5015367,3109
8.89,-2.4080908,3109
8.82,-2.9047163,3109
8.51,-2.7763212,3109
8.25,-1.3277688,3109
8.1,-3.9134011,3109
7.33,-7.4252534,3109
6.87,-4.935565,3109
6.71,-6.226603,3109
5.85,-6.890705,3109
5.67,-9.522583,3109
5.67,-6.0303802,3109
5.54,-3.3103735,3109
5.42,-0.33309633,4603
7.05,-0.6310129,13468
5.03,-1.105563,5465
8.3,2.3762403,1572
8.05,2.84305,1572
7.82,0.41523832,1572
7.8,0.5938684,1572
7.6,2.8874822,1572
7.32,-1.0624554,1572
7.05,-2.402589,8899
5.64,-3.792156,16563
6.44,1.4877311,6734
5.47,-4.2555475,153
7.3,-1.1359121,15461
6.77,-1.1359121,15461
4.43,-1.1359121,15461
4.41,-1.1359121,15461
7.52,-1.5650152,15578
4.52,-1.8173156,3628
4.52,-3.938924,3628
4.52,-1.3364562,3628
4.52,-3.63805,3628
4.52,-5.3479404,3628
7.5,-2.6779616,8958
6.4,-2.5736651,8958
5.6,-3.1941776,8958
5.1,0.9822066,8958
5.1,-1.6728201,8958
4.8,-1.1643329,8958
4.7,1.9084014,8958
10.0,0.2311526,10814
9.0,-2.1627183,17291
8.7,-1.3434782,17291
8.7,1.5809914,17291
8.7,0.3565789,17291
8.7,0.9613209,17291
8.7,-0.34845737,17291
8.7,-0.649999,17291
8.7,0.85712576,17291
8.52,-0.5919925,17291
8.4,-2.303065,17291
8.4,-2.5679893,17291
8.3,0.67261696,17291
8.15,1.7124991,17291
8.15,3.1921961,17291
8.0,-1.8813403,17291
7.55,-1.6537565,17291
6.75,-0.96535325,17291
6.36,-1.8238938,17291
9.0,2.7421384,7000
4.89,-3.3317688,10355
8.09,0.23174223,12173
7.99,0.7542529,12173
7.97,0.9605186,12173
6.93,-1.2677078,1469
6.55,-1.8151405,1469
6.36,0.48163307,1469
6.2,-2.367325,1469
6.15,-3.4710002,1469
6.06,-2.397856,1469
5.97,-0.57309306,1469
5.89,-1.140862,1469
5.83,-2.9372265,1469
5.36,-2.3479462,1469
5.3,-0.21306185,1469
5.3,-0.8450564,1469
5.25,-1.6169401,1469
5.08,-3.3464,1469
4.58,-2.7749422,1469
4.42,-3.286651,1469
5.32,-3.8894641,8122
5.28,-1.5353659,8122
5.07,-3.0599473,8122
5.03,-3.542803,8122
5.0,-3.2588918,8122
5.0,-5.1631675,8122
4.98,-3.9217572,8122
4.97,-1.9727751,8122
4.93,-1.3336074,8122
4.91,-0.15981658,8122
4.82,-0.6685045,8122
4.72,-1.2147002,8122
4.72,-5.6587653,8122
7.68,2.3188999,11318
6.88,-0.20113856,11318
6.86,3.4895968,11318
5.67,-2.8287294,11318
5.26,-5.2842135,11318
5.24,0.10825145,11318
4.89,-1.6549151,11318
5.5,-0.6371883,17742
7.75,0.24462977,16037
6.62,-1.8667771,16037
6.44,-1.6771753,16037
6.16,-0.15948232,16037
6.1,-3.5776556,16037
5.85,-0.39658228,16037
5.51,2.0238976,16037
8.22,0.40794462,13215
9.66,0.5225769,11973
9.55,1.4061288,11973
8.92,-0.3605287,11973
8.89,0.5019654,11973
8.85,1.7735032,11973
8.82,0.23297912,11973
8.66,2.205077,11973
8.59,2.6001925,11973
8.59,1.8336188,11973
8.4,0.23013648,11973
8.4,1.4767394,11973
8.29,2.5496721,11973
8.14,2.711839,11973
8.03,0.7581481,11973
8.0,1.9509519,11973
7.85,3.1931028,11973
7.82,1.2071068,11973
7.8,3.528316,11973
7.7,1.576846,11973
7.58,-1.3090174,11973
7.54,2.323028,11973
6.96,0.21310143,11973
6.14,1.2739363,11973
6.11,-1.8667115,12469
6.0,-4.9085374,12469
5.94,-4.2189846,12469
5.92,-2.9078147,12469
5.88,-2.5982876,12469
5.84,-2.2920482,12469
5.74,1.2337718,4125
6.7,-0.53916454,12611
7.12,-3.5890572,3486
6.06,0.6427326,10794
7.0,-6.344305,6466
7.0,-3.2178357,6466
7.0,-3.217836,6466
7.0,-3.337176,6466
7.0,-2.4055996,6466
7.0,5.0275126,6466
7.0,-2.5630183,6466
7.0,-4.5759406,6466
7.0,-3.3211973,6466
7.0,-5.736307,6466
7.0,-3.7014291,6466
7.0,-3.6074677,6466
7.0,-2.565723,6466
7.0,0.580902,6466
7.0,0.3315286,6466
7.0,-4.2204704,6466
7.0,-3.0217235,6466
7.0,0.22890288,6466
7.0,-3.7864182,6466
7.0,-4.1301956,6466
7.0,-1.6779748,6466
7.0,-5.2580314,6466
7.0,-6.123732,6466
7.0,-2.8520658,6466
7.0,-1.9949286,6466
7.0,-6.3287783,6466
7.0,-3.8234768,6466
7.0,-5.7120624,6466
7.0,-4.562817,6466
7.0,-7.230088,6466
7.0,-7.122258,6466
7.0,-5.94929,6466
7.0,-2.6635165,6466
7.0,-2.6472225,6466
7.0,-1.0541122,6466
7.0,0.06172286,6466
7.0,0.8368151,6466
7.0,-1.3118056,6466
7.0,-1.2416416,6466
7.0,-1.2416413,6466
7.0,-2.4267588,6466
7.0,-2.886526,6466
7.0,-1.4958445,6466
7.0,-1.2331094,6466
7.0,-2.832019,6466
7.0,-4.437863,6466
7.0,-4.0357094,6466
7.0,-2.4137137,6466
7.0,-1.7455469,6466
6.0,-3.647191,6466
6.0,-0.7705836,6466
6.0,-2.0111415,6466
6.0,0.96645606,6466
6.0,-3.647191,6466
6.0,-1.2053503,6466
6.0,0.6762135,6466
6.0,-2.2043388,6466
6.0,-2.204339,6466
6.0,-2.1369364,6466
6.0,-2.4858472,6466
6.0,-1.0541129,6466
6.0,-1.7992135,6466
6.0,-3.366618,6466
6.0,-2.529066,6466
6.0,-3.7090254,6466
6.0,-0.2629799,6466
6.0,-3.7090256,6466
6.0,-0.9524747,6466
6.0,-3.3211973,6466
6.0,0.30805978,6466
6.0,-6.011219,6466
6.0,-2.0746925,6466
6.0,-4.197707,6466
6.0,-1.750586,6466
6.0,-0.57870483,6466
6.0,-0.06715728,6466
6.0,5.027513,6466
6.0,-4.236757,6466
6.0,-6.3311763,6466
6.0,0.14670925,6466
6.0,-1.7496718,6466
6.0,-2.4850802,6466
6.0,-0.1268535,6466
6.0,-1.7859528,6466
6.0,0.018173516,6466
6.0,-1.7496715,6466
6.0,-0.7330023,6466
6.0,-2.84943,6466
6.0,-0.3498296,6466
6.0,-0.3263463,6466
6.0,0.93283725,6466
6.0,-1.1926047,6466
6.0,0.17004636,6466
6.0,-0.39858297,6466
6.0,-3.50425,6466
6.0,-2.4489114,6466
6.0,-6.396611,6466
6.0,-6.3966107,6466
6.0,-5.581656,6466
6.0,-5.581656,6466
6.0,-6.3485007,6466
6.0,-5.3169594,6466
6.0,-7.122258,6466
6.0,-1.8258233,6466
6.0,-1.8258233,6466
6.0,-2.9755666,6466
6.0,-2.9755669,6466
6.0,-2.6635168,6466
6.0,-1.9063485,6466
6.0,-2.84943,6466
6.0,0.3315286,6466
6.0,-0.10305993,6466
6.0,-0.8367932,6466
6.0,-4.84527,6466
6.0,-1.4532242,6466
6.0,-4.2043033,6466
6.0,1.333328,6466
6.0,-3.4256008,6466
6.0,-4.726669,6466
6.0,-1.9086945,6466
6.0,-1.4532238,6466
6.0,-4.232995,6466
6.0,-2.923009,6466
6.0,-4.176833,6466
6.0,-1.4842739,6466
6.0,-1.906349,6466
6.0,-3.5636194,6466
6.0,1.0450628,6466
5.0,-0.33462748,6466
5.0,-4.049846,6466
5.0,-0.3346276,6466
5.0,-4.0498466,6466
5.0,-1.6910757,6466
5.0,-5.5133305,6466
5.0,-6.9699397,6466
5.0,-1.7505864,6466
5.0,-4.596786,6466
5.0,-4.2830567,6466
5.0,-4.965079,6466
5.0,-4.891942,6466
5.0,-4.074063,6466
5.0,-4.113185,6466
5.0,-6.191127,6466
5.0,-3.0326817,6466
5.0,-1.9470888,6466
5.0,-1.8153797,6466
5.0,-2.3012383,6466
5.0,-6.467847,6466
5.0,-2.2124698,6466
5.0,-1.5950477,6466
5.0,1.0450629,6466
5.0,-4.1156697,6466
5.0,-4.1702156,6466
5.0,-5.3169594,6466
5.0,-6.191127,6466
5.0,-2.8358133,6466
5.0,-3.7380989,6466
5.0,-3.563619,6466
5.0,-3.722632,6466
5.0,-6.39995,6466
5.0,-3.7380989,6466
5.0,-1.3643607,6466
5.0,-4.65901,6466
5.0,-0.10305993,6466
5.0,-1.1376163,6466
5.0,0.27017686,6466
5.0,-6.0206666,6466
5.0,-6.0206666,6466
5.0,-1.7859521,6466
5.0,-2.4850802,6466
5.0,-2.082583,6466
5.0,0.2701763,6466
5.0,-1.3643599,6466
5.0,-4.8121896,6466
5.0,-2.5808322,6466
5.0,-1.1167073,6466
5.0,-3.596112,6466
5.0,-4.2956843,6466
5.0,0.14670864,6466
5.0,0.13163011,6466
5.0,-2.1369364,6466
5.0,-2.6472225,6466
5.0,-2.011142,6466
6.7,0.8861939,5780
6.64,-0.63475525,5780
6.61,1.8930947,2789
8.0,1.959698,2274
7.16,0.8611468,2274
6.77,0.3474821,2274
6.75,-1.1532053,2274
6.55,-2.0073164,2274
6.48,0.76274025,2274
6.44,-0.40875256,2274
6.38,-0.2743931,2274
6.32,-1.6482428,2274
6.27,0.36811247,2274
6.22,0.94762456,2274
6.22,1.0112498,2274
6.14,0.5359205,2274
6.14,0.80804527,2274
6.03,-0.103932925,2274
5.92,0.3645807,2274
5.82,0.5043454,2274
5.74,-0.097085506,2274
5.7,-0.5413041,2274
5.65,1.6375515,2274
5.49,-1.275576,2274
5.47,-0.4644449,2274
5.43,1.1446635,2274
5.33,2.6858335,2274
4.98,-0.9181118,2274
4.85,0.6145892,2274
7.16,1.6421502,3434
5.85,-0.8949255,17598
5.72,-1.6612374,17598
5.42,-1.6786193,17598
4.28,-0.75906885,17103
5.43,-0.26757145,15446
7.77,-1.3323494,3613
6.43,0.24653605,14749
5.8,-1.3452466,14749
8.97,1.1306576,4489
8.39,0.30862358,4489
8.34,-1.3369157,4489
8.28,-0.99583066,4489
7.89,-0.2391412,4489
7.89,0.45556206,4489
7.84,1.0191005,4489
7.78,-1.5589111,4489
7.76,-1.1043223,4489
7.75,0.27132204,4489
7.62,-0.849862,4489
7.62,-0.6222193,4489
7.48,0.6155163,4489
7.39,1.1213571,4489
7.16,0.27283728,4489
7.15,-1.7028131,4489
7.09,1.504763,4489
6.89,1.2037475,4489
6.89,-1.4181302,4489
6.75,0.7244891,4489
5.96,-2.1499987,2562
5.85,-4.285162,2562
5.77,-3.950477,2562
5.64,-3.6234305,2562
5.51,-3.1988957,2562
5.36,-4.585536,2562
5.32,-4.608959,2562
5.24,-4.1336284,2562
5.21,-5.1089916,2562
5.2,-3.055565,2562
5.2,-1.293254,2562
5.18,-4.2409134,2562
5.17,-0.6840564,2562
5.03,-2.0244927,2562
5.01,-2.1019976,2562
4.99,-5.702606,2562
4.98,-3.4896147,2562
4.96,-1.2887446,2562
4.91,-1.9009995,2562
8.15,1.3004658,14355
7.6,2.0907679,14355
7.47,-1.3986418,14355
7.3,0.78422785,14355
6.97,-0.30031952,14355
6.92,-0.8669182,14355
6.72,-0.064769164,14355
6.44,3.9317603,14355
6.31,1.6529442,14355
6.26,3.4472656,14355
5.35,-2.7081547,14170
7.75,-0.3862862,11565
7.7,-3.8203259,11565
7.57,0.16181883,11565
7.57,-2.436624,11565
7.23,-3.554957,11565
7.22,-1.3213584,11565
7.16,-1.8897945,11565
6.83,-3.2580302,11565
6.8,-4.0736437,11565
6.6,-2.7992158,11565
6.51,-2.9859133,11565
6.5,-2.2267768,11565
6.18,-1.1316435,11565
6.16,-2.1079931,11565
5.07,-1.1694143,9105
9.15,2.7032807,8815
8.21,-1.070448,8815
8.2,2.6404243,8815
8.07,1.0239636,8815
7.88,2.7252061,8815
7.84,3.5721169,8815
7.73,2.9123774,8815
7.67,3.0389655,8815
7.66,2.3961227,8815
7.46,2.153308,8815
7.36,-1.491114,8815
9.1,-0.40489668,14417
6.7,-1.382966,15915
5.8,-3.6737962,15915
7.56,-1.4496385,918
4.58,-1.0821301,1118
7.3,0.37293193,1542
6.96,-2.6209552,8224
6.93,-1.8671474,8224
6.74,-1.670838,8224
6.47,-4.348375,8224
6.28,-2.687144,8224
6.05,-3.436941,8224
5.96,-4.201322,8224
5.75,-3.2253602,8224
5.71,-2.5383737,8224
5.66,-2.1616764,8224
5.62,-3.520217,8224
5.46,-1.1900741,8224
5.39,-2.0441327,8224
5.19,-2.248068,8224
5.0,-4.153301,8224
5.0,-2.6064568,8224
4.99,-2.7444558,8224
7.1,0.65431917,17596
6.68,-1.51211,17596
6.43,-2.2158718,17596
6.55,-4.172359,8784
6.41,-1.7991288,8784
6.27,-4.4267893,8784
6.15,-0.63361204,8784
6.04,-1.089651,8784
5.66,-3.7197556,8784
5.54,-2.8957524,8784
5.44,-2.3382795,8784
5.24,-4.9146543,8784
5.17,-3.81724,8784
5.04,-2.9859905,8784
4.96,-2.3726761,8784
4.89,-2.6030445,8784
4.89,-0.780841,8784
4.24,-5.125899,8784
6.96,-0.8333477,5924
7.7,3.6016698,530
7.21,-6.1149507,530
7.17,2.0945044,530
6.77,-1.3090363,530
6.08,-0.7634064,530
5.46,-6.345634,530
4.85,-6.842605,530
4.41,-2.0607047,240
4.37,-6.9762406,240
5.3,-3.613917,9859
9.0,0.56941533,7580
7.82,-4.857314,3518
7.68,0.16389027,3518
7.66,0.6190256,3518
7.66,0.32263938,3518
7.44,1.6362705,3518
7.4,1.178136,3518
7.24,-0.39896497,3518
7.23,-0.6014242,3518
7.17,4.0717444,3518
6.95,-0.88532615,3518
6.94,2.0095725,3518
6.78,1.1056701,3518
6.7,-1.1719114,3518
5.31,-3.1696084,3518
5.49,-1.8618927,15855
9.15,4.259837,6856
8.7,-3.4199338,6856
7.11,-0.6220839,6856
6.04,-1.2307763,14101
6.57,-5.604799,17192
6.55,-3.7951279,17192
6.16,-3.024628,424
8.04,0.63737464,14018
5.52,-2.4839365,12520
5.85,-3.01175,3821
5.22,-5.1039324,3821
4.92,-8.309656,3821
4.7,-6.689268,3821
6.29,1.7251362,809
6.01,2.610478,809
6.0,-1.4469789,809
5.95,-0.56119466,809
5.78,-1.4479645,809
5.63,-2.4120476,809
5.63,2.6370802,809
5.62,-1.4988451,809
5.29,-3.545651,809
5.23,-3.4923017,809
5.17,-6.142432,809
5.16,-5.871419,809
5.13,-2.5686734,809
5.12,-5.0275292,809
5.1,-4.9129195,809
5.1,-5.950046,809
5.1,-4.3681316,809
5.1,-3.5889978,809
5.08,-4.894634,809
5.07,-2.935168,809
5.0,-3.4721286,809
4.99,-4.0416365,809
4.97,-0.42948896,809
4.96,-1.818967,809
7.86,1.2856249,2368
8.7,-0.971635,6588
8.7,1.0670736,6588
8.52,-3.2779186,6588
8.52,-0.8003826,6588
8.52,-2.8821442,6588
8.52,-0.10971746,6588
8.4,-0.65197146,6588
8.3,0.13702133,6588
8.22,-0.10020777,6588
8.1,-0.98433053,6588
7.96,0.49125814,6588
7.89,1.7577024,6588
7.8,0.9105748,6588
7.58,1.8575277,6588
9.21,0.053441722,13097
9.15,1.3924768,13097
9.05,0.3926848,13097
5.66,0.58667946,12704
7.96,4.2003846,12210
7.7,2.8863392,12210
7.55,3.7085667,12210
7.21,-1.8867315,16230
6.37,-2.7073865,16230
6.22,-5.7583585,16230
6.19,-0.3351749,16230
6.03,-4.5726566,16230
5.6,-8.334328,16230
6.73,-1.3658502,8194
7.58,4.3332357,3952
7.0,-0.1888741,16494
6.8,-2.0136573,16494
6.8,-1.1220238,16494
6.7,0.40179667,16494
6.6,-2.4058595,16494
6.6,-2.8147717,16494
6.6,-1.323213,16494
6.6,-2.496217,16494
6.5,-2.946685,16494
6.5,-1.9207289,16494
6.5,-2.9598155,16494
6.4,-2.372562,16494
6.2,-2.113889,16494
6.0,-2.9334142,16494
5.8,-1.233114,16494
5.8,-2.6457844,16494
5.8,-5.4702644,16494
5.8,-4.3177395,16494
5.1,-2.716923,16494
5.1,-2.0699334,16494
5.1,-4.0592794,16494
4.89,-5.501114,16218
4.43,-5.4223175,16218
8.09,-0.58344615,8822
5.68,-1.6316633,15517
5.06,-0.4937035,15517
8.22,0.56152284,689
7.92,0.6781025,689
7.51,2.2151077,689
7.41,1.6601785,689
6.18,-0.71729636,13861
6.4,-1.1087549,15628
6.16,-3.3305373,15628
6.16,-4.3473744,15628
6.0,-4.724276,15628
5.85,-5.3063636,15628
5.7,-4.23392,15628
5.6,-4.0236726,15628
5.57,-4.548158,15628
5.52,-4.4320726,15628
5.46,-2.4888597,15628
5.1,-2.9035873,15628
5.24,-3.500173,1627
8.52,-0.55871034,8746
8.82,1.607473,10537
6.89,1.9090892,5550
6.06,1.846266,16851
7.46,1.1985209,4580
8.28,0.26224583,11865
7.3,2.1769063,11865
6.76,-0.7351593,1952
6.73,-0.041819107,1952
6.71,-2.8325725,1952
6.52,-1.4736618,1952
6.38,-4.3398466,1952
6.35,-0.4889138,1952
6.31,-1.1350148,1952
6.23,-0.88510096,1952
6.23,-2.6456435,1952
6.19,-2.7311795,1952
6.16,-2.7922122,1952
6.1,-0.4406394,1952
6.06,-2.2004917,1952
6.05,-1.6662017,1952
6.05,-0.8693179,1952
6.02,-3.206877,1952
5.98,-3.0613503,1952
5.92,-1.6563544,1952
5.88,-4.341906,1952
5.87,-1.7691982,1952
5.78,-3.8102536,1952
5.74,-1.5080962,1952
5.72,-2.5738904,1952
5.67,-0.29793957,1952
5.65,-4.956821,1952
5.57,-1.0460635,1952
5.51,-3.285539,1952
5.48,-4.1117363,1952
5.44,-3.5428064,1952
5.21,-2.7304206,1952
5.07,-3.1958485,1952
5.07,-3.1854208,1952
5.8,1.7350984,7190
5.68,-0.7408285,7190
5.41,1.580992,7190
5.13,1.2289338,7190
5.03,1.789308,7190
4.21,1.6846037,7190
7.64,-0.8315593,14084
4.83,-1.3581082,15316
9.7,4.547691,13806
9.4,0.19201322,13806
9.3,-1.6666828,13806
9.3,-0.44005945,13806
9.22,0.122298814,13806
9.15,-3.3426356,13806
9.15,0.9278219,13806
9.1,-4.4317803,13806
9.1,2.3478634,13806
9.1,0.4605435,13806
9.1,3.3096972,13806
9.1,4.9388323,13806
9.0,-0.9630443,13806
8.96,4.5611653,13806
8.92,-1.6263864,13806
8.92,-1.4727268,13806
8.89,2.6757233,13806
8.87,4.5773306,13806
8.85,1.3513014,13806
8.85,-1.7211587,13806
8.85,-2.1320355,13806
8.8,-2.9833097,13806
8.72,-1.120526,13806
8.72,4.957273,13806
8.72,-1.6135557,13806
8.7,-3.4216745,13806
8.68,2.905408,13806
8.66,0.50449944,13806
8.66,1.9576931,13806
8.6,4.8785205,13806
8.35,-1.2943356,13806
8.08,-2.3961406,13806
7.96,4.000889,13806
7.79,1.0747769,13806
7.76,-1.2897979,13806
7.63,0.07877475,13806
7.58,-0.6181239,13806
7.5,0.43737313,13806
7.28,-3.110502,13806
7.16,-2.2902832,13806
7.03,-3.1272414,13806
7.02,3.0211189,13806
7.01,-2.4017773,13806
6.81,-3.3529944,13806
6.23,-3.2183979,13806
6.01,-4.3640804,13806
5.27,-0.28069654,13806
7.75,0.85621846,391
7.38,-0.99564636,391
7.51,-0.3438625,17271
5.55,-2.991586,15727
10.24,0.3251576,8107
10.12,4.6815505,8107
10.09,6.178516,8107
10.08,2.4236622,8107
10.07,0.3251576,8107
10.04,3.5861235,8107
10.02,6.434557,8107
10.02,6.652573,8107
10.0,5.841859,8107
9.96,4.609062,8107
9.92,5.1156363,8107
9.89,5.874864,8107
9.89,7.0146275,8107
9.89,4.6275673,8107
9.89,6.178516,8107
9.89,5.908503,8107
9.85,3.476974,8107
9.8,2.457356,8107
9.8,0.39967468,8107
9.77,-0.5257486,8107
9.77,-0.18373136,8107
9.77,6.652573,8107
9.74,1.2029191,8107
9.74,4.2528276,8107
9.72,2.0609694,8107
9.72,-0.019875497,8107
9.7,0.0073756576,8107
9.7,2.5400681,8107
9.68,3.6740859,8107
9.68,6.6539783,8107
9.68,5.9114738,8107
9.68,4.9470763,8107
9.66,0.5327605,8107
9.66,2.921097,8107
9.66,3.7258122,8107
9.64,-1.5991031,8107
9.62,3.3164315,8107
9.59,2.2372289,8107
9.57,4.2912197,8107
9.57,0.09081148,8107
9.55,2.1744063,8107
9.55,6.5104947,8107
9.55,4.109911,8107
9.55,3.7258132,8107
9.54,5.8657823,8107
9.52,4.9638968,8107
9.51,4.5482273,8107
9.47,0.7102474,8107
9.41,3.6740859,8107
9.41,1.5101925,8107
9.4,1.2913647,8107
9.4,2.287972,8107
9.39,-0.24080753,8107
9.39,0.7569492,8107
9.39,2.7690923,8107
9.36,0.0405705,8107
9.35,5.478189,8107
9.35,2.78854,8107
9.35,0.45013797,8107
9.35,6.1785145,8107
9.34,3.4615355,8107
9.34,3.9923818,8107
9.3,0.9013324,8107
9.3,7.3287992,8107
9.29,2.8954947,8107
9.28,6.4540772,8107
9.28,4.875146,8107
9.28,-0.1837315,8107
9.27,6.8957076,8107
9.27,1.3375323,8107
9.26,4.3460555,8107
9.24,1.0456566,8107
9.24,4.008676,8107
9.23,2.0448346,8107
9.2,3.3542423,8107
9.2,3.2227392,8107
9.19,1.7103547,8107
9.19,-1.5774467,8107
9.17,0.15386234,8107
9.17,2.3372662,8107
9.14,0.08911927,8107
9.13,-0.1959104,8107
9.12,5.0677195,8107
9.12,1.743392,8107
9.12,4.4826684,8107
9.11,0.32515708,8107
9.11,2.130836,8107
9.09,-0.6536263,8107
9.07,5.2160883,8107
9.03,6.1785145,8107
9.03,1.2750714,8107
9.01,3.7931473,8107
9.0,1.8699865,8107
8.96,5.4977145,8107
8.96,5.2708707,8107
8.96,4.510114,8107
8.92,1.2497405,8107
8.92,4.7539234,8107
8.92,-1.2743571,8107
8.89,0.8961768,8107
8.89,4.583097,8107
8.89,2.4236622,8107
8.89,0.73301935,8107
8.89,-0.71711373,8107
8.85,4.466573,8107
8.85,1.1459732,8107
8.82,5.7791142,8107
8.82,5.388775,8107
8.82,2.0044546,8107
8.82,-1.0436019,8107
8.82,1.5534809,8107
8.8,2.2372289,8107
8.8,1.6670738,8107
8.77,0.83181906,8107
8.74,2.0851407,8107
8.74,4.9638968,8107
8.74,0.78810406,8107
8.72,3.9597423,8107
8.72,2.5290167,8107
8.72,-0.021803685,8107
8.72,4.579056,8107
8.72,5.4476237,8107
8.7,2.297202,8107
8.7,-2.383261,8107
8.68,4.4709315,8107
8.66,5.2257485,8107
8.66,3.4816232,8107
8.66,-1.174964,8107
8.66,-0.82508993,8107
8.64,1.2185541,8107
8.6,5.9773035,8107
8.6,5.5426507,8107
8.59,4.6815505,8107
8.57,0.42752263,8107
8.57,2.137637,8107
8.52,3.5861235,8107
8.51,0.5616379,8107
8.49,1.4438283,8107
8.48,3.4622765,8107
8.43,6.1785145,8107
8.43,5.0401793,8107
8.42,-1.8080997,8107
8.41,3.5745246,8107
8.4,3.7258132,8107
8.4,-1.8310162,8107
8.39,6.1785145,8107
8.36,3.0581923,8107
8.34,6.1785145,8107
8.34,4.6423726,8107
8.34,6.1830177,8107
8.32,-1.4478381,8107
8.28,3.5861235,8107
8.28,5.480561,8107
8.26,1.1589851,8107
8.2,5.6399684,8107
8.2,3.1475594,8107
8.19,-2.1571057,8107
8.18,-0.2315715,8107
8.17,0.3251576,8107
8.16,1.4511921,8107
8.14,-1.8691418,8107
8.14,1.9879354,8107
8.12,6.178516,8107
8.11,4.594382,8107
8.09,6.734427,8107
8.05,2.41157,8107
8.02,3.7258122,8107
8.01,4.61745,8107
7.97,0.4078326,8107
7.94,3.476974,8107
7.91,-1.6678984,8107
7.9,-0.22124135,8107
7.83,-2.4983623,8107
7.83,5.841858,8107
7.82,5.841859,8107
7.81,1.1589851,8107
7.78,3.1475582,8107
7.76,5.4231806,8107
7.75,0.55437875,8107
7.62,4.0444756,8107
7.61,2.473193,8107
7.6,-2.0581753,8107
7.56,-0.29716724,8107
7.43,3.9928198,8107
7.34,2.8954947,8107
7.31,3.6442325,8107
7.29,0.04664525,8107
7.22,0.8835429,8107
7.16,-1.2974678,8107
7.09,0.61353624,8107
7.08,6.3658876,8107
7.01,-1.5460192,8107
6.87,6.4282007,8107
6.84,-1.1274745,8107
6.81,0.10125017,8107
6.71,-2.383261,8107
6.62,2.1095235,8107
6.62,3.6514711,8107
6.61,3.356376,8107
6.57,-2.0329282,8107
6.55,3.2579722,8107
6.54,5.158755,8107
6.54,-3.296032,8107
6.12,-0.7341392,8107
7.0,-0.88476765,9327
6.5,-1.9722121,9327
8.52,-2.6173716,15824
8.4,-5.284312,15824
8.3,1.6165746,15824
8.3,0.013868218,15824
8.22,-0.7534014,15824
8.1,-1.7209908,15824
7.82,-1.8588395,15824
7.82,-0.71956825,15824
7.62,-0.2806675,15824
7.46,-1.027836,15824
7.43,-1.2506821,15824
7.42,-6.5602937,15824
7.3,-0.92626643,15824
7.3,-0.7149441,15824
7.28,-1.813148,15824
7.02,-0.7149441,15824
7.0,1.6165746,15824
6.89,-3.797331,15824
6.89,-2.7079356,15824
6.75,-2.7528093,15824
6.64,-5.2646017,15824
6.57,-1.4107771,15824
6.52,-1.027836,15824
6.52,-3.797331,15824
6.52,-3.9322674,15824
6.46,-0.2806677,15824
6.4,-1.4249797,15824
6.39,-4.4606175,15824
6.22,-0.719568,15824
5.7,-2.707936,15824
5.3,-4.460618,15824
5.4,-2.8954437,6847
8.0,-1.3453802,15455
7.4,-1.3712448,15455
6.96,0.50403166,15455
6.75,0.6277261,9494
6.58,-0.667266,9494
7.66,0.26861617,15491
7.54,0.8590269,15491
7.46,0.27521074,15491
7.05,-1.2094595,15491
7.01,-3.2071826,15491
6.96,-1.2094595,15491
6.85,-1.2368915,15491
6.77,-3.160145,15491
6.75,-1.3328238,15491
6.65,1.4266062,15491
6.52,-0.40062967,15491
6.47,-0.84566474,15491
6.4,0.2066448,15491
6.28,-1.4266441,15491
6.24,-1.2923491,15491
6.22,0.25351834,15491
6.18,-1.118087,15491
6.14,-2.0963738,15491
6.1,-1.6091437,15491
5.9,-2.171624,15491
5.57,-1.2960664,15491
5.49,-0.2910659,15491
5.29,-1.51788,15491
5.17,0.4710215,15491
6.52,3.8171713,1777
5.25,-7.642825,1777
5.21,-3.4399517,1777
5.04,-4.0886617,1777
4.9,-3.3016217,1777
4.79,-1.4127108,1777
4.76,-0.8675295,1777
4.64,-3.313164,1777
4.53,-1.1716516,1777
8.92,0.86456585,17376
8.82,0.9193733,17376
8.8,1.396931,17376
8.7,3.5755544,17376
8.68,-0.9297941,17376
8.6,1.3057952,17376
8.55,2.4557784,17376
8.52,2.3224628,17376
8.47,0.25966606,17376
8.17,0.5096972,17376
8.05,-1.6606319,17376
8.03,0.013794258,17376
8.02,0.33590737,17376
7.92,1.6658098,17376
7.92,-2.5444255,17376
7.89,-1.647073,17376
7.82,-1.0070062,17376
7.82,-3.671296,17376
7.77,-0.9123359,17376
7.68,-2.523845,17376
7.68,-1.8765953,17376
7.37,-1.5449183,17376
7.37,-0.99920917,17376
7.34,-3.6881979,17376
7.13,-2.3547094,17376
7.03,-1.1796753,17376
6.51,-3.7077894,17376
6.44,-2.0237808,17376
7.11,-1.6608708,13869
6.97,-2.2142706,13869
6.92,-2.1754827,13869
6.88,0.15966515,13869
6.84,-5.3784814,13869
6.61,-3.3216717,13869
6.45,-3.2429922,13869
5.55,-0.687729,2547
9.0,-1.6734436,7200
8.7,1.2079285,7200
8.7,0.40685683,7200
8.52,-1.2535664,7200
8.52,-1.0478678,7200
8.52,1.7624985,7200
8.52,0.87649775,7200
8.52,-1.8844028,7200
8.52,-0.15662779,7200
8.52,-0.1272615,7200
8.4,0.020411287,7200
8.4,1.6318529,7200
8.4,1.4652953,7200
8.4,1.8150712,7200
8.4,-3.9456053,7200
8.4,0.45544788,7200
8.4,0.22371496,7200
8.4,1.5650294,7200
8.4,0.96270525,7200
8.3,-0.796752,7200
8.3,1.5406728,7200
8.22,2.4685729,7200
8.22,0.24227753,7200
8.15,4.090988,7200
8.0,0.3748162,7200
8.0,-0.8145999,7200
7.96,-0.7059524,7200
7.89,0.06043557,7200
7.82,-0.8967123,7200
7.75,-0.023641154,7200
7.75,0.3321259,7200
7.66,-3.88262,7200
7.57,0.12833078,7200
7.57,1.0149606,7200
7.55,3.6563094,7200
7.54,-0.80751455,7200
7.42,-1.0278332,7200
7.4,-3.219339,7200
7.39,-1.6393155,7200
7.37,3.015383,7200
7.32,-2.5881517,7200
7.2,-3.0336983,7200
7.19,-3.997,7200
7.11,-4.602371,7200
7.09,-2.515613,7200
7.06,0.71121895,7200
7.03,0.5363642,7200
7.03,-3.1762486,7200
7.02,-4.32675,7200
7.01,-3.638543,7200
6.97,-3.7360258,7200
6.67,-3.8188384,7200
6.54,-4.3031397,7200
6.52,0.99077964,7200
6.48,-4.6025033,7200
6.42,-0.37663412,7200
6.39,-4.175127,7200
6.37,-1.0051236,7200
6.34,-2.6768227,7200
6.32,-1.0626229,7200
6.31,-3.5894115,7200
6.29,-2.3134665,7200
6.23,-3.1205192,7200
6.2,-2.101932,7200
6.18,-3.9047387,7200
6.17,-2.7890596,7200
5.72,-2.0093288,9306
4.68,-1.7235769,1875
4.67,-7.0836806,1875
6.12,-0.21407758,15714
5.95,-1.9201139,15714
6.9,0.57226706,10732
6.47,1.2307967,10732
6.45,-0.5269389,10732
6.31,1.6501074,10732
6.21,1.6737814,10732
5.88,-1.2877092,10732
5.81,-1.1744263,10732
5.21,-1.9142778,3692
5.0,-2.6251009,3692
4.99,-5.8512697,3692
4.94,-4.2123556,3692
4.87,-6.067252,3692
4.54,-5.2023835,3692
5.95,-2.5973108,6565
5.92,-1.2852898,6565
5.81,-4.1493087,6565
5.56,-2.6204665,6565
5.35,-2.348073,6565
5.24,-2.5504508,6565
5.21,-4.259478,6565
5.18,-3.3036036,6565
5.16,-3.9210374,6565
5.13,-0.4582743,6565
5.08,-3.4521434,6565
4.77,-2.6968546,6565
4.72,-0.6714524,6565
4.56,-2.799819,6565
5.6,-2.8243275,5601
5.23,-0.40734708,5601
5.21,-0.31247,5601
9.0,1.8915992,10186
9.0,5.138658,10186
8.52,1.9887987,10186
8.52,-6.54697,10186
8.22,-4.3918223,10186
8.1,-5.10283,10186
7.92,-1.623248,10186
7.92,3.5607104,10186
7.85,-0.6881473,10186
7.82,-5.490927,10186
7.72,-0.6881473,10186
7.68,-0.8079896,10186
7.68,-0.59258235,10186
7.68,-6.514461,10186
7.57,0.39463237,10186
7.5,-3.0439098,10186
7.47,-4.319982,10186
7.43,-3.379652,10186
7.17,5.0331116,10186
7.14,-0.53457046,10186
7.12,3.705125,10186
7.09,-7.6635385,10186
7.08,3.6386535,10186
7.06,-3.9486203,10186
7.02,2.976799,10186
6.96,-4.909072,10186
6.93,-5.3031626,10186
6.92,-7.635795,10186
6.85,1.5754032,10186
6.85,-0.4481693,10186
6.75,-3.263662,10186
6.66,5.1270146,10186
6.6,-3.44889,10186
6.57,1.4403558,10186
6.5,1.4403563,10186
6.46,-6.270923,10186
6.41,4.0154285,10186
6.16,2.7424593,10186
5.89,-4.662051,10186
5.62,4.594544,10186
5.42,-6.5960336,10186
7.1,-1.8294905,11252
7.08,-1.800474,11252
7.05,-3.3237042,11252
7.02,-0.43263167,11252
6.59,-3.4422412,11252
6.55,-2.3581202,11252
6.4,-0.6116222,11252
6.39,-1.4924275,11252
6.38,-3.067609,11252
6.33,-1.5295297,11252
6.2,-2.6894941,11252
6.19,0.3419492,11252
6.08,-1.0379153,11252
4.43,-1.1264526,11469
7.36,-3.850331,13846
7.3,-0.48199287,13846
7.28,-4.0808434,13846
7.23,-4.560104,13846
7.2,-3.4860523,13846
7.0,-1.259288,13846
6.89,0.86722827,13846
6.6,-4.069454,13846
6.51,-2.830358,13846
6.44,0.18175495,13846
6.12,-3.1151724,13846
6.62,-0.21007086,10908
6.47,1.1957881,10908
6.23,4.778807,10908
8.6,0.8948244,10530
8.26,-0.66030824,10530
5.84,4.0139823,10605
8.7,0.7387006,13422
9.7,1.6670101,14069
5.23,-2.2347631,8925
7.72,-0.40842882,7340
7.5,-1.2063026,7340
7.31,-2.0007389,7340
6.75,3.0787146,7340
6.61,-1.3843207,7340
6.45,-0.339729,7340
6.12,-0.47077194,7340
5.99,-3.8154283,7340
5.58,-4.229052,7340
4.8,-7.5816226,7340
8.08,3.9589524,7558
7.97,0.15770984,7558
7.96,0.62874603,7558
7.96,0.7202647,7558
7.95,1.5057403,7558
7.93,1.277904,7558
7.92,0.8164997,7558
7.9,1.2622578,7558
7.88,0.25136736,7558
7.86,2.4554055,7558
7.85,-3.812884,7558
7.83,-0.0044982918,7558
7.78,-2.1440632,7558
7.78,-2.394831,7558
7.76,-1.5533131,7558
7.76,-1.142015,7558
7.75,0.10260516,7558
7.75,-0.3186332,7558
7.75,0.29395667,7558
7.74,-1.3710866,7558
7.74,-0.70413244,7558
7.74,2.2506452,7558
7.74,-2.0641148,7558
7.73,0.9145582,7558
7.72,0.5153052,7558
7.7,0.5748023,7558
7.69,0.7844131,7558
7.69,-0.3513054,7558
7.69,0.28124985,7558
7.69,0.5934596,7558
7.69,5.3456564,7558
7.69,3.0764384,7558
7.68,0.9678408,7558
7.68,4.4414897,7558
7.68,4.6828675,7558
7.68,1.0680517,7558
7.67,-1.1909649,7558
7.66,1.5689487,7558
7.65,1.3003674,7558
7.65,-0.29601228,7558
7.64,3.004738,7558
7.64,5.6052237,7558
7.63,-0.3757603,7558
7.63,5.796851,7558
7.63,-2.4997234,7558
7.63,-1.3466525,7558
7.62,4.364789,7558
7.61,3.300085,7558
7.61,-1.8944597,7558
7.6,0.79901385,7558
7.6,2.3759,7558
7.59,3.04318,7558
7.59,-0.78078735,7558
7.59,-3.510104,7558
7.58,0.9126632,7558
7.58,3.129394,7558
7.57,0.25235334,7558
7.57,3.9489229,7558
7.57,6.6475344,7558
7.57,-0.513865,7558
7.56,6.451095,7558
7.56,1.3254055,7558
7.55,-1.7368268,7558
7.54,-0.4405518,7558
7.54,2.5697381,7558
7.53,6.4690037,7558
7.53,4.2580876,7558
7.52,0.3287574,7558
7.52,-3.7434866,7558
7.52,2.990205,7558
7.51,2.6141572,7558
7.5,-3.6194968,7558
7.5,1.8274614,7558
7.49,-1.8275564,7558
7.49,2.376783,7558
7.49,1.0891205,7558
7.48,3.0683515,7558
7.48,1.5736562,7558
7.47,4.7373095,7558
7.47,-0.23686844,7558
7.47,-1.4071594,7558
7.47,1.3230042,7558
7.47,2.9902058,7558
7.47,-0.90814567,7558
7.47,-1.2460366,7558
7.47,6.956865,7558
7.46,-2.007563,7558
7.46,-0.44774848,7558
7.46,-0.30128708,7558
7.44,-0.6354486,7558
7.44,-2.0306675,7558
7.44,1.4871857,7558
7.44,0.6972395,7558
7.43,2.7068062,7558
7.43,1.3498911,7558
7.43,0.3214827,7558
7.43,1.7159659,7558
7.43,0.9505818,7558
7.42,2.5397322,7558
7.42,-1.2135649,7558
7.41,-0.6775404,7558
7.41,4.2900996,7558
7.41,-1.9375318,7558
7.4,-0.480958,7558
7.4,1.0233238,7558
7.4,1.2535342,7558
7.39,3.5090663,7558
7.39,1.5846937,7558
7.39,2.971629,7558
7.39,1.8996209,7558
7.39,-0.45596564,7558
7.39,-1.9287977,7558
7.39,-1.2303452,7558
7.38,-0.8215176,7558
7.37,0.5397576,7558
7.37,-0.42879087,7558
7.37,-4.6636944,7558
7.37,0.98521185,7558
7.37,-0.9842876,7558
7.36,1.2446474,7558
7.35,2.2255256,7558
7.35,1.5202917,7558
7.35,-1.2221723,7558
7.34,-1.0664961,7558
7.34,-1.7461061,7558
7.34,-1.0597953,7558
7.34,0.31440493,7558
7.33,2.763817,7558
7.33,-0.972072,7558
7.33,-1.4938568,7558
7.33,2.764111,7558
7.32,-1.469251,7558
7.32,2.3344796,7558
7.32,-0.7846116,7558
7.31,1.5866356,7558
7.31,0.7637491,7558
7.31,-1.9979675,7558
7.31,-0.25825158,7558
7.31,-1.7223284,7558
7.31,-2.4911668,7558
7.3,3.3692431,7558
7.28,3.4029744,7558
7.28,-3.4984052,7558
7.28,-1.3632166,7558
7.27,1.9069754,7558
7.27,1.2833718,7558
7.27,1.1939757,7558
7.26,-1.8813975,7558
7.26,0.23814149,7558
7.26,1.4627334,7558
7.26,2.2999818,7558
7.26,0.357663,7558
7.26,-0.51779175,7558
7.26,1.7988487,7558
7.25,4.23163,7558
7.25,-3.2474623,7558
7.24,-0.85415125,7558
7.24,-2.164937,7558
7.24,3.567374,7558
7.24,0.024246827,7558
7.24,-0.7430985,7558
7.23,1.1709125,7558
7.23,-3.7495666,7558
7.23,2.5061886,7558
7.23,4.74572,7558
7.23,0.36608198,7558
7.23,0.4185132,7558
7.22,-2.2386189,7558
7.22,0.17317091,7558
7.22,0.80819046,7558
7.21,1.1564679,7558
7.2,1.2535342,7558
7.2,-1.025917,7558
7.2,-2.217736,7558
7.2,-0.7912327,7558
7.2,0.8561791,7558
7.2,-0.5741718,7558
7.19,-0.5499753,7558
7.19,0.39519736,7558
7.19,-1.8023661,7558
7.18,2.5300288,7558
7.18,-3.1805656,7558
7.18,1.5718182,7558
7.18,2.048301,7558
7.18,0.010591534,7558
7.18,-0.721748,7558
7.17,1.5314705,7558
7.17,-0.84783065,7558
7.17,1.5274175,7558
7.16,-1.8567348,7558
7.16,-0.90814626,7558
7.16,0.03716518,7558
7.16,-0.9329095,7558
7.16,0.37735805,7558
7.16,0.2861496,7558
7.15,-2.293041,7558
7.15,-2.105615,7558
7.14,3.7895849,7558
7.14,1.4905957,7558
7.14,0.54489577,7558
7.14,1.3534689,7558
7.14,4.554437,7558
7.14,3.0318968,7558
7.13,-0.119807705,7558
7.13,0.69947076,7558
7.13,1.8804125,7558
7.13,0.32148242,7558
7.12,-2.4261272,7558
7.12,-1.7120984,7558
7.12,3.2102578,7558
7.12,0.85617924,7558
7.12,-1.432479,7558
7.11,-0.13386399,7558
7.11,-0.9934217,7558
7.11,0.9864267,7558
7.11,-2.2802632,7558
7.11,1.8669637,7558
7.11,1.1788716,7558
7.1,-6.0750747,7558
7.1,3.8322594,7558
7.1,1.4487902,7558
7.1,-0.0064519793,7558
7.09,-2.1250322,7558
7.09,0.20432024,7558
7.08,4.0294766,7558
7.08,1.3448448,7558
7.08,0.38874146,7558
7.08,1.7679033,7558
7.08,-2.3403666,7558
7.08,1.6583652,7558
7.07,0.9238771,7558
7.07,-3.6323915,7558
7.07,0.423148,7558
7.07,1.7461066,7558
7.07,0.3535197,7558
7.07,2.490377,7558
7.07,5.177071,7558
7.07,2.228196,7558
7.07,0.59239125,7558
7.07,-1.636158,7558
7.06,-0.86596644,7558
7.06,1.4374278,7558
7.06,-2.1627326,7558
7.06,-2.0777917,7558
7.05,-3.7495666,7558
7.05,-0.7577772,7558
7.05,-0.7551477,7558
7.05,-4.518975,7558
7.05,-1.7708277,7558
7.05,1.0781702,7558
7.05,0.56318057,7558
7.05,-2.8985608,7558
7.04,3.181928,7558
7.04,-0.33858877,7558
7.04,-1.560048,7558
7.04,2.2268982,7558
7.04,-1.3564619,7558
7.04,-1.765896,7558
7.03,-0.57253313,7558
7.03,-4.6837487,7558
7.02,-3.2474623,7558
7.02,-0.7616197,7558
7.02,1.4798741,7558
7.02,0.11344538,7558
7.02,-2.0624819,7558
7.02,-3.3194702,7558
7.02,-3.898747,7558
7.01,1.2783194,7558
7.01,1.023758,7558
7.01,-1.6210943,7558
7.01,0.090462215,7558
7.01,-1.3077343,7558
7.01,2.031696,7558
7.01,0.76423466,7558
7.0,-1.7719334,7558
7.0,-0.17253241,7558
7.0,3.711765,7558
7.0,0.18275148,7558
7.0,-0.26230177,7558
6.99,-3.586452,7558
6.99,-0.9400157,7558
6.99,-1.4933851,7558
6.99,-0.54400206,7558
6.98,-2.8010926,7558
6.98,-0.4103957,7558
6.98,-2.794398,7558
6.98,0.88402796,7558
6.98,0.26468945,7558
6.98,-1.9510165,7558
6.98,-1.2737021,7558
6.97,-1.7636257,7558
6.97,2.030172,7558
6.96,-0.123718485,7558
6.96,-0.056300297,7558
6.96,-2.3993406,7558
6.95,2.7480733,7558
6.95,-3.1233068,7558
6.95,0.8169347,7558
6.95,3.745924,7558
6.95,1.6252117,7558
6.94,-1.2506536,7558
6.93,-1.918971,7558
6.93,1.9700987,7558
6.93,1.0238649,7558
6.93,3.4976983,7558
6.92,0.25143075,7558
6.92,1.5161625,7558
6.92,-2.0844796,7558
6.91,0.85617924,7558
6.91,5.63261,7558
6.91,-2.3636997,7558
6.91,-3.586452,7558
6.91,0.4935982,7558
6.9,2.1227822,7558
6.9,-0.7217487,7558
6.9,-1.0083438,7558
6.9,0.8335563,7558
6.9,0.87255263,7558
6.89,-2.7705464,7558
6.88,-0.83448696,7558
6.87,-3.8966458,7558
6.87,-1.7958281,7558
6.87,-2.6520877,7558
6.87,0.39934945,7558
6.87,1.1090435,7558
6.87,-0.75514746,7558
6.87,0.028896626,7558
6.86,-1.0463269,7558
6.86,2.8335862,7558
6.86,-0.7616197,7558
6.86,-2.777338,7558
6.86,2.4480631,7558
6.86,-0.43383542,7558
6.86,-2.6201847,7558
6.86,-0.7551477,7558
6.86,1.4979241,7558
6.86,1.1798793,7558
6.86,-2.0844796,7558
6.86,-3.2690313,7558
6.85,-0.21353894,7558
6.85,-2.5793428,7558
6.85,-2.0778296,7558
6.84,1.1048208,7558
6.83,-1.492773,7558
6.83,4.23163,7558
6.82,-2.4561808,7558
6.81,-0.075948894,7558
6.81,-0.93290865,7558
6.79,-0.7943618,7558
6.79,-1.5875164,7558
6.79,1.58875,7558
6.79,1.5972458,7558
6.79,-1.2506536,7558
6.78,-1.0053896,7558
6.78,-0.27942356,7558
6.78,-4.1455116,7558
6.78,1.5278275,7558
6.78,-3.602976,7558
6.77,-1.2506536,7558
6.77,-0.4820409,7558
6.76,-0.88638353,7558
6.76,-1.7712029,7558
6.76,-0.6308178,7558
6.76,-2.4685311,7558
6.76,2.6026702,7558
6.75,-1.5231916,7558
6.75,-0.88372576,7558
6.75,-2.6856546,7558
6.75,0.46516398,7558
6.75,1.179879,7558
6.75,-2.0545123,7558
6.75,0.33686784,7558
6.74,-0.6434705,7558
6.74,-2.9365735,7558
6.72,1.4471595,7558
6.72,0.45825168,7558
6.72,-4.1001763,7558
6.72,-1.1922427,7558
6.71,-3.0763948,7558
6.71,-3.2006319,7558
6.71,-0.41203913,7558
6.7,-2.8059263,7558
6.7,-1.2274556,7558
6.7,0.34412953,7558
6.7,-0.39277852,7558
6.7,-3.252541,7558
6.7,-1.5167745,7558
6.7,-3.586452,7558
6.69,-2.0088153,7558
6.69,-0.9311625,7558
6.68,1.1798793,7558
6.68,-5.6548405,7558
6.68,-1.102041,7558
6.68,0.641685,7558
6.68,1.2259492,7558
6.67,-1.0762168,7558
6.66,-3.2525418,7558
6.66,-3.6096194,7558
6.66,0.64798176,7558
6.65,1.4468946,7558
6.65,-2.4020524,7558
6.65,0.7502371,7558
6.64,2.4903772,7558
6.64,-0.9311625,7558
6.64,-4.051465,7558
6.64,2.7659585,7558
6.63,-1.0782325,7558
6.63,-1.4656798,7558
6.63,1.6613364,7558
6.63,2.479712,7558
6.62,-3.402521,7558
6.62,-1.1910145,7558
6.61,2.3937106,7558
6.61,0.4790491,7558
6.61,-2.7096646,7558
6.61,-3.1257467,7558
6.61,0.28164455,7558
6.61,3.8883374,7558
6.6,0.64804614,7558
6.6,2.892037,7558
6.59,-3.1677206,7558
6.59,-1.0400163,7558
6.59,2.8976238,7558
6.58,-1.5155368,7558
6.57,4.23163,7558
6.57,-2.113168,7558
6.57,-2.2715647,7558
6.57,0.56936777,7558
6.56,-2.084479,7558
6.55,-0.31727123,7558
6.54,-2.9594715,7558
6.54,1.4122593,7558
6.53,-2.1851742,7558
6.52,-0.31726715,7558
6.52,-1.039767,7558
6.52,0.08039862,7558
6.51,-0.36685002,7558
6.51,-1.0894775,7558
6.51,-0.23356867,7558
6.49,-1.8027415,7558
6.49,0.92039895,7558
6.49,0.21164854,7558
6.48,-3.2888813,7558
6.47,-0.8837261,7558
6.47,-1.4261048,7558
6.47,3.2883234,7558
6.46,-0.56813514,7558
6.46,5.1341834,7558
6.46,0.6651901,7558
6.45,-1.3618517,7558
6.44,-0.36734512,7558
6.44,0.34412953,7558
6.44,-1.4463279,7558
6.43,1.6663256,7558
6.43,-3.9481158,7558
6.42,-2.496062,7558
6.42,-2.0715563,7558
6.4,-1.0926843,7558
6.4,-5.765222,7558
6.39,-3.2480948,7558
6.39,-0.61193275,7558
6.38,-0.32577986,7558
6.37,-2.6296208,7558
6.35,-4.428492,7558
6.35,-1.8110487,7558
6.34,-5.1082764,7558
6.34,1.9731807,7558
6.33,0.8592632,7558
6.32,-3.9954755,7558
6.32,-2.8342288,7558
6.31,-3.4745042,7558
6.31,-2.8185933,7558
6.31,-2.734914,7558
6.31,-5.713289,7558
6.29,-2.0924342,7558
6.29,-3.4635699,7558
6.27,1.3474427,7558
6.26,2.9582949,7558
6.26,-1.6074276,7558
6.25,-1.3857347,7558
6.25,-3.6348748,7558
6.24,-0.52618337,7558
6.23,-3.426347,7558
6.23,0.43328673,7558
6.23,-0.13855232,7558
6.22,-0.9979327,7558
6.22,-0.06609877,7558
6.21,-3.7121313,7558
6.21,-2.5988822,7558
6.21,-2.7082927,7558
6.2,0.7430204,7558
6.2,-3.7357845,7558
6.2,-5.462382,7558
6.2,-0.8204957,7558
6.2,1.5047339,7558
6.19,-2.8502724,7558
6.18,-3.0405853,7558
6.17,-3.8042245,7558
6.17,-2.173918,7558
6.17,-1.5105276,7558
6.17,-0.53801787,7558
6.16,-1.4736103,7558
6.16,-1.602487,7558
6.16,-4.6539364,7558
6.15,0.54800296,7558
6.14,-0.45900753,7558
6.14,-5.1370783,7558
6.14,-3.5260932,7558
6.13,-3.8098874,7558
6.13,-1.0874381,7558
6.12,-3.1676989,7558
6.11,-1.1371994,7558
6.1,0.909153,7558
6.1,-4.0757003,7558
6.1,-5.24847,7558
6.09,-4.7375007,7558
6.09,-3.2572758,7558
6.08,-4.486422,7558
6.08,-6.1987286,7558
6.08,-3.1006508,7558
6.06,-3.8479214,7558
6.06,-1.5178416,7558
6.05,-2.809095,7558
6.04,-2.3155217,7558
6.03,-1.7002956,7558
6.02,0.24729759,7558
6.02,0.0022525787,7558
6.01,-3.0706801,7558
6.0,-3.741439,7558
6.0,-4.164764,7558
6.0,-2.010599,7558
6.0,-1.5105276,7558
5.96,-4.090839,7558
5.92,-1.4966465,7558
5.91,-4.0187535,7558
5.82,-3.5303214,7558
5.8,-3.1990688,7558
5.78,-1.4514478,7558
5.74,-2.2772646,7558
5.71,0.38628337,7558
5.3,-8.000734,7558
6.87,-1.9297714,4704
4.98,0.15991507,8716
4.3,-1.9420115,8716
4.25,-0.41302174,8716
4.12,-3.3694816,8716
4.29,-1.7958598,5298
6.55,-2.2649713,10399
6.1,-1.2253739,10399
6.03,-3.0077078,10399
5.73,-2.1962347,10399
5.72,-4.275291,10399
5.46,-6.1635613,10399
5.29,-5.645427,10399
5.02,-5.3915043,10399
4.98,-5.3647723,10399
4.75,-5.735185,10399
4.74,-6.349177,10399
4.72,-8.625414,10399
4.61,-6.320215,10399
4.49,-7.0411935,10399
4.42,-8.224718,10399
4.37,-5.718692,10399
5.24,-1.6743153,4770
5.23,-2.0795572,4770
4.82,-3.0225832,4770
4.7,-4.559026,4770
4.48,-1.7733957,4770
4.47,-1.713585,4770
4.41,-3.9626567,4770
7.14,-1.8261174,13549
6.1,-3.9709074,13549
5.7,-2.8219223,5103
5.54,4.706266,5103
5.44,3.9368894,5103
5.41,-0.3847864,5103
4.9,-3.5797336,5103
4.71,-0.76465917,5103
4.7,0.34747905,5103
4.58,-1.0566225,5103
8.46,-0.25274348,17136
8.25,-0.24605551,17136
8.13,1.9922351,17136
7.68,1.8360761,17136
7.47,-0.234819,17136
7.36,-2.188369,17136
7.35,-1.1444626,17136
7.24,-2.6679466,17136
7.12,-3.599993,17136
6.92,-0.6920185,17136
6.86,-0.73443973,17136
6.6,-2.3559818,17136
6.33,-2.455243,17136
5.28,-2.0391324,4098
7.4,1.921849,1883
7.3,-3.1843321,1883
7.3,-1.4367416,1883
7.22,-0.3158073,1883
6.4,-1.8923523,1883
6.22,-3.6411707,1883
6.22,-6.51015,1883
6.22,-3.5888422,1883
6.22,-4.219629,1883
6.16,-5.999858,1883
6.0,-3.7979581,1883
5.37,0.63946974,1883
5.26,-1.8457283,1883
5.25,-5.028059,1883
5.24,-5.223403,1883
5.21,-3.2011478,1883
5.01,-1.5210061,1883
6.92,3.2686772,16225
6.85,-2.1595542,16225
6.85,-3.144792,16225
6.8,-0.91406536,16225
6.77,-6.5072556,16225
6.75,2.3834133,16225
6.66,-1.4442233,16225
6.66,1.7218723,16225
6.58,0.1955485,16225
6.57,-0.9929526,16225
6.57,0.4248599,16225
6.5,-2.167626,16225
6.36,-1.2402945,16225
6.33,-2.8844008,16225
6.32,-2.3851721,16225
6.3,-3.279253,16225
6.28,-0.94633806,16225
6.25,-0.059593216,16225
6.21,0.15576223,16225
6.17,-4.3217144,16225
6.15,-2.207175,16225
6.14,-0.6438186,16225
6.13,-2.323305,16225
6.12,-2.2410285,16225
6.11,0.3216923,16225
6.09,-0.59375,16225
6.08,-3.7544725,16225
6.03,-2.3311977,16225
5.97,0.23716588,16225
5.91,-2.467655,16225
4.42,-0.45324767,15720
4.26,1.5738411,15720
4.14,-1.4891237,15720
4.06,1.5738411,15720
6.98,1.5227184,13993
5.3,-0.4829882,2268
7.7,-3.8406103,15516
7.1,-2.204855,15516
7.07,-6.284006,15516
6.96,-1.3018433,15516
6.87,-1.2376878,15516
6.68,-5.39811,15516
6.42,-3.835372,15516
6.41,-4.2847743,15516
6.24,-3.374282,15516
6.12,-1.2877471,15516
6.02,-2.244255,15516
6.0,-0.055206515,15516
5.89,-2.9972732,15516
5.85,-3.6861908,15516
5.8,-4.1686554,15516
5.68,-1.6116837,15516
5.6,-5.5391645,15516
5.52,-4.649675,15516
5.35,-3.2427785,15516
5.3,-3.6729066,15516
7.41,-0.37665096,15032
4.3,-3.6896114,977
8.05,-1.3878229,9774
7.4,-0.62134254,9774
7.05,0.8479856,9774
9.05,0.43790665,3994
8.74,-0.8835131,3994
8.74,2.0397754,3994
8.62,3.1625025,3994
8.41,1.9191488,3994
8.41,4.4686594,3994
8.4,3.7427154,3994
8.34,1.0106791,3994
8.27,-0.7868329,3994
8.26,3.7066138,3994
8.15,-1.238355,3994
8.13,1.9650158,3994
8.12,-0.6911392,3994
8.1,1.5824032,3994
8.08,-0.6451477,3994
8.07,1.738617,3994
8.07,-0.39100572,3994
8.04,0.3808083,3994
8.03,-0.051623657,3994
7.89,2.9152095,3994
7.89,1.0906055,3994
7.85,1.7752652,3994
7.85,-0.6905894,3994
7.82,0.81865716,3994
7.77,-0.6550782,3994
7.76,0.8738767,3994
7.69,0.72820544,3994
7.54,1.9023491,3994
7.49,1.3288012,3994
7.42,1.0221944,3994
7.2,-2.0452971,3994
7.11,1.0382818,3994
6.05,2.122101,2575
7.24,1.6948012,3362
6.39,-0.9394833,3362
6.34,-5.5185986,3362
8.7,1.1661172,7930
8.7,2.9623275,7930
8.52,3.9061425,7930
8.52,4.304099,7930
8.52,2.6871212,7930
8.52,2.9712908,7930
8.52,1.8317769,7930
8.52,2.17527,7930
8.4,2.0448718,7930
8.4,3.615255,7930
8.4,3.9909508,7930
8.4,2.5561912,7930
8.4,4.408906,7930
8.3,4.5480638,7930
8.3,3.0510361,7930
8.3,3.2284017,7930
8.3,4.3588047,7930
8.22,2.391205,7930
8.22,1.0197141,7930
8.15,-2.6903334,7930
8.15,0.028255437,7930
8.15,3.551579,7930
8.15,4.2964993,7930
8.15,2.8816767,7930
8.15,-0.54662824,7930
8.15,2.639687,7930
8.15,2.3428407,7930
8.05,-4.860874,7930
8.05,-2.1075966,7930
8.05,4.0717244,7930
8.0,3.65955,7930
8.0,-0.44228816,7930
8.0,3.737437,7930
7.96,3.25474,7930
7.96,2.9423842,7930
7.96,0.55772674,7930
7.96,-1.5649365,7930
7.96,-2.0907142,7930
7.96,-1.4240097,7930
7.92,4.730471,7930
7.89,3.5572207,7930
7.85,-1.378408,7930
7.8,3.6775577,7930
7.8,1.1495143,7930
7.77,-2.84116,7930
7.77,-2.957385,7930
7.72,-2.3969364,7930
7.72,1.5236511,7930
7.7,-1.9548779,7930
7.7,2.3112354,7930
7.7,0.7081226,7930
7.68,0.6693914,7930
7.62,-1.592438,7930
7.62,3.9448416,7930
7.57,-0.7499856,7930
7.41,-2.5471954,7930
4.0,0.4829215,7930
4.0,0.3677846,7930
6.21,-2.6040683,2238
7.1,-1.296744,13470
5.89,-3.733093,12001
6.44,-7.04384,11730
6.18,-1.7515472,11730
4.25,-3.108709,15567
8.68,0.2898127,10193
8.02,1.0933836,10193
7.77,-0.26631126,15778
5.3,-0.28148997,17386
5.0,-1.4072446,17386
4.92,-3.065149,17386
6.4,-1.2551428,14313
9.7,-3.0505629,6031
9.52,-4.8379316,6031
9.22,-3.5460489,6031
7.35,-0.74260616,6031
6.87,-4.131886,6031
6.76,-5.712703,6031
6.57,-3.9248238,6031
6.48,-3.3720973,6031
6.3,-1.4878147,6031
5.57,-0.9035282,6031
4.89,-3.0077646,6031
4.47,-5.0171714,6031
7.27,1.9109656,4561
6.42,-2.0462966,3220
6.36,-0.64028656,3220
6.17,-1.3903465,3220
6.11,0.6135129,3220
6.09,-3.1668,3220
6.08,-0.22591248,3220
6.01,-0.011500914,3220
4.51,-5.579963,8131
4.37,-6.9831557,8131
4.24,-3.1406772,8131
4.24,-0.6317167,8131
4.21,-0.9210192,8131
4.15,-4.8297505,8131
4.12,-4.7119794,8131
4.05,-2.6865215,8131
9.15,0.63145673,17041
9.0,-5.9215703,17041
9.0,2.4118931,17041
8.96,2.1318178,17041
8.82,4.398151,17041
8.77,2.371703,17041
8.7,0.792585,17041
8.54,1.1066668,17041
8.43,3.6230516,17041
7.9,6.609681,17041
7.75,1.5719413,17041
7.7,1.5175163,17041
7.19,1.007586,17041
7.19,-2.989557,17041
9.15,1.1708635,10335
8.32,1.8062996,10335
4.92,-4.5123405,17176
9.52,1.6058388,16173
9.3,0.20123716,16173
9.22,0.57539415,16173
9.05,0.6933845,16173
8.96,1.7410272,16173
8.89,1.2005919,16173
8.85,1.9114951,16173
8.82,2.4348023,16173
8.8,1.0270615,16173
8.77,0.1917546,16173
8.77,1.2364037,16173
8.74,1.6108481,16173
8.52,1.6579571,16173
8.51,-1.1712027,16173
8.51,-3.3361573,16173
8.51,0.37884644,16173
8.38,-0.9295863,16173
7.82,-1.0102961,16173
7.82,1.2915003,16173
7.77,0.26548576,16173
7.4,1.1723671,16173
7.36,-1.7274818,16173
7.07,0.5918405,16173
6.2,-1.6090901,2849
6.06,-0.9943261,3914
9.3,-2.8059912,17673
8.8,-3.363058,17673
8.79,-1.8754939,17673
8.74,-0.053925827,17673
8.63,0.6727663,17673
8.56,1.2882082,17673
8.52,1.7496446,17673
8.45,0.34223202,17673
8.23,0.86300373,17673
8.17,0.6617365,17673
8.13,-3.869167,17673
7.8,-0.9288238,17673
7.78,-2.9679005,17673
7.76,1.9143075,17673
7.75,-1.9415715,17673
7.71,-0.90568006,17673
7.49,1.5023664,17673
7.26,0.86300373,17673
7.16,-3.3841455,17673
7.13,-0.8230587,17673
6.2,-0.8230587,17673
8.0,-1.1655855,11026
7.6,-5.0940094,11026
7.4,-0.58249974,11026
7.3,-3.9037166,11026
7.3,-2.800574,11026
7.2,-4.8121333,11026
7.1,-4.8825297,11026
7.1,-7.10176,11026
6.8,-0.5628383,11026
6.6,-5.0977945,11026
6.5,-0.7760272,11026
6.3,-5.807442,11026
6.3,-4.951185,11026
6.2,-5.8982553,11026
5.8,-1.6167676,11026
5.8,-5.3118253,11026
5.8,-4.951185,11026
5.8,-2.0718696,11026
5.7,-4.509561,11026
5.6,-5.6875057,11026
5.2,-6.32803,11026
5.1,-5.6242576,11026
4.9,-4.310956,11026
7.51,-0.13917376,7083
7.6,1.4360602,10156
7.03,-0.77525425,12638
6.97,-0.82862234,12638
6.87,-0.77060664,12638
6.86,-1.9108565,12638
6.82,-0.49172375,12638
6.8,-0.19989595,12638
6.79,-0.5572518,12638
6.76,-1.3609529,12638
6.75,-0.46503824,12638
6.74,-2.7812483,12638
6.69,-0.7327055,12638
6.68,0.5915501,12638
6.66,-0.45974672,12638
6.66,-1.3279752,12638
6.62,-0.09795313,12638
6.61,0.10850372,12638
6.53,-1.534406,12638
6.46,0.21688941,12638
6.41,0.15251984,12638
6.38,-2.351117,12638
5.68,-1.1990182,12638
8.21,0.14593375,1769
8.07,-3.0578744,1769
7.76,-3.1275156,1769
7.76,-3.500865,1769
7.3,-5.213079,1769
7.29,1.2032478,1769
7.21,-6.2868676,1769
7.2,0.14593375,1769
7.08,0.26813942,1769
6.94,-2.1844516,1769
6.88,-1.6088963,1769
6.63,-5.672119,1769
5.61,-0.3577597,16988
9.14,1.952666,7866
8.92,2.1667378,7866
8.62,1.6930232,7866
8.6,1.3639333,7866
8.51,2.2137465,7866
8.49,-0.66234255,7866
8.48,4.548497,7866
8.47,1.6930232,7866
8.43,2.910814,7866
8.43,1.7355236,7866
8.4,2.7229447,7866
8.27,0.29833934,7866
8.23,0.37437707,7866
8.22,-0.22443838,7866
8.17,0.79477537,7866
8.14,0.79477537,7866
8.14,1.9094994,7866
8.0,0.6793802,7866
7.96,1.2784276,7866
7.96,0.7731582,7866
7.96,1.6319735,7866
7.96,0.49766228,7866
7.92,0.5898155,7866
7.92,-0.065368146,7866
7.82,0.647233,7866
7.8,0.76900256,7866
7.72,0.7731582,7866
7.68,1.6930232,7866
7.66,0.028151728,7866
7.58,0.87101567,7866
7.55,1.7605357,7866
7.52,1.8535379,7866
7.5,1.6319735,7866
7.5,1.6319735,7866
7.48,1.4523497,7866
7.38,-2.6642218,7866
7.33,0.15581125,7866
7.28,0.79477537,7866
7.25,1.4079727,7866
7.25,0.6355654,7866
7.21,1.7611945,7866
7.14,-1.4996239,7866
7.1,0.05677506,7866
7.06,-0.5926578,7866
7.05,0.62752295,7866
6.93,-1.9393237,7866
6.9,0.7731582,7866
6.76,0.8574554,7866
6.69,-1.3259431,7866
6.63,-3.9161093,7866
6.54,-1.5152879,7866
6.29,-1.675705,7866
6.28,-3.4104424,7866
6.25,-2.048498,7866
6.07,1.6862496,7866
6.43,-1.4910077,12667
6.03,-2.7585778,763
5.15,0.52334154,1499
7.92,1.7057668,12511
6.82,-0.84846056,12511
6.36,3.919591,12511
6.3,0.24046162,12511
6.21,1.0765095,12511
6.13,-1.02759,12511
6.06,-0.093740776,12511
6.0,0.16745453,12511
5.89,0.068955,12511
5.77,0.07308007,12511
5.76,1.260394,12511
5.68,-0.7542199,12511
5.66,0.0037105083,12511
5.64,-0.20750403,12511
5.63,0.05743633,12511
5.55,-0.021717027,12511
5.48,-0.20750403,12511
5.46,-0.8034378,12511
5.44,-3.403451,12511
5.18,1.0969942,12511
5.11,3.614651,12511
5.41,-5.0654807,10678
5.35,-2.1391397,10678
5.01,-5.787796,10678
4.96,-5.1742883,10678
4.92,-2.317294,10678
4.21,-3.4204273,10678
4.01,-3.3979025,10678
7.41,-4.0029507,16992
6.42,-0.20780806,16992
6.19,-1.7765167,16992
6.16,2.5541153,16992
8.92,3.8673778,8870
8.43,3.8797982,8870
8.25,3.2716787,8870
7.98,2.653794,8870
7.89,3.0900624,8870
7.85,4.0030227,8870
7.68,3.1237297,8870
7.45,0.51143515,8870
7.31,1.8555522,8870
7.0,-0.052378446,8870
6.83,2.1072476,8870
6.66,1.8036866,8870
7.58,-0.7413788,17726
7.7,-0.517539,10682
6.85,-1.9186596,10682
8.19,2.284773,13099
7.51,1.5546881,13099
8.11,1.2888234,13975
6.87,-0.6424527,9790
7.6,1.5121536,17558
7.58,-0.22266231,17558
7.57,1.0516205,17558
7.44,-0.00145844,17558
7.4,0.9520215,17558
7.19,0.50487673,17558
7.16,0.49610415,17558
7.09,-0.18042684,17558
6.51,1.4235883,17558
9.19,-3.1557958,13405
9.15,0.20540796,13405
9.1,-0.15839764,13405
9.0,-1.9017413,13405
8.77,-0.09131659,13405
8.59,4.492931,13405
7.82,-0.94107413,13405
5.17,-4.1087728,13405
9.7,1.4916097,7940
9.4,7.835277,7940
9.3,1.9313151,7940
9.05,-1.109211,7940
9.05,2.1492603,7940
9.0,2.6007707,7940
9.0,-1.5122238,7940
9.0,2.6556284,7940
9.0,5.192182,7940
8.89,2.764247,7940
8.82,5.8191276,7940
8.7,4.2233257,7940
8.7,-0.32084116,7940
8.62,0.19702488,7940
8.57,1.5701371,7940
8.52,5.535769,7940
8.52,-0.9450768,7940
8.52,4.962773,7940
8.52,0.8240669,7940
8.52,-1.4657214,7940
8.52,-4.4099846,7940
8.4,-2.4702983,7940
8.4,2.050716,7940
8.3,0.99160147,7940
8.3,0.7723,7940
8.26,5.2268677,7940
8.15,0.46577254,7940
8.05,-3.3545995,7940
8.0,-3.3815243,7940
6.89,-0.6373315,8927
5.85,0.13248047,8927
5.75,1.2708975,8927
5.68,-1.4020678,8927
5.62,-0.75558877,8927
5.6,4.858129,8927
5.6,3.956979,8927
5.58,4.1504226,8927
5.57,-0.1410802,8927
5.55,2.187514,8927
5.55,1.1273469,8927
5.48,-0.1823212,8927
5.47,-0.40771958,8927
5.47,-1.3758018,8927
5.44,-2.5996275,8927
5.29,-1.2029574,8927
5.21,-1.808124,8927
5.08,-4.984706,8927
4.92,1.3841935,8927
4.79,1.6873461,8927
4.78,1.3841935,8927
7.05,-0.799618,9829
8.1,-2.9810188,6578
8.85,1.9969358,11491
8.0,-2.475725,11491
7.77,1.3731418,11491
7.39,1.2388248,11491
7.06,0.67421436,11491
8.96,5.086154,4235
8.85,-0.13734353,4235
8.41,0.2909799,4235
8.36,-0.84018826,4235
8.36,2.8904834,4235
8.28,1.892439,4235
7.92,-0.3631891,4235
7.89,-1.332675,4235
7.75,1.5531774,4235
7.72,1.3091712,4235
7.68,-0.9665462,4235
7.66,0.5107058,4235
7.66,-0.2430776,4235
7.62,-2.5509682,4235
7.58,-1.3474079,4235
7.58,0.58215904,4235
7.54,-1.0893263,4235
7.5,-0.54678595,4235
7.47,1.3604724,4235
7.46,0.3664745,4235
7.42,0.70940363,4235
7.37,1.6834555,4235
7.37,0.43629768,4235
7.34,-0.04235111,4235
7.31,0.34137848,4235
7.25,-1.620192,4235
7.21,-2.3872693,4235
7.05,1.1598122,4235
7.04,-1.2943904,4235
7.02,-1.1528023,4235
6.96,0.49624398,4235
6.92,0.96198976,4235
6.92,3.7022805,4235
6.72,0.054352276,4235
6.03,-0.9219303,4235
9.0,-1.0773213,13629
6.17,-3.0588157,17223
4.37,-8.030303,17223
6.62,-0.42176905,9922
6.6,0.046024173,9922
5.58,-0.48437062,14956
7.02,0.41927826,10410
6.87,-0.25100073,10629
8.1,2.770735,10141
7.6,0.41809282,10141
7.5,1.2567595,10141
7.4,-0.26338676,10141
7.3,1.1300284,10141
7.1,0.22356531,10141
7.1,-1.3962874,10141
6.9,-4.457096,10141
6.6,0.7127272,10141
6.6,0.77328455,10141
6.6,0.40749663,10141
6.5,1.3042418,10141
6.5,-0.66515243,10141
6.5,-0.63199353,10141
6.4,-2.112428,10141
6.4,1.933835,10141
6.3,-3.6536224,10141
6.3,-6.0279593,10141
6.3,0.40749663,10141
6.3,-3.6475668,10141
6.3,-3.198734,10141
6.2,-2.0929942,10141
6.2,0.70287824,10141
6.1,0.16108903,10141
6.0,-4.9406667,10141
6.0,1.9080387,10141
5.9,-0.90878356,10141
5.8,-0.4279128,10141
5.7,-1.2754744,10141
5.3,2.9542544,10141
4.7,-1.142563,10141
7.19,0.7081405,13567
6.3,0.07744805,1585
6.0,0.20956042,1646
5.96,0.59420455,1646
5.75,-0.20917073,1646
5.64,-1.5070381,1646
5.64,-0.9658052,1646
5.6,0.7507787,1646
5.6,-0.5774466,1646
5.57,0.260427,1646
5.48,0.075616315,1646
5.41,-0.6700239,1646
5.4,-0.20578271,1646
5.33,-1.7106836,1646
5.07,0.25173432,1646
8.22,2.1907518,4617
7.04,-0.07682848,4617
6.85,-3.955252,4617
6.85,-2.4599469,4617
6.73,-1.3800874,4617
6.72,-0.5233513,4617
6.6,-2.5849943,4617
6.54,0.5928633,4617
6.42,-0.5921558,4617
6.4,-4.5253334,4617
6.37,-4.351904,4617
6.37,-2.0928445,4617
6.34,-4.653079,4617
6.3,-3.6642416,4617
6.23,-1.4379673,4617
6.15,-3.9244497,4617
6.14,-4.5234656,4617
6.13,-3.6023154,4617
6.05,-2.3500755,4617
6.0,-1.9608543,4617
5.93,1.8621745,4617
5.92,0.1889405,4617
5.85,-2.4954994,4617
5.84,-2.7626078,4617
5.83,-2.725207,4617
5.82,-0.6963377,4617
5.8,1.3798711,4617
5.75,-3.4084747,4617
5.73,-4.373397,4617
5.66,2.3636441,4617
5.64,-3.6663356,4617
5.62,-1.1132902,4617
5.5,-3.0832255,4617
5.42,-1.0536233,4617
5.38,-0.9107863,4617
5.29,-1.3765221,4617
5.24,0.5374721,4617
5.19,-0.36812314,4617
4.95,-2.6098568,4617
4.94,-2.6098568,4617
4.94,-3.3661318,4617
4.9,-0.9613472,4617
4.71,-0.9813403,4617
4.63,-0.9613472,4617
4.25,-4.426827,4617
8.52,2.8353093,12026
8.3,2.6658053,12026
8.3,-1.9082726,12026
8.3,-1.5187991,12026
7.58,-3.6585572,12026
7.08,-3.922507,12026
6.31,-4.2916074,1300
6.48,-4.664992,1205
6.3,-6.4047823,1205
6.25,-1.5732981,1205
6.2,-2.372905,1205
6.2,-0.7943709,1205
6.2,-1.1236601,1205
6.2,-0.12525159,1205
6.1,2.9351878,1205
6.07,-4.3801637,1205
6.0,-3.2460134,1205
5.96,-0.38626736,1205
5.9,-1.8158083,1205
5.8,-1.5638275,1205
5.79,-1.5808045,1205
5.74,-4.9305587,1205
5.7,-1.6220636,1205
5.69,2.5585797,1205
5.69,2.3014324,1205
5.6,-1.8974586,1205
5.5,-5.2785163,1205
5.5,-6.795692,1205
5.36,-4.4390016,1205
5.3,-1.8219522,1205
5.0,-3.370245,1205
4.69,-2.7995896,1205
4.3,-0.75779176,1205
6.22,-2.6155212,16965
5.52,-3.8447478,16965
5.52,-3.9430537,16965
5.52,-4.8859224,16965
5.4,-4.4621463,16965
5.05,-6.038828,16965
4.68,-2.838319,16965
4.46,-4.58097,16965
7.97,1.8416975,4352
7.97,2.535504,4352
7.94,1.9843893,4352
7.9,-0.03098293,4352
7.89,0.21977675,4352
7.79,0.6493547,4352
7.73,2.9922523,4352
7.68,-0.025271311,4352
7.6,1.7357891,4352
7.58,-0.4573306,4352
7.55,0.8837626,4352
7.22,0.66271853,4352
6.63,-1.0976588,4352
7.59,-0.13032097,9487
7.59,1.1705068,9487
7.57,0.12771913,9487
6.51,1.3531959,9487
7.46,-0.589653,9705
9.0,2.4058135,11159
8.7,0.79280794,11159
8.3,0.71864474,11953
6.44,0.15152444,6659
7.47,-0.4612382,14367
7.35,-0.5138098,14367
7.33,-1.316603,14367
7.27,-1.5811454,14367
7.23,-0.07678607,14367
7.19,-0.9556446,14367
6.98,-1.160359,14367
8.68,-4.1885104,7231
7.62,-0.16289957,7231
7.57,0.8924446,7231
7.56,-1.8912683,7231
7.4,0.68591654,7231
7.35,-5.464153,7231
7.29,-5.564601,7231
7.09,-2.1062038,7231
7.07,-4.8270674,7231
8.07,-2.636302,4916
7.97,-2.5903761,4916
7.81,-0.8973433,4916
7.7,1.8118876,4916
7.49,-4.089389,4916
7.46,-0.1320678,4916
7.37,-5.4734936,4916
7.3,-3.5715725,4916
7.24,-2.9117866,4916
7.18,-4.3943963,4916
7.15,-3.8209474,4916
7.12,-2.4912612,4916
6.99,-2.495507,4916
9.1,-1.1033182,14041
8.49,-3.1948795,14041
8.47,-3.182064,14041
8.17,2.374461,14041
8.16,-4.4759555,14041
8.15,-2.496308,14041
7.98,-0.46538416,14041
7.77,4.1498356,14041
7.67,1.2936423,14041
7.59,-1.3590122,14041
7.32,-3.394185,14041
6.9,2.4957266,14041
6.87,-2.4145455,14041
6.66,-0.15814401,14041
6.97,-0.7192489,8081
7.0,-2.8709393,12086
6.82,0.92714655,12086
6.54,-0.73251176,12086
6.47,-0.30511492,12086
6.43,-2.54367,12086
5.71,-2.6651406,12086
5.31,-1.9637597,12086
9.3,2.091078,3732
9.1,1.6328639,3732
7.97,1.0819628,3732
7.96,-0.78933,3732
7.65,-0.80793226,3732
7.64,-0.018378947,3732
7.49,1.0988997,3732
7.43,-0.23101826,3732
7.37,-0.12241548,3732
7.35,-0.95929015,3732
7.12,-0.12241548,3732
6.97,-2.256114,3732
6.92,-1.6781756,3732
6.91,-1.3852975,3732
6.87,0.16862884,3732
6.64,-2.694403,3732
6.46,-2.501456,3732
6.45,-3.2371416,3732
7.48,0.393582,10000
6.82,-3.088121,10000
6.58,-2.9459238,10000
6.17,0.94769776,10000
7.68,4.0053716,10602
8.15,0.84387565,17870
6.36,0.4043195,17870
6.23,-1.0554105,17870
5.93,-0.14087434,17870
5.24,-2.7414894,17870
5.52,-2.382511,10330
6.6,-2.943169,7583
5.23,-0.7766001,9299
4.91,-1.6253343,9299
7.28,0.44625378,2763
7.13,0.57411814,2763
9.82,-0.7324642,8038
9.68,-2.1498334,8038
9.66,-1.87222,8038
9.63,0.5609304,8038
9.62,-1.892287,8038
9.62,0.5609304,8038
9.6,0.74871373,8038
9.6,0.7940488,8038
9.52,0.27126014,8038
9.51,-0.36753517,8038
9.51,-4.1662636,8038
9.5,-0.7324642,8038
9.49,-2.1498334,8038
9.48,-0.4934142,8038
9.44,1.7077075,8038
9.38,-0.48791024,8038
9.36,0.5003809,8038
9.35,-1.7158245,8038
9.31,-0.6156714,8038
9.29,-4.1662636,8038
9.26,0.7265302,8038
9.26,2.0768852,8038
9.26,1.7077075,8038
9.25,-0.09007184,8038
9.25,-0.9165548,8038
9.23,0.7265302,8038
9.23,-1.0932524,8038
9.16,-0.9165548,8038
9.15,-0.6156714,8038
9.14,-1.0914894,8038
9.13,-1.87222,8038
9.12,-0.3182015,8038
9.11,-3.7752705,8038
9.02,-3.284704,8038
9.0,-1.8310394,8038
8.99,-1.6963171,8038
8.99,-1.2914373,8038
8.98,-1.7819232,8038
8.97,-0.37058485,8038
8.96,-0.58256817,8038
8.95,-1.3336921,8038
8.94,-1.8310394,8038
8.92,-0.5271057,8038
8.88,-1.4127698,8038
8.87,-0.14917004,8038
8.84,-4.1662636,8038
8.84,-0.14917004,8038
8.75,-0.58256817,8038
8.69,-6.3633437,8038
8.61,-4.1662636,8038
8.52,-4.8709135,8038
8.52,-3.293937,8038
8.5,-0.29742044,8038
8.49,-2.2911007,8038
8.42,-3.8537614,8038
8.32,-1.4587816,8038
7.95,2.707348,8038
7.58,1.0071133,8038
7.13,3.238039,8038
6.9,0.5684074,8038
6.87,-0.2921634,8038
6.67,1.0823529,8038
6.31,-0.13278359,8038
5.75,-2.9718306,8038
5.46,-3.279556,8038
7.46,2.5094535,11852
7.25,-4.0761333,11852
7.06,-0.23683378,11852
6.82,-0.9555919,11852
6.59,-2.0112727,11852
6.58,-3.7027705,11852
6.36,-1.7993827,11852
6.58,1.7746761,12074
6.54,0.25952235,6747
8.52,4.5375333,11779
5.74,-4.941757,4503
5.42,-4.8425097,4503
5.24,-6.2435155,4503
5.18,-4.506199,4503
4.93,-5.0648103,4503
8.03,2.5527759,7133
6.38,-0.876984,584
5.75,-1.5327892,584
5.61,-5.354671,584
5.56,-4.4746633,584
5.45,-2.0156887,584
5.43,-1.9626824,584
5.41,-4.8174505,584
5.35,-3.0748205,584
5.23,-5.0725245,584
5.16,-5.100473,584
5.07,-5.6617484,584
5.04,-5.969882,584
4.99,-1.8774507,584
4.84,-4.283359,584
4.66,-3.0625343,584
4.55,-3.282058,584
4.51,-7.2637744,584
4.5,-3.8394258,584
4.42,-4.818076,584
4.34,-2.1957417,584
4.33,-7.131375,584
4.82,-0.049341105,3439
7.68,-4.0454144,8602
6.99,-3.0898726,8602
6.54,-5.034857,8602
6.14,-5.2727165,8602
6.11,-2.726918,8602
5.95,-4.0664115,8602
5.14,-2.5419052,8602
4.92,-0.9143063,8602
8.35,1.0941701,13542
8.31,0.6834028,13542
8.31,-0.6066444,13542
8.27,5.0212693,13542
8.27,0.029608898,13542
8.23,0.71468186,13542
8.19,0.63500774,13542
8.17,-0.79394245,13542
8.15,-3.2991564,13542
8.15,3.5310433,13542
8.15,0.63500774,13542
8.14,-0.41776136,13542
8.07,6.120615,13542
8.05,2.6859705,13542
8.04,3.584345,13542
8.02,-1.424723,13542
7.92,2.0036526,13542
7.92,1.2764311,13542
7.9,-0.27927765,13542
7.85,-1.0677546,13542
7.84,0.5223659,13542
7.81,3.3442714,13542
7.75,-0.35835963,13542
7.52,0.009740192,13542
7.46,-2.8729599,13542
7.44,-1.755975,13542
7.39,-0.75992715,13542
7.25,-0.9537773,13542
6.99,-2.2139018,13542
6.96,0.19974212,13542
6.85,1.0529302,13542
6.84,-2.2763913,13542
6.64,-3.120967,12802
6.54,-6.055447,12802
6.24,-4.3607626,12802
5.16,0.9254849,615
4.92,-1.9072866,615
4.62,-3.5487235,615
6.31,0.6761277,10031
7.03,-0.050911866,504
6.82,-1.5425829,504
5.75,-2.0535126,2122
7.96,0.18613261,3854
7.42,-2.9689407,3854
5.4,0.77120566,16544
7.05,-0.4479575,5490
9.3,1.2993844,1353
9.19,-1.3558369,13252
8.39,0.25929224,13252
8.12,0.10726911,13252
8.0,-0.14570868,13252
7.04,-2.6769114,13252
7.75,1.1099495,4623
8.15,-1.0205122,16481
7.75,-0.30257225,16481
7.75,0.7655412,16481
7.72,-0.3420386,16481
7.68,0.65009534,16481
7.64,-0.8708706,16481
7.6,1.9032047,16481
7.57,1.4029027,16481
7.44,-1.5254667,16481
7.34,0.34585539,16481
7.32,-1.2410465,16481
7.29,0.6281791,16481
7.26,0.9125867,16481
7.12,-0.48333576,16481
7.11,0.2598133,16481
7.11,2.358977,16481
7.02,1.1792966,16481
6.85,-1.5793554,16481
6.64,1.2625114,16481
6.58,0.39567626,16481
6.26,-0.3317023,16481
9.28,2.199033,4750
6.24,-4.2043486,4750
8.0,-0.11095807,15030
5.47,0.03072734,2292
7.55,-3.1302629,3280
7.37,-0.95314336,3280
8.17,-0.45784587,12685
8.05,3.2364373,12685
8.05,-1.8696789,12685
7.68,0.005603116,12685
7.36,1.4035013,12685
7.3,0.5590458,12685
7.28,-0.32441333,12685
7.12,-1.3421782,12685
6.92,-2.4611993,12685
6.9,-1.57446,12685
6.09,-0.5171124,12685
6.02,-0.76895416,12685
5.97,-3.0509148,12685
5.86,-5.5540953,12685
5.62,-4.2268267,12685
5.61,-1.4852294,12685
5.46,-1.3432705,12685
5.41,-4.828828,12685
5.41,-2.8811219,12685
5.33,-5.9128785,12685
5.11,-1.1887594,12685
4.87,0.9698354,12685
4.8,-1.1596386,12685
4.79,-0.7686477,12685
4.72,-1.9651562,12685
4.5,-2.0071614,12685
4.4,-2.8977494,12685
4.32,-0.4167975,12685
7.27,0.19842441,9551
7.17,-4.714837,9551
7.07,-3.1823452,9551
7.0,-6.308011,9551
6.76,-6.96176,9551
6.69,-3.4111466,9551
8.7,-0.56983376,10093
7.28,-0.11134413,10093
7.76,0.7862586,5538
7.57,1.9433849,5538
8.22,0.4315206,14625
5.4,-1.1473441,17553
5.3,-3.3122928,17553
5.16,-0.7073928,17553
5.4,-4.245047,3885
5.26,-0.2242874,365
4.07,-2.5086942,7768
5.5,-1.9662302,15322
5.09,-1.7272962,15766
7.72,-2.2420278,16714
7.68,-1.3443975,16714
7.57,-1.3882507,16714
7.51,0.26007673,16714
7.38,-0.8649343,16714
7.35,-0.69621444,16714
7.31,-0.1508773,16714
7.29,-3.3460286,16714
7.22,2.048565,16714
7.21,0.64811647,16714
7.21,0.16984293,16714
7.08,0.89543915,16714
7.04,0.15700996,16714
6.92,-0.9049814,16714
6.88,0.3178437,16714
6.84,-3.1433117,16714
6.78,0.3706758,16714
6.78,-4.138855,16714
6.75,-1.5933794,16714
6.61,0.49517044,16714
6.33,-2.2016132,16714
6.16,-1.6963866,16714
6.07,-0.41232714,16714
5.71,-1.2592695,16714
5.04,-3.0440292,16714
7.89,2.2667015,1540
6.85,0.07118158,1540
7.54,1.7624899,2492
7.42,-0.28472975,2492
7.38,-0.60655487,2492
7.1,-1.0732594,2492
6.87,-0.42070037,2492
6.71,-0.37747145,2492
6.66,-0.7622614,2492
6.25,-1.3745946,2492
6.08,1.7265651,2492
5.91,-2.0909858,2492
5.89,-2.997037,2492
5.67,-1.1078761,2492
5.62,-4.4808207,2492
5.43,-2.2874143,2492
4.89,-3.0962272,10354
7.19,-0.13601011,4034
7.15,2.180515,4034
6.88,-1.3139387,4034
6.61,-2.7072597,4034
7.47,4.310863,12353
7.44,3.033399,12353
7.34,2.5406315,12353
6.81,3.5092041,12353
6.28,3.1432087,12353
8.68,-1.8385729,5021
8.2,-1.0109628,5021
8.07,1.5270643,5021
8.06,-1.5570371,5021
8.04,-0.095736906,5021
7.97,0.71564114,5021
7.86,-1.2724621,5021
7.61,1.0570807,5021
7.59,-0.13841556,5021
7.58,1.3455968,5021
7.54,-2.1411545,5021
7.54,-1.0500386,5021
7.54,-2.4054132,5021
7.49,-1.2948071,5021
7.49,-2.5961113,5021
7.31,-1.5096757,5021
7.22,-1.6185861,5021
7.2,-2.2103171,5021
7.19,0.5570109,5021
7.17,-0.68846536,5021
7.14,-0.6249975,5021
7.12,-1.6705046,5021
7.01,-2.189707,5021
6.99,0.24228004,5021
6.98,0.34330627,5021
6.9,-4.2858405,5021
6.87,-3.084369,5021
6.58,-1.1770847,5021
6.5,-0.8025713,5021
6.46,1.6721158,5021
6.4,0.40450397,5021
6.37,-1.3765843,5021
6.34,-1.1501124,5021
6.28,-1.8993556,5021
6.24,-1.7230723,5021
6.17,-0.09176243,5021
6.11,-2.5519562,5021
5.88,-2.8569345,5021
5.85,-3.3805516,5021
5.65,-1.3296803,5021
8.3,-1.8399823,1438
8.22,-3.6533754,1438
7.82,1.618854,1438
7.7,1.1119231,1438
7.4,-0.52280426,1438
7.26,-1.5382861,1438
6.98,1.6789556,1438
6.89,-1.2668942,1438
6.55,-2.2347064,1438
6.22,-6.0286665,1438
5.8,-4.404039,1438
5.55,-1.8651536,1438
5.54,-3.2191978,1438
5.3,-5.521526,1438
8.7,0.8286209,1177
6.87,0.45744464,1177
6.85,0.8353938,1177
6.84,1.351905,1177
6.64,0.66106844,1177
6.41,-1.724083,1177
6.4,-1.5265557,1177
6.36,-1.205699,1177
6.33,-1.2979075,1177
6.3,0.33671793,1177
6.26,-0.015911669,1177
6.19,0.48336115,1177
6.18,-1.7197459,1177
6.16,-1.2506087,1177
6.12,0.2064318,1177
6.0,-0.39834207,1177
6.0,-4.1248217,1177
6.0,-1.4484162,1177
5.77,-1.7598783,1177
6.41,-0.81434524,9720
8.96,0.612831,14263
8.66,-2.794082,14263
8.62,1.4916261,14263
8.54,-2.4135878,14263
8.51,-1.9612448,14263
8.4,-1.9439474,14263
8.37,1.4196762,14263
8.21,-3.3130891,14263
8.21,-2.375077,14263
8.21,-2.5337722,14263
8.16,-0.8266456,14263
8.12,-2.1404908,14263
8.09,3.3375838,14263
8.06,-6.3177733,14263
7.84,-3.9518661,14263
7.82,-1.9651849,14263
7.81,4.3532305,14263
7.78,0.56697464,14263
7.72,-1.2851042,14263
7.71,-0.2012664,14263
7.67,-3.5770442,14263
7.61,-3.8799667,14263
7.48,1.5790854,14263
7.46,-4.5008783,14263
7.3,-2.6066792,14263
7.24,1.3505093,14263
7.21,-5.5678196,14263
7.12,-0.80170727,14263
7.06,-1.1637031,14263
7.02,-5.1040335,14263
7.0,3.0010405,14263
6.94,-6.4187226,14263
6.89,1.0051299,14263
6.68,0.0758763,14263
6.67,-4.5397835,14263
6.58,-3.8520744,14263
6.56,-1.6028404,14263
6.49,2.627598,14263
6.18,-3.6505115,14263
6.21,-1.3083359,14152
8.24,1.6501335,10692
8.2,-1.5399386,10692
7.66,1.337468,10692
7.48,-1.7967452,10692
7.42,0.6970805,10692
7.38,-4.6389513,10692
7.24,1.8023173,10692
7.04,1.0151283,10692
6.75,-0.43471006,10692
6.3,-0.09041432,10692
6.2,-1.1744628,10692
4.62,-0.47074097,2512
8.08,0.3862177,3577
7.66,-1.0949633,2308
6.53,-4.3086705,2308
6.14,-4.673471,2308
6.12,-2.604795,2308
6.09,-1.8908291,2308
6.09,2.6566675,2308
6.09,-2.2197943,2308
6.03,-0.28607515,2308
6.02,1.006756,2308
6.0,-8.639324,2308
5.95,-6.717021,2308
5.92,-6.23651,2308
5.9,-3.9095733,2308
5.8,-2.91296,2308
5.78,-2.1256025,2308
5.73,-9.050387,2308
5.67,-3.8186793,2308
5.67,-3.1636605,2308
5.6,-2.3110726,2308
5.6,-5.1549954,2308
5.55,-6.706321,2308
5.52,-4.6339855,2308
5.5,-1.2289145,2308
5.46,-2.8498545,2308
5.44,0.13167417,2308
5.43,-1.9829547,2308
5.43,-3.4304829,2308
5.41,0.43831035,2308
5.4,-5.932194,2308
5.39,-6.7732086,2308
5.38,-0.31027368,2308
5.38,-5.165633,2308
5.33,-0.98247063,2308
5.3,-2.7697628,2308
5.29,2.0139554,2308
5.29,2.0139554,2308
5.29,-5.4928837,2308
5.25,-7.6282654,2308
5.21,-2.9092386,2308
5.1,-3.7888262,2308
5.1,-8.173794,2308
5.06,-7.392068,2308
4.96,1.3220767,2308
4.92,-4.0321903,2308
4.85,-5.511807,2308
4.76,-7.8426495,2308
4.67,2.5305717,2308
4.64,-3.384743,2308
4.62,-3.7776806,2308
4.6,-2.4029331,2308
4.58,-7.17366,2308
4.5,-4.923375,2308
7.52,-0.44061837,2646
7.05,0.6664233,2646
5.92,-2.651897,2646
5.68,1.6049705,2646
5.58,-4.2868032,2646
5.49,-0.63167346,2646
4.92,-1.9432536,2646
4.82,-3.387449,2646
4.8,-0.776821,2646
4.74,-5.4759026,2646
4.7,-2.94875,2646
4.7,-2.6893408,2646
4.67,-4.3347836,2646
4.61,-5.7351403,2646
4.6,-5.342915,2646
4.57,-3.7013,2646
4.54,-1.6386652,2646
4.54,-2.81615,2646
9.3,-1.112756,2482
6.85,-0.7966722,5196
5.8,0.30310416,5196
5.19,-0.7637303,5196
6.68,-0.77000165,16671
6.18,-1.4213154,16671
5.96,-3.8258004,16671
4.24,-0.79687834,16671
9.3,-1.7328403,1937
7.3,-0.39722034,2469
5.06,-4.277159,2469
6.67,-0.9739655,13455
6.16,-0.5954685,13455
6.16,-1.4979364,4282
5.28,-3.883436,4282
5.89,2.442029,14826
8.52,0.46406707,3697
8.4,0.18320307,3697
8.0,0.28843954,3697
7.7,-3.0763912,3697
7.7,-0.8601463,3697
7.7,-2.0042493,3697
7.52,-5.0126243,3697
7.52,-1.6785992,3697
7.4,-1.8421683,3697
7.05,0.3435895,3697
6.68,-0.47530732,15987
6.35,-0.45980424,5577
8.8,-0.7663194,8957
8.7,-2.0163715,8957
8.7,-4.1324487,8957
8.4,-1.8126972,8957
8.2,-1.5970316,8957
8.1,-1.7657945,8957
8.1,-3.0978343,8957
7.9,-2.0410664,8957
7.9,-0.0034245532,8957
7.9,-1.7362367,8957
7.9,-3.696148,8957
7.9,-0.2517687,8957
7.9,-1.1948189,8957
7.8,-4.1350656,8957
7.8,1.4364855,8957
7.8,-2.4296796,8957
7.7,-2.4368992,8957
7.7,3.7956212,8957
7.7,-3.893907,8957
7.7,0.54567504,8957
7.6,-3.176988,8957
7.6,-1.8925849,8957
7.6,0.81215465,8957
7.6,-1.324706,8957
7.5,-0.8408643,8957
7.5,-0.40913624,8957
7.3,-0.8270885,8957
7.3,-2.6602845,8957
7.0,-1.4285759,8957
7.0,-1.747478,8957
6.9,-3.130642,8957
6.9,-0.66507876,8957
6.7,-0.5500673,8957
6.7,-0.065438256,8957
6.7,-4.708445,8957
6.6,-5.76521,8957
6.6,-2.898294,8957
6.5,0.13582769,8957
6.4,-3.9065516,8957
6.4,-2.971505,8957
6.4,-6.1566195,8957
6.3,-7.0725927,8957
6.2,-3.653334,8957
6.1,-1.2342327,8957
5.9,-7.003796,8957
5.9,-3.4869535,8957
5.8,-1.4596529,8957
5.8,0.5718001,8957
5.8,-4.626573,8957
5.8,0.31830072,8957
5.8,-4.8382983,8957
5.7,-0.17850369,8957
5.7,-6.5228553,8957
5.6,-0.5171418,8957
5.4,-1.1298229,8957
5.4,-0.7946714,8957
9.54,0.98552084,5468
9.43,-0.3501945,5468
9.35,-1.2636766,5468
9.08,1.5310073,5468
8.62,3.554715,5468
8.62,1.262539,5468
8.36,0.30593038,5468
8.33,-3.4236212,5468
8.23,-3.2920907,5468
8.17,2.1486647,5468
8.15,-2.5906255,5468
8.12,-1.4460565,5468
7.96,-0.6698166,5468
7.89,-1.5028434,5468
7.66,1.4817072,5468
7.62,-5.4276953,5468
7.52,-3.1202397,5468
7.52,-0.14515129,5468
7.43,0.39627442,5468
7.13,-2.0978734,5468
7.05,-3.1842792,5468
6.85,-3.223004,5468
6.62,-3.8759534,5468
6.21,-2.6788652,5468
6.14,-5.946736,5468
5.37,-0.3753531,16890
8.12,-2.0931718,13547
7.72,-5.0511255,13547
7.32,-7.073881,13547
7.54,0.12810922,13183
7.0,0.07734015,13183
7.6,1.8770642,10949
6.61,0.66466224,1939
6.1,-0.9362005,1939
6.1,0.045539413,1939
5.56,-1.2938825,1939
5.33,-1.1456074,1939
8.16,1.8184566,14111
7.8,-3.0719402,14111
6.0,2.0349905,14111
8.55,4.6844134,6630
8.48,3.841029,6630
8.4,2.58671,6630
8.34,3.416472,6630
8.28,2.5556624,6630
8.19,0.68274164,6630
7.64,2.5556624,6630
7.57,-0.6824559,6630
7.5,0.68274164,6630
7.41,-1.5344715,6630
7.28,-0.5154489,6630
7.09,-2.0117157,6630
7.07,2.5556624,6630
7.04,-1.2768952,6630
7.0,-0.7921554,6630
6.43,-0.2736672,6630
5.72,-0.09239021,6630
5.66,-5.3651576,6630
5.47,-3.3291767,6630
9.0,-0.836516,17851
8.4,-0.6447755,17851
8.22,-0.115317866,17851
8.22,1.7750962,17851
8.1,1.9780469,17851
8.1,3.8382568,17851
8.1,0.22565567,17851
7.96,-0.9599087,17851
7.89,1.3062592,17851
7.85,1.7314205,17851
7.82,-0.9425609,17851
7.72,-1.5132258,17851
7.64,-1.2083554,17851
7.6,-0.35867885,17851
7.48,0.09132445,17851
7.44,2.5353658,17851
7.17,-3.359289,17851
7.08,2.919623,17851
6.53,1.4421139,17851
6.4,-0.6074127,17851
8.52,0.7078966,13360
7.99,2.8768516,13360
7.88,1.8626657,13360
7.66,-0.29514113,13360
7.63,-1.2825043,13360
7.39,1.077825,13360
7.02,-0.38288462,1185
8.4,-0.6985481,7606
8.4,-0.7248322,7606
8.3,-1.5675023,7606
8.3,0.8020035,7606
8.22,1.3427389,7606
8.22,-1.4189639,7606
8.22,1.7646474,7606
8.05,0.7633474,7606
8.0,2.1119606,7606
8.0,-1.1072698,7606
7.96,0.12951924,7606
7.92,1.7107061,7606
7.92,-0.81140065,7606
7.89,0.6756393,7606
7.89,1.7858784,7606
7.85,-3.9964283,7606
7.85,0.71628773,7606
7.85,-0.1142956,7606
7.85,-2.8126233,7606
7.82,-1.0170876,7606
7.82,0.4895762,7606
7.8,0.060904972,7606
7.8,2.5534048,7606
7.77,-1.2213473,7606
7.77,-3.1321797,7606
7.75,1.0797135,7606
7.72,-0.6607355,7606
7.68,-1.3057939,7606
7.58,2.678237,7606
7.58,1.3058693,7606
7.58,-0.043325022,7606
7.55,2.1871855,7606
7.54,-1.0646641,7606
7.54,1.2125174,7606
7.52,0.89850163,7606
7.51,-1.9670149,7606
7.51,-3.1563087,7606
7.51,-0.45762134,7606
7.48,-0.41365954,7606
7.47,-1.9266446,7606
7.46,-4.19181,7606
7.39,2.4321241,7606
7.34,0.80398214,7606
7.34,-1.8380965,7606
7.34,-1.7968019,7606
7.28,-2.3883092,7606
7.26,-0.8260429,7606
7.22,-1.5944916,7606
7.17,0.54353654,7606
7.17,1.1299934,7606
7.17,-2.096934,7606
7.16,-1.3796828,7606
7.15,-1.2275845,7606
7.14,0.17992958,7606
7.11,-2.567025,7606
6.97,-0.60236466,7606
6.93,0.7625725,7606
6.83,-0.7942662,7606
6.83,-4.724006,7606
6.79,2.0432289,7606
6.72,-0.1072542,7606
6.68,1.1037664,7606
6.57,-5.979472,7606
6.56,-4.4576283,7606
6.56,-2.555976,7606
6.46,-1.6230135,7606
6.46,-1.652701,7606
6.39,-1.3258345,7606
6.39,-4.2138367,7606
6.35,-3.3172817,7606
6.32,-1.8519459,7606
6.22,0.033509083,7606
6.22,0.372323,7606
6.2,-2.759595,7606
6.19,-0.43810186,7606
6.19,0.2313548,7606
6.15,-1.7691046,7606
6.05,1.2107377,7606
5.82,-2.6412053,7606
6.24,0.9472598,16581
5.72,0.9472598,16581
5.43,-1.1625565,16581
5.0,-0.98302126,16581
8.1,0.1804283,9139
7.85,-0.40498585,6514
7.8,0.043204222,6514
7.68,-1.791445,6514
7.62,-1.3149878,6514
7.52,-1.6445007,6514
7.51,-0.25444737,6514
7.48,-0.23184429,6514
7.29,-1.0375873,6514
7.14,0.7026626,6514
6.55,2.189845,6514
6.55,-1.3764408,6514
6.44,0.9125533,6514
6.29,3.3712912,6514
6.17,-1.687106,6514
6.09,1.5075873,6514
5.96,-2.8740923,6514
5.91,-1.8442998,6514
7.22,1.1946242,6704
7.16,2.559448,6704
7.1,-0.42394578,6704
6.52,-2.458859,6704
6.05,-1.7950952,6704
5.98,-1.1409292,6704
5.82,-2.697592,6704
5.78,0.7640145,6704
5.66,-5.046878,6704
5.58,-4.347541,6704
5.58,-2.4938328,6704
5.42,-7.2660155,6704
5.37,-5.4562783,6704
5.28,-6.5145555,6704
5.24,-7.2266793,6704
5.17,-5.3794146,6704
4.98,-7.6473,6704
6.31,-4.7162786,9802
6.85,0.03414938,16283
5.47,-1.1416966,16283
5.37,-3.557077,16283
5.25,-1.5014623,16283
5.06,-7.7961907,16283
4.8,-1.9258152,16283
5.25,-1.282836,3910
9.05,2.2051609,9593
8.64,1.1847342,9593
8.19,0.9127053,9593
7.25,2.5230777,9593
6.47,-0.72914135,11714
8.0,2.165662,5736
8.52,3.9707582,1275
8.3,1.3999779,1275
8.3,2.5348494,1275
8.22,2.7047174,1275
8.15,1.0949937,1275
8.15,0.8592411,1275
8.1,2.1400752,1275
8.1,2.2608943,1275
8.0,3.0023682,1275
7.96,-2.059953,1275
7.96,0.93123436,1275
7.62,4.201958,1275
7.44,2.2677343,1275
7.4,-0.06408612,1275
7.32,-0.32263014,1275
7.26,-1.2264766,1275
7.25,-0.8160832,1275
7.16,-0.6479479,1275
7.16,1.8093847,1275
7.12,0.18740976,1275
7.02,-0.37939724,1275
7.0,2.2455153,1275
6.85,2.4708028,1275
6.75,1.6804447,1275
6.55,-0.88297164,1275
6.41,2.6275153,1275
6.2,-0.9812896,1275
6.19,-1.0988704,1275
6.12,0.15414107,1275
6.12,-1.1798278,1275
5.77,0.9547535,1275
6.37,-0.33750862,14944
7.3,-0.20978367,1017
7.96,-0.29137313,13671
5.16,-6.9941306,4809
5.12,-0.9830575,4809
8.4,-1.6287075,11164
8.22,-0.06658687,11164
8.05,1.3747759,11164
8.05,2.5084977,11164
8.0,1.332628,11164
8.0,-3.7690887,11164
8.0,0.10937142,11164
8.0,-1.3298154,11164
8.0,1.9019128,11164
8.0,0.6119636,11164
8.0,2.7441826,11164
8.0,-0.564999,11164
8.0,-0.74639606,11164
8.0,-0.36047944,11164
8.0,3.0564053,11164
8.0,0.9278172,11164
8.0,-0.6804404,11164
8.0,-3.040004,11164
8.0,0.24245906,11164
8.0,-0.61877346,11164
8.0,-1.4914107,11164
8.0,0.5326923,11164
8.0,0.20821646,11164
8.0,-0.21610196,11164
8.0,0.3699012,11164
8.0,-0.4478528,11164
8.0,2.6912758,11164
8.0,-3.9117286,11164
8.0,0.5570557,11164
8.0,1.6128894,11164
8.0,5.2745957,11164
8.0,0.9436356,11164
8.0,2.9123583,11164
8.0,-0.97188663,11164
8.0,-4.054596,11164
8.0,1.79724,11164
8.0,2.4646635,11164
8.0,3.213236,11164
8.0,-2.6886013,11164
8.0,-1.3156987,11164
8.0,-0.04499541,11164
8.0,-0.12057941,11164
8.0,-5.9146566,11164
8.0,0.24602105,11164
8.0,-1.7614216,11164
8.0,0.5950941,11164
8.0,-0.96233845,11164
8.0,2.1189728,11164
8.0,-4.128999,11164
8.0,-0.47463852,11164
8.0,3.2829852,11164
8.0,-2.5053961,11164
8.0,-0.7869415,11164
8.0,3.7021325,11164
8.0,3.1527312,11164
8.0,2.990932,11164
8.0,-1.0392344,11164
8.0,-0.84992754,11164
8.0,3.0208793,11164
8.0,1.136919,11164
8.0,-3.4599366,11164
8.0,1.9837209,11164
8.0,0.025775483,11164
8.0,0.9226663,11164
8.0,0.106767654,11164
8.0,-1.4077721,11164
8.0,1.7106208,11164
8.0,3.0668855,11164
8.0,1.2104052,11164
8.0,0.40968248,11164
8.0,0.50025237,11164
8.0,1.2535671,11164
8.0,-0.72221196,11164
8.0,1.5999612,11164
8.0,3.8117113,11164
8.0,2.626039,11164
8.0,2.6295478,11164
8.0,-0.17036077,11164
8.0,1.6315459,11164
8.0,2.8130014,11164
8.0,1.5058686,11164
8.0,2.9791696,11164
8.0,3.8007095,11164
8.0,2.1190345,11164
8.0,-4.009504,11164
8.0,1.6466116,11164
8.0,3.3188818,11164
8.0,4.5466866,11164
8.0,1.5873531,11164
8.0,3.3214138,11164
8.0,-1.5970731,11164
8.0,0.24412972,11164
8.0,5.6788177,11164
8.0,-0.23333344,11164
8.0,-0.763808,11164
8.0,0.16021788,11164
8.0,2.7147825,11164
8.0,0.17205265,11164
8.0,-1.8930559,11164
8.0,2.5845926,11164
8.0,5.232833,11164
8.0,3.2846625,11164
8.0,-2.3889887,11164
8.0,-1.7700069,11164
8.0,2.3314886,11164
8.0,3.3774664,11164
8.0,0.5258385,11164
8.0,3.3065639,11164
8.0,-1.0960932,11164
8.0,0.11825298,11164
8.0,1.5190011,11164
8.0,1.0959909,11164
8.0,3.8498938,11164
8.0,0.25534958,11164
8.0,1.2970839,11164
7.85,0.4774197,11164
7.85,0.70361507,11164
7.54,0.27489093,11164
7.5,2.1525383,11164
7.33,-2.0864048,11164
7.3,-0.54291165,11164
6.97,1.5251302,8708
5.89,-1.3704827,14912
6.04,-3.1564927,676
4.71,-0.9088323,676
4.56,-4.8817043,676
4.55,-0.62250316,676
4.44,-5.1019497,676
4.24,-3.5626023,676
4.18,-5.7145844,676
4.1,-3.9833648,676
7.94,-5.790133,8221
7.79,-6.7712474,8221
7.59,0.31358975,8221
7.48,-5.931287,8221
7.1,-5.598169,8221
7.0,-4.6676006,8221
9.22,2.164284,16496
9.05,1.4973671,16496
8.92,2.525201,16496
8.92,0.9294019,16496
8.89,-1.6692376,16496
8.85,1.0005887,16496
8.74,0.093786135,16496
8.74,1.0181665,16496
8.68,-0.7163718,16496
8.62,0.30911455,16496
8.6,1.9111959,16496
8.54,3.6412103,16496
8.51,-0.25216126,16496
8.51,0.045646623,16496
8.48,0.15809213,16496
8.44,1.3200207,16496
8.41,0.9583125,16496
8.3,1.3898301,16496
8.3,1.8643589,16496
8.25,3.404271,16496
8.23,0.88272727,16496
8.22,1.8097086,16496
8.17,0.53728485,16496
8.14,1.6287266,16496
8.11,1.5213286,16496
8.08,1.6680055,16496
8.07,-0.7023438,16496
8.0,-1.0080563,16496
7.96,0.98530483,16496
7.96,1.9417815,16496
7.92,-1.00264,16496
7.92,-0.08389481,16496
7.89,-0.39487195,16496
7.88,2.8714547,16496
7.85,1.1944017,16496
7.82,0.83786917,16496
7.75,0.43657932,16496
7.69,-0.8881208,16496
7.68,1.47647,16496
7.68,1.3084143,16496
7.64,1.2887672,16496
7.54,0.79309046,16496
7.51,1.04243,16496
7.41,0.43087846,16496
7.38,-1.5138395,16496
7.33,-0.06818728,16496
7.31,0.31083462,16496
7.24,0.5190083,16496
7.18,-0.062862344,16496
7.11,0.15040007,16496
6.9,-3.4739296,16496
6.54,-2.2687316,16496
6.12,-2.1971273,16496
5.87,-1.3284848,16496
7.46,-2.3688002,4895
5.96,-5.667993,896
5.2,-0.73397946,896
8.33,0.9208602,6877
6.86,-2.0413055,6877
5.68,-3.3105166,6877
6.9,-0.2400833,13424
6.3,1.183024,7268
8.15,1.4536002,15904
8.0,0.49926582,15904
7.85,0.8713602,15904
7.75,-0.35143095,15904
7.72,-0.32600573,15904
7.68,1.9093293,15904
7.64,0.54575026,15904
7.54,0.0095769875,15904
7.52,1.7662765,15904
7.47,-1.5737561,15904
7.41,-1.7617577,15904
7.36,1.9128486,15904
7.34,0.39949423,15904
7.3,-3.3035874e-05,15904
7.28,-1.5818938,15904
7.19,1.0096318,15904
7.15,-0.5175673,15904
7.08,1.0720412,15904
7.01,-1.0536398,15904
6.94,3.5751543,15904
6.9,0.91252315,15904
6.79,-3.250363,15904
6.46,-0.18029982,15904
6.43,-4.592172,15904
6.37,-1.9734354,15904
6.33,0.32954127,15904
6.28,-2.7740111,15904
6.24,-2.1146817,15904
6.11,-0.4708684,15904
5.96,-1.7824475,15904
5.75,-3.1892455,15904
5.68,0.15722077,15904
5.36,0.1099311,15904
5.22,-1.4627854,15904
5.05,-3.8239043,15904
5.0,-1.9940963,15904
4.72,1.0595169,15904
8.0,-2.8460262,11160
7.7,-1.7665687,11160
7.52,-2.8818383,11160
7.4,0.015658937,11160
6.8,0.050492093,16338
6.75,0.035431743,16338
6.7,-0.29051197,16338
6.5,0.5658283,16338
6.38,1.1798993,16338
6.37,2.7029877,16338
6.36,1.1479224,16338
6.28,0.635599,16338
6.13,-0.88984895,16338
6.0,0.54009426,16338
5.92,0.035313778,16338
5.92,1.4644884,16338
5.89,1.7843378,16338
5.89,-0.12985526,16338
5.75,-1.4148445,16338
5.68,1.2332183,16338
5.68,-0.25344908,16338
5.64,1.6669059,16338
5.52,-1.0741125,16338
5.5,-1.5240986,16338
5.17,0.7987869,16338
5.1,-2.7086906,16338
5.8,3.31813,13525
5.6,-2.1186624,13525
5.6,4.202831,13525
5.5,0.11526409,13525
5.4,-0.020974383,13525
5.3,-0.16434816,13525
5.2,4.202831,13525
5.2,0.29474682,13525
5.1,0.89871645,13525
5.1,1.2884843,13525
5.1,0.80849445,13525
5.0,0.6573272,13525
5.0,0.07550821,13525
4.9,1.8633127,13525
4.9,0.063284956,13525
4.8,1.8633127,13525
4.8,0.89871645,13525
4.8,2.4436831,13525
4.7,1.9854599,13525
4.7,-0.0017035156,13525
4.6,0.26036328,13525
4.6,2.4436831,13525
9.7,-0.71366537,3365
9.7,3.3587542,3365
9.7,3.258941,3365
9.7,-0.7053338,3365
9.7,-0.80733037,3365
9.52,-2.4537778,3365
9.4,0.539639,3365
9.4,-2.0465634,3365
9.3,0.9001955,3365
9.22,1.8397976,3365
9.15,0.70032823,3365
9.05,-3.2168033,3365
9.05,0.56886244,3365
8.92,-3.548242,3365
8.89,-4.081857,3365
8.82,-1.2357032,3365
8.72,-5.29875,3365
8.6,3.063717,3365
8.49,-4.32516,3365
8.27,-0.82538915,3365
8.13,-2.7073352,3365
8.09,0.91358566,3365
7.96,0.94897926,3365
7.93,-5.5465007,3365
7.76,-0.38538405,3365
9.3,1.3318393,591
9.22,2.242344,591
9.15,2.630441,591
9.15,-1.5621586,591
9.1,2.596617,591
8.92,-1.90105,591
8.92,-3.1190453,591
8.85,0.83520126,591
8.82,-3.4147875,591
8.77,-1.9458804,591
8.74,-2.9466925,591
8.72,-2.8643982,591
8.64,-3.7484956,591
8.6,-4.617816,591
8.41,-2.754845,591
8.41,-1.5912311,591
8.2,-3.0484307,591
8.17,-3.8428993,591
8.03,-2.9954157,591
8.0,-2.8481166,591
7.95,-1.8629128,591
6.34,-3.3335664,591
4.14,-5.626564,8445
3.18,-3.69038,8445
4.5,-3.1293085,2962
7.6,0.41447294,12203
7.58,4.106034,12203
7.51,2.5983944,12203
7.5,2.7313898,12203
7.44,-0.027396403,12203
7.36,-5.5210347,12203
7.34,-2.7661588,12203
7.19,-0.5454302,12203
7.19,-1.9169993,12203
7.13,1.7779442,12203
6.55,0.39502895,12203
6.51,2.5482016,12203
6.46,-4.8036375,12203
6.26,-5.7412057,12203
6.1,4.1060333,12203
5.92,-6.4722238,12203
5.92,-2.9713624,12203
5.81,-4.8243256,12203
5.68,-4.7176385,12203
4.52,-5.0405345,12203
4.21,-9.534874,12203
8.09,3.1547804,12643
8.09,2.301576,12643
7.94,2.6172707,12643
7.88,0.37919486,12643
7.88,1.6700329,12643
7.71,3.8910182,12643
7.66,-0.029975839,12643
7.61,2.5675817,12643
7.58,-0.66837215,12643
7.58,0.23564771,12643
7.56,3.1809454,12643
7.52,0.7537004,12643
7.5,2.626996,12643
7.5,1.8021022,12643
7.46,-0.16414344,12643
7.42,2.2458549,12643
7.36,0.9934894,12643
7.36,-3.2794156,12643
7.33,0.87619364,12643
7.21,0.5004631,12643
7.16,1.7103647,12643
7.08,0.23081411,12643
6.55,-0.69247663,12643
6.51,0.24129923,12643
6.38,3.1102397,12643
6.28,1.7275772,12643
6.09,0.023677219,12643
5.17,0.23269007,12643
9.3,-0.8573222,6532
9.3,1.6348909,6532
9.22,1.4492321,6532
9.05,0.28657717,6532
9.05,-0.7345171,6532
8.92,2.7369988,6532
8.89,-0.52052,6532
8.89,-1.1873271,6532
8.85,-0.3132084,6532
8.8,-0.11383082,6532
8.77,-1.4287447,6532
8.74,4.8726053,6532
8.74,-1.9432633,6532
8.7,0.14964117,6532
8.7,-2.877046,6532
8.7,0.792735,6532
8.68,1.6741558,6532
8.68,1.3150451,6532
8.66,2.0646572,6532
8.66,-1.6152031,6532
8.64,0.97930527,6532
8.54,2.5942676,6532
8.52,0.08897203,6532
8.52,2.838465,6532
8.49,-0.8243362,6532
8.43,1.3650181,6532
8.42,0.26387706,6532
8.39,-2.818915,6532
8.31,-2.2874997,6532
8.28,-0.36959508,6532
8.22,2.2807434,6532
8.21,1.9969147,6532
8.14,0.07866899,6532
8.12,1.1884831,6532
8.06,2.450474,6532
7.72,-1.3538213,6532
7.7,3.1412497,6532
7.58,-0.072166175,6532
6.5,5.1827674,13277
5.5,3.9988146,13277
5.4,-0.18690047,13277
6.46,0.21837482,8036
6.08,-1.0322323,8036
5.92,-1.6938027,8036
5.82,-3.7105305,8036
5.31,0.57580495,8036
5.24,-2.2526474,8036
5.1,-1.1740266,8036
4.54,-0.8345194,8036
8.52,-0.35432315,6263
8.4,0.8300663,6263
7.6,0.227155,6263
8.48,1.9835752,4872
6.11,-2.9685318,14036
5.75,-2.4406164,14036
7.7,0.4580619,6607
7.1,1.4997348,6607
6.89,-0.89372027,6607
6.82,-0.09747765,6607
6.64,-0.37836397,6607
6.52,-3.2897685,6607
6.16,-1.6512171,6607
6.14,-3.8105078,6607
6.12,-2.6630487,6607
5.96,-2.1932983,6607
5.88,1.7352167,6607
5.87,0.14809391,6607
5.34,-4.8287773,6607
9.0,0.14218795,3790
9.0,0.7592263,3790
9.0,-2.1215703,3790
9.0,-0.4685632,3790
9.0,-2.765111,3790
9.0,0.844228,3790
8.7,0.91750157,3790
8.7,1.8296849,3790
8.7,-3.4176078,3790
8.7,6.4107285,3790
8.7,1.1018081,3790
8.52,1.4936912,3790
8.52,-0.11429493,3790
8.4,-0.03111396,3790
8.15,-2.6934023,3790
7.89,0.7238499,3790
7.62,-5.450331,3790
7.26,-5.0507665,3790
7.06,-1.465381,3790
6.77,-0.91876554,3790
6.52,-0.3447591,3790
6.37,-2.3673859,3790
6.24,-1.7232136,3790
6.21,0.6902077,3790
5.53,-1.5803196,3790
5.48,-2.5268295,3790
6.2,0.50002885,16119
6.1,-2.4014509,16119
6.02,1.0040983,16119
4.82,-1.744062,16119
8.28,-0.33718908,16045
7.7,-6.320869,16045
7.36,-4.047384,16045
7.3,-3.5930004,16045
7.3,-3.687949,16045
7.1,-0.45890632,16045
7.05,-2.8741865,16045
6.93,-5.3952336,16045
6.8,-5.532203,16045
6.8,-3.3127496,16045
6.75,-7.824748,16045
6.72,-3.716234,16045
6.68,-5.4077005,16045
6.58,-2.349925,16045
6.52,-2.7740989,16045
6.5,-3.835502,16045
6.47,-4.616388,16045
6.38,-0.8553928,16045
6.38,1.0400107,16045
6.38,-2.0418196,16045
6.1,-4.465687,16045
6.0,-5.740828,16045
6.0,-4.023768,16045
5.94,-3.5425003,16045
5.91,-4.331908,16045
5.87,-2.6572988,16045
5.85,-3.7053835,16045
5.84,-4.3531027,16045
5.77,-4.3372436,16045
5.58,-4.4463367,16045
5.57,-6.5081344,16045
5.55,-7.26659,16045
5.55,-3.4887152,16045
5.42,-5.3034105,16045
5.32,-5.4445043,16045
5.26,-4.660523,16045
4.85,-7.2403636,16045
8.7,2.4293072,2139
7.7,1.573441,2139
7.58,-2.6504931,2139
7.51,-1.1462414,2139
5.52,-0.12235342,3020
8.7,-3.0324185,17806
8.22,-0.6994684,17806
7.8,-0.1791366,17806
7.75,-1.9577485,17806
8.4,0.8228719,6890
8.22,-1.2261567,6890
8.1,-1.0325272,6890
8.05,-1.3434793,6890
8.0,0.023203962,6890
7.77,-2.4039264,6890
7.7,-2.719209,6890
7.68,-3.8850667,6890
7.64,-1.926041,6890
7.48,-1.3992679,6890
7.44,-1.9878004,6890
7.39,-1.7259489,6890
7.29,-3.814734,6890
7.17,-2.989077,6890
7.11,-2.1035502,6890
7.09,-0.39906898,6890
7.03,-3.3891022,6890
7.01,-2.0888364,6890
6.81,-2.6895242,6890
6.74,-0.95074975,6890
6.32,-4.284031,6890
6.28,-3.0788124,6890
6.13,-2.677366,6890
6.11,-0.54208684,6890
6.04,-3.4312181,6890
6.44,-1.9093255,14715
9.05,3.4846802,5890
9.0,2.8310075,5890
8.92,-0.9767872,5890
8.92,0.29406568,5890
8.74,-1.9804448,5890
8.68,2.8910506,5890
8.68,2.598792,5890
8.62,-2.804213,5890
8.52,-3.3665607,5890
8.48,-1.7078717,5890
8.38,-0.2236766,5890
8.28,3.1228049,5890
8.28,1.8311228,5890
8.27,-0.4294776,5890
8.26,0.8301861,5890
8.25,1.5612243,5890
8.24,0.021725098,5890
8.22,0.31297183,5890
8.21,0.17855912,5890
8.19,3.417504,5890
8.19,-2.4044158,5890
8.16,3.1027703,5890
8.15,-1.2292312,5890
8.1,0.9044918,5890
8.09,3.7513921,5890
8.09,-1.5096414,5890
8.05,-0.637529,5890
8.05,-0.69904256,5890
8.02,2.970044,5890
8.0,-1.4926237,5890
7.57,0.6492493,5890
7.49,0.5591681,5890
7.14,-1.7622616,5890
7.04,-0.3600527,5890
7.0,-2.5954452,5890
6.99,-3.669256,5890
6.99,0.72471607,5890
6.98,-2.9943144,5890
6.96,1.9520407,5890
6.94,-2.697449,5890
6.92,-2.4189744,5890
6.87,1.9222811,5890
6.87,-0.48406497,5890
6.85,1.3783271,5890
6.83,-1.3022178,5890
6.78,-3.025099,5890
6.71,-0.33885407,5890
6.45,-1.200864,5890
6.29,-0.5432906,5890
6.28,3.3482172,5890
6.25,2.3087366,5890
6.24,-2.1552322,5890
6.54,-1.7239413,15427
6.2,-2.3569944,15427
6.16,-1.405419,15427
6.12,-3.6413558,15427
5.85,-4.5405054,15427
5.82,-3.558799,15427
5.68,-4.9571133,15427
5.64,-2.4195664,15427
5.47,-5.875626,15427
5.42,-2.5583825,15427
5.42,-3.525284,15427
5.4,-4.5522237,15427
5.24,-3.1994123,15427
4.92,-4.939762,15427
4.46,-3.1721044,15427
8.1,1.1712353,13734
7.92,0.027417168,13734
7.6,-1.027018,13734
7.01,-1.9253851,13734
7.01,-0.45533046,13734
6.94,-0.06927967,13734
6.81,0.82923126,13734
5.87,0.3602533,13734
6.51,-1.5655924,12651
6.48,-0.8615229,12651
6.46,-0.20227097,12651
6.37,-2.2686653,12651
6.36,-1.8035855,12651
6.17,-1.3385377,12651
6.08,-0.39438716,12651
6.04,-0.45482993,12651
5.95,-0.041215505,12651
5.92,-1.5222802,12651
5.88,1.155285,12651
5.84,-1.2289181,12651
5.84,-1.6213878,12651
5.77,-1.7814813,12651
5.74,0.06587255,12651
5.74,0.919945,12651
5.72,-0.077448145,12651
5.67,-0.8181169,12651
5.58,-1.9248813,12651
5.56,1.5973992,12651
5.55,1.694289,12651
5.49,-2.0213857,12651
5.46,-0.052628405,12651
5.38,-2.0130277,12651
5.34,-0.5203093,12651
5.31,-1.3116717,12651
5.28,-0.97418344,12651
8.4,-0.15293795,28
8.35,-1.4182919,460
7.85,-0.5489857,4715
6.77,-1.1214828,4715
5.96,-4.898898,4715
8.12,3.1419668,15091
5.28,-2.9536672,15091
8.7,2.0968678,7847
8.7,-1.8710517,7847
8.7,-0.8066119,7847
8.7,2.3807108,7847
8.52,1.091027,7847
8.52,1.7496172,7847
8.52,-2.168599,7847
8.52,2.3744657,7847
8.52,-0.50272954,7847
8.52,-0.3659309,7847
8.4,1.9697864,7847
8.4,1.495332,7847
8.4,2.6144936,7847
8.4,1.0985105,7847
8.3,3.1321685,7847
8.3,1.7496172,7847
8.3,3.5734668,7847
8.3,1.3120813,7847
8.3,-0.10558694,7847
8.3,1.1560825,7847
8.22,-1.9814165,7847
8.22,-0.45432815,7847
8.1,-0.63927364,7847
8.1,-1.3714912,7847
8.1,2.7904704,7847
8.05,3.0250943,7847
8.05,2.0626433,7847
7.77,2.5906303,7847
6.23,-1.6672854,655
5.3,-0.015275374,655
8.0,-1.6644509,113
4.65,1.6115181,3594
4.1,0.43525258,3594
5.18,-5.499283,9116
5.14,-6.6183963,9116
4.97,-6.2743573,9116
4.85,-4.662625,9116
4.71,-2.2709346,9116
6.34,1.3836378,13976
8.3,0.97982633,11921
8.24,-1.0245779,11921
8.24,1.2034197,11921
8.17,1.5532278,11921
8.13,2.1024072,11921
8.12,1.6704816,11921
8.11,0.7876773,11921
8.08,1.9738337,11921
8.03,3.9176965,11921
8.0,2.9378228,11921
8.0,1.8981702,11921
7.98,1.0871629,11921
7.96,0.5599321,11921
7.92,2.5442336,11921
7.88,1.7203085,11921
7.88,3.1873815,11921
7.81,0.7521529,11921
7.75,0.90142715,11921
7.74,-0.24350852,11921
7.71,1.110979,11921
7.71,1.3400466,11921
7.7,1.0513445,11921
7.56,1.1007266,11921
7.39,1.6811466,11921
7.38,0.048701055,11921
7.12,0.36892158,11921
7.08,1.386559,11921
6.88,2.0222974,11921
6.54,2.758231,4026
8.66,-1.4218493,13677
6.54,-3.7993805,11123
6.05,-3.6581483,11123
5.23,-3.4040258,11123
6.27,0.69070685,2842
6.8,-0.8675457,5481
6.91,4.881776,8601
6.36,0.07074085,8601
6.13,1.530009,8601
6.06,1.1184728,8601
5.23,-4.3030887,8601
5.16,-1.0217135,8601
7.07,1.5476284,15775
6.57,-0.72903144,15775
6.0,-3.596,15775
5.8,-4.017724,15775
5.8,-2.3719165,15775
5.64,-2.4416,15775
5.57,-4.0457973,15775
5.57,-5.629634,15775
5.15,-0.84924984,15775
8.4,0.9207356,57
8.05,-0.86321175,4145
7.64,-0.34730533,4145
7.4,0.24685332,4145
7.38,-0.32499367,4145
7.21,-0.54854,4145
7.14,-2.58671,4145
6.95,-0.33466628,4145
6.91,0.82289577,4145
6.8,-1.517801,4145
6.42,-0.50968397,4145
5.89,-5.5380373,4145
5.9,-1.503968,5383
5.2,-1.8561156,5383
8.7,3.0322058,8074
8.7,-0.20797846,8074
8.52,-0.03903413,8074
8.4,1.9989519,8074
8.4,-1.969812,8074
8.22,-1.8733956,8074
8.0,1.4833274,8074
7.96,0.44219777,8074
7.89,0.29430124,8074
7.85,2.9843554,8074
7.82,-2.515626,8074
7.57,0.51551056,8074
7.48,0.23238344,8074
7.2,0.44219777,8074
7.05,-0.6410638,8074
6.75,0.061706215,8074
6.7,0.7130201,8074
6.46,-2.4736106,8074
6.17,-1.1826589,8074
6.07,-2.7138317,8074
7.19,-0.42723212,998
5.75,-2.4030902,6822
4.5,-3.5499005,7097
9.22,3.7067335,13531
9.22,3.7067332,13531
9.15,3.7067335,13531
9.15,0.31167826,13531
9.05,-1.9444414,13531
8.8,3.1938481,13531
8.8,1.1522019,13531
8.74,1.5819825,13531
8.72,0.18601692,13531
8.37,1.5241035,13531
8.37,2.6492777,13531
8.3,-2.28475,13531
8.26,3.0313787,13531
8.24,1.6981624,13531
8.15,1.7652599,13531
8.04,1.7652601,13531
7.99,-0.623989,13531
7.96,1.5798388,13531
7.86,1.6981626,13531
7.78,1.0489421,13531
7.72,4.2785897,13531
7.54,0.6270219,13531
7.54,-0.9365308,13531
7.5,-0.8272885,13531
6.17,-3.765266,13531
6.26,1.361922,12063
5.46,-0.01666373,8416
7.98,3.6340113,2019
6.17,-0.70046985,5642
5.62,0.5860971,5642
5.42,-2.4340174,5642
5.36,1.2539798,5642
5.79,-0.6055839,12573
5.4,-0.052304536,11202
5.38,0.0072938297,11202
7.7,-3.6597383,16534
7.64,-0.28461066,16534
7.57,-1.7898742,16534
7.37,0.4044055,16534
7.09,1.7190019,16534
6.97,-5.7949204,16534
6.79,-2.1855574,16534
6.36,0.3469061,16534
6.05,-0.9160086,16534
6.04,-4.373099,16534
5.75,-2.9029796,16534
5.43,-1.4483523,16534
4.97,-1.2520798,17545
4.57,-2.2143404,17545
6.3,-0.17256147,17062
6.22,0.02764793,17062
5.89,-2.456886,17062
5.85,-2.9703925,17062
5.77,-1.1559297,17062
4.96,-3.7387712,17062
4.82,1.2653352,17062
4.82,-3.934289,17062
9.3,1.8197778,1237
9.05,3.6814325,1237
8.47,1.9806173,1237
8.33,4.2488656,1237
8.12,1.2763591,1237
8.1,1.67077,1237
8.0,2.962002,1237
7.99,0.62421715,1237
7.86,-0.043695897,1237
7.69,0.21839234,1237
7.66,-0.5166068,1237
7.65,2.358679,1237
7.57,1.6676426,1237
7.51,0.671783,1237
7.5,-0.36263168,1237
6.75,-1.33776,1237
6.57,-0.663211,1237
5.68,-3.339233,1237
6.52,1.6789124,4856
4.06,-2.1819363,2452
7.44,2.4120066,13165
7.29,0.55361474,13165
5.62,-5.9778137,2733
8.7,1.2659283,4632
6.04,-3.4806902,6770
5.59,-3.0606384,6770
5.56,-5.3758874,6770
5.49,-2.8945236,6770
5.4,-1.8872833,6770
5.14,-2.4664807,6770
5.09,-2.87809,6770
4.93,-2.4226575,6770
4.9,-0.73839676,6770
4.88,-2.395283,6770
4.69,-4.633451,6770
4.52,-3.7178879,6770
7.89,-2.1048708,8098
7.55,-1.9449108,8098
6.76,-1.3410822,8098
6.57,-1.1643666,8098
7.47,-0.009144265,811
6.89,-1.7350887,811
6.82,-2.3636248,811
6.77,1.9890754,811
6.54,-0.49475154,811
6.52,-2.702768,811
6.52,0.8949164,811
6.5,-1.3384469,811
6.21,-2.374611,811
5.85,-3.5024931,811
5.82,-2.0538049,811
5.75,-4.436363,811
5.64,-1.2592442,811
5.58,-5.9681644,811
5.34,-4.8763967,811
5.34,-4.5163856,811
5.22,-2.8115027,811
5.19,-5.207382,811
5.16,-3.1812446,811
5.02,-0.90045094,811
5.0,-4.8066554,811
4.75,-3.5910935,811
4.6,-5.100062,811
4.43,-2.768263,811
4.38,-1.5346696,811
4.32,-6.8282685,811
4.17,-5.494024,811
5.38,-1.9614525,126
5.34,-2.2472162,126
5.2,-4.334181,126
4.46,-2.4663308,126
6.89,0.36450303,1330
6.77,-1.4909586,1330
6.76,-0.48240808,1330
6.67,-2.3035855,1330
6.64,-4.321705,1330
6.63,0.9655341,1330
6.63,-0.14371705,1330
6.62,-0.6606339,1330
6.62,2.267823,1330
6.59,0.9862032,1330
6.58,0.19140403,1330
6.53,0.14070097,1330
6.5,2.0579991,1330
6.46,0.49817896,1330
6.46,0.517203,1330
6.44,-2.0791936,1330
6.42,-3.3864105,1330
6.37,-2.1463974,1330
6.36,-7.284956,1330
6.33,0.91928244,1330
6.32,-4.488005,1330
6.32,-1.9360672,1330
6.31,-5.528941,1330
6.3,-3.2322617,1330
6.28,-4.3460937,1330
6.26,1.2017707,1330
6.26,-3.1115143,1330
6.26,-1.9629912,1330
6.21,-0.4317359,1330
6.18,-1.0658603,1330
6.18,2.623378,1330
6.17,-3.284756,1330
6.16,0.2273288,1330
6.15,-1.6040351,1330
6.13,-3.0936654,1330
6.09,1.2017707,1330
6.09,-1.2010763,1330
6.07,-5.2497377,1330
6.06,-1.1837701,1330
6.03,3.542126,1330
6.02,0.5902747,1330
6.02,-2.9353971,1330
6.01,-4.3891134,1330
6.0,0.09916799,1330
6.0,-2.8221433,1330
5.99,-0.8779427,1330
5.96,0.72429526,1330
5.96,-5.4842567,1330
5.91,0.6034986,1330
5.89,-2.4706707,1330
5.89,-4.500171,1330
5.87,-2.8400803,1330
5.87,0.99290085,1330
5.85,-2.1463974,1330
5.85,-7.2715425,1330
5.85,-5.778881,1330
5.84,-1.5985926,1330
5.82,-1.6568944,1330
5.82,-5.8754563,1330
5.8,-2.8057377,1330
5.8,-3.6958537,1330
5.8,-2.1807392,1330
5.79,-4.2170963,1330
5.78,-4.5788026,1330
5.76,1.0818703,1330
5.73,-1.6040351,1330
5.72,-3.207384,1330
5.68,-1.9413016,1330
5.68,-4.0396323,1330
5.66,-4.6028137,1330
5.64,-2.8552818,1330
5.61,-3.0073016,1330
5.6,-2.5606856,1330
5.58,-4.000733,1330
5.57,-4.848009,1330
5.57,-4.0918913,1330
5.57,-3.2645373,1330
5.57,-2.8429985,1330
5.55,-2.0052829,1330
5.54,-5.1685824,1330
5.54,2.3224957,1330
5.5,-3.0131009,1330
5.5,-0.3800607,1330
5.5,-1.2086836,1330
5.49,-3.888743,1330
5.49,-2.4459116,1330
5.48,-5.3844204,1330
5.46,-1.3398569,1330
5.45,-2.5112493,1330
5.44,-2.511249,1330
5.42,-3.21123,1330
5.39,-1.5056688,1330
5.34,-4.567789,1330
5.34,-2.260462,1330
5.32,-5.2101254,1330
5.32,-4.5502615,1330
5.3,-3.0929012,1330
5.28,-0.6555352,1330
5.28,-6.3883,1330
5.28,-6.794927,1330
5.28,-0.36059412,1330
5.27,-3.2112305,1330
5.26,-3.111009,1330
5.25,-1.4816071,1330
5.25,-5.5713396,1330
5.24,-2.0335548,1330
5.24,-1.8488522,1330
5.23,-1.2190585,1330
5.23,-2.4092984,1330
5.21,-5.6027493,1330
5.21,-8.466802,1330
5.19,-4.7699065,1330
5.19,-5.074989,1330
5.16,-6.744438,1330
5.16,-6.0341153,1330
5.16,-1.4214145,1330
5.14,-6.985266,1330
5.14,-4.0823584,1330
5.1,-6.4141808,1330
5.09,-7.4782696,1330
5.07,-0.9787177,1330
5.05,-8.022454,1330
5.04,-5.640008,1330
5.01,-3.0700393,1330
4.97,-3.7588494,1330
4.92,-6.8911886,1330
4.85,-3.0435982,1330
4.82,-5.401933,1330
4.82,-0.8045894,1330
4.82,-8.297107,1330
4.8,-4.199889,1330
4.8,-4.4555693,1330
4.79,-4.7699065,1330
4.64,-6.970728,1330
4.6,-5.154676,1330
4.6,-8.313356,1330
4.6,-4.692262,1330
4.54,-3.191364,1330
4.52,-6.378553,1330
4.5,-3.5700686,1330
4.35,-3.7464464,1330
4.33,-6.8972254,1330
4.3,-8.265699,1330
4.3,-6.816658,1330
4.3,-5.605911,1330
4.3,-4.473455,1330
4.3,-7.621859,1330
4.3,-3.8384583,1330
4.3,-5.4786453,1330
4.3,-6.5172124,1330
4.3,-3.8556056,1330
4.3,-1.5577458,1330
4.28,-7.681856,1330
4.17,-3.4438615,1330
4.1,-4.8199363,1330
4.0,-4.375369,1330
4.0,-7.601731,1330
4.0,-8.287532,1330
4.0,-5.963317,1330
4.0,-8.047095,1330
4.0,-8.871473,1330
4.0,-7.4320326,1330
4.0,-3.34471,1330
4.0,-3.60123,1330
4.0,-6.02496,1330
4.0,-6.41907,1330
4.0,-7.250804,1330
4.0,-5.285418,1330
4.0,-4.1314898,1330
4.0,-7.43467,1330
4.0,-8.829525,1330
4.0,-5.469979,1330
4.0,-1.9864452,1330
4.0,-9.34884,1330
4.0,-5.3762927,1330
4.0,-7.6509333,1330
4.0,-8.207963,1330
4.0,-8.462275,1330
4.0,-8.09172,1330
4.0,-3.270637,1330
4.0,-4.8484564,1330
4.0,-5.4920096,1330
4.0,-6.7883086,1330
4.0,-1.1808156,1330
4.0,-9.233785,1330
4.0,-8.300334,1330
4.0,-4.502706,1330
4.0,-5.371741,1330
4.0,-6.323794,1330
4.0,-6.6351542,1330
4.0,-9.232997,1330
4.0,-4.4971957,1330
4.0,-7.6162605,1330
4.0,-6.804157,1330
9.0,0.96143806,11266
8.4,-0.8284222,8820
7.7,1.2417101,8820
6.52,-3.7231262,8820
10.0,2.5181358,7937
10.0,7.0577536,7937
9.7,5.5691175,7937
9.7,1.2878692,7937
9.7,3.1675606,7937
9.3,4.5871577,7937
9.3,6.9069633,7937
9.22,2.943721,7937
9.22,7.69725,7937
9.22,8.293504,7937
9.22,2.6825194,7937
9.22,4.5427175,7937
9.15,-2.411343,7937
9.15,2.5363722,7937
9.15,7.0221734,7937
9.1,-0.33084747,7937
9.1,8.72912,7937
9.1,5.213114,7937
9.0,1.0305743,7937
9.0,1.3982562,7937
9.0,3.9143615,7937
9.0,6.3684773,7937
9.0,4.8967505,7937
9.0,1.3632971,7937
9.0,3.2579737,7937
9.0,3.4455285,7937
8.7,2.0475671,7937
8.7,3.7491534,7937
8.7,1.51243,7937
8.7,2.9500833,7937
8.7,0.8499533,7937
8.7,-0.7143961,7937
8.7,3.1675606,7937
8.7,2.9509661,7937
8.7,3.484812,7937
8.7,4.35972,7937
8.7,3.737143,7937
8.7,2.7040403,7937
8.7,3.7533567,7937
8.7,6.4706097,7937
8.7,7.4155054,7937
8.7,2.2135956,7937
8.7,4.056476,7937
8.7,1.4837081,7937
8.7,3.5771928,7937
8.7,-2.3946207,7937
8.7,2.1152925,7937
8.7,6.277082,7937
8.7,0.21158263,7937
8.52,0.54477894,7937
8.52,3.1604583,7937
8.52,-0.3308328,7937
8.52,4.6059847,7937
8.52,1.8604828,7937
8.52,1.7821101,7937
8.52,3.5465376,7937
8.52,1.0061861,7937
8.52,2.8720944,7937
8.52,6.4370956,7937
8.52,2.1924946,7937
8.52,-0.39734256,7937
8.52,-3.1099179,7937
8.52,7.3376446,7937
8.52,1.4423192,7937
8.52,1.0072718,7937
8.52,1.9944801,7937
8.52,0.8461896,7937
8.52,3.2471464,7937
8.52,4.632125,7937
8.52,3.3778634,7937
8.52,4.875697,7937
8.4,2.0741425,7937
8.4,4.6880517,7937
8.4,0.24211672,7937
8.4,2.5519812,7937
8.4,7.2978406,7937
8.4,8.12876,7937
8.4,6.0547132,7937
8.4,4.4637237,7937
8.3,0.9163847,7937
8.3,2.5181358,7937
8.3,4.836197,7937
8.3,2.0143387,7937
8.3,5.1393905,7937
8.3,5.6088653,7937
8.3,3.9413397,7937
8.3,3.1346738,7937
8.3,4.726961,7937
8.3,2.5252986,7937
8.3,4.763154,7937
8.3,2.6800504,7937
8.3,4.341283,7937
8.22,8.712966,7937
8.22,3.5238156,7937
8.22,1.5480932,7937
8.22,2.4632006,7937
8.22,4.7517405,7937
8.22,3.7322097,7937
8.22,3.8415062,7937
8.22,2.9356415,7937
8.22,4.6036253,7937
8.22,1.3236196,7937
8.22,3.7311666,7937
8.22,0.878193,7937
8.22,3.8955674,7937
8.22,0.89947057,7937
8.22,4.585504,7937
8.22,3.9618168,7937
8.15,4.679353,7937
8.15,4.4996896,7937
8.15,3.6636806,7937
8.15,4.0944114,7937
8.15,-0.6708758,7937
8.15,5.847081,7937
8.15,-1.1334876,7937
8.15,0.89517486,7937
8.1,5.398284,7937
8.1,1.3890076,7937
8.1,7.484166,7937
8.1,3.975906,7937
8.1,5.4275045,7937
8.1,7.335764,7937
8.1,-0.16716488,7937
8.1,-1.040005,7937
8.05,1.8889748,7937
8.05,2.0858316,7937
8.05,2.675852,7937
8.05,0.60016835,7937
8.05,5.40495,7937
8.05,5.0978637,7937
8.05,6.325271,7937
8.05,3.1668086,7937
8.05,2.8289351,7937
8.05,3.7362592,7937
8.05,2.7385342,7937
8.05,3.1548405,7937
8.05,3.0314953,7937
8.05,4.1914277,7937
8.0,6.437473,7937
8.0,1.9159559,7937
8.0,-0.037171096,7937
8.0,3.1325228,7937
8.0,5.195101,7937
8.0,2.5344036,7937
8.0,2.772335,7937
8.0,2.7613688,7937
7.96,2.0091941,7937
7.96,-0.69219303,7937
7.96,2.554133,7937
7.96,3.668215,7937
7.96,1.9211924,7937
7.96,4.9516206,7937
7.92,1.8937341,7937
7.92,5.0978637,7937
7.92,3.5802267,7937
7.89,0.883494,7937
7.89,0.6921308,7937
7.89,2.5181358,7937
7.89,1.1325214,7937
7.89,4.5455914,7937
7.89,5.675422,7937
7.89,-0.41923666,7937
7.89,1.5939445,7937
7.89,6.2258506,7937
7.85,-1.2282461,7937
7.85,0.94052744,7937
7.82,4.5267234,7937
7.82,5.8467045,7937
7.82,0.81217206,7937
7.82,7.344852,7937
7.8,3.7564747,7937
7.8,4.1260457,7937
7.8,1.2975141,7937
7.8,0.68556833,7937
7.8,3.1170287,7937
7.8,-1.8949485,7937
7.77,3.8727717,7937
7.77,1.8733685,7937
7.75,2.4620318,7937
7.75,3.9822056,7937
7.75,3.0249174,7937
7.75,6.290534,7937
7.75,5.8843617,7937
7.72,4.1803966,7937
7.7,6.65989,7937
7.7,-0.87908876,7937
7.7,1.9945805,7937
7.7,3.7477372,7937
7.7,0.9358705,7937
7.7,4.7503657,7937
7.68,3.9129677,7937
7.68,1.0952506,7937
7.68,1.3432705,7937
7.68,1.122014,7937
7.68,3.3780704,7937
7.68,2.2424178,7937
7.68,-0.253208,7937
7.68,5.080347,7937
7.68,0.108245656,7937
7.66,3.7920475,7937
7.66,4.750366,7937
7.66,4.5782604,7937
7.66,6.092785,7937
7.64,5.3123813,7937
7.64,0.694414,7937
7.64,1.9896464,7937
7.62,1.1220138,7937
7.62,0.2632395,7937
7.62,6.6987977,7937
7.62,1.4754441,7937
7.62,-1.6743895,7937
7.6,3.535725,7937
7.6,5.5691175,7937
7.6,5.5497456,7937
7.58,3.0698998,7937
7.58,4.7376394,7937
7.58,1.9389304,7937
7.57,-1.2826666,7937
7.57,0.5027439,7937
7.57,1.5091685,7937
7.55,3.75786,7937
7.55,4.88127,7937
7.55,6.051978,7937
7.55,3.7394943,7937
7.55,3.8820798,7937
7.54,5.535803,7937
7.54,2.6180322,7937
7.52,3.8820813,7937
7.52,-0.9291289,7937
7.51,2.474415,7937
7.51,1.6941783,7937
7.5,5.569119,7937
7.5,2.557608,7937
7.48,1.1318222,7937
7.48,0.025230994,7937
7.48,3.6675954,7937
7.48,1.076188,7937
7.47,4.4638686,7937
7.46,1.8071203,7937
7.46,1.4607358,7937
7.46,3.5537772,7937
7.46,1.943191,7937
7.44,5.156542,7937
7.43,6.271959,7937
7.43,1.1299185,7937
7.43,1.3442665,7937
7.43,1.6019211,7937
7.43,1.0037692,7937
7.43,6.5359507,7937
7.43,5.7520294,7937
7.43,0.8465797,7937
7.42,4.7503657,7937
7.42,5.385062,7937
7.42,4.3974977,7937
7.42,-1.9515394,7937
7.42,-2.0846717,7937
7.42,2.167087,7937
7.42,5.900615,7937
7.41,2.0705984,7937
7.41,3.0522099,7937
7.41,4.5883627,7937
7.4,3.9908516,7937
7.4,1.7026925,7937
7.4,2.9225585,7937
7.4,2.4947479,7937
7.4,3.5081282,7937
7.4,2.986749,7937
7.39,4.9916406,7937
7.38,-0.16657299,7937
7.38,4.561392,7937
7.37,-0.6003679,7937
7.36,4.5662513,7937
7.36,0.5355917,7937
7.36,6.4571342,7937
7.36,2.9973345,7937
7.36,5.2297177,7937
7.34,2.5367029,7937
7.34,3.8636115,7937
7.34,-3.3293078,7937
7.34,4.664765,7937
7.33,5.6102204,7937
7.33,5.7520294,7937
7.33,1.3256671,7937
7.33,3.0878634,7937
7.32,0.2898641,7937
7.32,4.7225447,7937
7.32,5.379564,7937
7.31,1.7517862,7937
7.3,3.117994,7937
7.28,3.399873,7937
7.27,2.508089,7937
7.26,1.1625738,7937
7.24,0.3793722,7937
7.24,3.6072922,7937
7.24,0.45197955,7937
7.23,1.7766714,7937
7.23,2.4026225,7937
7.22,2.3052804,7937
7.21,5.7520294,7937
7.2,0.044549603,7937
7.2,2.9427006,7937
7.19,0.6164752,7937
7.19,-0.41685703,7937
7.17,2.4742272,7937
7.17,1.6610721,7937
7.17,2.5181358,7937
7.17,1.6997975,7937
7.16,0.8579922,7937
7.16,2.5431082,7937
7.16,3.9419458,7937
7.16,1.5547985,7937
7.16,0.19945991,7937
7.15,2.368042,7937
7.15,1.2645718,7937
7.15,1.1556292,7937
7.15,0.5133835,7937
7.14,5.50825,7937
7.14,0.5752307,7937
7.14,2.194563,7937
7.14,2.6584692,7937
7.14,3.499075,7937
7.14,3.3347483,7937
7.13,1.704237,7937
7.12,1.1649475,7937
7.12,2.2197387,7937
7.11,2.4265773,7937
7.11,-1.0628327,7937
7.11,1.8652605,7937
7.11,3.5947073,7937
7.1,2.119992,7937
7.1,5.0392847,7937
7.1,2.565927,7937
7.09,-0.5894002,7937
7.09,2.420498,7937
7.08,4.3432508,7937
7.08,-2.9817824,7937
7.08,2.5507596,7937
7.08,4.9482903,7937
7.07,3.2756011,7937
7.07,0.33258998,7937
7.06,4.956173,7937
7.06,2.322576,7937
7.05,-1.0149217,7937
7.04,-1.3395547,7937
7.04,-0.012220036,7937
7.04,3.28416,7937
7.03,2.3876474,7937
7.03,-0.7189809,7937
7.02,5.187565,7937
7.02,3.8060188,7937
7.02,3.5913692,7937
7.02,2.0400727,7937
7.02,5.453332,7937
7.01,0.9752532,7937
7.01,1.1165868,7937
7.0,-0.5198059,7937
7.0,3.8778982,7937
6.99,1.8520496,7937
6.99,4.4948683,7937
6.99,3.4482586,7937
6.99,5.145317,7937
6.99,2.4519334,7937
6.99,3.4531178,7937
6.99,2.6235058,7937
6.98,-0.48954085,7937
6.98,1.7800442,7937
6.97,1.0069585,7937
6.97,1.0094959,7937
6.96,3.2101634,7937
6.95,2.4097319,7937
6.94,3.3481328,7937
6.94,-0.088279486,7937
6.94,0.87085676,7937
6.93,3.78438,7937
6.93,2.405554,7937
6.92,5.7869534,7937
6.92,6.292288,7937
6.91,2.459733,7937
6.91,0.22253597,7937
6.9,-2.084118,7937
6.9,-0.7296641,7937
6.89,-0.5151942,7937
6.89,3.9875488,7937
6.89,4.3320584,7937
6.88,0.73378384,7937
6.88,2.2018802,7937
6.88,1.7178285,7937
6.88,0.13213463,7937
6.87,0.17307627,7937
6.86,1.1248761,7937
6.86,2.449547,7937
6.86,5.0392847,7937
6.86,-0.17425664,7937
6.86,-0.40420952,7937
6.84,2.1473389,7937
6.84,3.2021585,7937
6.84,5.9266224,7937
6.84,4.0435505,7937
6.83,3.010059,7937
6.83,3.5281053,7937
6.82,-1.725587,7937
6.81,2.6565866,7937
6.81,1.7412097,7937
6.81,-0.38239303,7937
6.81,2.6535306,7937
6.8,3.9455523,7937
6.8,2.8342495,7937
6.8,3.0308158,7937
6.8,-1.3671321,7937
6.79,0.9615582,7937
6.79,2.7625546,7937
6.79,-3.555157,7937
6.79,0.3630485,7937
6.78,-1.8693385,7937
6.78,1.4219252,7937
6.76,1.1183546,7937
6.76,-0.56453514,7937
6.76,-0.4936631,7937
6.75,3.1392741,7937
6.75,2.6336222,7937
6.75,0.89915633,7937
6.75,0.012969263,7937
6.75,1.4953825,7937
6.75,-1.2188997,7937
6.74,0.68446136,7937
6.74,-1.5928023,7937
6.74,-0.45916855,7937
6.74,1.6673157,7937
6.74,2.7309296,7937
6.74,0.6916034,7937
6.73,1.3776281,7937
6.73,-0.5978657,7937
6.72,0.91792655,7937
6.72,0.24702366,7937
6.71,1.5408401,7937
6.71,1.2359871,7937
6.71,-0.37164944,7937
6.71,1.6485496,7937
6.71,2.370422,7937
6.7,4.7904563,7937
6.69,2.5507255,7937
6.68,0.5384482,7937
6.68,4.1482806,7937
6.68,1.8561373,7937
6.68,-2.0834417,7937
6.68,3.9192126,7937
6.67,5.1609464,7937
6.67,2.9556103,7937
6.67,0.8616593,7937
6.66,0.41900197,7937
6.65,-0.33089748,7937
6.65,4.936511,7937
6.64,-0.37187952,7937
6.63,0.8747667,7937
6.63,3.635301,7937
6.63,-0.9896661,7937
6.63,1.1653229,7937
6.62,5.2557645,7937
6.62,-2.2597775,7937
6.62,1.5728271,7937
6.62,-0.5586643,7937
6.62,2.8500774,7937
6.62,2.4682825,7937
6.61,-2.3523173,7937
6.61,-0.60429776,7937
6.61,-0.3603657,7937
6.6,0.48041478,7937
6.6,2.1623795,7937
6.59,1.2741446,7937
6.58,0.5146487,7937
6.58,0.7710234,7937
6.58,1.2969918,7937
6.57,-0.6851114,7937
6.57,-0.88691556,7937
6.56,2.3293993,7937
6.55,2.5702674,7937
6.55,2.4193597,7937
6.55,-0.40988377,7937
6.55,1.2579201,7937
6.54,4.9899344,7937
6.54,-0.7439592,7937
6.53,2.7152686,7937
6.53,1.4390855,7937
6.53,-1.8746016,7937
6.53,-0.3597,7937
6.53,1.0769886,7937
6.52,-2.4204242,7937
6.52,5.372537,7937
6.5,-1.4111719,7937
6.5,0.61355245,7937
6.5,2.549583,7937
6.5,3.5004373,7937
6.5,1.4639034,7937
6.5,-0.26363468,7937
6.5,-0.2580346,7937
6.49,1.1223983,7937
6.49,-1.0467489,7937
6.49,3.5335279,7937
6.48,0.73034513,7937
6.48,0.13217616,7937
6.47,1.9557827,7937
6.47,0.68434405,7937
6.47,0.18425246,7937
6.47,0.7286273,7937
6.46,3.5860674,7937
6.46,-2.7838225,7937
6.45,3.6308892,7937
6.45,1.2516971,7937
6.44,-4.9958496,7937
6.44,-2.230789,7937
6.43,0.35675982,7937
6.43,-2.5523684,7937
6.4,0.8531662,7937
6.39,-3.0311532,7937
6.39,-2.0147073,7937
6.38,1.7720748,7937
6.37,-0.51335144,7937
6.37,1.1970317,7937
6.35,-0.06412993,7937
6.35,1.5076199,7937
6.35,-0.4622074,7937
6.34,-0.6307355,7937
6.34,-2.612595,7937
6.33,0.8658159,7937
6.33,-0.7773315,7937
6.33,-2.6605494,7937
6.33,0.11502812,7937
6.32,1.4282651,7937
6.31,3.099569,7937
6.31,-0.22776683,7937
6.3,2.2989318,7937
6.29,-2.2414966,7937
6.29,-0.10847001,7937
6.28,-1.0870576,7937
6.28,-0.84839904,7937
6.27,-0.705621,7937
6.25,2.4262633,7937
6.25,-0.8530997,7937
6.24,0.28668314,7937
6.24,-0.59650815,7937
6.24,-0.059305117,7937
6.23,-1.1631061,7937
6.22,-2.6136768,7937
6.22,-0.22082795,7937
6.21,1.3432705,7937
6.2,-0.8669534,7937
6.19,3.919233,7937
6.18,-1.152562,7937
6.18,-0.11625372,7937
6.17,0.6122372,7937
6.15,0.24132824,7937
6.15,-2.1636956,7937
6.13,-1.1536595,7937
6.13,-1.7025716,7937
6.13,1.684246,7937
6.12,-1.5437475,7937
6.11,-1.1308814,7937
6.11,0.028494518,7937
6.1,1.5845,7937
6.1,-0.8100674,7937
6.09,-2.1308973,7937
6.09,1.3159763,7937
6.09,-0.8808651,7937
6.09,-0.4920086,7937
6.08,-0.026807576,7937
6.08,0.03540144,7937
6.08,-0.042866588,7937
6.07,-0.4188328,7937
6.07,0.5114877,7937
6.07,-0.72354615,7937
6.06,-2.5577855,7937
6.05,-2.3963835,7937
6.04,0.8167652,7937
6.04,0.36740497,7937
6.02,-2.998726,7937
6.01,0.11067463,7937
6.0,-2.1332498,7937
6.0,1.439842,7937
5.98,-2.7223704,7937
5.98,-2.8650005,7937
5.98,0.4971664,7937
5.98,1.5579615,7937
5.98,-4.896426,7937
5.96,-2.6306248,7937
5.93,1.405383,7937
5.93,0.26332104,7937
5.92,-0.48676917,7937
5.89,-0.60587287,7937
5.86,-1.5690321,7937
5.85,0.33906493,7937
5.84,-0.64247,7937
5.83,-0.838935,7937
5.83,1.6485503,7937
5.83,-2.4204247,7937
5.83,-2.3304932,7937
5.83,-2.200322,7937
5.83,0.04791082,7937
5.83,-2.5215716,7937
5.83,-3.389185,7937
5.83,-1.2789675,7937
5.83,-4.0446854,7937
5.83,-4.224813,7937
5.83,-1.2310855,7937
5.83,-1.6477368,7937
5.83,-2.0027974,7937
5.83,-1.2022771,7937
5.83,-1.3381269,7937
8.52,0.04813858,660
6.9,-4.0829015,660
6.7,-1.3911448,660
4.95,1.3960608,15747
4.95,0.53293025,15747
5.8,1.4834008,61
9.59,-2.4921014,14666
8.92,-0.55104434,14666
8.82,0.37114903,14666
8.7,0.042364582,14666
8.26,-0.4093483,14666
6.55,0.42696863,14666
6.02,-1.9986005,17409
5.4,-0.20245588,17409
8.28,3.0317273,9088
7.79,0.28673956,9088
7.61,1.0024842,9088
7.48,0.66681945,9088
7.46,0.26565653,9088
7.39,-2.0813932,9088
7.36,-0.2234311,9088
7.33,1.0259632,9088
7.28,-0.9814253,9088
7.21,-1.6850896,9088
7.19,1.4000067,9088
7.1,-0.8121836,9088
7.03,-1.7342312,9088
7.01,-2.7771227,9088
6.96,-1.1685842,9088
6.92,-3.361842,9088
6.79,-0.8930137,9088
6.55,-2.191821,9088
6.34,-0.9763622,9088
6.34,2.5142589,9088
6.17,2.6680639,9088
6.13,0.58586013,9088
6.05,0.80006135,9088
5.98,1.7808809,9088
5.94,-0.5387502,9088
5.92,0.13926457,9088
5.91,-3.2412913,9088
5.82,-3.7093768,9088
5.62,1.0540512,9088
5.61,1.6337924,9088
5.59,-3.8360887,9088
5.5,-0.09421704,9088
5.38,-0.6838516,9088
5.3,-1.8897963,9088
5.25,-3.5491476,9088
5.66,1.4564626,14028
8.0,1.0805106,2151
7.8,-1.0431865,11574
6.55,-1.1155673,12727
6.44,1.0601529,17008
6.41,-1.2486073,17502
5.1,1.490127,1039
7.07,-0.027803525,17346
6.62,-4.7896657,17346
6.59,0.8062345,17346
6.56,-1.7566398,17346
6.55,0.40765932,17346
6.25,-1.1207999,17346
6.24,-1.344777,17346
6.16,-1.5588827,17346
6.08,0.9938581,17346
5.91,-2.0750768,17346
5.69,-5.2237062,17346
5.13,-1.9385657,17346
5.13,-1.550589,17346
5.09,-4.588839,17346
4.81,-5.4519315,17346
4.64,-2.5259967,17346
4.42,-4.8772645,17346
7.9,-1.8197412,15383
7.57,1.9866649,15383
7.37,0.11007928,15383
7.19,-0.863271,15383
6.94,-2.3377974,15383
6.51,-0.010879289,15383
6.37,-1.6252488,15383
6.34,1.0117235,15383
6.33,0.81945145,15383
6.28,-1.8965969,15383
5.5,-0.23354053,15383
5.36,-0.07607098,4350
8.98,-0.47047642,9085
7.86,1.4990389,9085
7.1,1.9976319,9085
6.81,3.0802138,9085
6.72,-5.5899134,9085
5.94,-0.31613305,9085
5.48,-6.464101,9085
5.26,-4.597998,9085
5.19,-7.957745,9085
4.95,-6.5091963,9085
7.5,2.9838266,4822
7.36,1.4773335,4822
7.16,-0.86539185,4822
7.08,-1.6378357,4822
6.95,1.1581222,4822
6.72,3.7656503,4822
6.64,-2.4947817,4822
6.5,-1.2469118,4822
6.26,4.2691884,4822
6.13,1.4945948,4822
6.0,1.4364388,4822
5.92,-2.1968186,4822
5.75,4.527971,4822
4.7,-5.423875,10063
4.6,-1.4536717,10063
4.5,-5.1201262,10063
4.5,-8.385182,10063
4.4,-4.3364873,10063
4.4,-2.5151381,10063
5.71,-2.350345,1865
8.74,0.79896116,10311
8.36,1.9278319,10311
7.77,0.6931579,10311
7.39,1.9278319,10311
6.96,1.9278316,10311
6.54,1.7520183,10311
6.43,-0.539528,10311
5.34,0.92241323,10311
5.13,-0.539528,10311
5.11,-0.53952754,10311
6.67,0.9599911,7572
8.4,-0.025591448,7204
8.22,-0.025591284,7204
8.05,-1.1332358,7204
8.05,0.15323675,7204
7.8,-2.869012,7204
7.7,-1.8277868,7204
7.66,-3.2381165,7204
7.42,-0.025591284,7204
7.4,-1.0137162,7204
7.3,-2.571751,7204
7.1,-1.4669509,7204
7.05,-3.4583583,7204
7.02,-2.8002534,7204
7.0,-3.6355288,7204
6.82,-0.18877073,7204
6.8,1.4832115,7204
6.7,-2.2966528,7204
6.17,-1.2331295,7204
6.1,-0.51088035,7204
5.89,-2.8250394,7204
5.89,-2.3496234,7204
5.58,-1.8223255,7204
5.46,-1.4527392,7204
5.96,-1.9520206,3823
5.4,-4.3407235,3823
4.82,-5.2440634,3823
4.82,-5.2440634,3823
4.47,-7.513229,3823
4.14,-6.876653,3823
4.48,-4.9740696,2160
7.52,-1.8322303,4915
7.52,-2.4262533,4915
7.38,-4.1195674,4915
7.15,-2.4524434,4915
7.13,-3.0714638,4915
7.08,1.7330738,4915
7.07,-0.7724234,4915
7.04,-1.8621702,4915
6.99,-3.0451248,4915
6.95,-2.370268,4915
6.91,-3.1738698,4915
6.84,-2.4526286,4915
6.47,-0.47599027,4915
5.75,-3.951761,7282
5.62,-3.601297,7282
5.54,-1.5919914,7282
9.48,0.77805674,7308
9.46,0.7211336,7308
9.35,4.094277,7308
9.24,2.7722707,7308
8.82,3.1144135,7308
8.7,-0.4791022,7308
8.68,1.8895335,7308
8.55,2.5978692,7308
8.52,1.0259458,7308
8.06,-3.9986541,7308
8.02,2.8801637,7308
7.85,4.5927167,7308
7.72,1.1181875,7308
7.48,1.3281088,7308
7.35,2.192297,7308
7.0,0.53079855,7308
6.72,-0.95853007,7308
5.89,-1.3647549,10837
4.52,-3.8074203,6718
4.23,-5.2701693,6718
8.15,-0.54996717,1971
8.05,-1.240002,1971
7.68,1.7415155,1971
6.74,-0.10082498,1971
5.76,0.2533098,1971
8.6,0.04262071,7797
8.24,-2.129354,7797
5.91,-1.3502214,1123
6.68,-3.7669113,8306
5.19,-4.4730163,8306
8.52,-3.2949111,6286
8.4,-2.4361913,6286
8.3,-4.379407,6286
8.22,-2.3594096,6286
8.22,-2.3486874,6286
8.15,0.37842375,6286
8.15,-1.3910645,6286
8.15,0.26234162,6286
8.15,-2.961855,6286
8.15,-2.2440526,6286
8.1,-0.073415615,6286
8.1,1.3814054,6286
8.1,-3.3377366,6286
8.1,-2.067859,6286
8.1,-1.1325777,6286
8.1,-0.7936516,6286
8.1,-0.7840836,6286
8.0,-0.8307605,6286
8.0,1.2769536,6286
7.96,-0.9814452,6286
7.96,-0.6922517,6286
7.96,-2.8926153,6286
7.96,-2.4747422,6286
7.92,-0.6796247,6286
7.92,-5.9996233,6286
7.92,-5.2875166,6286
7.92,-0.17713417,6286
7.92,-1.6324785,6286
7.92,-2.7285533,6286
7.92,-0.004139021,6286
7.89,-2.807089,6286
7.89,1.2261701,6286
7.89,-1.647518,6286
7.89,-0.88143563,6286
7.89,-5.3135366,6286
7.89,-2.3160744,6286
7.89,-1.0485052,6286
7.85,-3.4051375,6286
7.85,-0.3800582,6286
7.85,-3.9861271,6286
7.82,-3.525449,6286
7.82,-4.8812103,6286
7.8,1.198882,6286
7.8,-4.8415914,6286
7.77,-0.093180485,6286
7.77,-0.54539526,6286
7.75,-1.4286377,6286
7.75,-5.7637954,6286
7.75,-2.7366621,6286
7.72,1.9567884,6286
7.72,-3.1670523,6286
7.72,-2.1920469,6286
7.72,-0.09796669,6286
7.7,-3.088223,6286
7.7,1.0075231,6286
7.7,-2.3513076,6286
7.7,-6.059919,6286
7.66,-3.3723495,6286
7.64,-1.0286545,6286
7.64,-0.38151637,6286
7.64,-6.0795045,6286
7.62,-2.4243271,6286
7.62,-2.7966652,6286
7.62,-1.4750749,6286
7.6,-1.8937892,6286
7.6,0.6593132,6286
7.6,-5.465235,6286
7.6,-0.7156451,6286
7.6,-4.126582,6286
7.6,-2.333784,6286
7.58,-1.3451353,6286
7.58,-1.1751757,6286
7.58,-5.142106,6286
7.58,-4.1185536,6286
7.57,-3.6241703,6286
7.57,-4.954857,6286
7.54,2.5259655,6286
7.54,-3.8687954,6286
7.52,-2.4320686,6286
7.51,-5.3362503,6286
7.51,0.78439116,6286
7.5,-3.0572288,6286
7.48,-5.401942,6286
7.46,-3.1503859,6286
7.46,1.4860286,6286
7.46,-0.31959423,6286
7.44,4.4095325,6286
7.43,-1.8760196,6286
7.39,-3.4677653,6286
7.39,-3.046679,6286
7.38,-1.1119726,6286
7.38,-2.8104692,6286
7.36,-2.671562,6286
7.36,-1.4562154,6286
7.35,-0.83887327,6286
7.34,-4.7272506,6286
7.33,-0.9205401,6286
7.32,1.7045962,6286
7.3,-0.96838045,6286
7.28,-5.1374965,6286
7.28,-3.686436,6286
7.27,-6.365366,6286
7.27,-0.5018116,6286
7.27,-3.894853,6286
7.26,-4.6668344,6286
7.25,-2.8414962,6286
7.24,2.1855311,6286
7.24,-1.8611681,6286
7.23,-0.4224132,6286
7.21,-3.5262964,6286
7.2,-0.65394306,6286
7.19,-3.2193034,6286
7.19,0.2570004,6286
7.19,0.9777626,6286
7.19,2.0690753,6286
7.18,-1.9166987,6286
7.16,-3.141547,6286
7.16,-4.2835846,6286
7.16,-1.6908354,6286
7.14,3.417259,6286
7.13,-3.5082939,6286
7.11,-2.986969,6286
7.11,-0.7268467,6286
7.11,-0.7067585,6286
7.11,0.2884444,6286
7.08,-3.0810816,6286
7.07,-0.7190876,6286
7.05,-4.1773143,6286
7.05,-2.7444615,6286
7.03,-2.7225525,6286
6.96,0.6223614,6286
6.92,-0.99880636,6286
6.9,-1.5873466,6286
6.85,-3.680436,6286
6.84,-3.1913106,6286
6.79,-2.8162365,6286
6.77,-4.549554,6286
6.76,-4.656504,6286
6.69,-2.434821,6286
6.64,-2.8984635,6286
6.64,-2.8162365,6286
6.58,-4.3986235,6286
6.57,-1.5453801,6286
6.54,2.7312963,6286
6.53,-2.2795587,6286
6.53,-0.16401333,6286
6.5,-0.91689086,6286
6.47,-1.3400655,6286
6.38,-2.5522468,6286
6.35,-3.3467293,6286
6.34,-1.6851201,6286
6.33,-4.1131754,6286
6.24,-4.212994,6286
6.17,-5.503515,6286
6.16,-2.218556,6286
6.1,-1.5469708,6286
6.05,-4.5756593,6286
5.99,-4.2709355,6286
5.93,-0.5031589,6286
5.82,-0.9124384,6286
5.5,-4.828136,6286
5.27,-2.6395972,6286
8.15,1.8423387,2863
8.0,2.5268013,2863
7.82,3.1557775,2863
6.85,0.88192797,2863
9.0,4.239464,17480
9.0,-0.34315538,17480
8.59,3.7751007,17480
8.49,-0.81107295,17480
8.42,2.0732255,17480
8.35,-5.296777,17480
8.23,0.42470604,17480
8.4,2.9177475,298
8.05,1.9128048,298
8.0,0.78649354,298
7.89,-3.4569082,298
7.89,-3.174895,298
7.82,1.0186356,298
7.75,-2.0345356,298
7.75,-4.650547,298
7.7,-0.5764339,298
7.68,-1.5808821,298
7.68,0.6208762,298
7.68,-1.3103384,298
7.62,-2.5360444,298
7.6,0.05738587,298
7.58,3.0283632,298
7.52,0.7482109,298
7.48,-2.9085002,298
7.46,2.091419,298
7.43,-2.0227177,298
7.41,2.1493726,298
7.35,-1.6662303,298
7.33,-0.7148011,298
7.33,-1.9338137,298
7.3,2.351687,298
7.3,-2.626374,298
7.26,0.33325487,298
7.22,-4.2907248,298
7.19,-3.024741,298
7.18,3.5718784,298
7.07,-1.7721972,298
6.98,-2.189465,298
6.94,2.370602,298
6.9,-0.8721669,298
6.89,0.39730668,298
6.89,-0.8601217,298
6.79,-1.0061138,298
6.68,-3.7613757,298
6.62,1.1260213,298
6.61,-0.2693463,298
5.8,-1.8098309,13451
8.66,-0.8748883,12781
8.19,-0.71472,12781
8.1,0.4064831,12781
8.04,-0.046424255,12781
6.39,-3.8304381,5181
6.0,0.0026082583,5181
5.68,-5.1392183,5181
5.38,-5.153708,5181
4.51,-7.3313503,5181
3.8,-6.048579,5181
5.48,0.047868896,3480
6.83,3.5495808,10621
5.31,0.49847585,10693
5.07,-0.8563782,10693
7.85,2.8726485,4823
7.75,4.061219,4823
7.48,0.33348796,4823
7.38,1.3976276,4823
7.33,-1.4185455,4823
7.22,2.877385,4823
7.13,1.2595004,4823
7.09,4.556418,4823
6.88,-0.1651248,4823
6.47,-2.5945642,4823
6.46,3.4450748,4823
6.43,-3.2388253,4823
6.35,-1.742433,4823
6.09,-1.4148728,4823
5.52,-2.2245893,4823
8.49,1.7869635,13919
8.47,3.0655174,13919
8.41,-0.044960026,13919
8.32,4.4228044,13919
4.21,-5.268785,13919
7.8,0.65781987,7127
8.22,0.87933254,14308
5.5,-1.6168683,599
5.96,-2.9209795,1788
8.4,0.1884088,1690
8.77,2.2005138,5086
5.16,-2.623803,4272
8.53,-2.6135893,9000
7.17,-1.0321289,9000
6.36,1.916824,9000
6.09,2.4492126,9000
5.92,-0.38490513,9000
5.78,0.8342643,9000
5.65,-2.9357908,9000
5.63,-0.807721,9000
5.58,-2.7658072,9000
5.41,2.4191928,9000
5.05,-2.4667335,9000
4.98,-3.6335835,9000
4.77,-0.67480683,9000
4.62,-0.715863,9000
7.14,2.0171664,13412
6.66,-1.2891574,13412
5.7,-4.1181045,13412
5.7,-4.3276653,13412
6.15,1.308644,14992
7.75,-0.16545527,11142
7.62,1.1607323,11142
7.39,0.58424795,5671
6.8,-0.85852516,8962
6.5,0.78657794,8962
6.5,-1.2943109,8962
6.4,-0.47790822,8962
6.2,-0.58489084,8962
6.1,-1.5176417,8962
5.9,-0.8641293,8962
5.9,-1.53101,8962
5.9,-1.6005516,8962
5.8,-0.42227578,8962
5.5,-5.075246,8962
5.5,-2.6420155,8962
5.4,-0.47397083,8962
5.4,-1.4120532,8962
6.78,-0.5031023,6332
7.82,-2.1621132,11047
6.65,-1.4398813,7863
6.58,-0.36268163,7863
6.04,-2.4622211,7863
5.85,-5.746155,7863
5.2,1.58551,7863
5.13,-2.3266282,7863
5.07,-2.951425,7863
5.03,-3.9257545,7863
5.0,-5.8121686,7863
4.99,-3.6472006,7863
4.85,-4.452068,7863
8.22,-0.38432735,5690
7.8,-1.9596311,5690
7.68,-0.65470576,5690
7.57,-1.9588361,5690
7.54,-1.962846,5690
7.19,-0.8527076,5690
6.55,-2.5380528,5690
6.38,-1.891382,12099
6.7,-2.9142964,12370
7.73,-0.7836677,13322
7.05,1.2909132,13322
6.74,1.1209757,13322
6.56,3.9488132,13322
8.7,0.053952202,5156
8.22,0.9887495,5156
8.15,0.8636848,5156
8.1,1.0703758,5156
7.8,-1.1506042,5156
7.66,0.80247545,5156
7.52,0.9887495,5156
7.47,-0.40985835,5156
7.28,-0.1535909,5156
7.1,0.80247545,5156
7.05,-0.43559152,5156
7.01,-0.1535909,5156
6.96,0.053952202,5156
6.96,0.9017931,5156
6.96,0.9017931,5156
6.89,1.0703758,5156
6.82,-1.2011719,5156
6.82,-1.9481779,5156
6.72,-1.2011719,5156
6.68,0.8636848,5156
6.55,-0.43559152,5156
6.41,-0.40985835,5156
6.4,0.053952202,5156
6.17,-1.1506042,5156
9.0,-0.04537052,8523
9.0,-6.0759485e-05,8523
9.0,1.6691376,8523
7.79,-0.63071334,14536
7.53,0.7882576,14536
6.14,0.2986085,3560
5.82,-7.0586424,3560
4.75,-1.8783829,3560
4.69,-6.220269,3560
8.36,1.8415213,1380
8.07,2.3798423,1380
9.24,-0.58629537,1987
9.18,0.013000128,1987
8.9,2.8881826,1987
8.85,2.8881826,1987
8.85,4.3495393,1987
8.7,-0.245132,1987
8.52,-1.1111257,1987
8.49,-0.46123207,1987
8.49,-0.80702615,1987
8.43,-4.080962,1987
8.42,2.8881826,1987
8.34,-2.3578541,1987
8.31,-3.692643,1987
8.3,-0.8694539,1987
8.15,-1.3083189,1987
8.1,0.25772423,1987
7.96,-0.56907845,1987
7.64,0.013000128,1987
7.64,1.3968606,1987
7.26,-3.7296784,1987
7.14,-1.7062241,1987
7.11,-0.689885,1987
7.03,-2.0690649,1987
6.86,-3.0604255,1987
6.48,-1.6000286,1987
6.33,-1.6009933,1987
6.19,-6.3542504,1987
6.1,-3.7708118,1987
6.07,-1.8136358,1987
9.15,0.767573,5375
8.72,1.4346997,5375
4.75,0.86653197,14916
6.66,-2.5251143,4911
7.54,-0.9062053,12783
4.18,-3.446989,10368
6.8,1.1539527,10685
6.5,-3.676644,10685
7.55,-5.99285,14456
7.46,-4.649286,14456
7.27,-2.2904875,14456
7.22,-2.7962816,14456
7.13,-1.1708354,14456
6.97,-6.8635716,14456
6.97,-6.8218536,14456
6.94,-1.2663028,14456
6.92,-6.7819643,14456
6.84,-6.675886,14456
6.82,-4.5575027,14456
6.82,-6.7819643,14456
6.76,-5.5970216,14456
6.67,-5.895097,14456
6.66,-7.399471,14456
6.63,-5.534969,14456
6.53,-3.2546248,14456
6.38,-3.7160327,14456
6.37,-4.465512,14456
6.37,-6.797707,14456
6.28,-7.399471,14456
6.26,-2.7648296,14456
5.98,2.529084,14456
5.24,-6.669713,14456
4.6,-7.2236114,14456
5.43,-1.4251704,3783
7.92,0.5005919,16953
7.46,-1.3802254,16953
4.85,-2.4478798,17508
4.77,-1.3319452,17508
4.64,-3.092603,17508
9.48,1.7979399,10570
9.1,3.77188,10570
9.03,-1.4586282,10570
8.89,2.4889445,10570
8.87,-4.7347093,10570
8.82,3.0805514,10570
8.82,-0.4274246,10570
8.77,1.4378638,10570
8.77,2.6200805,10570
8.71,1.8691279,10570
8.7,-2.1470668,10570
8.56,0.24901626,10570
8.51,0.14517534,10570
8.49,0.74209857,10570
8.35,-0.27602565,10570
8.07,-0.06024739,10570
8.05,-3.8638337,10570
7.98,-4.2311316,10570
7.9,-5.0728755,10570
7.59,-3.9790452,10570
7.52,2.5367417,10570
7.4,3.4793415,10570
7.32,1.0058877,10570
7.2,-4.1104236,10570
6.91,-3.0620992,10570
6.46,-1.5399132,10570
6.4,-0.53039205,10570
6.11,0.2061316,10570
5.92,1.2343055,10570
5.28,-0.35682604,10570
7.84,5.6117973,11556
6.27,-0.42639858,11556
6.18,2.4212856,11556
6.05,1.2873124,11556
6.01,3.7450302,11556
9.15,2.8014755,17286
9.0,-0.21098077,17286
8.15,-2.5895832,17286
7.77,-2.8049138,17286
7.1,0.80939984,7548
7.21,0.9076121,9493
6.57,-0.99021065,9493
7.15,-0.05641575,14215
5.12,-2.9805238,1613
8.48,0.6774523,16409
8.47,-1.8581032,16409
8.28,-1.712899,16409
7.68,1.0426686,16409
7.52,-1.43644,16409
7.5,-2.169391,16409
7.68,0.8305191,17676
7.82,-1.5493853,16165
7.5,-6.3721128,16165
7.37,-2.0577002,16165
7.34,-1.1730586,16165
7.28,-0.81362176,16165
7.14,-2.621448,16165
6.85,-3.3504095,16165
6.75,-2.4613802,16165
6.6,-3.6681356,16165
6.58,-4.3624234,16165
6.42,-2.2459168,16165
6.36,-2.5090702,16165
6.15,-2.838316,16165
6.14,-2.0681806,16165
6.02,-2.2278535,16165
5.73,-2.456465,16165
5.62,-0.28936574,16165
5.49,-4.8944726,16165
5.45,-2.4928555,16165
7.46,0.7740494,15039
6.92,-2.660231,14380
6.82,-0.85032094,14380
6.72,-0.7003931,14380
6.68,-2.881979,14380
6.66,0.3049489,14380
6.65,-2.881979,14380
6.59,-1.9903121,14380
6.59,-2.0037105,14380
6.55,-2.881979,14380
6.54,-1.1628098,14380
6.51,-3.4542663,14380
6.46,-2.881979,14380
6.43,-2.3596241,14380
6.42,-2.881979,14380
6.36,-2.986648,14380
6.18,-3.3773105,14380
6.13,-1.7840347,14380
7.8,5.2555265,13276
7.7,5.6905217,13276
7.7,1.7198492,13276
7.7,4.011605,13276
7.5,1.4287766,13276
7.5,3.4564412,13276
7.5,5.681929,13276
7.4,3.387624,13276
7.4,1.9216903,13276
7.4,7.8471346,13276
7.4,5.0575976,13276
7.4,1.9928133,13276
7.4,2.8046212,13276
7.4,3.9574444,13276
7.3,0.8697581,13276
7.3,3.2774165,13276
7.2,-0.098077446,13276
7.0,3.6916835,13276
6.9,4.1643515,13276
6.3,-3.2898111,10324
6.22,-2.6892712,10324
4.72,-5.4023795,10324
4.64,-5.5427337,10324
6.96,-1.0644655,9536
6.57,-0.7803197,9536
6.21,-0.6627742,9536
6.14,-0.28005478,9536
6.01,-2.3792777,9536
5.8,-1.1646446,9536
4.95,-2.9062757,14102
6.0,-0.6644455,7612
6.0,-1.5171905,7612
6.0,2.012614,7612
6.0,-0.75627506,7612
6.0,2.6352882,7612
7.89,2.3315847,16472
7.1,-1.02641,16472
7.05,2.9468594,16472
7.0,-1.6213442,16472
6.82,0.45734325,16472
6.72,0.55595386,16472
6.72,3.6055799,16472
6.46,-1.9761629,16472
6.42,-2.4370615,16472
6.33,-2.7231967,16472
6.12,-1.2274114,16472
6.11,-1.0382224,16472
6.1,-0.5765097,16472
6.08,0.8581718,16472
6.0,-3.4949698,16472
5.92,-0.7746564,16472
5.89,1.9011849,16472
5.77,-2.8329492,16472
5.41,-4.6382756,16472
5.28,0.8143208,16472
5.22,-2.125081,16472
5.0,-2.6130753,16472
4.57,-5.2127304,14358
4.47,-6.597119,14358
7.62,0.64386463,1477
5.6,-1.104996,13077
5.36,-2.8094165,13077
9.0,1.3037636,6093
9.0,4.1671243,6093
9.0,1.3862538,6093
9.0,1.8331234,6093
9.0,2.1395738,6093
9.0,0.22538881,6093
9.0,-0.2855567,6093
9.0,0.91427577,6093
9.0,0.43201637,6093
9.0,2.6443353,6093
9.0,0.3880227,6093
9.0,3.3649886,6093
9.0,3.9354308,6093
9.0,3.1349156,6093
9.0,3.3411229,6093
9.0,3.5197415,6093
9.0,3.049403,6093
9.0,0.60546243,6093
9.0,1.8331234,6093
9.0,0.0054041967,6093
9.0,3.4234233,6093
8.72,0.46919706,6093
8.7,2.1395738,6093
8.7,-0.95581496,6093
8.7,3.4234233,6093
8.7,1.1269687,6093
8.7,1.039636,6093
8.7,0.24346116,6093
8.7,0.48552993,6093
8.52,1.5808077,6093
8.49,-0.2931662,6093
8.4,0.6399783,6093
8.4,0.6399783,6093
8.4,1.004888,6093
8.4,2.161407,6093
8.3,3.8247137,6093
8.3,-0.5125998,6093
8.3,1.004888,6093
8.22,1.8331234,6093
8.22,-1.3326426,6093
8.05,0.43201637,6093
7.96,1.8307307,6093
7.96,-1.3326426,6093
7.92,0.29076853,6093
7.85,0.6078323,6093
7.82,-0.44202405,6093
7.68,-2.1783354,6093
7.39,-0.32269076,6093
7.25,-1.7315539,6093
7.24,-0.4575086,6093
7.16,-0.44202405,6093
6.89,-2.1783354,6093
6.84,-1.3977324,6093
5.65,-1.7697641,6093
10.78,4.322979,6429
10.7,1.4433478,6429
10.44,1.2664386,6429
9.97,7.162749,6429
9.96,-0.23450294,6429
9.94,8.429307,6429
9.89,4.7991037,6429
8.39,0.86717594,6429
8.24,3.953608,6429
8.21,0.47452614,6429
8.16,0.5966481,6429
8.13,2.5420678,6429
8.11,4.192846,6429
8.1,-0.3615843,6429
8.08,-0.5805844,6429
8.07,0.38903406,6429
8.05,1.4381329,6429
8.04,2.7186053,6429
8.03,1.7077403,6429
8.0,3.4885924,6429
7.97,3.1239064,6429
7.93,0.81759787,6429
7.92,0.5966481,6429
7.88,1.6792786,6429
7.86,-0.7234514,6429
7.84,-0.5805844,6429
7.82,-0.9341421,6429
7.82,0.14936885,6429
7.79,-0.3615843,6429
7.78,2.025603,6429
7.78,0.7703072,6429
7.78,1.6175369,6429
7.76,-0.49703768,6429
7.76,1.246904,6429
7.75,1.4433478,6429
7.75,1.2577139,6429
7.75,-0.82232225,6429
7.74,-0.19327465,6429
7.74,-2.1769311,6429
7.73,1.4980814,6429
7.73,1.9661345,6429
7.71,0.041787915,6429
7.7,0.68617094,6429
7.7,1.4329127,6429
7.69,2.4466064,6429
7.66,-1.5415701,6429
7.66,2.5792003,6429
7.65,-1.6860629,6429
7.65,1.5129257,6429
7.65,1.4271808,6429
7.63,0.14624882,6429
7.62,2.3509593,6429
7.61,1.3400756,6429
7.61,1.4409311,6429
7.58,0.8056592,6429
7.58,1.9267595,6429
7.57,3.04419,6429
7.56,0.39213207,6429
7.54,2.0679972,6429
7.53,-2.4960387,6429
7.53,1.277808,6429
7.5,1.6342602,6429
7.5,0.81759787,6429
7.49,1.631391,6429
7.49,0.21958847,6429
7.49,-1.6403025,6429
7.49,-3.543769,6429
7.49,-1.5119635,6429
7.49,0.81759787,6429
7.48,-0.06420395,6429
7.47,-0.73999023,6429
7.46,0.15075195,6429
7.46,-0.55771136,6429
7.45,1.3918266,6429
7.45,-0.4267553,6429
7.45,2.5561178,6429
7.44,2.025603,6429
7.43,-1.0756698,6429
7.41,-3.0510113,6429
7.41,1.2664386,6429
7.4,0.38903406,6429
7.39,1.1765954,6429
7.39,0.031053316,6429
7.39,-0.20859075,6429
7.38,0.43406445,6429
7.38,2.1489165,6429
7.37,-1.0615034,6429
7.37,0.54575324,6429
7.36,-0.27507073,6429
7.35,-1.6079773,6429
7.35,0.3737349,6429
7.35,-0.19327465,6429
7.34,1.7800153,6429
7.33,-1.1384131,6429
7.33,1.8106058,6429
7.32,0.63765013,6429
7.3,2.3129077,6429
7.3,-0.1421816,6429
7.3,0.04145318,6429
7.29,-0.7438495,6429
7.29,3.7266922,6429
7.29,1.0289927,6429
7.28,0.39213207,6429
7.26,3.5704064,6429
7.26,-0.070180275,6429
7.26,2.0239832,6429
7.25,-1.8710924,6429
7.25,-0.16097304,6429
7.23,-4.4071193,6429
7.22,0.6674422,6429
7.21,1.1792388,6429
7.21,-0.9793986,6429
7.2,-1.162473,6429
7.2,-1.2049501,6429
7.2,-0.19622314,6429
7.18,0.66564035,6429
7.18,0.82244205,6429
7.17,0.53772354,6429
7.17,-0.17567046,6429
7.15,0.37528545,6429
7.14,-4.2619805,6429
7.14,1.8395399,6429
7.12,0.21958847,6429
7.09,-3.7575204,6429
7.07,-1.151902,6429
7.07,2.55123,6429
7.07,-0.18405294,6429
7.05,-0.19180837,6429
7.04,0.48166147,6429
7.04,-1.5190254,6429
7.04,2.9053102,6429
7.01,-0.43323484,6429
6.97,-1.4804045,6429
6.94,-0.75347674,6429
6.9,-1.7275438,6429
6.9,-1.4361523,6429
7.89,0.08281073,4679
7.54,-1.9989197,4679
7.18,-1.2093523,4679
6.53,1.9929868,4679
6.51,0.2168023,4679
6.42,-2.1955943,4679
6.41,1.8900217,4679
6.24,1.0342622,4679
6.16,0.59205997,4679
6.01,0.3030659,4679
6.01,-1.1711223,4679
5.94,-2.3226368,4679
5.94,-0.53436255,4679
5.91,1.7190652,4679
5.89,-1.4597912,4679
5.79,-0.3505543,4679
5.18,-0.25330728,4679
5.05,-2.566205,4679
4.55,0.5601907,4679
4.26,-1.4215615,4679
4.04,-0.9196974,4679
8.0,0.9400135,10995
7.92,-1.4288405,10995
7.17,-1.6014798,10995
7.08,-0.031277094,10995
6.96,0.11485365,10995
6.9,-1.4586229,10995
6.54,-1.905351,10995
6.27,-0.8344903,10995
6.27,-2.3003135,10995
5.75,-1.2294762,10995
6.01,-3.5470493,13724
7.21,0.6515362,9545
6.06,-0.7852844,17739
7.08,-1.553314,2597
9.1,-0.11870107,4954
9.0,-0.37043777,4954
8.92,1.6077483,4954
8.52,2.1068025,4954
7.01,-1.3097686,16445
4.71,-2.314066,16913
4.64,-0.7264315,16913
4.55,-4.458102,16913
4.51,2.7470605,16913
4.03,-1.0767196,16913
4.02,-4.501079,16913
8.82,2.1297903,12332
7.89,-2.0734675,1062
7.77,-2.1894643,1062
7.72,-3.4507468,1062
7.66,-4.2533264,1062
7.46,0.39427996,1062
7.46,-2.5016024,1062
7.38,-2.3451648,1062
7.1,-1.3446819,1062
7.04,-0.4487637,1062
6.85,0.8453425,1062
6.8,0.5545974,1062
6.7,0.44636402,1062
6.62,0.24788553,1062
6.62,1.0362464,1062
6.55,1.875607,1062
6.46,1.9428008,1062
6.21,-4.7007437,1062
6.19,-5.348263,1062
5.77,-3.6029048,1062
5.72,-0.64716864,1062
6.83,-1.697231,3845
4.51,-2.181952,3845
4.41,-3.5146415,3845
4.41,-2.4822876,3845
4.38,-3.3741314,3845
4.23,-4.342813,3845
4.2,-3.2300532,3845
4.08,-4.5227494,3845
9.0,-0.2770612,13667
8.3,-1.6286982,3610
5.11,-5.4517426,17446
5.06,-5.5447564,17446
4.89,-5.152313,17446
4.75,-7.320071,17446
4.66,-4.75695,17446
9.0,-0.0896343,10111
8.7,-0.43338156,10111
8.52,0.43869737,10111
8.52,1.1517565,2754
8.4,1.6468554,2754
8.4,-1.4761108,2754
8.4,2.408706,2754
8.4,0.6741053,2754
8.4,2.1831934,2754
8.4,2.1831934,2754
8.3,1.3670281,2754
8.3,2.7317224,2754
8.3,1.6429894,2754
8.3,0.6172893,2754
8.22,1.3670281,2754
7.92,-1.3671519,2754
7.75,-1.7231842,2754
7.72,2.2163072,2754
7.66,-1.3671519,2754
7.64,0.7756599,2754
7.44,1.1517565,2754
7.42,-1.5601783,2754
7.4,-0.26080182,2754
7.3,-0.18081987,2754
10.4,1.1410515,9573
10.39,0.57042015,9573
9.82,0.36213502,9573
9.02,0.26325926,9573
8.64,1.1212802,9573
8.52,1.7742307,9573
8.11,0.23235899,9573
7.72,0.20510028,9573
7.68,0.6004025,9573
7.4,1.0431385,9573
6.33,-2.8867168,311
6.27,-1.2508358,311
6.26,-5.3973913,311
6.0,-6.9496417,311
5.73,-6.6674876,311
7.72,-0.4835281,1973
5.85,-4.540942,6769
5.84,-2.5376048,6769
5.7,-4.7796545,6769
5.63,-6.329405,6769
5.5,-3.862285,6769
5.42,-3.519845,6769
5.37,-2.1516693,6769
5.28,-6.052699,6769
5.07,-3.3915827,6769
4.91,-3.6211803,6769
4.78,-1.3331311,6769
4.63,-1.8905215,6769
9.92,-0.5553416,7102
9.74,2.7112956,7102
9.74,0.5545132,7102
9.66,1.9970443,7102
9.62,0.8558233,7102
9.55,1.9064326,7102
9.51,3.5484672,7102
9.48,1.7561527,7102
9.48,-0.89763916,7102
9.48,3.3866823,7102
9.44,0.7289866,7102
9.42,3.1780763,7102
9.41,-0.57370305,7102
9.38,-1.4704723,7102
9.31,2.4850528,7102
9.31,2.2179565,7102
9.28,2.189598,7102
9.27,-0.8035197,7102
9.23,2.1561959,7102
9.23,4.191974,7102
9.19,0.80942416,7102
9.17,5.694859,7102
9.17,-1.4806193,7102
9.14,-0.36927295,7102
9.12,1.2273846,7102
9.12,0.14009938,7102
9.12,1.4361947,7102
9.1,6.4459305,7102
9.1,2.9725337,7102
9.07,1.4357469,7102
9.06,0.8727015,7102
9.06,-0.9703996,7102
9.02,-2.3162818,7102
9.0,1.5906761,7102
8.99,-1.8007917,7102
8.97,1.3825032,7102
8.92,-4.0325584,7102
8.87,4.237107,7102
8.8,2.3925273,7102
8.73,-0.04653153,7102
8.73,-1.8445994,7102
8.68,0.7678039,7102
8.51,1.8624167,7102
8.49,-4.981006,7102
8.32,1.3222291,7102
8.0,1.015508,7102
6.54,-1.5926644,7102
6.89,1.4157397,11642
6.64,0.90165925,11642
6.58,1.7393545,11642
6.48,1.6073028,11642
6.47,1.6360621,11642
6.19,-0.011923492,11642
6.17,1.4157397,11642
5.95,-0.011923492,11642
5.93,0.90165925,11642
5.79,0.6174537,11642
5.66,1.6360621,11642
5.25,-3.119446,11642
5.02,-3.4362476,11642
4.39,-0.24260414,1078
5.39,-1.4191726,2046
5.28,-1.673484,2046
5.12,-1.3431662,2046
5.06,-2.1842475,2046
4.89,-1.0248171,2046
4.85,-5.002848,2046
4.8,-2.2384603,2046
4.57,-2.920349,2046
4.44,-5.5591645,2046
4.32,-4.0392127,2046
4.31,-4.987613,2046
4.16,-5.8797703,2046
4.02,-2.0065088,2046
4.02,-5.1938634,2046
4.02,-5.3161764,2046
8.52,1.931007,17348
6.64,-1.247708,16624
5.11,-1.4976288,12196
9.4,0.94293356,8159
8.89,1.1620834,8159
8.85,-2.935052,8159
8.82,-0.5658424,8159
8.77,-1.070472,8159
8.72,-2.0463924,8159
8.7,-1.6511227,8159
8.68,-3.9883678,8159
8.66,1.9342192,8159
8.66,1.643839,8159
8.41,2.1803787,8159
8.15,-3.2154276,8159
8.07,-0.47803435,8159
7.35,-1.7922975,8159
5.96,-0.5460144,4021
8.05,2.8042128,1036
7.19,1.3485978,1036
6.4,-2.06529,1036
6.68,-0.28353718,9223
6.54,-1.4172201,9223
9.0,0.7017815,15560
8.4,-0.37501088,15560
7.7,-0.052158237,15560
7.58,-3.1022556,15560
7.3,-0.5605198,15560
6.51,-1.4608339,15560
5.12,-1.3372571,17163
8.7,3.3690228,10597
8.52,1.6618098,10597
8.52,3.0382783,10597
8.52,-0.12824713,10597
8.4,3.6050003,10597
8.4,2.4756212,10597
8.3,-1.9237282,10597
8.3,2.046573,10597
8.3,1.4279088,10597
8.22,0.20112634,10597
8.22,-0.042217452,10597
8.22,-1.402192,10597
8.15,2.8250225,10597
8.1,-0.3039625,10597
8.1,1.5716319,10597
8.05,2.2518635,10597
7.85,2.0568192,10597
7.66,0.74991536,10597
7.48,1.48741,10597
7.1,-3.0243695,10597
6.92,3.1050758,10597
6.65,2.4146447,10597
6.03,1.4147679,10597
6.0,-1.5457501,10597
5.92,-0.5345434,10597
5.45,0.20985827,10597
5.4,0.9358976,10597
4.42,-1.7869931,15844
7.38,0.4459874,15035
6.6,-0.18487932,10087
6.0,-1.5373269,10087
5.5,-1.0713142,10087
5.4,-1.6623486,10087
5.1,1.6255256,10087
5.0,-0.8030057,10087
5.0,-3.202722,10087
4.9,-3.3563137,10087
4.5,1.2936826,10087
9.91,-0.8242154,5853
9.78,-3.8881204,5853
9.75,-1.4859877,5853
9.67,-3.650701,5853
9.43,-3.3707855,5853
9.12,-4.6475234,5853
8.92,-3.3344727,5853
8.89,-3.105616,5853
8.72,-0.5347246,5853
8.51,-5.9645176,5853
8.29,-0.105153814,5853
8.13,-4.7322054,5853
7.82,-0.45362148,5853
7.68,-0.43759483,5853
7.5,-4.716839,5853
7.48,-4.622763,5853
7.05,-5.309629,5853
7.01,-0.48379543,5853
6.81,-4.425572,5853
5.72,-3.3045974,5853
5.48,-5.366128,5853
5.33,-7.4864473,5853
5.3,-1.7854851,5853
5.2,-2.1991138,5853
5.19,-1.2994995,5853
5.11,-2.3319798,5853
5.05,-4.2069335,5853
5.05,-6.25084,5853
4.79,-1.1029005,10181
7.07,-1.5535604,11950
7.4,0.27194384,14406
5.37,-1.8590583,14406
6.47,-1.3366499,14985
6.33,-0.42666385,2109
9.15,1.3758354,6410
8.92,1.2196981,6410
8.91,1.4982755,6410
8.89,1.4005014,6410
8.59,-3.0650163,6410
6.96,-1.705984,6410
6.33,-1.9878764,6410
6.08,-2.8235838,6410
6.9,0.20176362,13192
6.75,-0.8150556,534
6.2,-0.9160743,2499
9.0,5.8380733,118
9.0,3.9326823,118
8.7,3.690363,118
8.52,2.6051874,118
8.52,2.7335143,118
8.52,0.5710151,118
8.15,-0.6594746,118
8.1,0.3754227,118
8.05,0.17089681,118
8.05,2.2568576,118
8.0,1.8833627,118
8.0,0.40770724,118
7.82,2.3516786,118
7.7,0.9999176,118
7.7,1.0264351,118
7.7,1.5040189,118
7.62,-1.912177,118
7.52,-2.1777823,118
7.52,3.8089554,118
7.52,0.45509046,118
7.4,0.31181464,118
7.16,-1.2091663,118
7.1,-1.3487197,118
7.08,-0.28140464,118
7.05,-3.158494,118
6.96,1.1382586,118
6.92,-2.8358617,118
6.72,0.5747919,118
6.72,2.2935035,118
6.43,2.2373736,118
6.41,-0.6389464,118
6.41,-6.093287,118
6.26,-1.3720577,118
6.05,-1.2811329,118
5.75,-1.2883744,118
5.39,-3.22589,118
5.1,-3.3807008,118
6.77,1.7837512,9255
7.08,4.7137504,3311
7.03,0.05396244,3311
6.33,3.9648845,3311
6.24,0.795614,3311
5.85,2.7061484,3311
5.82,0.44904363,3311
5.82,-7.004474,3311
5.8,-7.028474,3311
5.72,-1.7565151,3311
5.6,-0.9510828,3311
5.58,-5.7245984,3311
5.0,-6.4249916,3311
4.64,-0.8791466,3311
4.6,-6.1020107,3311
4.54,-5.858951,3311
4.5,-4.520344,3311
4.47,-6.8497167,3311
4.44,-5.289819,3311
4.44,-6.4249916,3311
4.37,-4.6181507,3311
4.2,-5.661602,3311
4.06,-2.515803,3311
3.96,-6.3580766,3311
3.89,-4.7277865,3311
6.7,-0.81807196,4367
5.89,-2.1229453,4367
7.41,1.5068429,15009
9.19,2.5627694,3209
9.08,4.328103,3209
8.8,5.903873,3209
8.77,0.7162074,3209
8.72,3.729381,3209
8.7,0.4395462,3209
8.52,-0.2500744,3209
8.51,0.18047237,3209
8.21,-4.087772,3209
8.2,2.2953882,3209
8.17,0.0784405,3209
8.17,1.9728966,3209
8.03,-0.76504743,3209
8.0,-0.6343659,3209
7.92,-0.31412336,3209
7.92,3.7173765,3209
7.85,-3.0070539,3209
7.82,-3.8848379,3209
7.81,3.384641,3209
7.8,-2.2547882,3209
7.77,-1.7963787,3209
7.75,2.67383,3209
7.7,2.5166757,3209
7.64,0.040806673,3209
7.58,0.26235664,3209
7.57,-1.5204022,3209
7.52,0.84187806,3209
7.42,3.1916144,3209
7.37,1.2406714,3209
7.31,2.116243,3209
7.25,0.18759862,3209
7.21,-4.2993236,3209
7.07,0.84177876,3209
6.99,0.2886298,3209
6.6,2.3475516,3209
6.07,-0.8337734,3209
8.05,3.4941072,1271
7.64,0.30571592,1271
6.66,0.9013964,1271
6.5,0.42509508,1271
6.18,-1.4573932,1271
6.16,0.4419611,1271
6.12,-2.865585,1271
5.37,-3.6806014,1271
5.0,-4.1445665,1271
8.15,1.1643502,9229
6.62,-1.3225908,1090
10.0,3.100427,3274
9.4,1.4444922,3274
9.22,1.5107967,3274
9.0,-0.028833218,3274
8.92,-0.28032875,3274
8.89,-2.9677038,3274
8.74,0.5216849,3274
8.6,1.4630269,3274
8.57,-0.67058074,3274
8.49,0.89043164,3274
8.39,-2.0620267,3274
8.24,-2.0270126,3274
8.21,1.7278366,3274
8.2,0.8070767,3274
8.14,-0.3633781,3274
8.09,1.5806408,3274
7.92,-2.506383,3274
7.6,-2.2844412,3274
7.57,-0.14805304,3274
7.28,-0.34667757,3274
7.03,-2.8122175,3274
6.65,-2.8778048,3274
4.7,-4.620425,4069
4.3,-3.1267323,4069
4.1,-3.5315862,4069
7.3,-1.3021095,16090
6.55,-3.3593173,16090
5.75,-2.018905,16090
6.96,3.4186656,12214
6.73,2.6877842,12214
6.44,3.6836987,12214
7.85,0.3128838,4955
7.82,-0.42528152,4955
7.66,0.8123796,4955
7.5,0.97607803,4955
7.07,-1.2372957,4955
9.4,-3.0056493,8073
9.3,-3.3406405,8073
9.15,-2.021043,8073
9.1,-4.496456,8073
9.0,-4.9305778,8073
9.0,-2.8344662,8073
9.0,-0.638571,8073
9.0,-1.5976024,8073
9.0,-2.235089,8073
9.0,-0.005105829,8073
9.0,-0.7249799,8073
9.0,-1.6916765,8073
9.0,-2.9545126,8073
9.0,-1.4933437,8073
9.0,0.26443464,8073
9.0,-0.63043225,8073
9.0,0.21284235,8073
9.0,0.044451687,8073
9.0,-4.1768823,8073
9.0,0.23789176,8073
9.0,-2.169829,8073
9.0,-5.162753,8073
9.0,1.6538752,8073
9.0,0.13502513,8073
9.0,-0.20463511,8073
9.0,2.4474597,8073
8.7,-3.0987759,8073
8.7,-0.7576655,8073
8.7,1.153871,8073
8.7,2.7827032,8073
8.7,-2.9589956,8073
8.7,0.4943872,8073
8.7,0.04515653,8073
8.7,0.003398858,8073
8.7,0.15794384,8073
8.52,-3.0436928,8073
8.52,0.9315237,8073
8.52,-0.7296858,8073
8.4,-0.67879033,8073
8.4,1.60474,8073
8.4,-2.6009097,8073
8.4,-1.3728585,8073
8.4,-0.843354,8073
9.92,2.6957445,17108
9.8,1.6471581,17108
9.7,1.6471581,17108
9.52,0.119272925,17108
9.3,-0.061646014,17108
9.24,1.1311618,17108
9.15,-0.07700558,17108
9.12,1.1028637,17108
9.05,1.1028637,17108
8.82,-0.79798055,17108
8.82,2.849475,17108
8.4,-0.92732847,17108
8.3,0.91650677,17108
8.22,-2.125311,17108
8.05,0.29336888,17108
7.87,-4.476259,17108
7.56,1.4016839,17108
7.55,1.5130929,17108
6.46,-2.2411706,17108
6.34,-3.189655,17108
8.22,0.6216723,15542
7.58,-1.9002389,15542
7.57,-2.0385895,15542
7.42,-0.43747824,15542
7.36,-2.7217026,15542
7.3,0.91849184,15542
7.22,-2.2138224,15542
7.2,-3.614696,15542
7.17,-1.5941553,15542
7.16,-1.1858082,15542
7.09,-1.471857,15542
7.0,-4.981077,15542
7.0,-0.110321105,15542
6.96,-0.8061985,15542
6.92,-1.4206415,15542
6.89,-0.6392522,15542
6.89,-3.4135542,15542
6.89,-1.2830106,15542
6.89,2.5277708,15542
6.85,-2.7775671,15542
6.85,0.054844037,15542
6.82,0.48551446,15542
6.8,-0.037764296,15542
6.8,-0.31355077,15542
6.68,1.0057456,15542
6.64,-1.1719563,15542
6.57,1.0056113,15542
6.52,0.14379248,15542
6.48,-1.2671812,15542
6.43,-4.429779,15542
6.39,-0.9386624,15542
6.34,-2.1466882,15542
6.34,-0.99129045,15542
6.3,-3.1600373,15542
5.64,-2.6344662,15542
5.24,-1.3827513,15542
4.0,-4.7770553,1427
8.52,-2.4528322,17130
9.22,0.11795016,5290
8.85,-0.44535103,5290
8.55,-0.2127203,5290
8.08,1.1271331,5290
7.8,-2.0373147,5290
7.64,-2.1899107,5290
7.57,-3.5037332,5290
7.39,-3.1466308,5290
7.17,-4.1386256,5290
7.16,-2.844583,5290
6.99,-4.1749487,5290
6.85,-2.648752,5290
6.83,-0.63850355,5290
6.81,-2.5603008,5290
6.74,-6.06379,5290
6.51,-0.16637325,5290
6.43,-6.915971,5290
6.38,-2.6489832,5290
6.38,-7.6875653,5290
6.26,-3.5662353,5290
6.24,-4.3604093,5290
6.01,-1.4915273,5290
5.87,-0.97210395,5290
5.7,-3.5058668,5290
5.59,-3.542727,5290
5.52,-6.0947847,5290
5.51,-4.4386144,5290
5.51,-0.32906798,5290
5.24,-2.1557713,5290
7.7,0.10891436,7753
6.77,1.5084594,7753
6.22,-0.06278961,6880
9.1,-4.858102,14223
7.68,-5.254117,7425
6.75,-1.9274228,7425
6.57,0.41286767,7425
6.35,1.4050677,7425
6.28,-0.6092782,7425
6.04,0.13267016,7425
5.56,-0.37159282,7425
5.42,-5.071238,7425
5.23,-2.6138806,7425
5.22,-2.32127,7425
5.07,-2.2716467,7425
8.52,4.5202413,2746
8.4,-1.6415335,2746
8.4,2.0332193,2746
8.4,1.910634,2746
8.3,1.1663347,2746
8.15,-0.559221,2746
8.1,1.1411847,2746
8.05,-1.4934372,2746
8.0,0.8290235,2746
8.0,0.23389298,2746
7.75,0.7779064,2746
7.5,-3.901834,2746
7.42,-0.37336752,2746
7.41,0.6723758,2746
7.4,-1.0371071,2746
7.34,-0.5425501,2746
7.24,-0.8786566,2746
7.23,-3.037168,2746
7.19,-2.166612,2746
7.16,-0.9805702,2746
7.03,-2.1190362,2746
6.98,-1.7702703,2746
6.97,-1.8742123,2746
6.97,-6.2361093,2746
6.96,-2.6395502,2746
6.82,-2.3043134,2746
6.79,-7.0887012,2746
6.75,-3.5263436,2746
6.72,0.20027141,2746
6.71,-4.0450463,2746
6.7,-0.5794507,2746
6.67,-4.852873,2746
6.64,-5.023208,2746
6.64,-1.9525129,2746
6.63,-3.273018,2746
6.59,-3.7589893,2746
6.54,-1.7179493,2746
6.47,-3.5448027,2746
6.46,-2.953022,2746
6.42,-5.0542474,2746
6.41,-4.724045,2746
6.37,-3.4859865,2746
6.33,-1.1004987,2746
5.91,0.56901217,2746
5.85,-3.852577,2746
5.82,-2.8494194,2746
5.64,-1.5694666,2746
5.56,-1.996952,2746
5.02,-4.9633107,2746
4.99,-1.7760613,2746
4.92,-5.6880937,2746
4.58,-5.2822223,17800
4.47,-5.580461,17800
7.77,2.021692,16938
7.68,2.3339725,16938
7.51,0.35933274,16938
7.47,1.4135709,16938
7.46,1.0267943,16938
7.35,-0.24607942,16938
7.14,0.9677501,16938
7.08,1.321992,16938
6.92,-1.962585,16938
6.91,1.9945782,16938
6.6,-1.0938011,16938
6.48,-0.7398815,16938
6.36,-0.1844047,16938
6.32,0.23618343,16938
6.28,-1.1717849,16938
6.21,0.43110907,16938
6.21,-0.36777914,16938
6.12,0.89562213,16938
6.12,1.4319341,16938
6.12,-2.045556,16938
6.11,-1.9431517,16938
6.11,0.030138846,16938
6.09,-1.5901861,16938
6.03,1.3125262,16938
5.96,-1.3382077,16938
5.89,1.3888929,16938
5.89,1.0808982,16938
5.82,-0.3633687,16938
5.82,-0.35526076,16938
5.82,-1.2676239,16938
5.77,0.52916014,16938
5.77,0.38594824,16938
5.77,-1.6231903,16938
5.75,-1.6880999,16938
5.57,-0.55602133,16938
5.57,-0.9948497,16938
5.57,-2.1580112,16938
5.54,-2.5781739,16938
5.52,-1.7258154,16938
5.52,0.41006556,16938
5.52,-0.063144416,16938
5.47,0.87290645,16938
5.36,-0.8517127,16938
5.35,-1.1796958,16938
5.27,-1.8129417,16938
5.16,-1.5642377,16938
5.13,-0.46329716,16938
5.11,1.4366913,16938
5.01,-0.8492378,16938
4.92,-0.6419592,16938
4.82,-0.95824456,16938
6.06,1.3737816,9015
9.0,-3.175329,6010
8.7,-0.080550954,6010
8.52,-3.8886876,6010
8.1,0.25083867,6010
8.1,0.57710934,6010
7.62,-7.255153,6010
7.51,1.2684968,6010
7.36,4.373318,6010
7.34,0.32751665,6010
7.32,-2.4484894,6010
7.24,-2.5352921,6010
7.11,-0.4271068,6010
7.1,0.9881214,6010
6.96,0.05790105,6010
6.94,-1.7347689,6010
6.66,0.35476288,6010
6.62,0.6831995,6010
6.56,-3.0283384,6010
6.54,3.4672978,6010
6.49,2.6286943,6010
6.4,-5.4140744,6010
6.38,-3.369872,6010
6.32,-1.4412178,6010
5.92,1.9246272,8483
6.93,-2.77998,14810
8.52,1.7280009,9315
8.22,1.9868811,9315
7.3,0.030899566,9315
7.22,-1.0454749,9315
6.8,-2.3433976,9315
6.37,-1.3711056,9315
6.36,-2.5399327,9315
6.22,-2.566725,9315
6.05,-3.7519906,9315
5.92,-2.9017704,9315
5.4,-2.148503,9315
5.21,-4.088243,9315
5.0,-2.8221862,15867
7.12,-1.2783902,11951
5.88,-3.174311,13400
5.06,-1.3534986,10559
6.26,-0.88677573,11988
5.51,-2.2669773,2121
6.0,0.0764398,2889
4.6,-2.2155612,2889
8.8,-2.2531512,6142
8.7,-1.0162214,6142
8.7,-0.23306364,6142
8.65,-1.5353389,6142
8.58,-1.5093774,6142
8.56,-1.0908985,6142
8.53,-2.9560838,6142
8.53,0.7395408,6142
8.51,-0.39637405,6142
8.51,-1.0637472,6142
8.47,-2.9517896,6142
8.43,-0.021293927,6142
8.41,-0.440104,6142
8.4,0.18285592,6142
8.38,-2.1575465,6142
8.33,2.710485,6142
8.32,-3.0243204,6142
8.31,1.8410459,6142
8.27,0.1656961,6142
8.27,1.2915194,6142
8.26,-2.2531512,6142
8.26,3.2324483,6142
8.25,-0.74508643,6142
8.23,-1.680917,6142
8.23,-1.5844759,6142
8.21,0.7395408,6142
8.2,-2.430206,6142
8.17,0.690807,6142
8.14,-0.06439185,6142
8.14,1.8020153,6142
8.08,3.1677945,6142
8.05,4.4026737,6142
8.03,1.0909559,6142
8.0,0.7395408,6142
8.0,0.8317764,6142
5.82,-2.1788356,4420
5.72,-4.3909636,4420
5.7,-3.3647628,4420
4.57,-7.717768,4420
4.34,-6.5816784,4420
4.0,-1.7085745,4420
4.0,0.51973855,4420
9.02,-1.0971258,5036
8.56,0.33788472,5036
8.44,-5.7827835,5036
8.26,-1.2953492,5036
8.24,-2.3317385,5036
8.16,-1.5208582,5036
8.07,-3.9145045,5036
7.97,-3.2257268,5036
7.96,0.92296815,5036
7.78,0.93761456,5036
7.64,-0.10039939,5036
7.63,-2.3567345,5036
7.48,-3.288126,5036
7.34,-0.75687265,5036
7.17,-4.0996566,5036
7.15,-0.42948666,5036
7.01,-0.058308117,5036
6.98,-4.305805,5036
6.85,-6.093287,5036
6.57,-0.6181971,5036
6.53,-2.2406352,5036
6.1,-1.2760322,5036
6.06,-3.8915849,5036
6.0,-2.7922592,5036
5.92,-0.35634246,5036
5.88,-3.8560033,5036
9.03,-2.1279788,10300
8.67,-0.0106539875,10300
8.48,-1.477678,10300
8.48,-0.4278307,10300
8.38,0.16787678,10300
8.26,-0.3017953,10300
8.06,1.0315744,10300
8.01,2.7341523,10300
8.9,-2.084254,12958
8.6,1.5579418,12958
8.5,1.7423934,12958
8.5,-2.1306171,12958
8.5,1.8324103,12958
8.2,2.6287239,12958
8.1,1.6397125,12958
8.1,0.56267405,12958
8.0,0.23069464,12958
7.9,-4.165633,12958
7.9,-1.0604278,12958
7.9,-3.7271686,12958
7.7,-2.529902,12958
7.7,-3.4030406,12958
7.6,-2.2397594,12958
7.5,-1.6920631,12958
7.5,-1.7624861,12958
7.5,-4.5538063,12958
7.4,-4.5153737,12958
7.3,-3.676229,12958
7.2,-2.870042,12958
7.1,-3.2707188,12958
7.1,-2.8269086,12958
7.1,-5.498805,12958
6.8,-5.6977773,12958
6.7,-3.1406286,12958
6.5,-4.1688046,12958
5.5,0.0029733554,12958
5.4,-1.9292903,12958
5.4,-1.6468458,12958
6.37,-2.6968005,608
6.24,-1.6149158,608
4.85,-3.4655852,608
6.38,-0.2805892,14341
7.12,-1.046702,4060
6.75,-1.5644037,4060
5.48,1.112506,4060
5.4,-1.6859808,4060
4.96,1.413328,4060
4.48,-2.5873976,4060
7.34,-3.488443,8333
5.19,-5.415106,8333
5.17,-3.3086982,8333
5.96,-0.07504367,12431
7.92,3.2515957,16143
7.82,-0.16900665,16143
7.77,-0.7480316,16143
7.68,0.9673735,16143
7.64,-0.08627959,16143
7.52,0.26148605,16143
7.51,2.896374,16143
7.5,1.2493722,16143
7.48,-0.94761467,16143
7.4,0.030698217,16143
7.38,2.1718934,16143
7.38,1.0000697,16143
7.3,3.2384248,16143
7.22,1.4374343,16143
7.2,-0.24354482,16143
7.13,1.421142,16143
7.12,-0.21356685,16143
7.11,0.5391003,16143
7.1,-1.3005109,16143
7.1,1.8268682,16143
7.07,-1.5381769,16143
7.04,-1.3956585,16143
6.96,2.5460029,16143
4.6,-1.1969599,16143
7.85,2.1906557,1678
7.8,-1.103484,1678
7.66,-0.4828203,1678
7.62,-1.6455147,1678
7.62,-0.23332733,1678
7.54,-1.4334391,1678
7.5,1.3782997,1678
7.44,-0.81344056,1678
7.4,0.37477204,1678
7.27,1.2576461,1678
7.27,-0.2530268,1678
7.21,-0.40224925,1678
7.16,-1.7040783,1678
7.16,0.6671996,1678
7.07,-1.9560171,1678
7.04,-1.928518,1678
7.03,-0.058137745,1678
7.0,-0.40713164,1678
6.92,-0.555969,1678
6.89,-0.7859564,1678
6.89,-0.8832766,1678
6.8,-2.812811,1678
6.68,-1.7061312,1678
6.6,-1.0005828,1678
6.55,-0.20098275,1678
6.39,-1.9115121,1678
6.37,-1.8145146,1678
6.23,-1.3210487,1678
6.02,-3.8509114,1678
5.41,-1.2969229,1678
4.8,-5.783548,1678
6.85,-0.21165438,15651
6.57,-3.145796,15651
6.5,-0.21165438,15651
5.92,0.58315706,15651
5.82,-2.0630941,15651
5.55,-1.7315389,15651
5.52,-1.898808,15651
5.16,-4.3533916,15651
5.0,-0.85601616,15651
4.57,-0.6407429,15651
6.0,0.12588891,13967
6.22,-3.4473722,3830
5.89,-1.9501272,3830
5.82,-4.4961896,3830
5.7,-6.044924,3830
5.54,1.5421585,3830
7.26,-1.3745561,15971
7.2,-0.6155598,15971
6.0,-4.966204,15971
5.96,-1.3745561,15971
4.77,-3.8827374,15971
4.77,-3.1957643,15971
4.67,-1.1080486,15971
4.66,-6.1548624,15971
7.43,0.04904083,9067
5.86,1.7906942,14993
8.15,0.23845756,7319
7.92,2.2447233,7319
7.85,2.549248,7319
7.72,-2.2560024,7319
7.62,0.48172942,7319
7.57,2.261719,7319
7.37,2.512471,7319
7.17,1.7628024,7319
7.08,0.88127756,7319
7.07,0.48221532,7319
6.98,1.6547631,7319
6.85,4.177017,7319
6.66,1.0676671,7319
6.23,-3.3193195,7319
6.05,-1.6356267,7319
5.71,-2.9176965,7319
5.54,1.7608206,5556
8.35,-2.4151042,10245
7.89,4.10271,10245
7.62,-1.7127168,10245
7.46,-0.086937726,10245
7.39,-3.7267883,10245
7.31,-1.6297976,10245
6.87,-3.0765963,10245
6.52,-1.32774,10245
4.25,-0.5641544,16149
5.68,-0.73144877,4018
9.15,-2.3183014,11174
9.1,-1.7087909,11174
9.1,-1.87803,11174
8.92,-4.570514,11174
8.92,-5.41639,11174
8.74,-0.92456615,11174
8.72,-7.1685762,11174
8.64,-1.7319577,11174
8.62,2.0767622,11174
8.52,-3.8339074,11174
8.51,-2.7563915,11174
8.43,0.16886145,11174
8.42,0.34577185,11174
8.42,0.09246809,11174
8.35,0.58860123,11174
8.35,-2.48901,11174
8.3,-1.5871933,11174
8.28,-6.2628045,11174
8.21,0.662441,11174
8.12,-6.0496597,11174
8.12,-3.2108178,11174
8.02,-2.7120955,11174
8.0,1.2257539,11174
7.99,-1.8625351,11174
7.98,-4.9495864,11174
7.98,-2.4298344,11174
7.8,-2.8373337,11174
7.72,-2.5051856,11174
7.54,-4.673284,11174
7.37,-2.2890928,11174
7.36,-3.0281994,11174
7.24,-3.9624207,11174
7.24,0.09246809,11174
7.23,-1.6042341,11174
7.22,-1.9943986,11174
7.16,-0.8151425,11174
7.01,-3.1717477,11174
6.9,-1.919113,11174
6.79,-1.1066297,11174
6.68,-2.9420834,11174
6.34,-2.9561853,11174
6.33,-4.851082,11174
6.18,0.3455443,11174
5.99,-1.3648282,11174
7.37,1.0147516,9163
6.52,-1.287067,9271
7.85,-0.79598725,16154
7.75,1.3025709,16154
7.64,-1.6391932,16154
7.64,-4.0316396,16154
7.62,-0.25612527,16154
7.54,-0.40267584,16154
7.48,-3.2773132,16154
7.44,-0.5685533,16154
7.38,-3.5415542,16154
7.32,-1.7638731,16154
7.24,-1.1872715,16154
7.17,-4.34903,16154
7.12,-0.492533,16154
7.06,-0.71627927,16154
7.03,-5.010973,16154
6.83,-3.2153566,16154
6.78,-1.0831355,16154
6.74,-1.0826166,16154
6.72,-2.6172454,16154
6.72,-1.9078335,16154
6.69,-3.3509722,16154
6.62,-5.3878984,16154
6.48,-3.0700943,16154
6.44,-2.0329337,16154
6.41,-5.748935,16154
6.4,-1.6894876,16154
6.28,-1.4061899,16154
6.25,-3.600404,16154
6.19,-3.791372,16154
6.09,-2.6694512,16154
5.96,-5.757814,16154
5.63,-5.906663,16154
5.58,-4.8883996,16154
5.46,-2.8057404,16154
5.27,-5.5303407,16154
5.21,-3.7594779,16154
4.84,-1.831618,16154
5.0,-3.5905404,15950
6.24,2.023735,6524
6.12,3.3247178,6524
5.89,2.666107,6524
7.7,-3.121658,8767
7.4,1.9179447,6962
5.74,-1.3547505,6534
7.7,2.3525982,6703
7.52,-0.03824409,6703
7.4,3.1757505,6703
7.0,-1.5801516,6703
6.89,0.16492745,6703
6.77,-2.4205942,6703
6.6,-2.4853802,6703
6.22,-3.582932,6703
6.16,-2.5813615,6703
6.06,-5.5124574,6703
6.03,-4.8338723,6703
6.02,-3.8706024,6703
5.97,0.3281489,6703
5.96,-7.07214,6703
5.92,-8.924364,6703
5.89,-7.343634,6703
5.74,-7.4660463,6703
5.19,-4.213055,6703
8.64,-1.6354939,17054
8.6,-0.11571641,17054
8.49,-3.5050263,17054
8.46,2.7455292,17054
8.44,-1.8293735,17054
8.43,-0.12065756,17054
8.41,0.993255,17054
8.41,-0.17638774,17054
8.38,1.0139382,17054
8.36,1.1226556,17054
8.35,-0.12786838,17054
8.31,-1.2023375,17054
8.29,-2.821427,17054
8.22,-2.7979386,17054
8.21,-1.8222541,17054
8.19,-3.2306871,17054
8.17,0.027191833,17054
8.15,1.492201,17054
8.15,-3.0966706,17054
8.14,-2.1626134,17054
8.07,-0.45368066,17054
8.06,0.16820192,17054
8.0,-2.3393207,17054
7.95,-1.4130887,17054
7.84,2.2927852,17054
7.79,0.46616548,17054
7.69,0.55552685,17054
7.58,-2.8098674,17054
7.46,-0.8273933,17054
7.25,-3.0907667,17054
7.05,-0.63531363,17054
6.88,-5.26158,17054
6.81,-3.690118,17054
6.8,-1.0056901,17054
5.6,-2.6149862,17054
9.4,1.3550617,11952
8.0,-2.796851,15819
8.0,-2.5777593,15819
8.0,-2.4316878,15819
8.0,-2.629325,15819
8.0,-1.9032794,15819
8.0,-1.4927459,15819
8.0,-2.2167232,15819
7.7,-1.78455,15819
7.7,-2.115498,15819
7.7,-1.0391128,15819
7.52,-3.1244366,15819
7.52,-1.6593714,15819
7.52,-2.7329402,15819
7.4,-2.13337,15819
7.4,-3.208063,15819
6.8,-1.9887381,15819
5.89,-2.0347419,15660
8.59,3.0965812,2023
9.89,-0.2992647,2338
9.59,0.77582085,2338
9.57,-1.3900107,2338
9.55,1.5386525,2338
9.34,-2.0631428,2338
9.31,-1.8347733,2338
9.3,-1.3946208,2338
9.28,-2.0317698,2338
9.23,-0.5855813,2338
9.14,0.7772684,2338
9.09,-3.5053747,2338
8.05,-0.32625487,2338
7.96,3.0652204,2338
7.85,-2.7063181,2338
7.85,-2.0909593,2338
7.77,1.2253101,2338
7.54,-2.6827352,2338
7.43,-0.25414652,2338
7.39,-0.81050754,2338
7.18,-1.8413582,2338
7.17,-3.6336663,2338
7.11,-3.4480052,2338
7.09,-0.48418793,2338
7.05,-1.5881866,2338
6.85,-1.1294838,2338
6.84,-1.3147103,2338
6.83,-1.4902182,2338
6.71,-1.2141355,2338
6.48,-3.2233412,2338
6.38,-1.0049187,2338
5.85,-1.3329952,2338
4.03,-5.0394835,16824
9.29,1.6533588,12825
9.22,3.5102088,12825
8.82,3.9866014,12825
8.7,4.048626,12825
8.64,1.6113513,12825
8.43,2.6224277,12825
8.15,1.8897327,12825
7.85,0.92020893,12825
6.78,1.7687647,12825
6.5,0.37708592,12825
5.94,0.40559316,12825
5.93,5.2830048,12825
5.86,3.4569414,12825
5.42,0.6988559,12825
8.15,-1.1423072,6889
8.1,1.7293854,6889
8.03,2.7412593,6889
8.02,-1.3537025,6889
7.92,3.161409,6889
7.9,1.7864163,6889
7.88,2.3999088,6889
7.81,-1.1960707,6889
7.8,-3.839103,6889
7.78,1.3133384,6889
7.78,-1.9277518,6889
7.75,-0.2652663,6889
7.71,0.0804266,6889
7.65,2.7249458,6889
7.65,1.4476216,6889
7.62,-1.1423072,6889
7.59,-0.38983998,6889
7.5,2.2081394,6889
7.48,0.12510155,6889
7.47,-0.54416466,6889
7.41,-2.0867271,6889
7.3,0.6952598,6889
7.28,-0.38983992,6889
7.23,0.18765628,6889
7.21,0.27543882,6889
7.2,-1.9326913,6889
7.05,-1.3438325,6889
6.96,-1.4513965,6889
6.86,0.55530274,6889
6.81,0.86495936,6889
6.66,-1.142307,6889
6.65,-1.8335919,6889
6.56,-3.3679137,6889
6.53,-0.62352514,6889
6.37,-0.49202338,6889
6.33,-0.38984004,6889
6.2,-1.3537021,6889
9.0,2.5709069,11462
4.82,-3.136342,11462
4.74,-7.1375737,11462
4.49,-4.186075,11462
4.47,-1.2191033,11462
4.38,-3.106524,11462
4.36,-2.9037697,11462
4.15,-4.7971206,11462
4.05,-5.1099563,11462
8.55,-0.08717153,14332
8.4,-1.4013772,14332
8.55,-3.0912926,12159
8.44,-6.2444434,12159
8.3,0.5341184,12159
8.27,-2.325838,12159
8.06,-5.746818,12159
7.97,-0.196479,12159
7.31,-1.0190842,12159
5.44,-7.405451,14168
5.86,-0.6767862,7973
8.8,-1.4285113,13104
6.46,2.177301,7138
9.35,1.776839,11259
9.16,-0.60428524,11259
9.03,0.49129847,11259
8.92,1.6838049,11259
8.92,0.7382554,11259
8.82,2.8431363,11259
8.8,1.9260434,11259
8.77,-0.036927916,11259
8.68,-0.8625064,11259
8.62,-0.9368522,11259
8.34,0.41202107,11259
8.23,0.79203594,11259
7.89,-2.789204,11259
7.54,0.081211,11259
7.52,-0.6042857,11259
7.27,1.0606769,11259
7.19,-0.35261458,11259
6.66,-0.72179544,11259
6.31,-0.8849957,11259
6.27,-1.3516572,11259
7.02,0.35369048,13191
7.58,-1.4611862,10467
7.16,-1.2762386,1137
7.18,2.3327863,5217
8.72,2.1236904,10900
8.14,-6.3504395,10900
8.0,-5.5788064,10900
8.0,-3.068626,10900
7.96,1.2213798,10900
7.92,-4.2046328,10900
7.7,-4.0108786,10900
7.64,-0.016998261,10900
7.62,-1.4039586,10900
7.57,-2.2419255,10900
7.5,-1.5917578,10900
7.48,-2.475397,10900
7.47,-4.8699136,10900
7.43,-0.90825975,10900
7.37,-3.3964195,10900
7.24,-1.3190259,10900
7.22,-1.8039336,10900
7.21,-2.0337071,10900
7.05,-1.362546,10900
7.03,-5.733927,10900
6.75,-3.0690768,10900
6.75,-0.8466859,10900
6.46,-0.67733717,10900
6.43,0.52320695,10900
6.28,-2.2063835,10900
6.27,0.72112703,10900
6.16,-4.839935,10900
7.77,-0.8751066,15465
5.64,-3.12005,5299
6.79,0.6234659,1488
7.89,-0.500314,5758
7.07,1.6704895,4611
7.07,0.21473527,4611
6.86,-0.019950323,4611
6.66,0.23294549,4611
6.49,0.2730553,4611
6.44,-0.11495972,4611
6.41,1.596187,4611
6.37,0.21079782,4611
6.34,-0.032356173,4611
6.25,0.2730559,4611
6.18,-1.9676311,4611
6.02,-1.7574807,4611
6.0,-0.8764746,4611
6.0,-1.2338698,4611
5.81,0.27305576,4611
5.7,-2.8760033,4611
5.64,-1.1763183,4611
5.62,-2.6320508,4611
5.62,-0.79210484,4611
5.61,0.89990985,4611
5.37,-1.9612894,4611
5.27,-2.6408303,4611
5.0,-2.3521488,4611
5.0,-4.21928,4611
9.0,0.86878586,9226
7.96,-1.8433233,9226
7.02,-0.4883848,1443
4.75,-3.4112787,15680
4.55,-5.984533,15680
8.0,-1.2969804,8759
7.68,0.28411248,8759
6.58,-0.57514596,8000
8.52,2.126411,16873
8.52,-3.5724342,16873
8.4,0.92572284,16873
8.4,-4.843171,16873
8.3,3.9607162,16873
8.22,-1.4991709,16873
8.1,-1.2148952,16873
8.0,1.7718283,16873
8.0,-0.07263073,16873
7.96,0.2610416,16873
7.92,-4.7907724,16873
7.89,0.24815759,16873
7.82,4.518402,16873
7.75,-0.86754143,16873
7.68,0.118512854,16873
7.68,-0.2320507,16873
7.68,-1.5665978,16873
7.64,-3.3566668,16873
7.6,-3.1247034,16873
7.58,2.3098102,16873
7.51,-0.93568695,16873
7.46,-1.998049,16873
7.44,1.1977826,16873
7.44,-1.2715914,16873
7.42,-0.90537286,16873
7.26,-1.107311,16873
7.17,-1.0388699,16873
7.13,0.8980073,16873
7.09,-4.0355773,16873
7.07,-4.586328,16873
7.06,-2.4168038,16873
7.05,-3.0306766,16873
6.82,-2.8795114,16873
6.41,0.33507872,16873
6.33,-2.8267956,16873
6.22,-1.3041246,16873
5.92,1.023492,16873
5.89,0.6030607,16873
5.51,0.38058236,16873
5.5,0.2986052,16873
5.33,-6.7334437,16873
5.32,-4.3102007,16873
4.92,-3.4205477,16873
5.08,-3.9712615,4547
4.69,-2.7114348,4547
4.49,-4.735561,4547
4.28,-0.6111218,4547
4.27,-0.8517647,4547
4.24,-5.3504386,4547
8.44,-0.22983998,4256
9.52,1.4303355,387
9.4,2.0098403,387
9.4,3.7847793,387
9.4,-2.617958,387
9.3,0.7733238,387
9.22,-3.118114,387
9.15,0.7893114,387
9.1,-3.9527395,387
9.0,-1.0889463,387
8.8,-4.3736506,387
8.7,-0.7197404,387
8.68,-5.0078545,387
8.52,-0.98630714,387
8.42,2.572143,387
8.4,-3.0354817,387
8.36,3.1754787,387
8.36,1.3126097,387
8.31,-0.8562819,387
8.19,-2.0325358,387
8.17,-1.5232464,387
8.08,2.4525628,387
8.07,-2.5068452,387
8.04,0.116735786,387
7.77,1.3060745,387
7.64,-0.29176995,387
7.44,0.2342598,387
7.41,-0.84951806,387
7.36,-1.460587,387
7.35,-0.05827813,387
7.33,-0.22783417,387
7.27,0.8360821,387
7.24,-0.7455207,387
7.17,0.71696985,387
7.15,-5.4371924,387
7.12,-1.1925111,387
7.06,-1.3892428,387
6.82,2.1420336,387
6.52,1.1334064,387
7.8,3.099352,11668
6.82,-2.8396811,11668
6.79,-4.9671216,11668
6.76,-0.8662801,11668
6.72,-0.4667837,11668
6.58,-3.0829215,11668
6.57,0.37257993,11668
6.5,-5.781718,11668
6.44,-4.346848,11668
6.27,-6.2142467,11668
7.06,0.15675795,12582
8.6,0.25871503,14970
6.43,1.7521993,8433
7.89,-0.51698387,5368
7.44,-1.0112858,5368
7.42,2.0604231,5368
7.2,0.7760097,5368
7.16,-3.8983161,5368
7.13,-1.7157604,5368
7.13,-2.11395,5368
6.98,-2.1764817,5368
6.92,-2.5147655,5368
6.81,-2.885525,5368
6.8,-4.5465403,5368
6.73,-1.208343,5368
6.7,-3.6335616,5368
6.69,-2.0009503,5368
6.49,-3.0441298,5368
6.32,-4.684141,5368
6.03,-1.9973946,5368
8.52,5.62736,3423
8.4,0.71162236,3423
8.3,0.15540448,3423
8.05,-1.0232797,3423
8.0,0.5088248,3423
8.0,-1.0133339,3423
8.0,3.6559234,3423
7.96,0.6366415,3423
7.92,0.02182344,3423
7.92,2.963174,3423
7.92,-3.5668802,3423
7.89,-0.3543061,3423
7.85,-1.3485181,3423
7.85,-1.4642164,3423
7.82,-3.072355,3423
7.77,1.0263923,3423
7.77,0.38487133,3423
7.7,-1.2141322,3423
7.7,0.0328777,3423
7.62,-1.3081412,3423
7.6,-0.18951622,3423
7.57,0.82830596,3423
7.57,1.3920666,3423
7.54,1.3199368,3423
7.52,-1.1823685,3423
7.5,-0.10783169,3423
7.46,1.5283929,3423
7.44,-0.8462198,3423
7.43,-1.2559675,3423
7.43,-1.4382644,3423
7.4,-1.2201588,3423
7.4,-5.290466,3423
7.4,-0.6722125,3423
7.38,3.0288022,3423
7.3,1.0369424,3423
7.26,-2.1275728,3423
7.08,-0.7383113,3423
7.08,0.03487414,3423
7.0,3.1562023,3423
6.92,-3.199388,3423
6.89,-1.4455926,3423
6.89,0.18780021,3423
6.8,-0.3310196,3423
6.75,0.028704178,3423
6.7,-1.6796069,3423
6.68,0.09677536,3423
6.66,-3.346831,3423
6.66,0.71762395,3423
6.52,-1.4024106,3423
6.46,-0.37936625,3423
6.07,-1.0824165,3423
6.01,-2.2640824,3423
6.0,-1.7324362,3423
5.92,-0.7477424,3423
5.82,1.546543,3423
5.8,2.7302039,3423
5.7,0.44668004,3423
5.57,3.75378,3423
5.51,-1.512871,3423
5.48,-2.8248308,3423
5.42,-5.6084566,3423
5.37,-0.79796755,3423
5.36,-3.3555102,3423
5.33,-1.0316453,3423
5.32,1.0693792,3423
5.32,-1.0993218,3423
5.21,-1.7616491,3423
5.17,-4.21859,3423
10.82,-3.934168,7091
10.72,-1.2842206,7091
9.3,-2.136222,7091
7.89,-5.280593,7091
7.25,-1.2645665,7091
5.26,1.3768542,9541
5.22,-4.3978443,9541
5.21,-6.5216675,9541
5.19,-6.482107,9541
5.03,-7.469398,9541
5.03,-2.1999428,9541
4.92,-7.556117,9541
4.72,-4.043731,9541
4.68,-7.709596,9541
4.49,-5.030295,9541
4.27,-7.7526813,9541
4.2,-7.293964,9541
4.17,-6.202647,9541
4.11,-4.0934215,9541
4.08,-2.3728323,9541
7.32,3.6912115,1840
7.17,3.3609664,1840
7.12,2.6576262,1840
6.58,-0.07384295,1840
6.5,-0.5920316,1840
6.16,0.38647753,1840
5.89,-0.61130345,3236
5.68,0.10189981,1201
6.75,-3.3206227,4354
7.49,1.6514046,11922
9.4,0.8943002,11898
9.22,-5.1438375,11898
9.0,-2.7652888,11898
8.89,-2.2700791,11898
8.85,-2.7664,11898
8.85,-2.5912237,11898
8.7,-1.9048234,11898
8.7,-5.9200125,11898
8.7,-5.0297585,11898
8.68,-2.1934857,11898
8.62,-4.3259163,11898
8.62,-5.2899055,11898
8.54,-0.042877574,11898
8.46,-2.375392,11898
8.46,-5.1294417,11898
8.46,-5.964824,11898
8.4,-4.2154455,11898
8.34,-6.3776026,11898
8.25,-3.6856532,11898
8.22,-3.714846,11898
8.19,-2.2950711,11898
8.14,-6.1779895,11898
8.12,-4.6590858,11898
8.12,-4.733109,11898
8.1,-2.765289,11898
8.09,-5.4972014,11898
7.96,-3.8483782,11898
7.96,-4.2763267,11898
7.96,-3.7602868,11898
7.92,-6.301619,11898
7.89,-5.8516364,11898
7.82,-2.5912237,11898
7.68,-4.2633443,11898
7.37,-5.0454407,11898
7.21,-2.6498663,11898
6.62,-2.7963715,11898
5.85,-2.8280184,11898
5.85,-0.63115823,11898
7.28,-3.9263775,3138
7.1,-3.1648366,3138
6.92,-2.2323165,3138
6.21,-3.0664175,3138
6.02,-4.5638633,3138
5.48,-3.6133935,3138
9.41,2.4912643,13606
6.64,-2.1537235,9460
5.46,-2.4773831,1845
6.7,-3.2998803,1596
9.0,-1.3321509,12736
9.0,2.1967587,12736
8.7,-2.5748076,12736
8.52,-0.7264534,12736
8.52,-0.36603922,12736
8.4,1.3872849,12736
8.4,-0.6669706,12736
8.3,-2.197379,12736
8.3,-0.33579487,12736
8.22,-1.0500351,12736
8.15,1.4531053,12736
8.15,0.20318413,12736
8.1,-1.2912879,12736
8.1,0.1621699,12736
8.1,-3.645204,12736
8.05,-1.3168098,12736
8.05,-0.07497416,12736
8.0,2.162559,12736
7.89,-0.27729732,12736
7.89,-0.5553329,12736
7.89,-1.3338152,12736
7.82,-0.44892386,12736
7.8,-0.37761065,12736
7.75,4.4684153,12736
7.57,-2.9196718,12736
7.44,-1.903703,12736
7.35,-1.0319327,12736
7.31,-1.7924719,12736
6.85,0.7342887,12736
6.42,-4.5496244,12736
7.56,3.5454419,4053
8.1,-1.871278,6182
7.58,-2.3594902,6182
8.7,-1.8561724,2416
8.22,-0.221697,2416
7.96,1.5788046,2416
7.96,-0.622686,2416
7.75,-1.2315317,2416
7.72,-0.8742937,2416
7.64,-1.8850234,2416
7.47,0.1793122,2416
7.32,1.0329988,2416
7.12,1.8725445,2416
6.89,-1.704375,2416
6.77,-1.8258998,2416
6.62,-5.309789,2416
6.32,-1.3868899,2416
6.3,-1.8561723,2416
6.3,-3.646976,2416
6.25,-0.22169648,2416
6.14,-3.429889,2416
6.12,-0.8583152,2416
6.06,0.41212383,2416
5.96,-1.5001664,2416
5.92,-1.2862254,2416
5.87,-3.7303617,2416
5.72,-3.895715,2416
5.72,-2.522123,2416
5.68,-1.7269784,2416
7.0,0.45948744,6465
7.0,1.7165601,6465
7.0,-5.0533657,6465
7.0,-7.961585,6465
7.0,-1.4528674,6465
7.0,-1.3573287,6465
7.0,-6.0027895,6465
7.0,0.058487564,6465
7.0,-0.43372783,6465
7.0,1.1790794,6465
7.0,0.35744864,6465
7.0,-1.5749645,6465
7.0,0.38219634,6465
7.0,-0.19006507,6465
7.0,-1.7324384,6465
7.0,-4.614403,6465
7.0,-0.31386998,6465
7.0,-3.8365004,6465
7.0,2.1803517,6465
7.0,-1.7324386,6465
7.0,-2.2551072,6465
7.0,0.6584735,6465
7.0,-1.7579744,6465
7.0,-0.108994186,6465
7.0,-0.6148317,6465
7.0,-1.1860727,6465
7.0,-1.8718313,6465
7.0,-3.4339645,6465
7.0,-0.5750525,6465
7.0,0.5804713,6465
7.0,-0.7791475,6465
7.0,1.3760958,6465
7.0,1.5893198,6465
7.0,3.4970846,6465
7.0,-0.5289631,6465
7.0,-0.6590946,6465
7.0,1.7409375,6465
7.0,1.289654,6465
7.0,-1.5349869,6465
7.0,-0.5588032,6465
7.0,-0.58729434,6465
7.0,-1.0471468,6465
7.0,0.87455285,6465
7.0,1.202994,6465
7.0,-0.12178488,6465
7.0,-0.14565825,6465
7.0,0.8816017,6465
7.0,1.1495837,6465
7.0,-0.19941196,6465
7.0,-1.2515606,6465
7.0,1.0447607,6465
7.0,-0.16751698,6465
7.0,-0.5450021,6465
7.0,-2.8987026,6465
7.0,1.1212413,6465
7.0,1.5500945,6465
7.0,0.4386502,6465
7.0,0.8447176,6465
7.0,1.12228,6465
7.0,1.4681532,6465
7.0,-1.128124,6465
7.0,-1.917827,6465
7.0,2.5645278,6465
7.0,0.4270121,6465
7.0,3.5945957,6465
7.0,1.3756044,6465
7.0,0.82810414,6465
7.0,-0.44927323,6465
7.0,-1.319307,6465
7.0,2.534775,6465
7.0,2.378129,6465
7.0,-2.0178845,6465
7.0,1.3844057,6465
7.0,-3.2574353,6465
7.0,-2.9908104,6465
7.0,0.21751232,6465
7.0,-1.8238616,6465
7.0,-1.8400806,6465
7.0,2.1488898,6465
7.0,-0.45233566,6465
7.0,0.87887096,6465
7.0,-5.033617,6465
7.0,-3.3624175,6465
7.0,1.5013367,6465
7.0,-3.1598375,6465
7.0,-0.1187873,6465
7.0,-0.40312457,6465
7.0,-3.835858,6465
7.0,0.80143785,6465
6.0,-2.0569196,6465
6.0,-1.5673797,6465
6.0,-5.388718,6465
6.0,-3.6099243,6465
6.0,-2.8000479,6465
6.0,0.70925605,6465
6.0,-0.016542468,6465
6.0,-1.6926336,6465
6.0,-0.53354716,6465
6.0,-1.3692768,6465
6.0,-1.3656915,6465
6.0,-4.16096,6465
6.0,3.1359975,6465
6.0,3.1359975,6465
6.0,-3.159838,6465
6.0,1.2957065,6465
6.0,-3.2775698,6465
6.0,-1.0882298,6465
6.0,-1.4173715,6465
6.0,-1.4173712,6465
6.0,-0.6188494,6465
6.0,-0.21906647,6465
6.0,-2.3217747,6465
6.0,-2.814011,6465
6.0,-4.505943,6465
6.0,-5.498003,6465
6.0,-4.553223,6465
6.0,-0.87234366,6465
6.0,-0.6568991,6465
6.0,-0.32537887,6465
6.0,-1.1242546,6465
6.0,-1.0092686,6465
6.0,-1.523232,6465
6.0,-0.018038161,6465
6.0,-0.3875833,6465
6.0,1.6234486,6465
6.0,0.90542626,6465
6.0,-0.80769587,6465
6.0,1.4873725,6465
6.0,0.97388816,6465
6.0,-6.2264657,6465
6.0,-3.5729713,6465
6.0,-0.73445797,6465
6.0,-5.586871,6465
6.0,-3.5629466,6465
6.0,-3.8358567,6465
6.0,-0.40312436,6465
6.0,-4.510772,6465
6.0,-3.0006182,6465
6.0,-6.027261,6465
6.0,-2.0874884,6465
6.0,-4.510772,6465
6.0,-2.0667543,6465
6.0,0.5332142,6465
6.0,0.6728679,6465
6.0,0.21466504,6465
6.0,0.9383216,6465
6.0,0.66287136,6465
6.0,0.53931105,6465
6.0,-3.2458336,6465
6.0,-3.0193496,6465
6.0,-1.6437837,6465
6.0,-2.140465,6465
6.0,-2.0248055,6465
6.0,-2.3663237,6465
6.0,-0.4397674,6465
6.0,-0.56011677,6465
6.0,-1.6960387,6465
6.0,1.5449699,6465
6.0,-1.3580785,6465
6.0,-2.4013388,6465
6.0,-0.52766645,6465
6.0,-1.6334975,6465
6.0,0.6836901,6465
6.0,-1.359287,6465
6.0,-1.3592875,6465
6.0,-2.9975505,6465
6.0,-1.3621714,6465
6.0,-0.25701043,6465
6.0,-0.67369175,6465
6.0,2.0820663,6465
6.0,-3.6583145,6465
6.0,-0.18528068,6465
6.0,-0.12128165,6465
6.0,1.5214436,6465
6.0,0.02735278,6465
6.0,0.027352445,6465
6.0,0.70920336,6465
6.0,-1.8082638,6465
6.0,2.6516085,6465
6.0,1.7881616,6465
6.0,1.8888968,6465
6.0,-0.07680752,6465
6.0,-1.4078165,6465
6.0,-0.5548315,6465
6.0,-3.6148305,6465
6.0,1.3073406,6465
6.0,0.87582743,6465
6.0,0.74941194,6465
6.0,0.7683747,6465
6.0,1.2994916,6465
6.0,1.2425793,6465
6.0,-3.274301,6465
6.0,-3.5703752,6465
6.0,-2.159188,6465
6.0,-0.074936025,6465
6.0,-3.729316,6465
6.0,1.9664352,6465
6.0,-0.6464648,6465
6.0,-0.7772205,6465
6.0,-1.3653749,6465
6.0,0.23216535,6465
6.0,-3.7928903,6465
6.0,-0.38792953,6465
6.0,-2.9088933,6465
6.0,0.7326108,6465
6.0,1.6943122,6465
6.0,3.7108471,6465
6.0,1.853474,6465
6.0,-1.5176971,6465
6.0,0.07979525,6465
6.0,2.0229151,6465
6.0,2.6115415,6465
6.0,0.50154054,6465
6.0,1.7784044,6465
6.0,1.2945435,6465
6.0,1.7308255,6465
6.0,1.2144461,6465
6.0,0.7486174,6465
5.0,-8.091425,6465
5.0,-4.6867595,6465
5.0,-6.859601,6465
5.0,-6.8595996,6465
5.0,-1.8278672,6465
5.0,4.575589,6465
5.0,0.018079847,6465
5.0,1.2957067,6465
5.0,-3.4550397,6465
5.0,-3.7746756,6465
5.0,-3.1977956,6465
5.0,-1.5310718,6465
5.0,-5.2385035,6465
5.0,-0.8501301,6465
5.0,-0.35823724,6465
5.0,1.6322973,6465
5.0,2.3552237,6465
5.0,-1.5460196,6465
5.0,5.4673448,6465
5.0,3.6259272,6465
5.0,-5.6909075,6465
5.0,-1.872626,6465
5.0,4.6122375,6465
5.0,0.46209928,6465
5.0,-2.5201776,6465
5.0,3.5250096,6465
5.0,-5.1642003,6465
5.0,-1.2804673,6465
5.0,-5.7113376,6465
5.0,-2.6021402,6465
5.0,-4.8132157,6465
5.0,-3.5629466,6465
5.0,-4.400961,6465
5.0,-3.897581,6465
5.0,-6.1606984,6465
5.0,-0.20592529,6465
5.0,-5.992989,6465
5.0,-2.778853,6465
5.0,-6.349069,6465
5.0,-3.429151,6465
5.0,-4.3615236,6465
5.0,-4.046895,6465
5.0,-4.027075,6465
5.0,-4.7356153,6465
5.0,-2.236097,6465
5.0,-0.056081638,6465
5.0,1.795531,6465
5.0,-1.215399,6465
5.0,-4.501036,6465
5.0,-0.7709501,6465
5.0,3.1575398,6465
5.0,-0.33834925,6465
5.0,-2.108713,6465
5.0,0.83441865,6465
5.0,0.008442031,6465
5.0,0.3050332,6465
5.0,-1.1875294,6465
5.0,0.21780929,6465
5.0,-0.60973907,6465
5.0,-1.3831016,6465
5.0,-3.0419085,6465
5.0,-1.173965,6465
5.0,-0.5779928,6465
5.0,-0.8311442,6465
5.0,-4.3090014,6465
5.0,-1.977263,6465
5.0,0.20450208,6465
5.0,-4.4838448,6465
5.0,0.26860818,6465
5.0,-3.2242997,6465
5.0,0.7438743,6465
5.0,-4.5851603,6465
5.0,-1.1622471,6465
5.0,-4.9934926,6465
5.0,-3.142041,6465
5.0,-2.550845,6465
5.0,-3.5868526,6465
5.0,-5.09415,6465
5.0,-0.5277494,6465
5.0,-2.2862725,6465
5.0,-1.4354758,6465
5.0,1.5148301,6465
5.35,-3.6003242,4498
5.24,-4.7407684,4498
5.05,-4.4083195,4498
4.73,-4.682933,4498
8.1,2.0332184,14519
9.0,0.78927124,17215
8.22,0.18024345,17215
7.44,1.4249667,17215
7.39,-0.0024641193,17215
5.51,-1.5864085,2979
5.32,-0.942027,2979
5.15,0.63085556,2979
5.07,0.63085556,2979
7.8,0.90716755,2354
9.0,-1.51725,104
9.1,2.69386,10905
8.92,0.086533606,10905
8.21,-0.2531583,10905
7.64,1.6460804,10905
7.52,4.5026116,10905
7.12,0.8864379,10905
6.84,4.8669095,10905
6.61,-1.4901935,10905
6.46,-0.78480685,10905
6.45,5.500025,10905
6.44,0.3806657,10905
6.4,2.8346982,10905
6.29,4.381319,10905
6.14,-0.57368946,10905
6.09,0.8333477,10905
6.07,-0.062993355,10905
6.01,1.5491738,10905
6.0,-0.91297436,10905
6.82,-4.0583797,14663
6.41,-2.7764597,14663
6.4,-2.1347742,14663
8.85,1.6275831,4416
8.7,-2.1227267,4416
8.66,-1.9446124,4416
8.62,-5.2128086,4416
8.4,-2.423472,4416
8.4,-1.5255315,4416
8.4,-5.2515416,4416
8.3,-2.989239,4416
8.22,1.0626951,4416
8.22,-5.2515416,4416
8.1,-1.2291998,4416
8.1,0.3130831,4416
8.1,-2.423472,4416
7.92,-1.627906,4416
7.85,-1.5255312,4416
7.77,1.062694,4416
7.77,-4.7221994,4416
7.75,-4.614428,4416
7.64,-3.2302291,4416
7.6,-2.1227267,4416
7.52,-1.3773643,4416
7.5,-1.8106804,4416
7.39,-4.161635,4416
6.65,-5.824488,4416
6.6,-5.3477917,4416
6.32,-7.6305714,4416
5.67,-5.8527265,4416
6.47,-1.1893017,9701
7.66,-1.871238,13370
5.66,-0.72570074,4790
5.12,1.2718219,14671
5.07,1.067212,14671
5.04,1.1399181,14671
5.01,-0.18089387,14671
4.53,1.4803814,14671
4.53,-1.6718551,14671
8.4,-1.9227109,5032
8.3,1.9747735,5032
8.3,1.6098534,5032
8.22,0.20176104,5032
8.22,-2.4772913,5032
8.22,1.1292108,5032
8.22,-3.328464,5032
8.22,0.22009695,5032
8.15,1.0196183,5032
8.15,-2.6247761,5032
7.96,-0.11023927,5032
7.77,-1.0324335,5032
7.72,0.58489764,5032
7.62,-4.3660846,5032
7.58,-1.4144465,5032
7.02,-4.672677,5032
6.89,-3.4763193,5032
6.85,-0.06524836,5032
6.71,-0.12458044,5032
6.64,3.5205798,5032
6.45,-1.6927675,5032
6.42,0.3452742,5032
6.1,-6.7996044,5032
8.05,-0.46562624,15172
7.22,-2.0388134,15172
7.0,0.038602848,15172
6.96,-3.5995119,15172
6.22,-2.9915218,15172
6.1,-2.6906898,15172
8.8,1.7866153,10142
8.5,1.3883102,10142
8.5,-2.2210984,10142
8.5,0.24062167,10142
8.4,-1.0529156,10142
8.3,0.64778566,10142
8.3,0.24062136,10142
6.92,0.8726897,4782
6.75,-0.27664772,4782
6.57,0.24010184,4782
6.38,0.7845948,4782
5.06,1.2458065,4782
4.99,0.030818116,4782
7.62,-0.8866409,12619
7.59,-4.218621,12619
7.58,-1.0002397,12619
7.57,-0.66049314,12619
7.55,-0.50519943,12619
7.42,-0.7380568,12619
7.41,-1.5620886,12619
7.32,1.4536599,12619
7.32,-0.40628338,12619
7.24,-2.3581533,12619
7.15,-0.64588976,12619
7.1,-0.63545537,12619
6.95,0.2098165,12619
6.93,1.1133072,12619
6.92,-0.08062058,12619
6.88,-0.6458894,12619
6.87,-1.6513081,12619
6.85,0.4403091,12619
6.84,-1.7347933,12619
6.83,0.20981665,12619
6.8,-1.4152542,12619
6.78,-0.81239605,12619
6.78,-1.0880467,12619
6.74,-0.07618891,12619
6.7,-1.0880471,12619
6.49,1.1656893,12619
6.49,-1.1498847,12619
6.46,-1.2023387,12619
6.45,0.037619412,12619
6.42,0.6545323,12619
6.2,-0.35330188,12619
6.15,-0.22217153,12619
5.97,0.25619483,12619
5.96,-0.7616862,12619
8.52,0.7444099,3488
8.15,0.7198143,3488
7.77,2.5580487,3488
7.33,1.5781943,3488
7.3,-3.6519213,3488
7.03,-2.7702906,3488
6.37,3.936074,3488
7.25,-2.592044,5695
7.17,-2.6096034,5695
7.1,-1.8386368,5695
7.03,-2.0751343,5695
6.47,-3.9367228,5695
6.32,-2.8799434,5695
6.25,-6.535535,5695
6.11,-3.405115,5695
6.05,-5.8028803,5695
4.58,-6.1645145,5695
4.23,-5.1365075,5695
4.11,-2.975045,5695
9.7,5.3469667,13738
9.7,-0.30412555,13738
9.4,2.240347,13738
9.0,0.44806975,13738
8.94,2.2231176,7644
8.85,2.189721,7644
8.36,-2.0020692,7644
8.3,1.1750009,7644
8.22,0.9179238,7644
8.2,0.21927185,7644
8.2,3.704662,7644
7.98,1.0195702,7644
7.91,1.9157588,7644
7.76,1.584625,7644
7.69,-1.2643503,7644
7.38,-0.19690129,7644
6.78,0.77717733,7644
5.08,-3.9583597,13033
7.66,-2.098902,2458
7.0,-2.0643086,7591
7.0,-1.8282126,7591
7.0,0.29160136,7591
7.0,-1.6922363,7591
7.0,-2.2327795,7591
7.0,-1.7913795,7591
7.0,1.392964,7591
10.74,-0.53780377,11955
6.41,-0.13939744,17765
4.38,-5.9903746,15588
6.01,0.56697655,2532
5.63,-1.913418,2532
5.61,0.9500499,2532
5.16,-0.25438574,2532
9.0,4.5775294,16761
8.7,2.0862606,16761
8.52,0.48398867,16761
8.52,1.769347,16761
8.3,-3.318004,16761
8.1,-3.3966973,16761
8.0,1.1087483,16761
7.96,2.3052669,16761
7.89,-2.234874,16761
7.89,-0.8115436,16761
7.85,0.34387293,16761
7.77,-3.1685517,16761
7.68,-0.80847156,16761
7.52,-0.24014378,16761
7.36,-3.3180048,16761
7.33,0.6974211,16761
7.2,-0.8187274,16761
7.07,-0.56736887,16761
6.85,0.6198207,16761
6.66,0.6198201,16761
6.21,0.51518106,16761
6.21,2.0667074,16761
7.89,1.0615948,14397
7.6,-0.8152938,14397
7.57,-0.35993165,14397
7.5,-0.8152938,14397
7.17,0.773566,14397
7.14,-2.746861,14397
9.15,0.922266,12708
7.12,-2.7270632,13891
6.04,-0.7804136,16208
4.89,0.32050774,16208
5.5,-0.22987813,10241
5.48,-2.050342,6509
6.77,0.6924865,6481
8.89,-1.1510183,15127
6.17,2.139647,15127
6.1,2.139647,15127
5.92,-3.5058663,15127
7.55,-3.895212,677
7.41,-2.1520154,677
7.04,-5.4890623,677
6.68,-1.5957057,677
6.57,-3.414355,677
6.51,-5.4572806,677
6.46,-4.8163,677
6.39,-4.6003942,677
6.38,-4.323975,677
6.22,-2.9351594,677
6.21,-3.1016104,677
6.17,-1.9461831,677
6.16,-5.4751344,677
6.08,-5.0618563,677
6.0,-4.0273323,677
5.96,-2.290387,677
5.96,-2.6544156,677
5.87,-2.9610543,677
5.85,-4.6106753,677
5.8,-5.8556776,677
5.75,-3.897417,677
5.68,-4.1507115,677
5.66,-3.6130724,677
5.66,-4.875576,677
5.66,-5.094353,677
5.64,-3.783749,677
5.62,-6.2521334,677
5.57,-5.7423854,677
5.52,-4.9660683,677
5.44,-2.5635,677
5.36,-3.1816704,677
5.28,-1.143247,677
5.21,-1.4820228,677
5.17,-1.7107438,677
5.01,-1.950242,677
4.77,-6.4884386,677
4.66,-5.488443,677
4.07,-1.3528681,677
8.52,-0.097764865,14862
4.82,-2.4251578,2477
4.8,-2.7238014,2477
4.72,-1.1404009,2477
4.51,-4.8273797,2477
4.34,-0.79165614,2477
6.6,0.93722904,10140
6.5,-0.11682162,10140
6.5,-0.11682141,10140
6.5,0.099752665,10140
6.3,1.3150237,10140
6.3,2.1022263,10140
6.2,0.22571582,10140
6.2,-1.1802471,10140
6.2,-3.4614317,10140
6.1,-2.3137147,10140
6.0,1.7511199,10140
5.9,0.22571597,10140
5.9,0.026789762,10140
5.7,1.878917,10140
5.7,-1.6661112,10140
5.6,0.34034136,10140
5.5,-1.1768248,10140
5.5,-1.1027108,10140
5.5,0.040122766,10140
5.4,2.5029404,10140
5.4,0.7517477,10140
5.4,0.4278358,10140
5.4,2.5185974,10140
5.3,-6.1845603,10140
5.3,0.27124736,10140
5.3,-1.4709246,10140
5.3,-1.2712978,10140
5.2,-5.4898705,10140
5.2,-4.3718567,10140
5.2,1.6146392,10140
5.0,1.6146389,10140
5.0,-0.4481861,10140
4.9,-0.9252428,10140
4.9,-1.5985276,10140
4.9,-1.2712978,10140
4.9,-4.9579754,10140
4.8,-3.8377383,10140
4.7,-2.3412783,10140
4.1,-4.1658297,10140
9.15,3.3801,5898
9.05,3.0671124,5898
8.96,-0.4302012,5898
8.92,0.47941938,5898
8.85,-0.5757123,5898
8.85,0.64513445,5898
8.82,-1.046059,5898
8.51,0.9346956,5898
7.48,1.0462677,5898
6.64,-2.0370274,5898
6.35,1.8344234,17063
6.23,1.4529222,17063
6.23,-0.30839267,17063
6.18,-1.5527011,17063
5.09,-6.453798,17063
6.72,-2.9240801,10077
6.7,-0.93860865,10077
6.47,-4.498217,10077
6.39,-4.677491,10077
6.13,-3.2915478,10077
6.09,-3.7369266,10077
5.99,-3.5861979,10077
5.99,-5.248095,10077
5.94,-4.0891857,10077
5.92,-2.3682306,10077
5.91,-3.631512,10077
5.89,-1.7206111,10077
5.87,-3.3037016,10077
5.87,-5.740885,10077
5.82,-5.7382326,10077
5.82,-4.8983135,10077
5.82,-2.4756951,10077
5.76,-3.1682382,10077
5.75,-5.3648987,10077
5.73,-1.2151287,10077
5.72,-5.392908,10077
5.69,-3.5248997,10077
5.68,-1.1606827,10077
5.68,-1.1586778,10077
5.66,-4.502286,10077
5.66,-1.4467942,10077
5.66,-3.3300874,10077
5.65,-3.373073,10077
5.63,-2.5746632,10077
5.6,-4.0350895,10077
5.59,-4.4239316,10077
5.56,-0.8096583,10077
5.56,-3.326549,10077
5.56,-3.2424715,10077
5.55,-0.82318103,10077
5.53,-3.191466,10077
5.51,-4.012618,10077
5.51,-4.5006657,10077
5.49,-4.371254,10077
5.47,-5.802406,10077
5.45,0.35591066,10077
5.45,-6.2424407,10077
5.45,-1.9380113,10077
5.44,-1.8710723,10077
5.44,-6.7992563,10077
5.42,-5.2097287,10077
5.42,-1.7988546,10077
5.38,-1.3075174,10077
5.37,-1.5731536,10077
5.35,-5.9340606,10077
5.31,-6.6237836,10077
5.3,-2.3335602,10077
5.3,-3.660309,10077
5.25,-3.127215,10077
5.25,-2.2297287,10077
5.25,-3.1324356,10077
5.22,-3.5204837,10077
5.22,-3.8781133,10077
5.22,-1.2957212,10077
5.22,0.2156679,10077
5.2,-1.8222358,10077
5.19,-2.3291767,10077
5.16,-4.398397,10077
5.15,-2.1277874,10077
5.12,-0.104055636,10077
5.06,-2.580921,10077
5.04,-0.7200514,10077
5.03,-3.47773,10077
4.99,-2.5871038,10077
4.98,-1.7084851,10077
4.97,-3.6961186,10077
4.94,-0.21160209,10077
4.9,0.96408606,10077
4.9,-1.0856818,10077
4.9,-3.070329,10077
4.9,1.2566637,10077
4.9,1.2566637,10077
4.9,-4.0225363,10077
4.9,-4.8981137,10077
5.92,-2.0310335,6878
5.06,-1.0174824,6878
5.0,-2.1955214,6878
8.7,0.8060168,6935
6.45,2.8604882,6935
6.0,1.053622,6935
5.55,-1.4661136,5605
5.23,-0.6809702,5605
5.19,-2.6290238,5605
5.06,-0.6130557,5605
6.27,-1.171254,16656
7.11,1.4469486,9565
6.37,-0.6305654,9565
6.43,2.9034116,17364
6.36,-2.4000256,17364
6.25,-1.8901604,17364
6.21,-4.2585325,17364
6.08,-0.3792419,17364
6.03,-0.9752917,17364
5.82,-2.21469,17364
5.77,-2.0421216,17364
5.7,-1.6317233,17364
5.46,-0.43703735,17364
5.44,-0.91376555,17364
5.44,-4.161058,17364
5.43,-6.598,17364
5.36,-1.6769372,17364
5.3,-0.36670637,17364
5.17,-0.8316667,17364
5.14,-0.16253139,17364
5.08,-0.31787723,17364
5.08,0.1371614,17364
5.08,-2.0815415,17364
5.08,1.2114425,17364
5.08,-1.5647528,17364
5.08,-1.4623805,17364
4.6,-2.7124422,17364
5.65,-0.89835334,12967
7.16,1.0412617,14644
11.0,-3.3497093,15345
10.6,-3.1920667,15345
9.54,0.014472283,15345
9.36,1.9756942,15345
8.91,-1.9606702,15345
8.77,-2.7861285,15345
7.36,-2.6464891,15345
6.53,1.5602876,16948
4.96,-3.3803346,537
6.66,-0.21236087,1043
7.24,1.0837952,8153
7.35,-0.39220166,17656
5.37,-4.658714,16169
5.34,-3.354341,16169
5.26,-5.1852636,16169
4.9,-3.318951,16169
4.89,-6.682402,16169
4.81,-3.8533762,16169
6.5,-5.651836,15809
6.48,-2.1217651,15809
5.46,-2.3710022,15809
7.4,-0.97039616,3146
7.12,1.6044525,2604
7.04,2.1225836,2604
6.82,0.26867142,2604
6.8,2.3073199,2604
6.75,2.3625562,2604
6.64,1.4557855,2604
6.57,0.8354306,2604
6.31,0.47175384,2604
6.24,-1.930677,2604
6.1,-0.74376297,2604
6.08,0.38528267,2604
5.96,-1.0829206,2604
5.96,0.6760974,2604
5.75,-1.3932922,2604
5.6,-0.14612296,2604
5.58,0.6369425,2604
5.54,0.14170831,2604
5.44,-1.4647148,2604
5.2,-2.499261,2604
6.58,-0.64357877,4716
6.41,-6.4119053,4716
6.21,-3.280671,4716
6.02,-3.9614167,4716
5.64,-1.2727959,4716
7.26,-0.7819898,11692
7.1,0.9604361,11692
6.86,-0.07475561,11692
6.8,-2.3867702,11692
6.76,-0.5757891,11692
6.72,-1.6729522,11692
6.67,-2.163514,11692
6.52,-1.5946785,11692
6.5,0.90763533,11692
6.46,-0.83823645,11692
6.4,-0.59499574,11692
6.37,-2.9722848,11692
6.36,-1.0197774,11692
6.6,-2.2943683,17024
6.13,-3.99244,13410
6.08,-4.2732334,13410
7.38,0.39131117,6000
6.89,2.6186252,6000
6.68,-0.36878026,6000
6.32,0.2743977,6000
6.21,0.3085999,6000
6.11,1.8812618,6000
5.05,-5.5567765,5948
7.37,-4.2084937,8167
6.07,-0.8808588,8167
6.01,-2.1808264,8167
5.9,-1.1625025,8167
10.66,2.8794963,10639
10.0,2.185853,10639
9.54,2.8084297,10639
8.68,-3.8309124,10639
8.6,0.62306094,10639
7.68,4.9503784,10639
8.2,-2.1103196,3328
8.2,-1.078403,3328
8.2,1.341496,3328
8.1,0.78065133,3328
7.6,3.4823666,3328
7.5,2.1683433,3328
7.3,-4.8517804,3328
7.1,-1.7855052,3328
7.0,-1.6583668,3328
6.8,-0.3004363,3328
6.7,-2.3586366,3328
6.7,0.91400313,3328
6.7,-2.2123294,3328
6.6,1.0504428,3328
6.5,-3.397376,3328
6.5,2.8370636,3328
6.5,-3.6745126,3328
6.4,-3.2948856,3328
6.1,1.9752318,3328
5.5,-4.011388,3328
5.81,-2.536299,659
5.62,-0.19728409,659
5.13,-5.549158,659
6.16,-0.75630283,2399
5.05,-3.1869793,11442
4.93,-8.06573,11442
4.71,-0.17219727,11442
4.62,2.765483,11442
4.6,0.07064742,11442
4.48,-8.243657,11442
4.2,-4.603261,11442
8.05,0.47585955,6231
7.42,0.08005054,6231
7.19,-1.8643486,6231
7.19,-4.206104,6231
7.16,-2.0988965,6231
7.03,-0.7913636,6231
6.72,-6.3563256,6231
6.7,-0.92509353,6231
6.5,-2.712205,6231
6.45,-3.5657685,6231
6.42,-2.2381437,6231
6.24,-6.408957,6231
6.21,-2.2116122,6231
6.2,-6.5077176,6231
6.07,-4.5556946,6231
6.06,-4.223915,6231
6.58,-5.829229,2732
8.82,2.1326041,9354
8.77,1.7706397,9354
8.74,2.6769898,9354
8.72,1.5110046,9354
8.54,3.9052482,9354
8.37,2.0993395,9354
8.25,1.418551,9354
8.12,-0.6276661,9354
7.85,0.35525748,9354
7.75,-0.11453611,9354
7.69,1.4452223,9354
7.58,2.4691818,9354
7.57,3.3980975,9354
7.45,0.79205894,9354
9.23,-2.3412526,7155
8.53,-1.4895711,7155
8.45,-0.6455625,7155
7.55,-2.0690384,7155
7.5,-2.1986494,7155
7.36,-1.6312503,7155
7.72,3.0326934,12538
8.7,0.18346095,1564
8.3,-3.2928784,1564
8.1,-2.2739289,1564
8.1,-3.614628,1564
8.05,-5.485974,1564
7.85,-3.4738743,1564
7.75,-1.9393673,1564
7.66,-5.2070026,1564
7.66,-2.2917008,1564
7.64,-2.9475498,1564
7.64,-4.146651,1564
7.44,-3.51832,1564
7.42,-4.261398,1564
7.41,-1.0208639,1564
7.41,-4.2853484,1564
7.4,-3.3481896,1564
7.36,-3.870796,1564
7.28,-3.203177,1564
7.28,-2.5056665,1564
7.25,-4.2559466,1564
7.24,-4.4425874,1564
7.22,-4.1870728,1564
7.17,-0.6177684,1564
7.17,-4.108676,1564
7.14,-3.4108145,1564
7.09,-1.9198245,1564
7.05,1.962061,1564
6.94,-1.7585624,1564
6.93,-2.6319218,1564
6.9,-3.5436862,1564
6.88,-6.414638,1564
6.87,-4.8996253,1564
6.85,-3.072433,1564
6.79,-3.9813278,1564
6.71,-2.4467845,1564
6.7,-6.3297243,1564
6.67,-4.5645065,1564
6.57,-1.8636038,1564
6.55,-5.574772,1564
6.53,-3.6833344,1564
6.49,-2.1624935,1564
6.39,-2.845822,1564
6.38,-3.409412,1564
6.34,-3.7671726,1564
6.33,-0.4831709,1564
6.32,-2.9110029,1564
6.29,-5.532213,1564
6.28,-4.070828,1564
6.19,-5.117557,1564
6.18,-3.2761497,1564
6.1,-4.677303,1564
6.07,-2.6358316,1564
5.94,-0.03881445,1564
5.89,-3.2913098,1564
5.32,-4.891116,1564
8.05,-0.5692401,17421
8.92,0.28834686,5921
7.49,-0.34575796,6632
9.4,-0.5571916,834
9.22,-1.3853753,834
9.0,-1.9857442,834
8.74,-3.4699981,834
8.74,-2.428301,834
8.62,-3.902351,834
8.49,-2.9273849,834
8.44,-1.0739751,834
8.19,-4.4344635,834
8.18,-4.40677,834
8.15,-1.3124864,834
8.09,-2.9273849,834
8.0,-3.6833465,834
7.7,-1.6884203,834
7.66,-3.142201,834
7.66,-3.9477234,834
7.51,-3.9030123,834
7.46,-5.9008136,834
7.38,-4.4663997,834
7.05,-7.2836475,834
6.66,-3.7375476,834
6.46,-1.6559604,834
6.14,-3.8240962,834
5.89,-5.729576,834
5.7,-3.4976935,834
5.55,-3.3196886,834
5.51,-2.8148434,834
5.09,-3.9910915,834
9.3,4.4322724,5366
5.94,-2.6606047,5366
6.3,-4.982215,2176
5.52,-4.9647675,2176
7.85,-4.4553847,16114
7.46,4.6666455,16114
7.44,-0.5113003,16114
7.42,-3.6955447,16114
7.16,-2.6639915,16114
7.16,-4.878218,16114
7.13,-3.7627192,16114
7.11,2.9269052,16114
7.06,-0.013102923,16114
6.96,-2.5621147,16114
6.92,-1.7521772,16114
6.8,1.9692626,16114
6.75,-1.0209689,16114
6.72,-2.4033568,16114
6.68,-1.4676266,16114
6.57,-2.93244,16114
6.52,-3.0854142,16114
6.52,0.33443922,16114
6.51,-4.7795258,16114
6.46,-6.3415375,16114
6.4,1.6525768,16114
6.4,-2.466732,16114
6.38,-0.32476512,16114
6.29,-2.429612,16114
6.24,1.3170921,16114
6.12,-7.3221564,16114
6.12,-3.3050861,16114
6.05,-2.9106612,16114
6.04,-4.6440153,16114
5.96,0.84762466,16114
5.85,-6.564664,16114
5.77,-3.476436,16114
5.72,-6.4694834,16114
5.68,-6.689173,16114
5.66,-5.1280823,16114
5.62,-3.027986,16114
5.58,-0.5964054,16114
5.57,-2.8341146,16114
5.52,-1.7092239,16114
5.46,-2.5218403,16114
5.4,-2.3142529,16114
5.36,-1.5656401,16114
5.32,-3.2124126,16114
5.2,-1.1379366,16114
5.05,-6.315169,16114
7.11,1.0364687,11393
5.89,-0.71646845,11393
4.75,-1.8604096,11393
8.86,3.3621824,11608
7.84,-0.6269356,11608
7.34,-0.37009963,11608
7.23,0.38217375,11608
7.18,0.5103221,11608
7.07,0.6740414,11608
7.05,0.80216825,11608
7.04,-0.05226913,11608
4.1,-1.5872221,15848
5.24,-0.8556458,12042
4.86,-5.4453826,12042
6.54,-3.0317345,132
6.11,-4.982927,132
6.09,-3.2621176,132
8.46,-2.9431534,912
8.27,-0.8110672,912
8.25,2.1007328,912
8.12,0.039912373,912
8.09,-0.9336077,912
8.09,-2.3940449,912
8.08,-0.05304861,912
8.05,-0.4970455,912
8.03,1.7941184,912
8.02,0.717376,912
7.98,1.0730823,912
7.96,-1.5200499,912
7.96,0.5692823,912
7.89,0.9708731,912
7.84,-2.5590253,912
7.77,-1.3791777,912
7.75,-0.31586108,912
7.54,-0.5435904,912
7.43,-0.31051758,912
7.38,-0.8117627,912
7.32,-0.5403689,912
7.24,-0.53188,912
7.16,2.4678361,912
7.15,-3.4685318,912
6.99,2.5617442,912
6.94,-1.5879412,912
6.84,0.17814395,912
5.46,0.072814465,912
6.84,-3.9617147,7951
6.82,-0.30467498,7951
6.71,1.3914548,7951
6.38,-0.09585191,7951
6.25,-3.109206,7951
6.21,-0.101595685,7951
6.09,-3.1074173,7951
6.0,-2.1719468,7951
5.78,0.60600734,7951
5.75,0.0070501454,7951
5.56,0.35600385,7951
5.5,0.99662185,7951
5.46,-0.30100235,7951
5.34,-3.1688185,7951
8.4,-1.0563552,13052
7.29,-2.7294564,13052
6.95,-2.9878237,14722
6.13,-3.599697,980
9.52,-0.64997244,456
9.39,1.1814908,456
9.36,-0.59958005,456
9.29,-0.13895395,456
9.26,0.62027645,456
9.25,2.0099895,456
9.14,2.5981286,456
9.12,0.61414945,456
9.11,0.07229172,456
9.1,-2.8164415,456
9.03,-0.13330916,456
9.0,-1.9402615,456
9.0,-0.17509927,456
9.0,1.7006631,456
8.96,2.0574093,456
8.92,1.5346695,456
8.92,0.53654075,456
8.82,0.59324193,456
8.82,1.884725,456
8.7,-1.952657,456
8.64,1.8075817,456
8.64,0.07989863,456
8.55,3.1912816,456
8.41,-1.6200961,456
8.41,1.2422014,456
8.32,-0.5410851,456
8.27,3.405586,456
8.09,1.8791759,456
8.0,3.2271502,456
8.7,4.110811,3600
5.03,-4.7905426,8454
7.8,-4.5502453,296
7.05,-4.6263204,9796
6.4,-1.0390036,9796
5.75,-1.6943153,14435
7.48,1.4635918,3309
7.37,0.96531475,3309
7.36,0.8089942,3309
7.21,-0.52612686,3309
7.11,0.48102722,3309
7.1,0.9475149,3309
7.04,0.08333409,3309
6.89,-0.9107982,3309
7.06,-3.682156,3730
7.06,-0.75040543,3730
7.05,-3.7160223,3730
6.96,-1.4648477,3730
6.66,-1.6583128,3730
6.62,-2.9459298,3730
6.55,-3.509229,3730
6.48,-3.1635025,3730
6.42,-4.093964,3730
5.97,-1.9669007,3730
5.77,-3.3928573,3730
5.73,-1.3000319,3730
5.72,-2.5667305,3730
5.47,-2.4811153,3730
5.39,-1.416574,3730
5.26,-1.5244101,3730
5.2,-3.71576,3730
8.96,2.5849905,15165
8.27,-4.041775,15165
7.47,1.6475333,15165
6.92,0.2654776,15165
6.66,0.5804101,15165
6.3,-0.8668773,15165
5.66,-0.9776614,15165
5.54,-3.0390704,15165
4.77,-1.0531232,15165
4.23,-2.15881,15165
7.85,-5.4088817,15790
7.64,-2.0371158,15790
7.6,-1.6445938,15790
7.43,-0.5207889,15790
7.43,-1.464558,15790
7.28,0.06264578,15790
7.06,-1.4511214,15790
7.02,-4.399723,15790
6.57,-2.965259,15790
5.4,-4.853388,4644
5.07,-3.4192202,4644
9.07,0.312614,9030
8.68,0.18661605,9030
8.63,2.1746204,9030
8.1,1.8722403,9030
7.67,-0.042223953,9030
7.54,-0.16965535,9030
7.46,-0.052140363,9030
7.39,2.8204286,9030
6.97,0.2443684,9030
6.9,0.8082981,9030
6.49,2.908344,9030
7.1,-3.1372232,15398
7.0,-2.3208425,15398
7.0,-0.91663086,15398
6.7,-1.7408911,15398
6.52,-2.4571564,15398
6.4,-1.718182,15398
6.4,-2.6458235,15398
6.3,-2.1244776,15398
6.22,-2.5348995,15398
6.22,-0.63686574,15398
6.16,-2.746786,15398
6.16,-2.4682665,15398
6.16,-1.75814,15398
6.1,-2.2238543,15398
5.8,-1.9151317,15398
5.0,-3.3288105,7451
6.8,-0.41865796,10536
8.11,-1.1580644,4729
8.08,-1.0404623,7366
5.58,-0.6929853,4201
6.64,-2.4533398,13388
6.89,-0.20449737,13701
6.48,-1.8855548,7148
5.07,-1.4196378,7148
5.03,-3.0497704,7148
6.8,-0.0146378465,4215
6.52,-3.0410748,4215
6.5,0.31865484,4215
6.36,0.14381334,4215
6.0,-2.1103985,4215
5.82,-2.188553,4215
5.72,-0.23890063,4215
5.66,-3.7154186,4215
5.64,-4.449752,4215
5.29,-4.495213,4215
5.28,-4.010763,4215
5.22,-2.2498133,4215
5.21,-4.507681,4215
5.21,-1.7795496,4215
5.1,-1.4098208,4215
5.04,-3.6027822,4215
4.99,-2.495033,4215
4.75,-6.104874,4215
4.68,-4.749968,4215
4.62,-2.7493007,4215
4.45,-3.1741536,4215
4.38,-2.3277783,4215
4.38,-4.4588885,4215
4.29,-1.8322709,4215
4.26,-2.614989,4215
4.24,-5.43768,4215
4.18,-4.2357326,4215
8.52,0.07410797,851
8.26,0.24787058,851
8.22,1.8859464,851
8.21,1.2559092,851
8.05,-0.21334241,851
7.85,0.4501931,851
7.75,0.10804333,851
7.72,1.0589578,851
7.62,0.41984802,851
7.6,1.2224927,851
7.42,0.90251565,851
7.4,-0.40805057,851
7.33,-1.6093068,851
7.12,-2.3411171,851
6.74,1.4527187,851
6.7,0.3429855,851
6.55,-2.9570959,851
6.43,1.0262929,851
6.43,0.21563454,851
6.38,-1.6713562,851
6.31,0.067485675,851
6.73,0.096629575,17142
4.82,-2.1305025,17142
8.82,-0.44516096,13238
8.72,-1.5262182,13238
8.54,-0.9729501,13238
8.49,-0.096542075,13238
8.32,-1.2332313,13238
8.31,-3.772626,13238
8.27,-1.0377098,13238
8.21,-2.8943152,13238
8.2,-0.023085237,13238
8.19,-2.028561,13238
8.14,-2.0293186,13238
8.13,-2.1166394,13238
8.12,-1.8548106,13238
7.92,-2.4166028,13238
7.87,-1.2045301,13238
7.84,-0.81832325,13238
7.83,-2.6124418,13238
7.72,-0.9009371,13238
7.55,-2.2427347,13238
7.46,-1.8541839,13238
7.38,-1.8120201,13238
7.28,-1.1431756,13238
7.26,-1.0118166,13238
7.22,-1.1464663,13238
7.21,-2.443435,13238
7.2,-2.6226773,13238
7.1,-1.9077702,13238
7.08,0.2949866,13238
7.07,-0.60261464,13238
7.0,-0.1063061,13238
7.0,-4.1433706,13238
6.99,-1.7280964,13238
6.92,-1.393955,13238
6.92,-2.7920015,13238
6.89,-0.12617387,13238
6.83,-1.328009,13238
6.82,-2.1731625,13238
6.82,-2.3051324,13238
6.81,-2.6837351,13238
6.81,-4.0491686,13238
6.75,-2.1876,13238
6.66,-0.57126606,13238
6.65,-0.01917962,13238
6.46,-2.6983125,13238
6.39,0.03007574,13238
6.36,-2.2507062,13238
6.31,-0.56325924,13238
6.3,-1.532372,13238
6.26,-2.3998199,13238
6.21,-2.5727627,13238
6.2,-1.5907025,13238
6.17,-0.31950352,13238
6.17,-2.0269225,13238
6.15,-2.3583994,13238
6.11,-0.22631502,13238
6.03,-0.5724499,13238
6.03,-1.1589279,13238
5.96,-1.8084791,13238
5.93,1.5490968,13238
5.82,-3.322271,13238
5.79,-0.43400687,13238
5.76,-0.9159765,13238
5.71,-6.5783486,13238
5.2,-1.8098055,13238
4.93,-1.6253102,13238
4.88,-2.5836446,13238
4.38,-3.3277557,13238
4.75,-0.036372367,14178
9.14,-1.351959,9669
7.05,1.3549571,14444
10.89,-0.44321516,6163
10.89,-2.1376925,6163
10.8,-0.68033516,6163
10.7,0.80368996,6163
10.7,-0.12275118,6163
10.62,0.64426744,6163
10.62,2.0726113,6163
10.6,1.8096892,6163
10.48,-1.7006507,6163
10.43,1.6681651,6163
10.4,-0.54704726,6163
10.37,-2.8051388,6163
10.31,-0.24288118,6163
10.31,-3.3347373,6163
10.3,-2.2666783,6163
10.28,0.25473487,6163
10.25,-1.0593805,6163
10.18,2.0246694,6163
10.17,1.349836,6163
10.15,-0.6789242,6163
10.14,0.3143247,6163
10.09,-2.4640164,6163
10.07,-1.425966,6163
10.06,-3.600337,6163
9.96,-3.8629773,6163
9.96,-0.5408499,6163
9.96,0.87981474,6163
9.96,-6.171958,6163
9.96,-1.7944865,6163
9.89,-0.3820509,6163
9.85,0.009538326,6163
9.85,-3.3497472,6163
9.82,-4.384786,6163
9.82,-2.3581078,6163
9.77,2.021994,6163
9.72,-1.3259035,6163
9.72,-1.2773641,6163
9.66,0.31591824,6163
9.47,0.07738053,6163
9.4,-1.9523804,6163
9.33,-0.36398485,6163
9.23,0.10345136,6163
9.21,1.5470911,6163
9.18,0.09782237,6163
9.17,2.343399,6163
9.02,0.4902979,6163
8.96,-1.8839098,6163
8.85,1.5090375,6163
8.82,-5.015172,6163
8.82,1.212728,6163
8.82,-4.592607,6163
8.82,0.38946268,6163
8.82,-3.2583296,6163
8.8,-3.4797018,6163
8.74,1.6261399,6163
8.72,-1.5171542,6163
8.7,-4.6376414,6163
8.7,-4.1322527,6163
8.68,-4.0090833,6163
8.64,-2.5068874,6163
8.64,-3.0369205,6163
8.62,-4.8134613,6163
8.51,-1.1206894,6163
8.48,-3.577696,6163
8.48,-3.9563556,6163
8.47,-3.419813,6163
8.46,-1.7709211,6163
8.42,-2.9077816,6163
8.41,-2.3155801,6163
8.4,-3.2996316,6163
8.38,-3.6905484,6163
8.34,-2.4720547,6163
8.34,-1.486922,6163
8.32,-0.84193003,6163
8.3,1.4050083,6163
8.3,0.27349615,6163
8.28,-4.3043756,6163
8.28,-0.9226197,6163
8.27,2.2820542,6163
8.26,-2.9744608,6163
8.25,-1.8804882,6163
8.24,-1.8621448,6163
8.24,-3.6963234,6163
8.22,-2.2047484,6163
8.19,-3.423449,6163
8.18,-1.0805136,6163
8.18,-5.468591,6163
8.17,-3.940095,6163
8.16,-0.7882228,6163
8.14,-2.6672225,6163
8.12,-3.9959362,6163
8.12,0.6510203,6163
8.12,-2.8531935,6163
8.12,-2.4242325,6163
8.12,-2.192077,6163
8.1,-0.53305745,6163
8.09,-0.3648792,6163
8.09,-2.9331462,6163
8.08,-3.404669,6163
8.08,-3.4797018,6163
8.08,1.222119,6163
8.08,-2.4450486,6163
8.06,-3.5979037,6163
8.05,-3.153611,6163
8.05,-2.0992959,6163
8.04,-1.5400978,6163
8.01,2.7784648,6163
8.01,-3.8629634,6163
7.99,1.4394724,6163
7.52,0.8216021,4764
7.4,-2.6088138,4764
4.62,-0.86071086,1413
6.3,-1.4880155,17548
5.16,-1.17875,17548
6.23,-2.6394565,16883
8.52,1.7298692,1163
8.3,3.7287383,1163
8.22,2.0985985,1163
8.15,-0.8027595,1163
8.1,3.5889277,1163
8.1,-0.6215211,1163
8.05,-0.32133135,1163
7.82,3.365974,1163
7.8,1.7619087,1163
7.8,2.0604236,1163
7.75,2.8309608,1163
7.7,0.3631195,1163
7.68,2.3763208,1163
7.66,0.23337866,1163
7.66,4.057601,1163
7.44,0.44042984,1163
7.43,-2.059719,1163
7.36,-0.07161733,1163
7.36,0.9874188,1163
7.28,1.224169,1163
7.26,2.2972639,1163
7.19,0.5153773,1163
7.11,2.688302,1163
6.83,1.0648961,1163
8.82,-1.5191274,9130
9.15,1.366474,4755
9.05,-0.73499393,4755
8.92,4.141922,4755
8.92,4.141922,4755
8.8,2.826717,4755
8.8,-1.2545302,4755
8.77,1.8155532,4755
8.68,3.6832926,4755
8.64,3.1438649,4755
8.59,2.5879812,4755
8.52,4.205159,4755
8.41,-4.4612947,4755
8.29,3.264296,4755
8.29,3.5752184,4755
7.63,-2.2915213,4755
6.84,-1.0641629,4755
6.81,0.38935682,4755
6.68,-2.1232722,4755
6.63,-0.9751748,4755
6.59,-3.2838488,4755
6.58,-2.383858,4755
6.49,-0.261749,4755
6.33,-2.332549,4755
6.19,-0.46298227,4755
7.82,-0.22703958,9422
7.6,-1.4070244,9422
8.92,1.78393,11116
8.67,-3.110162,11116
6.36,-0.48844215,11116
6.19,-3.7501764,11116
5.9,-3.319733,11116
8.92,-0.15150341,13124
8.3,0.44645923,14886
7.58,1.6862066,13645
6.38,1.187461,9311
5.68,-0.5834384,9311
5.47,2.049188,9311
5.46,-1.8049977,9311
5.2,-4.2928205,9311
6.57,-1.2036332,2516
6.22,-1.8059462,10321
5.92,-2.406985,10321
4.4,-5.0672264,10321
5.82,0.44043782,7637
5.41,0.98883986,7637
8.46,-1.5046235,5045
8.44,-1.5110296,5045
8.4,0.61410534,5045
8.05,-0.9819902,5045
8.0,-1.5058179,5045
7.96,0.23118156,5045
7.92,0.23118156,5045
7.85,-2.7970388,5045
7.82,0.23118156,5045
7.8,-0.6143712,5045
7.77,0.37034836,5045
7.75,3.170084,5045
7.62,2.4378195,5045
7.6,2.9152007,5045
7.58,-0.61545515,5045
7.58,-0.61545515,5045
7.52,-0.61545515,5045
7.48,0.44893515,5045
7.46,-1.7306423,5045
7.41,-1.5885378,5045
7.34,-1.6156046,5045
7.33,2.2016842,5045
7.28,-2.0868392,5045
7.24,1.0813831,5045
7.21,0.21336414,5045
7.1,0.045307145,5045
7.05,0.8907902,5045
7.05,-1.4080069,5045
6.6,-0.8713294,5045
6.55,1.2317767,5045
6.51,-1.3255004,5045
6.48,-0.19868398,5045
6.47,-3.2383692,5045
6.47,1.333893,5045
6.42,-2.9030478,5045
6.41,-1.6678098,5045
6.26,-2.435519,5045
6.24,-3.652931,5045
6.22,-3.2539713,5045
6.19,-4.697686,5045
6.15,-1.3019056,5045
6.01,-0.34736228,5045
5.85,-1.2955279,5045
5.8,-1.6550552,5045
5.64,-4.001856,5045
5.58,-2.8631802,5045
5.37,0.43390688,5045
5.37,-2.116523,5045
5.27,-5.6902847,5045
4.96,1.3151388,5045
4.75,-2.5500853,5045
9.0,1.6551061,16763
9.0,1.4272454,16763
9.0,1.8125565,16763
8.4,0.44810346,16763
7.72,2.6163497,16763
7.68,-2.547478,16763
7.38,0.28941137,16763
7.19,1.080528,16763
6.89,-1.7345364,16763
6.82,1.9027153,16763
6.81,1.8514373,16763
6.68,-0.056461394,16763
6.43,-1.127708,16763
6.39,0.57801914,16763
6.21,1.5575808,16763
6.11,-1.7345364,16763
5.96,1.6638896,16763
5.83,-0.850955,16763
5.72,1.6638896,16763
7.5,0.14440043,14477
7.16,-7.7559886,14477
6.66,-2.3669922,14477
6.64,-4.755873,14477
6.36,-7.7975917,14477
6.82,-0.78847516,5582
6.01,0.5596099,11704
9.29,0.69717765,7403
9.29,1.9432249,7403
8.9,1.9206669,7403
8.49,1.2395972,7403
8.49,3.360359,7403
8.48,1.7088287,7403
8.36,1.7998505,7403
8.24,0.98036814,7403
8.07,1.4061382,7403
8.04,4.1136403,7403
7.99,-0.4990534,7403
7.94,-2.5421755,7403
7.85,1.6277678,7403
7.77,0.05609932,7403
7.68,-2.1094456,7403
7.57,0.0012224596,7403
6.75,0.3755359,7403
5.12,-4.523648,7403
5.89,-3.551805,769
7.31,-3.417183,14665
6.96,-1.3020052,14665
6.92,-1.9884689,14665
5.5,1.3687003,16543
8.1,-1.2529491,12529
8.05,1.7886761,12529
7.92,-1.4581037,12529
7.21,-4.001268,12529
7.2,-6.8807616,12529
5.11,-2.1784256,10999
6.85,0.89225507,5440
7.4,-4.1743855,5749
7.8,0.11076438,7419
7.64,0.898072,7419
7.64,-1.4524988,7419
7.47,-2.184007,7419
7.39,0.7324436,7419
7.33,-2.2658358,7419
7.29,-3.38879,7419
7.25,-2.6719525,7419
7.07,-5.3535314,7419
6.8,-5.166695,7419
6.77,-3.9344945,7419
6.64,-2.4867315,7419
6.64,-4.2723947,7419
6.37,-5.1681957,7419
6.24,-4.561126,7419
6.21,-4.9858813,7419
6.08,-5.101759,7419
5.96,-7.993544,7419
5.89,-3.3892438,7419
5.85,-3.665887,7419
5.85,-6.7910223,7419
5.82,-1.53712,7419
5.8,-3.44757,7419
5.8,-6.2460957,7419
5.77,-5.034902,7419
5.7,-4.12544,7419
5.68,0.3307268,7419
5.64,-6.006888,7419
5.62,-6.0120144,7419
5.54,-7.2945457,7419
5.52,-5.175555,7419
5.4,-6.1345162,7419
4.44,-1.8714178,11996
4.12,-3.945874,11996
7.58,0.05540465,11529
6.62,-2.1738484,11529
8.46,3.134916,12694
8.15,-2.0611708,12694
8.1,2.3266819,12694
8.09,1.7904656,12694
8.08,2.16285,12694
8.05,0.11976398,12694
8.03,1.372263,12694
8.02,0.8328246,12694
8.01,0.83757615,12694
7.86,2.1308496,12694
7.81,3.3129723,12694
7.81,1.478451,12694
7.71,2.5575228,12694
7.66,1.3173531,12694
7.63,0.9040625,12694
7.61,-0.42846775,12694
7.54,-1.8320674,12694
7.44,2.5632722,12694
7.41,1.8922877,12694
7.38,2.014157,12694
7.19,1.2992957,12694
6.79,-2.2071714,12694
6.71,-2.2926102,12694
6.64,2.0441356,12694
7.07,-0.012579836,10479
6.39,0.4303246,5765
6.32,-1.1127107,13462
10.3,-0.3900084,14335
6.21,1.0527254,6592
6.16,-2.0953903,6592
6.05,0.87496006,6592
5.92,-1.1972044,6592
5.8,0.054869637,6592
5.66,-1.4420233,6592
5.64,1.1089612,6592
5.34,1.227546,6592
5.28,0.0013536178,6592
5.23,-0.3105703,6592
5.18,-2.2113621,6592
5.14,-3.4996493,6592
5.09,-1.6213678,6592
5.05,-2.0421088,6592
9.04,0.758008,3014
9.01,0.8665968,3014
8.89,1.9030495,3014
8.82,-0.54809606,3014
8.8,1.0796952,3014
8.8,0.8650124,3014
8.77,-0.38985646,3014
8.7,-0.5071243,3014
8.68,-3.110045,3014
8.68,0.1376298,3014
8.66,0.19994555,3014
8.64,-0.42825425,3014
8.6,-1.4300361,3014
8.6,1.7578102,3014
8.48,1.0514404,3014
8.22,0.15543084,3014
8.21,-0.6388308,3014
7.92,-0.47508022,3014
7.75,-2.0501983,3014
7.55,-4.7024126,3014
6.89,-3.6915824,3014
6.82,-2.8124511,3014
7.2,-0.1640386,92
7.0,0.13700446,92
5.56,-2.7209241,8302
7.4,0.75488853,237
6.73,0.852399,13604
8.52,2.97807,10185
7.96,4.983636,10185
7.85,1.6767514,10185
7.72,-6.7852182,10185
7.41,-4.726645,10185
7.34,-5.178896,10185
7.07,-1.397312,10185
7.02,-1.634487,10185
6.96,3.4115953,10185
6.92,-1.0006715,10185
6.86,-2.8218408,10185
6.8,-6.930342,10185
6.8,-5.307287,10185
6.8,-1.0006715,10185
6.72,-0.83825123,10185
6.68,0.6481724,10185
6.62,-7.4160523,10185
6.55,-2.908529,10185
6.55,-3.9103992,10185
6.51,-1.0265032,10185
6.47,-3.88317,10185
6.4,4.4693155,10185
6.28,-5.1474247,10185
6.26,-2.9539073,10185
6.26,-7.9693346,10185
6.24,3.808081,10185
6.21,2.9620502,10185
6.19,3.6952298,10185
6.14,-0.2230551,10185
6.14,1.2149639,10185
6.11,-5.1061893,10185
6.0,-3.2825882,10185
6.0,-0.9771546,10185
5.82,5.066301,10185
5.8,-6.11246,10185
5.77,0.9570104,10185
5.72,0.9570104,10185
5.62,3.9002764,10185
5.36,-4.7783585,10185
5.29,4.1956296,10185
5.03,2.4506762,10185
4.8,-6.9496317,10185
4.18,-4.4545646,4642
7.64,-0.46506098,11449
7.55,-1.5015798,11449
7.42,-1.7894915,11449
7.0,-2.5499916,11449
6.9,-3.3875625,11449
6.39,-3.4889624,11449
6.34,-4.1607943,11449
6.23,-1.6958036,11449
6.14,-0.9390012,11449
6.09,-3.0637677,11449
5.81,-1.8533493,11449
5.78,-0.6239431,11449
5.71,-1.9410181,11449
5.7,-2.903173,11449
5.62,-4.665179,11449
5.56,-4.4424148,11449
5.49,-4.57502,11449
5.49,-2.427986,11449
5.45,-5.2803345,11449
5.4,-4.476766,11449
5.2,-3.5898468,11449
5.02,-2.3781505,11449
4.86,-6.025356,11449
4.82,-4.107144,11449
4.12,-3.1977148,11449
8.15,0.011780214,10004
7.8,0.9102751,10004
7.8,1.1193738,10004
7.72,-0.31004128,10004
7.62,-0.31632093,10004
7.52,-2.0618834,10004
7.42,-2.4491234,10004
7.39,-5.073541,10004
7.32,-1.7407756,10004
7.3,-3.0699031,10004
7.09,-0.45487246,10004
7.05,0.6822578,10004
6.93,-0.23856354,10004
6.8,0.86896956,10004
6.3,0.0010376573,10004
6.01,-4.8731775,10004
5.73,0.38774574,10004
5.69,-1.3904502,10004
5.63,-1.6489716,10004
8.47,2.3386164,6258
8.43,-0.6460804,6258
8.41,3.091065,6258
8.38,-0.78310764,6258
8.38,2.3386164,6258
8.36,-0.61277926,6258
8.3,3.0070944,6258
8.3,-1.4915259,6258
8.29,1.7155533,6258
8.28,0.71731055,6258
8.28,1.3344707,6258
8.28,4.51483,6258
8.27,0.0913983,6258
8.27,-0.35895988,6258
8.27,1.457703,6258
8.26,1.3967942,6258
8.25,0.77296674,6258
8.25,0.4379141,6258
8.24,2.1114216,6258
8.24,2.575424,6258
8.24,2.9525442,6258
8.24,1.5109692,6258
8.21,3.1271021,6258
8.21,2.8512833,6258
8.2,-0.17566878,6258
8.19,4.51483,6258
8.19,-1.9564176,6258
8.19,0.71461964,6258
8.19,2.0304093,6258
8.18,1.7155533,6258
8.17,-0.21511315,6258
8.17,2.2721608,6258
8.15,3.8961568,6258
8.15,-0.20513219,6258
8.15,2.6152704,6258
8.15,3.0070944,6258
8.15,1.6158023,6258
8.15,1.9251049,6258
8.14,1.7747191,6258
8.14,1.3967942,6258
8.1,1.5711031,6258
8.1,2.964952,6258
8.1,3.119838,6258
8.1,0.55906665,6258
8.07,0.45013052,6258
8.07,3.8961568,6258
8.07,-0.21511315,6258
8.07,1.3543448,6258
8.07,-0.37629315,6258
8.07,3.1926126,6258
8.07,2.964952,6258
8.06,0.900668,6258
8.05,3.1174362,6258
8.05,1.2289027,6258
8.05,0.17615244,6258
8.05,-0.37629315,6258
8.02,3.1174362,6258
8.01,-1.523835,6258
8.01,3.1513433,6258
8.0,1.2493658,6258
8.0,1.3319273,6258
8.0,0.10318707,6258
8.0,1.3662746,6258
7.99,2.0304093,6258
7.99,0.09210583,6258
7.99,4.532981,6258
7.98,1.1447191,6258
7.98,1.3709818,6258
7.97,2.4860358,6258
7.97,0.63245654,6258
7.97,1.1802753,6258
7.97,1.9875246,6258
7.96,1.7747191,6258
7.96,2.9711747,6258
7.96,1.0549529,6258
7.96,0.4171991,6258
7.95,2.766184,6258
7.95,0.44479036,6258
7.95,4.16042,6258
7.94,1.2902286,6258
7.94,1.3276873,6258
7.94,3.1444492,6258
7.94,2.6152704,6258
7.93,3.072947,6258
7.93,1.9173717,6258
7.93,1.2773899,6258
7.92,1.2493658,6258
7.92,1.9385223,6258
7.92,1.885663,6258
7.91,2.4860358,6258
7.91,3.9766595,6258
7.9,0.6715747,6258
7.9,4.532981,6258
7.9,-0.6134428,6258
7.89,2.1358297,6258
7.89,0.63245654,6258
7.88,2.0773642,6258
7.87,1.3033869,6258
7.84,0.5030519,6258
7.84,1.2606502,6258
7.83,1.4702454,6258
7.79,2.4075851,6258
7.79,1.8640333,6258
7.78,2.4075851,6258
7.75,2.189562,6258
7.75,2.430665,6258
7.74,2.101009,6258
7.74,0.99813104,6258
7.73,2.1623354,6258
7.72,2.6004972,6258
7.7,2.3144512,6258
7.7,1.007235,6258
7.65,2.101009,6258
7.65,1.9875246,6258
7.64,2.7293565,6258
7.63,1.3146646,6258
7.62,1.3169156,6258
7.62,1.4012557,6258
7.62,1.3146646,6258
7.62,2.6899126,6258
7.58,2.7293565,6258
7.52,0.84720373,6258
7.51,3.0993953,6258
7.5,2.2344751,6258
7.49,0.99813104,6258
7.47,1.2374407,6258
7.47,0.7845392,6258
7.42,0.6357459,6258
6.82,-0.32076064,2551
5.82,2.0835981,2551
5.39,-1.5833935,2551
5.16,-3.2600486,2551
9.3,4.9263306,8225
8.96,2.203701,8225
8.96,2.6039631,8225
8.92,2.721893,8225
8.89,0.3641513,8225
8.8,0.5475086,8225
8.66,-1.7921422,8225
8.52,3.5690367,8225
8.44,0.9671204,8225
8.28,0.09900826,8225
8.24,2.4699738,8225
8.19,1.7799355,8225
8.17,0.34920454,8225
8.12,3.7300036,8225
8.09,-0.046290874,8225
7.95,-2.1252754,8225
7.89,0.7676712,8225
7.58,-3.4647639,8225
5.77,-2.593441,3321
7.72,-0.89459574,493
7.68,-0.34355688,493
7.64,-0.5565033,493
7.64,0.9692067,493
7.52,-0.4638832,493
7.48,-1.4175632,493
7.42,-0.7191529,493
7.42,0.09698332,493
7.4,-2.1064994,493
7.36,-0.30981985,493
7.35,-2.2900743,493
6.96,0.8658807,493
7.18,0.6761527,5872
6.29,0.5628005,5321
8.0,0.1777552,9700
8.0,-2.2023368,9700
8.0,-0.6543652,9700
7.96,0.2973682,9700
7.89,-0.029693507,9700
7.85,-1.8902688,9700
7.77,-1.5217314,9700
7.75,-3.069134,9700
7.58,-2.1239066,9700
7.55,0.09522417,9700
7.51,0.36975154,9700
7.31,1.7296668,9700
7.31,-3.7386336,9700
7.25,-2.6769843,9700
7.24,-3.1125138,9700
7.21,-3.139372,9700
7.11,0.80085623,9700
7.1,-1.197958,9700
7.03,-2.819823,9700
6.98,-0.62154114,9700
6.97,-1.9224904,9700
6.94,-2.3671002,9700
6.89,-1.9165317,9700
6.87,-4.94517,9700
6.72,-3.155446,9700
6.58,-3.6476133,9700
6.41,-0.8686886,9700
6.37,-3.8706162,9700
6.33,-0.20119657,9700
6.28,-5.1234956,9700
6.2,-1.2262226,9700
6.15,-1.6851382,9700
5.52,-1.2281896,9700
5.46,-1.2281896,9700
9.0,0.076487735,3075
5.43,-4.581688,4643
5.05,-3.124417,4643
8.68,0.6864246,9526
8.32,0.191011,9526
8.26,3.3529248,9526
8.24,1.9107513,9526
8.15,2.1567423,9526
8.01,2.9625866,9526
7.92,1.8600116,9526
7.85,-1.3664105,9526
7.81,3.3257496,9526
7.68,0.5951675,9526
7.62,0.3243202,9526
7.6,3.3888102,9526
7.39,-0.32302183,9526
7.05,0.59156823,9526
6.94,0.027832326,9526
6.92,2.225536,9526
6.24,1.2217499,9526
6.02,3.1348448,9526
5.88,2.88564,9526
4.49,-1.6009433,1658
4.47,-1.8278078,1658
4.38,-6.519094,1658
4.37,-0.8499168,1658
4.3,-6.1237016,1658
4.21,-3.781873,1658
4.18,-2.8432233,1658
4.14,-1.2940348,1658
4.09,-2.149835,1658
4.08,-1.8246187,1658
4.05,-2.6014707,1658
9.15,1.665503,4787
7.06,-0.32362816,4787
6.74,-0.030775763,4787
6.74,0.07659272,4787
6.27,-0.27371967,4787
5.66,-0.09459194,4787
5.62,1.8116696,4787
5.33,0.4449048,4787
5.91,-0.53544545,17283
5.79,-0.53544545,17283
5.66,-5.1135817,17283
5.14,-0.0035564452,17283
5.13,-0.0035564452,17283
6.04,-1.4148077,519
5.36,-3.1383452,17107
7.75,0.663733,12909
7.55,0.044120707,12909
7.43,-1.501827,12909
7.55,-1.085992,6572
8.0,0.92035913,7652
8.52,-0.2412264,2522
8.15,0.59597194,2522
8.05,1.0500737,2522
7.66,-0.21205494,2522
7.62,-0.74583256,2522
7.52,-0.36350116,2522
7.26,1.251635,2522
7.13,0.33673033,2522
7.1,-1.470936,2522
7.07,0.59721947,2522
7.03,-2.1784835,2522
7.01,-0.5147549,2522
6.72,0.9007417,2522
6.19,-1.3219936,2522
7.51,-2.0272038,1506
8.0,1.630753,9047
6.5,1.2009692,5730
5.15,-1.2321972,15257
7.92,0.22640638,13427
7.77,-3.3037665,16222
7.68,0.55136013,16222
7.68,0.22473353,16222
7.58,1.3089426,16222
7.5,-3.9617877,16222
7.5,-0.5193478,16222
7.42,0.45735934,16222
7.25,-3.1518536,16222
7.14,-0.4475802,16222
7.13,0.7553824,16222
7.11,0.52232146,16222
6.96,-2.0277922,16222
6.92,0.80290854,16222
6.92,-0.0688865,16222
6.92,-1.1745969,16222
6.89,1.7045709,16222
6.82,0.67794704,16222
6.8,0.34499398,16222
6.68,-1.3719026,16222
6.68,0.6892241,16222
6.66,1.7929287,16222
6.66,0.27385348,16222
6.64,2.2346942,16222
6.62,0.8607943,16222
6.62,-2.3782117,16222
6.58,-0.27212104,16222
6.52,-1.8512359,16222
6.52,-3.7086492,16222
6.51,-2.3347986,16222
6.48,-4.9421983,16222
6.48,-0.9032198,16222
6.47,0.6329018,16222
6.43,-2.5731716,16222
6.37,-2.6309395,16222
6.36,1.9909042,16222
6.35,-1.3262826,16222
6.35,0.4325209,16222
6.33,-5.6471195,16222
6.32,0.06580515,16222
6.3,0.20482305,16222
6.22,0.63877726,16222
6.21,-0.04236178,16222
6.21,0.6960362,16222
6.15,3.0207603,16222
6.1,1.3004667,16222
6.1,-3.469357,16222
6.01,1.6306629,16222
6.01,-1.1559626,16222
5.96,1.4000583,16222
5.92,1.2802385,16222
5.89,-0.62397635,16222
5.89,-1.846353,16222
5.8,1.5957083,16222
5.66,-0.15343882,16222
5.64,-0.5386983,16222
5.62,-0.64346194,16222
5.62,1.7605383,16222
5.55,-0.5136229,16222
5.55,-0.17993873,16222
5.5,-0.94443977,16222
5.42,-3.9298794,16222
5.4,1.1117113,16222
5.38,-1.1419473,16222
5.34,-6.240635,16222
5.33,0.9163207,16222
5.28,0.9073144,16222
5.28,0.8704891,16222
5.24,-4.812033,16222
5.16,1.3876867,16222
5.15,-0.27243096,16222
5.0,-2.015493,16222
5.0,0.8161031,16222
4.72,-1.5941964,16222
4.64,-0.986032,16222
4.62,4.0802236,16222
4.62,-0.9990628,16222
4.57,0.08060862,16222
4.36,-2.05069,16222
4.36,-0.0038632005,16222
4.85,-0.7289654,16194
7.47,0.10329172,4904
7.39,0.47154915,13188
5.32,-0.0030922666,12748
4.58,3.5025628,12748
7.11,1.6215637,845
6.74,1.9337941,845
6.68,2.8234708,845
6.6,1.9337941,845
6.59,-0.74295866,845
6.58,-0.74295866,845
6.52,0.08348978,845
6.5,-0.82194984,845
6.42,-0.4949095,845
6.4,-0.1542457,845
6.38,-0.82194984,845
6.36,1.2932,845
6.15,-0.4949095,845
6.1,2.9368827,845
6.05,2.8234708,845
6.04,-2.0117822,845
5.88,0.08348978,845
5.86,-2.0117822,845
5.76,-0.4307149,845
8.59,-0.45133582,97
8.28,-1.428973,97
8.0,-0.26425916,97
8.0,-1.2784156,97
7.82,-2.0553086,97
7.62,-1.2782495,97
7.27,-1.5582803,97
7.12,-2.7914498,97
6.75,-1.8975952,97
6.29,-3.5566509,97
5.19,-3.875922,97
7.66,1.1578084,1364
6.3,-1.8875142,11542
5.85,2.246067,11542
8.4,1.1554649,6891
6.29,-1.3928834,6891
6.23,-1.4886746,6891
6.14,-3.269964,6891
6.02,-0.6621865,6891
8.52,-1.1284461,2143
8.15,-0.38844684,2143
8.1,-0.1824986,2143
8.05,1.7411048,2143
8.0,0.5216799,2143
8.0,1.4507741,2143
8.0,-0.96073866,2143
8.0,3.3175395,2143
7.96,0.40508348,2143
7.89,-0.5181271,2143
7.82,-0.12874393,2143
7.66,1.7021435,2143
7.46,-1.6076986,2143
7.46,-1.1664281,2143
7.4,0.19763938,2143
7.33,-0.15476108,2143
7.31,2.3050468,2143
7.28,-0.928511,2143
7.26,-0.54245293,2143
7.22,4.3052745,2143
7.05,-2.7788992,2143
7.05,2.2100375,2143
7.04,0.83363426,2143
6.85,0.5632932,2143
6.68,0.94244814,2143
6.57,0.9307606,2143
6.35,-0.63331425,2143
5.9,0.80500937,2143
8.48,1.7406545,430
8.0,-3.418444,15676
7.7,-2.206419,15676
7.52,-1.457498,15676
7.52,-1.6200957,15676
7.4,-1.2988383,15676
7.3,-2.7616022,15676
7.22,-1.5729499,15676
7.22,-3.4364002,15676
7.16,-1.8373119,15676
7.16,-1.9709909,15676
7.16,-1.5765108,15676
7.16,-1.8039483,15676
7.16,-1.5132756,15676
7.16,-2.425093,15676
6.82,-3.6850848,15676
6.7,-0.41490084,15676
6.7,-0.29789075,15676
6.66,-2.1948025,15676
6.64,-1.319279,15676
6.64,-2.1991065,15676
6.62,-2.826511,15676
6.52,-1.5602295,15676
6.52,-3.2493732,15676
6.52,-1.3864566,15676
6.52,-1.5168259,15676
6.52,-2.5989983,15676
6.4,-0.1789167,15676
6.4,-3.0934794,15676
6.4,-1.7441217,15676
6.3,-1.0697678,15676
6.3,-1.103776,15676
6.22,-1.8371648,15676
6.16,0.35457295,15676
6.16,-1.5487578,15676
6.1,-0.98292685,15676
6.0,-2.620576,15676
6.0,-2.7944727,15676
5.96,-2.4515498,15676
5.92,-3.9999688,15676
5.68,-0.65353644,15676
5.64,-3.6377356,15676
5.58,-1.4173806,15676
5.48,-2.463208,15676
5.0,-1.6934814,15676
7.36,-1.8707995,2077
6.0,-0.38065398,2891
4.6,-2.6407156,2891
8.38,5.7061815,14838
8.08,6.439517,14838
7.77,2.956127,14838
7.52,3.4463015,14838
7.34,3.993825,14838
7.31,2.587288,14838
7.28,-0.9669912,14838
7.09,2.4521587,14838
7.01,3.7748685,14838
6.72,2.4361434,14838
6.66,5.752198,14838
6.62,3.6731265,14838
6.55,3.6762397,14838
6.28,5.291136,14838
6.2,-0.38601282,14838
6.1,3.1913984,14838
6.1,2.1269925,14838
6.02,-2.9095628,14838
6.01,2.899191,14838
5.85,1.0416772,14838
5.71,1.1527327,14838
5.6,-1.1440691,14838
5.55,1.6960996,14838
5.52,2.7942548,14838
5.51,4.815181,14838
5.43,-2.1756277,14838
5.39,3.6148338,14838
5.39,1.9278864,14838
5.38,1.290114,14838
5.37,1.284217,14838
7.11,0.19240901,6686
9.05,1.0474397,5371
9.28,0.14413922,7684
9.24,0.8469515,7684
9.14,-0.36697623,7684
8.8,1.8578712,7684
8.72,1.8578712,7684
6.03,0.85073304,15065
6.4,-2.1025033,3466
6.3,0.34244657,3466
6.3,-1.0751575,3466
6.3,-3.1592803,3466
6.3,-1.6417903,3466
6.1,-1.0264535,3466
6.0,-2.128314,3466
5.8,-1.6417903,3466
5.8,-3.645099,3466
5.8,-2.3536932,3466
5.7,-0.30356675,3466
5.7,-2.1025033,3466
5.6,-4.026196,3466
5.5,-2.4269977,3466
4.9,-1.6984565,3466
5.98,-1.9575409,11848
5.65,0.27720803,11848
5.35,-0.31152752,11848
5.17,-2.3487754,11848
7.45,-2.6076856,13971
7.24,-1.8187877,13971
7.09,-4.284254,13971
6.86,-1.8409375,13971
6.75,-2.009304,13971
6.57,-1.4539254,13971
6.36,-1.6459711,13971
6.33,-2.7160428,13971
6.05,-1.9098134,13971
5.66,-2.7559888,13971
8.82,1.1823535,12885
8.6,3.017365,12885
8.54,-0.21869636,12885
8.49,0.71708286,12885
8.47,2.7938614,12885
8.28,0.76706934,12885
8.18,2.7938614,12885
8.05,3.017365,12885
7.8,-0.29140636,12885
7.73,-1.3011372,12885
7.71,0.12866572,12885
7.59,-0.19697776,12885
7.57,0.12866572,12885
7.29,-1.5344044,12885
6.67,-1.9071398,12885
6.2,-2.9546487,12885
7.38,-1.0067695,10401
7.3,-1.3097143,10401
7.19,-1.5406755,10401
7.1,-3.2773287,10401
7.05,-1.229436,10401
7.04,-2.1608393,10401
7.03,-1.5089599,10401
6.98,-2.654087,10401
6.95,-0.54738724,10401
6.69,-1.2801058,10401
7.97,1.0243641,14588
6.28,0.6908301,14588
6.22,0.7914907,701
5.92,0.7217667,701
5.54,-0.108144715,701
4.33,-1.2683163,701
7.19,-0.8575896,13265
4.82,-1.382509,616
4.5,-1.586789,616
4.34,-3.3642473,616
4.8,-3.3811529,15840
5.92,-2.056229,16434
5.52,0.28186837,4149
9.14,-0.7183888,8013
9.12,1.6866845,8013
9.02,-0.024089895,8013
8.92,1.886149,8013
8.9,0.9284215,8013
8.89,1.886149,8013
8.88,2.3145387,8013
8.87,-2.1708632,8013
8.85,-1.1262724,8013
8.84,-2.2455816,8013
8.82,1.2457308,8013
8.8,0.79375327,8013
8.79,-1.4014903,8013
8.79,2.3467646,8013
8.79,-1.3242962,8013
8.78,2.2414176,8013
8.77,-1.4267755,8013
8.76,0.5351056,8013
8.74,0.7285999,8013
8.73,-2.3421013,8013
8.72,-0.5930425,8013
8.7,-0.8641349,8013
8.7,0.0545609,8013
8.69,-0.32466713,8013
8.68,-0.041827098,8013
8.68,3.0592268,8013
8.67,-2.221108,8013
8.66,-0.5930425,8013
8.66,0.23993556,8013
8.66,-0.49148676,8013
8.66,3.8771858,8013
8.66,3.92952,8013
8.66,1.538394,8013
8.65,2.9384391,8013
8.64,3.0806544,8013
8.64,-0.0888277,8013
8.64,-1.7291646,8013
8.64,-0.6828152,8013
8.63,-1.3054888,8013
8.62,1.1482391,8013
8.62,-2.299612,8013
8.6,3.2115893,8013
8.6,-0.50964856,8013
8.59,-2.1692414,8013
8.59,-0.55964994,8013
8.58,-1.6553526,8013
8.58,-1.0040324,8013
8.57,-2.2087502,8013
8.57,-1.3750992,8013
8.56,2.0092378,8013
8.55,1.3895468,8013
8.55,-1.1574136,8013
8.55,1.9774172,8013
8.55,0.21752413,8013
8.55,1.0573075,8013
8.54,-0.048348323,8013
8.54,0.4070808,8013
8.54,3.96878,8013
8.54,2.2027943,8013
8.54,-0.50964856,8013
8.54,3.375594,8013
8.54,1.0341874,8013
8.54,2.7214994,8013
8.54,2.4791543,8013
8.53,2.7497427,8013
8.53,2.1577518,8013
8.52,0.18495479,8013
8.52,-0.77883005,8013
8.51,4.3773894,8013
8.51,3.6170027,8013
8.5,0.6488488,8013
8.49,-0.85966825,8013
8.48,3.2518368,8013
8.46,0.9344014,8013
8.44,-1.0840888,8013
8.44,0.28064278,8013
8.44,-1.045985,8013
8.43,1.6448637,8013
8.43,-0.05221185,8013
8.42,2.0399268,8013
8.4,3.2892742,8013
8.4,-0.55964994,8013
8.39,-1.0303211,8013
8.39,-0.07951127,8013
8.38,2.2218676,8013
8.38,2.778388,8013
8.38,2.3569915,8013
8.38,2.143975,8013
8.37,1.8708668,8013
8.37,2.619016,8013
8.36,-1.6954906,8013
8.36,2.75909,8013
8.36,1.2669072,8013
8.35,-0.56581855,8013
8.35,-1.7820361,8013
8.34,-0.40176427,8013
8.34,-1.5602669,8013
8.32,3.3348973,8013
8.32,-0.18304312,8013
8.31,-0.97144413,8013
8.3,3.96878,8013
8.29,-2.2011845,8013
8.29,0.39094687,8013
8.28,-0.18304312,8013
8.28,3.0150867,8013
8.28,-2.6215885,8013
8.27,2.8056633,8013
8.27,2.7622824,8013
8.27,0.44374087,8013
8.27,1.4924383,8013
8.26,0.04698721,8013
8.26,0.77902603,8013
8.26,-1.6458902,8013
8.25,1.1099243,8013
8.25,1.639092,8013
8.25,1.455188,8013
8.25,-0.68388224,8013
8.24,-0.8144516,8013
8.23,2.2178967,8013
8.23,-0.83367574,8013
8.22,0.7886435,8013
8.22,-0.95479715,8013
8.22,-1.0840888,8013
8.22,-1.2177943,8013
8.22,-1.0556417,8013
8.21,3.1666043,8013
8.21,0.19497909,8013
8.21,2.4474814,8013
8.21,3.8512938,8013
8.21,1.5618246,8013
8.2,3.1310961,8013
8.2,-1.4441884,8013
8.2,-1.4513894,8013
8.19,0.43717542,8013
8.18,2.4196913,8013
8.18,0.47072726,8013
8.18,-0.5623244,8013
8.16,1.3790368,8013
8.16,1.553823,8013
8.15,2.9606118,8013
8.15,0.8967843,8013
8.15,-1.4751505,8013
8.14,0.9097178,8013
8.14,0.7578608,8013
8.14,-1.8683378,8013
8.13,0.31337598,8013
8.13,-0.19077425,8013
8.13,0.6139691,8013
8.12,-0.8382809,8013
8.12,-1.9241887,8013
8.12,1.9626133,8013
8.12,-0.046030737,8013
8.11,-1.4246945,8013
8.11,5.103618,8013
8.1,2.760336,8013
8.1,1.6075197,8013
8.1,-1.0481937,8013
8.1,0.9738474,8013
8.1,-0.44020754,8013
8.1,0.8416121,8013
8.09,1.1777253,8013
8.09,-0.06157437,8013
8.08,0.9851389,8013
8.08,1.471841,8013
8.07,3.2439747,8013
8.07,1.4436568,8013
8.07,-0.9115232,8013
8.06,-0.5568795,8013
8.06,0.4511906,8013
8.06,0.31337598,8013
8.06,-0.5623244,8013
8.06,0.23977,8013
8.05,-0.53767157,8013
8.04,-0.70642674,8013
8.03,2.0058866,8013
8.02,-0.5568795,8013
8.01,-0.10805699,8013
8.01,3.0048325,8013
8.0,-0.9518914,8013
8.0,1.8021603,8013
7.99,-0.28159532,8013
7.99,2.7214994,8013
7.98,0.9097178,8013
7.98,-0.34391943,8013
7.98,3.1679633,8013
7.97,-2.880305,8013
7.96,-0.82952535,8013
7.96,1.0542475,8013
7.96,2.119231,8013
7.96,1.3082758,8013
7.96,-0.65420663,8013
7.95,0.891281,8013
7.95,-3.1605155,8013
7.95,-0.15726148,8013
7.94,-0.06731201,8013
7.93,3.0787842,8013
7.93,4.9622936,8013
7.91,0.9552568,8013
7.9,-1.2065358,8013
7.9,-0.2675655,8013
7.9,-0.24587867,8013
7.9,2.1754122,8013
7.89,-2.0820775,8013
7.88,-0.23627827,8013
7.87,0.2813424,8013
7.87,2.5550666,8013
7.86,-1.4438645,8013
7.85,-0.03358674,8013
7.84,1.8828347,8013
7.84,0.24042061,8013
7.83,-0.62264574,8013
7.83,-1.7712762,8013
7.82,1.1271268,8013
7.82,1.5575686,8013
7.82,2.5322778,8013
7.81,1.4767623,8013
7.81,0.17969546,8013
7.8,0.70441914,8013
7.79,0.65829563,8013
7.79,-1.0170424,8013
7.78,-1.8902346,8013
7.78,1.5158867,8013
7.77,1.3871585,8013
7.76,-0.40128452,8013
7.75,-0.6636529,8013
7.75,2.677117,8013
7.75,5.2065187,8013
7.74,1.1278297,8013
7.74,1.9810547,8013
7.74,-1.911091,8013
7.74,-0.8762405,8013
7.72,0.21540041,8013
7.72,-3.3289945,8013
7.7,1.4386808,8013
7.7,-0.95479715,8013
7.7,-1.4557109,8013
7.7,-0.36343083,8013
7.69,3.8273985,8013
7.69,-0.046204828,8013
7.67,0.05338122,8013
7.65,-4.934048,8013
7.65,1.9690266,8013
7.63,1.9446292,8013
7.62,1.6367389,8013
7.61,0.6839235,8013
7.61,-1.8087835,8013
7.59,0.16393739,8013
7.58,0.70923805,8013
7.58,3.8273985,8013
7.58,5.0544825,8013
7.58,1.6220273,8013
7.57,0.20864034,8013
7.57,-1.1457665,8013
7.55,-1.3375463,8013
7.54,-0.12516356,8013
7.54,0.41627795,8013
7.54,-1.4840776,8013
7.53,-0.6633214,8013
7.52,1.3721772,8013
7.52,4.730146,8013
7.52,-2.9449863,8013
7.51,-0.45013854,8013
7.49,2.4132695,8013
7.49,-0.768584,8013
7.48,-1.105905,8013
7.46,-2.316759,8013
7.45,0.21752413,8013
7.45,-1.297596,8013
7.44,-2.400863,8013
7.44,0.032607146,8013
7.44,4.2196712,8013
7.43,2.4289823,8013
7.43,2.4289823,8013
7.43,-1.1052378,8013
7.42,3.8175437,8013
7.42,-2.522831,8013
7.41,4.4490113,8013
7.41,-1.4267755,8013
7.4,-0.24475732,8013
7.39,-0.72927606,8013
7.39,-1.2030218,8013
7.38,-0.34391943,8013
7.37,0.34822702,8013
7.37,1.7800971,8013
7.34,-0.4984087,8013
7.32,-2.958833,8013
7.31,-2.5958674,8013
7.3,-3.0514894,8013
7.29,1.2467377,8013
7.27,2.0258112,8013
7.25,0.7442132,8013
7.25,0.07612393,8013
7.25,-0.84542954,8013
7.24,2.9570642,8013
7.24,1.0705235,8013
7.23,-0.5095171,8013
7.22,0.081872106,8013
7.21,2.8056633,8013
7.21,-0.23386773,8013
7.2,1.0587103,8013
7.2,-2.5629187,8013
7.19,2.2232726,8013
7.19,1.6477687,8013
7.19,-1.1749318,8013
7.18,-0.046819896,8013
7.17,-0.7241992,8013
7.17,3.3662114,8013
7.17,2.8937128,8013
7.16,-2.3461483,8013
7.16,1.6738786,8013
7.15,2.003839,8013
7.14,-0.72977376,8013
7.13,-1.6805359,8013
7.13,3.901692,8013
7.12,0.35898703,8013
7.11,-1.9475789,8013
7.11,-0.99176776,8013
7.11,-0.12516356,8013
7.09,-2.9887247,8013
7.06,0.021119675,8013
7.01,0.39493695,8013
7.01,-2.0488775,8013
7.01,-1.4047916,8013
7.0,0.34822702,8013
7.0,-3.092921,8013
6.97,-3.0420914,8013
6.92,-0.6511928,8013
6.89,-1.9997325,8013
6.88,3.5490553,8013
6.87,-3.7402604,8013
6.87,-4.302773,8013
6.86,2.3159142,8013
6.84,0.74787617,8013
6.83,-0.70786726,8013
6.82,-2.7027817,8013
6.81,0.9006443,8013
6.81,-2.4199,8013
6.81,-1.3253924,8013
6.8,-3.1702278,8013
6.76,-1.246057,8013
6.75,-3.0211897,8013
6.75,-2.5672615,8013
6.71,1.290381,8013
6.62,0.608559,8013
6.6,-1.7559078,8013
6.57,-0.12683631,8013
6.57,-1.1536607,8013
6.47,-0.1592002,8013
6.46,-1.339186,8013
6.4,1.6077609,8013
6.34,3.937659,8013
6.22,-1.850392,8013
6.07,-2.7490294,8013
6.04,-1.3782064,8013
8.1,0.9349724,3925
7.54,2.4800725,3925
7.47,-0.08278012,3925
7.4,0.48079184,3925
7.32,0.060906947,3925
6.75,-0.44596148,3925
6.69,-1.8115876,3925
6.66,-1.0130169,3925
6.59,-0.86767375,3925
6.45,-1.5873086,3925
6.41,-4.468275,3925
6.36,-2.809096,3925
6.34,0.266362,3925
6.23,-3.574185,3925
6.09,-3.4939094,3925
5.52,-4.722283,3925
5.36,-0.7976843,3925
5.1,-5.659018,3925
6.7,-2.895657,16530
6.52,-5.0539346,16530
6.4,-7.0209627,16530
6.22,-6.6179333,16530
6.16,-2.7764907,16530
6.16,-2.1307967,16530
6.05,-5.29722,16530
6.0,-3.3912075,16530
6.0,-4.5407915,16530
5.35,-3.117798,16530
4.55,-4.723922,16530
8.09,0.5650083,6960
7.98,0.15842843,6960
7.12,-0.35194498,6960
7.05,-0.90151834,6960
6.96,0.88838995,6960
9.24,1.9622072,4953
9.13,0.16286966,4953
8.96,-0.873659,4953
8.89,-0.099242836,4953
8.8,2.1763844,4953
5.89,-0.4368483,6552
8.4,1.4717685,16474
8.4,1.2978759,16474
8.22,1.0242047,16474
7.89,-1.2040876,16474
7.89,1.4688332,16474
7.82,0.80900764,16474
7.52,-0.107439585,16474
7.28,-1.263609,16474
7.28,1.6861076,16474
7.22,3.633079,16474
7.05,-0.9011748,16474
6.89,-0.039516687,16474
6.82,4.0926914,16474
6.52,-4.9988637,16474
6.42,-1.5353329,16474
6.0,-3.583764,16474
5.77,-1.9408801,16474
5.54,-5.425135,16474
4.81,-4.8107285,16474
4.7,-5.6564574,16474
4.51,-0.9923748,16474
8.52,2.6563516,3450
8.22,0.4840053,3450
7.6,0.2998789,3450
7.5,-0.52622914,3450
7.11,-0.21240696,3450
5.38,-2.1906364,2406
7.93,-0.23932311,14333
7.56,1.2188119,15005
7.7,-0.68153226,9718
6.89,-0.007919956,15765
6.27,-2.3972347,15765
6.0,0.13867252,15765
5.82,0.13867252,15765
5.8,-2.1209826,15765
5.75,0.13867252,15765
5.68,-2.1209826,15765
5.54,0.13867252,15765
8.89,-2.0772445,14388
8.82,-2.6308212,14388
8.44,-1.8679367,14388
8.42,-3.9198787,14388
8.41,3.8143737,14388
8.23,-4.596433,14388
8.17,2.6114922,14388
8.02,-1.4169346,14388
7.96,-0.39697707,14388
7.94,-2.413459,14388
7.92,0.11695574,14388
7.77,-3.4798877,14388
7.7,-1.1207141,14388
7.66,0.2835021,14388
7.64,-2.31378,14388
7.46,2.3472776,14388
7.41,-3.2558732,14388
7.39,-2.1990469,14388
7.32,-0.83101356,14388
7.18,-4.8920226,14388
6.82,0.45700467,14388
6.8,-3.7196803,14388
6.24,-1.7931389,14388
6.17,-0.38119903,14388
5.92,-3.1467788,14388
5.8,-1.0913652,14388
5.77,-4.4437637,14388
5.35,-1.4456053,14388
4.8,-5.8725114,14388
4.8,-5.3263745,14388
4.77,-4.6375933,14388
7.43,-2.0907428,174
4.12,-6.0864754,17316
4.09,-1.7690045,17316
8.0,3.6085365,5732
7.85,3.0211217,5732
7.7,2.9157543,5732
7.66,1.2379031,5732
7.48,2.0882034,5732
7.43,0.18898863,5732
7.36,0.71377134,5732
7.31,3.726968,5732
7.14,1.501406,5732
7.1,0.96510935,5732
7.08,-1.0945007,5732
6.5,2.0085607,5732
6.28,-1.0352283,5732
6.24,2.0761607,5732
6.07,-0.4230607,5732
9.4,-2.3149533,6546
9.3,2.045311,6546
9.05,2.5516946,6546
9.05,2.5516944,6546
9.0,1.027239,6546
8.7,-1.0823523,6546
8.52,1.886296,6546
8.52,5.3014646,6546
8.4,-1.4315648,6546
8.4,0.03636484,6546
8.22,1.1012903,6546
8.1,0.026605172,6546
8.0,0.7976539,6546
8.0,1.3227265,6546
7.3,-6.1939883,16880
7.3,-2.760276,16880
7.1,-3.2031386,15225
6.6,-0.47038558,15225
6.52,-1.7679769,15225
6.48,-2.4157002,15225
6.38,-1.6479998,15225
6.36,-2.6512156,15225
6.35,-1.3561321,15225
6.34,-1.9943419,15225
6.31,-2.8982146,15225
6.3,-4.980184,15225
6.24,-2.5741403,15225
6.22,-0.8567897,15225
6.14,-4.799912,15225
6.1,-1.3590168,15225
5.55,-4.8636985,15225
5.47,-1.8357738,15225
5.01,-1.2295516,15225
4.88,-3.4067261,15225
4.84,-3.476821,15225
8.64,-1.6585867,9402
8.62,-1.9287227,9402
6.39,-0.51543784,9402
5.09,-1.7914449,17397
8.04,-0.5894731,467
7.75,1.2297087,467
7.52,1.1322016,467
7.46,2.7605386,467
7.44,-0.48193058,467
7.42,-1.7504629,467
7.42,-0.9134183,467
7.37,-0.47382495,467
7.37,-0.8908856,467
7.18,0.5033813,467
6.82,-0.20868228,467
6.67,-0.26318568,467
6.65,1.1482754,467
6.63,-0.13966705,467
6.47,-0.14043035,467
6.36,0.16015154,467
6.31,0.057139285,467
8.09,1.8825799,5395
7.1,1.125799,5395
6.8,-0.30415958,5395
6.64,-0.64255905,5395
6.62,-2.322666,5395
6.55,0.43285975,5395
6.55,0.003035292,5395
6.38,3.0032768,5395
6.34,1.3384596,5395
6.3,1.5330441,5395
6.29,-1.9054198,5395
6.15,-4.203904,5395
5.39,-1.1788194,5395
5.3,0.40294808,5395
8.0,2.0500371,6054
8.0,1.7450855,6054
8.0,-0.9430119,6054
8.0,-0.41260552,6054
8.0,-5.6039085,6054
8.0,-3.7117562,6054
8.0,1.7450845,6054
8.0,-4.3153677,6054
8.0,-0.61940956,6054
8.0,-0.82874703,6054
8.0,-3.806487,6054
8.0,-3.89747,6054
6.38,0.8988037,1491
8.1,2.5923917,2608
5.37,-7.309399,2608
5.11,-3.6697316,2608
4.09,-6.7439003,2608
4.07,0.38060448,2608
4.04,-4.1045437,2608
4.03,-1.2668483,2608
9.0,2.4045496,17352
8.52,0.8541379,17352
6.0,1.2069247,13925
5.12,-2.790036,2802
4.66,-3.2408476,10326
5.22,-6.8256154,15846
5.16,-4.227892,15846
5.16,-6.854838,15846
4.75,-7.4082255,15846
4.72,-3.2812555,15846
4.66,-7.0554075,15846
4.52,-3.6934638,15846
4.4,-1.3962438,15846
6.57,1.4236571,4224
5.35,1.1578313,16363
4.7,-0.22019963,16363
6.38,1.3232266,7318
9.05,2.8530738,11615
6.85,-1.9819503,16672
6.68,-4.8526597,16672
6.3,-1.3223168,16672
9.05,1.0539905,347
8.66,1.8871042,347
8.15,-2.9195259,347
7.82,-1.3996038,347
7.14,-2.3179352,347
7.01,-3.4034204,347
5.82,-6.1229577,347
6.3,-2.2084212,8542
5.16,-0.08529958,5841
7.2,0.70157635,13279
5.57,-1.2756478,5602
5.37,0.3120932,5602
5.01,-2.7813475,5602
6.85,-0.85423887,2301
6.8,-0.88577294,2301
6.77,-0.67969394,2301
6.68,-0.37942776,2301
6.66,0.22978754,2301
6.66,1.157139,2301
6.66,2.026726,2301
6.64,1.0430645,2301
6.57,0.45902213,2301
6.55,-0.473825,2301
6.52,2.8837743,2301
6.46,1.7127049,2301
6.43,1.5897018,2301
6.37,1.7848941,2301
6.25,0.4995804,2301
6.19,0.8131945,2301
6.13,-0.85423887,2301
5.77,1.6107843,2301
5.72,1.0430644,2301
4.41,-2.816859,5227
4.24,-4.154327,5227
4.16,-2.4487102,5227
5.85,0.81255543,1748
7.16,0.78067195,10795
7.2,0.61301875,9363
7.05,2.5065494,6336
6.85,-0.7078954,6336
6.72,2.1613846,6336
6.41,1.9415239,6336
6.05,1.0343494,6336
6.03,-1.4990271,6336
8.82,2.4098084,2753
8.7,2.3799357,2753
8.52,2.409808,2753
8.4,0.7291305,2753
8.4,1.1233515,2753
8.22,0.05484436,2753
8.0,2.5506597,2753
7.89,-0.7926276,2753
7.8,1.1233515,2753
7.77,-0.24511492,2753
7.77,1.7253183,2753
7.72,-1.3127149,2753
7.68,-0.792627,2753
7.6,-1.2102511,2753
7.52,1.7220234,2753
7.4,0.57287097,2753
7.1,-0.3784817,2753
7.06,0.73238206,2753
7.0,0.72913027,2753
6.82,2.1210597,2753
9.39,1.6130897,2366
8.8,2.6023202,2366
8.41,2.2511327,2366
8.41,2.5813282,2366
8.3,1.6018827,2366
8.28,1.9236221,2366
7.43,0.37555873,2366
6.82,-0.73843,11300
6.7,-0.26775596,11300
4.6,-5.1358714,11300
9.0,-0.7898855,15479
8.52,-0.3075966,15479
8.4,-1.1859761,15479
7.7,0.8110529,15479
7.4,-2.2314923,15479
7.3,0.7422842,15479
7.24,1.9285399,12778
7.18,-1.04936,12778
7.14,0.7313198,12778
7.12,-3.865136,12778
7.1,0.44431373,12778
7.1,-2.6272714,12778
7.0,-1.376995,12778
6.96,-0.6383717,12778
6.94,-0.33583498,12778
6.94,-5.3004355,12778
6.94,-1.1594936,12778
6.87,0.73131967,12778
6.87,-4.9456186,12778
6.86,-6.7470555,12778
6.83,-1.1594936,12778
6.8,-2.9212852,12778
6.74,-3.2432492,12778
6.74,-1.9141437,12778
6.73,-3.7209451,12778
6.73,-1.0493599,12778
6.72,-1.7088344,12778
6.69,-1.159493,12778
6.66,-0.50366235,12778
6.64,-1.1848192,12778
6.61,-2.0651364,12778
6.57,1.4457796,12778
6.51,0.65508044,12778
6.5,0.7421335,12778
6.48,0.8712082,12778
6.43,-1.1734178,12778
6.37,0.4578776,12778
6.34,-1.7990046,12778
6.29,-2.4609973,12778
6.28,-1.1452467,12778
6.17,-2.213924,12778
6.16,-4.3062515,12778
6.14,-6.446353,12778
6.12,-0.00992775,12778
6.06,-3.232777,12778
6.05,-5.4324102,12778
6.04,-2.6587148,12778
6.01,0.021964382,12778
5.99,-1.7362136,12778
5.93,3.1824882,12778
5.92,-0.283146,12778
5.91,0.28072655,12778
5.87,-1.756076,12778
5.86,-0.38365838,12778
5.8,2.3188784,12778
5.79,-2.2083793,12778
5.78,4.2729735,12778
5.58,-1.5315824,12778
5.55,1.2732285,12778
5.4,-2.9397066,12778
5.13,1.4147316,12778
5.11,-6.764403,12778
5.1,-1.5465506,12778
4.93,-1.3844988,12778
4.93,-2.0126667,12778
4.89,3.1073995,12778
4.72,-1.1550162,12778
4.51,-3.4942632,12778
4.26,-1.5594438,12778
4.0,-4.948074,12778
7.85,1.4368911,7992
7.64,-1.7454507,7992
7.51,-1.7430695,7992
7.38,-4.6774035,7992
7.24,-2.360588,7992
7.16,-0.29589024,7992
7.02,-4.4258327,7992
6.29,-6.619614,7992
10.0,2.5942597,8106
10.0,2.9200509,8106
9.7,5.214469,8106
9.7,4.3533473,8106
9.7,5.172027,8106
9.7,2.0896494,8106
9.7,4.665216,8106
9.52,3.171455,8106
9.52,3.0591283,8106
9.52,2.6381736,8106
9.52,2.718973,8106
9.52,5.0753126,8106
9.52,1.8235513,8106
9.52,2.9935884,8106
9.52,6.1619835,8106
9.52,3.4942944,8106
9.52,3.3832684,8106
9.52,5.992267,8106
9.4,2.4083676,8106
9.4,2.5416665,8106
9.4,2.2070806,8106
9.4,2.24182,8106
9.4,1.1430883,8106
9.4,5.211022,8106
9.4,5.4105077,8106
9.4,5.2144694,8106
9.3,4.7338037,8106
9.3,4.2221923,8106
9.3,2.3447344,8106
9.3,1.3862522,8106
9.3,2.322157,8106
9.3,2.2361252,8106
9.3,1.3826284,8106
9.22,3.6908817,8106
9.22,3.3641353,8106
9.22,0.9109291,8106
9.15,0.12812373,8106
9.15,4.821375,8106
9.15,1.4215937,8106
9.15,1.9014754,8106
9.14,2.4969065,8106
9.13,1.2911391,8106
9.1,5.2063227,8106
9.1,1.8474507,8106
9.1,3.1647458,8106
9.05,4.0916076,8106
9.05,3.4922142,8106
9.05,6.508108,8106
9.05,4.6413727,8106
9.0,1.3532318,8106
9.0,-0.8283216,8106
9.0,0.2966301,8106
9.0,2.8497221,8106
9.0,4.7231565,8106
8.96,0.9156474,8106
8.96,5.45014,8106
8.96,2.3912919,8106
8.92,2.6941953,8106
8.92,2.9168243,8106
8.89,2.1165621,8106
8.89,4.53474,8106
8.85,6.5030613,8106
8.85,0.80669117,8106
8.85,2.6094127,8106
8.85,-0.89569104,8106
8.85,4.442491,8106
8.85,4.2570796,8106
8.82,5.6999764,8106
8.82,4.7809663,8106
8.82,2.8497217,8106
8.8,1.6690291,8106
8.8,3.8047965,8106
8.77,2.2499545,8106
8.77,0.03990304,8106
8.77,4.6924667,8106
8.77,3.3808658,8106
8.72,-0.44379795,8106
8.72,3.4243145,8106
8.7,1.2028495,8106
8.7,2.0728934,8106
8.68,4.4790077,8106
8.64,1.5295517,8106
8.64,1.5777414,8106
8.62,4.2566524,8106
8.6,5.7669864,8106
8.6,5.070196,8106
8.6,2.6122324,8106
8.6,2.5536125,8106
8.59,2.0149515,8106
8.59,1.6235503,8106
8.59,1.6427939,8106
8.59,1.6769263,8106
8.59,-0.22366801,8106
8.57,3.8679674,8106
8.55,2.0701332,8106
8.55,0.56489193,8106
8.54,0.69346166,8106
8.52,0.09667034,8106
8.52,4.36991,8106
8.51,1.5022516,8106
8.51,1.5058649,8106
8.49,-1.1910235,8106
8.48,0.7158506,8106
8.48,1.0272573,8106
8.48,1.0890981,8106
8.46,1.473692,8106
8.44,4.281719,8106
8.44,2.0706165,8106
8.43,2.1737096,8106
8.43,-0.19304994,8106
8.42,0.69271374,8106
8.42,0.7864171,8106
8.41,0.46827725,8106
8.4,0.64927435,8106
8.39,2.2342875,8106
8.39,0.96670806,8106
8.39,-1.3208344,8106
8.38,-1.104927,8106
8.38,1.6007445,8106
8.37,1.1058685,8106
8.37,0.75154674,8106
8.36,2.9685798,8106
8.35,0.33049104,8106
8.35,0.74238443,8106
8.34,1.346464,8106
8.32,-1.326456,8106
8.32,0.62199354,8106
8.29,-0.75254476,8106
8.28,1.2267767,8106
8.28,2.2659347,8106
8.27,-0.9294995,8106
8.27,-0.8106309,8106
8.27,0.87487733,8106
8.26,1.1668335,8106
8.26,2.0487711,8106
8.26,1.3834323,8106
8.25,2.2081723,8106
8.25,0.3136023,8106
8.25,-0.55593,8106
8.24,1.9435583,8106
8.24,-0.21831657,8106
8.24,0.47781092,8106
8.24,2.7251465,8106
8.22,0.054334603,8106
8.21,-0.7069107,8106
8.21,2.2807353,8106
8.2,1.9827226,8106
8.2,2.5632215,8106
8.19,1.7972236,8106
8.19,0.6228081,8106
8.16,0.20424278,8106
8.15,1.0685222,8106
8.15,-1.0852293,8106
8.15,-0.9759922,8106
8.14,0.5102476,8106
8.14,0.33693588,8106
8.14,-0.47190267,8106
8.13,1.0573078,8106
8.13,0.65113103,8106
8.12,0.7566477,8106
8.11,0.10331337,8106
8.11,-0.5644753,8106
8.11,1.5372789,8106
8.1,0.5705714,8106
8.08,1.591012,8106
8.08,1.2973466,8106
8.07,0.74462235,8106
8.05,0.22904128,8106
8.03,-1.2722579,8106
8.02,1.1683508,8106
8.0,1.0260311,8106
8.0,-0.5141177,8106
7.99,-0.86455524,8106
7.99,-1.1818103,8106
7.97,-1.0113124,8106
7.97,0.95259535,8106
7.93,-0.3707474,8106
7.92,-1.9390353,8106
7.85,0.85615337,8106
7.84,0.14120284,8106
7.84,-1.845338,8106
7.8,0.789577,8106
7.8,-0.025747374,8106
7.77,0.09697685,8106
7.69,-0.30832168,8106
7.62,-1.1494447,8106
7.61,-1.604252,8106
7.61,-0.101464696,8106
7.61,-2.1334531,8106
7.55,-1.5388691,8106
7.52,-0.5919143,8106
7.52,-0.6661991,8106
7.46,-1.8000169,8106
7.41,-0.4328188,8106
7.39,0.63852084,8106
7.29,0.80678356,8106
7.27,-0.31058407,8106
7.01,-2.4502592,8106
6.36,-1.753459,8106
6.06,1.9262571,8106
7.38,0.9715625,1834
7.04,0.5498433,1834
7.92,-0.60678613,1759
7.89,-2.6376672,1759
7.82,-0.7421894,1759
7.82,1.2293539,1759
7.8,0.3767818,1759
7.77,-0.3052343,1759
7.77,-0.2611632,1759
7.77,-1.0841362,1759
7.75,-0.4891474,1759
7.68,0.3186001,1759
7.66,2.044521,1759
7.64,-0.104502484,1759
7.38,-0.8250245,1759
7.26,-1.4764512,1759
7.15,2.1023092,1759
7.01,-2.549843,1759
6.96,-2.4192708,1759
6.7,0.9929453,1759
5.14,-1.2350856,1759
6.0,-5.4763746,14214
5.66,2.0211043,14570
5.19,-1.8354878,624
4.66,-2.1082666,624
7.44,0.54604614,1227
7.07,0.2586983,1227
6.43,-1.1199962,1227
5.56,-1.383244,1227
8.7,1.227076,13402
7.68,1.308408,13402
7.62,0.84721625,13402
6.96,-0.14391702,13402
6.89,0.44102934,13402
6.49,-0.17429829,13402
6.2,2.813169,13402
6.02,1.4930006,13402
6.57,-2.9472406,3678
6.55,-2.9472408,3678
6.55,-2.433024,3678
6.52,-2.101875,3678
6.52,1.961217,3678
6.52,-1.8540564,3678
6.4,-4.235801,3678
6.4,-4.235801,3678
6.4,1.1924266,3678
6.35,-2.1018744,3678
6.32,-1.1119366,3678
6.32,-2.4330244,3678
6.31,-1.8540564,3678
6.3,-1.6116257,3678
6.11,-3.180453,3678
6.1,-0.45144352,3678
6.05,-3.180454,3678
6.0,-3.6364877,3678
6.0,-3.640125,3678
6.0,-2.6533225,3678
5.96,-3.640125,3678
5.96,-2.6533225,3678
5.92,-3.1495326,3678
5.92,-2.79806,3678
5.72,-6.3347855,3678
5.7,-1.8087107,3678
5.7,-3.1495326,3678
5.68,-2.4480326,3678
5.68,-1.4021732,3678
5.6,-0.93109083,3678
5.55,-2.0539026,3678
5.52,-3.7572448,3678
5.5,-2.0539026,3678
5.48,-1.4021738,3678
5.47,-0.6302233,3678
5.42,-1.439294,3678
5.41,0.1574669,3678
5.4,-3.7243214,3678
5.39,-0.45144328,3678
5.28,0.2429556,3678
5.24,-2.067825,3678
5.16,-3.6229525,3678
5.05,-0.85198236,3678
4.8,-3.9487307,3678
4.93,-1.9106663,3009
4.71,-1.8279924,3009
4.62,-1.6963612,3009
4.58,-2.6353836,3009
7.17,0.30060956,5323
5.25,-1.3843535,1843
5.89,-3.029671,1672
8.7,-0.7673044,1992
8.52,-2.3196816,1992
8.52,1.4970512,1992
8.52,-0.36553153,1992
8.52,-0.8479929,1992
8.52,-3.3975248,1992
8.52,-1.7726424,1992
8.52,1.0081024,1992
8.52,2.418641,1992
8.52,-0.30021587,1992
8.4,-1.7269064,1992
8.4,-0.8122461,1992
8.4,0.58927,1992
8.3,-1.1370002,1992
8.3,0.20174554,1992
8.3,1.1443837,1992
8.3,-1.0819283,1992
8.22,1.3199751,1992
8.22,3.014939,1992
8.15,-2.1533792,1992
8.15,-1.8884411,1992
8.15,-2.0310366,1992
8.15,-0.6614946,1992
8.1,0.015594026,1992
8.05,-1.452856,1992
8.0,-2.1279473,1992
7.96,-0.4428253,1992
7.89,-0.362303,1992
7.68,-2.2802248,1992
7.1,-3.94935,1992
6.7,-1.4688448,1992
6.17,-3.82108,1992
6.1,-5.5376143,1992
8.44,3.007513,16475
7.8,-1.1784898,16475
7.62,0.041670103,16475
7.58,-2.1752558,16475
7.1,0.15823485,16475
7.0,-0.73446786,16475
6.85,-0.2505967,16475
6.8,-2.87643,16475
6.77,-1.7478522,16475
6.4,-3.6582665,16475
6.25,-5.9136863,16475
5.85,-6.451459,16475
5.77,-2.8336284,16475
5.62,-3.153629,16475
9.52,-0.37649435,17518
9.4,0.61024606,17518
9.4,-0.084850445,17518
9.4,-0.053562216,17518
9.3,0.12934026,17518
9.3,2.430537,17518
9.3,1.0485898,17518
9.15,-0.0684617,17518
9.15,-0.6243893,17518
9.15,0.9878608,17518
9.1,2.4929326,17518
9.1,-2.025149,17518
9.1,1.940819,17518
9.1,-0.088112116,17518
8.92,1.1641473,17518
8.89,-1.2641909,17518
8.89,0.9893236,17518
8.85,1.8972011,17518
8.77,0.5405551,17518
8.66,-0.60682464,17518
8.62,-2.968386,17518
8.49,1.5183485,17518
8.39,0.62176,17518
8.3,-1.498396,17518
8.28,-1.4561394,17518
8.15,-1.0520405,17518
7.82,-1.5121229,17518
7.12,-2.5899625,17518
6.42,0.3447048,10481
7.16,1.1362972,5447
9.29,0.31242293,10641
7.95,-2.0758097,10641
8.05,-2.0540037,16680
7.7,-0.7399905,16680
7.68,-0.33182293,16680
7.6,-1.0272216,16680
7.54,-2.5508075,16680
7.5,-0.6099566,16680
7.48,-3.3327417,16680
7.47,-1.668114,16680
7.46,-1.8835413,16680
7.46,-2.4707425,16680
7.43,-1.9355779,16680
7.34,0.5772923,16680
7.32,-1.9491326,16680
7.26,-2.8327727,16680
7.12,-2.4575176,16680
7.09,0.26058528,16680
7.07,-2.646145,16680
7.03,-0.96108437,16680
6.8,-0.8011614,16680
6.73,-1.9934382,16680
6.69,-1.6447426,16680
6.56,-0.22374547,16680
6.52,-2.3427415,16680
6.41,1.1996402,16680
6.4,-3.3920345,16680
6.16,-1.2443786,16680
6.16,-3.9394472,16680
6.15,-1.9455358,16680
5.96,-3.5026145,16680
5.72,-3.2545826,16680
5.64,-4.576664,16680
5.58,-2.52319,16680
4.81,-2.7097917,16680
4.74,1.0639449,16680
4.35,-3.8660748,16680
6.92,-0.7303506,13048
6.02,-1.3850105,13048
5.85,-1.8602464,13048
6.22,-3.7418025,17391
6.22,-4.3744593,17391
5.92,-5.9029613,17391
5.6,-3.9499013,17391
5.6,-5.162773,17391
5.6,-4.4707856,17391
5.3,-4.029237,17391
4.82,-3.8799822,17391
4.7,-3.9287717,17391
4.7,-2.7692347,17391
4.7,-5.634105,17391
4.52,-5.4595294,17391
4.4,-4.2510114,17391
5.96,-0.82124007,15523
7.1,1.2882118,234
4.64,0.3386363,2528
7.28,1.1160378,1365
5.55,0.62721145,11377
9.0,2.3095737,17655
9.0,-2.760589,17655
9.0,1.1566405,17655
8.7,1.3311968,17655
8.7,2.6249344,17655
8.7,-3.6191256,17655
8.7,-1.942234,17655
8.7,-0.17242149,17655
8.7,-0.7562586,17655
8.52,-0.659467,17655
8.52,0.20001015,17655
8.52,1.3779721,17655
8.3,-0.98660624,17655
8.1,-0.2320609,17655
8.1,2.8089056,17655
7.22,-1.7700408,17655
7.16,3.2166426,17655
6.8,4.0682435,17655
6.64,5.5970936,17655
6.57,3.9849274,17655
6.46,0.6649864,17655
6.43,0.41846514,17655
6.1,-1.0365894,17655
5.96,0.19433206,17655
5.77,-0.9764652,17655
8.0,3.153048,857
7.82,0.046844356,857
7.78,2.1288438,857
7.77,3.312555,857
7.68,0.061897047,857
7.54,-1.7897699,857
7.52,1.7310768,857
7.47,-1.5309194,857
7.39,-3.041505,857
7.39,0.9951533,857
7.39,2.7154033,857
7.26,2.914804,857
7.23,-2.4649408,857
7.1,-1.4920267,857
7.08,-0.9887059,857
7.07,0.4015446,857
6.86,-0.33851513,857
6.72,-2.4286463,857
6.64,0.07194282,857
6.63,-2.01867,857
6.59,0.10611369,857
6.57,-0.82966805,857
6.55,0.095821366,857
6.54,-2.9328334,857
6.5,-1.1096598,857
6.49,-0.7915852,857
6.4,-1.1125033,857
6.36,-2.6591682,857
6.31,0.63232887,857
6.31,0.54201174,857
6.3,-0.09570311,857
6.23,-1.2394435,857
6.15,1.3921865,857
6.11,-2.4859285,857
6.1,-2.7813885,857
6.1,-3.0342033,857
6.05,-3.6697528,857
6.0,-1.6946422,857
6.0,0.29477996,857
5.98,-2.7266724,857
5.92,-3.1224263,857
5.86,-2.8690326,857
5.75,-2.1625853,857
5.71,-1.2068403,857
5.39,-1.4352775,857
5.5,0.03623697,3210
7.36,-2.6868005,13852
9.0,8.5202,5099
8.7,8.708837,5099
8.7,0.8756887,5099
8.3,0.5043292,5099
8.3,2.9266462,5099
8.15,-1.2106619,5099
8.1,3.4441276,5099
8.0,-1.678577,5099
7.7,-1.1044253,5099
7.66,-1.1044254,5099
7.54,-0.26370373,5099
7.09,-1.3427445,5099
6.57,-3.6000595,5099
6.48,-0.43934187,5099
6.16,-2.2486486,5099
5.96,-2.9969215,5099
7.65,-0.28091633,11229
7.45,-0.9366975,11229
6.84,0.1700306,11229
6.52,-4.188777,11229
6.29,0.65178525,11229
6.2,-2.7968888,11229
6.07,-1.3195273,11229
6.07,-4.0298724,11229
6.07,-4.377577,11229
6.02,-2.8794265,11229
5.49,-1.6030539,11229
5.45,-2.5841553,11229
5.45,-1.3332317,11229
5.33,-3.5683677,11229
5.27,-3.9938166,11229
5.02,-4.30869,11229
4.63,-4.4918985,11229
7.92,3.564843,5428
7.75,1.09177,5428
7.6,-2.4568093,5428
7.6,1.663768,5428
7.55,0.854432,5428
7.54,0.37668273,5428
7.46,1.3504853,5428
7.24,0.8225076,5428
7.23,1.772129,5428
7.07,-1.4049723,5428
7.05,-1.7851925,5428
7.03,-2.5510638,5428
7.01,0.58297944,5428
6.96,-1.9085778,5428
6.96,-0.6112219,5428
6.96,-0.6449548,5428
6.89,1.762382,5428
6.89,3.5648437,5428
6.85,1.8014327,5428
6.82,0.62981117,5428
6.8,2.0046556,5428
6.77,-2.2234643,5428
6.77,-1.0167904,5428
6.75,-1.537119,5428
6.7,-0.38237712,5428
6.66,-2.856167,5428
6.64,0.37930557,5428
6.55,-1.571786,5428
6.54,-2.3323672,5428
6.52,0.6027063,5428
6.43,-0.1439677,5428
6.43,-0.46969327,5428
6.35,-1.0551112,5428
6.29,-0.45601416,5428
6.09,-3.086684,5428
6.01,-0.13698992,5428
6.32,-1.6026319,17182
5.12,-5.8114247,17182
9.52,-0.09770636,3955
9.52,1.2082356,3955
9.52,1.598326,3955
9.4,-1.9119278,3955
9.22,1.3031367,3955
9.1,3.3555982,3955
9.1,2.0835476,3955
9.0,1.3915585,3955
8.96,0.55416393,3955
8.74,0.880123,3955
8.74,1.1019379,3955
8.64,0.6134187,3955
8.54,-0.44086382,3955
8.52,0.20441705,3955
8.51,0.48231903,3955
8.47,-0.2501943,3955
8.28,-2.035498,3955
8.0,-1.0879108,3955
7.98,0.22162265,3955
7.97,2.7503707,3955
6.06,-2.3027942,9567
5.87,0.819566,9567
4.94,-4.508628,9567
8.52,0.35817358,1473
6.44,-3.84011,1473
8.15,0.90044475,17045
8.15,2.4262164,17045
9.46,1.0513692,14531
8.4,-0.4159633,12725
6.48,-0.7142091,12725
6.4,-3.7088723,12725
6.38,-1.9321325,12725
6.06,-1.8759856,12725
5.9,0.07879725,12725
5.53,-1.9602098,12725
5.32,-2.4115775,12725
5.22,-0.7142099,12725
5.07,-2.7109675,12725
9.0,-5.449484,13234
9.0,-1.7815179,13234
8.7,-3.3226583,13234
8.7,-0.5283866,13234
8.7,-1.9126959,13234
8.52,-3.3226576,13234
8.52,-2.6189778,13234
8.52,-3.7078345,13234
8.52,-2.5281608,13234
8.3,-0.89579475,13234
8.22,-3.5970752,13234
8.0,1.352364,13234
8.0,1.363414,13234
7.96,0.7268492,13234
7.96,3.6501405,13234
7.96,3.0944414,13234
7.89,-5.5159636,13234
7.85,-1.628978,13234
7.77,0.74605536,13234
7.75,-6.4213095,13234
7.72,-1.349722,13234
7.72,-2.6137927,13234
7.7,-2.3219562,13234
7.57,0.08095825,13234
7.46,-2.3415248,13234
7.43,-3.6678703,13234
7.3,-3.2473824,13234
7.28,-3.3226578,13234
7.26,-2.628515,13234
7.02,-3.3226576,13234
5.22,-2.7841601,13234
4.4,-2.3969324,3776
7.0,-4.164824,14009
7.0,-5.35178,14009
7.0,-0.28716913,14009
7.0,-1.4363403,14009
7.0,-2.0952604,14009
7.0,3.1015503,14009
7.0,-1.1736643,14009
9.3,1.9369512,8704
8.15,1.1343939,8704
8.12,1.4673483,8704
8.07,1.7242634,8704
7.92,1.5003266,8704
7.8,1.4872822,8704
7.75,1.0460911,8704
7.65,0.91635156,8704
7.63,1.4872828,8704
7.6,-0.6395998,8704
7.59,-0.88186204,8704
7.58,0.66191983,8704
7.56,2.0717876,8704
7.54,0.046985533,8704
7.54,2.2180552,8704
7.53,1.3344243,8704
7.45,0.21894978,8704
7.28,-0.48146248,8704
7.14,-0.18433759,8704
6.84,2.4238942,8704
6.83,1.4962643,8704
6.82,-0.7366781,8704
6.68,1.574101,8704
6.67,2.309001,8704
6.66,1.6970578,8704
6.65,1.1745254,8704
6.59,-0.15287754,8704
6.54,1.7045875,8704
6.53,2.4221532,8704
6.52,1.5889103,8704
6.44,-0.8678944,8704
6.44,0.97775996,8704
6.44,-0.26456004,8704
6.44,2.7085211,8704
6.43,1.9122393,8704
6.42,-0.8667816,8704
6.42,-0.37935463,8704
6.38,0.45218912,8704
6.38,1.3441911,8704
6.38,1.8708855,8704
6.33,-0.46331394,8704
6.29,0.97448885,8704
6.22,1.3443136,8704
6.2,1.1578392,8704
6.15,0.21446052,8704
6.05,1.8696545,8704
6.05,-0.27645507,8704
5.96,1.2452782,8704
5.92,0.8311119,8704
5.89,1.182165,8704
5.89,-0.9971843,8704
5.8,0.08244619,8704
5.6,-1.7406753,8704
5.47,-1.315525,8704
8.47,0.024704551,9087
8.31,-1.6495537,9087
8.15,-0.4047889,9087
8.11,0.6859925,9087
8.09,0.2776666,9087
8.07,-2.077013,9087
7.99,0.98120964,9087
7.95,-0.7632102,9087
7.78,-1.0392566,9087
7.76,-3.3990314,9087
7.75,0.10864227,9087
7.73,-3.4796128,9087
7.7,-2.301505,9087
7.66,0.6447301,9087
7.62,-1.1084486,9087
7.54,-2.4650793,9087
7.26,-1.6169614,9087
7.14,-0.060450375,9087
7.04,-0.27092198,9087
6.92,1.078094,9087
6.91,-4.0106373,9087
6.8,-0.37764907,9087
6.8,-3.7445362,9087
6.72,1.8686913,9087
6.72,-1.675603,9087
6.72,2.1770704,9087
6.68,2.0440958,9087
6.66,-0.06364258,9087
6.62,-0.55781615,9087
6.51,0.24608538,9087
6.45,-3.6064005,9087
6.42,-1.705561,9087
6.32,0.1792057,9087
6.01,-3.706885,9087
5.82,-2.344332,9087
6.89,0.2945126,3563
5.47,-1.7038504,3563
5.39,-6.929424,3563
4.82,-4.373707,15488
9.7,0.9841536,13119
7.58,-3.2290719,3784
8.15,0.6669767,3178
7.96,2.263036,3178
7.7,2.408247,3178
7.6,2.2608733,3178
7.55,-2.943993,3178
7.54,2.940599,3178
7.41,-0.2165669,3178
7.35,0.8492731,3178
7.21,3.8048952,3178
7.18,3.3771253,3178
7.11,1.8676143,3178
7.02,2.8073924,3178
6.95,2.0103657,3178
6.93,-3.0443454,3178
6.79,0.8241688,3178
6.79,3.2029788,3178
6.78,1.9498705,3178
6.74,3.365301,3178
6.7,-0.46852985,3178
6.43,-1.0139269,3178
6.43,-0.0051138625,3178
6.42,0.5722494,3178
6.42,0.697207,3178
6.39,-1.2609847,3178
6.33,-0.11526361,3178
6.28,-2.9616208,3178
6.24,-2.869213,3178
6.22,-4.035932,3178
6.21,-2.3152735,3178
6.17,-2.2884066,3178
6.16,1.4956288,3178
6.01,-4.057617,3178
5.75,-3.4692688,3178
5.71,-2.9092941,3178
5.71,-1.9836922,3178
5.64,-4.694471,3178
5.59,-3.5810347,3178
5.36,0.57354677,3178
5.34,-5.6521416,3178
5.31,-4.886192,3178
4.98,-6.1190042,3178
4.68,-5.898871,3178
4.62,-8.058064,3178
4.61,-4.8986373,3178
4.61,-4.409909,3178
8.3,-0.7545618,513
7.89,0.63890374,513
7.7,-1.6919165,513
7.4,-1.6310805,513
7.4,-1.6163504,513
7.3,-3.8760114,513
7.2,-1.9282665,513
7.2,0.44962412,513
6.9,-1.0008875,513
6.8,-1.5788883,513
6.4,-0.09926117,513
5.5,-2.2941847,513
5.3,-2.547479,513
8.52,5.424487,10465
8.3,3.5525682,10465
5.66,-7.6784754,10465
6.41,-2.1354187,11912
6.1,-4.174278,6834
5.28,-1.2490509,6834
8.15,1.9057801,4658
8.1,-2.0202975,4658
7.52,-0.10425165,4658
7.43,-4.6668105,4658
7.14,-1.6009305,4658
7.11,-6.1902914,4658
7.05,-2.183765,4658
6.89,-2.3052344,4658
7.6,1.8442465,9033
8.43,1.200517,14253
9.22,2.4692814,10501
9.15,2.4692814,10501
9.15,5.535411,10501
9.0,0.39367297,10501
9.0,-0.7430024,10501
8.89,-1.4877077,10501
8.89,1.1554767,10501
8.89,-1.522185,10501
8.6,2.04346,10501
8.49,-3.240126,10501
8.14,0.40257317,10501
8.2,1.1015383,12345
9.89,1.1296471,13268
9.64,3.1852705,13268
9.37,-1.1608826,13268
9.18,0.80307436,13268
8.99,6.7167006,13268
8.51,2.3670757,13268
8.5,2.3670757,13268
8.48,4.3257504,13268
8.2,0.8244194,13268
8.2,2.2582164,13268
8.17,6.636558,13268
8.16,-2.4942625,13268
8.13,-1.335464,13268
7.86,-1.0732665,13268
7.78,-1.395384,13268
7.77,0.94834745,13268
7.72,1.5184938,13268
7.54,2.235956,13268
7.44,3.8730845,13268
7.3,-3.3747602,13268
7.23,-0.19849549,13268
7.13,-0.98736334,13268
6.91,0.9050896,13268
6.41,-1.1883849,13268
4.96,-1.7957057,15709
4.05,-2.5238578,15709
7.64,1.7463688,12072
8.22,2.127276,3153
6.7,1.3571222,4554
6.9,-0.2156362,4887
6.6,-3.172755,4887
6.5,-3.4849613,4887
5.7,-4.4530196,4887
6.2,2.355068,8435
5.85,-1.0781,276
5.19,-2.861938,276
5.12,-0.6686822,276
5.05,2.7383368,276
7.65,-0.31902167,2956
7.77,-2.769284,5698
7.7,-1.3500112,5698
8.0,-2.407527,12785
7.92,-1.012221,12785
7.85,2.8373525,12785
7.82,-1.8956598,12785
7.77,-0.6211616,12785
7.75,2.4356887,12785
7.72,0.66931665,12785
7.72,3.2459238,12785
7.58,0.4698707,12785
7.58,0.74454045,12785
7.57,2.0335352,12785
7.55,-0.63360846,12785
7.52,1.2234174,12785
7.47,0.8218775,12785
7.43,1.9216578,12785
7.37,1.7880634,12785
7.28,-3.6667435,12785
7.21,0.8954662,12785
7.19,2.3322122,12785
6.82,0.9611709,12785
6.57,-0.96605146,12785
9.0,-3.0351548,10928
5.77,0.72638535,10928
5.4,-4.7226424,10928
8.05,-1.1393727,11956
8.78,2.6338537,6723
8.72,5.3483357,6723
8.28,-1.5216511,6723
8.19,1.4128846,6723
8.14,2.538078,6723
7.97,-1.2747185,6723
7.95,2.0031462,6723
7.94,2.3931909,6723
7.9,0.61937594,6723
7.89,3.069158,6723
7.84,0.6502453,6723
7.83,2.0909712,6723
7.8,-1.5898087,6723
7.79,-0.5268171,6723
7.79,1.9489485,6723
7.77,2.6308224,6723
7.74,-2.2952046,6723
7.71,-3.186672,6723
7.71,-0.122633845,6723
7.67,-2.1506386,6723
7.67,3.886924,6723
7.67,0.27192315,6723
7.67,-0.07872141,6723
7.65,-1.3258715,6723
7.62,2.061507,6723
7.59,0.69036937,6723
7.53,-0.7627133,6723
7.42,2.1709187,6723
7.37,-0.044054657,6723
9.52,-1.783252,6283
9.52,2.4831722,6283
9.52,1.7698975,6283
9.52,-2.9301107,6283
9.52,0.85696685,6283
9.52,1.3463712,6283
9.52,-1.3783096,6283
9.12,0.4170205,6283
6.38,1.3482807,485
6.57,-1.768112,7353
6.06,-0.5695467,7353
4.26,-3.3490694,7353
6.94,-0.49929562,9742
9.0,-3.0844436,6026
9.0,-2.0447898,6026
8.7,3.3210895,6026
8.7,0.6139035,6026
8.52,3.809427,6026
8.52,4.2600574,6026
8.52,1.5966209,6026
8.52,-1.5701514,6026
8.52,0.17158271,6026
8.4,-0.6094631,6026
8.4,-0.017186284,6026
8.4,0.69893813,6026
8.4,3.234947,6026
8.4,2.1146967,6026
8.3,-0.20533201,6026
8.22,0.37451407,6026
8.1,-1.9958405,6026
8.1,0.23107198,6026
8.05,1.9326233,6026
8.0,-4.402275,6026
7.96,2.6560755,6026
7.96,3.424153,16250
7.39,-0.06274745,16250
7.28,3.2650552,16250
7.17,-1.1447475,16250
6.92,-0.5327512,16250
6.72,-2.3094296,16250
6.21,-2.6473672,16250
5.36,-1.7109381,16250
5.43,-0.5086037,3502
7.96,-2.040552,1507
6.75,-3.2511687,12170
6.72,-1.6986128,12170
6.51,-2.132002,12170
6.28,-0.88405,12170
6.2,-3.6635091,12170
6.16,-3.7117476,12170
6.1,1.9876546,12170
6.07,0.17327373,12170
6.02,-2.282368,12170
5.96,-2.679932,12170
5.92,-4.591576,12170
5.92,-2.4353635,12170
5.89,-2.2043188,12170
5.89,-3.9787476,12170
5.72,-0.8256732,12170
5.64,1.591932,12170
5.64,0.7308856,12170
5.62,3.488964,12170
5.57,-2.46852,12170
5.54,0.67718124,12170
5.54,1.8250384,12170
5.52,-1.4884263,12170
5.52,-1.804283,12170
5.52,1.6116537,12170
5.42,-5.28229,12170
5.39,2.2048807,12170
5.28,2.2048807,12170
4.7,1.4491258,12170
6.92,-1.1840786,7023
5.07,-2.6580882,140
8.1,1.8029201,5424
8.0,-0.6665814,5424
7.96,3.3150113,5424
7.92,0.03965143,5424
7.82,0.26250654,5424
7.41,0.18261334,5424
7.34,0.06624444,5424
7.24,1.1566211,5424
7.19,-1.5081905,5424
7.13,0.10637457,5424
7.1,0.06882568,5424
6.48,-3.6345663,14705
5.7,-3.8876457,14705
5.37,-2.9222548,14705
7.52,2.0570762,270
7.47,2.504246,270
7.4,1.0292492,270
7.06,0.19045123,270
6.6,-1.226015,270
6.51,-0.728675,270
5.85,2.5913796,270
5.8,-0.87681746,270
5.22,-1.4140874,270
5.12,-1.3963416,270
6.45,-4.108657,13958
8.7,-1.0909095,6101
8.7,0.38368896,6101
8.7,-1.0236968,6101
8.7,-0.21743336,6101
8.52,-2.1014755,6101
8.52,-1.2418895,6101
8.52,-0.54482055,6101
8.52,1.4614955,6101
8.4,-1.1008422,6101
8.4,-0.52242553,6101
8.4,2.091655,6101
8.4,-0.9755565,6101
8.3,-1.7257899,6101
8.3,-2.9507418,6101
8.3,-0.99748206,6101
8.22,2.5103967,6101
8.15,-3.6958687,6101
8.15,3.1437376,6101
8.1,3.765708,6101
8.1,0.9531399,6101
8.05,-1.721041,6101
8.05,-0.07027504,6101
8.05,1.8933866,6101
8.05,-0.96861994,6101
8.0,1.4882903,6101
7.96,1.0890464,6101
7.92,2.5731208,6101
7.92,-0.8255439,6101
7.92,-0.46916148,6101
7.92,0.90940046,6101
7.92,4.597855,6101
7.89,2.4087927,6101
7.89,1.8036388,6101
7.89,1.2174332,6101
7.89,-0.5978316,6101
7.85,0.90940046,6101
7.85,3.192552,6101
7.85,4.67037,6101
7.85,-0.2259784,6101
7.85,-1.7834325,6101
7.85,0.77037525,6101
7.85,0.34633353,6101
7.82,1.5787812,6101
7.82,-0.3192071,6101
7.8,1.7067778,6101
7.8,-0.12372282,6101
7.77,0.1847192,6101
7.75,-0.8976885,6101
7.75,1.8853911,6101
7.75,-0.87091506,6101
7.72,1.4360089,6101
7.72,1.3627666,6101
7.72,-0.9974189,6101
7.72,0.81379616,6101
7.7,2.0901723,6101
7.7,-3.65315,6101
7.7,-0.49277,6101
7.68,2.5569963,6101
7.68,2.145786,6101
7.66,-0.11241366,6101
7.64,-1.9774787,6101
7.64,-2.3355465,6101
7.62,-0.20146391,6101
7.62,-2.0858986,6101
7.62,-1.9837985,6101
7.6,-1.8126849,6101
7.6,-2.3633258,6101
7.6,-2.7530224,6101
7.58,-0.24090827,6101
7.58,3.6513505,6101
7.58,4.8352957,6101
7.58,-0.16221508,6101
7.58,4.366721,6101
7.58,-3.0048544,6101
7.55,6.1181912,6101
7.54,1.3802626,6101
7.54,3.237955,6101
7.54,-1.288661,6101
7.5,0.09359618,6101
7.5,-2.4105365,6101
7.5,-1.3232534,6101
7.5,-2.8557422,6101
7.46,1.8007501,6101
7.44,3.1520803,6101
7.44,-1.2458787,6101
7.44,0.19317764,6101
7.44,-1.6055042,6101
7.44,0.66760826,6101
7.41,1.1068488,6101
7.4,-3.3380637,6101
7.4,-1.1738228,6101
7.39,4.0382147,6101
7.38,-0.5906246,6101
7.38,-1.4659361,6101
7.36,-0.22805873,6101
7.35,-1.4608246,6101
7.35,2.5387895,6101
7.33,2.2440996,6101
7.33,1.2508975,6101
7.31,1.2358357,6101
7.25,-0.3756586,6101
7.24,-3.063618,6101
7.24,-0.17881876,6101
7.23,0.5921644,6101
7.23,0.101127975,6101
7.19,-1.5937943,6101
7.17,-1.8040181,6101
7.17,3.3316271,6101
7.16,-0.36404496,6101
7.16,1.5881848,6101
7.16,-1.798475,6101
7.12,-0.8723146,6101
7.12,-0.9801848,6101
7.11,-0.6250982,6101
7.1,-0.7896776,6101
7.06,0.90940046,6101
7.06,0.33325517,6101
7.05,-1.9153185,6101
7.05,-1.2220852,6101
7.05,-2.6516917,6101
7.04,-3.6225538,6101
7.03,2.9797528,6101
7.02,-1.8446364,6101
7.01,-3.3272252,6101
7.01,3.237955,6101
7.01,-1.232823,6101
7.01,2.9853451,6101
6.99,-1.6253937,6101
6.96,-4.6842127,6101
6.9,-2.7406132,6101
6.9,-1.4522464,6101
6.9,-4.393738,6101
6.89,-0.39356288,6101
6.89,-1.9803141,6101
6.87,-1.3591594,6101
6.83,-2.492289,6101
6.81,3.237955,6101
6.81,-1.853422,6101
6.8,-1.4163966,6101
6.76,-0.7058085,6101
6.76,0.04987271,6101
6.71,-3.6128323,6101
6.7,-1.0947375,6101
6.67,1.5291938,6101
6.65,-5.4632297,6101
6.61,0.7073462,6101
6.6,-2.427556,6101
6.59,-1.73246,6101
6.59,-2.0174968,6101
6.53,-0.3753209,6101
6.49,-0.29968792,6101
6.49,0.20906839,6101
6.43,-0.392427,6101
6.41,-3.3053484,6101
6.38,-1.1090348,6101
6.34,-2.642,6101
6.25,4.379361,6101
6.23,-1.5237075,6101
6.19,-1.4218913,6101
6.16,-0.095187224,6101
6.1,0.13045993,6101
6.06,-1.6323949,6101
6.06,-2.913325,6101
6.05,4.204272,6101
6.03,0.9367821,6101
6.02,-0.04349333,6101
6.01,-0.68704426,6101
5.99,-4.612922,6101
5.71,0.32632878,6101
5.0,5.071589,6101
5.55,1.6136365,6084
5.54,0.91459715,6084
5.46,0.069094084,6084
5.33,-2.1085503,6084
5.1,-0.73707855,6084
5.08,-1.5075774,6084
4.85,0.38798216,6084
4.7,-1.5266309,6084
4.12,-1.6582545,6084
6.37,-0.13291791,8640
8.22,-0.8227892,7630
7.21,-1.5483048,7630
7.12,3.4269297,7630
7.08,-0.8457725,7630
6.99,0.34607348,7630
6.98,-5.8552756,7630
6.97,-4.4472027,7630
6.86,2.7352097,7630
6.82,1.244636,7630
6.81,0.40423438,7630
6.69,-0.6159731,7630
6.65,0.28778154,7630
6.41,0.64764595,7630
6.39,-3.826056,7630
6.23,-0.2590393,7630
6.15,-0.308736,7630
6.03,-4.0609775,7630
6.03,-1.1567186,7630
6.02,-0.80406356,7630
5.77,-2.7875485,7630
5.75,-2.4306557,7630
5.72,-5.12233,7630
5.6,-3.0948591,7630
5.57,-1.6687127,7630
5.31,-4.6733775,7630
5.24,-2.30262,7630
5.1,-2.6282527,7630
5.02,-4.4448395,7630
4.86,-2.2393742,7630
4.8,-2.2749848,7630
4.78,0.24009013,7630
4.73,-1.7146488,7630
4.71,-1.1777422,7630
4.71,-2.12564,7630
4.69,-1.0985295,7630
4.57,2.114864,7630
4.5,-0.9499886,7630
7.04,1.0326464,8742
6.9,0.13870768,8742
6.88,-2.403632,8742
6.54,-2.2652864,8742
8.62,1.0683742,7738
6.27,1.4853075,877
9.4,1.3550617,10265
6.96,-0.47269455,5460
7.85,-1.6488049,14931
5.52,-1.135873,2282
6.55,-1.2217271,13907
6.0,-1.8649671,6887
5.55,-2.3261373,6887
7.66,-0.69155467,8683
7.62,0.6485313,8683
7.57,1.3844045,8683
7.27,1.8253152,8683
6.7,0.8014523,8683
6.55,-0.11368796,8683
6.52,-1.5346899,8683
6.42,1.1186461,8683
6.41,2.3019412,8683
6.2,0.57134223,8683
6.14,-1.3164619,8683
6.1,0.064571686,8683
5.92,0.3234062,8683
5.9,-0.35230124,8683
5.89,0.31837457,8683
5.85,-0.9856491,8683
5.84,-2.5248706,8683
5.81,-0.69987977,8683
5.7,0.51086915,8683
5.63,0.41716677,8683
5.5,-1.2998707,8683
5.47,-0.69155467,8683
5.3,0.05985035,8683
6.62,-1.7892239,15157
7.14,0.41382107,17329
6.71,-0.24401563,13858
7.72,-1.6864463,13473
6.94,-1.7799991,13465
6.24,1.4697062,1382
7.82,1.7826356,7985
7.7,5.6200585,7985
7.62,-2.2613606,7985
7.5,-2.2214954,7985
7.44,-3.8874264,7985
7.28,-0.4524167,7985
7.21,1.0283263,7985
7.05,-2.550079,7985
6.96,-0.92062163,7985
6.87,-1.7385721,7985
6.79,-2.4769258,7985
6.22,-5.128692,7985
5.91,-0.70682657,7985
5.81,-6.607773,7985
8.1,-0.19846879,6731
8.08,-2.8558698,6731
8.0,-1.0669277,6731
7.96,-0.48278728,6731
7.89,-0.9520916,6731
7.89,-2.7647648,6731
7.37,-1.8664924,6731
7.28,-4.7674985,6731
7.24,-1.5822917,6731
7.22,-0.9503058,6731
7.0,0.25068778,6731
6.96,-7.5996614,6731
6.89,-2.7260792,6731
6.85,-0.6723118,6731
6.8,-3.8020227,6731
6.8,-5.102299,6731
6.75,-6.02053,6731
6.66,-5.597329,6731
6.57,-0.088908136,6731
6.57,-5.934488,6731
5.77,-7.452921,6731
5.7,-0.9342414,6731
5.62,-5.5758963,6731
5.6,2.835428,6731
5.55,-6.682203,6731
5.43,-2.6663816,6731
5.4,-2.1660435,6731
5.32,-2.2790341,6731
5.31,-7.6695485,6731
5.07,-1.2372487,6731
5.03,-9.207751,6731
5.0,-6.051286,6731
4.85,-6.4649506,6731
4.77,-3.2865565,6731
4.64,-7.983582,6731
4.44,-1.1000592,6731
7.05,0.9405507,509
10.0,-1.1281098,5397
9.1,3.7693038,5397
8.85,-0.2448481,5397
8.55,-3.8005495,5397
8.51,-1.3818648,5397
7.64,-1.475513,12157
7.5,1.9737636,12157
7.01,0.11255085,10486
5.7,-1.5048523,14003
5.0,-3.3170018,17564
5.0,-2.0967498,17564
4.55,-1.4531767,1117
6.46,-1.9396878,17619
8.9,-0.19189858,9063
8.46,-2.4990864,9063
8.21,2.6601744,9063
8.15,2.3318958,9063
8.12,-1.1239684,9063
8.1,3.8734205,9063
7.95,3.2245007,9063
7.92,0.94707143,9063
7.72,3.1662195,9063
7.7,0.050031774,9063
7.61,2.3027766,9063
7.5,-0.44915926,9063
6.91,2.3206375,9063
6.53,-0.41411015,9063
6.51,0.6435181,9063
6.38,-1.4973273,9063
8.7,0.28637943,8071
8.4,-1.550065,8071
8.33,-1.5119548,8071
8.23,-0.18738179,8071
8.14,-2.8413658,8071
7.98,-1.1521088,8071
7.97,0.3261728,8071
7.97,-1.1838484,8071
8.66,0.49969774,1644
8.6,0.57376826,1644
8.55,-0.27961534,1644
8.54,0.43772808,1644
8.41,0.89304626,1644
8.32,0.8021349,1644
7.82,-2.2882302,1644
7.75,-1.661053,1644
7.75,-0.41944876,1644
7.58,-0.6210294,1644
7.54,0.5500864,1644
7.31,1.2760034,1644
8.62,1.0505499,1710
8.14,-1.3099012,1710
6.75,-1.3099012,1710
6.52,-0.3627378,1424
7.47,-2.4275625,1656
5.4,-2.4398985,1656
5.16,-2.155775,1656
5.05,-2.9237423,1656
4.72,-5.6901765,1656
4.72,-4.739706,1656
4.54,-1.4583966,1656
4.28,-6.59205,1656
4.21,-3.3885677,1656
4.16,-3.421312,1656
6.79,1.1713516,5553
5.46,-0.8034357,16807
8.1,1.250549,1538
5.75,-0.015495587,1538
7.52,0.03529202,5190
5.58,1.673183,11406
5.23,-1.4060035,11406
5.06,-2.2707884,11406
4.77,-0.7639395,11406
