y_true,y_pred,assay_id
7.85,-0.9241212,17720
7.75,-1.2610813,17720
7.52,-1.009191,17720
7.25,-1.1853861,17720
7.19,0.011717379,17720
7.13,-0.7884813,17720
6.92,1.9694041,17720
6.85,-0.41543195,17720
6.84,-4.142077,17720
5.96,-1.6392709,17720
5.96,-0.77027166,17720
5.23,-1.288974,17720
4.95,2.624182,17720
4.0,1.2126337,5075
8.8,0.67268157,14472
8.7,-4.154611,14472
8.52,-0.25573516,14472
8.47,0.7822777,14472
8.42,0.27142468,14472
8.18,-0.78914374,14472
8.17,-2.98394,14472
8.15,-1.9151314,14472
7.53,-0.26646936,14472
5.53,0.33282968,134
10.22,1.8540173,7315
9.3,3.5975842,7315
8.3,2.3908074,7315
8.15,3.1522202,7315
8.05,0.63789505,7315
7.62,0.6057517,7315
6.28,-1.9017334,7315
6.0,0.46401924,7315
5.8,-6.4370656,7315
5.31,6.9481797,8393
5.27,-0.30116022,8393
6.12,4.8670526,11705
9.7,4.9869885,6274
9.7,3.0425808,6274
9.52,2.648214,6274
9.52,5.989223,6274
9.4,3.9922898,6274
9.4,2.9384732,6274
9.4,4.424968,6274
9.4,3.6805258,6274
9.4,3.2606711,6274
9.4,3.4720786,6274
9.3,4.593784,6274
9.3,4.3107104,6274
9.3,3.7266424,6274
9.22,3.5667663,6274
9.22,2.9828663,6274
9.15,4.1864595,6274
9.05,3.0477061,6274
9.0,4.116147,6274
8.85,4.1359916,6274
8.85,4.3949113,6274
8.85,4.3223977,6274
8.85,5.1462374,6274
8.85,5.0446644,6274
8.85,3.530625,6274
8.85,4.0326066,6274
8.82,3.6651607,6274
8.82,4.1938334,6274
8.82,4.781987,6274
8.82,3.454814,6274
8.82,3.8754895,6274
8.82,4.655704,6274
8.82,3.744531,6274
8.74,3.2349014,6274
8.48,5.6635747,6274
8.25,2.1603158,6274
8.18,4.0463767,6274
8.17,2.6655645,6274
8.15,2.0716882,6274
8.15,1.9095445,6274
8.12,0.5293989,6274
8.12,3.7055993,6274
8.11,1.4604833,6274
8.07,5.2387733,6274
8.05,3.7049115,6274
8.05,2.9527674,6274
8.01,3.618121,6274
7.94,4.494153,6274
7.93,3.0731928,6274
7.82,0.44650614,6274
7.68,-0.36838675,6274
7.4,-2.1591246,6274
7.4,-3.4823325,6274
7.4,-2.0530133,6274
7.24,0.30912516,6274
7.16,1.6580734,6274
7.16,-1.477046,6274
6.96,-2.11483,6274
6.88,4.0326066,6274
6.83,-3.218408,6274
6.55,-2.4981644,6274
7.21,-2.046938,1684
6.96,-2.4466805,1684
6.85,-3.7725377,1684
6.85,-4.565918,1684
6.75,-0.005811639,1684
6.7,1.5278423,1684
6.64,-0.08026321,1684
6.6,-3.025227,1684
6.6,1.3657721,1684
6.58,2.7005684,1684
6.58,-1.7289152,1684
6.36,-1.2642455,1684
6.3,-1.6017778,1684
6.18,1.2499638,1684
6.16,1.0243628,1684
6.11,-0.26188084,1684
6.09,1.2500262,1684
6.07,-2.1965258,1684
6.07,2.6723568,1684
6.06,1.5732719,1684
6.05,-2.9268715,1684
6.0,-2.7509532,1684
6.0,-1.882462,1684
5.96,-2.8511486,1684
5.89,-1.2119085,1684
5.87,2.1924157,1684
5.28,1.0090783,1684
5.21,3.5274618,1684
5.14,-3.0349495,1684
5.05,-3.082909,1684
5.04,-0.21576059,1684
7.04,-2.2667718,11435
9.15,0.59100723,4027
9.03,2.5202484,4027
8.85,0.828058,4027
8.54,-3.9043033,4027
8.4,2.225634,4027
8.35,1.4094614,4027
8.27,-3.1949944,4027
8.03,-0.7954027,4027
7.8,0.77953595,4027
7.46,-3.3762095,4027
8.4,1.7294811,2796
8.1,0.33659077,2796
7.7,-0.53918445,2796
7.6,1.7275227,2796
7.6,-1.6025922,2796
7.6,1.2301298,2796
7.51,-0.71515924,2796
7.4,-2.555063,2796
7.3,-0.33347186,2796
7.1,-4.1998663,2796
6.89,-2.9287746,2796
4.98,-0.06768189,1521
9.55,-0.6851006,8776
9.14,-2.9997892,8776
9.04,-3.8886957,8776
9.0,3.1986058,8776
8.97,-1.9301373,8776
8.97,1.0737138,8776
8.97,-3.1828918,8776
8.94,-0.53220606,8776
8.93,-0.48526055,8776
8.92,-0.43778303,8776
8.91,-2.8261514,8776
8.88,-3.310372,8776
8.75,-4.513083,8776
8.74,-0.992653,8776
8.71,2.3853366,8776
8.64,1.1555315,8776
8.63,-4.1241355,8776
8.51,-4.938366,8776
8.45,-4.938366,8776
8.34,0.10568219,8776
7.97,-4.1241355,8776
6.7,-3.9088533,8776
5.8,0.26096636,2266
7.14,0.22231305,14227
7.01,0.5985524,14227
6.97,-1.4838129,14227
6.41,-1.3247756,14227
8.96,-2.9131482,940
8.8,-0.2648274,940
8.74,-1.2958801,940
8.47,-2.4465797,940
8.46,-2.6987097,940
8.26,-0.4589129,940
7.8,2.5654387,940
7.68,-4.8825936,940
7.66,2.4064918,940
7.55,1.9484366,940
7.54,1.1853855,940
6.62,-5.623585,940
6.37,-3.3581872,940
5.54,-6.782602,940
5.13,4.215402,9059
6.16,5.7803907,14758
5.7,-0.68059707,14758
8.6,-2.2307556,3774
5.32,-0.9354417,3989
6.7,4.552304,17251
5.89,4.078831,17251
5.35,0.99187475,17251
7.79,-3.6762006,4917
7.66,-5.8606925,4917
7.64,-3.2239003,4917
7.64,2.8506005,4917
7.57,-1.29416,4917
7.55,-2.3924947,4917
7.52,0.73899716,4917
7.25,0.74303794,4917
7.2,-3.4151208,4917
7.18,-3.8019483,4917
8.94,5.9698806,15772
6.72,-0.912583,1830
5.31,-0.03592839,1830
9.01,0.3924925,7287
8.62,-3.2697048,7287
8.28,2.3969767,7287
8.21,1.1717671,7287
8.21,-1.9771327,7287
8.14,-3.4692726,7287
8.07,1.3294026,7287
8.05,-0.2188918,7287
7.9,0.87562764,7287
7.83,1.1658624,7287
7.8,2.6119304,7287
7.76,-1.4126834,7287
7.75,1.4315095,7287
7.72,2.8853462,7287
7.7,0.8039724,7287
7.66,-0.9559639,7287
7.58,0.42718333,7287
7.57,-1.405875,7287
7.56,-0.13836046,7287
7.47,-2.505753,7287
7.38,0.09086976,7287
7.36,-2.580591,7287
7.25,1.8305117,7287
7.23,-1.3240663,7287
7.13,-0.13368364,7287
7.03,1.4313645,7287
6.98,-2.9268198,7287
6.87,1.8285261,7287
6.84,2.189152,7287
6.83,2.11157,7287
6.79,-1.2973039,7287
6.72,1.7383411,7287
6.35,-0.37350807,7287
8.44,-5.4926667,9952
6.17,-5.478928,8643
8.32,-8.455077,15320
5.97,4.690404,8547
9.0,3.076753,2360
8.1,3.1370192,17106
8.05,2.051873,17106
7.85,4.32734,17106
7.48,2.051873,17106
7.37,-1.7132912,17106
7.31,-1.7132912,17106
7.28,0.6902309,17106
6.89,4.32734,17106
6.88,3.1370192,17106
6.64,0.6902309,17106
5.7,-3.5663598,5859
5.69,-4.0635724,5859
5.69,-4.3800626,5859
5.68,-2.7036226,5859
5.67,-4.7286687,5859
5.66,-4.911696,5859
5.52,-5.0795875,5859
5.43,-2.8108582,5859
5.43,-2.2765522,5859
5.39,-0.019605104,5859
5.38,-3.9315894,5859
5.37,-3.217306,5859
5.36,-4.400994,5859
5.33,-3.6399841,5859
5.29,-1.9378577,5859
5.23,-3.7665021,5859
5.14,-5.106527,5859
5.13,0.45620173,5859
5.13,-4.198622,5859
5.04,-4.8785114,5859
5.01,-1.4461398,5859
5.01,1.7886323,5859
4.99,2.627652,5859
4.97,-2.2175214,5859
4.96,-5.2208004,5859
4.88,-1.959494,5859
4.88,-5.213666,5859
4.82,0.92119706,5859
4.74,0.115184955,5859
4.72,-2.6297786,5859
4.63,-1.9629092,5859
4.54,-1.0124383,5859
4.52,1.86749,5859
4.5,0.363217,5859
4.48,1.5663326,5859
4.38,-1.7744725,5859
6.6,5.443271,11414
5.41,1.179526,11414
4.77,1.946929,11414
4.75,-0.40662867,11414
7.1,3.244743,141
6.38,-5.960873,141
6.28,-3.1537056,141
6.17,0.70352006,141
6.13,-6.0673175,141
5.39,-4.093808,141
5.89,0.33128357,16860
6.91,-3.5601175,13543
6.91,-1.4512174,13543
9.03,3.0984752,3454
9.01,4.1524544,3454
8.95,3.498845,3454
8.91,4.270552,3454
8.71,3.5195327,3454
8.66,4.106053,3454
8.29,2.057921,3454
8.1,-3.6584888,3454
8.01,5.4092636,3454
7.97,3.5635982,3454
7.97,-2.504842,3454
7.94,2.2530115,3454
7.9,-0.31823787,3454
7.85,2.057921,3454
7.84,3.0222232,3454
7.75,1.90397,3454
7.73,2.21906,3454
7.6,3.3264687,3454
7.53,3.7071118,3454
7.5,2.679269,3454
7.48,2.56929,3454
7.42,4.564938,3454
7.41,6.152401,3454
7.05,3.524855,3454
7.04,3.487735,3454
7.02,5.4969807,3454
6.91,3.0630887,3454
6.89,4.3403087,3454
6.69,1.7674146,3454
6.6,1.1637232,3454
6.57,2.187841,3454
6.48,3.541847,3454
6.47,2.6190958,3454
6.47,3.8112605,3454
6.31,3.1602552,3454
6.18,2.9749196,3454
5.67,1.9378282,3454
7.51,1.0442564,14728
7.39,5.482573,14728
7.33,0.21471435,14728
7.96,1.7371733,2233
7.5,2.8678238,2233
7.17,2.217906,2233
7.11,-3.9366477,2233
7.06,-0.20747134,2233
4.23,0.62727255,1854
5.23,-8.386012,1616
6.04,-1.2143364,10869
5.04,4.613198,369
4.58,-0.5750719,3971
6.64,6.0728874,12113
6.43,2.9112341,12113
6.38,3.834497,12113
6.21,3.6583085,12113
5.84,-0.40525946,12113
5.32,-2.6961553,12113
7.34,0.36337888,4577
5.57,-6.065924,5124
4.54,2.8504024,5124
4.35,-2.744395,5124
4.21,-4.162247,5124
6.34,-3.5878072,7371
6.24,3.6042764,7371
6.23,-0.586939,7371
6.23,2.1188922,7371
6.22,-4.121223,7371
6.05,-2.6663826,7371
5.54,1.9165741,9432
5.52,-4.172236,9432
7.05,-4.0282207,4120
7.0,2.0082307,4120
6.96,-7.8028035,4120
6.96,-1.4141706,4120
6.96,-0.1332476,4120
6.68,-4.5629277,4120
6.64,-0.20773649,4120
6.22,-7.037602,4120
6.16,-1.0653274,4120
6.58,0.41742915,901
6.39,1.0136275,12613
6.51,-2.362747,14730
8.85,2.91605,4325
8.7,2.2035723,4325
8.68,3.401684,4325
8.64,1.4107934,4325
8.57,1.5773335,4325
8.39,0.6839937,4325
8.39,2.0144608,4325
8.24,3.185508,4325
8.24,2.599809,4325
8.18,2.1223528,4325
8.16,0.72082925,4325
8.13,1.7121454,4325
8.11,1.8684235,4325
8.07,1.6249586,4325
8.0,2.1576567,4325
7.97,2.0189369,4325
7.45,1.0460657,4325
7.42,1.9010583,4325
7.37,1.5391192,4325
6.74,-1.7091163,4325
6.59,-2.0714872,4325
6.4,-2.497772,4325
5.85,7.493897,16405
8.17,0.19029078,7957
7.82,-3.475951,2380
7.22,4.00261,2380
5.18,0.41253227,2380
6.37,-5.202469,4482
7.82,-1.2514554,17826
7.66,-1.737784,17826
7.64,2.7688272,17826
7.5,-1.4231465,17826
7.37,-1.7473459,17826
7.32,-2.8484147,17826
7.27,-0.8701447,17826
7.23,0.66864663,17826
7.18,-3.0345123,17826
7.17,0.201374,17826
7.12,0.21771866,17826
7.1,0.35106072,17826
7.07,-1.3931029,17826
7.06,-1.1708641,17826
7.03,-1.2454525,17826
7.03,-0.6224779,17826
6.92,-2.33517,17826
6.82,-2.8484147,17826
6.77,-1.7256273,17826
6.75,-2.6867704,17826
6.7,1.0870484,17826
6.6,-2.167345,17826
6.58,-0.90405947,17826
6.57,-2.589552,17826
6.52,-2.6673846,17826
6.5,-4.48562,17826
6.5,-1.1772945,17826
6.46,-0.15912142,17826
6.41,2.427579,17826
6.39,-0.85983855,17826
6.38,-4.412341,17826
6.37,0.8318414,17826
6.37,0.23714682,17826
6.28,1.0093209,17826
6.24,0.16882911,17826
6.21,-1.9807117,17826
6.09,-2.23683,17826
5.96,1.9034854,17826
5.93,-2.2954974,17826
5.93,-1.5831971,17826
5.84,0.42755228,17826
5.82,0.20835233,17826
5.81,1.5320642,17826
5.8,0.27549616,17826
5.79,1.8663497,17826
5.7,0.33746207,17826
5.65,2.1928442,17826
5.61,-0.029783882,17826
5.53,-3.0258887,17826
5.46,1.9739743,17826
5.28,-1.571808,17826
5.14,-1.602291,17826
7.01,-0.07661089,8100
6.84,1.2714555,8100
6.47,1.1561829,8100
6.45,1.1605004,8100
6.41,1.6961992,8100
7.1,-2.681729,14500
6.7,4.0267587,14500
8.39,1.8884684,5270
8.17,1.8884684,5270
7.97,2.5294194,5270
7.87,2.5294194,5270
7.83,-2.2463126,5270
7.75,2.5294194,5270
7.54,-4.944184,5270
7.52,1.8884684,5270
7.46,1.9939262,5270
7.41,-4.071861,5270
7.11,-3.5292933,5270
7.05,-5.8011875,5270
7.03,-6.47454,5270
6.96,-4.9371066,5270
7.34,2.1518736,16482
7.27,2.3533075,16482
7.17,-0.15271568,16482
7.03,0.08933275,16482
6.85,2.4043324,16482
6.77,-0.59158146,16482
6.75,0.6463607,16482
6.75,0.768342,16482
6.57,1.6389686,16482
6.41,-4.412876,16482
6.26,0.25196207,16482
6.11,-2.1837742,16482
5.89,1.6700591,16482
5.85,-3.1975222,16482
5.6,1.187284,16482
5.51,-2.0196683,16482
5.4,-1.4577078,16482
5.29,-2.499676,16482
6.47,3.4069364,11715
5.72,1.3156049,295
4.09,0.76541096,13523
8.75,2.7065403,13571
8.43,2.4249384,10763
6.22,1.1321204,16095
6.16,0.43337786,16095
5.7,-4.6010447,16095
7.85,1.9228923,4310
7.3,-3.2216058,7065
9.0,0.9802349,13209
9.0,0.7314761,13209
8.4,1.9309446,13209
7.82,-0.17832464,13209
7.8,1.7300171,13209
7.77,0.3811694,13209
7.55,-0.050841074,13209
7.44,2.2118285,13209
7.43,-0.38610265,13209
7.31,1.4406427,13209
6.91,-0.026175054,13209
6.69,0.8674466,13209
6.68,0.04560318,13209
6.53,-0.23495218,13209
6.48,2.266876,13209
6.31,1.7236043,13209
6.28,1.034552,13209
6.22,2.2685368,13209
6.07,0.8057935,13209
5.88,0.44790423,13209
5.51,-0.15830857,13209
7.4,-4.8074174,17072
7.27,-3.2809017,1032
7.27,1.5401864,1032
7.24,1.184265,1031
7.24,-2.1749794,1031
7.0,-5.192352,15020
9.67,2.890496,14373
9.1,0.21284604,14373
7.92,-0.8992339,14373
7.34,-0.60525817,14373
6.83,0.54822844,14373
6.58,2.0096893,12588
4.8,2.9014497,16220
4.77,3.875253,16220
7.79,-2.630188,13904
6.56,-0.65436393,13904
7.22,1.1664541,908
7.2,-2.0844743,908
7.18,-1.511454,908
7.11,-0.88367033,908
7.1,0.3477731,908
7.06,3.066339,908
6.76,-3.9393756,908
6.72,1.8672159,908
6.7,-1.1520817,908
6.64,-0.8099486,908
6.62,-2.3401923,908
6.58,0.072844274,908
6.34,-3.4263332,908
6.0,-0.13846347,908
5.7,0.067896,908
4.82,-0.25419706,908
4.82,1.571852,908
4.82,1.2587444,908
4.7,-5.3855534,908
4.7,0.74791086,908
4.7,-2.7496731,908
4.7,-3.7629488,908
4.7,3.7895563,908
4.7,-1.2577059,908
4.7,-2.4371402,908
4.7,1.0075179,908
4.7,-0.94223475,908
4.7,-0.73968905,908
4.7,-0.833241,908
4.7,0.8277648,908
4.7,1.3821725,908
5.0,-0.3896706,4099
8.22,4.113688,4824
7.08,2.1162624,4824
6.98,1.9535412,4824
6.92,-0.32105857,4824
6.74,2.3568864,4824
6.72,3.1852427,4824
6.54,0.76267904,4824
6.52,4.1824293,4824
6.17,3.3844316,4824
6.02,-1.8685373,4824
6.01,0.6087888,4824
5.91,4.132861,4824
5.82,5.9308953,4824
5.76,-0.21165577,4824
5.74,3.037583,4824
6.54,4.6603193,30
8.96,2.3570485,10388
8.12,4.952415,10388
7.92,4.161873,10388
7.49,4.0438204,10388
7.47,4.2884693,10388
7.28,2.3763278,10388
7.25,0.38436374,10388
7.05,0.25478226,10388
7.04,4.0683646,10388
7.02,1.8808419,10388
7.02,1.4004074,10388
6.95,5.4819756,10388
6.82,1.534492,10388
6.71,-0.8723569,10388
6.56,4.165518,10388
6.37,3.0581963,10388
6.26,4.664549,10388
6.12,2.4276152,10388
5.29,1.1351188,10388
6.47,-2.657647,1549
6.22,0.4188895,1549
5.78,-3.7459514,1549
7.8,-5.091803,15043
6.7,-4.8155355,17183
5.84,-1.6830078,10182
4.72,-6.384209,16916
4.62,1.7246416,16916
4.6,-2.0909448,16916
6.73,-2.337584,14936
7.28,1.4294156,8008
7.25,2.21686,8008
7.25,1.611812,8008
7.21,-0.28053993,8008
7.21,-2.393878,8008
7.13,0.9255972,8008
7.05,1.0152296,8008
6.98,0.76538616,8008
6.87,0.6049274,8008
6.79,0.76774234,8008
6.78,-0.8621471,8008
6.61,-4.0331397,8008
6.6,-0.8472424,8008
6.38,-3.4204977,8008
6.37,-3.9796145,8008
6.27,-0.5000727,8008
6.2,-2.9028957,8008
6.19,-2.1154015,8008
6.01,-4.0677176,8008
5.95,-2.4108183,8008
5.93,-2.955981,8008
5.93,-3.485288,8008
5.82,-3.9070709,8008
5.5,-4.9279394,8008
9.52,0.4448807,3604
9.15,-0.38624686,3604
8.56,-0.63808423,3604
8.52,-0.067733996,3604
8.4,-2.0003355,3604
8.23,-5.8987737,3604
8.22,0.0919122,3604
8.22,-1.5429789,3604
8.05,0.500104,3604
7.92,-4.9752903,3604
7.89,-5.102654,3604
7.85,0.6220524,3604
7.8,-1.9596932,3604
7.57,2.339402,3604
7.5,1.6215801,3604
7.47,-1.1586719,3604
7.4,-2.4646971,3604
7.4,-1.9599013,3604
7.27,-0.16917291,3604
6.97,0.7530698,3604
6.86,0.83484125,3604
6.71,-4.5164256,3604
6.58,1.1598638,3604
5.68,-1.5363308,3604
6.92,-1.9121765,14807
7.41,-4.169446,1739
7.1,-0.5866515,1739
7.04,0.38184357,1739
6.24,-5.902374,1739
5.95,-5.434632,1739
7.92,0.29756245,4983
7.66,1.3542097,4983
7.47,0.6601999,4983
6.96,1.6939707,4983
6.92,-0.6928317,4983
6.04,0.9907108,4983
5.89,0.98511213,4983
5.85,-0.3592177,4983
5.7,0.23187995,4983
5.68,-0.29641852,4983
5.6,-2.1888664,4983
5.31,0.59077275,4983
5.1,-1.6334375,4983
4.62,-0.731112,4983
5.69,-0.46794418,7463
7.89,-0.6742863,3181
8.7,5.388185,162
8.3,4.200891,162
8.05,4.6585684,162
7.96,5.8226304,162
7.96,5.8226304,162
7.92,3.7678735,162
7.54,2.865685,162
7.3,0.16529092,162
7.21,-0.27253354,162
7.15,2.4917798,162
7.0,4.8783684,162
6.92,3.9313982,162
6.89,4.092902,162
6.82,1.6343489,162
6.75,-3.521209,162
6.29,-5.9359145,17764
5.43,-6.4059877,15760
5.11,2.3343136,15370
6.66,-3.8375487,4348
6.05,7.353187,13510
5.94,0.41471538,13510
5.92,5.6583257,13078
5.82,5.3800373,13078
5.03,-0.598921,13078
5.13,0.49162382,790
8.85,0.52684885,16394
8.82,4.659408,16394
8.7,-1.7567437,16394
8.6,-1.5677763,16394
8.52,-0.08043055,16394
8.52,-0.9178119,16394
8.4,-0.4029598,16394
8.4,-2.0326126,16394
8.22,-1.454693,16394
8.15,-0.61722445,16394
8.1,-3.4082656,16394
8.05,1.4956944,16394
8.05,2.5528936,16394
7.89,-1.0674269,16394
7.66,0.7290958,16394
6.76,-0.34781674,16394
6.68,-2.3488054,16394
6.64,-4.387647,16394
6.21,-0.6280783,16394
6.09,-2.2013338,16394
5.65,-1.5748543,16394
5.0,-0.76077294,16394
7.41,1.4336776,1018
7.34,1.3912337,16436
6.43,1.3912337,16436
4.9,2.2152815,9058
9.35,-4.809919,15218
8.96,-4.3438506,15218
8.92,-2.8366513,15218
8.74,-5.579602,15218
8.55,0.939871,15218
8.35,-5.058512,15218
8.33,-7.298216,15218
8.23,0.2456724,15218
8.19,-4.46244,15218
7.89,1.2949673,15218
7.75,-3.654733,15218
7.66,-2.902603,15218
7.54,-7.0112476,15218
7.39,-6.8370667,15218
6.77,-6.168663,15218
6.75,-3.1022868,15218
6.7,-2.8682666,15218
6.68,-5.6661925,15218
6.39,-2.6446278,15218
6.35,1.4246527,15218
5.85,-4.3385925,15218
5.28,-3.074952,15218
8.52,-1.6651034,8576
8.52,-0.9470226,8576
8.52,1.0167869,8576
8.4,0.326479,8576
8.4,3.961933,8576
8.15,-1.2140629,8576
7.92,-0.74884874,8576
7.85,-0.7644678,8576
7.64,3.154685,8576
7.62,1.8626822,8576
7.54,2.0984776,8576
7.51,1.8741494,8576
7.5,0.6782634,8576
7.46,0.8286503,8576
7.38,3.7325392,8576
7.28,-0.094737165,8576
7.26,3.8603132,8576
7.25,2.0955024,8576
7.22,1.5537049,8576
7.17,1.0543761,8576
7.1,1.4537376,8576
7.85,2.5784473,6485
7.6,3.8974922,6485
7.5,2.115593,6485
7.48,5.217732,6485
7.46,0.2569356,6485
7.4,1.7635349,6485
7.38,-2.29679,6485
7.34,1.4239851,6485
7.32,3.597296,6485
6.92,-2.2821107,6485
6.66,-2.8226607,6485
9.0,3.0924344,9524
6.93,-1.8905132,9524
6.84,-2.8059945,9524
6.78,-3.2630389,9524
6.74,-3.446391,9524
6.23,-3.6146305,9524
9.51,0.45357674,12169
9.25,-0.70543146,12169
9.21,-0.24460608,12169
9.08,-0.61501837,12169
9.0,-1.6630934,12169
9.0,-1.9217559,12169
8.96,-2.4254873,12169
8.92,-2.2921069,12169
8.82,-3.8576827,12169
8.8,-0.52001226,12169
8.7,-1.6525807,12169
8.54,-1.427937,12169
8.54,-2.6983097,12169
8.48,-1.8633088,12169
8.44,-0.9270371,12169
8.43,-4.8405957,12169
8.41,-1.1042858,12169
8.3,-4.8033776,12169
8.15,-0.89803934,12169
8.1,-5.0492673,12169
7.82,-2.914099,12169
7.44,-3.864055,12169
7.12,0.10745225,12169
6.96,2.6242175,12169
6.31,-1.3679237,12169
6.0,-1.392408,12169
7.19,0.578077,4695
6.84,-1.1768258,4695
6.81,-0.5439263,4695
6.78,-3.0547583,4695
6.71,-0.08356736,4695
6.66,-1.3285311,4695
6.64,-1.5361246,4695
6.63,-1.9018191,4695
6.61,-3.2094562,4695
6.6,-2.7420306,4695
6.58,-2.0442233,4695
6.57,-2.5759485,4695
6.56,-1.4048203,4695
6.56,-0.106918424,4695
6.52,-2.9581635,4695
6.5,-1.9851931,4695
6.48,-2.4844105,4695
6.47,2.437323,4695
6.45,-0.7440193,4695
6.43,-1.3039397,4695
6.41,-0.2846017,4695
6.1,1.6338835,9054
5.27,-0.03296545,9054
5.19,0.56365085,9054
5.14,-2.054595,9054
4.92,0.36230665,9054
4.28,-3.8241632,9054
9.0,3.6248,16920
9.0,5.6735773,16920
8.7,0.6846065,16920
8.52,2.700866,16920
8.52,-0.18534604,16920
8.52,0.74343365,16920
8.4,1.6519816,16920
8.4,1.5717517,16920
8.3,1.9296335,16920
8.3,3.5098426,16920
8.3,0.9828685,16920
8.15,2.0409236,16920
8.1,-1.1286288,16920
8.05,-0.06862267,16920
7.96,0.30302,16920
7.92,-1.7864547,16920
7.92,4.2558403,16920
7.92,0.7399863,16920
7.89,1.0280237,16920
7.8,-0.27412716,16920
7.77,2.8399487,16920
7.77,-1.5706605,16920
7.75,-0.8588239,16920
7.72,4.4368753,16920
7.72,0.10023246,16920
7.7,0.40799624,16920
7.64,2.7510843,16920
7.6,-0.8945564,16920
7.6,1.1512597,16920
7.6,3.5842571,16920
7.57,3.5713367,16920
7.43,1.3421332,16920
7.42,-0.43466341,16920
7.38,-0.5676355,16920
7.35,-0.32223922,16920
7.32,1.6081853,16920
7.3,1.0977222,16920
7.24,3.4204502,16920
7.14,1.3014216,16920
7.06,1.7246332,16920
7.02,-0.57455343,16920
6.62,2.1262822,16920
6.07,-3.9928255,14883
9.0,2.9381058,15773
8.3,2.094631,15773
8.22,2.278751,15773
8.15,1.9307791,15773
8.15,4.1620717,15773
8.1,4.9163136,15773
8.1,2.7147942,15773
8.05,4.887241,15773
8.05,5.003417,15773
8.0,-0.7227234,15773
8.0,2.9381058,15773
7.82,-1.3349801,15773
7.82,0.75252527,15773
7.7,3.9997375,15773
7.6,-0.19401541,15773
7.6,0.21410376,15773
7.52,4.4167466,15773
7.52,1.6765999,15773
7.52,0.59042364,15773
7.52,-0.37918597,15773
7.4,0.5245016,15773
7.4,-0.17318779,15773
7.4,1.6265855,15773
7.4,0.9532509,15773
7.4,1.8360552,15773
7.3,1.0089985,15773
7.26,0.41574368,15773
6.64,-3.0081193,15773
8.6,-4.247514,13107
5.97,0.07928954,5767
4.54,-2.1684425,11353
4.26,0.29563114,11353
9.1,4.1394978,5542
8.3,5.083,8769
6.4,-2.5003526,17331
6.86,-8.591105,5291
6.04,-2.3813913,10165
6.01,3.0038397,16833
7.7,3.85542,6217
7.0,-2.1389742,6217
7.0,2.5663977,6217
7.0,3.2981975,6217
7.0,0.6571047,6217
6.85,4.7568207,6217
6.58,3.7433505,6217
6.58,0.19637337,6217
6.5,1.946322,6217
6.14,2.240921,6217
8.31,0.3796413,13715
8.25,1.018864,13715
8.19,1.2426596,13715
8.11,-3.9807904,13715
8.02,-2.6982188,13715
8.02,-1.1134732,13715
7.99,-3.3238065,13715
7.91,-4.3218794,13715
7.91,-2.9047227,13715
7.87,-3.0275187,13715
7.85,-4.0245075,13715
7.72,-0.83593047,13715
7.7,3.3524024,13715
7.69,-2.4526248,13715
7.5,-1.6898187,13715
7.38,1.0229129,13715
6.9,-4.4799066,13715
6.87,-1.2809471,13715
6.69,-5.5940413,13715
6.45,-4.5080667,13715
7.6,4.163696,3200
9.7,0.83904976,7895
7.02,3.2989056,4929
7.01,1.3973662,4929
6.88,-1.3949794,4929
6.82,2.8613122,4929
6.74,0.60424,4929
6.6,0.06283351,4929
6.6,3.1839821,4929
6.58,0.64865404,4929
6.56,1.7566,4929
6.3,1.3973662,4929
6.29,1.5390747,4929
6.17,-0.7204207,4929
6.17,1.9747492,4929
6.02,1.3889682,4929
6.01,-1.3729706,4929
5.88,2.144596,4929
5.65,1.3526539,4929
5.62,-3.7770412,4929
5.61,0.43921933,4929
5.51,-4.5020685,4929
5.5,-1.2701721,4929
5.44,-0.88374525,4929
5.35,-0.6865948,4929
6.29,-3.2380414,12990
7.74,1.3662561,1932
8.31,7.714117,6795
7.54,4.598997,6795
7.48,6.038078,6795
6.82,2.0276797,6795
6.65,2.9231832,6795
6.47,3.0497046,6795
6.14,-3.9363353,6795
5.8,0.35133475,6795
4.3,-2.1699057,6795
9.4,0.38729432,3719
9.4,2.133886,3719
9.2,-1.6874833,3719
9.2,2.1907625,3719
9.0,0.93971235,3719
8.9,2.3338866,3719
8.6,-0.60616523,3719
8.6,1.4802835,3719
8.6,2.7525728,3719
8.4,-2.191138,3719
8.3,2.7383184,3719
8.3,-0.34492373,3719
8.2,-3.261782,3719
8.1,-4.272896,3719
7.9,-1.7178352,3719
7.7,-0.87354636,3719
7.6,-0.35362157,3719
7.4,-1.1075362,3719
7.4,-1.2814126,3719
7.2,-0.41096976,3719
6.5,1.6220318,3719
6.5,-1.4920008,3719
6.1,-3.763948,3719
6.0,-2.348516,3719
5.9,-0.8228125,3719
7.1,-1.0559714,16360
6.3,-1.0559714,16360
9.52,1.9877099,11323
9.52,3.861181,11323
9.22,2.4073145,11323
9.15,2.2810688,11323
9.05,1.2799169,11323
8.82,1.0047328,11323
8.6,0.57965493,11323
8.51,-0.06442263,11323
8.35,0.89637744,11323
8.19,-0.11569125,11323
8.19,-0.17364216,11323
8.14,-1.5737157,11323
4.8,-2.764433,4378
4.62,-2.7762816,4378
4.55,-3.8448312,4378
4.51,-4.8422103,4378
4.38,-3.7037387,4378
4.18,-1.9811739,4378
4.13,-5.241559,4378
4.11,-1.5058722,4378
4.09,-3.7534926,4378
7.06,-0.06438288,12557
6.92,-4.0920067,13964
7.72,3.2396429,7740
6.78,6.073994,15007
7.41,2.2963622,16657
5.66,-3.0636282,14224
5.4,-1.6260506,14224
5.23,-2.6702974,14224
5.22,-0.029185602,14224
5.21,-1.8526577,14224
5.1,-2.3848412,14224
5.01,-3.978903,14224
4.96,-3.0922604,14224
4.95,-0.029185602,14224
4.92,-3.2813053,14224
4.74,-2.6948736,14224
4.73,-4.645211,14224
4.66,-4.0661182,14224
4.6,-1.8595775,14224
4.53,-3.3642182,14224
4.53,-3.5792491,14224
4.51,-2.738749,14224
4.01,-2.6726677,14224
5.62,-1.0043137,1550
6.64,3.4547472,3921
8.28,2.4349039,1316
8.15,-0.26470616,1316
8.01,-1.5572947,1316
7.96,1.3684852,1316
7.5,-2.264399,1316
5.08,-0.26470616,1316
7.77,5.1515117,9316
6.22,4.711893,9316
5.72,-3.3157337,9316
5.43,0.613751,9316
4.4,-3.5412145,11465
6.38,5.700213,11431
5.57,1.5913401,11431
4.96,1.2619717,11431
4.6,0.25963292,11431
7.8,-5.648204,13109
6.64,-5.4944987,16711
6.41,-0.88080734,16711
6.17,-5.488659,16711
6.06,-1.1212587,16711
6.0,-0.09448334,16711
5.8,1.0967964,16711
5.77,-0.5985569,16711
5.4,-2.4418302,16711
5.9,-0.8549152,274
5.17,-7.3495064,274
4.05,-1.5465791,9910
4.03,-3.1575534,9910
9.0,-2.3568268,1947
9.0,2.0133374,1947
9.0,3.2615607,1947
9.0,3.3005185,1947
8.7,4.313394,1947
8.7,4.3694873,1947
8.7,2.0066545,1947
8.4,4.3335676,1947
8.4,1.7736228,1947
8.3,0.39433137,1947
8.22,2.7400517,1947
8.15,4.073928,1947
8.05,1.5434608,1947
8.0,3.4083652,1947
7.96,2.0066545,1947
7.92,4.5263367,1947
7.85,1.3352982,1947
7.85,-0.68761986,1947
7.82,2.2396138,1947
7.82,5.388775,1947
7.75,0.3460986,1947
7.7,-2.8357213,1947
7.68,5.4208884,1947
7.6,3.9444296,1947
7.51,1.8617693,1947
7.4,-1.4603754,1947
7.38,-0.8690964,1947
7.3,0.39433137,1947
7.17,0.9928915,1947
6.97,0.099402554,1947
6.96,5.1895523,1947
6.8,0.42221516,1947
6.65,1.8060011,1947
6.58,3.1645463,1947
6.23,-1.5596155,1947
6.03,-0.043013483,4710
8.41,4.6780767,9614
8.11,2.4010744,9614
7.92,0.9330018,9614
7.72,0.25916064,9614
7.62,-2.32436,9614
6.96,-4.5802317,9614
7.08,-2.4420726,482
6.0,2.5054595,2958
5.14,-1.6011316,15226
7.29,-1.1006614,8401
8.33,-1.65621,9620
8.05,0.36130223,9620
7.96,2.825555,9620
7.92,1.8704832,9620
7.92,-3.331761,9620
7.72,2.8177803,9620
7.7,1.0382633,9620
7.42,2.0819008,9620
7.36,0.58576286,9620
7.08,-5.244089,9620
6.4,0.9402842,9620
6.66,-0.8834831,6482
5.46,-0.17911744,15646
6.83,0.35457188,12904
6.56,-0.27366012,12904
6.54,6.5573335,12904
5.48,1.9398868,7902
5.08,0.88101506,7902
5.04,-0.91069835,7902
9.68,2.692675,13572
7.0,1.9454588,5672
5.82,0.11622349,7073
5.75,-0.41132396,7073
5.72,-0.9139654,7073
5.07,-3.3738463,7073
4.91,-3.969448,7073
4.84,-4.337999,7073
4.69,-4.7723174,7073
7.46,-0.82491845,3947
9.7,1.5579019,2068
9.15,-1.0909635,2068
9.0,-0.26123732,2068
8.7,0.74196774,2068
8.7,0.97017395,2068
8.7,1.9305134,2068
8.7,-0.73234767,2068
8.7,2.4673834,2068
8.7,1.7568554,2068
8.59,1.9810315,2068
8.52,-0.73083293,2068
8.52,1.1924739,2068
8.52,1.0099058,2068
8.52,-0.94879377,2068
8.52,2.8852358,2068
8.4,-2.0464535,2068
8.4,-1.3881781,2068
8.4,-1.0720297,2068
8.3,-0.5171452,2068
8.3,-0.32980636,2068
8.0,-0.3311908,2068
8.0,-0.86475205,2068
7.96,-0.045039598,2068
7.89,0.3466377,2068
7.85,-0.5596788,2068
7.85,2.9748936,2068
7.8,1.1585792,2068
7.72,-0.57854533,2068
7.62,0.0751325,2068
7.57,-1.8747126,2068
7.55,0.76672345,2068
7.52,-0.3114189,2068
7.52,3.0204275,2068
7.51,-1.4429296,2068
7.5,0.44381613,2068
7.35,-1.6720654,2068
7.34,-0.8801988,2068
7.34,0.57125133,2068
7.24,-1.9023876,2068
7.19,-0.24418473,2068
7.13,-0.055784717,2068
7.05,-0.36222267,2068
7.03,0.51886994,2068
7.0,-3.145187,2068
6.89,1.9223284,2068
6.89,-1.5206194,2068
6.77,-1.3537768,2068
6.75,0.88628215,2068
6.55,-1.9135954,2068
6.42,0.0076804683,2068
6.41,-3.2297585,2068
6.36,-0.71227074,2068
6.11,-2.771861,2068
6.11,-0.86388165,2068
5.96,-0.18331102,2068
5.96,-1.5120934,2068
5.64,-2.5913544,2068
5.58,-2.6155062,2068
5.55,0.4702404,2068
5.52,-0.73272425,2068
5.21,0.12219263,2068
6.86,6.0509667,13494
6.48,2.074228,13494
6.06,1.0810808,13494
5.7,-0.17376232,13494
5.48,2.0340793,13494
5.4,-2.275993,13494
6.54,3.3378923,11505
5.52,-1.4194343,15802
5.09,0.1083845,15389
8.3,-0.45169795,8772
8.26,-2.191015,8772
8.26,-3.6185987,8772
8.01,-2.584087,8772
7.95,-6.978043,8772
9.98,-0.4062744,10504
9.52,1.3393261,14650
9.3,4.49386,14650
9.05,-0.11314923,14650
8.89,2.8567855,14650
7.94,-1.6866348,14650
7.79,3.601666,14650
7.71,1.9736549,14650
7.6,1.4983186,14650
7.25,-2.9240608,14650
6.94,-4.2023406,14650
6.92,3.3060813,14650
6.81,-0.49101037,14650
6.63,2.6779819,14650
6.31,-2.1197236,14650
6.31,2.513529,14650
6.29,-3.8704994,14650
5.52,2.435943,14650
5.2,-2.8514214,14650
4.47,2.1781664,14650
4.2,3.8807433,14650
8.3,-3.1538105,16294
5.46,3.006592,12690
6.9,4.089303,15054
8.92,3.044265,12380
8.37,3.706967,12380
8.21,2.7902343,12380
7.94,1.7258507,12380
7.9,3.0679471,12380
7.87,3.5388935,12380
7.78,-2.2863472,12380
7.69,2.6545122,12380
7.63,-1.8579699,12380
7.61,1.8753521,12380
7.55,0.5548817,12380
7.23,-3.8349407,12380
7.13,1.9268824,12380
6.85,0.084442094,12380
6.82,-1.402245,12380
8.36,0.080183215,11934
7.72,1.7962899,12336
6.64,-0.41606,12336
6.53,3.6242414,12336
6.68,-2.775662,7570
6.6,-1.9545588,7570
6.52,-1.5431535,7570
6.35,-3.4343152,7570
6.3,-6.870266,7570
6.01,-7.625845,7570
5.75,-7.864575,7570
5.64,-10.042787,7570
6.23,2.7515168,17681
6.5,-1.6429024,2793
6.5,-0.40175968,2793
6.5,0.9231648,2793
6.4,-3.6305974,2793
6.2,-1.3490462,2793
6.2,-1.5118779,2793
5.89,-0.4935573,2793
5.8,-1.212977,2793
5.6,-2.342951,2793
5.6,-2.3092568,2793
6.49,-3.2619684,11648
5.89,4.5102754,11648
6.65,0.5269178,5416
6.07,0.87233144,5416
5.34,1.7299569,5416
7.42,-5.7978034,12122
5.62,1.0322477,13287
7.0,0.85106534,17654
6.19,5.7957487,10622
8.85,3.9068592,465
8.64,5.296009,465
8.64,4.2834296,465
8.6,1.6066014,465
8.59,5.421339,465
8.44,4.843484,465
8.33,1.9232761,465
8.32,5.0572443,465
8.31,4.8917546,465
8.3,3.3915966,465
8.28,4.037307,465
8.12,3.670782,465
8.09,2.9985936,465
7.92,4.514986,465
7.89,4.134178,465
7.68,3.9353955,465
7.66,-0.02611189,465
7.52,6.4154315,465
8.7,-0.95335513,9692
8.22,-3.6293242,9692
5.0,5.9308853,17531
8.77,-0.94542277,5492
8.64,-1.3676256,5492
8.38,3.1684213,5492
8.34,1.9197129,5492
8.28,-1.4713863,5492
8.15,2.9605713,5492
8.05,0.080388285,5492
8.01,-0.33415252,5492
8.0,-0.9782452,5492
7.97,-1.6128663,5492
7.77,-1.7214867,5492
7.72,-3.010617,5492
7.7,-1.2950677,5492
7.62,-2.32334,5492
7.44,-3.1289656,5492
7.4,-2.8406022,5492
7.34,-1.5323787,5492
7.29,-1.8631742,5492
7.07,-1.3795851,5492
7.05,-4.0051017,5492
7.0,-4.1667852,5492
6.82,-1.8632816,5492
6.8,-2.0793977,5492
6.72,-2.7763464,5492
6.72,-3.2271974,5492
6.7,-2.2188156,5492
6.68,-2.1245584,5492
6.52,-1.903181,5492
6.5,-1.6965563,5492
6.44,-2.6637151,5492
6.43,-3.8891377,5492
6.23,-1.2761611,5492
6.05,-1.4264318,5492
6.0,-1.9808719,5492
5.82,-4.076635,5492
5.8,-2.148933,5492
7.52,-0.5525768,6624
7.14,3.463242,6624
8.7,0.67555815,6594
6.41,-3.9246209,6594
8.52,2.6509311,10390
6.58,6.1578307,10390
6.21,-4.284619,1457
4.05,-5.517865,1457
7.75,0.045402594,11845
7.72,-2.5153587,11845
8.22,4.7233896,1668
7.22,3.4673626,1668
6.62,0.95437056,1668
8.3,3.406842,4473
8.22,2.7550817,4473
8.1,2.766193,4473
8.05,3.323879,4473
8.05,2.1134293,4473
8.05,3.323879,4473
7.92,2.70697,4473
7.89,3.1119251,4473
7.82,0.7474406,4473
7.66,2.1292489,4473
7.52,2.1050742,4473
7.43,3.0026343,4473
7.39,0.33379897,4473
7.33,0.9198651,4473
7.28,3.885674,4473
7.01,0.86675787,4473
6.97,0.715728,4473
6.94,-1.7274723,4473
6.81,2.842842,4473
6.75,0.08776444,4473
6.52,2.1036477,4473
6.52,-0.5233565,4473
6.5,-4.447111,4473
6.47,-0.29951835,4473
6.11,-0.9572492,4473
6.1,1.2291793,4473
5.99,3.323879,4473
5.91,4.5994735,4473
5.79,-0.788942,4473
5.4,-0.4870697,4473
5.19,0.3077757,4473
8.6,-1.1756778,15349
8.6,-0.52188593,15349
8.5,-3.4137087,15349
8.4,-2.2148066,15349
8.4,-0.487432,15349
8.3,-1.4716414,15349
8.3,-1.1004882,15349
8.2,-1.5761951,15349
8.1,-1.1486692,15349
8.1,-0.4602698,15349
8.1,-1.3402928,15349
8.0,-2.2619781,15349
8.0,-1.1259762,15349
8.0,-0.9065466,15349
8.0,-3.6617362,15349
8.0,-0.9565661,15349
7.9,-2.0190468,15349
7.9,-0.80206525,15349
7.9,-0.7767523,15349
7.8,-0.94954604,15349
7.8,-2.0536847,15349
7.8,-0.90331954,15349
7.8,-0.99531925,15349
7.6,-0.7266968,15349
7.5,-2.0677888,15349
7.5,-1.1066333,15349
7.5,-4.384061,15349
7.5,-1.5597061,15349
7.4,-0.32976097,15349
7.4,-2.9041607,15349
7.2,-3.159831,15349
7.0,-3.2560322,15349
7.0,-1.482604,15349
7.0,-1.4081731,15349
6.9,-0.4743722,15349
6.8,-0.7882402,15349
6.8,-1.0900112,15349
6.8,-0.6163078,15349
6.8,-1.8353204,15349
6.6,-1.9218498,15349
6.5,-3.064137,15349
6.5,-1.7085308,15349
6.2,-0.45671543,15349
6.0,-2.4426963,15349
5.9,-3.5914543,15349
5.7,-0.2914969,15349
5.6,-1.6361777,15349
5.6,-2.3108397,15349
5.6,-0.9402584,15349
5.6,-1.255551,15349
5.5,3.7261815,15349
5.4,-1.0755224,15349
5.2,-4.044676,15349
6.19,1.8359604,14748
5.96,-1.7587582,14748
5.89,-1.0343764,14748
5.75,0.29603446,14748
9.22,0.42713013,10512
8.92,4.4162602,10512
8.43,1.4414159,10512
8.38,1.1613902,10512
7.96,0.84499735,10512
7.62,1.3329235,10512
7.29,0.8392441,10512
7.21,4.354022,10512
7.16,1.4414159,10512
7.08,1.042249,10512
6.98,-2.6866639,10512
6.91,1.2412744,10512
6.73,-1.6292248,10512
6.33,-2.4566684,10512
5.84,-0.14188403,10512
7.17,1.9023696,11713
6.52,0.5250303,2484
9.7,-0.4724831,2870
9.7,5.92048,2870
9.52,5.407826,2870
9.4,5.5867395,2870
9.3,5.7298675,2870
9.15,2.0456815,2870
9.05,2.4175913,2870
9.0,-2.5010247,2870
8.7,1.0521773,2870
8.7,0.11105933,2870
8.52,1.5824335,2870
8.52,0.6354968,2870
8.52,2.559399,2870
8.52,-0.5746619,2870
8.4,-0.79121196,2870
8.4,-0.061615907,2870
8.4,0.12481194,2870
8.3,-3.795902,2870
8.3,-2.1864374,2870
8.3,-2.1198957,2870
8.3,0.8980392,2870
8.3,3.9600585,2870
8.22,1.1117531,2870
8.22,-0.8012992,2870
8.22,-0.7856257,2870
8.15,0.8149234,2870
8.05,0.4285617,2870
8.0,1.8477397,2870
7.7,0.784643,2870
7.7,-0.24489379,2870
7.3,-2.1646688,2870
7.3,-2.7935514,2870
6.8,3.8770006,8418
5.52,-0.8736307,3058
4.59,3.9397037,3058
7.3,-0.7611551,10930
5.82,2.5061898,2700
5.75,-0.5530259,2700
4.47,2.020621,2700
7.55,0.5519557,5522
7.48,3.0651264,5522
7.47,0.15481219,5522
7.32,1.3243386,5522
7.32,1.8708583,5522
7.32,3.3332207,5522
7.27,-1.6410735,5522
7.26,-1.6257782,5522
7.26,-1.497072,5522
7.17,-1.7246281,5522
7.09,-2.2486637,5522
7.07,-1.6502256,5522
7.02,-0.37328884,5522
7.0,0.9859535,5522
6.97,-2.5747464,5522
6.79,0.95483303,5522
6.77,0.5340668,5522
6.64,-0.7518513,5522
6.52,2.1885297,5522
5.24,-0.6686549,10091
5.22,2.916229,2775
8.7,2.5387864,7727
8.52,1.6538792,7727
8.52,0.9002186,7727
8.52,-0.5431897,7727
8.15,1.0573115,7727
8.05,2.2339058,7727
7.92,-1.9354974,7727
7.92,-0.88624144,7727
7.92,-2.3656917,7727
7.89,1.8625258,7727
7.82,-1.66545,7727
7.82,1.389671,7727
7.8,1.5076178,7727
7.8,-1.7677213,7727
7.77,-0.40651178,7727
7.72,-1.0017121,7727
7.68,-1.7279844,7727
7.66,0.24738425,7727
7.66,-0.72275585,7727
7.62,-0.88255924,7727
7.57,-1.3557252,7727
7.5,-2.3035223,7727
7.5,-2.2963655,7727
7.46,1.2203325,7727
7.44,-1.9001706,7727
7.42,0.44891176,7727
7.42,-1.7061555,7727
7.36,-1.1078535,7727
7.35,-0.7634778,7727
7.34,-0.90946203,7727
7.32,-0.20679459,7727
7.29,-1.66545,7727
7.26,-1.7061555,7727
7.24,-1.5624319,7727
7.18,1.5241467,7727
7.16,-1.0420288,7727
7.16,-0.944539,7727
7.16,-1.4442374,7727
7.12,-1.3535664,7727
7.11,-2.0677435,7727
7.09,-1.5911168,7727
7.07,-1.07988,7727
7.05,-1.4250201,7727
7.05,-1.5528988,7727
7.03,-1.9953479,7727
7.01,-2.1774929,7727
7.0,-1.1078535,7727
6.99,-3.5141165,7727
6.99,-2.0376198,7727
6.96,-1.3757982,7727
6.96,0.33304,7727
6.95,-1.522512,7727
6.94,-2.5119326,7727
6.93,-1.8861861,7727
6.89,-1.3311518,7727
6.84,-1.0420288,7727
6.82,-2.418304,7727
6.82,-1.7706667,7727
6.81,-1.9884598,7727
6.81,-3.1078444,7727
6.8,-0.7305129,7727
6.76,-2.2565515,7727
6.76,-3.599006,7727
6.76,-2.8243494,7727
8.15,2.273988,4545
7.72,1.9081451,4545
7.57,0.76881593,4545
7.4,1.5137407,4545
7.35,0.4639774,4545
7.35,1.1681422,4545
7.24,1.3043015,4545
7.23,-2.3541682,4545
7.21,-1.0787014,4545
7.04,0.9682373,4545
6.97,-1.6631507,4545
6.84,0.6186295,4545
6.77,0.9091165,4545
6.57,-0.66018283,4545
6.5,1.2489672,4545
6.26,-4.2996597,4545
5.87,-5.2609777,4545
5.85,-3.6085796,4545
5.85,-2.5707011,4545
5.81,-3.1058726,4545
5.6,-0.79903126,4545
5.24,1.1721846,4545
5.16,-4.580666,4545
4.92,-6.3211865,4545
4.73,-3.7284749,4545
4.53,-5.3052087,4545
4.5,1.1138116,4545
6.89,-1.6859428,14383
5.82,0.079998225,14383
5.82,-1.1291038,1215
5.7,3.058152,1215
5.46,4.5607357,1215
5.3,-1.2518874,1215
5.19,0.81552494,1215
4.82,1.3668107,1215
4.82,1.2415141,1215
4.77,0.7663001,1215
4.66,1.0615082,1215
4.66,-4.873585,1215
4.64,1.5595587,1215
4.6,0.9420952,1215
4.58,0.9071914,1215
4.55,3.514518,1215
4.54,3.5969942,1215
4.52,-1.9978896,1215
4.41,3.4306376,1215
4.37,4.258636,1215
4.34,0.07650887,1215
4.28,-1.1582689,1215
4.14,-0.73672026,1215
4.02,2.6765635,1215
8.15,3.731599,3344
7.03,4.3665295,3344
6.54,-1.4929512,3344
5.85,2.6744928,3344
5.85,-0.2395441,3344
5.43,2.5741272,3344
5.29,-0.6838689,3344
5.14,1.2886283,3344
5.11,0.13347733,3344
6.5,-3.5449598,6739
6.22,0.8455296,6739
6.2,-0.24821734,6739
5.95,-1.9973341,6739
5.73,-0.67929363,6739
5.67,-0.7830349,6739
5.64,-2.3864105,6739
5.48,-0.27432728,6739
5.46,-0.6499262,6739
5.42,-1.7940232,6739
5.16,-2.9717984,6739
5.14,0.034092437,6739
5.0,-0.90452284,6739
5.0,-2.5242546,6739
4.96,-3.790676,6739
4.57,-2.9410143,6739
4.57,-2.0282316,6739
4.55,-0.5650667,6739
6.57,3.3984425,6474
6.52,4.5467563,6474
6.35,3.5302167,6474
6.06,5.5086327,6474
5.92,1.9760355,6474
5.77,4.0812335,6474
5.6,3.4767818,6474
5.26,4.171854,6474
5.12,3.7347994,6474
6.8,2.6422904,5018
6.48,1.4785203,5018
6.22,1.1591368,5018
6.21,1.2861332,5018
5.89,0.46667814,5018
5.85,1.2006738,5018
5.84,0.94395447,5018
5.66,1.8140004,5018
5.64,1.7200438,5018
5.62,-0.094877966,5018
5.6,1.6029408,5018
5.6,-1.3322853,5018
5.54,-0.52153814,5018
5.47,-2.2155073,5018
5.42,-1.2187235,5018
5.35,0.90806115,5018
5.32,0.30586833,5018
5.16,-1.117492,5018
5.09,-3.660621,5018
5.03,-0.05860331,5018
5.0,-0.21917951,5018
4.92,-5.6979046,5018
8.22,-0.3623882,17837
8.05,2.8633986,17837
7.85,1.4206833,17837
7.51,-4.7392898,17837
7.37,1.1011683,17837
7.17,-1.4639361,17837
7.17,-2.29159,17837
7.15,-1.8756617,17837
7.12,-4.8221197,17837
7.07,-3.3849778,17837
7.02,3.6617494,17837
6.96,-2.5032108,17837
6.95,-3.5429308,17837
6.95,-2.9470441,17837
6.92,1.506301,17837
6.91,-3.239649,17837
6.84,-1.6941211,17837
6.82,-4.096412,17837
6.69,-0.86732596,17837
6.61,-5.7799687,17837
6.6,-3.47096,17837
6.52,-4.3689566,17837
6.15,-4.501667,17837
6.05,-1.9558142,17837
8.0,1.7113726,1283
7.8,2.4736447,1283
7.48,4.6412716,1283
7.32,-3.3893428,1283
9.66,-0.34041965,10215
9.36,-4.1113787,10215
8.52,-2.115975,10215
7.54,-3.0426397,10215
7.01,-7.122607,10215
6.57,-2.390503,10215
7.8,1.6482319,4588
7.66,1.7955942,4588
7.62,-1.8729687,4588
7.55,3.9912279,4588
7.54,-0.8275084,4588
6.88,-1.0231441,4588
5.82,-0.39122352,4588
6.23,-3.3583555,17752
6.51,3.2853267,17501
6.47,-0.5646807,17501
7.43,4.52415,14892
7.62,-1.3652054,15799
7.55,-1.1768042,15799
7.54,-4.3855195,15799
7.39,-4.223644,15799
7.39,-4.4957814,15799
7.21,-1.8714354,15799
7.2,-2.7581162,15799
7.15,-3.2983956,15799
7.15,-3.5401165,15799
7.06,-3.921926,15799
6.95,-5.137589,15799
6.58,-1.1495169,15799
6.55,-2.9928455,15799
6.46,-0.7208096,15799
6.29,-2.044524,15799
6.0,-3.895378,15799
7.52,2.1222432,15843
4.6,-5.817892,15843
4.2,-4.24629,15843
4.0,-4.6625896,15843
4.0,-5.817892,15843
4.0,-2.7351172,15843
9.22,-2.731159,17730
8.59,-3.44016,17730
8.25,-1.8281558,17730
8.12,-3.152805,17730
7.77,1.5017613,17730
7.44,0.8867617,17730
7.2,-0.6125969,17730
5.37,0.5752966,15991
4.85,4.1292667,15991
6.0,-2.7468312,9798
8.22,1.7172598,7046
7.26,-0.22822934,7046
7.22,0.24313438,7046
6.7,0.41905135,7046
6.68,-0.30637056,7046
6.64,0.938989,7046
6.6,-2.6666253,7046
6.52,-0.29032704,7046
6.5,-2.9788048,7046
6.38,-0.7700379,7046
6.21,-0.26481012,7046
6.17,-0.3167459,7046
6.14,-0.5749126,7046
6.08,-0.13837406,7046
5.92,-0.07980336,7046
5.83,0.24175239,7046
5.79,0.08053062,7046
5.59,-0.50590926,7046
5.23,0.9639338,7046
5.01,-1.1253383,7046
7.33,-2.596728,13169
6.47,-1.5152756,13169
6.36,0.23316059,13169
6.24,-2.3895566,13169
6.02,-2.6562433,13169
5.97,-0.91178006,13169
5.96,-2.299732,13169
5.85,-2.342956,13169
5.71,2.024401,13169
5.46,1.4931755,13169
5.43,-2.5869355,13169
5.4,2.591491,13169
5.27,2.2744439,13169
4.96,2.2600286,13169
4.75,-1.6994816,13169
4.71,1.365338,13169
5.35,-0.5144541,1093
6.01,6.6584735,5725
6.28,-4.3154902,1657
6.16,-5.148408,1657
7.15,-1.7635123,14467
9.7,-7.7462816,5782
9.52,-5.33695,5782
9.4,-5.83866,5782
9.3,-4.5481324,5782
9.15,-4.5449176,5782
8.74,-3.7544067,5782
8.52,-6.3791146,5782
8.34,-2.7145236,5782
8.3,-1.5278387,5782
8.15,-4.850312,5782
7.96,-5.804509,5782
7.12,-6.214813,5782
7.05,0.27755162,5782
6.26,-6.8407717,5782
6.01,-1.9293959,5782
6.82,4.345734,15236
6.62,6.5264034,15236
6.21,6.2211304,15236
5.9,5.2305646,15236
5.87,4.3122764,15236
5.21,0.9982845,15236
5.17,-0.46486005,15236
5.16,0.9735208,15236
8.68,2.1795,7793
8.32,-1.7843088,7793
8.2,0.12900293,7793
8.05,6.972531,7793
4.7,-0.13837063,11067
7.16,-3.0900798,15956
5.66,3.3313649,12081
5.3,4.641744,12081
5.01,3.0436502,12081
4.96,6.752019,12081
4.85,2.5583825,12081
5.72,0.08631642,6720
5.09,-5.9842877,6720
6.28,-7.6069846,5292
6.12,2.5977862,6692
9.15,0.4811303,14529
9.14,5.0644083,14057
8.59,4.075585,14057
8.24,1.7274922,14057
8.23,0.67789143,14057
8.14,-0.5715794,14057
7.75,-0.9798623,14057
8.7,1.3452926,3180
8.52,2.0296295,3180
8.52,1.4772654,3180
8.52,1.3697933,3180
8.3,0.9529859,3180
8.3,2.71296,3180
8.22,2.204829,3180
8.22,2.044444,3180
8.22,1.3782299,3180
8.15,1.1045295,3180
8.15,-1.2224549,3180
8.0,2.1683636,3180
7.89,0.5359193,3180
7.77,2.4874177,3180
7.7,1.3929701,3180
7.26,-1.1898437,3180
6.37,0.020445466,3180
6.21,0.30274537,3180
6.07,-2.9294386,3180
5.71,-3.4709027,3180
10.1,1.5497851,7551
8.42,0.14388782,7551
4.41,-4.234859,1643
7.06,-2.0259845,2306
6.5,-2.5958643,2306
6.48,-3.3984797,2306
6.45,-0.9438684,2306
6.44,0.86047775,2306
6.43,4.1541076,2306
6.27,-3.2099733,2306
6.18,0.55145234,2306
6.15,-2.7665594,2306
6.15,-2.3813353,2306
6.13,-3.0307827,2306
6.08,-2.7424452,2306
6.07,-7.010217,2306
5.91,0.90765756,2306
5.66,-2.2848644,2306
5.6,-0.009311795,2306
5.5,-4.1732802,2306
5.43,-1.9726945,2306
5.25,-2.2057476,2306
5.13,-3.1651485,2306
4.82,-3.524954,2306
4.74,-5.384003,2306
4.48,-5.013848,2306
4.37,-2.8998995,2306
4.08,-1.6985954,2306
7.6,1.8876653,13819
7.57,-3.5627384,13819
7.57,-1.9973472,13819
7.28,-2.409082,13819
6.85,2.856942,13819
6.57,-3.9774163,13819
6.57,2.5363152,13819
6.05,-3.2993386,13819
5.96,-2.5668514,13819
5.96,-3.1377869,13819
5.92,-1.9162043,13819
5.8,-3.8176389,13819
5.75,-3.424018,13819
5.7,-3.0502052,13819
5.55,-3.2961273,13819
5.5,-2.8362248,13819
6.51,-1.6743448,2764
6.32,1.9562918,2764
5.52,0.022330523,2764
8.53,0.5603853,14898
7.85,3.1233747,1484
8.47,6.1014895,10060
7.9,-0.24455303,10060
7.82,3.326108,10060
7.52,-5.37285,5959
6.4,-4.2388663,5959
6.23,-5.3973527,5959
5.9,0.22312036,5959
5.88,-2.7509263,5959
5.53,-4.283737,5959
5.48,0.5769598,5959
5.4,1.2026218,5959
5.11,0.23733503,5959
6.4,3.1184857,16500
7.92,1.4083662,1012
7.38,1.4098854,1012
6.57,1.2030045,1012
6.05,-1.1818124,1012
5.34,-0.8339378,1012
4.57,-3.0995402,1012
4.55,-4.2293305,1012
6.08,-0.51731515,17505
5.7,3.5416234,17505
4.0,-1.1105471,5074
6.16,-5.7685466,7099
5.3,1.2380496,15466
6.55,-4.442876,13548
5.72,0.1284613,13548
5.29,-4.0246716,3871
9.0,0.43682587,177
8.8,-0.5069472,177
8.6,1.7170938,177
8.43,0.3054665,177
8.4,0.43682587,177
8.22,1.4567527,177
8.15,0.47555596,177
8.05,0.3054665,177
8.05,0.19601506,177
7.95,0.6437147,177
7.68,-0.06939286,177
7.52,1.0701405,177
7.37,1.020283,177
7.3,1.5106677,177
7.28,0.40812838,177
7.22,-0.34448773,177
7.18,-0.33499137,177
7.15,-0.25890926,177
7.14,0.3283637,177
7.09,0.7248834,177
7.04,0.83047724,177
6.96,-0.34944272,177
6.92,-3.2497926,177
6.85,-3.1863053,177
6.82,0.16667292,177
6.69,0.15353447,177
6.64,-1.8873522,177
6.58,-4.2849913,177
6.55,-0.24150884,177
6.51,0.87086123,177
6.42,1.2148212,177
6.36,-4.467245,177
6.3,4.034001,177
6.3,2.3457072,177
6.3,-1.6668382,177
6.3,1.0270135,177
6.3,-1.1194849,177
6.3,1.934982,177
6.3,1.6996763,177
6.3,-0.7371363,177
6.3,-4.0332565,177
6.28,-4.891772,177
6.21,0.6342489,177
6.18,-0.302629,177
6.16,-1.5950719,177
6.12,-1.5439147,177
6.08,-2.7838867,177
6.07,0.7759082,177
6.05,0.61802274,177
6.03,-0.36131892,177
6.0,-1.0303125,177
6.0,-1.2819514,177
6.0,0.31449795,177
5.96,-4.549213,177
5.96,-1.6590086,177
5.93,-0.053392224,177
5.9,-0.21496832,177
5.82,-4.5347075,177
5.8,-1.095521,177
5.74,0.10989066,177
5.73,0.66922885,177
5.7,-0.80237585,177
5.7,1.0561644,177
5.7,0.8494546,177
5.7,2.6140099,177
5.7,1.0314561,177
5.64,-1.9543192,177
5.6,2.5146787,177
5.52,1.0964391,177
5.44,-3.7499137,177
5.42,-3.4103396,177
5.41,-3.0088885,177
5.4,-0.25913653,177
5.4,2.34984,177
5.4,0.28298107,177
5.37,0.07757569,177
5.3,-4.25433,177
5.3,-4.3506956,177
5.3,0.22378984,177
5.3,-2.9157822,177
5.27,0.15640625,177
5.25,0.19434434,177
5.18,1.7692032,177
5.12,-0.5469347,177
5.12,-1.3978268,177
5.11,0.12160539,177
5.07,-2.0090895,177
5.0,-0.9405767,177
5.0,-3.1914062,177
4.89,1.4471892,177
4.64,1.1199584,177
4.55,-3.9031627,177
4.44,-1.7953024,177
4.43,0.2150347,177
4.42,-0.30228394,177
4.41,-1.8118339,177
4.4,-3.821793,177
4.12,-3.8460305,177
4.06,-0.45013726,177
4.98,-2.5164866,11076
4.97,-1.0360792,11076
4.59,-0.08968977,11076
7.01,-1.6080135,2227
6.23,0.20173135,10986
5.0,-0.8672771,7484
4.0,0.29806718,5073
5.96,1.309554,5197
5.36,-1.0074967,5197
5.22,-3.4301245,2648
5.16,2.7174904,2648
4.04,-1.356657,2648
8.3,0.7916515,16936
8.24,1.0339519,16936
7.28,-2.1848712,16936
7.17,0.11705545,16936
7.05,0.31814474,16936
6.76,1.0470825,16936
6.63,-0.6239365,16936
6.44,4.5294237,16936
6.39,-3.353104,16936
5.79,2.8338091,16936
5.68,3.0727618,16936
5.6,-0.26452917,16936
5.59,-2.5972128,16936
5.28,-2.533539,16936
5.08,-3.1744747,16936
6.54,0.7577607,3364
6.16,1.2853752,3364
6.01,0.7896049,3364
7.54,-1.3858684,5692
7.05,5.4669466,5692
6.77,-2.4036055,5692
6.68,2.1495907,5692
5.92,-3.9697456,5692
5.18,-0.5708422,5692
5.05,-1.2221872,5692
6.97,-0.8698269,13643
7.15,-2.8444371,14937
10.0,0.25742778,6255
10.0,0.01899425,6255
10.0,-1.1205732,6255
10.0,1.0595281,6255
9.7,-0.17838627,6255
9.7,1.9842821,6255
9.7,0.015578225,6255
9.7,0.62675184,6255
9.7,1.324375,6255
9.7,-0.09634326,6255
9.52,-1.5111159,6255
9.52,-0.46901515,6255
9.52,0.6733685,6255
9.52,1.2123612,6255
9.52,0.7816898,6255
9.52,1.3078166,6255
9.52,0.88260883,6255
9.4,-0.78033626,6255
9.4,1.649089,6255
9.4,0.53571445,6255
9.4,1.7181696,6255
9.4,0.5825651,6255
9.4,0.1296246,6255
9.4,0.14221221,6255
9.4,-0.06440834,6255
9.3,0.4333801,6255
9.3,0.93066823,6255
9.22,-1.5356069,6255
9.22,2.461864,6255
9.22,1.1983482,6255
9.22,0.01029852,6255
9.22,0.81638783,6255
9.15,0.28739172,6255
9.05,-0.121432155,6255
9.05,1.9384297,6255
9.05,1.4150379,6255
9.05,0.5454294,6255
9.0,0.8620896,6255
9.0,-1.1188349,6255
9.0,-1.9379042,6255
9.0,-0.4498889,6255
8.96,-0.5411394,6255
8.92,0.7326209,6255
8.92,-0.80014133,6255
8.89,-0.34063,6255
8.89,0.950546,6255
8.85,0.49762416,6255
8.85,-1.6133447,6255
8.82,-1.3464127,6255
8.82,0.51184416,6255
8.8,-0.31721875,6255
8.8,-1.0649335,6255
8.8,0.6759247,6255
8.8,0.818538,6255
8.77,0.80096525,6255
8.77,1.0820628,6255
8.74,0.68043935,6255
8.72,1.3183231,6255
8.7,0.18241674,6255
8.7,-3.1373782,6255
8.66,-1.075763,6255
8.62,0.41136307,6255
8.6,-2.91015,6255
8.6,1.5164787,6255
8.6,2.5365756,6255
8.6,1.0490015,6255
8.59,0.6957113,6255
8.57,-2.2083292,6255
8.51,1.6453347,6255
8.47,-0.23416594,6255
8.44,1.3405255,6255
8.4,1.5345984,6255
8.35,-0.5284255,6255
8.31,1.0215944,6255
8.28,-0.031037375,6255
8.27,-0.1518758,6255
8.22,-2.5382254,6255
8.11,1.2882782,6255
8.1,0.87045836,6255
8.09,1.154155,6255
8.08,-1.2967182,6255
7.93,-1.9415008,6255
7.93,1.9386605,6255
7.91,-2.7925284,6255
7.85,0.64241326,6255
7.82,0.5452573,6255
7.81,0.07057498,6255
7.8,1.4221663,6255
7.79,-1.5892051,6255
7.78,-2.4509935,6255
7.68,-0.6473298,6255
7.68,2.1503282,6255
7.65,0.4786694,6255
7.56,1.9973341,6255
7.51,-1.5682148,6255
7.5,0.6560875,6255
7.46,-0.464558,6255
7.45,0.56048614,6255
7.41,0.87388784,6255
7.33,-4.8127365,6255
7.33,-0.881634,6255
7.26,0.5969715,6255
7.2,1.3489276,6255
7.19,-1.2210071,6255
7.15,1.3641618,6255
7.1,0.18680596,6255
7.1,-2.1389437,6255
6.98,-1.0190903,6255
6.96,0.29030418,6255
6.4,-2.5417652,6255
6.4,-3.5520525,6255
6.39,-3.5518503,6255
6.3,-3.2707698,6255
5.96,-4.234673,6255
5.92,-4.217435,6255
5.58,-1.3126932,6255
7.39,0.54531384,208
6.83,-2.5812395,208
6.79,3.515046,208
6.38,0.09417601,208
6.28,-1.1903135,208
5.97,-1.7371359,208
5.97,-0.5741151,208
5.93,-0.5741151,208
5.7,-1.9530921,208
5.53,-0.68155485,208
8.52,-4.210587,1970
6.16,0.6836699,1970
6.92,0.25204673,10658
6.64,0.06735539,10658
6.38,1.6438687,10658
6.12,-5.9297814,10658
5.85,-2.4130077,10658
5.33,-7.192616,10658
5.26,-5.5098505,10658
5.21,-5.0724463,10658
5.12,-5.682664,10658
5.03,-7.360741,10658
5.01,-7.616153,10658
6.74,6.2035193,1489
4.26,-3.598045,8133
4.22,-5.6527557,8133
4.21,-3.109034,8133
4.21,-3.1260486,8133
4.19,-2.3238232,8133
4.17,-4.509792,8133
4.14,-4.211295,8133
4.12,-5.00483,8133
9.0,-3.3654299,4758
8.92,-2.5132995,4758
8.73,-1.5821592,4758
8.19,3.001055,4758
5.45,-6.513668,16878
8.7,-1.4893314,15892
8.0,1.3381639,15892
7.82,-0.80003333,15892
7.82,0.37433606,15892
7.55,-1.4212226,15892
6.82,-0.8255746,15892
6.7,-1.36194,15892
6.13,-2.9296622,15892
6.03,-0.18355975,15892
5.84,-3.6119335,15892
5.61,-4.965879,15892
5.54,-5.404116,15892
8.4,4.714192,6850
8.15,4.6292663,6850
8.1,3.302899,6850
8.1,3.093904,6850
8.05,2.2462318,6850
7.89,3.8928883,6850
7.8,2.2251227,6850
7.57,1.9911689,6850
7.35,-1.2468745,6850
7.33,4.0730467,6850
6.92,1.35316,6850
6.68,2.7741904,6850
6.15,3.0698397,6850
5.05,4.214577,6850
6.32,-1.6365795,7729
6.04,1.4173731,7729
5.63,-0.37967917,7729
5.6,1.1962405,7729
5.52,3.007664,7729
5.21,-0.77509266,7729
5.16,-1.6650522,7729
5.1,-1.6339753,7729
4.68,-2.8428535,7729
4.87,-1.9006863,15208
4.64,2.7818213,15208
4.38,-3.6258514,15208
6.36,0.73757166,14533
6.4,-3.832757,15220
6.3,-4.017968,15220
5.89,0.03764178,15220
5.4,-5.744992,15220
5.27,1.1844022,15220
5.16,0.689602,15220
5.1,-5.536045,15220
4.77,-4.151619,15220
4.4,-2.5887015,15220
7.8,-0.34045455,10343
7.04,0.5971783,10343
6.75,0.3733898,10343
6.72,0.09322857,10343
6.28,0.73463607,10343
6.25,-0.18448079,10343
6.6,-2.6525042,2743
5.0,-0.34094232,8713
9.0,3.8255084,3150
8.7,4.1973734,3150
8.7,4.0647564,3150
8.52,3.8451545,3150
8.22,2.869768,3150
8.22,3.816206,3150
8.15,3.4934895,3150
8.05,2.6214764,3150
7.92,1.8597419,3150
7.85,3.574452,3150
7.82,2.0713902,3150
7.75,2.7721512,3150
7.72,3.190484,3150
7.72,3.190484,3150
7.3,1.858482,3150
7.17,2.1418848,3150
6.82,3.3544133,3150
6.77,0.6701806,3150
6.61,1.9267718,3150
6.58,1.8666221,3150
6.58,2.513145,3150
6.54,2.3979406,3150
6.48,1.3174942,3150
6.37,1.8883796,3150
6.33,-0.8490198,3150
6.16,1.9524223,3150
6.08,2.247074,3150
6.04,1.0557102,3150
5.81,0.11104939,3150
8.17,1.6597093,8603
8.09,-0.088026,8603
7.96,1.8605585,8603
7.95,2.7616339,8603
7.85,1.9894978,8603
7.8,4.094085,8603
7.67,2.847369,8603
7.65,-3.8756342,8603
7.58,3.600828,8603
5.92,0.25238198,8603
5.1,0.30066672,7180
5.0,-2.7085345,7180
5.0,-1.6217002,7180
5.0,0.7610881,7180
5.0,1.2171012,7180
4.9,1.2171012,7180
4.7,0.04599251,7180
4.7,1.6507486,7180
4.6,2.5728447,7180
4.4,-2.1981957,7180
4.4,-0.15034828,7180
6.6,4.1342845,3717
6.5,-0.55067044,3717
6.5,2.2256079,3717
6.4,3.3410213,3717
6.4,-1.0055873,3717
6.4,3.751582,3717
6.3,3.511895,3717
6.3,3.3127468,3717
6.2,0.8310397,3717
5.7,-3.7282891,3717
5.6,-2.4557369,3717
5.5,1.3166414,3717
5.3,-2.4840915,3717
8.4,3.176406,2997
8.3,1.1662637,2997
8.05,0.6624051,2997
7.58,0.99644285,2997
7.44,-2.732667,2997
7.38,-0.83777535,2997
6.96,-2.5062375,2997
6.55,-1.6049663,2997
6.41,0.70530576,2997
6.14,-1.9845066,2997
5.5,-1.0423603,2997
9.4,2.026609,16214
9.05,2.3275132,16214
9.0,-0.7133904,16214
8.82,2.374333,16214
8.77,0.59570915,16214
8.77,-1.2848922,16214
8.72,-1.118605,16214
8.64,0.03913281,16214
8.59,0.5729544,16214
8.57,1.6017157,16214
8.47,2.7574222,16214
8.44,1.5406426,16214
8.42,-0.8152132,16214
8.41,-0.96872145,16214
8.38,2.815078,16214
8.36,-1.158406,16214
8.35,3.5658271,16214
8.35,2.2769291,16214
8.34,1.4695398,16214
8.24,1.6935605,16214
8.24,1.9876536,16214
8.22,-0.79971457,16214
8.19,0.1463415,16214
8.05,-1.8591232,16214
8.04,-0.021475287,16214
7.87,1.5702678,16214
7.87,0.4016595,16214
7.8,1.8703855,16214
7.8,0.48931807,16214
7.79,-0.06353661,16214
7.63,2.4369228,16214
7.52,-0.8372457,16214
7.51,2.6308599,16214
7.37,1.4712031,16214
7.28,3.25214,16214
7.17,-1.6089087,16214
7.05,1.0217482,16214
7.0,-0.6923355,16214
6.96,-0.2997257,16214
6.95,-1.8675418,16214
6.88,-0.9567414,16214
6.86,-4.5955067,16214
6.63,0.7807974,16214
6.43,-0.3817151,16214
7.05,-1.8616039,8901
6.94,-1.1189234,5925
6.69,-0.00092409924,5925
6.44,2.2629101,5925
8.68,5.152494,8853
5.8,-0.56346977,10038
4.44,4.9086995,10038
9.3,5.2683554,5510
7.37,0.52521104,5510
8.85,2.890495,7299
8.82,2.3437335,7299
8.62,2.9550817,7299
8.15,-2.530523,7299
7.77,2.6091259,7299
9.03,4.2906404,10154
8.35,5.7234454,10154
7.1,7.3972163,10154
6.1,3.885277,10154
6.05,1.5131505,10154
5.82,4.909918,10154
5.58,4.3348236,10154
5.54,-1.2923676,10154
5.04,2.5607762,10154
5.72,-4.1383386,15299
5.39,-0.68653643,15299
5.19,-3.0088136,15299
5.17,-0.9221446,15299
5.01,-0.15206891,15299
4.96,-3.3393202,15299
4.96,-2.4279635,15299
4.92,-1.5371082,15299
4.82,-2.1937025,15299
4.75,-5.065383,15299
4.75,0.08780687,15299
4.66,-5.1250076,15299
4.66,0.45658588,15299
4.62,-3.5922756,15299
4.6,2.7198606,15299
4.6,-6.2777033,15299
4.6,0.29949123,15299
4.57,-2.3018656,15299
4.57,1.0989432,15299
4.57,-4.4264927,15299
4.55,-3.8752632,15299
4.46,-4.9774384,15299
4.46,-6.293206,15299
4.35,1.0447205,15299
4.3,-4.141972,15299
4.3,-3.0771682,15299
4.3,-1.9635949,15299
5.7,-4.9655104,9748
5.68,-6.062476,9748
5.37,0.812818,9748
5.19,-0.21958631,9748
5.18,-2.6557682,9748
5.07,-5.8020735,9748
4.96,-1.7929684,9748
6.71,-0.9048811,1806
4.58,-2.6528738,4045
6.62,0.038233764,8944
6.15,-1.6830162,8944
5.39,3.69379,3198
8.29,1.5741559,3679
8.02,0.6618007,3679
7.86,-1.5817808,3679
7.78,0.8406678,3679
7.72,1.5887431,3679
7.71,-0.42907518,3679
7.68,-1.8036413,3679
7.67,1.6131703,3679
7.6,0.9372943,3679
7.51,-0.8691911,3679
7.35,1.2848307,3679
7.31,2.3727293,3679
7.03,-1.5098091,3679
6.16,-0.0074665397,3679
6.03,1.9845823,3679
5.81,-0.25202772,3679
5.38,1.2083623,3679
5.1,0.10395964,3679
5.16,-2.9368412,8533
5.07,-3.145924,8533
7.8,4.610991,5157
7.75,3.4756463,5157
7.52,-0.0054766685,5157
7.51,2.902385,5157
7.51,4.061931,5157
7.38,4.4420934,5157
7.21,4.4778357,5157
7.21,0.19871542,5157
7.0,4.061931,5157
6.96,-3.6001763,5157
6.92,2.902385,5157
6.89,4.610991,5157
6.89,4.4420934,5157
6.89,4.0352635,5157
6.89,3.4756463,5157
6.82,-4.6545115,5157
6.77,4.0352635,5157
6.68,3.4756463,5157
6.6,-2.188464,5157
6.55,4.4778357,5157
6.46,0.19871542,5157
6.42,-3.6001763,5157
6.4,-4.6545115,5157
6.24,-0.0054766685,5157
6.82,-1.5280131,5266
6.37,-1.3562762,5266
6.27,-2.8300653,5266
6.24,-1.7904419,5266
5.52,-3.4749475,5266
5.47,-1.4983624,5266
8.82,-3.0938318,14604
7.97,2.7883465,14592
6.25,0.939559,12859
6.6,1.6311294,10057
6.0,0.6393793,10057
6.0,-0.20322534,10057
5.9,-6.079463,10057
5.9,-2.3082383,10057
5.9,-1.7225235,10057
5.8,-2.3213937,10057
5.8,-2.6327257,10057
5.5,-1.7225235,10057
5.5,-0.52175796,10057
5.4,-4.360859,10057
5.4,-1.7225235,10057
5.3,-4.285107,10057
5.3,-0.22951475,10057
5.1,-2.1636243,10057
5.1,-1.8060161,10057
5.1,-4.60638,10057
5.1,-4.059632,10057
5.0,-4.059632,10057
5.0,-3.1085768,10057
4.9,-2.773098,10057
4.9,-6.079463,10057
4.9,-3.5821528,10057
4.8,-4.773271,10057
4.8,-5.443126,10057
4.8,-1.9708229,10057
4.8,-4.360859,10057
4.7,-3.2498026,10057
4.7,-2.1894834,10057
4.6,-3.7010837,10057
4.6,-2.1636243,10057
4.6,-4.285107,10057
4.6,-4.285107,10057
4.6,-5.443126,10057
4.5,-3.7010837,10057
8.4,1.5146058,15392
8.0,-0.86071163,15392
7.72,0.85118014,15392
7.51,0.382827,15392
7.4,2.7674463,15392
7.3,2.6781352,15392
7.04,-0.02095123,15392
6.96,-3.8269432,15392
6.78,2.2527049,15392
6.68,0.19924593,15392
5.51,3.4827173,15392
7.37,3.4542625,5905
9.05,5.4812803,13918
8.85,-0.4637649,13918
8.72,-1.4113227,13918
7.16,-0.28052768,11683
8.33,0.017345838,9393
8.0,-4.9895816,9393
7.82,-3.7715385,9393
7.8,-1.7968721,9393
7.68,1.3080176,9393
7.54,-1.8978245,9393
7.48,-1.5743837,9393
7.42,-0.7438033,9393
7.41,-1.5850074,9393
7.16,-0.26368934,9393
7.1,-3.1239,9393
7.08,-1.7459118,9393
6.77,-0.15645567,9393
6.66,-1.309982,9393
6.45,-1.112548,9393
6.42,0.8853898,9393
6.3,-4.415672,9393
5.68,-0.14381579,9393
5.37,-1.4735713,9393
8.05,1.5568141,7325
8.05,0.876616,7325
5.27,-2.0651677,5166
4.64,-3.0100062,10092
8.96,2.1112757,11940
7.96,-4.164437,7385
8.7,3.1052763,11206
4.58,0.73555034,12849
4.43,-0.2953894,12849
4.35,-2.160683,12849
4.14,2.4801183,12849
4.05,-0.87139165,12849
4.03,2.0788143,12849
4.0,2.456042,12849
5.0,-1.8037771,15399
8.3,1.0342814,8110
8.4,3.7708743,575
8.4,-1.6829202,575
8.22,2.511325,575
8.0,3.1969478,575
7.31,2.389269,575
7.11,2.7076216,575
7.06,-1.7260351,575
6.92,-1.111601,575
6.89,-1.782692,575
6.84,1.2736946,575
6.77,3.0150526,575
6.77,-0.42383695,575
6.72,-3.179992,575
6.67,3.6191783,575
6.64,0.06709092,575
6.42,0.43247813,575
6.24,-1.3893188,575
6.16,0.5454071,575
5.9,0.8650845,575
5.22,0.64740473,575
5.14,0.5930315,575
8.05,4.312693,7137
7.11,2.746767,2144
5.96,1.8511448,2144
5.96,2.8975976,2144
5.57,1.4827355,2144
5.0,0.8901542,2144
4.8,-0.484808,2144
4.57,0.52837247,2144
4.28,0.95548385,2144
5.5,-7.247207,6639
4.96,-1.2740124,6639
4.33,-3.6368153,6639
7.22,-3.5677993,12093
5.28,1.6209065,12093
4.22,-0.4800158,12093
9.0,5.2676854,3907
8.7,5.190279,3907
8.7,-1.6978257,3907
8.52,4.472961,3907
8.52,6.271379,3907
8.52,5.11862,3907
8.4,0.4009754,3907
8.4,2.573329,3907
8.4,4.9615946,3907
8.4,1.2338989,3907
8.3,4.3286037,3907
8.3,5.6367426,3907
8.3,3.0531452,3907
8.3,5.9838853,3907
8.22,3.9386778,3907
8.15,5.3729854,3907
8.0,4.0094466,3907
8.0,2.573329,3907
7.89,4.536613,3907
7.85,0.12913659,3907
7.8,4.524411,3907
7.8,3.9052653,3907
7.77,1.826929,3907
7.72,0.05359906,3907
7.72,0.2325865,3907
7.62,-1.1010096,3907
7.58,3.0060833,3907
7.52,5.487556,3907
7.48,-0.25722507,3907
7.47,1.4307278,3907
7.46,1.9028716,3907
7.44,3.9580195,3907
7.33,4.6445904,3907
7.21,4.5957236,3907
7.19,0.9499518,3907
7.17,5.406584,3907
7.17,4.5957236,3907
6.88,1.089662,3907
6.87,4.5957236,3907
7.7,-3.950755,5185
7.35,-2.5950134,7858
8.39,1.3318477,3559
7.85,0.6782467,3559
7.77,3.8605335,3559
7.54,2.5834436,3559
9.7,2.0882552,13731
9.4,1.0521775,13731
9.3,0.45245537,13731
9.22,-2.2981362,13731
9.22,4.731245,13731
9.15,-2.2019398,13731
9.05,-3.5716817,13731
9.0,-1.2617803,13731
8.96,-3.8711252,13731
8.89,-2.04348,13731
8.77,2.1975942,13731
8.66,-4.802044,13731
8.62,-3.5716817,13731
8.59,-0.3237421,13731
8.59,-0.0152161475,13731
8.34,-3.4739215,13731
7.89,-5.434234,13731
7.75,-3.387124,13731
7.47,-4.633796,13731
7.39,-3.5716817,13731
7.27,-5.980713,13731
7.25,-5.7819724,13731
7.17,-5.8066983,13731
6.78,-4.8151774,13731
6.61,-5.9452505,13731
6.36,-6.646266,13731
6.29,-5.0287437,13731
5.93,-7.683779,13731
7.57,-3.259784,10076
6.2,-6.3910146,11111
6.03,-3.9818103,11111
6.02,-5.9435096,11111
4.02,-3.0717196,15197
7.0,2.5123298,16057
6.82,-1.2045445,16057
6.7,-1.0009977,16057
6.7,1.9269145,16057
6.7,-2.5884085,16057
6.52,2.3752053,16057
6.46,-1.6064851,16057
6.43,-0.20962325,16057
6.4,-1.0243676,16057
6.4,-2.3288634,16057
6.35,-3.6411378,16057
6.3,-2.1111348,16057
6.22,0.7614116,16057
6.16,-3.090831,16057
6.1,-3.8854008,16057
6.1,-3.4989522,16057
6.0,-1.5804231,16057
6.0,-2.2478771,16057
5.92,0.18511117,16057
5.89,1.3046879,16057
5.82,-2.1830242,16057
5.82,-0.932221,16057
5.75,-3.3773475,16057
5.72,2.529976,16057
5.7,0.63226897,16057
5.48,-1.6487851,16057
5.42,-2.3813138,16057
5.29,-2.7590835,16057
5.24,-2.980198,16057
5.1,-3.4216943,16057
4.47,-1.4919436,16057
4.21,1.407582,16057
7.52,-1.7263273,16908
7.68,0.47691196,7423
7.66,0.13544571,7423
7.52,5.683196,7423
7.48,6.9563556,7423
7.4,7.6126256,7423
7.33,-0.75805724,7423
7.33,0.05646421,7423
7.24,4.441912,7423
7.15,0.8583567,7423
7.0,-2.2350225,7423
6.96,-1.1699752,7423
6.96,-0.44867814,7423
6.89,2.5135593,7423
6.75,0.2171076,7423
6.7,2.430903,7423
6.57,-1.6375297,7423
6.16,-1.3391796,7423
7.92,-4.784543,7042
7.72,-3.8582695,7042
7.49,-8.78126,7042
7.48,-3.6840456,7042
7.39,-4.1471186,7042
8.7,-3.0028987,13789
8.7,-1.5272065,13789
8.57,-1.9044479,13789
8.52,-2.413552,13789
8.52,1.7097996,13789
8.52,1.1374803,13789
8.52,-1.1236552,13789
8.52,-1.6776527,13789
8.4,-1.7136029,13789
8.4,0.8776751,13789
8.4,-0.93909454,13789
8.39,-1.1737398,13789
8.37,-0.5601458,13789
8.3,1.6175712,13789
8.3,-0.95035505,13789
8.3,-0.3974632,13789
8.22,-2.7645838,13789
8.22,-4.414719,13789
8.15,-0.24345851,13789
8.1,0.72536784,13789
8.05,-0.97872555,13789
8.0,-0.42983842,13789
8.0,-0.5399314,13789
7.96,-0.8503083,13789
7.92,-1.4545515,13789
7.92,0.9137087,13789
7.85,-0.9918581,13789
7.82,0.49664605,13789
7.82,-1.1542753,13789
7.77,1.5895234,13789
7.77,0.5710505,13789
7.75,-0.009374082,13789
7.72,3.3062513,13789
7.31,-0.8517574,13789
7.3,-0.5510766,13789
7.02,-2.0736873,13789
7.01,-2.3342617,13789
6.69,0.6804531,13789
6.15,-0.15841818,13789
8.68,0.13295832,17356
8.6,0.5049664,17356
7.05,1.3546382,17356
7.05,3.7373145,17356
7.05,-1.1495302,17356
6.96,1.5617814,17356
6.85,2.7990758,17356
6.85,0.9001011,17356
6.77,4.1056333,17356
6.75,0.35211745,17356
6.7,2.2704883,17356
6.66,-0.14122695,17356
6.62,2.9764657,17356
6.6,-1.3365747,17356
6.55,-0.4848092,17356
6.52,-1.3573434,17356
6.5,0.40026128,17356
6.47,-0.25785613,17356
6.47,0.059293613,17356
6.44,0.31151256,17356
6.26,-0.4382563,17356
6.14,0.85020757,17356
6.08,-0.15040174,17356
6.0,-4.6985993,17356
6.0,0.4865086,17356
5.68,2.202891,17356
7.62,-2.0370426,4749
7.32,2.6056485,4749
7.27,3.3721185,4749
7.17,2.7658408,4749
7.1,-4.3169255,4749
6.89,4.0714927,4749
6.8,-2.1605973,4749
6.77,-0.085057236,4749
6.6,0.9225957,4749
6.46,-0.19300649,4749
6.29,-1.8760238,4749
6.1,-2.0032625,4749
6.04,-3.320184,4749
5.99,-3.9350314,4749
5.72,-1.8976483,4749
8.64,3.3219643,9479
8.57,-0.24270687,9479
8.49,6.21822,9479
8.46,2.4445298,9479
8.41,8.041723,9479
8.38,8.853427,9479
8.29,1.0160491,9479
5.17,3.6238468,12668
7.89,3.2117946,3203
7.82,2.186216,3203
7.82,2.3112123,3203
7.7,0.6806355,3203
7.6,-3.4461296,3203
7.46,-0.67977256,3203
7.1,1.7848313,3203
7.03,1.9829532,3203
6.9,-2.290468,3203
5.34,0.41291445,3203
9.1,3.9524243,8245
8.7,1.2899382,8245
8.52,3.8401735,8245
8.52,-1.0766978,8245
8.4,4.5799713,8245
7.77,0.02580174,8245
7.77,3.145586,8245
7.66,-0.18270859,8245
7.58,0.39270785,8245
7.46,0.0056961104,8245
7.42,-0.7424087,8245
7.33,0.55432326,8245
7.0,0.07409529,8245
6.9,0.25751653,8245
6.83,-0.13675821,8245
6.66,-2.5227382,8245
6.62,-0.7636799,8245
5.71,1.669675,8245
5.23,-2.169174,8245
7.47,-1.0606731,15416
7.25,-3.3274376,15416
7.24,-1.9261148,15416
6.36,-3.721965,15416
6.33,-3.673649,15416
6.32,-2.6345115,15416
6.13,-2.4864247,15416
5.52,-3.1821964,15416
5.28,-2.6062412,15416
8.0,1.5703064,2043
7.54,1.1535789,2043
7.22,-0.656898,2043
7.06,-0.06509038,2043
7.02,-3.2157724,2043
5.4,0.6982024,1850
7.05,0.34555623,12893
6.89,-2.342919,12893
6.82,-3.2612185,12893
6.7,1.1007622,12893
6.64,-3.2455418,12893
6.54,-3.2612185,12893
6.35,-2.342919,12893
6.3,-3.5496712,12893
6.28,-4.0430975,12893
6.25,0.5043381,12893
6.09,2.3635712,12893
6.06,-3.3956866,12893
6.04,-1.6952645,12893
6.0,-4.0430975,12893
5.89,0.5043381,12893
5.89,-2.231375,12893
5.8,-3.229904,12893
5.6,-3.3667498,12893
5.47,-3.3595326,12893
5.46,-2.831098,12893
5.4,-3.3595326,12893
5.17,-3.7806566,12893
6.7,6.2669744,15310
6.14,3.6203787,15310
6.06,3.120664,15310
5.8,6.6367917,15310
5.58,2.3585267,15310
5.51,4.130955,15310
5.41,3.5185199,15310
5.38,0.041198492,15310
4.77,3.0343943,15310
6.62,3.0308073,2617
4.38,4.376381,11997
4.78,-6.3455276,3806
4.78,-4.80009,3806
4.62,-7.6596165,3806
4.36,-7.423178,3806
4.3,-0.11252133,3806
4.05,-5.794888,3806
8.46,-2.127099,5261
7.21,3.0598567,4963
6.56,-0.7601645,4963
6.45,-5.6449714,4963
6.3,-4.584594,4963
6.04,-5.0883765,4963
5.43,-4.530718,4963
5.38,-4.3119984,4963
5.18,-3.5131872,4963
4.84,-5.94373,4963
4.34,2.2827215,4963
6.6,3.9203255,12395
6.35,-1.1899594,12395
6.24,-2.2248027,12395
5.87,4.755269,12395
5.45,3.1798663,12395
5.39,0.56341076,12395
4.46,2.1187694,12395
4.39,4.735024,12395
8.82,0.21754798,14498
9.43,4.064479,7818
9.39,0.57979375,7818
9.39,6.0611167,7818
9.34,3.5608737,7818
9.07,2.6496227,7818
8.99,-0.8048829,7818
8.95,0.9855835,7818
8.89,4.4540367,7818
9.15,1.6565577,7336
8.55,3.077123,7336
8.05,0.9344408,7336
8.03,0.6625102,7336
7.98,-0.2339705,7336
7.88,0.97194564,7336
7.78,-0.30834776,7336
7.72,0.63425094,7336
7.59,0.21027562,7336
7.42,0.028081581,7336
7.37,0.23101541,7336
7.27,1.1092094,7336
7.26,0.82980263,7336
6.86,0.38014567,7336
6.79,-0.34506828,7336
6.65,-0.7645024,7336
6.49,-1.1824151,7336
5.15,-2.6178272,7336
6.38,1.5199184,13170
6.28,1.7655954,13170
6.25,2.9674575,13170
6.24,3.0121477,13170
6.0,1.4250733,13170
5.81,1.0958627,13170
5.72,0.525885,13170
5.66,2.3476665,13170
5.47,-0.8855857,13170
5.47,-0.8855857,13170
5.33,1.1664276,13170
4.95,-0.20585656,13170
4.94,-0.9457621,13170
4.86,1.3350836,13170
4.82,-1.681874,13170
8.22,-3.9284642,2685
6.1,-3.9284642,2685
4.59,0.31259596,1116
5.46,-0.44055998,2720
5.16,-3.326083,2720
8.68,4.6965137,14717
8.38,2.4948726,12305
4.3,-2.1123345,974
7.77,2.6459043,4797
7.24,-1.4758273,4797
7.22,2.9830236,4797
7.11,-1.1302584,4797
6.92,-2.093216,4797
6.88,0.39950535,4797
6.72,-1.239563,4797
6.65,-0.042067587,4797
6.53,0.63609856,4797
6.48,1.3102629,4797
6.46,-0.70950866,4797
6.42,1.1049387,4797
6.41,3.4378726,4797
6.37,-1.4153284,4797
6.26,0.10623542,4797
6.16,0.11495725,4797
5.77,2.7897167,4797
5.67,-1.2319436,4797
5.23,-1.9052347,4797
7.9,0.7680558,10591
7.84,0.80337715,10591
7.78,2.4729378,10591
7.76,1.1737403,10591
7.46,2.2099822,10591
7.43,3.3453963,10591
7.43,-0.5308635,10591
7.36,0.847654,10591
7.26,0.25292695,10591
7.06,1.8111578,10591
7.04,-0.96843904,10591
7.02,3.1055348,10591
7.0,3.0413055,10591
6.97,-1.0741302,10591
6.95,0.41032758,10591
6.79,0.8381533,10591
6.78,-3.5546916,10591
6.77,-0.7810984,10591
6.76,-5.6461587,10591
6.69,-1.5800683,10591
6.69,1.7485174,10591
6.66,0.49722832,10591
6.65,2.4987223,10591
6.62,-3.755307,10591
6.57,2.477647,10591
6.52,-2.8643293,10591
6.48,2.7017107,10591
6.48,-2.1123168,10591
6.48,2.890745,10591
6.46,-1.1380686,10591
6.41,0.20580274,10591
6.3,2.2789345,10591
6.26,-3.4426455,10591
6.24,2.1549885,10591
6.18,0.8415237,10591
6.18,-1.4639503,10591
6.15,2.2422822,10591
6.15,-1.2934159,10591
6.15,-5.5877395,10591
6.11,-1.9987706,10591
6.09,-3.1019893,10591
6.05,2.6420534,10591
5.82,-4.075765,10591
5.8,-3.3533475,10591
5.77,-1.1509117,10591
5.65,1.0255876,10591
5.61,-4.2572927,10591
5.58,-1.3107673,10591
5.46,-2.2727127,10591
5.43,-5.7593565,10591
5.41,-1.3023251,10591
5.04,-1.3560666,10591
4.81,-3.1158478,10591
8.47,-2.58482,11968
8.22,-1.7971795,11968
8.05,-3.1899333,11968
7.81,-3.2745438,11968
7.73,-3.9613292,11968
7.67,-6.1756682,11968
7.61,-3.5184872,11968
7.51,-2.7764194,11968
7.49,-3.2029457,11968
7.47,-3.6960995,11968
7.43,-4.6999717,11968
7.41,-7.4567657,11968
7.4,-2.566533,11968
7.39,-7.587924,11968
7.37,-8.083585,11968
7.26,-7.2292223,11968
7.05,-2.3050258,11968
6.96,-6.7368684,11968
6.91,-8.4349165,11968
6.71,-1.3323377,8913
7.75,0.95952576,2639
7.36,1.0806366,2639
7.32,1.5033652,2639
7.31,1.7219661,2639
7.3,2.366968,2639
7.3,1.787031,2639
7.25,1.7146736,2639
7.21,1.7744852,2639
7.21,1.5743018,2639
7.09,1.668714,2639
7.05,0.5205507,2639
7.0,-0.37973392,2639
6.96,0.72779083,2639
6.92,-0.3738995,2639
6.92,1.7135261,2639
6.85,1.250488,2639
6.82,0.77838993,2639
6.82,2.0906973,2639
6.82,0.045624435,2639
6.8,0.0063709803,2639
6.75,-3.7702272,2639
6.68,1.0085988,2639
6.66,0.97266227,2639
6.66,1.9676777,2639
6.64,0.7697854,2639
6.55,0.9829901,2639
6.29,0.9967974,2639
6.14,0.4973628,2639
5.87,-2.8696175,2639
5.82,-0.20339218,2639
5.82,0.30813882,2639
5.8,-0.24305588,2639
5.77,-1.177038,2639
5.48,-5.9438567,2639
8.4,1.7513539,15530
8.4,2.1675081,15530
8.3,3.7084618,15530
8.3,2.4017656,15530
8.22,3.0388908,15530
8.22,2.4017656,15530
7.7,3.0388908,15530
7.7,2.1675081,15530
7.7,1.7513539,15530
7.7,2.108142,15530
7.46,0.12466485,15530
7.4,2.8908818,15530
7.4,0.11421917,15530
7.3,1.3267272,15530
7.22,0.48366147,15530
7.05,-1.5737586,15530
7.05,-0.01797789,15530
7.0,-0.543537,15530
7.0,1.6649345,15530
6.96,1.7375233,15530
6.47,0.22024843,15530
6.38,2.1675081,15530
5.4,-2.9187572,15530
5.16,5.548727,13914
5.09,5.548727,13914
6.15,1.7699565,12586
7.63,2.5419333,8141
7.0,-1.4276756,8141
6.7,-1.8373508,8915
9.0,-0.9970017,7640
8.7,5.535214,7640
7.85,3.2981207,7640
9.35,3.4454298,8112
7.97,0.5853717,8112
7.89,2.091276,8112
7.62,1.8231163,8112
7.58,0.93720245,8112
7.55,0.6573077,8112
7.46,2.301483,8112
7.42,0.12666818,8112
7.38,3.1631718,8112
7.35,1.2806036,8112
7.34,0.076814294,8112
7.33,-1.0487583,8112
7.33,3.7491214,8112
7.26,-3.3096664,8112
7.24,2.9941702,8112
7.21,1.1059487,8112
7.21,2.725047,8112
7.18,3.6087255,8112
7.15,1.3661187,8112
7.12,-4.905147,8112
7.03,1.6232864,8112
7.01,0.3424647,8112
6.97,0.5492852,8112
6.93,0.038889952,8112
6.9,0.9465468,8112
6.9,-0.050580196,8112
6.88,3.4299824,8112
6.8,0.18080637,8112
6.77,-0.18928578,8112
6.77,-0.15133955,8112
6.73,-0.042445317,8112
6.7,1.9305533,8112
6.68,-0.27644488,8112
6.67,0.45918846,8112
6.64,1.9464134,8112
6.59,1.5300139,8112
6.58,3.274823,8112
6.57,-3.4116378,8112
6.54,3.1246445,8112
6.42,-0.8139469,8112
6.39,-2.465051,8112
6.37,2.8403008,8112
6.29,0.30238825,8112
6.27,0.79546404,8112
6.21,1.807062,8112
6.16,-0.3077235,8112
6.13,-0.68722636,8112
6.11,-2.9387114,8112
6.11,0.13893676,8112
5.7,1.2025312,8112
6.62,6.533732,15599
6.14,0.97016805,15599
5.96,1.3841342,15599
5.75,-0.2524397,15599
5.46,-0.98503894,15599
5.46,1.4940981,15599
5.2,-4.743215,15599
7.22,-3.371956,9084
5.35,-4.7295785,2203
5.0,0.82021534,2203
7.3,-5.4952493,7141
6.89,-0.52394205,8773
6.6,-2.334107,8773
6.54,-2.7725356,8773
6.51,-2.6378338,8773
5.47,-3.371317,8773
5.46,-6.521466,8773
6.31,-0.3862982,10197
7.13,0.89611274,15036
8.96,-1.1244762,6041
8.92,-2.1847005,6041
8.92,-1.2757487,6041
8.85,2.1909354,6041
8.77,1.4837694,6041
8.77,-2.4988775,6041
8.74,-2.841542,6041
8.74,-4.1490126,6041
8.74,-1.1244762,6041
8.72,-1.2757487,6041
8.66,0.74529004,6041
8.6,-2.990377,6041
8.59,-4.1078424,6041
8.59,-1.0754097,6041
8.54,1.4872097,6041
8.51,-4.0054636,6041
8.42,-4.8906755,6041
8.42,0.6386337,6041
8.4,0.9796317,6041
8.39,-2.3008428,6041
8.34,-0.7015231,6041
8.32,0.23073894,6041
8.32,-4.1879616,6041
8.31,-0.112693824,6041
8.24,-1.5887552,6041
8.24,-4.027459,6041
8.23,1.350534,6041
8.23,0.22903338,6041
8.22,-4.3060575,6041
8.19,-1.4630798,6041
8.18,1.449427,6041
8.16,-4.444419,6041
8.12,1.5858839,6041
8.09,-2.5037973,6041
8.02,-0.24193203,6041
8.01,1.8215237,6041
7.92,0.91455513,6041
7.84,-2.893515,6041
7.84,-0.56558186,6041
7.84,1.5858839,6041
7.81,-3.430533,6041
7.75,0.43557015,6041
7.73,1.8040547,6041
7.71,1.3030148,6041
7.65,-4.3711896,6041
7.65,0.17472059,6041
7.62,0.38820022,6041
7.56,1.6374032,6041
7.55,-0.8605577,6041
7.48,2.3895314,6041
7.45,-0.12374265,6041
7.42,1.0662426,6041
7.36,-0.9269626,6041
7.35,0.6372497,6041
7.34,-4.5896897,6041
7.33,-0.13151185,6041
7.31,1.4621583,6041
7.19,0.24216372,6041
7.17,0.7663066,6041
7.1,-1.4028487,6041
7.09,0.5996211,6041
7.07,-1.2009196,6041
7.04,0.8415533,6041
7.02,-1.2363648,11739
6.59,0.8733366,11739
9.52,2.3623853,9673
9.4,4.297065,9673
9.3,2.1564958,9673
9.22,2.2252233,9673
9.15,-4.353148,9673
9.15,4.4564676,9673
9.15,4.2495117,9673
9.15,3.453689,9673
9.15,3.95063,9673
9.15,4.4963074,9673
9.1,4.994827,9673
9.1,-2.4353464,9673
9.0,3.3769536,9673
9.0,1.4149661,9673
9.0,-4.8784738,9673
8.92,0.23897427,9673
8.89,5.8112407,9673
8.85,6.1081767,9673
8.82,-2.0598845,9673
8.59,5.209277,9673
8.57,-0.68552876,9673
7.0,-3.083766,1685
6.7,-3.6463523,1685
6.43,-2.7239068,1685
6.36,2.8248572,1685
5.8,-4.1938286,1685
5.72,-1.1166095,1685
5.64,-3.5059886,1685
5.58,-1.9404055,1685
5.28,0.67793226,1685
6.3,3.6747541,15901
5.33,2.6969757,15901
5.29,3.812758,15901
5.11,0.10555775,15901
4.75,3.3901618,15901
6.9,-3.6691983,14809
8.43,6.1277785,12164
4.75,-2.83926,10357
7.35,-1.8425177,473
7.02,-0.84328634,473
6.66,0.94872487,473
6.64,-0.59815663,473
6.43,-0.43402234,473
6.38,0.54718816,473
6.36,-6.1367307,473
6.33,-0.8711687,473
6.17,-2.773618,473
6.12,-6.2098947,473
6.0,-1.4581892,473
6.0,-0.8107086,473
5.96,-2.4834993,473
5.96,-1.5324451,473
5.64,-5.6466556,473
8.52,-0.69694954,7837
8.4,2.5397313,7837
8.3,1.1178888,7837
8.15,0.2018098,7837
8.1,-1.1636018,7837
8.05,1.331618,7837
8.0,0.85410064,7837
8.0,4.9996233,7837
7.96,0.2018098,7837
7.92,0.20783165,7837
7.92,-0.7085515,7837
7.82,0.9253779,7837
7.75,-0.5130381,7837
7.75,0.13206032,7837
7.64,1.569389,7837
7.62,0.2018098,7837
7.62,-3.0138555,7837
7.62,-0.9239646,7837
7.55,-2.2207162,7837
7.54,1.0336295,7837
7.54,2.7021234,7837
7.51,2.6221752,7837
7.48,0.7616417,7837
7.48,-0.69923085,7837
7.46,-0.18322921,7837
7.4,0.95231,7837
7.31,-0.5667062,7837
7.31,0.99399716,7837
7.28,-0.44880378,7837
7.28,2.3782632,7837
7.28,-0.23463246,7837
7.2,3.1482136,7837
7.16,2.1918802,7837
7.16,-0.76680243,7837
7.14,-2.1228108,7837
7.13,0.99832827,7837
7.12,3.7384958,7837
7.12,-1.2791703,7837
7.09,1.5992787,7837
7.09,0.83677477,7837
7.01,-1.8455772,7837
7.0,-1.828058,7837
7.0,3.5567474,7837
6.99,-0.86166525,7837
6.97,4.5060744,7837
6.97,2.3969815,7837
6.91,0.9253779,7837
6.91,0.13616338,7837
6.9,0.20367563,7837
6.9,0.54740024,7837
6.88,-0.7926861,7837
6.88,-1.0637,7837
6.87,0.097754106,7837
6.86,3.3874867,7837
6.83,-0.3532771,7837
6.81,-3.2880154,7837
6.78,-0.13807374,7837
6.75,-2.265919,7837
6.7,-2.8038692,7837
6.69,4.5060744,7837
6.66,0.25213173,7837
6.64,0.29082835,7837
6.6,2.7417638,7837
6.59,2.240881,7837
6.59,3.545303,7837
6.57,-0.6318085,7837
6.54,2.615725,7837
6.52,2.74876,7837
6.52,3.3545496,7837
6.51,-1.6988378,7837
6.51,-2.4019446,7837
6.5,-2.877032,7837
6.49,-0.937724,7837
6.47,-0.3532771,7837
6.45,2.8362658,7837
6.44,-2.4204416,7837
6.37,0.6359149,7837
6.37,-1.4131527,7837
6.36,-2.0182636,7837
6.36,3.0703025,7837
6.34,-2.575887,7837
6.34,5.240396,7837
6.34,-0.0035503376,7837
6.32,3.1509428,7837
6.32,0.16462848,7837
6.32,1.4096936,7837
6.32,0.2196813,7837
6.31,-0.59068125,7837
6.3,0.020824134,7837
6.29,-1.3583915,7837
6.29,-2.0341976,7837
6.28,0.41453475,7837
6.27,-1.7335479,7837
6.25,0.70100325,7837
6.22,0.0723029,7837
6.22,-1.445648,7837
6.21,-1.7177949,7837
6.19,1.808552,7837
6.19,-1.5348728,7837
6.14,-1.9598125,7837
6.13,-3.2707305,7837
6.12,-0.10745194,7837
6.1,-4.052515,7837
6.1,-1.370585,7837
6.1,0.8952908,7837
6.08,-0.09370417,7837
5.99,2.3531837,7837
5.98,2.1959796,7837
5.91,-3.6003487,7837
5.84,-0.30388653,7837
5.83,1.3735615,7837
5.82,-0.4626395,7837
5.82,-1.91439,7837
5.81,0.09221491,7837
5.79,-2.910056,7837
5.79,-0.5647048,7837
5.77,-1.9293162,7837
5.69,0.8298784,7837
5.69,-0.19691151,7837
5.67,-2.644273,7837
5.66,-2.8940089,7837
5.66,-0.3655473,7837
5.65,-1.4113681,7837
5.65,4.2461853,7837
5.65,0.3172581,7837
5.65,1.7880151,7837
5.65,-1.972408,7837
5.64,-1.1659311,7837
5.64,0.76461464,7837
5.64,-2.637809,7837
5.62,-3.0171783,7837
5.61,-1.586965,7837
5.61,0.6349007,7837
5.58,-1.7501701,7837
5.56,1.9601395,7837
5.56,2.3668866,7837
5.54,-0.8053498,7837
5.53,0.9042376,7837
5.53,-0.9209734,7837
5.52,1.2212094,7837
5.51,-0.8690774,7837
5.47,-3.8397799,7837
5.46,-2.0909152,7837
5.45,-0.76521707,7837
5.43,1.8443775,7837
5.42,-2.5676181,7837
5.42,-2.205992,7837
5.4,-2.0847683,7837
5.39,-0.25773388,7837
5.38,-3.1750288,7837
5.38,4.7541065,7837
5.37,-2.6226518,7837
5.37,-2.2935789,7837
5.33,-2.7568624,7837
5.33,2.4330328,7837
5.33,0.76461464,7837
5.31,-1.5288385,7837
5.3,-3.2872562,7837
5.28,-3.3249788,7837
5.23,0.76570743,7837
5.23,-0.9182976,7837
5.19,-2.6822252,7837
5.18,-1.6382211,7837
5.18,-1.972418,7837
5.13,-2.7542782,7837
5.12,0.13704789,7837
5.11,-0.21575826,7837
5.1,2.8714254,7837
5.09,-0.24093732,7837
5.08,-0.99619794,7837
5.06,-1.6708211,7837
5.03,0.8129918,7837
5.54,0.35321313,14953
8.22,2.6882358,9307
7.58,3.2071848,9307
7.52,-0.14103922,9307
6.8,-1.6189786,9307
6.55,-2.1656785,9307
6.25,-2.614422,9307
6.21,-3.0196936,9307
6.18,-2.028563,9307
6.14,-2.5992565,9307
6.1,-3.12933,9307
6.08,-3.1355624,9307
5.75,-2.5561035,9307
6.3,-4.7928405,17132
5.55,-1.7162759,8923
9.37,4.4644704,13630
9.12,4.380133,13630
9.1,4.122136,13630
8.43,3.0320451,13630
8.42,4.2341695,13630
8.41,4.044137,13630
8.39,2.754347,13630
8.36,3.9473794,13630
8.32,3.7305381,13630
8.26,3.5014966,13630
8.24,3.7416222,13630
8.23,2.7727985,13630
8.23,3.3300893,13630
8.11,1.8356736,13630
8.01,1.1323656,13630
7.98,1.5023034,13630
7.95,0.83998185,13630
7.95,2.373268,13630
7.91,2.725278,13630
7.64,3.9653757,13630
7.41,-2.6318505,13630
7.33,0.45025808,13630
7.08,-3.1669056,13630
6.97,-2.6757245,13630
6.86,-2.4242077,13630
6.83,-5.004441,13630
6.43,-4.8549047,13630
5.86,3.9899852,13630
5.0,5.5401254,13630
5.0,-4.43186,13630
7.29,-0.70629257,7362
5.64,3.3448365,59
6.85,4.9581637,6883
6.35,2.6899133,6883
6.29,2.1927772,6883
6.16,2.8804238,6883
5.75,0.7713753,6883
5.29,-0.50791425,8953
5.1,-0.68329114,8953
6.79,-1.8627772,15306
5.52,-0.97480613,10123
4.89,0.19561437,10123
6.6,-3.9058673,2708
6.6,-5.5249863,2708
6.5,-2.2988982,2708
6.5,-1.8381329,2708
6.2,-4.715899,2708
6.0,-5.130237,2708
5.7,-3.2422152,2708
5.6,-6.0583596,2708
5.5,-4.1659627,2708
5.2,-4.664492,2708
5.1,-0.5714073,2708
9.0,0.22341672,5152
9.0,2.044904,5152
8.3,-1.5431794,5152
8.22,3.6500132,5152
8.22,6.638551,5152
5.45,-0.6041904,5152
6.62,5.2341347,17311
5.92,1.3837708,17311
5.42,-1.0775266,17311
7.47,-1.5417469,1259
8.4,5.99872,1072
7.54,2.658455,1072
7.2,4.3242955,1072
7.12,3.5494084,1072
6.39,3.8084986,1072
6.23,4.9808946,1072
6.18,4.1028547,1072
6.13,4.609685,1072
6.09,3.0725713,1072
5.96,0.70214266,1072
5.96,2.5729654,1072
5.94,1.2703588,1072
5.91,2.546972,1072
5.91,3.1028688,1072
5.87,2.5723748,1072
5.84,1.6069112,1072
5.84,2.2966292,1072
5.83,2.1086988,1072
5.82,2.401967,1072
5.8,0.9530908,1072
5.79,1.2688166,1072
5.74,2.7804852,1072
5.73,2.2639992,1072
5.71,2.1274855,1072
5.7,1.3065937,1072
5.64,2.3731973,1072
5.58,3.0234463,1072
5.56,1.9737967,1072
5.52,2.8322594,1072
5.51,2.2164168,1072
5.5,2.1197734,1072
5.5,2.4878056,1072
5.48,0.6404882,1072
5.46,2.1732059,1072
5.42,2.9893064,1072
5.38,2.877366,1072
5.36,1.8685391,1072
5.26,1.5500824,1072
5.25,1.3854679,1072
5.24,0.68741816,1072
5.23,-1.7037396,1072
5.15,1.6148762,1072
5.12,3.2132835,1072
5.57,-2.802484,13062
5.55,-1.4834588,13062
6.0,-0.7107384,16707
4.46,-2.5123954,3816
4.04,-5.991259,3816
6.7,6.8880644,148
7.08,-2.733444,15213
8.7,0.460872,10094
8.11,-4.469974,10094
7.58,-1.3981632,10094
6.92,-5.1938076,10094
6.12,-0.8357548,566
8.0,3.7376602,2154
6.27,2.7229984,11041
6.12,-1.6763316,11041
6.01,4.125848,11041
8.22,0.85788584,16955
7.6,5.8494945,16955
5.3,0.4465352,5976
6.58,-3.1681445,15870
6.44,-3.5146978,15870
6.02,-4.8648334,15870
5.92,-1.0471778,15870
5.9,-3.697682,15870
5.9,-2.1532917,15870
5.86,-1.5906614,15870
5.83,-2.127783,15870
5.79,-0.8898405,15870
5.78,-2.6042202,15870
5.77,-3.471765,15870
5.76,-2.035267,15870
5.72,-1.980654,15870
5.72,-0.014425127,15870
5.7,-6.628051,15870
5.7,-2.703492,15870
5.65,-3.2590482,15870
5.55,-1.0236185,15870
5.5,-2.158628,15870
5.49,-5.153772,15870
5.49,-3.480363,15870
5.49,-0.76855785,15870
5.45,-1.1649079,15870
5.42,-1.4197053,15870
5.38,-1.2873938,15870
5.33,-2.5598986,15870
5.3,-2.1177843,15870
5.29,-6.1980724,15870
5.27,-1.7557342,15870
5.24,-3.3803606,15870
5.24,-1.7215674,15870
5.21,-1.7120577,15870
5.19,-1.7865896,15870
5.18,-4.9971094,15870
5.17,-0.5587029,15870
5.17,-5.57754,15870
5.11,-1.2472218,15870
5.09,-5.5625205,15870
5.07,-0.03430421,15870
5.07,-3.0953517,15870
5.05,-1.9606624,15870
5.03,-2.9062314,15870
4.98,-4.1017427,15870
4.96,-5.0852656,15870
4.95,-1.8984065,15870
7.72,1.9329715,258
6.85,0.043083712,4712
6.72,3.0185685,4712
5.97,0.18578205,4712
8.4,5.7116475,7414
8.4,-0.442918,11456
8.0,-0.2015503,11456
7.51,0.69542056,11456
6.85,1.7734122,11456
7.52,2.4379709,15168
6.7,-3.4429305,15168
6.1,-0.14205512,15168
6.05,3.6785862,15168
5.62,1.6203055,15168
5.35,0.6326757,15168
5.1,2.6801264,15168
7.75,5.0570993,10847
6.19,7.262765,3948
4.09,-0.51724064,17313
8.11,-2.6101525,12719
6.61,-3.2552495,6369
5.97,1.5881059,13765
5.36,5.4407115,13765
7.01,-0.070198834,4845
6.36,-0.44542468,4845
5.61,4.179438,4845
6.33,3.448248,16646
9.02,-1.8301748,2332
8.74,-0.6737514,10687
6.72,-0.09469852,14695
10.0,2.5660186,8535
9.7,2.254381,8535
9.7,0.81535465,8535
9.7,-0.1411157,8535
9.7,2.1307967,8535
9.52,1.2572945,8535
9.52,1.3614259,8535
9.52,2.3418446,8535
9.4,1.0418582,8535
9.4,2.4275591,8535
9.4,2.5241234,8535
9.4,-0.3857629,8535
9.4,-0.6991857,8535
9.3,0.33408898,8535
9.22,-0.12276687,8535
9.22,0.32260075,8535
9.22,1.345837,8535
9.22,1.9527224,8535
9.22,1.3249755,8535
9.15,-0.87052995,8535
9.15,2.0006387,8535
9.1,-1.7287405,8535
9.1,1.1544195,8535
9.05,1.9860831,8535
9.0,1.199059,8535
9.0,1.156639,8535
9.0,-0.17724124,8535
8.96,1.4643196,8535
8.96,1.6230625,8535
8.92,-5.117049,8535
8.92,1.7669038,8535
8.89,0.6492978,8535
8.89,-0.3390199,8535
8.89,0.39247108,8535
8.85,-0.89335924,8535
8.85,1.0165734,8535
8.8,-0.19160497,8535
8.8,0.79903686,8535
8.7,0.91200763,8535
8.62,0.7739671,8535
8.59,0.4801396,8535
8.59,-0.768751,8535
8.57,-0.50128126,8535
8.52,1.2413609,8535
8.38,-0.23520899,8535
8.33,-3.5228593,8535
8.32,0.23148575,8535
8.3,0.55297077,8535
8.28,-0.2727513,8535
8.28,0.60417247,8535
8.27,1.2079017,8535
8.19,0.19046849,8535
8.17,0.46596932,8535
7.96,-3.875392,8535
7.88,0.48704213,8535
7.88,-1.4292579,8535
7.75,-4.519145,8535
7.71,-1.8406034,8535
7.62,-2.694777,8535
7.49,-0.36955202,8535
7.48,0.3977404,8535
7.46,-1.7748705,8535
7.39,0.65574646,8535
6.97,-4.7381167,8535
6.89,0.1469416,8535
6.43,0.5400211,8535
6.18,-1.7080537,8535
5.64,-2.634758,8535
5.43,3.6327734,17166
4.75,-1.9219718,17166
6.07,2.4773161,8457
5.98,1.6952889,8457
5.0,0.22705361,8457
8.22,2.6144006,1606
7.54,-1.3602017,1606
4.29,-0.49147967,2702
4.1,1.1783997,2702
4.0,-0.524893,2702
5.92,3.182383,3782
5.4,1.0235499,3782
5.37,-0.56825554,3782
5.37,4.0744276,3782
5.18,0.6355641,3782
5.08,-0.013780417,3782
5.02,-0.1479423,3782
6.51,-0.9935968,15285
6.03,-3.8936064,15285
7.35,-0.6253742,5434
7.05,-3.0956314,5434
6.88,0.1995677,5434
6.78,-0.74606913,5434
6.61,1.6223329,5434
6.34,2.9348893,5434
6.11,0.90114397,5434
6.01,0.7973248,5434
5.87,0.43427634,5434
5.79,2.490858,5434
5.79,0.7114571,5434
5.72,-0.24311492,5434
5.64,1.5639758,5434
5.63,0.7837377,5434
5.59,3.5198793,5434
5.49,-0.7780198,5434
5.49,-0.93741184,5434
5.48,0.81019586,5434
5.36,-0.47400868,5434
5.27,1.9675405,5434
5.25,-0.6412687,5434
5.23,-0.025634967,5434
5.18,0.29398328,5434
5.18,-1.0473118,5434
5.15,1.2913166,5434
5.05,-1.0402024,5434
4.95,-1.3957818,5434
8.26,2.1647525,7983
8.22,-0.90790397,7983
8.07,1.6140457,7983
8.01,2.148605,7983
8.0,4.3240147,7983
7.83,1.1680057,7983
7.8,-0.17971992,7983
7.79,-0.518083,7983
7.73,-1.4268899,7983
7.52,-0.11915493,7983
7.42,1.1462168,7983
7.19,0.4176426,7983
7.0,-1.9297554,7983
6.32,0.26755127,7983
6.84,1.0727113,8628
6.73,0.473979,8628
6.77,-0.69182426,4908
5.68,0.7948669,4908
5.16,-7.351943,4908
7.89,-0.14650598,6251
7.57,1.4260414,6251
6.79,-1.8043727,6251
7.68,0.30644214,13112
8.37,0.05578644,13605
7.81,1.5950927,13605
7.65,2.155652,13605
7.64,4.5736523,13605
7.6,5.2690177,13605
7.33,2.155652,13605
7.25,2.155652,13605
7.09,-2.5617573,13605
6.39,-3.03418,13605
5.92,-3.4249709,13605
5.86,-3.4249709,13605
5.71,-3.4249709,13605
5.66,-3.4249709,13605
5.42,-3.5944126,13605
5.22,-5.732195,13605
8.7,-2.8147538,250
8.7,0.17800435,250
8.52,-1.3559932,250
8.52,-1.4191363,250
8.3,-3.3370962,250
8.22,-0.9095556,250
8.1,-2.930829,250
8.1,-0.12464037,250
8.05,-1.8355784,250
8.0,-2.596412,250
7.5,-1.4202504,250
7.5,0.25660712,250
7.3,0.108598165,250
7.25,-0.95128256,250
7.1,-2.7069073,250
7.1,-3.0310447,250
6.9,0.7225413,250
6.7,0.26245284,250
6.48,1.6182339,250
6.48,-0.4726029,250
6.3,0.55326355,250
6.25,1.7316302,250
6.2,-0.77627015,250
6.1,-2.0025532,250
5.5,-0.73932636,250
7.5,3.3782647,13087
7.1,-0.86691487,13087
6.5,-5.8159966,13087
6.21,-0.948312,8392
4.94,4.3653307,8392
8.7,7.5575595,16345
7.77,1.9999512,16345
5.0,-0.9410462,7458
7.7,5.0957856,16753
7.92,-1.6088383,6279
7.8,0.6488145,6279
7.58,1.9828602,6279
7.35,4.243808,6279
8.47,0.06296901,7166
9.3,4.8686824,16012
9.0,2.1492875,16012
9.0,5.46953,16012
9.0,6.3737144,16012
8.7,4.432973,16012
8.7,4.373323,16012
8.7,2.2222462,16012
8.52,3.1434076,16012
8.3,4.8385835,16012
8.3,5.5803146,16012
8.22,4.2499747,16012
8.22,2.7661097,16012
8.22,3.4564502,16012
8.22,4.6579175,16012
8.15,1.2767427,16012
8.1,3.8252206,16012
8.1,4.315924,16012
8.1,5.6086082,16012
8.05,7.065453,16012
8.05,6.0675583,16012
8.0,5.2785997,16012
8.0,-0.09974147,16012
7.89,3.778797,16012
7.89,5.177337,16012
7.82,3.8954806,16012
7.77,2.281369,16012
7.7,4.7221293,16012
7.7,2.8745828,16012
7.7,2.8539138,16012
7.7,-2.7641737,16012
7.68,4.350669,16012
7.57,4.719808,16012
7.51,4.7775216,16012
7.5,0.6755667,16012
7.46,2.2646396,16012
7.39,5.0322094,16012
7.28,-2.9861202,16012
7.14,0.35159764,16012
7.11,2.660028,16012
7.08,3.306019,16012
6.86,1.5257406,16012
6.75,1.7538642,16012
6.63,0.12155806,16012
6.49,4.3512564,16012
6.39,1.9802274,16012
6.39,4.8982124,16012
5.8,4.788238,16012
5.76,-0.97314775,16012
5.72,-1.2896414,16012
4.82,-0.7423123,16012
8.0,-1.5307283,2875
6.0,-3.5039363,2875
9.0,0.50745827,3749
8.22,5.6687617,3749
8.1,8.500653,3749
7.92,4.07264,3749
7.85,3.753006,3749
7.75,8.204946,3749
7.44,3.8090382,3749
7.4,0.7225509,3749
6.53,-0.03914941,3749
5.78,-3.381354,3649
6.92,-1.1496156,3572
6.23,-4.5591826,12920
6.15,2.7135522,12920
5.82,-0.053332895,12920
5.75,-2.9852188,12920
5.7,-0.5740249,12920
5.66,-0.9647545,12920
5.46,-3.9656217,12920
5.31,-8.206564,12920
5.0,-3.295436,12920
4.96,-4.347587,12920
4.83,-4.185524,12920
4.37,-3.5888324,12920
4.59,-2.7190442,11478
5.89,6.821757,3435
5.85,-0.39342412,7217
7.4,-1.0020436,15903
4.75,6.156965,16465
8.0,5.1059074,2895
4.6,-0.9283726,2895
5.1,-4.134406,8985
7.28,2.394881,6423
7.07,1.303926,6423
7.06,1.5047596,6423
6.79,0.5454388,6423
6.77,1.4727513,6423
6.75,0.8662402,6423
6.75,1.2452289,6423
6.66,-0.05412461,6423
6.51,-0.18696964,6423
6.51,-0.69352883,6423
6.5,1.2136403,6423
6.43,0.8662402,6423
6.43,0.9267837,6423
6.42,0.41046646,6423
6.38,-0.26622733,6423
6.38,0.92366886,6423
6.37,0.372858,6423
6.36,-0.69352883,6423
6.29,1.01814,6423
6.27,1.0177877,6423
6.26,0.7696256,6423
6.25,1.1403464,6423
6.24,-0.5317524,6423
6.22,0.89251155,6423
6.22,0.30635393,6423
6.16,1.6062406,6423
6.12,-0.32673973,6423
6.1,-0.18696964,6423
6.03,-0.19066828,6423
6.02,-0.9784755,6423
6.01,0.7696256,6423
5.97,-0.97710705,6423
5.96,-1.2813497,6423
5.94,-0.3992597,6423
5.92,-2.317962,6423
5.85,0.30635393,6423
5.7,-0.32673973,6423
5.47,-0.69352883,6423
5.42,-0.5145374,6423
5.25,-1.8034437,6423
5.14,-2.317962,6423
6.66,1.9213119,12770
6.7,-3.2237744,8741
9.0,0.3026101,17268
8.7,-2.435131,17268
8.3,0.7959996,17268
8.15,2.593395,17268
8.15,1.4715002,17268
8.05,2.3975575,17268
7.96,-2.4862804,17268
7.92,0.7111953,17268
7.92,1.1691654,17268
7.85,3.3418026,17268
7.85,3.2963293,17268
7.82,1.0043721,17268
7.82,-1.0114148,17268
7.8,2.8082979,17268
7.8,1.3606211,17268
7.8,-0.06745071,17268
7.8,-0.2642706,17268
7.8,2.917536,17268
7.77,2.9735646,17268
7.57,1.4663548,17268
7.55,0.1782848,17268
7.52,1.1063173,17268
7.46,1.590929,17268
7.42,2.7989767,17268
7.32,2.4419808,17268
7.32,-0.114591874,17268
7.31,0.30009645,17268
7.12,0.7424999,17268
7.1,3.0181906,17268
6.94,2.7163603,17268
6.94,2.6285899,17268
6.69,1.5545568,17268
6.62,0.3146522,17268
6.49,1.3569232,17268
6.24,0.0062500164,17268
6.2,-2.1294122,17268
5.92,-0.577706,17268
4.98,1.7948712,17268
4.68,0.17977911,17268
5.18,-3.5107105,10920
8.49,3.767802,16584
4.66,-6.0033712,17835
5.77,-0.44593346,2517
5.39,-0.7726141,6496
5.37,-4.0589275,6496
5.3,-1.5281558,6496
5.22,1.2901216,6496
5.2,1.079406,6496
5.05,-1.2664281,6496
4.65,-1.7537329,6496
4.4,-0.8498101,6496
4.32,-1.3135787,6496
4.3,-2.9577818,6496
4.05,0.17732891,6496
8.22,-3.7457564,11211
5.92,-0.19069871,11211
6.43,0.4211504,13764
6.01,3.9838097,13764
5.52,-1.0640768,13764
7.84,4.2768803,8941
6.67,0.81510514,8941
5.96,-3.0272267,8941
5.83,-3.463858,8941
5.39,-4.321833,8941
7.36,-1.4494756,14426
6.19,-0.43617755,10707
6.11,-3.8397841,10707
4.36,-0.16042563,16699
6.09,-3.4237792,12733
5.58,-1.6950403,12280
5.39,-1.6078022,12280
9.0,-3.765696,9225
8.52,-3.7549505,9225
8.52,3.1638877,9225
8.15,-4.591597,9225
7.89,-4.4566126,9225
7.16,-1.699436,14673
7.04,2.2199366,4883
8.7,0.8611337,16032
8.3,-0.20782349,16032
8.0,-0.6742362,16032
4.13,-2.8165827,4280
8.61,-2.2107892,11933
8.6,-2.2107892,11933
8.59,-2.2107892,11933
8.5,-0.70727986,11933
8.33,2.676165,11933
8.13,-1.8810749,11933
8.11,1.9055241,11933
8.09,1.7234029,11933
8.08,-0.32619488,11933
8.04,0.09412054,11933
7.98,-0.7265486,11933
7.91,-2.4063199,11933
7.73,-2.1267715,11933
7.73,1.3666099,11933
7.73,-0.42051223,11933
7.73,-0.41842347,11933
7.71,-1.9305288,11933
7.69,0.9474202,11933
7.67,-1.8196422,11933
7.64,-0.8149975,11933
7.61,-1.2524894,11933
7.52,-1.7576432,11933
7.51,-0.7975955,11933
7.49,1.3175627,11933
7.45,1.4665238,11933
7.44,-0.37428325,11933
7.44,-2.1179478,11933
7.43,0.45695934,11933
7.37,1.617353,11933
7.33,-1.6576828,11933
7.32,-1.2692461,11933
7.28,0.7304562,11933
7.26,-0.4778184,11933
7.18,0.5771509,11933
8.1,-1.4116058,1916
9.06,-1.8604023,8737
8.14,2.4650364,8737
7.99,3.1044543,8737
7.47,2.589218,8737
7.17,-2.4951432,8737
6.97,-2.8814585,8737
6.33,-1.0806433,8737
5.46,-0.24484828,8737
8.3,-2.4420793,12041
9.4,0.8872263,16960
9.05,-3.4579482,16960
9.05,1.3835375,16960
8.96,-3.4870462,16960
8.92,1.3130375,16960
8.92,2.1686876,16960
8.82,2.4249735,16960
8.66,0.16079491,16960
8.52,1.4004225,16960
8.48,1.9112602,16960
8.44,-0.41495585,16960
8.4,-3.8503382,16960
8.33,-1.8436471,16960
8.26,-2.7813792,16960
8.25,-1.9136788,16960
8.11,-2.4243755,16960
8.1,1.6877754,16960
8.1,-0.25220582,16960
8.0,1.3900284,16960
7.92,2.5471382,16960
7.89,0.592493,16960
7.89,2.1582048,16960
7.82,-4.7231035,16960
7.7,-1.231602,16960
7.64,2.3807127,16960
7.38,-3.2928686,16960
7.22,-3.598079,16960
7.11,-4.1139326,16960
7.1,-0.46409,16960
6.75,2.3690586,16960
6.66,-4.1221614,16960
6.64,-3.4187546,16960
6.17,-1.7409945,16960
8.33,1.146276,9846
8.08,-3.2657433,9846
7.67,-1.4593263,9846
7.61,0.21807265,9846
7.52,-4.013177,9846
7.52,-1.018975,9846
7.08,-0.9081455,9846
7.07,-2.1023707,9846
6.99,-6.2009563,9846
6.96,-2.4660745,9846
6.85,-2.2385974,9846
6.8,-2.6744096,9846
6.7,-3.3133328,9846
6.69,-2.2901351,9846
6.68,-3.369285,9846
6.5,-3.4212427,9846
6.48,-2.194084,9846
6.37,-3.6044123,9846
6.16,-2.9461293,9846
7.1,3.0224683,6020
5.29,2.6479912,6020
5.06,0.32411152,6020
4.91,-2.589954,6020
4.52,-0.82364374,6020
5.46,2.029485,8350
5.27,0.6327279,8350
7.96,5.8161826,5664
6.6,-2.307535,4706
6.72,-2.3321376,2667
5.97,-0.62053984,3526
4.4,0.47046715,14167
8.0,1.022954,14661
7.75,-2.091755,14661
7.62,1.022954,14661
7.58,1.6129242,14661
7.58,3.4444804,14661
7.57,-0.20940614,14661
7.44,0.75049144,14661
7.42,0.75049144,14661
7.17,-2.304211,14661
7.15,-2.16563,14661
7.14,-2.16563,14661
7.11,-2.16563,14661
6.97,-3.0539308,14661
6.9,-1.6507996,14661
6.87,-0.53258336,14661
6.81,0.0011258498,14661
6.75,-4.7526183,14661
6.61,-2.036958,14661
6.56,-3.0289042,14661
6.51,-0.2897203,14661
6.44,0.75049144,14661
6.44,-1.8689185,14661
6.43,-1.3025644,14661
6.39,-3.98786,14661
6.34,1.022954,14661
6.3,-5.697306,14661
6.24,-2.7733011,14661
6.24,-5.228511,14661
6.16,-2.304211,14661
6.08,-5.228511,14661
6.08,-3.98786,14661
6.03,-2.16563,14661
5.86,-2.16563,14661
5.82,-3.7055137,14661
5.76,1.022954,14661
5.54,-6.438316,14661
5.24,1.022954,14661
4.52,-4.5385776,2660
4.72,2.7471452,2466
6.68,-2.0437357,516
5.5,0.35318223,9768
7.7,-3.4261696,6706
7.16,0.8187925,6706
7.0,0.04627049,6706
6.77,-0.43138883,6706
6.7,-0.12826034,6706
6.3,-0.8283835,6706
5.44,-5.54577,6706
5.41,-2.7936733,6706
5.36,-0.44494048,6706
5.24,0.1298261,6706
5.12,-2.2197905,6706
5.0,-5.599544,6706
7.89,1.353608,15664
8.22,0.6715003,16269
8.05,2.9046261,16269
8.0,-0.5306294,16269
7.77,0.919985,16269
7.77,-0.92588454,16269
7.64,-0.1951713,16269
7.58,4.7086825,16269
7.52,-1.0055814,16269
7.5,-1.4601727,16269
7.37,-1.2114478,16269
7.35,-0.185253,16269
7.34,-0.44060323,16269
7.31,-0.20747945,16269
7.23,-0.13217697,16269
7.2,-0.4969062,16269
6.8,0.63261086,16269
5.57,0.8989141,16269
5.85,-1.7773532,8447
5.24,2.3911645,8447
5.23,2.7743733,8447
9.0,0.80502164,7735
5.2,-3.79947,10347
8.52,3.8432012,3201
7.3,4.273805,2172
6.19,-1.8711492,1140
8.52,-3.795106,12204
4.11,4.641702,1858
6.19,-3.625848,6484
5.2,-5.13423,14166
5.05,-0.81531054,14166
4.99,-0.57039374,14166
9.3,4.263765,1752
6.14,-1.1682154,1752
5.92,-1.1682154,1752
5.85,-1.2296199,1752
5.8,-1.2296199,1752
5.26,-2.914934,1752
5.24,-2.5259264,1752
4.77,-4.1039596,1752
4.19,-2.914934,1752
5.06,1.3056561,11874
8.52,6.1842084,11446
7.4,0.43147376,11446
4.94,-7.5586267,7532
4.86,-4.486131,7532
6.32,1.1448911,15619
5.25,-3.7397354,15619
6.02,-4.579315,3561
5.7,1.6377579,3561
6.0,-6.3367887,15275
5.37,-2.3852017,15275
5.3,-3.9568121,15275
5.28,-3.0906382,15275
5.19,-6.7149844,15275
5.0,-4.198447,15275
5.0,-7.939681,15275
4.94,-5.5333614,15275
4.7,-4.2938223,15275
4.65,-6.918534,15275
4.39,-2.7037432,15275
4.36,-5.144416,15275
4.27,-3.7397883,15275
4.0,-7.462243,15275
4.0,-9.089083,15275
7.8,0.7436234,12440
7.33,1.9756564,12440
7.12,0.70169425,12440
7.1,1.7226285,12440
6.94,-1.4839448,12440
6.6,1.5013952,12440
6.58,0.6688834,12440
6.5,-1.7541115,12440
6.46,0.25107783,12440
6.44,-1.5171506,12440
6.42,0.3971514,12440
6.38,-0.30199167,12440
6.34,-5.9735923,12440
6.24,1.0471383,12440
5.85,-0.65155536,12440
5.8,0.9352924,12440
5.66,0.94788957,12440
5.47,1.356414,12440
5.27,-3.1469028,12440
5.07,0.10674321,12440
7.55,-3.4263513,842
7.34,-5.424237,842
7.27,-3.668894,842
6.04,0.3751858,842
8.89,1.6729212,9446
8.7,6.6168427,17372
7.68,6.413088,17372
7.03,-2.1774027,17372
6.91,3.021178,17372
5.22,-1.1147103,17372
5.0,3.2864451,17372
8.74,3.5889893,2017
6.67,1.1799872,10491
8.0,1.9280356,2880
6.0,-2.065395,2880
10.0,-5.425741,6876
10.0,-1.9488981,6876
9.7,-4.8405275,6876
9.7,-0.7583754,6876
9.7,-4.830452,6876
9.7,-3.9356623,6876
9.52,0.6673811,6876
9.52,-3.1738036,6876
9.4,-2.83083,6876
9.4,-2.823002,6876
9.4,-3.9810948,6876
9.15,-2.1772485,6876
9.15,-5.7927775,6876
9.1,-2.8269136,6876
9.05,-2.0990472,6876
9.05,-4.1085615,6876
9.0,1.7976997,6876
8.85,-2.377756,6876
8.85,-3.6855624,6876
8.7,-4.809163,6876
8.43,-5.904343,6876
8.35,-6.0788956,6876
8.32,-1.5110434,6876
8.15,-6.1835637,6876
7.96,-5.9159408,6876
7.92,-5.011766,6876
7.92,-6.061364,6876
7.89,-6.5467935,6876
7.77,-5.551542,6876
7.66,-5.6331143,6876
7.64,-4.250865,6876
7.57,-2.140764,6876
7.51,-3.7082705,6876
7.5,-6.1825094,6876
7.39,-6.1519804,6876
7.21,-5.6482377,6876
6.98,-5.554982,6876
6.91,-5.4797177,6876
6.16,-5.5871778,6876
7.29,0.36122137,6109
6.77,1.53521,6109
6.77,1.4661084,6109
6.75,-0.7532993,6109
6.72,1.4746712,6109
6.7,-1.0326622,6109
6.64,-0.65974194,6109
6.46,0.606517,6109
6.4,0.06533582,6109
6.37,-0.96352106,6109
6.34,-0.09936302,6109
6.21,-0.17270717,6109
6.07,-2.0762534,6109
6.05,-3.623813,6109
6.6,-3.2513263,4396
6.16,-0.72741073,13161
6.29,4.2379813,8745
6.28,4.0940866,8745
5.78,-4.350195,8745
5.7,-0.5370537,8745
9.0,1.0479761,11173
8.7,-0.4085603,11173
8.7,-0.49307814,11173
8.4,-7.4790897,11173
8.4,-0.09928652,11173
8.4,0.2084071,11173
8.22,-0.49307814,11173
8.1,0.7779964,11173
8.1,-5.2060504,11173
7.96,-1.739083,11173
7.92,-6.6300445,11173
7.82,-0.9476358,11173
7.82,-6.820958,11173
7.75,-0.49307814,11173
7.7,-1.8532014,11173
7.68,-3.0751548,11173
7.52,-4.682133,11173
7.52,-5.47647,11173
7.47,-0.0014221594,11173
7.3,0.5404482,11173
7.3,1.5215203,11173
6.77,-1.7739562,11173
4.27,0.9351297,5930
4.13,-2.5368676,5930
5.43,-7.99262,6407
5.11,0.57595986,6407
8.7,3.1532335,9677
9.05,-5.378945,13733
6.65,-1.5428027,8740
6.26,1.1928049,8740
6.23,1.9044474,8740
5.36,-1.7713851,8740
5.13,-2.0376246,8740
5.52,4.1958423,17160
9.22,3.8737376,2014
6.7,0.16052955,10878
6.3,2.7685275,10878
6.1,-0.16480803,10878
6.0,3.277273,10878
5.9,1.9775914,10878
5.6,-0.20718566,10878
5.6,-0.29033428,10878
5.5,0.33585125,10878
5.4,-0.47928602,10878
5.2,0.341161,10878
4.9,-4.180394,10878
4.8,-4.695077,10878
4.6,-1.5241555,10878
7.52,-0.41566277,14704
7.16,0.04612805,14704
5.17,0.9891109,14704
7.96,4.5153804,172
7.33,1.6537176,172
7.06,3.3359072,172
6.82,-1.9595633,172
6.82,4.1457415,172
6.75,1.1362778,172
6.72,0.84698147,172
6.7,1.428048,172
6.66,3.7540245,172
6.64,-0.6572722,172
6.62,3.8637547,172
6.6,4.4072165,172
6.47,-1.5389354,172
6.4,-1.5641229,172
6.39,-1.1559021,172
6.38,0.29453042,172
6.32,2.594622,172
6.28,4.978222,172
6.18,4.216274,172
6.16,5.2487416,172
6.04,3.9893773,172
6.04,5.229103,172
6.03,-1.1559021,172
5.52,-3.0742033,172
5.5,-0.26252192,172
5.46,-1.3465693,172
5.29,-1.14002,172
5.26,-3.1906698,172
6.8,5.4036064,11598
6.6,-4.179389,3111
6.7,-6.7610526,2668
8.52,1.863623,14431
8.89,3.006779,7058
6.6,2.9762287,2705
5.22,2.4014335,2705
5.08,5.140571,2705
5.03,5.309817,2705
4.55,1.1864997,2705
7.32,-1.1433043,1191
7.16,0.53676796,1191
5.86,3.988725,1191
5.76,0.051396757,1191
5.69,1.3969223,1191
5.65,-0.9916645,1191
5.2,-3.1932044,1191
5.0,0.18079892,1191
5.0,-4.2847543,1191
10.0,-1.3914722,15094
6.75,-2.830647,15094
9.48,0.8291487,14778
9.41,3.2299614,14778
9.37,4.1632257,14778
9.28,7.28643,14778
9.28,1.8444306,14778
9.25,5.131355,14778
9.25,6.540164,14778
9.24,2.1913888,14778
9.0,5.8291254,8227
8.03,1.8535677,8227
4.7,-0.37200737,16097
4.4,-0.24981534,16097
4.68,0.31191227,16124
8.02,-2.4660087,12740
8.72,3.5448194,12916
8.62,4.125864,12916
8.57,2.2448514,12916
8.57,4.938381,12916
8.47,2.943967,12916
8.46,6.9054837,12916
8.43,2.2882404,12916
8.42,4.8412123,12916
8.37,2.554413,12916
8.28,2.8370247,12916
8.28,1.369538,12916
8.28,0.20928591,12916
8.26,3.0796335,12916
8.25,5.690069,12916
8.22,3.8311746,12916
8.21,3.1971574,12916
8.2,3.0171268,12916
8.18,0.9561317,12916
8.11,2.7842076,12916
8.07,2.2387953,12916
8.07,5.3690605,12916
8.02,1.9287814,12916
7.92,0.9707496,12916
7.85,2.2121828,12916
7.82,2.7512937,12916
7.8,3.1507814,12916
7.77,1.5922128,12916
7.66,2.5551624,12916
7.58,4.567097,12916
7.5,1.2697642,12916
7.19,0.7560536,12916
8.0,-0.4099003,7581
7.8,-0.14347482,7581
8.22,-0.4418462,12535
7.71,4.5582385,8429
6.28,-0.63492626,8429
5.56,-2.7358346,8429
5.0,-0.51169753,1248
5.06,-3.6887434,6886
4.95,3.6795862,7088
9.57,1.3028861,14201
9.05,-5.875026,14201
8.52,2.1259673,14201
7.11,-0.6134838,14201
8.0,-1.238913,17326
7.89,-0.0008074958,17326
7.68,-0.4306796,17326
7.5,-2.1146631,17326
7.42,-0.18928519,17326
7.34,0.18918017,17326
6.96,-1.9154626,17326
6.96,1.1565754,17326
6.82,1.4272467,17326
6.77,0.9582568,17326
6.72,-2.89007,17326
6.72,0.37965685,17326
6.55,-0.42301297,17326
6.42,1.054519,17326
6.42,-2.707017,17326
6.42,0.58846474,17326
6.25,-1.1359696,17326
6.17,0.5825179,17326
6.13,-0.7796684,17326
6.13,-4.946845,17326
5.62,-3.0189264,17326
5.22,-1.7671407,17326
4.93,0.76412016,17326
7.19,-3.90617,1502
5.64,0.50564283,10025
6.0,-0.19574293,12256
8.52,-0.20014954,7607
8.4,0.037760712,7607
8.4,0.8512809,7607
8.3,-3.4714015,7607
8.3,2.4982386,7607
8.3,-0.5820725,7607
8.3,1.6937084,7607
8.15,2.3476856,7607
8.15,1.8943821,7607
8.15,-2.1281703,7607
8.1,4.2507453,7607
8.05,-1.3372383,7607
8.05,-1.8247447,7607
8.05,-1.1269747,7607
8.0,-0.44308683,7607
7.96,1.813618,7607
7.92,-1.5765339,7607
7.89,-3.3237875,7607
7.89,-1.024269,7607
7.85,-0.9510302,7607
7.8,-0.5093679,7607
7.8,-2.8395941,7607
7.77,-1.6549343,7607
7.75,1.1945468,7607
7.75,1.9418533,7607
7.72,2.174878,7607
7.64,-1.3540558,7607
7.58,-0.3909716,7607
7.54,-0.07501008,7607
7.5,-1.1308225,7607
7.48,-3.923664,7607
7.48,2.74299,7607
7.47,-2.1570356,7607
7.44,0.64953667,7607
7.43,3.1774008,7607
7.42,-2.8743303,7607
7.42,-2.4607255,7607
7.41,0.86868185,7607
7.4,1.8833414,7607
7.4,-2.1304717,7607
7.39,1.2916641,7607
7.38,-0.3821254,7607
7.38,-1.2733092,7607
7.38,-0.5442226,7607
7.38,3.526575,7607
7.37,-2.1995244,7607
7.37,-1.2781538,7607
7.35,-4.1319914,7607
7.33,-2.1367083,7607
7.31,0.38477835,7607
7.3,4.13453,7607
7.27,1.2944398,7607
7.26,-2.4951837,7607
7.25,0.6421523,7607
7.19,-4.2175784,7607
7.18,3.233653,7607
7.18,-0.52011687,7607
7.15,0.91511023,7607
7.11,4.300379,7607
7.1,-0.48378533,7607
7.01,-3.133073,7607
7.0,1.1380273,7607
6.95,3.6605453,7607
6.95,-0.83051676,7607
6.94,-0.21483266,7607
6.87,4.5007052,7607
6.82,1.4692824,7607
6.79,-0.5335719,7607
6.77,0.9262289,7607
6.77,-1.3410904,7607
6.74,-2.2702558,7607
6.74,1.0430135,7607
6.72,-2.4659412,7607
6.62,1.789214,7607
6.58,1.5398076,7607
6.57,-0.83501476,7607
6.54,0.5991883,7607
5.96,-2.043104,7607
6.63,2.07019,12014
6.21,0.7160826,12014
6.15,-3.140643,12014
9.0,-1.9778616,13618
8.7,-1.1890619,13618
8.52,-0.100294314,13618
8.3,-2.45881,13618
8.22,-1.4788324,13618
8.22,-0.114409044,13618
8.1,1.7355893,13618
8.05,0.122079544,13618
7.8,-1.4788324,13618
6.91,-1.4733617,13618
7.39,-2.378153,3983
6.79,0.87157,3983
6.0,-4.207772,17355
5.82,-1.4090382,17355
9.3,-0.23016357,10510
8.89,3.1084802,10510
8.66,-0.6353335,10510
8.64,-0.20936939,10510
8.44,-0.88802594,10510
8.43,-0.3893245,10510
8.43,-0.61579156,10510
8.29,-4.37147,10510
8.27,-3.3095157,10510
8.27,2.3582053,10510
8.15,-3.6022558,10510
8.11,-0.6353335,10510
7.26,3.0456977,10510
7.13,-2.9691336,10510
6.43,-0.61579156,10510
8.3,-2.1858625,16133
8.3,-0.5132788,16133
8.17,-1.1780972,16133
7.68,3.5229247,16133
7.1,2.8560095,11684
7.07,2.135035,11684
6.94,1.5562054,11684
6.46,0.9569344,11684
6.3,1.9151676,11684
6.12,-2.071966,11684
6.1,-0.56984323,11684
6.06,1.4376875,11684
6.0,-0.8552474,11684
5.96,-0.44823337,11684
7.68,1.5693331,337
7.4,1.9245576,337
7.29,0.85838366,337
7.18,1.1355493,337
7.17,2.4258318,337
7.12,0.96089554,337
6.99,1.9862682,337
6.96,2.0771408,337
6.83,1.4030988,337
6.82,0.73306674,337
6.76,0.8918185,337
6.71,0.7374994,337
6.68,0.23160404,337
6.63,-0.52943087,337
6.59,0.6268589,337
6.58,0.67253333,337
6.57,0.93015534,337
6.55,0.58793414,337
6.5,-0.07252823,337
6.43,0.57180804,337
6.08,-5.031089,337
5.9,-2.0871563,337
5.84,0.29077554,337
5.67,0.77543306,337
5.5,-2.2080371,337
8.41,1.9603152,10511
8.1,2.3790982,10511
7.58,3.0655322,10511
7.46,-0.31519878,10511
7.44,0.8290226,10511
6.57,0.26711452,10511
6.54,0.048493505,10511
6.36,0.048493505,10511
6.03,-0.08779133,10511
6.0,-0.54554176,10511
5.84,-4.344717,10511
5.83,-6.1235337,10511
5.83,-0.826027,10511
5.79,-5.868386,10511
7.52,2.9790533,3035
5.8,0.16430745,3035
5.57,0.39961386,3035
5.46,1.6132127,3035
5.23,1.1571459,3035
4.92,1.558427,3035
4.85,-2.4083626,3035
4.82,-0.21221957,3035
4.82,2.959532,3035
4.82,1.4751767,3035
4.72,1.3220056,3035
4.66,2.4803889,3035
4.52,1.2901921,3035
4.52,2.5935102,3035
4.44,-0.2809294,3035
4.0,-0.21631905,3035
4.0,0.87521106,3035
4.0,1.1698291,3035
4.0,0.2504356,3035
4.0,0.59618884,3035
7.04,3.6134963,1368
7.05,1.9308476,10228
7.0,2.425567,10228
6.96,2.246587,10228
6.89,3.57329,10228
6.64,-0.5613781,10228
6.48,3.382359,10228
6.35,0.342973,10228
5.89,-0.084560975,10228
5.8,-2.663148,10228
5.74,1.5868762,10228
5.7,1.8440689,10228
5.44,2.9494414,10228
5.42,-2.1256871,10228
9.3,2.542251,16174
9.15,0.56739116,16174
9.15,2.790624,16174
9.1,1.8782128,16174
8.96,-0.7433027,16174
8.72,1.4643711,16174
8.68,-0.29858986,16174
8.68,0.7661779,16174
8.64,-0.21847269,16174
8.62,-1.6221914,16174
8.59,-1.8637497,16174
8.55,-0.71696246,16174
8.42,1.6445282,16174
8.27,-0.9424214,16174
7.7,-1.286008,16174
7.58,-0.28993627,16174
7.34,-1.1618148,16174
7.17,-1.557775,16174
6.52,-3.6493216,16174
6.33,-1.3635262,16174
6.22,-2.1778352,16174
6.75,3.2235913,7019
6.4,-1.7363316,7019
6.25,5.1629777,7019
6.09,2.9120018,7019
6.07,-2.197342,7019
6.07,3.77416,7019
5.92,4.4426403,7019
5.35,1.3725662,7019
5.25,-0.830131,7019
5.21,-2.2727764,7019
8.8,4.9287977,15984
8.7,0.90338343,15984
8.7,0.96325475,15984
8.48,2.9553947,15984
8.47,4.663772,15984
8.46,-0.29038778,15984
8.44,-1.9245209,15984
8.44,0.015881855,15984
8.44,0.31262833,15984
8.41,0.9537724,15984
8.33,4.9047904,15984
8.24,0.17323533,15984
8.24,-1.285549,15984
8.19,3.5228815,15984
8.17,2.2214239,15984
8.17,-1.7827463,15984
8.0,1.2212012,15984
8.0,2.929498,15984
7.85,0.6986834,15984
7.77,0.6991556,15984
7.75,4.677974,15984
7.68,-0.9775761,15984
7.62,2.9387155,15984
7.62,3.3647287,15984
7.44,0.27192163,15984
7.43,3.039583,15984
7.37,2.1174672,15984
7.28,0.90741616,15984
7.26,3.7712686,15984
7.12,0.6875118,15984
6.31,0.21879253,15984
8.85,-0.49163032,10671
8.44,2.6908534,10671
8.37,3.8257253,10671
7.9,2.1842766,10671
7.86,2.086462,10671
7.86,2.4078145,10671
7.85,3.139131,10671
7.82,2.1500354,10671
7.75,2.349946,10671
7.71,3.005731,10671
7.7,3.311608,10671
7.46,1.3201278,10671
7.31,1.0638962,10671
6.6,2.7733727,10671
6.57,3.8978927,10671
6.54,3.4614027,10671
6.48,1.4147322,10671
6.2,0.893643,10671
6.06,1.6464672,10671
7.85,1.2251518,6460
7.72,2.810118,6460
7.54,-1.7841637,6460
7.41,-2.2431433,6460
7.41,0.111838706,6460
7.4,1.7840494,6460
7.33,0.76610297,6460
7.24,1.2557757,6460
7.19,1.9789413,6460
7.18,1.6563252,6460
7.15,1.4086386,6460
7.12,1.5072657,6460
7.06,0.9513841,6460
7.03,-4.084584,6460
6.97,2.0878787,6460
6.97,-4.996357,6460
6.95,-0.82177424,6460
6.94,0.49052602,6460
6.93,1.0151168,6460
6.86,-3.7802703,6460
6.85,1.9327171,6460
6.83,-4.9583836,6460
6.83,-2.6066003,6460
6.79,1.6693015,6460
6.79,2.0609145,6460
6.78,-0.57347715,6460
6.73,1.6498165,6460
6.64,1.4329996,6460
6.63,2.0508962,6460
6.61,0.17137274,6460
6.61,1.986647,6460
6.59,0.9652588,6460
6.58,0.92140096,6460
6.58,-4.5436525,6460
6.56,-4.6400175,6460
6.53,1.7857049,6460
6.51,2.0349576,6460
6.5,0.67560816,6460
6.48,-2.8506744,6460
6.47,1.0928433,6460
6.46,0.13865653,6460
6.44,0.505547,6460
6.41,-5.104329,6460
6.37,-2.739136,6460
6.37,-2.92638,6460
6.35,1.2483844,6460
6.33,2.4414792,6460
5.46,-2.8598416,2231
7.77,-0.92287093,1726
5.37,-0.3025246,783
9.0,-0.6925894,13685
9.0,3.3114069,13685
7.64,0.34170642,13685
7.0,-3.8762634,1060
5.6,-1.8211799,1060
7.7,5.7016716,9319
7.46,2.1157873,9319
7.0,-2.3125446,9319
7.09,1.8850018,7543
4.47,0.20083538,11569
4.33,-1.3493772,11569
7.75,2.0404375,2234
7.34,2.7885454,2234
6.97,2.6311321,2234
6.65,1.9466566,2234
6.05,-3.835213,2234
6.02,-0.93139863,2234
8.18,0.6287874,16205
5.92,-2.2516363,16205
8.26,-1.539863,12635
7.96,4.972305,4736
8.33,2.889765,332
8.33,2.0678744,332
8.15,3.1667223,332
8.12,2.4873416,332
8.09,2.4315934,332
8.08,1.7447248,332
8.04,2.0469124,332
7.89,0.37570947,332
7.89,1.2174361,332
7.89,1.4008148,332
7.62,0.38355052,332
7.58,0.77527636,332
7.47,-0.86010504,332
7.47,-0.35247934,332
7.19,-1.4083415,332
7.16,2.1912498,332
7.11,0.27800927,332
7.1,1.7447248,332
7.05,-3.158026,332
6.72,0.38344368,332
6.44,-2.5852008,332
6.36,-2.5336163,332
6.16,-3.0267189,332
5.85,-1.0425425,332
5.33,-2.8335748,332
5.55,2.8025582,11540
9.0,1.4310725,2345
9.0,-0.06185352,2345
9.0,1.0787807,2345
8.7,0.0480418,2345
8.7,-0.40410066,2345
8.7,1.39536,2345
8.52,2.2806528,2345
8.4,-3.3631449,2345
8.4,0.049273737,2345
8.3,-1.0188792,2345
8.3,1.5898056,2345
8.22,0.28587845,2345
8.22,0.5793118,2345
8.22,0.7232024,2345
8.15,1.3882377,2345
8.1,0.7602809,2345
8.1,-3.2074265,2345
8.1,1.419763,2345
8.1,0.13644072,2345
8.0,0.34994137,2345
8.0,-3.6381507,2345
8.0,-0.8837331,2345
8.0,0.86294484,2345
8.0,-0.8334239,2345
7.92,2.6743307,2345
7.92,1.6990582,2345
7.92,0.77807754,2345
7.82,0.19977811,2345
7.8,-0.11151364,2345
7.75,1.300776,2345
7.75,1.026668,2345
7.7,1.4386177,2345
7.7,0.2042346,2345
7.68,-0.42274973,2345
7.58,-0.24292383,2345
7.58,0.85062355,2345
7.51,0.6246066,2345
7.36,1.9289974,2345
7.27,1.4113678,2345
7.26,-0.7981703,2345
7.23,1.3479632,2345
7.13,-1.4060498,2345
7.04,0.49798912,2345
7.03,-0.6114769,2345
6.95,-0.5132406,2345
6.93,0.6330221,2345
6.8,-3.6245344,2345
6.76,0.048282422,2345
6.73,1.0512573,2345
6.53,-4.042397,2345
6.05,-0.20635018,2345
5.9,2.2919755,2345
5.0,1.3889052,16655
9.27,-2.8482914,13841
8.09,-0.7517351,3656
7.59,3.6407318,3656
7.08,1.7550772,3656
6.01,3.0141928,16749
7.0,-2.798269,16319
8.1,-0.14336246,4160
7.73,-3.0649495,6219
7.49,4.7916303,6219
7.38,1.1959472,6219
7.26,1.1006042,6219
7.24,-0.19749835,6219
7.14,3.2335734,6219
7.13,-1.4953247,6219
7.1,0.29037097,6219
7.08,4.8406773,6219
7.06,1.7286342,6219
7.06,2.074364,6219
7.04,1.7300181,6219
7.04,3.3354094,6219
7.03,5.0828815,6219
7.03,1.380451,6219
7.02,4.2620206,6219
7.02,1.9632123,6219
7.01,3.3975093,6219
7.01,2.9111161,6219
7.0,0.6561509,6219
6.99,-0.7031963,6219
6.99,1.6129214,6219
6.97,3.8309925,6219
6.96,2.0713215,6219
6.95,3.0098717,6219
6.93,3.0392764,6219
6.93,4.139192,6219
6.92,0.7133491,6219
6.91,0.15632501,6219
6.91,2.6804721,6219
6.88,3.1892555,6219
6.87,2.9943056,6219
6.87,0.57823443,6219
6.86,5.435211,6219
6.86,0.93784076,6219
6.86,1.0095006,6219
6.85,3.3741207,6219
6.85,0.808297,6219
6.85,3.8511093,6219
6.85,1.0142093,6219
6.84,0.21048701,6219
6.83,0.59775466,6219
6.82,2.885133,6219
6.82,1.6193827,6219
6.81,2.395072,6219
6.81,2.8858244,6219
6.8,3.8026137,6219
6.8,1.266772,6219
6.79,3.3608665,6219
6.79,1.6570717,6219
6.78,1.8749155,6219
6.77,1.7838842,6219
6.76,4.224424,6219
6.76,-0.24309558,6219
6.76,0.47292525,6219
6.75,0.3121218,6219
6.75,4.9472775,6219
6.74,2.395072,6219
6.74,0.57344896,6219
6.73,4.0420065,6219
6.73,3.080136,6219
6.73,4.743967,6219
6.72,4.0420065,6219
6.72,4.0488806,6219
6.72,1.8338996,6219
6.71,1.4586549,6219
6.7,-0.41560015,6219
6.7,0.24144375,6219
6.69,1.6629905,6219
6.66,3.935722,6219
6.66,-1.745304,6219
6.66,4.144413,6219
6.66,3.080136,6219
6.64,2.073411,6219
6.63,3.1802475,6219
6.63,4.151674,6219
6.63,0.46442416,6219
6.62,0.98819524,6219
6.6,5.2933755,6219
6.59,3.9029067,6219
6.58,3.611203,6219
6.57,-2.9704967,6219
6.57,3.194612,6219
6.57,-0.7650254,6219
6.56,3.2329025,6219
6.56,0.59930366,6219
6.56,0.5170134,6219
6.56,3.1354465,6219
6.55,4.6138744,6219
6.55,1.1986923,6219
6.55,-1.1397251,6219
6.54,2.973249,6219
6.51,0.42097694,6219
6.51,3.512391,6219
6.5,2.6077683,6219
6.49,1.2897257,6219
6.48,-0.66074437,6219
6.48,2.7550967,6219
6.47,2.973249,6219
6.46,3.9558654,6219
6.45,2.1463938,6219
6.43,4.144413,6219
6.42,2.9621742,6219
6.42,4.619951,6219
6.41,3.0066483,6219
6.4,0.03152434,6219
6.4,1.3100641,6219
6.4,2.7676158,6219
6.39,1.3924147,6219
6.37,2.6391683,6219
6.37,1.4889487,6219
6.35,3.0636039,6219
6.34,1.9317521,6219
6.33,3.1267195,6219
6.31,0.9399928,6219
6.31,1.9338672,6219
6.31,-1.4563684,6219
6.3,-2.7707775,6219
6.3,-1.2559434,6219
6.29,0.0002679769,6219
6.28,3.8568518,6219
6.26,1.9798659,6219
6.25,1.554365,6219
6.25,-3.284161,6219
6.23,1.9161433,6219
6.21,4.764484,6219
6.2,3.0179784,6219
6.16,1.9338672,6219
6.15,-3.5515802,6219
6.15,0.22618634,6219
6.14,3.1901612,6219
6.13,2.937704,6219
6.12,3.2238557,6219
6.07,0.9872624,6219
6.06,3.4527907,6219
6.04,3.7174296,6219
6.03,2.2923894,6219
6.03,1.6485018,6219
6.03,2.6117032,6219
6.01,-0.28930083,6219
5.98,1.9233019,6219
5.94,3.1563036,6219
5.93,-1.343837,6219
5.92,1.2627519,6219
5.91,1.7048492,6219
5.9,1.8441701,6219
5.86,3.047603,6219
5.81,1.0539404,6219
5.79,-0.11900502,6219
5.79,1.14951,6219
5.76,1.3481832,6219
5.76,1.3813373,6219
5.72,2.513262,6219
5.71,-0.5921922,6219
5.67,3.3015287,6219
5.65,0.76997304,6219
5.59,2.4943311,6219
5.54,1.1074859,6219
5.52,0.8178403,6219
5.51,2.9058027,6219
5.42,0.3532996,6219
5.38,3.6924489,6219
5.31,1.9518802,6219
5.31,1.779698,6219
5.18,2.8155808,6219
8.05,-0.18751472,2995
7.92,1.4733096,2995
7.75,0.06584918,2995
7.55,-4.0466156,2995
7.44,-0.95113206,2995
7.21,-2.4695363,2995
6.8,0.9674194,2995
6.05,-1.3597485,2995
6.02,-1.0849475,2995
5.82,-0.68531746,2995
6.22,4.3053794,5325
5.22,-1.0789522,6845
5.03,2.4717643,6845
4.32,-2.3217163,10364
9.46,-2.4535596,9949
5.09,-0.57074416,6339
6.78,4.8772483,4694
6.47,2.3224452,4694
6.3,-0.39050233,4694
6.28,-1.327304,4694
6.26,-1.5703782,4694
6.23,-2.0165179,4694
6.21,-1.1345841,4694
6.2,-2.0087678,4694
6.17,-3.1187062,4694
6.13,-2.4801083,4694
6.11,-2.2198129,4694
6.1,-2.52662,4694
6.09,-2.4830914,4694
6.08,-2.5717034,4694
6.07,-2.7530665,4694
6.06,-2.2920856,4694
6.05,0.1636338,4694
6.04,-2.7220151,4694
6.02,-3.2347996,4694
6.02,-2.9793832,4694
7.0,1.9987653,15756
6.89,-0.69285935,15756
5.92,-1.4860561,15756
4.21,3.3500774,15756
7.5,-0.6111154,12543
6.77,0.74271286,4129
6.54,-0.51020765,4129
6.42,0.5690722,4129
6.38,-0.32027403,4129
6.35,-2.1567037,4129
6.24,0.31976095,4129
6.19,0.43067738,4129
6.08,-1.0235456,4129
4.72,-0.74015886,4129
4.43,-1.3689834,4129
5.87,1.3485987,1400
7.0,2.3877916,11728
6.89,-1.6163845,11728
6.89,-0.6913446,11728
6.85,-0.6913446,11728
6.75,-2.0185885,11728
6.0,-4.970712,11728
7.04,-0.09381956,13492
6.72,2.8899066,13492
6.63,-0.99342227,13492
6.58,-1.7299421,13492
6.52,2.4366364,13492
7.7,-2.1143744,10459
6.83,4.87531,3603
9.16,5.934318,9630
9.08,4.6047955,9630
9.04,2.365988,9630
9.02,0.8192164,9630
8.97,2.81104,9630
8.86,4.671852,9630
8.17,1.2035997,9630
8.08,2.6127017,9630
7.95,-0.47064567,9630
7.67,0.8646907,9630
7.65,-1.2700381,9630
7.04,-0.8229499,9630
6.42,3.066097,3419
6.4,-0.5872936,3419
6.08,3.2170062,3419
6.03,1.9161025,3419
6.02,1.4298878,3419
6.0,2.0305574,3419
5.89,0.062566794,3419
5.89,1.2943999,3419
5.77,1.082329,3419
5.72,-0.7562474,3419
5.72,0.3459745,3419
5.68,0.3047871,3419
5.62,-0.23022744,3419
5.6,-0.73179483,3419
5.55,-1.8138572,3419
5.52,-1.6751951,3419
5.51,-0.98813075,3419
5.46,0.464681,3419
5.44,-0.8522099,3419
5.44,0.62890524,3419
5.34,2.5202518,3419
5.31,-3.3803132,3419
5.24,-2.942407,3419
5.06,-0.51216704,3419
6.12,1.2295926,9643
6.92,-4.125847,4424
6.28,-2.2102902,4085
7.48,0.068375595,14443
4.77,2.6795492,16232
9.22,6.9538636,9676
8.72,2.3869832,9676
8.62,4.1540565,9676
8.27,3.0436797,9676
7.89,4.031648,9676
7.76,1.2953267,9676
7.68,3.703372,9676
7.66,2.3966331,9676
7.5,3.4569907,9676
7.32,3.2259514,9676
6.63,-1.706629,9676
8.52,2.5038567,4619
8.3,-0.226935,4619
7.96,0.7115441,4619
7.85,-0.41347772,4619
7.75,-2.80452,4619
7.7,0.78295845,4619
7.7,-1.1205784,4619
7.66,-0.14450492,4619
7.54,2.2007546,4619
7.52,3.2775023,4619
7.44,0.8158401,4619
7.38,2.4361038,4619
7.31,2.9036582,4619
7.28,-0.17469874,4619
7.0,-0.58536685,4619
6.85,0.12786481,4619
5.77,-2.2027175,2407
7.4,-0.5546197,16361
6.67,-4.360335,9344
9.27,-2.746801,9205
8.52,0.39230418,6914
7.32,-1.8695598,6914
6.5,-2.9095163,6914
6.16,6.372421,16099
5.14,-0.09745725,16099
7.09,2.1638799,11457
7.03,-1.6932782,11457
6.91,0.34726107,11457
6.82,-1.2139837,11457
6.04,-1.8949784,11457
5.88,-0.17032051,11457
5.87,-2.2645884,11457
7.17,2.3211591,5674
9.1,3.1106582,8275
8.3,-0.7065877,8275
4.31,1.1894642,8275
9.44,4.1428328,12269
4.3,1.0518972,967
8.96,4.2572975,1965
8.8,3.6239085,1965
8.8,1.4888742,1965
8.68,2.9206803,1965
8.68,5.788077,1965
8.68,4.2920847,1965
8.64,5.3046656,1965
8.22,2.1916611,1965
7.96,2.463012,1965
7.82,-0.07036827,1965
7.54,0.6822706,1965
7.35,1.1664411,1965
7.33,-0.71861744,1965
7.24,-0.22643411,1965
7.19,-3.1133957,1965
6.58,0.067109205,1965
6.57,-0.11381843,1965
6.54,0.6598294,1965
6.14,0.011032507,1965
6.04,1.671954,1965
5.82,0.10724408,1965
5.52,1.3513939,1965
7.32,-3.8023129,10428
7.78,1.5157655,11925
8.77,3.790582,12439
6.94,3.744187,8329
5.8,1.3507172,8329
5.53,2.2658918,8329
5.32,-0.9005653,8329
5.21,0.16942188,8329
5.77,-0.83555543,11009
5.13,-3.1716192,11009
5.0,-1.2096621,7507
8.52,-5.4699306,1972
7.21,-1.3179604,3069
7.17,-3.4409692,3069
7.11,0.4065195,3069
7.0,0.85967064,3069
6.92,-0.5307724,3069
6.85,-4.1684656,3069
6.64,0.5169518,3069
6.42,-4.611876,3069
6.42,-0.94694966,3069
6.24,0.45551062,3069
6.0,-4.115541,3069
5.85,-4.1245384,3069
5.77,-3.7726972,3069
5.52,-0.342711,3069
5.43,-0.13048738,3069
5.35,-0.13048738,3069
5.24,-2.4755797,3069
5.17,-2.2791674,3069
5.14,-2.761719,3069
5.11,-0.7569641,3069
4.52,-2.9959333,3069
4.19,-3.7902248,3069
4.12,-3.4143171,3069
4.1,-5.0848002,3069
5.4,-0.28362155,15940
5.51,-2.869365,6504
9.0,-0.7796558,7335
8.46,-1.3578737,7335
8.45,-3.852507,7335
8.39,-1.9462476,7335
8.3,-1.2191828,7335
8.29,1.1223694,7335
8.2,1.2586914,7335
8.06,1.1463965,7335
7.99,1.1685693,7335
7.87,-3.852507,7335
7.84,2.5839052,7335
7.79,-0.7176243,7335
7.61,-1.2064308,7335
6.93,-1.2064308,7335
6.2,3.5665781,7335
6.16,-1.9462476,7335
6.13,-0.7176243,7335
6.12,-1.3578737,7335
5.3,5.5992427,8315
5.09,-0.76865095,8315
5.0,-0.16989458,8315
9.0,1.710316,9142
9.0,1.2711315,9142
9.0,2.0583518,9142
8.7,0.33868957,9142
8.7,0.2938586,9142
8.7,0.13171253,9142
8.7,-0.5072518,9142
8.52,0.01613903,9142
8.4,0.18707475,9142
8.1,-0.99798304,9142
8.1,0.5363438,9142
7.82,-0.22333223,9142
7.8,-0.53259915,9142
7.75,2.3460877,9142
7.07,-5.930947,9142
6.96,-5.104657,9142
7.97,2.1421523,14085
9.22,5.5206165,17042
9.0,4.766227,17042
9.0,5.172749,17042
9.0,1.7077366,17042
8.66,-0.7007883,17042
8.4,-2.9940286,15422
8.3,-0.48756462,15422
8.0,-0.7092237,15422
7.92,-1.6600147,15422
7.89,-0.13319126,15422
7.68,0.6906854,15422
7.54,-3.268929,15422
7.41,-1.1469058,15422
7.38,-0.002666831,15422
7.27,-2.1020916,15422
7.2,-4.9010434,15422
7.0,-1.995993,15422
6.86,-1.1012847,15422
6.84,-4.2883544,15422
6.84,-6.718012,15422
6.71,-6.826363,15422
6.36,-3.6834965,15422
6.24,-4.1545014,15422
6.09,0.30224916,15422
5.81,-4.52493,15422
5.9,1.7434874,11870
5.56,3.257949,11870
5.39,-0.9950183,11870
8.89,3.9058201,3166
5.42,-3.8157403,9507
8.4,2.0572286,4630
8.62,2.737857,121
7.84,-1.697673,121
7.25,-1.697673,121
6.18,-2.0571904,121
6.11,1.7617439,121
5.79,-2.302182,121
5.43,0.050939977,121
7.7,2.0017903,17822
7.68,-1.7886392,713
7.53,-2.3168976,713
7.18,-2.226223,713
5.4,3.8112407,3492
7.1,2.9097164,17629
7.0,-1.4605088,17629
6.84,-7.380972,17629
6.33,2.775892,17629
6.11,-4.588547,17629
6.11,0.40186533,17629
5.82,-6.966795,17629
5.24,-6.914155,17629
5.0,-6.354078,17629
5.0,-2.6320393,17629
9.0,2.6969001,5486
9.0,2.4719026,5486
8.3,-0.61627424,5486
8.3,-0.8322682,5486
7.72,3.1113746,5486
7.03,-2.119996,5486
6.78,3.7900045,5486
7.96,0.87776816,8627
7.77,-1.3731136,8627
6.01,2.5946233,2602
5.88,1.974768,2602
5.76,3.8421407,2602
5.7,0.6674567,2602
5.69,3.1518214,2602
9.72,1.475498,8095
9.64,2.3540516,8095
9.49,1.9782909,8095
9.48,3.1574054,8095
9.44,2.259936,8095
9.44,1.0291908,8095
9.43,2.362034,8095
9.4,1.3718706,8095
9.34,1.9305537,8095
9.3,2.2078555,8095
9.19,1.818905,8095
9.15,3.3200243,8095
9.14,0.90511405,8095
9.14,1.3920164,8095
9.09,1.479319,8095
9.08,2.6240735,8095
9.07,0.7463443,8095
9.07,1.2390878,8095
9.07,3.6210651,8095
9.07,2.3300521,8095
9.07,2.7812994,8095
9.0,1.5195677,8095
9.0,0.9559303,8095
8.96,1.7042533,8095
8.94,1.3163477,8095
8.92,1.5589195,8095
8.9,1.3444028,8095
8.89,2.2317324,8095
8.88,2.197534,8095
8.87,1.0479393,8095
8.83,3.2703753,8095
8.8,2.2661278,8095
8.76,2.4381413,8095
8.73,2.694573,8095
8.72,1.5691338,8095
8.72,1.2788541,8095
8.71,1.6442863,8095
8.7,-0.20370525,8095
8.68,1.6318847,8095
8.67,1.1851094,8095
8.66,1.2932171,8095
8.66,1.4560184,8095
8.66,1.0796622,8095
8.65,3.2703753,8095
8.64,1.3251733,8095
8.64,3.0017512,8095
8.63,1.3481339,8095
8.62,1.59255,8095
8.61,1.4584755,8095
8.61,1.5232203,8095
8.6,3.363081,8095
8.6,1.8412586,8095
8.6,2.2531922,8095
8.59,1.0428834,8095
8.58,1.9434762,8095
8.58,1.799661,8095
8.58,2.4812024,8095
8.57,1.2812908,8095
8.56,-0.020738058,8095
8.56,2.2723653,8095
8.56,2.3193388,8095
8.54,1.3795701,8095
8.53,1.889053,8095
8.53,1.5910281,8095
8.52,2.4524636,8095
8.47,3.0884914,8095
8.46,1.8895097,8095
8.46,0.7616562,8095
8.46,-0.79444045,8095
8.45,1.4165081,8095
8.43,1.6737144,8095
8.4,0.8607237,8095
8.4,1.7182664,8095
8.4,1.4339439,8095
8.4,0.477732,8095
8.4,0.13712221,8095
8.4,0.05275216,8095
8.36,0.72615784,8095
8.36,2.376957,8095
8.36,1.1445209,8095
8.34,1.1345519,8095
8.33,2.1575189,8095
8.32,1.3642541,8095
8.32,1.8035523,8095
8.31,0.85774326,8095
8.29,1.9626746,8095
8.29,0.93593407,8095
8.28,1.3815857,8095
8.27,0.19357601,8095
8.27,0.34969693,8095
8.25,1.8859657,8095
8.25,1.6860384,8095
8.24,1.308114,8095
8.21,0.92046803,8095
8.2,1.0260224,8095
8.19,1.9511358,8095
8.19,2.6814024,8095
8.18,0.7526092,8095
8.17,1.800397,8095
8.17,0.89941555,8095
8.16,0.38913333,8095
8.15,1.5599041,8095
8.13,1.2751127,8095
8.12,1.3641002,8095
8.12,0.63954264,8095
8.11,-0.3471871,8095
8.1,2.122764,8095
8.1,2.249651,8095
8.1,-0.24070534,8095
8.08,1.6722733,8095
8.08,1.477848,8095
8.07,0.81016165,8095
8.05,2.7935483,8095
8.05,2.197534,8095
8.04,1.746594,8095
8.03,2.0585518,8095
8.03,1.0788985,8095
8.03,2.2417092,8095
8.01,1.2705237,8095
7.98,0.37828723,8095
7.98,1.8620973,8095
7.97,1.6737144,8095
7.96,3.3562791,8095
7.96,0.22626263,8095
7.96,1.7959791,8095
7.96,0.29384884,8095
7.96,0.83304286,8095
7.94,0.9189623,8095
7.94,1.115218,8095
7.94,1.012155,8095
7.94,1.1224751,8095
7.94,1.4893789,8095
7.91,1.4802896,8095
7.9,1.599662,8095
7.89,0.43933117,8095
7.86,1.1752774,8095
7.85,1.1536905,8095
7.85,1.2529662,8095
7.85,1.5345192,8095
7.83,3.0900643,8095
7.82,1.3490757,8095
7.82,3.9091074,8095
7.82,2.0992074,8095
7.81,0.47272283,8095
7.8,1.1035763,8095
7.8,0.19357601,8095
7.79,1.2067646,8095
7.78,2.1821582,8095
7.78,1.2937686,8095
7.77,1.0404241,8095
7.75,2.531289,8095
7.75,1.6209074,8095
7.72,1.3556775,8095
7.72,1.7769339,8095
7.71,1.3000296,8095
7.68,1.1519097,8095
7.68,2.4478118,8095
7.67,0.6829406,8095
7.67,0.60385424,8095
7.67,-0.11772073,8095
7.66,1.87518,8095
7.63,1.2269273,8095
7.63,2.210322,8095
7.63,1.7588556,8095
7.63,2.1185012,8095
7.62,1.2350127,8095
7.61,2.0116644,8095
7.58,2.9092634,8095
7.57,0.8893019,8095
7.57,1.1115562,8095
7.56,1.2067646,8095
7.56,1.898697,8095
7.56,1.8022255,8095
7.55,1.9180466,8095
7.52,-0.16669983,8095
7.49,1.599662,8095
7.49,1.0436776,8095
7.48,0.66735035,8095
7.48,-0.16669983,8095
7.48,1.8764716,8095
7.47,-0.27698603,8095
7.47,1.308114,8095
7.46,1.283998,8095
7.44,1.8726656,8095
7.44,-0.4154583,8095
7.43,2.38645,8095
7.39,0.78110397,8095
7.38,0.66735035,8095
7.37,1.7956307,8095
7.36,1.4968795,8095
7.36,-0.60693514,8095
7.35,1.5777081,8095
7.33,0.117515184,8095
7.32,0.7675101,8095
7.32,-0.24070534,8095
7.3,1.1104754,8095
7.29,1.9059811,8095
7.28,2.197534,8095
7.28,0.31225532,8095
7.28,0.36275965,8095
7.27,-0.9218162,8095
7.26,-0.89172506,8095
7.25,0.9860411,8095
7.23,1.0603741,8095
7.22,-0.20798275,8095
7.22,2.2860363,8095
7.22,1.0574914,8095
7.21,-0.546863,8095
7.2,0.6754289,8095
7.18,-0.14601988,8095
7.16,2.4920275,8095
7.15,0.257778,8095
7.13,1.2885718,8095
7.13,1.0539094,8095
7.12,1.0854515,8095
7.11,-3.3607178,8095
7.11,2.2860732,8095
7.11,-0.9218162,8095
7.08,-0.24486494,8095
7.07,0.026389189,8095
7.06,1.5779489,8095
7.03,0.47002986,8095
7.0,-0.00254808,8095
7.0,2.5410655,8095
6.99,1.2587587,8095
6.98,1.2366903,8095
6.89,-0.56583124,8095
6.89,1.1340533,8095
6.89,1.3819805,8095
6.85,1.0024624,8095
6.84,2.3201342,8095
6.82,-0.45039448,8095
6.79,-3.8528008,8095
6.74,1.8760557,8095
6.73,-0.030878574,8095
6.72,-1.8690295,8095
6.72,1.8760557,8095
6.72,0.32773447,8095
6.7,-3.8123891,8095
6.69,1.3941833,8095
6.69,0.3883806,8095
6.68,1.1408614,8095
6.65,1.7959791,8095
6.59,2.4516737,8095
6.54,-0.71192443,8095
6.52,0.506048,8095
6.48,1.6550473,8095
6.44,-0.9218162,8095
6.4,1.7079793,8095
6.39,0.607978,8095
6.38,0.888135,8095
6.36,1.144852,8095
6.34,0.04385706,8095
6.32,0.7442127,8095
6.31,-1.2857088,8095
6.29,0.83895046,8095
6.25,-0.95806026,8095
6.21,-3.2538688,8095
6.18,0.51429677,8095
6.18,1.0668898,8095
6.17,2.493665,8095
6.11,2.0490487,8095
6.11,3.1950905,8095
6.07,0.88079894,8095
6.0,1.6885364,8095
5.88,2.3333926,8095
5.88,1.6391302,8095
5.87,-2.1643033,8095
5.85,0.055491813,8095
5.83,1.3801342,8095
5.72,-0.008117728,8095
5.71,-0.24070534,8095
5.34,2.9837446,8095
5.19,-3.1418178,8095
6.15,2.3631804,11857
6.13,1.0828348,10936
7.3,0.7544967,920
9.0,0.7874133,11209
9.0,1.1119115,11209
9.0,0.74984646,11209
8.7,0.25497496,11209
8.7,-0.837351,11209
8.7,-0.656001,11209
8.52,0.50572675,11209
8.52,-1.0060936,11209
8.52,-0.0106146,11209
8.52,-0.063607424,11209
8.4,0.10669566,11209
8.4,-0.59770787,11209
8.3,-0.50843596,11209
8.3,-1.8209789,11209
8.22,-1.7148919,11209
8.0,-0.33993185,11209
8.0,-0.97406477,11209
8.0,2.9408505,11209
7.82,-2.0929837,11209
7.8,-2.1421711,11209
7.64,0.15647829,11209
7.54,-1.3420043,11209
4.63,0.60693985,1926
6.38,-2.6412623,15634
8.47,4.487369,12723
4.92,-2.9374855,12723
5.5,-1.2411149,478
9.24,7.462701,14255
9.22,7.073045,14255
9.01,6.275166,14255
8.92,4.637515,14255
8.85,3.777603,14255
8.71,5.721337,14255
8.62,5.108393,14255
8.6,6.228093,14255
8.54,6.647468,14255
8.34,5.334478,14255
8.09,6.064962,14255
8.08,6.8253503,14255
8.06,6.076681,14255
8.01,5.57234,14255
7.95,2.3787897,14255
7.82,6.1306777,14255
7.8,5.3008146,14255
7.69,0.7495002,14255
7.62,3.0039592,14255
6.56,1.1965003,14255
6.08,-1.5832338,14255
5.81,0.21591085,14255
5.77,2.4873765,14255
8.48,0.4576225,7956
8.44,1.113464,7956
8.43,1.90316,7956
8.34,3.2634034,7956
8.32,1.1962065,7956
8.29,0.006837297,7956
8.29,0.79212373,7956
8.28,-2.0713682,7956
8.26,0.5911848,7956
8.21,0.7729541,7956
8.2,1.0233417,7956
8.19,2.8736293,7956
8.18,0.97353536,7956
8.17,2.277554,7956
8.15,0.041401006,7956
8.15,0.991283,7956
8.15,0.19221607,7956
8.14,0.20493007,7956
8.14,1.4923879,7956
8.11,2.4595501,7956
8.1,0.67397034,7956
8.1,1.7119958,7956
8.08,1.2852165,7956
8.07,-0.41863146,7956
8.06,-1.6208161,7956
8.05,1.6658889,7956
8.05,1.7985345,7956
8.05,1.572911,7956
8.04,1.433874,7956
8.04,-3.494513,7956
8.03,0.8714674,7956
8.01,-3.148506,7956
8.0,1.122475,7956
8.0,0.93985325,7956
7.98,-3.851832,7956
7.96,1.5994331,7956
7.96,1.083498,7956
7.96,0.33999342,7956
7.95,1.620154,7956
7.93,1.8037895,7956
7.9,0.65748656,7956
7.9,1.5626417,7956
7.89,1.6540029,7956
7.89,-4.171756,7956
7.89,0.4723555,7956
7.89,-1.0359718,7956
7.89,1.0364647,7956
7.89,0.5656527,7956
7.85,-1.8462399,7956
7.85,-2.826385,7956
7.83,-2.4451761,7956
7.82,1.0390719,7956
7.82,-0.43324563,7956
7.8,-0.3770065,7956
7.8,-0.82361364,7956
7.8,1.4176521,7956
7.75,2.3567572,7956
7.74,1.2540241,7956
7.72,2.631879,7956
7.72,0.3289465,7956
7.72,1.8313156,7956
7.71,-0.42635748,7956
7.7,0.6837207,7956
7.68,1.5964949,7956
7.68,1.2905815,7956
7.68,0.6258869,7956
7.65,0.0030446462,7956
7.63,0.491372,7956
7.62,2.682756,7956
7.62,0.8852536,7956
7.62,1.5043696,7956
7.61,1.8351825,7956
7.61,0.88040775,7956
7.6,0.48941034,7956
7.6,2.9844391,7956
7.6,0.6948454,7956
7.6,0.57987994,7956
7.58,0.47323716,7956
7.58,-0.26875222,7956
7.58,1.0247967,7956
7.57,-1.0196353,7956
7.57,3.3869672,7956
7.56,1.6434505,7956
7.54,1.0560225,7956
7.54,1.6881561,7956
7.53,1.0482813,7956
7.53,-2.811423,7956
7.52,1.9452212,7956
7.51,1.4175465,7956
7.5,1.2955484,7956
7.5,1.5784745,7956
7.5,0.24012005,7956
7.46,-1.6255747,7956
7.46,1.591813,7956
7.45,2.349446,7956
7.43,0.16719514,7956
7.43,1.8300525,7956
7.43,1.4071095,7956
7.42,1.7033769,7956
7.41,-0.9215539,7956
7.41,-3.4558709,7956
7.41,0.29596344,7956
7.39,1.909306,7956
7.37,-2.001069,7956
7.35,1.1350789,7956
7.25,0.8200982,7956
7.21,-4.648656,7956
7.19,2.4013848,7956
7.15,-2.9507415,7956
7.14,-0.8728879,7956
7.13,-0.5151344,7956
7.13,0.2689169,7956
7.06,-1.0571579,7956
7.05,0.4081105,7956
7.02,0.29281387,7956
7.01,-0.772425,7956
6.96,0.97458225,7956
6.94,1.0327438,7956
6.9,1.3714807,7956
6.84,1.3774656,7956
6.84,0.8862206,7956
6.82,1.0384692,7956
6.53,1.2111528,7956
6.7,-1.8497571,4786
8.15,-0.11564861,2316
5.96,2.4357316,2316
9.0,-2.5138154,9893
6.05,-1.4807419,1568
4.44,2.4777865,1568
4.29,-2.1143458,1568
7.44,2.9509416,7314
6.6,-4.3548045,5770
6.5,-3.9034173,5770
6.5,0.37148178,5770
6.5,-0.5085566,5770
6.5,0.31090724,5770
6.4,-3.6755042,5770
6.3,-1.2695816,5770
6.3,2.09831,5770
6.3,1.4011978,5770
6.2,1.2604814,5770
6.2,1.720651,5770
6.2,1.841766,5770
6.2,-0.102812804,5770
6.2,-3.545251,5770
6.1,-3.1550987,5770
6.1,-2.3905098,5770
6.0,1.504814,5770
6.0,1.5841483,5770
6.0,-0.14203846,5770
6.0,2.396066,5770
6.0,-0.05595667,5770
6.0,1.9564401,5770
5.9,-2.0830314,5770
5.9,0.74022245,5770
5.9,-2.2404773,5770
5.8,-2.4821715,5770
5.8,1.5705537,5770
5.8,-1.5858676,5770
5.8,-0.27479956,5770
5.7,-1.9799906,5770
5.7,-0.16855872,5770
5.7,-0.15018615,5770
5.6,-2.743,5770
5.6,-1.2642899,5770
5.6,-3.9034173,5770
5.6,-2.5405085,5770
5.5,-3.3775136,5770
5.4,-4.2605605,5770
5.4,3.3023262,5770
5.2,1.1779126,5770
5.2,0.36833853,5770
5.1,-1.349682,5770
5.0,-1.566897,5770
4.4,-4.38093,5770
6.92,-2.111441,4195
6.77,2.7846243,4195
6.44,1.5462081,4195
6.17,-3.5641763,4195
5.54,-0.60443854,4195
8.51,-0.33271474,11747
8.29,-1.4900469,11747
8.33,-1.590661,9538
8.4,2.2909229,727
7.85,1.5831926,727
7.75,-1.8733716,727
7.48,0.16553557,727
7.34,-1.0141813,727
7.28,-3.8895698,727
7.19,-0.43553597,727
7.16,-2.416481,727
7.14,-0.63134533,727
7.05,-2.4136577,727
7.04,-3.3483453,727
7.04,-4.4522123,727
6.75,-1.9115164,727
6.18,-4.6106067,727
6.06,-3.821675,727
5.92,-3.0350947,727
5.64,-4.7322288,727
5.46,-2.6448786,727
5.3,-4.419491,727
5.26,-1.532774,727
4.43,-0.35386008,727
4.19,-1.8636166,727
5.33,-3.7997837,14391
4.77,1.9231288,14391
4.66,-5.314432,14391
7.56,-0.3081035,7750
7.08,-0.04864493,7750
6.55,0.69237965,7750
5.11,1.5842556,7750
5.06,-4.4740186,7750
4.99,2.645588,7750
4.83,-1.4188519,7750
8.52,-0.014720149,10003
8.52,1.0371011,10003
7.96,4.3447337,10003
7.89,-0.089419454,10003
7.64,4.455401,10003
7.41,3.8114636,10003
7.37,1.7047567,10003
7.33,0.89040357,10003
7.33,-0.9043774,10003
7.23,3.692508,10003
7.16,2.0915139,10003
7.14,0.50420666,10003
7.1,1.5692947,10003
7.09,-2.0305076,10003
7.04,3.4172263,10003
7.0,2.3524988,10003
6.93,3.3062882,10003
6.58,3.2882495,10003
6.45,-0.8782142,10003
6.45,1.3049854,10003
6.33,2.4924383,10003
6.13,0.7629314,10003
6.05,0.107062556,10003
6.05,3.6874256,10003
5.51,3.1855538,10003
5.39,3.829158,10003
5.36,-0.7550355,10003
5.33,1.3995416,10003
5.29,-1.370586,10003
5.26,3.9370322,10003
4.7,-2.9278474,15438
6.81,2.549702,1286
6.67,0.3423294,1286
6.63,0.7912778,1286
6.54,2.1012137,1286
6.51,-4.475898,1286
6.51,0.105456,1286
6.5,1.6578728,1286
6.45,0.050788566,1286
6.4,1.4191837,1286
6.36,-0.9840937,1286
6.3,0.71924824,1286
6.21,-0.3053558,1286
6.14,0.01901469,1286
6.04,0.57293594,1286
5.76,1.3896273,1286
5.73,-0.6502386,1286
5.5,-2.3308988,1286
4.58,-2.9017851,11475
6.45,4.235108,5552
8.4,4.248112,14200
8.52,3.1164734,1610
7.92,4.800778,1610
7.8,3.7495818,1610
7.57,3.2657595,1610
7.51,4.6424274,1610
6.89,4.6682878,1610
6.34,1.0599958,1610
6.21,2.5590641,1610
6.14,3.4623175,1610
6.02,1.199799,1610
5.8,-1.5896078,1610
5.28,-0.7798767,1610
6.88,-2.825934,8810
7.92,-2.94999,3758
7.75,-3.417446,3758
7.7,0.36317742,3758
7.58,0.3609339,3758
7.57,-1.7130054,3758
6.9,-3.1491518,3758
6.72,-0.95974076,3758
6.56,-1.8332765,3758
6.32,-1.5660707,3758
6.26,-2.2209044,3758
6.19,-2.3179505,3758
6.11,-3.606419,3758
6.02,-2.233265,3758
5.94,-3.3286967,3758
5.62,-2.0650513,3758
5.43,-2.4638963,3758
5.4,-1.8852812,3758
5.38,-3.6800716,3758
5.1,-3.2678275,3758
5.05,-0.6196192,3758
5.01,-1.8568822,3758
4.86,-3.159219,3758
4.83,-4.58047,3758
8.82,1.2481743,4309
6.24,-1.4996943,4387
5.75,1.4048154,2447
5.47,0.29919493,2447
5.46,0.030560538,2447
5.21,2.9785857,2447
5.18,3.7782722,2447
5.07,-2.9800467,2447
5.0,-1.687978,2447
4.96,-2.7235417,2447
4.92,-1.2619563,2447
4.92,1.5518712,2447
4.92,0.030560538,2447
4.89,0.030560538,2447
4.8,-2.135119,2447
4.77,5.008309,2447
4.72,-2.4281354,2447
4.64,-1.8149978,2447
4.55,-0.8443905,2447
4.42,2.2810853,2447
4.39,-1.6086094,2447
4.36,-2.9552875,2447
4.3,-0.17666951,2447
4.08,3.7647398,2447
5.73,0.26196724,3916
7.0,-0.047178484,7615
7.0,0.006343834,7615
7.0,2.1289024,7615
7.0,2.7813323,7615
7.0,0.2080436,7615
7.0,1.3958081,7615
7.0,-1.3637052,7615
7.0,0.019951742,7615
7.0,0.49163514,7615
7.0,-0.3642704,7615
7.0,0.5552978,7615
7.0,-0.20409578,7615
7.0,-0.12410642,7615
7.0,-0.35897923,7615
7.0,0.7686118,7615
7.0,-1.7420918,7615
7.0,-0.07677339,7615
7.0,0.018519226,7615
7.0,-5.6985064,7615
7.0,-2.1699736,7615
7.0,-0.8754353,7615
7.0,-0.6576868,7615
7.0,-0.50408375,7615
7.0,-1.6329906,7615
7.0,1.3693444,7615
7.0,-0.14151366,7615
7.0,-0.008062869,7615
7.0,-0.47451016,7615
7.0,1.8402172,7615
7.0,-0.14039052,7615
7.0,-0.36349365,7615
7.0,1.040506,7615
6.92,0.5405196,9820
7.92,4.664637,5332
7.77,0.8977291,5332
7.75,0.6526348,5332
7.6,1.5639673,5332
7.58,1.0945945,5332
7.48,0.7216808,5332
7.46,0.6704289,5332
7.35,1.3917451,5332
7.33,0.6251011,5332
7.27,0.8062732,5332
7.26,2.9870696,5332
7.21,3.1189609,5332
7.1,2.4784443,5332
7.1,1.4072893,5332
7.1,2.5592415,5332
7.09,1.2658972,5332
7.04,1.2582895,5332
6.88,0.9966993,5332
6.77,0.6526348,5332
6.75,3.1093795,5332
6.7,-1.177842,5332
6.67,0.8062732,5332
6.65,1.8510901,5332
6.59,-0.031390335,5332
6.58,-1.504929,5332
6.57,-0.29150677,5332
6.17,1.5604262,5332
5.93,-0.48135388,5332
5.92,2.2172158,5332
5.82,0.8927451,5332
5.7,-1.2800605,5332
5.66,2.1135318,5332
5.58,1.3516408,5332
5.38,-2.6649797,5332
9.0,-0.8406861,7980
9.0,-0.88541067,7980
9.0,-0.13583168,7980
9.0,1.2129762,7980
9.0,-2.3162541,7980
9.0,-3.491853,7980
9.0,-0.0997513,7980
8.7,-0.9580821,7980
8.7,-1.1679624,7980
8.7,-0.13583168,7980
7.25,-0.47054192,7980
7.24,-4.915408,7980
6.93,-6.502465,7980
5.57,1.2603917,5952
5.25,1.15212,5952
5.09,1.8298452,5952
4.76,0.15681511,5952
7.0,1.5276291,7595
7.0,-2.3886483,7595
7.51,-1.1703606,16379
7.26,2.1550586,8646
6.8,0.68780893,8646
6.38,-1.6671351,8646
5.79,-5.60024,8646
5.7,1.9055302,8646
4.42,3.0972307,8646
4.33,-5.0632653,8646
4.7,0.319377,7136
4.3,-2.7125137,7136
8.05,3.3928201,14573
7.42,-0.816646,14573
7.13,2.1217775,14573
6.84,4.3141227,14573
6.7,6.841495,14573
6.6,-0.1996305,14573
6.57,1.5357641,14573
6.53,1.8007412,14573
6.46,6.859279,14573
6.18,-1.0461967,14573
8.13,0.94664395,13997
7.9,2.8715513,13997
7.87,0.7534229,13997
7.82,6.8818135,13997
7.65,4.954782,13997
6.87,0.3403023,13997
8.7,-1.6615362,17387
8.52,3.4353285,17387
8.15,3.5223057,17387
7.96,3.3758461,17387
7.96,0.14934096,17387
7.46,-1.4944729,17387
7.36,0.6993271,17387
7.0,-2.373601,17387
6.8,-0.61320305,6691
7.3,3.1489427,7620
7.3,-0.5571795,7620
7.3,3.5281105,7620
7.3,2.640687,7620
7.3,3.5820158,7620
7.3,0.68429625,7620
7.3,1.2169493,7620
7.3,-0.12917086,7620
7.3,2.876465,7620
7.3,2.4096494,7620
7.3,-0.81265235,7620
7.3,1.5140517,7620
7.3,0.92499983,7620
7.3,1.3790289,7620
7.3,3.3685272,7620
7.3,1.3508859,7620
7.3,2.9179568,7620
7.3,2.6367524,7620
7.3,3.2821872,7620
7.3,-4.085114,7620
7.3,-4.468475,7620
7.3,-3.1280987,7620
7.3,-5.5641804,7620
7.3,4.0602217,7620
7.3,-6.1717563,7620
7.3,-7.5786657,7620
7.3,-4.926343,7620
7.3,-1.693459,7620
7.3,0.71966064,7620
7.3,-0.93272233,7620
7.3,-3.7044055,7620
7.3,2.8539276,7620
7.3,-1.0398083,7620
7.3,1.3368226,7620
7.3,-3.705666,7620
7.3,0.65130776,7620
7.3,-2.9233096,7620
7.3,-2.6802306,7620
7.3,-2.0936368,7620
7.3,-4.714832,7620
7.3,-4.338116,7620
7.3,-1.8497629,7620
7.3,-4.881462,7620
7.3,-4.7747216,7620
7.3,-2.433633,7620
7.3,2.4231162,7620
7.3,-1.6455535,7620
7.3,-2.1187482,7620
7.3,-4.2827544,7620
7.3,-3.8546169,7620
7.3,2.7512293,7620
7.3,1.666553,7620
7.3,3.324199,7620
7.3,2.1343725,7620
7.3,-4.2827544,7620
7.3,0.37861544,7620
7.3,1.4301434,7620
7.3,1.3792434,7620
7.3,1.1273276,7620
7.3,-0.24880278,7620
7.3,-3.1782336,7620
7.3,-0.7614194,7620
7.3,1.6112894,7620
7.3,1.1213026,7620
7.3,1.1213026,7620
7.3,2.4976287,7620
7.3,1.6112894,7620
7.3,2.4976287,7620
7.3,0.5289009,7620
7.3,-0.41940093,7620
7.3,0.7896143,7620
7.3,-1.0189116,7620
7.3,-0.58171743,7620
7.3,0.20631212,7620
7.3,-0.58171743,7620
7.3,1.8806796,7620
7.3,1.0888755,7620
6.0,0.82787246,7620
6.0,-3.223284,7620
6.0,-0.73927027,7620
6.0,-2.2757983,7620
6.0,-0.73927027,7620
6.0,-2.6392264,7620
6.0,-3.2421575,7620
6.0,2.0806189,7620
6.0,-1.9643347,7620
6.0,1.0682342,7620
6.0,-2.6009212,7620
6.0,-0.93272233,7620
6.0,-2.9881124,7620
6.0,-5.64074,7620
6.0,1.5602775,7620
6.0,-4.967686,7620
6.0,-2.8215086,7620
6.0,2.4672136,7620
6.0,-5.5706577,7620
6.0,-2.2458184,7620
6.0,-3.973756,7620
6.0,2.632445,7620
6.0,1.1105574,7620
6.0,-3.8019505,7620
6.0,-0.80890054,7620
6.0,-1.4571328,7620
6.0,-6.3155093,7620
6.0,-0.7751665,7620
6.0,1.3118098,7620
6.0,-5.620778,7620
6.0,-1.9286972,7620
6.0,-3.7600946,7620
6.0,-6.140702,7620
6.0,-3.2390375,7620
6.0,-1.4259363,7620
6.0,-3.9584506,7620
6.0,-2.4269834,7620
6.0,-2.0936368,7620
5.3,-0.93830633,9029
5.2,2.7546504,9029
5.1,-0.5136238,9029
5.1,-0.2562951,9029
4.8,-1.2922397,9029
4.6,-3.8908577,9029
8.4,6.61229,15918
8.3,0.8052797,15918
8.15,2.4594078,15918
8.0,0.60667825,15918
7.89,1.6700877,15918
7.82,0.8115482,15918
7.75,0.60130185,15918
7.64,0.06012954,15918
7.54,-2.098092,15918
7.43,-1.3686613,15918
7.36,0.057833694,15918
6.66,-1.6601384,15918
5.1,-3.7788732,15813
4.7,-4.772786,15813
8.7,-0.360062,10421
4.8,-6.5923634,15806
7.24,5.1771607,10852
5.28,2.310068,9434
4.68,-3.2396364,9434
8.3,0.6202446,3267
8.3,1.1975087,3267
8.1,-0.26522323,3267
8.1,1.1975087,3267
8.1,1.1462928,3267
8.1,-0.7771845,3267
8.0,0.43266603,3267
8.0,2.0562088,3267
8.0,2.3724656,3267
8.0,0.2914718,3267
7.7,-0.7398819,3267
7.7,-0.85791475,3267
7.7,0.84036136,3267
7.7,1.1462928,3267
7.7,-1.2943417,3267
7.7,-0.5152497,3267
7.7,-0.122336335,3267
7.7,-2.0934432,3267
7.7,-0.6844669,3267
7.7,0.33441314,3267
7.52,-0.24983731,3267
7.52,-5.184017,3267
7.52,-1.2201799,3267
7.52,0.6202446,3267
7.52,-0.25696552,3267
7.52,0.5219887,3267
7.4,-3.3594801,3267
7.4,-0.08258002,3267
7.4,-0.17155418,3267
7.4,-0.18926448,3267
7.4,-2.4809399,3267
7.4,-0.30786258,3267
7.4,-0.7398819,3267
7.3,1.1092085,3267
7.22,-0.24983731,3267
7.22,-0.46377358,3267
7.22,-2.3071415,3267
7.22,-0.08360784,3267
7.16,-3.3749816,3267
7.16,-2.2555542,3267
7.16,0.08267922,3267
7.1,-5.249587,3267
7.1,-1.7508489,3267
7.1,-2.0144336,3267
7.1,-0.7521129,3267
7.0,-3.6984854,3267
6.85,-0.21175277,3267
6.54,-2.77826,3267
6.52,-3.8475373,3267
6.44,-0.122336335,3267
6.42,-3.0312202,3267
6.4,-3.0820491,3267
6.36,-2.370384,3267
6.25,0.6597339,3267
6.25,-3.1535456,3267
6.05,2.3621228,3267
5.98,-3.4771593,3267
5.45,-1.252249,3267
8.7,-2.259109,2564
7.09,-1.2465425,2564
6.81,4.173132,2564
6.42,0.6663278,2564
6.4,1.0577765,2564
6.21,-1.0249285,2564
5.78,-0.37024897,2564
5.73,1.6303227,2564
5.61,0.24558204,2564
5.36,-1.9862599,5604
5.28,2.6236353,5604
5.23,0.2035901,5604
5.04,-6.3756075,5604
5.85,-2.132821,13811
5.82,-4.9631696,13811
5.82,-0.2640881,13811
5.92,-1.7424161,8385
7.66,2.451272,11535
7.39,-0.73082966,11535
7.0,0.041419826,11535
8.1,-0.33460832,12309
7.92,1.8522848,12309
7.62,-0.53345865,12309
7.48,-3.6182008,12309
7.46,-2.8155932,12309
7.41,-0.52312756,12309
7.35,-1.1414155,12309
7.3,-1.3845236,12309
7.3,0.03447772,12309
7.28,-3.7593188,12309
7.28,-0.74226415,12309
7.17,-3.450915,12309
7.15,0.5123345,12309
7.1,-1.3482935,12309
7.08,-1.402687,12309
7.08,-0.74372244,12309
7.07,-3.1525254,12309
7.07,-0.52312756,12309
6.93,-0.99234146,12309
6.88,-2.7355826,12309
6.85,-2.7572312,12309
6.73,-3.4298997,12309
6.7,0.85504436,12309
6.65,-4.2030005,12309
6.1,-2.6202247,12309
5.85,0.9982051,11584
8.52,3.4001698,1551
8.05,-0.3140189,1551
8.0,-2.5529711,1551
7.89,0.9818776,1551
7.77,1.1194253,1551
7.75,-3.434045,1551
7.72,1.0427936,1551
7.66,-1.1770805,1551
7.57,2.0913,1551
7.57,1.3186312,1551
7.57,-1.4610987,1551
7.5,-2.599021,1551
7.42,1.9773315,1551
7.22,0.058110043,1551
7.12,-0.9141795,1551
7.05,-1.1004299,1551
7.03,-0.8143116,1551
7.0,1.5801558,1551
7.0,3.3726969,1551
7.0,1.9027405,1551
6.89,-0.23626032,1551
6.89,-2.7211213,1551
6.85,0.92692226,1551
6.82,-1.2525799,1551
6.82,-1.6575631,1551
6.8,1.3353081,1551
6.8,2.21686,1551
6.77,-1.4799098,1551
6.77,-0.268975,1551
6.77,2.2192628,1551
6.75,1.5924706,1551
6.75,0.4671831,1551
6.75,1.6912373,1551
6.62,-0.26889947,1551
6.55,-0.67380387,1551
6.55,-0.16364494,1551
6.5,1.730758,1551
6.48,2.3941028,1551
6.4,0.49309635,1551
6.36,0.6663708,1551
6.31,2.146691,1551
6.24,-2.6074433,1551
6.11,-0.019448098,1551
6.11,0.47657782,1551
6.1,1.4456466,1551
5.94,-1.5942922,1551
5.92,-0.8101966,1551
5.83,2.7114353,1551
5.8,-1.6403635,1551
5.79,0.62989336,1551
5.65,-1.4624704,1551
5.65,0.33449924,1551
5.21,-0.7193517,1551
5.2,0.30099836,1551
4.58,-3.823842,4209
7.55,-5.971095,9014
8.24,0.43623838,11736
9.22,0.48924476,16511
8.39,3.040031,16511
8.27,1.1495239,16511
7.91,3.3981297,16511
7.73,1.2162946,16511
7.6,0.91646624,16511
7.32,3.7241747,16511
7.04,1.6473984,16511
6.97,2.1447723,16511
6.78,3.0588405,16511
6.55,0.5272971,16511
6.34,-1.5083202,16511
6.1,-1.2320476,16511
5.11,-3.6273189,16511
6.37,2.2499678,8632
5.6,-3.8081257,15413
5.6,3.6361475,15413
5.6,-2.653655,15413
5.6,-4.7899384,15413
5.6,-3.6607964,15413
5.6,-0.55123925,15413
7.07,4.271255,12866
7.0,4.0523753,12866
6.89,2.2915664,12866
6.8,2.9207559,12866
6.46,-0.64452016,12866
6.28,0.68908525,12866
5.97,3.2582195,12866
5.96,1.2477437,12866
5.87,2.8207498,12866
5.79,3.0951302,12866
5.75,0.92322487,12866
5.7,-0.16134882,12866
5.6,0.48908472,12866
5.56,3.0493877,12866
5.52,2.250583,12866
5.51,0.44654828,12866
5.5,0.90663844,12866
5.41,-2.2461991,12866
5.36,-1.6544839,12866
5.32,0.6799898,12866
5.13,-2.64601,12866
9.02,1.365056,3949
9.0,4.517843,3949
8.96,1.7034378,3949
8.96,-0.096572325,3949
8.92,2.4629486,3949
8.89,1.5354289,3949
8.89,4.0539083,3949
8.89,0.5346419,3949
8.89,0.5302036,3949
8.85,-1.5204436,3949
8.74,1.473782,3949
8.57,2.6608443,3949
8.43,0.6354995,3949
8.33,-0.71604955,3949
8.29,2.3170497,3949
7.96,4.081413,3949
7.92,0.34692162,3949
7.72,2.8926215,3949
7.6,1.7907482,3949
6.92,1.5525054,3949
6.8,-2.1442688,3949
6.19,1.1417588,3949
8.45,-0.5017198,9031
8.25,1.2553989,9031
8.17,-0.7420655,9031
8.1,-1.8457154,9031
8.04,-1.0531789,9031
8.01,1.5640601,9031
7.89,0.5150163,9031
7.85,-1.2646134,9031
7.84,-1.0427111,9031
7.83,-0.6057479,9031
7.78,1.3676742,9031
7.67,1.4740187,9031
7.67,0.6052254,9031
7.61,-1.4912412,9031
7.26,-1.6353,9031
7.22,0.5005802,9031
7.18,-1.8136473,9031
7.04,-0.9429655,9031
6.98,-0.9864912,9031
6.61,-1.9365386,9031
6.36,-0.57256097,9031
7.44,1.5552064,2413
8.05,-1.0633924,13258
8.05,3.5981848,13258
7.66,5.7818866,13258
7.43,1.9877039,12025
7.07,-1.9230393,12025
6.71,-1.4701605,12025
8.62,-3.6000106,10932
7.51,0.5424524,10932
7.14,-0.76607466,10932
6.89,-1.3020453,10932
6.58,-2.0971894,10932
6.46,-4.1608424,10932
6.38,2.1229687,10932
6.3,1.1590798,10932
6.29,1.3031036,10932
5.58,-2.9160125,10932
5.38,3.351516,10932
4.93,3.6564949,16845
9.0,0.96781063,5802
8.52,4.515246,5802
5.05,-4.68989,10458
8.52,-0.075008266,325
8.3,0.4313589,325
8.15,-0.6866643,325
6.98,-1.5891062,325
6.63,-1.5891062,325
5.87,-4.069343,325
6.52,0.7494135,17402
6.28,0.36867708,17402
7.09,-2.9190185,6599
8.1,3.7290905,14131
7.96,0.5091383,14131
7.96,1.1773593,14131
7.85,-1.36939,14131
7.82,2.3463912,14131
7.66,-1.6961812,14131
7.64,-0.06656362,14131
7.5,0.28006804,14131
7.5,0.052146554,14131
7.48,0.85205513,14131
7.48,0.45498696,14131
7.47,-1.6672492,14131
7.46,-1.698308,14131
7.46,-0.61219496,14131
7.43,-1.307487,14131
7.39,0.7721215,14131
7.3,0.6425808,14131
7.26,-1.3374528,14131
7.12,-1.9283127,14131
7.1,-1.7641913,14131
7.1,0.1395278,14131
7.04,-2.3369725,14131
7.02,-2.3495026,14131
7.0,-0.7469106,14131
6.92,1.0597651,14131
6.89,-1.9956231,14131
6.89,-0.9496533,14131
6.72,0.46264806,14131
6.66,-1.6650441,14131
6.66,-0.006952582,14131
6.64,-2.4071906,14131
6.6,-2.1688738,14131
6.57,-1.9163508,14131
6.5,-1.919065,14131
6.48,-1.5751528,14131
6.47,-0.9058297,14131
6.46,-3.5347233,14131
6.39,0.2802698,14131
6.39,-1.1014394,14131
6.39,-2.6795669,14131
6.37,-1.1704466,14131
6.29,-0.13824214,14131
6.03,-1.7931013,14131
5.96,-1.6393527,14131
5.85,-3.3864272,14131
5.8,-4.7682304,14131
5.68,0.3585926,14131
5.68,-1.2004421,14131
5.66,-3.67275,14131
5.38,-2.7408175,14131
5.14,-2.1768374,14131
5.02,-2.1166754,14131
6.28,0.0027172044,15999
7.89,-4.9628496,5515
4.66,-7.4686437,9917
8.48,3.5854223,8606
7.58,-0.90834635,8606
7.55,2.316423,8606
7.51,0.59574467,8606
7.38,2.264729,8606
7.24,0.9010606,8606
7.23,2.0793428,8606
7.21,1.492042,8606
7.03,2.4942756,8606
6.93,2.7309735,8606
6.89,-1.7638584,8606
6.62,-0.52098924,8606
6.26,-1.0119532,8606
6.03,1.1025267,8606
5.97,-1.6846957,8606
5.93,-0.85967,8606
5.57,-6.4018087,8606
5.57,-0.86632484,8606
5.42,-3.9822817,8606
5.15,-1.3750126,8606
4.23,-4.8529377,8606
6.85,-3.0143464,6602
6.67,-1.2464108,3713
6.38,-3.9220743,3713
6.14,-1.8807544,3713
5.75,-4.107743,3713
5.62,0.7394187,7974
4.5,-3.749684,17906
5.96,-1.5089579,3999
6.03,-1.0415845,338
4.68,0.9293098,11900
4.7,-1.3484403,7530
8.22,1.7901479,15158
7.82,-0.64711094,15158
5.27,-5.8517118,1422
8.15,0.34167236,4996
7.96,-2.2909567,4996
7.43,-5.182397,4996
6.71,-1.0300555,17188
5.1,6.742355,17887
4.92,4.526845,17887
5.55,-2.6111817,13015
5.07,-4.847119,13015
6.12,-0.6204959,17092
9.47,1.2996533,14779
9.39,2.830444,14779
9.35,-0.5618213,14779
9.34,1.3078382,14779
9.31,1.9871823,14779
9.3,3.1131737,14779
9.29,1.824534,14779
9.28,1.2211838,14779
9.27,2.8430066,14779
9.23,0.7943896,14779
9.22,1.8333701,14779
9.22,1.8249117,14779
9.19,-0.57172227,14779
9.17,2.3453853,14779
9.14,0.97008574,14779
9.1,0.42376056,14779
9.1,0.8752804,14779
9.04,-2.8911443,14779
9.04,2.0337398,14779
9.03,1.8675666,14779
9.03,0.6930271,14779
9.01,-0.75457495,14779
9.0,-0.8791026,14779
8.89,1.02928,14779
8.85,-0.6216606,14779
8.85,1.191182,14779
8.85,1.046921,14779
8.84,-1.7113959,14779
8.82,1.8361118,14779
8.72,0.9030923,14779
8.7,1.8006421,14779
8.49,0.20578113,14779
8.43,2.3292527,14779
8.28,-2.0494869,14779
8.01,0.99000317,14779
6.2,-1.6945122,12403
6.47,-0.7330692,2520
7.54,1.036685,2672
7.16,-1.6303787,2672
6.82,-1.6303787,2672
6.66,0.7798812,2672
6.64,0.52583116,2672
6.45,0.23585165,2672
6.44,-1.9212528,2672
6.39,-0.12531091,2672
6.19,-0.59115654,2672
6.12,0.03722935,2672
6.07,-0.4204636,2672
6.0,-0.5931756,2672
7.4,2.3180325,15256
7.22,-2.8563838,15256
7.22,1.5885683,15256
7.16,-0.4369096,15256
7.16,2.1314533,15256
7.11,2.4147398,15256
7.1,2.867013,15256
6.82,3.91969,15256
6.64,2.3883715,15256
6.64,1.2038463,15256
6.62,-3.5294044,15256
6.62,2.3158803,15256
6.58,4.7899365,15256
6.58,0.5258926,15256
6.48,1.5303167,15256
6.46,2.5764763,15256
6.38,1.0641685,15256
6.33,2.4796076,15256
6.22,2.4919596,15256
6.22,1.1153198,15256
6.21,-1.0740018,15256
6.19,-3.9019823,15256
6.12,0.24693295,15256
5.77,3.4101458,15256
5.64,-0.43943006,15256
5.58,-3.0104303,15256
5.52,-1.1752499,15256
5.44,-1.6949233,15256
5.01,-0.439552,15256
5.19,-1.8016973,17745
5.11,2.9006228,9960
6.51,-0.2190054,10634
6.42,-2.6166537,13553
5.39,-1.8705955,4487
5.28,-6.8385468,4487
4.85,-4.6424856,4487
4.79,-5.224421,4487
4.26,-4.3453298,4487
7.3,1.421679,12020
7.03,3.7682376,12020
6.68,0.3499227,12020
8.89,1.8882178,12948
8.85,-0.36610505,12948
8.66,3.3888924,12948
8.4,3.6764407,12948
8.4,-1.2533208,12948
8.22,-1.3437451,12948
8.15,0.46381146,12948
8.15,-0.09953402,12948
8.1,-1.4654663,12948
7.92,2.466071,12948
7.7,1.0579164,12948
7.7,2.466071,12948
7.57,0.5826849,12948
7.5,4.8500857,12948
7.47,-1.1220468,12948
7.42,-0.28299233,12948
7.3,-0.74145156,12948
7.24,-0.74145156,12948
7.24,-2.4529533,12948
7.16,-0.84197265,12948
7.05,5.230854,12948
7.05,3.8520901,12948
7.0,-1.7415065,12948
7.0,-1.0650871,12948
7.0,-0.09953402,12948
6.92,-0.09953402,12948
6.92,-0.09953402,12948
6.89,-1.2533208,12948
6.85,-0.9780094,12948
6.85,-0.36610505,12948
6.85,-0.36610505,12948
6.82,-0.98746276,12948
6.77,-1.2533208,12948
6.7,2.8881984,12948
6.52,-2.8278692,12948
6.52,-1.2533208,12948
6.48,-0.84197265,12948
6.46,-1.7415065,12948
6.4,-3.1345186,12948
6.35,2.5955873,12948
6.3,-1.1275257,12948
6.16,-2.8278692,12948
6.1,3.559336,12948
6.05,-1.1275257,12948
6.05,-2.117911,12948
5.96,-0.36610505,12948
5.96,-2.4529533,12948
5.92,-3.4575233,12948
5.4,-0.9780094,12948
5.3,-0.98746276,12948
5.16,1.9692006,12948
9.7,3.9825232,11203
9.7,3.0659726,11203
9.52,3.2440898,11203
9.52,4.0464334,11203
9.52,3.5497324,11203
9.52,-0.49684647,11203
9.3,4.0721307,11203
9.22,2.83099,11203
8.85,4.3045506,11203
8.48,-0.5135392,11203
8.41,3.1603193,11203
8.39,3.286164,11203
8.21,3.2668197,11203
8.16,2.3912818,11203
8.14,3.8745515,11203
8.11,0.39515972,11203
8.11,3.7016716,11203
8.06,4.157493,11203
8.06,4.2563205,11203
7.98,1.8167299,11203
7.93,3.7318594,11203
7.85,3.7240934,11203
7.85,4.614704,11203
7.84,3.9384744,11203
7.78,4.4931307,11203
7.37,-0.8899485,11203
7.13,2.1636918,11203
5.43,0.07503042,11203
7.2,3.1328607,7952
8.7,-0.29656026,16040
8.0,-2.3176441,16040
7.22,0.78415346,16040
7.22,0.05793252,16040
6.62,-1.9802914,16040
6.62,1.7334646,16040
6.18,-1.2809985,16040
6.09,2.759418,16040
5.88,-0.69669914,16040
5.57,-1.898918,16040
5.5,-2.4246602,16040
5.5,-6.011232,16040
5.36,-1.8542154,16040
5.26,-0.1436514,16040
6.22,-1.4712243,7436
5.52,2.355698,10554
7.54,4.05802,9286
7.39,1.0209079,9286
4.95,-2.6002333,17126
7.6,5.0486703,7113
7.2,5.3072824,7113
6.95,4.4445148,7113
6.87,0.7809025,7113
6.63,-0.85067827,7113
6.59,-0.084857464,7113
6.44,0.4809683,7113
6.41,-2.6386695,7113
6.41,-1.9028748,7113
6.31,-0.63143015,7113
6.26,5.837024,7113
6.16,-1.0520557,7113
6.08,5.101802,7113
5.99,4.595045,7113
5.86,4.1417603,7113
5.82,-1.8635954,7113
5.78,-1.6645555,7113
7.3,-0.5524606,12815
8.47,0.40978432,13983
7.24,-0.8743151,9042
6.95,4.866391,1487
9.0,-3.3161743,4985
8.3,-1.8719977,4985
8.3,0.35197622,4985
8.3,-2.169039,4985
8.3,-1.1231616,4985
8.22,-1.1789691,4985
8.15,-1.5335369,4985
8.15,0.76722056,4985
8.1,-0.6472164,4985
7.96,-1.2135099,4985
7.96,-0.31013557,4985
7.85,-2.3475053,4985
7.82,-3.1177027,4985
7.8,-0.4600306,4985
7.77,-4.0041046,4985
7.77,-1.7122374,4985
7.72,-2.7757134,4985
7.7,3.239714,4985
7.7,1.7534543,4985
7.68,-1.974837,4985
7.64,-0.49740392,4985
7.62,-0.44836706,4985
7.57,0.9582669,4985
7.54,-0.25898358,4985
7.48,2.0914986,4985
7.48,-1.6710474,4985
7.46,2.9830222,4985
7.4,-0.060923334,4985
7.4,-2.4636002,4985
7.38,1.2791905,4985
7.33,-0.5336897,4985
7.32,0.05657737,4985
7.31,-1.4875258,4985
7.3,-2.2311916,4985
7.22,2.5312655,4985
7.06,-3.4459717,4985
6.95,0.112048484,4985
6.75,-2.361171,4985
6.7,-3.8121228,4985
6.7,-0.47992107,4985
6.51,1.9818884,4985
6.22,-1.0315536,4985
5.96,-0.6221087,4985
5.71,2.6019032,4985
4.52,-0.9218688,4985
4.26,-5.90668,14161
6.42,-4.4525056,2684
8.86,-4.918149,5262
7.12,-0.1538415,5262
7.01,-1.9290117,5262
6.83,-1.9290117,5262
6.49,-2.1306894,5262
6.0,-0.94742036,5262
5.81,-3.6737683,5262
5.8,-0.32954407,5262
6.77,1.9168626,16357
8.12,3.1005168,16974
7.28,0.45186883,16974
7.12,1.9611076,16974
7.0,2.3634355,16974
6.89,1.2399541,16974
6.7,-1.4437214,16974
6.64,0.20272079,16974
6.35,-2.01123,16974
6.34,-3.605501,16974
6.24,-2.5810964,16974
6.14,-1.7209022,16974
6.08,-3.9313147,16974
5.89,-4.6903224,16974
5.75,-3.2329273,16974
5.43,-2.7302256,16974
6.8,-1.3605809,10761
5.77,2.8994381,3833
5.57,3.4758515,3833
5.36,-3.866041,3833
5.88,2.9365735,11492
7.55,6.0580993,14997
6.68,-1.323614,379
6.16,-2.140035,875
7.58,-6.2756124,7151
7.89,3.5220788,15696
7.25,-1.4841489,15696
7.24,-1.4073201,15696
7.16,-2.9520545,15696
7.01,-3.0205543,15696
6.81,-1.2054983,15696
6.72,-5.3184943,15696
5.91,-1.2967901,16195
8.52,3.48895,4073
8.21,1.1738563,4073
8.17,2.0637271,4073
8.0,0.13250872,4073
7.92,-1.3482099,4073
7.36,1.5613389,4073
7.03,-1.810325,4073
8.3,3.2363503,6936
8.15,3.4748063,6936
8.05,3.954684,6936
7.96,3.736196,6936
7.96,3.8854997,6936
7.92,1.365112,6936
7.85,4.967038,6936
7.85,6.0250087,6936
7.85,4.85488,6936
7.82,2.8900673,6936
7.82,2.2827737,6936
7.77,4.317708,6936
7.75,2.609475,6936
7.64,1.2114389,6936
7.62,5.9596267,6936
7.54,4.6066504,6936
7.52,-0.17444536,6936
7.42,1.0157374,6936
7.36,4.21981,6936
7.32,3.7382092,6936
7.21,2.928318,6936
7.19,4.0266814,6936
7.11,3.6718054,6936
7.0,4.298239,6936
7.0,2.9260406,6936
6.96,3.7509725,6936
6.92,3.7745948,6936
6.89,-3.722851,6936
6.85,-1.0840895,6936
6.82,3.7136157,6936
6.55,0.084173106,6936
6.46,2.6519966,6936
6.22,-1.5490158,6936
5.77,-1.7441369,6936
5.77,-1.0222107,6936
5.54,0.32731026,6936
5.48,-2.929144,6936
5.37,-4.0508294,6936
5.11,0.58046776,6936
5.04,0.739976,6936
7.85,-0.59654987,12536
9.05,0.06421694,7658
9.0,-1.1363401,7658
9.0,-1.7157321,7658
9.0,-4.5921807,7658
9.0,-2.1022525,7658
9.0,-2.6462295,7658
8.96,-0.8625455,7658
8.96,-2.638418,7658
8.96,1.0090253,7658
8.96,-0.27073628,7658
8.92,-0.8258614,7658
8.92,0.5774921,7658
8.92,-1.923223,7658
8.92,-0.61746806,7658
8.92,0.5555795,7658
8.92,0.25802714,7658
8.89,-0.060608774,7658
8.89,-3.762762,7658
8.89,0.23885983,7658
8.89,-0.303507,7658
8.89,0.23832491,7658
8.89,0.61562216,7658
8.89,-0.10130368,7658
8.89,0.11773985,7658
8.89,-4.0547776,7658
8.85,-0.031836294,7658
8.85,-1.8217124,7658
8.85,0.11088372,7658
8.85,0.34601063,7658
8.85,-0.6351591,7658
8.85,-1.2797669,7658
8.85,0.16150913,7658
8.82,0.33980334,7658
8.82,0.032133527,7658
8.82,0.16150913,7658
8.82,0.26468885,7658
8.82,-0.05500839,7658
8.82,-1.3212941,7658
8.82,0.17238611,7658
8.82,-1.8336211,7658
8.82,0.28959668,7658
8.82,0.48519003,7658
8.82,-0.75500786,7658
8.82,0.19377694,7658
8.82,-0.68453526,7658
8.82,-1.2441837,7658
8.8,-1.3278003,7658
8.8,0.52684915,7658
8.8,-0.19369134,7658
8.8,1.1253327,7658
8.8,0.5271578,7658
8.8,-0.8596244,7658
8.8,-3.317533,7658
8.8,-0.8857657,7658
8.8,-1.6920595,7658
8.8,0.80248356,7658
8.8,0.26875186,7658
8.77,0.041159026,7658
8.77,-1.383523,7658
8.77,1.7004024,7658
8.77,-0.38385272,7658
8.77,-2.4367816,7658
8.77,-2.1825614,7658
8.77,-0.8131422,7658
8.77,0.07039539,7658
8.77,-3.7975786,7658
8.77,-1.5795515,7658
8.77,0.5772991,7658
8.77,-1.5407884,7658
8.77,-0.71747226,7658
8.77,-2.0884013,7658
8.74,0.9277056,7658
8.74,-0.64840287,7658
8.74,-0.33061907,7658
8.74,-0.07825864,7658
8.74,-0.8105244,7658
8.74,-0.8838543,7658
8.74,0.04214643,7658
8.74,-0.49823382,7658
8.74,1.0203592,7658
8.74,-1.6501306,7658
8.74,0.5679665,7658
8.74,-2.240567,7658
8.74,0.4062194,7658
8.74,-1.8772401,7658
8.72,-1.2667865,7658
8.72,-1.1752506,7658
8.72,-2.2790148,7658
8.72,0.5884659,7658
8.72,-2.519379,7658
8.72,-0.8654501,7658
8.72,-0.4340889,7658
8.72,-0.22061798,7658
8.72,-4.724006,7658
8.72,-0.7537769,7658
8.72,0.04691103,7658
8.72,-0.6746483,7658
8.72,-2.480215,7658
8.72,-0.9081721,7658
8.72,-4.479654,7658
8.72,-3.5818837,7658
8.72,0.08929204,7658
8.7,-1.1559335,7658
8.7,-0.30024192,7658
8.7,-4.3048964,7658
8.7,-1.3169687,7658
8.7,-0.014200899,7658
8.7,-0.2464875,7658
8.68,0.7320527,7658
8.68,-0.057700984,7658
8.68,-0.85981035,7658
8.68,-0.5840045,7658
8.68,0.45211226,7658
8.68,0.42925346,7658
8.68,-3.1027465,7658
8.68,0.9058978,7658
8.68,0.7823186,7658
8.66,-1.9642111,7658
8.66,-0.34120604,7658
8.66,-1.9725871,7658
8.66,-0.7916812,7658
8.66,-1.6936406,7658
8.66,-1.9778444,7658
8.66,-1.6452371,7658
8.66,-0.5591534,7658
8.66,0.1961708,7658
8.64,0.29859936,7658
8.64,-0.8526855,7658
8.64,0.20665804,7658
8.64,-1.1846335,7658
8.64,-0.5642052,7658
8.64,-0.9882524,7658
8.64,1.1140976,7658
8.64,-1.0377194,7658
8.64,-6.51511,7658
8.64,-2.756883,7658
8.62,-0.60352,7658
8.62,1.8209361,7658
8.62,-0.33061907,7658
8.62,0.8151767,7658
8.62,0.5791519,7658
8.62,-1.3258194,7658
8.62,-3.1206512,7658
8.62,-1.0173748,7658
8.62,0.46423614,7658
8.62,-3.1505015,7658
8.6,-1.5181841,7658
8.6,-1.5913123,7658
8.6,0.9532054,7658
8.6,-3.6056225,7658
8.6,-0.19459671,7658
8.6,-0.26077414,7658
8.6,-0.8934434,7658
8.6,0.21157497,7658
8.6,-0.8581456,7658
8.6,0.61786497,7658
8.59,-0.16002175,7658
8.59,-1.0066139,7658
8.59,-1.5406675,7658
8.59,-4.210357,7658
8.59,0.312634,7658
8.59,0.531484,7658
8.59,-0.30252016,7658
8.59,0.16352555,7658
8.59,-0.316284,7658
8.59,-0.05361277,7658
8.59,0.6909319,7658
8.59,-2.3621922,7658
8.59,-1.5012013,7658
8.57,-0.9420357,7658
8.57,-3.146783,7658
8.57,-0.6168932,7658
8.57,-1.2708952,7658
8.57,-2.7741466,7658
8.57,-2.480215,7658
8.55,0.25519294,7658
8.55,0.8702637,7658
8.55,-1.419736,7658
8.55,0.24662685,7658
8.55,-2.1433516,7658
8.55,-2.0614522,7658
8.55,-1.6303242,7658
8.55,0.29627818,7658
8.55,-1.5672662,7658
8.55,-0.08661982,7658
8.55,0.42442796,7658
8.55,-0.9735356,7658
8.54,-0.63109624,7658
8.54,-0.40554065,7658
8.54,-0.5834798,7658
8.54,0.3373355,7658
8.54,-1.4401417,7658
8.54,-0.33061907,7658
8.52,-1.6521133,7658
8.52,-2.6241906,7658
8.52,-0.9081721,7658
8.52,-0.51596034,7658
8.52,1.4009525,7658
8.52,-2.9667785,7658
8.52,-0.49506578,7658
8.52,-0.33137086,7658
8.51,0.7835852,7658
8.51,-4.266543,7658
8.51,1.4829924,7658
8.51,-2.8469431,7658
8.51,-5.3256593,7658
8.51,-0.56625783,7658
8.51,-3.2325275,7658
8.49,-3.066451,7658
8.49,-2.2060695,7658
8.49,0.6748294,7658
8.49,-0.9866263,7658
8.49,-0.10959571,7658
8.48,-2.6294467,7658
8.48,-0.12855846,7658
8.48,-1.9778444,7658
8.48,0.019130118,7658
8.48,-0.36414248,7658
8.48,-1.1954942,7658
8.48,0.7014333,7658
8.48,-0.5846258,7658
8.48,-1.0506212,7658
8.48,-2.7596035,7658
8.48,-1.2667865,7658
8.48,0.18826354,7658
8.48,-0.5551753,7658
8.48,0.834594,7658
8.48,0.104011394,7658
8.47,-6.6658535,7658
8.47,-2.8616087,7658
8.47,-2.7156107,7658
8.47,-0.2818678,7658
8.47,-1.8154252,7658
8.47,-1.7921703,7658
8.47,-3.6118257,7658
8.47,-3.8296077,7658
8.47,-6.5523105,7658
8.46,-2.3116217,7658
8.46,-5.4772773,7658
8.46,-0.94098073,7658
8.46,-2.9601336,7658
8.46,-0.48967794,7658
8.46,-2.68322,7658
8.46,-2.4295356,7658
8.46,-0.010065723,7658
8.46,-0.38578916,7658
8.46,0.50437343,7658
8.44,-1.1920301,7658
8.44,0.2793504,7658
8.44,-1.7910839,7658
8.44,-2.7112796,7658
8.44,1.4876202,7658
8.44,0.5068659,7658
8.44,-0.16382018,7658
8.44,-0.96291345,7658
8.44,-0.303507,7658
8.43,-1.69932,7658
8.43,0.2844594,7658
8.43,-3.4868023,7658
8.43,-7.4197083,7658
8.43,-1.39605,7658
8.43,-0.7720297,7658
8.43,-1.059098,7658
8.42,-4.7598653,7658
8.42,-1.9629663,7658
8.41,-2.3510702,7658
8.41,-0.51814586,7658
8.41,-3.9281785,7658
8.41,0.19140321,7658
8.41,0.37044913,7658
8.4,-3.3830276,7658
8.4,0.40202597,7658
8.4,1.4644871,7658
8.4,0.6133128,7658
8.4,0.00024372339,7658
8.4,0.51504993,7658
8.4,-0.68738675,7658
8.39,0.57782346,7658
8.39,-1.9061126,7658
8.39,1.2089095,7658
8.39,-1.9629663,7658
8.39,0.4916432,7658
8.39,0.57585895,7658
8.39,-6.0389724,7658
8.39,-0.16765043,7658
8.39,-1.9389827,7658
8.39,-0.050015386,7658
8.38,-3.9724844,7658
8.38,-4.4456916,7658
8.37,0.9015183,7658
8.37,-1.2382616,7658
8.37,0.23116365,7658
8.37,0.45274696,7658
8.37,-4.502027,7658
8.37,0.4062194,7658
8.37,-4.226457,7658
8.36,-1.9113626,7658
8.36,-1.4391868,7658
8.36,-2.1575334,7658
8.36,-0.8140818,7658
8.36,-1.1961597,7658
8.36,0.25519294,7658
8.36,0.015353195,7658
8.35,-0.21502885,7658
8.35,-1.105513,7658
8.35,-1.6598501,7658
8.35,-0.40676108,7658
8.35,-1.4648389,7658
8.35,-1.7606272,7658
8.35,-3.5205765,7658
8.35,-5.04718,7658
8.34,-0.3177154,7658
8.34,0.34551096,7658
8.34,-2.2697515,7658
8.34,-3.152908,7658
8.33,-0.9735356,7658
8.33,-1.18169,7658
8.33,-2.280737,7658
8.33,0.19453299,7658
8.33,0.9473049,7658
8.33,-2.0208495,7658
8.33,0.18193063,7658
8.32,-0.39038125,7658
8.32,-2.5578988,7658
8.32,-2.3380792,7658
8.32,0.18193063,7658
8.32,-6.281277,7658
8.32,0.07983116,7658
8.32,0.28922915,7658
8.32,-1.9728773,7658
8.31,-1.7275481,7658
8.31,0.12805557,7658
8.31,-1.6318985,7658
8.31,-0.04844786,7658
8.31,0.79335064,7658
8.31,-2.4339683,7658
8.3,0.51068825,7658
8.3,-0.38272735,7658
8.29,-5.459179,7658
8.29,0.76209056,7658
8.29,-1.9113626,7658
8.29,-2.3004901,7658
8.29,-2.451787,7658
8.28,-0.084295064,7658
8.28,-0.031328127,7658
8.28,0.2468214,7658
8.28,-2.3454635,7658
8.28,-3.231361,7658
8.28,0.3341054,7658
8.28,-0.57292587,7658
8.28,-2.128134,7658
8.28,0.34551096,7658
8.28,0.48710817,7658
8.28,-3.3522189,7658
8.28,-0.71608126,7658
8.28,-1.4360217,7658
8.28,-6.7903724,7658
8.27,-1.9614662,7658
8.27,-1.265772,7658
8.26,-1.7481718,7658
8.26,-2.512567,7658
8.26,-1.4094688,7658
8.25,-4.1610937,7658
8.25,-1.9110671,7658
8.25,-2.2699068,7658
8.25,0.5011774,7658
8.24,1.4395057,7658
8.24,0.36063883,7658
8.24,0.6218712,7658
8.24,-0.46713042,7658
8.24,-2.7506518,7658
8.24,-0.319055,7658
8.23,0.9974596,7658
8.23,-1.1888074,7658
8.23,-4.508658,7658
8.23,-2.4756944,7658
8.22,-0.36876917,7658
8.22,-3.9275224,7658
8.22,-4.9387856,7658
8.21,-2.6866176,7658
8.21,-2.0285325,7658
8.21,-2.5190141,7658
8.21,-1.1692841,7658
8.21,-0.99205506,7658
8.21,-4.2364054,7658
8.21,-1.7429627,7658
8.21,-4.007319,7658
8.21,-1.2667865,7658
8.21,-5.373132,7658
8.21,-5.5777726,7658
8.21,-4.2407346,7658
8.2,-4.150533,7658
8.2,1.5752003,7658
8.2,-1.5459677,7658
8.2,-3.7812536,7658
8.2,0.999667,7658
8.19,-2.0045533,7658
8.19,-2.2816646,7658
8.19,0.5417744,7658
8.19,0.6612233,7658
8.19,-2.4065313,7658
8.19,0.42787164,7658
8.19,-2.5994246,7658
8.19,-1.4893056,7658
8.19,0.5808381,7658
8.18,-4.608104,7658
8.18,0.9701376,7658
8.17,-1.8107182,7658
8.17,-4.1588974,7658
8.17,-1.0648111,7658
8.17,0.63371694,7658
8.17,-1.149433,7658
8.17,-1.1021583,7658
8.17,0.4142596,7658
8.17,-0.6159895,7658
8.17,0.544138,7658
8.17,-3.675997,7658
8.17,-2.7257824,7658
8.17,-1.4579633,7658
8.16,-4.3592696,7658
8.16,-0.37569058,7658
8.16,0.3197569,7658
8.15,-3.6205676,7658
8.15,-0.5410214,7658
8.15,-3.9857023,7658
8.15,-0.20400757,7658
8.15,-0.25324667,7658
8.15,-3.6264322,7658
8.15,-0.7349828,7658
8.15,-0.029652681,7658
8.15,-1.8171058,7658
8.14,-2.5037618,7658
8.14,0.12520081,7658
8.13,-1.4238443,7658
8.12,-1.8676739,7658
8.12,-0.05361277,7658
8.12,-1.1221247,7658
8.12,-1.8479685,7658
8.11,-5.8548737,7658
8.11,-0.7076707,7658
8.11,1.0457717,7658
8.11,-3.3253903,7658
8.1,0.41057318,7658
8.1,-1.4526061,7658
8.1,-2.749767,7658
8.1,-1.4305509,7658
8.09,-0.9946241,7658
8.09,-0.47008687,7658
8.09,-2.5091052,7658
8.09,-2.5190141,7658
8.09,-1.5480477,7658
8.08,0.20640147,7658
8.08,-0.48593515,7658
8.08,-0.91219455,7658
8.08,-1.231885,7658
8.08,-1.2349018,7658
8.07,-1.2126614,7658
8.07,0.3960087,7658
8.07,-1.2880415,7658
8.07,-0.4251815,7658
8.06,-3.0100682,7658
8.06,-0.42821115,7658
8.06,1.2089095,7658
8.05,-4.271684,7658
8.05,-4.4115753,7658
8.05,-2.5931075,7658
8.05,-3.6027412,7658
8.04,-0.34890366,7658
8.04,-4.930887,7658
8.04,-1.1471516,7658
8.04,-2.52602,7658
8.03,-3.0108225,7658
8.03,-3.227211,7658
8.03,-3.0528126,7658
8.02,-1.7754172,7658
8.02,-3.7796261,7658
8.02,-1.9880506,7658
8.01,-0.49381676,7658
8.0,-2.8436654,7658
8.0,-5.0899215,7658
8.0,0.12269839,7658
8.0,-5.0759535,7658
8.0,0.7107318,7658
8.0,-0.6095838,7658
8.0,-4.4335103,7658
8.0,-0.76566714,7658
8.0,-0.32727838,7658
7.99,-1.786022,7658
7.99,-2.2672098,7658
7.99,-5.8780513,7658
7.99,0.28959668,7658
7.98,-0.62640274,7658
7.98,0.16352555,7658
7.98,0.49083978,7658
7.97,-0.017605282,7658
7.97,-2.5110536,7658
7.97,-4.624921,7658
7.97,-0.45783535,7658
7.97,0.44438115,7658
7.97,0.8361458,7658
7.96,-1.1904229,7658
7.96,-6.015293,7658
7.96,-4.876357,7658
7.95,-3.0492887,7658
7.95,-5.4824405,7658
7.94,-1.0401038,7658
7.94,0.86991984,7658
7.94,-5.2269764,7658
7.94,-1.5736285,7658
7.93,-1.1502078,7658
7.93,-1.3967545,7658
7.92,0.17356798,7658
7.92,-0.8848653,7658
7.92,-4.5573936,7658
7.91,-3.0480106,7658
7.9,-2.6709461,7658
7.9,-6.550292,7658
7.9,-0.68738675,7658
7.9,-5.9676013,7658
7.89,-1.9130238,7658
7.89,-0.8905497,7658
7.88,-6.4952602,7658
7.88,-1.6327715,7658
7.88,-1.6542782,7658
7.88,-0.1910564,7658
7.87,-3.8542364,7658
7.87,-4.995994,7658
7.87,-5.8521395,7658
7.87,-1.2220731,7658
7.87,-2.677135,7658
7.87,-1.1839901,7658
7.87,-1.4277196,7658
7.87,-3.5368721,7658
7.86,-1.1521207,7658
7.86,-0.29929262,7658
7.86,0.25832802,7658
7.85,0.01668664,7658
7.85,-0.162619,7658
7.85,-4.3366613,7658
7.85,-2.440077,7658
7.84,-1.5044045,7658
7.84,-0.24974206,7658
7.83,-4.1418176,7658
7.83,-1.126676,7658
7.83,-0.4824468,7658
7.83,-3.3369238,7658
7.83,-0.3375595,7658
7.83,-2.1783903,7658
7.83,0.22541267,7658
7.82,-1.6312226,7658
7.82,-3.934796,7658
7.82,-4.4459414,7658
7.82,2.691487,7658
7.81,0.6767853,7658
7.81,-0.999785,7658
7.8,-1.440953,7658
7.8,-0.11141198,7658
7.8,-3.1614716,7658
7.8,-2.6775062,7658
7.8,-1.4607475,7658
7.8,0.028757133,7658
7.79,-1.154157,7658
7.78,-0.41451865,7658
7.78,-6.221977,7658
7.78,-2.27222,7658
7.77,-7.0495863,7658
7.77,-1.9893643,7658
7.76,-5.2365847,7658
7.76,-3.4297373,7658
7.76,-1.2346853,7658
7.76,0.37750176,7658
7.76,-0.2371113,7658
7.74,-0.9193863,7658
7.74,-2.5288453,7658
7.73,-1.0488992,7658
7.73,-4.6483045,7658
7.71,-1.4206308,7658
7.71,-4.29647,7658
7.71,-4.640187,7658
7.7,-0.52765745,7658
7.7,-2.6775062,7658
7.63,-2.2733421,7658
5.6,-2.2784605,16411
6.77,0.21905795,11348
6.7,0.27492338,11348
6.14,4.7056093,11348
6.64,2.1350958,11394
5.92,-2.7735403,11394
4.92,2.5387893,11394
4.75,2.2441244,11394
6.79,-5.790096,10572
4.64,4.9245734,14848
5.85,4.376888,11400
5.02,-0.84337425,11400
4.72,0.9341066,11400
8.32,-4.7381544,730
8.14,1.0504183,730
8.11,0.94488436,730
7.91,-3.7606132,730
7.79,1.2476176,730
7.69,2.3004818,730
7.6,-0.64672786,730
7.58,1.0030663,730
7.55,0.7424806,730
7.48,1.9069731,730
7.4,2.1364915,730
7.33,2.8261855,730
7.22,3.011595,730
7.1,-3.0638525,730
7.07,-2.6230345,730
6.97,0.15656862,730
6.85,-1.8093435,730
6.74,0.31471568,730
6.7,1.6808319,730
6.67,-1.7510034,730
6.62,1.6403118,730
6.53,1.8245502,730
6.49,0.009777479,730
6.43,-1.6933327,730
6.05,-2.2962534,730
5.98,-2.5406973,730
5.93,2.421647,730
5.76,-2.7981339,730
5.54,0.41533288,730
5.47,-3.130764,730
5.42,-0.95912784,730
5.22,-4.9253464,730
5.13,-3.2067304,730
5.13,-1.5022846,730
5.08,-3.0344713,730
5.01,-2.1913848,730
8.52,-4.291042,5935
8.46,-7.376758,5935
8.42,-4.2301974,5935
8.16,-6.1764464,5935
8.14,-6.648246,5935
8.03,-0.20913276,5935
7.92,-6.111522,5935
7.92,-0.70176244,5935
7.89,-3.4684505,5935
7.82,-4.60591,5935
7.82,0.57128334,5935
7.82,-4.945776,5935
7.8,-0.5233935,5935
7.8,-4.6789618,5935
7.8,-7.0681047,5935
7.72,-6.098932,5935
7.66,-4.555013,5935
7.62,-4.2318134,5935
7.55,-2.0661397,5935
7.54,-0.88186574,5935
7.52,-0.2794392,5935
7.5,-3.6741512,5935
7.5,-5.1950026,5935
7.42,0.14587066,5935
7.41,1.0197493,5935
7.41,-0.5498913,5935
7.36,0.44473904,5935
7.26,0.08227082,5935
7.23,0.5628954,5935
7.15,0.53616095,5935
7.06,0.11027891,5935
7.0,0.39266792,5935
6.99,0.9314093,5935
6.96,0.328329,5935
6.9,0.43853307,5935
6.84,-4.995616,5935
6.72,-0.006859146,5935
6.51,0.2946722,5935
6.49,-0.099328525,5935
6.44,-1.0152824,5935
6.42,1.279071,5935
6.39,2.521735,5935
6.36,1.7571067,5935
6.34,0.09807096,5935
6.09,0.5765352,5935
9.0,-1.0486937,7028
8.52,-0.59625655,7028
4.72,-4.4241033,2706
4.37,-3.1831903,2706
8.21,-2.2493706,9956
7.33,-4.3352,9956
9.44,3.1273663,13095
9.05,1.1054645,13095
8.95,0.760702,13095
8.86,0.21016717,13095
8.8,1.2454008,13095
7.13,1.2454008,13095
7.03,3.1273663,13095
6.17,-4.222828,3266
5.68,0.6358625,3266
5.66,-2.9142094,3266
5.48,-3.724817,3266
5.47,0.24325633,3266
5.35,-0.7919037,3266
5.28,-2.5983706,3266
7.96,3.5088658,12055
6.86,-1.572023,12055
9.22,4.100478,6073
8.7,3.5258508,6073
8.52,2.183596,6073
8.0,-0.16169608,6073
7.52,-0.64394414,6073
7.2,1.7394996,8637
5.96,-2.6117764,9399
6.33,-3.8781474,2307
6.25,3.858123,2307
6.25,-3.9320714,2307
6.21,-4.027167,2307
6.13,-2.603579,2307
6.1,-3.658851,2307
6.0,0.8312018,2307
5.98,-0.23521397,2307
5.91,-3.5149188,2307
5.83,-3.4689944,2307
5.82,0.14300942,2307
5.72,-1.493903,2307
5.66,-3.697345,2307
5.54,-2.8714817,2307
5.53,-4.5700197,2307
5.53,-2.500484,2307
5.5,-7.320502,2307
5.49,-3.5956562,2307
5.49,-1.4395021,2307
5.46,-3.711192,2307
5.45,-2.6916144,2307
5.45,-2.9163725,2307
5.33,0.18373886,2307
5.28,0.085456245,2307
5.27,-1.1161032,2307
5.27,-3.1033058,2307
5.26,-1.6699387,2307
5.24,-2.4227624,2307
5.22,-5.0894675,2307
4.96,-4.0719304,2307
4.79,-4.7700214,2307
4.69,-5.0217037,2307
4.62,-4.3009925,2307
4.58,-3.999379,2307
4.54,-4.654241,2307
4.53,-2.668458,2307
4.49,-3.2853177,2307
4.4,-4.8374734,2307
4.25,-6.912997,2307
4.16,-6.2530155,2307
5.29,0.4035694,1666
5.19,-0.039236546,1666
5.19,-1.7635056,1666
5.17,-3.2460232,1666
5.05,0.1460023,1666
4.96,-2.4975042,1666
4.92,-5.501382,1666
4.75,-5.7805076,1666
4.43,-6.409201,1666
4.39,-6.8472295,1666
4.37,-5.5899577,1666
4.18,-4.511883,1666
5.77,3.8355129,635
6.21,2.1925712,15021
7.72,0.8262604,16201
7.66,-0.81922954,16201
7.55,-0.636446,16201
6.38,-0.9963333,16201
9.22,7.280535,6665
8.57,3.0514972,6665
8.4,-0.092344284,6665
7.2,2.5105836,6665
6.94,1.7931303,17241
6.53,-0.3217216,17241
6.33,4.2738614,17241
6.13,-1.3558873,17241
5.45,-2.285313,17241
7.3,1.2108232,14100
7.1,2.5602226,14100
9.15,1.873691,1169
8.52,4.4072294,17559
7.6,3.8366482,17559
7.52,2.5666263,17559
7.52,0.8091025,17559
7.24,1.3573138,17559
7.24,1.5972344,17559
7.19,-0.54613656,17559
6.89,2.534028,17559
6.57,0.46796304,17559
6.44,-0.700338,17559
6.44,4.320145,11680
6.42,4.366651,11680
6.38,-4.074858,11680
6.28,4.928923,11680
6.25,-3.1776226,11680
6.16,0.18640336,11680
5.94,4.375826,11680
5.62,1.1065701,11680
4.96,4.880975,11680
4.79,1.9691416,11680
8.4,-2.8751054,14606
9.0,0.17861742,6023
9.0,0.44648257,6023
9.0,3.5658617,6023
8.7,0.74532783,6023
8.7,0.30474114,6023
8.7,2.6656141,6023
8.7,-0.5414155,6023
8.7,-1.6007509,6023
8.7,-0.350926,6023
8.7,0.21800908,6023
8.7,2.4708815,6023
8.7,-0.74704486,6023
8.7,1.2725908,6023
8.7,1.8563819,6023
8.7,0.2467871,6023
8.7,0.28780392,6023
8.7,2.3857708,6023
8.52,0.35335296,6023
8.52,0.39506993,6023
8.52,0.46883887,6023
8.52,0.6458141,6023
8.52,0.5106801,6023
8.52,-0.063706875,6023
8.52,0.35724518,6023
8.52,-1.9903927,6023
8.52,-0.61961466,6023
8.52,-0.023822252,6023
8.52,-2.4826007,6023
8.52,-1.7228086,6023
8.4,-2.4826007,6023
8.4,-1.2310263,6023
8.4,1.8341006,6023
8.4,0.6051675,6023
8.4,2.2010005,6023
8.4,0.6823157,6023
8.4,-0.04864502,6023
8.4,0.17209789,6023
8.4,1.2026923,6023
8.4,-0.13699713,6023
8.3,2.867725,6023
8.3,1.6669197,6023
8.3,-0.13523188,6023
8.3,1.0769513,6023
8.3,0.3176817,6023
8.3,0.19582704,6023
8.3,0.47352737,6023
8.3,0.89129925,6023
8.22,0.43064857,6023
8.22,0.21800908,6023
8.22,3.1297228,6023
8.22,3.4664006,6023
8.22,2.1814027,6023
8.22,1.1599911,6023
8.15,0.4057684,6023
8.15,0.43456307,6023
8.15,0.41227075,6023
8.1,0.16894183,6023
8.1,2.2010005,6023
8.1,1.494306,6023
8.1,0.6731016,6023
8.1,3.093341,6023
8.1,1.5703074,6023
8.1,0.83977324,6023
8.1,1.6445485,6023
8.1,0.7259365,6023
8.1,0.7836409,6023
8.1,0.688558,6023
8.05,0.3331459,6023
8.05,3.3085122,6023
8.05,0.78281784,6023
8.05,-0.5991738,6023
8.0,-0.55554515,6023
7.96,2.329881,6023
7.96,-1.3118309,6023
7.96,0.8543163,6023
7.96,0.0039072074,6023
7.92,0.98940474,6023
7.92,-3.2137916,6023
7.92,1.4852474,6023
7.92,3.0529246,6023
7.89,1.864026,6023
7.89,2.3866942,6023
7.85,-1.3139507,6023
7.85,1.8660074,6023
7.85,3.2897675,6023
7.82,-1.2788008,6023
7.82,3.8000495,6023
7.82,2.8459036,6023
7.8,3.2132769,6023
7.8,3.0965474,6023
7.8,1.6411284,6023
7.77,-3.1124866,6023
7.77,1.7093358,6023
7.72,0.40793073,6023
7.7,1.2501348,6023
7.7,0.47856444,6023
7.68,-0.11621956,6023
7.68,0.2001782,6023
7.68,2.5274658,6023
7.68,1.7292273,6023
7.68,2.6953092,6023
7.68,0.49051243,6023
7.64,-0.67798245,6023
7.64,1.9454151,6023
7.64,-2.7798629,6023
7.62,2.328369,6023
7.62,1.3615004,6023
7.6,1.1268475,6023
7.58,1.6177713,6023
7.58,0.24981207,6023
7.57,-0.6210896,6023
7.57,1.8389993,6023
7.54,-0.49163157,6023
7.51,-0.17476803,6023
7.51,-0.05933167,6023
7.5,0.7469523,6023
7.48,1.2815942,6023
7.48,2.9810755,6023
7.48,-0.47523484,6023
7.47,1.0193875,6023
7.46,1.9563152,6023
7.46,2.2397163,6023
7.44,2.7687802,6023
7.43,1.4271079,6023
7.42,1.6394247,6023
7.42,2.894526,6023
7.4,0.6458141,6023
7.4,-2.3235416,6023
7.39,1.6890304,6023
7.39,0.643623,6023
7.38,2.6216245,6023
7.36,-0.47187585,6023
7.35,0.71286947,6023
7.34,-0.029718727,6023
7.34,0.19909915,6023
7.33,0.59569424,6023
7.3,1.8124398,6023
7.28,1.2823406,6023
7.28,0.15564868,6023
7.26,1.0193844,6023
7.25,2.2448208,6023
7.25,2.2914348,6023
7.24,2.2899332,6023
7.24,2.1380782,6023
7.24,1.0510278,6023
7.23,0.1839056,6023
7.23,2.4481351,6023
7.22,3.1657991,6023
7.22,1.986009,6023
7.21,2.9164364,6023
7.21,-4.9467845,6023
7.2,2.1510558,6023
7.19,0.648181,6023
7.18,0.2692489,6023
7.17,2.5194957,6023
7.17,-3.5717366,6023
7.15,1.7341123,6023
7.15,-1.3147783,6023
7.13,2.2164867,6023
7.13,-0.18391088,6023
7.11,2.2262425,6023
7.11,0.20932412,6023
7.1,0.13950327,6023
7.1,-0.4879114,6023
7.07,0.3338114,6023
7.07,2.1995625,6023
7.07,2.629151,6023
7.06,2.0612054,6023
7.06,2.7504475,6023
7.04,0.74662143,6023
7.03,2.0458014,6023
7.02,0.7475756,6023
7.02,0.7108075,6023
7.01,3.4256206,6023
7.01,2.7488048,6023
7.01,1.2719011,6023
7.01,3.6169794,6023
6.99,2.5624065,6023
6.98,2.6405716,6023
6.96,2.992456,6023
6.96,2.2261899,6023
6.94,1.6107495,6023
6.94,2.155555,6023
6.94,0.85362226,6023
6.93,2.1737251,6023
6.93,-0.9064026,6023
6.92,-0.70322245,6023
6.92,-1.9520775,6023
6.91,1.0155946,6023
6.9,0.9119273,6023
6.89,-0.8461352,6023
6.88,-0.1255736,6023
6.87,2.7916725,6023
6.87,3.3673608,6023
6.86,0.21607831,6023
6.86,1.7718246,6023
6.85,3.3651896,6023
6.83,0.14190662,6023
6.83,1.9368174,6023
6.83,-0.5407356,6023
6.81,-2.5125623,6023
6.81,1.3502468,6023
6.8,1.4912373,6023
6.79,-0.77046794,6023
6.78,-0.6711208,6023
6.77,2.6314769,6023
6.74,0.14154914,6023
6.74,1.8118478,6023
6.74,2.5381944,6023
6.73,-0.24912861,6023
6.73,-0.10002593,6023
6.7,-0.008600153,6023
6.7,1.639492,6023
6.67,-1.6797637,6023
6.66,0.9354935,6023
6.64,2.0823872,6023
6.64,-0.2777186,6023
6.63,0.7831003,6023
6.56,-0.9468482,6023
6.54,3.2960417,6023
6.51,2.600835,6023
6.45,-4.4192004,6023
6.45,1.5599315,6023
6.43,2.362296,6023
6.4,3.8115478,6023
6.39,2.1171048,6023
6.38,0.4918627,6023
6.35,2.191522,6023
6.35,3.0469935,6023
6.33,0.79622346,6023
6.31,1.9648393,6023
6.31,1.6364099,6023
6.3,3.1414497,6023
6.29,2.9289255,6023
6.28,0.43929034,6023
6.26,-0.5839441,6023
6.26,0.4538699,6023
6.23,1.3315225,6023
6.22,0.33771178,6023
6.18,0.086195275,6023
6.18,0.23635188,6023
6.17,0.35614312,6023
6.16,-5.1917777,6023
6.11,0.45004177,6023
6.11,-4.5625196,6023
6.07,-3.877084,6023
6.06,-0.25417572,6023
6.03,0.09894968,6023
6.0,-1.8112822,6023
6.0,-1.3302219,6023
6.0,2.0734775,6023
6.0,2.8928049,6023
5.98,0.34978977,6023
4.73,-0.006628895,16582
9.22,2.331283,8244
8.7,3.4394383,8244
8.7,-0.6885775,8244
8.7,2.0653164,8244
8.52,-3.0053866,8244
8.52,1.1883166,8244
8.52,2.6720684,8244
8.4,0.7209679,8244
8.1,0.82967275,8244
8.0,0.36056614,8244
7.77,0.0731139,8244
7.64,0.19088703,8244
7.62,1.579964,8244
7.6,-0.17030281,8244
7.57,-0.061028898,8244
7.52,-0.25246027,8244
6.76,0.086852014,8244
6.7,-1.5619236,8244
6.6,-0.19809765,8244
8.52,2.3210506,17838
8.52,4.178575,17838
8.22,1.8411299,17838
8.22,2.2176833,17838
8.15,-0.34430018,17838
8.15,-1.0663016,17838
8.15,2.8297818,17838
8.15,4.4524274,17838
8.05,0.8950863,17838
8.05,-1.1939619,17838
8.0,1.5561975,17838
8.0,-0.11172692,17838
8.0,0.72392434,17838
7.92,1.7498502,17838
7.89,1.6841803,17838
7.89,1.1945552,17838
7.89,4.1749654,17838
7.82,4.365244,17838
7.82,2.6909149,17838
7.8,2.8184814,17838
7.77,-0.60837513,17838
7.77,4.5308466,17838
7.75,2.0574133,17838
7.75,-0.5811389,17838
7.75,2.2882335,17838
7.66,0.109895386,17838
7.66,-0.8838009,17838
7.66,-0.34487465,17838
7.64,1.4370713,17838
7.58,3.5018811,17838
7.55,-0.47837222,17838
7.54,2.9644642,17838
7.52,-1.1798328,17838
7.51,-1.1786586,17838
7.51,-0.6105127,17838
7.48,-0.01099208,17838
7.44,0.60729957,17838
7.42,0.6248739,17838
7.34,0.20375097,17838
7.28,-0.34540278,17838
7.28,-0.2691238,17838
7.1,3.039023,17838
7.0,-1.7776785,17838
7.0,0.089386694,17838
6.7,2.7378817,17838
7.48,2.6570215,14602
6.24,-1.4447479,12476
7.82,-0.051120475,3587
7.37,2.3637428,3587
7.34,5.4888988,3587
6.99,-0.32483178,3587
6.95,0.26400802,3587
6.71,-0.51732,3587
6.48,0.94089085,3587
7.54,3.4479647,4093
7.35,3.0447452,4093
7.16,-2.9100986,4093
7.14,-3.02726,4093
7.11,-3.6814256,4093
7.07,-3.6104598,4093
7.04,-3.0656734,4093
6.9,-3.2137258,4093
6.67,-4.117174,4093
6.6,-4.044649,4093
6.49,-2.2898867,4093
5.95,-3.1859517,4093
5.31,3.6701303,3664
5.08,-1.4759587,3664
4.6,-2.1493027,3664
7.16,-0.3277271,7806
6.43,2.935821,7806
5.44,1.4474515,7806
8.59,-3.7260494,13816
8.55,-2.876328,13816
8.54,3.1203136,13816
8.52,-4.40821,13816
8.49,-2.9280295,13816
8.46,-3.50183,13816
8.43,3.0344975,13816
8.42,-2.1269176,13816
8.41,-1.7395487,13816
8.39,-2.6470563,13816
8.28,-4.731857,13816
8.21,-2.6232836,13816
8.19,-2.954409,13816
8.14,-2.6473355,13816
8.11,-2.7103553,13816
8.04,-4.2966433,13816
8.03,-1.4123099,13816
8.0,-2.9366064,13816
7.92,-3.749255,13816
7.89,-3.636732,13816
7.68,-3.1553056,13816
7.52,-3.4790404,13816
7.06,-4.063006,13816
6.82,2.014214,13816
8.36,4.105096,8522
8.15,1.5314649,8522
7.51,0.8751635,8522
7.43,0.51139975,8522
7.72,3.166452,377
7.41,-1.8576863,377
7.35,-2.2123952,377
7.27,-2.5066676,377
7.01,-3.1967595,377
6.99,-1.3922597,377
6.95,-4.4132795,377
6.91,-5.858868,377
6.27,-4.2024503,377
7.16,-1.2361729,11297
7.08,-7.0355325,11297
6.83,-3.593183,11297
8.3,-1.107681,3297
7.92,-6.493947,3297
5.0,-0.7369137,16902
8.1,5.2696023,7228
6.04,-1.9862677,14942
6.07,-4.8015137,17753
6.03,3.1648364,5962
5.4,-1.4514798,5962
5.23,-2.7444313,5962
5.21,2.328139,5962
7.11,2.3865921,17084
6.33,3.5602977,17084
5.37,-0.6018073,17084
5.12,-0.3727567,17084
5.35,4.263199,12049
7.85,1.9973434,12463
7.8,3.2290602,12463
7.75,2.8028204,12463
7.23,1.3246843,12463
7.17,-0.08341193,12463
6.94,-2.7312074,12463
6.77,-0.08548913,12463
6.51,-2.1185691,12463
6.35,-2.1721761,12463
6.17,-3.4335303,12463
6.02,-3.8175318,12463
5.67,-4.4707184,12463
5.7,-6.5099363,2661
7.28,2.3367503,17683
7.13,-3.1660285,17683
7.12,-2.5470185,17683
6.92,-3.1852646,17683
6.89,-3.463712,17683
6.8,-3.4398458,17683
6.75,-3.3986409,17683
6.62,1.1810085,17683
6.6,1.697471,17683
6.6,-0.052190542,17683
6.51,-3.3815172,17683
6.45,2.0633068,17683
6.35,-4.742369,17683
6.25,-4.745775,17683
6.18,2.007501,17683
6.16,-3.02904,17683
6.14,-0.39111626,17683
6.09,-1.9733682,17683
6.08,3.5129743,17683
6.06,0.76332027,17683
6.0,-3.971644,17683
6.0,-4.4585094,17683
5.68,-2.5426428,17683
5.58,-3.142621,17683
5.17,-0.8673671,2037
8.0,2.7316124,11686
6.8,-3.4281085,5471
6.04,0.7465008,5471
5.48,1.7269297,5471
5.33,2.3134813,5471
4.78,-2.5525143,5471
6.85,-0.6189028,16035
6.66,-2.8673544,16035
6.41,-7.3901477,16035
8.14,-0.55215925,8717
7.75,0.5413746,8717
7.75,0.8467458,8717
7.7,0.56036335,8717
7.66,0.2731834,8717
7.64,0.31680933,8717
7.62,-0.3326441,8717
7.57,-0.8428051,8717
7.52,1.2076502,8717
7.51,0.96275425,8717
7.33,-1.4377617,8717
7.31,3.0190864,8717
7.3,1.2148108,8717
7.28,-1.6441256,8717
7.24,-0.5533437,8717
7.22,-1.1243695,8717
7.21,-3.8503666,8717
7.16,-2.1398525,8717
7.13,-1.4633099,8717
7.12,0.34241885,8717
7.07,2.0522943,8717
7.03,-0.7488359,8717
7.03,-3.4550874,8717
7.01,-1.0342741,8717
7.0,-2.713219,8717
6.96,0.4414871,8717
6.92,-2.7381864,8717
6.89,0.93943936,8717
6.85,1.8371218,8717
6.8,-1.500425,8717
6.8,-1.8604227,8717
6.77,-0.11648196,8717
6.72,2.543055,8717
6.72,1.8697604,8717
6.66,-4.248709,8717
6.58,0.7342708,8717
6.57,-3.550705,8717
6.55,-3.648259,8717
6.52,-3.708692,8717
6.5,1.3198893,8717
6.5,0.5140428,8717
6.5,1.691169,8717
6.47,-0.0011098273,8717
6.46,-0.94809574,8717
6.44,-3.2035062,8717
6.42,-0.917048,8717
6.41,-2.1180592,8717
6.32,-3.85117,8717
6.28,0.3862228,8717
6.27,-5.3510365,8717
6.27,-0.26290324,8717
6.26,-0.4279468,8717
6.23,-3.582404,8717
6.21,-0.17079839,8717
6.2,-3.9267108,8717
6.19,-5.138591,8717
6.14,-1.5686616,8717
6.14,0.07293968,8717
6.05,-2.498309,8717
5.96,-3.386182,8717
5.92,-2.0060165,8717
5.85,-1.7122715,8717
5.85,-2.139504,8717
5.8,0.30474395,8717
5.8,-0.5478206,8717
5.77,-2.7884793,8717
5.77,0.05855883,8717
5.75,-3.7960737,8717
5.75,-3.178827,8717
5.72,1.6217331,8717
5.72,-3.4505842,8717
5.66,-1.3942978,8717
5.64,-5.368027,8717
5.58,-1.3379203,8717
5.57,-2.0010216,8717
5.5,-2.0754905,8717
5.43,-5.15564,8717
5.29,-3.782798,8717
5.24,-0.51237994,8717
5.21,-2.8242054,8717
5.15,-2.9226415,8717
5.13,-1.1226058,8717
5.13,-0.39118135,8717
6.13,4.3558626,17459
5.77,-1.6491402,17459
5.28,1.675278,17459
4.96,-1.4285907,17459
4.96,-2.0165849,17459
4.96,-2.2906992,17459
4.62,-2.045342,17459
4.6,-1.8788756,17459
4.6,-1.7924155,17459
4.58,-0.14710695,17459
4.51,-2.251382,17459
4.47,-1.6652414,17459
4.32,-3.1046615,17459
8.22,3.7635481,9437
8.1,2.2699988,9437
8.05,0.9809882,9437
8.0,1.1258553,9437
7.96,1.9436798,9437
7.89,2.5030324,9437
7.82,-0.96392417,9437
7.75,-0.71116227,9437
7.7,3.3286269,9437
7.7,2.0520566,9437
7.7,-1.3211457,9437
7.68,0.50803226,9437
7.68,1.8472872,9437
7.68,-0.7389576,9437
7.64,-0.9451732,9437
7.6,2.23457,9437
7.6,2.3957105,9437
7.6,2.910715,9437
7.58,0.5100364,9437
7.58,2.6207974,9437
7.55,0.9373097,9437
7.55,2.074279,9437
7.46,0.56673217,9437
7.44,-2.436958,9437
7.43,1.744377,9437
7.4,-0.07632562,9437
7.4,-1.5616634,9437
7.28,1.0456686,9437
7.22,-0.63575155,9437
7.03,-2.3119783,9437
6.39,-3.2452307,9941
7.4,0.45579392,17232
7.3,1.1841867,17232
7.16,2.1025765,17232
7.16,0.94011253,17232
7.05,0.6710371,17232
6.85,2.741505,17232
6.75,-0.64088494,17232
6.7,-2.0289738,17232
6.66,-2.8255079,17232
6.39,0.8065531,17232
6.31,2.8366663,17232
6.26,-1.4018296,17232
4.7,4.8427353,17646
8.15,2.5364797,15411
8.1,1.7327211,15411
8.1,2.2231836,15411
8.1,3.9978712,15411
7.92,1.1790711,15411
7.89,-0.15504709,15411
7.85,0.96643645,15411
7.77,0.01821683,15411
7.77,-1.0705378,15411
7.77,-0.9547383,15411
7.62,3.9838336,15411
7.6,-1.3360763,15411
7.6,-0.37601262,15411
7.6,1.5353603,15411
7.52,-0.1920608,15411
7.46,3.1114924,15411
7.4,-1.3430022,15411
7.4,-0.32517442,15411
7.36,0.071072616,15411
7.33,3.6141343,15411
7.3,-0.40018192,15411
7.28,-0.018213691,15411
7.28,1.1603472,15411
7.28,-0.40390447,15411
7.26,-0.56769073,15411
7.25,-1.2213361,15411
7.24,-0.94123703,15411
7.24,0.8267729,15411
7.24,0.23210403,15411
7.12,0.6364961,15411
7.0,-0.8369293,15411
6.85,-1.6968468,15411
6.77,-2.054196,15411
6.74,-0.42549884,15411
6.59,4.974648,15411
6.49,0.77544403,15411
6.48,0.27240524,15411
6.47,1.4388635,15411
6.41,0.21417162,15411
6.39,1.5884646,15411
6.35,-0.7518634,15411
6.3,0.14372772,15411
6.29,0.07912356,15411
6.27,-1.540775,15411
6.18,2.690895,15411
6.17,2.5500925,15411
6.03,-0.6000065,15411
5.74,-0.68157405,15411
5.68,3.6488283,15411
5.65,-0.691836,15411
5.4,2.5279095,15411
6.4,-3.327495,10133
6.87,2.2978063,10344
6.45,-4.8405085,10344
6.07,-3.3842258,10344
5.99,1.3534979,10344
6.68,-0.88391453,6656
4.03,0.9334793,10430
5.12,-3.9409351,13517
7.84,-1.1482757,9758
7.21,-0.38141465,9127
6.75,3.2317407,9127
6.45,-4.6144958,12642
6.31,-7.081847,12642
6.0,-2.8034902,12642
5.79,-2.8044736,12642
5.72,-2.5058596,12642
5.08,-4.829744,12642
7.85,0.116516106,3760
7.47,-1.2101449,3760
7.28,0.5415799,3760
7.25,-1.4450134,3760
7.21,-2.0504105,3760
7.18,-0.5598215,3760
7.15,-0.5192584,3760
7.14,-0.39668354,3760
7.12,-1.4122432,3760
7.11,-2.1818225,3760
7.1,-2.0047505,3760
7.07,-2.471168,3760
7.07,-3.0675366,3760
7.02,-0.76399857,3760
7.0,-2.1627657,3760
6.96,-3.1061997,3760
6.96,-1.7473545,3760
6.95,-1.621825,3760
6.94,-0.13412619,3760
6.81,-1.269335,3760
6.75,-1.9758528,3760
6.73,-0.880411,3760
6.66,-2.0180743,3760
6.62,-2.9645588,3760
6.62,-4.594938,3760
6.53,-3.5012298,3760
6.53,-2.3004007,3760
6.46,-1.2620575,3760
6.4,-3.489443,3760
6.26,-2.4236512,3760
6.25,-0.70416665,3760
6.17,-4.8173666,3760
6.16,-3.9712722,3760
6.15,-4.104169,3760
6.0,-4.011384,3760
5.73,-4.097692,3760
5.34,-2.8238382,3760
5.34,-3.455025,3760
5.14,-5.2369637,3760
4.85,-0.9680671,3760
4.62,-0.22201884,3760
5.3,0.9529922,10614
5.0,-0.017943338,10614
4.9,-4.451163,10614
7.51,-1.2288496,13804
7.3,1.6193217,13804
6.9,2.3849273,13804
7.51,1.4497947,3253
8.84,5.8324785,15911
8.73,5.0831933,15911
4.0,-3.3348413,10377
7.14,3.5926142,10455
6.21,4.056433,10455
5.77,-2.1978347,10455
5.54,0.07770457,10455
5.43,0.31911635,10455
5.4,0.23700717,10455
5.31,-0.4503815,10455
5.3,1.2360187,10455
5.22,2.7284398,10455
5.18,1.4492422,10455
5.08,2.1423187,10455
5.05,-0.9540948,10455
6.14,-0.69728,1465
6.13,1.3903852,1465
6.08,-0.683371,1465
6.01,2.091227,1465
5.36,3.3474052,1465
4.0,-4.190734,1465
7.51,-0.6010131,15743
7.51,-0.44267422,15743
7.47,-0.9542822,15743
7.36,-3.8234801,15743
7.24,2.4221127,15743
7.16,3.1551635,15743
7.09,0.08525164,15743
6.82,1.6752352,15743
6.69,3.190257,15743
6.66,-1.2254968,15743
6.56,-1.643354,15743
6.42,-3.5167768,15743
6.26,1.7021176,15743
5.4,-1.4225984,15743
9.7,-1.7719119,7763
9.3,-2.8834887,7763
9.15,-1.422157,7763
9.05,4.065521,7763
9.0,-0.11488735,7763
8.85,1.0528808,7763
8.85,-1.6328479,7763
8.74,0.40566066,7763
8.7,3.2770958,7763
8.7,0.7106707,7763
8.68,-2.7099745,7763
8.6,1.6054219,7763
8.6,4.5270567,7763
8.6,1.6582195,7763
8.57,-0.2310147,7763
8.54,3.2804377,7763
8.51,2.1712873,7763
8.48,3.1996117,7763
8.47,3.6787949,7763
8.43,1.708776,7763
8.41,1.6260455,7763
8.35,-2.0102875,7763
8.33,3.6553693,7763
8.31,2.5372999,7763
8.31,3.7697926,7763
8.28,-4.2759647,7763
8.28,3.1747653,7763
8.27,1.789366,7763
8.24,1.4707401,7763
8.21,2.42981,7763
8.19,1.027608,7763
8.17,-2.038275,7763
8.17,-2.8712473,7763
8.17,1.5163851,7763
8.15,-0.25843734,7763
8.15,-0.7171987,7763
8.14,1.1672419,7763
8.14,0.70363754,7763
8.11,-1.3150842,7763
8.1,1.1246682,7763
8.09,1.9335943,7763
8.08,-1.8217291,7763
8.06,-1.0999382,7763
8.03,0.64220196,7763
8.03,-1.3988549,7763
8.02,-2.3418605,7763
8.01,3.8534827,7763
8.01,2.1211526,7763
8.01,2.1142733,7763
8.01,2.0021272,7763
8.0,2.3726435,7763
7.98,-1.0999382,7763
7.98,-1.1435114,7763
7.96,-0.56571543,7763
7.96,0.22655779,7763
7.92,-1.2652317,7763
7.91,-1.058637,7763
7.9,-1.9778074,7763
7.89,2.1571872,7763
7.89,-2.3345087,7763
7.88,0.46827057,7763
7.85,2.046893,7763
7.78,-0.0655155,7763
7.76,-2.0615203,7763
7.75,-1.6223282,7763
7.74,0.95689905,7763
7.73,2.96891,7763
7.7,-1.797501,7763
7.61,-0.86046976,7763
7.61,0.9895776,7763
7.61,-2.459463,7763
7.58,2.4047954,7763
7.58,-2.8300586,7763
7.55,-0.48226073,7763
7.54,-1.9597318,7763
7.51,-1.2728636,7763
7.49,3.017985,7763
7.46,2.583455,7763
7.43,-0.76590544,7763
7.4,-2.6905694,7763
7.38,2.5401864,7763
7.37,-1.4409173,7763
7.34,3.262036,7763
7.28,2.2535658,7763
7.24,-0.27494618,7763
7.19,-1.5892642,7763
7.18,2.1631706,7763
7.11,-2.1807604,7763
9.26,1.1294631,12789
7.05,1.8025465,2784
9.4,0.77091074,6612
9.3,-2.925521,6612
9.3,0.45782116,6612
9.05,-2.6377196,6612
9.05,0.1293689,6612
8.82,0.08837624,6612
8.82,-0.0005542077,6612
8.7,3.3063135,6612
8.7,-4.558132,6612
8.7,-1.7806029,6612
8.7,1.628561,6612
8.7,-0.03077513,6612
8.52,-2.1969867,6612
8.52,0.5552782,6612
8.52,-1.3867029,6612
8.4,1.9053609,6612
8.3,1.5544935,6612
8.3,1.5690128,6612
8.3,-2.6214714,6612
8.3,1.7392583,6612
8.3,-0.4049677,6612
8.3,-2.0285301,6612
8.22,1.5519574,6612
8.22,1.1243391,6612
8.22,-0.4293713,6612
8.15,-3.6858764,6612
8.15,-1.6931164,6612
8.1,0.39963433,6612
8.1,-1.6544999,6612
8.05,-2.546213,6612
8.05,-1.7896025,6612
7.89,0.4887268,6612
7.89,-1.0732361,6612
7.85,0.5607764,6612
7.72,-3.0274544,6612
7.7,0.9655123,6612
7.7,1.3243141,6612
7.68,0.1630387,6612
7.68,1.6602889,6612
7.58,-2.2371628,6612
7.39,-2.772003,6612
7.32,-2.9540613,6612
7.23,-4.7071486,6612
6.56,-4.2924104,6612
8.14,2.2546158,2968
7.85,1.8064448,2968
7.77,0.74189544,2968
7.75,1.2070953,2968
7.34,-0.49492815,2968
7.2,1.4786544,2968
7.17,-2.2252069,2968
7.05,2.1315668,2968
6.96,-0.58520204,2968
6.82,-2.332348,2968
6.77,2.0446925,2968
6.66,-3.8090224,2968
6.58,0.8314978,2968
6.54,0.35129082,2968
6.48,0.05791697,2968
6.43,-2.1678627,2968
6.09,-2.6482525,2968
6.03,-4.3337493,2968
5.96,-3.053549,2968
5.8,-0.7279274,2968
8.42,2.0065699,2205
8.3,2.0065699,2205
8.15,0.8745622,2205
8.15,-0.77721953,2205
8.06,3.1833112,2205
8.05,-3.3000352,2205
8.05,-0.63762057,2205
8.05,-0.14463554,2205
8.0,-2.178404,2205
7.82,-2.178404,2205
7.7,0.919124,2205
7.42,3.2514822,2205
7.32,1.9728452,2205
6.67,2.4689295,2205
6.58,-0.8688581,2205
6.14,-0.14268917,2205
6.05,-0.49394518,2205
7.64,-1.7864248,6150
7.43,-4.319152,6150
7.37,-1.2347628,6150
6.85,0.8786196,6150
6.58,1.9618417,6150
6.21,-0.7706779,6150
8.03,3.3822532,4882
6.35,1.8116646,4333
5.75,1.4394622,10829
8.36,-0.83006954,14586
9.22,-1.4311363,7787
9.17,2.3849525,7787
9.09,2.0639663,7787
9.03,1.429448,7787
8.89,-0.1766159,7787
8.82,-0.4531779,7787
8.8,-1.952797,7787
8.77,0.1882428,7787
8.7,0.6934739,7787
8.7,1.8295794,7787
8.62,1.1383148,7787
8.6,2.7489324,7787
8.59,1.1255864,7787
8.54,0.60847056,7787
8.54,1.3900796,7787
8.41,-2.1817844,7787
8.36,1.380745,7787
8.35,1.8001287,7787
8.33,-0.53207386,7787
8.11,-0.5670381,7787
8.1,-2.2060554,7787
8.1,-0.23784465,7787
8.09,-0.35560888,7787
8.03,1.5357319,7787
8.03,-1.7763977,7787
7.89,-0.38240138,7787
7.75,0.5638918,7787
7.55,-1.752167,7787
7.48,3.3509474,7787
7.44,-0.6826124,7787
7.3,0.94584,7787
7.22,-1.33719,7787
7.1,-0.25241938,7787
6.52,0.023539744,7787
7.54,6.307141,7915
7.07,1.0989434,7915
6.54,1.2280431,7915
6.49,1.7158979,7915
5.49,-5.9803643,13039
8.52,0.17190972,1134
8.4,-2.8623414,1134
8.15,-2.4783657,1134
5.82,5.2321672,1134
5.38,1.2584608,405
6.23,-1.6231033,10768
6.57,4.4634533,11418
5.18,0.25777835,11418
5.06,-1.757647,11418
8.92,0.5140887,14845
8.31,0.51147467,14845
8.24,-0.8190525,14845
8.22,-1.7770308,14845
8.2,-1.6036414,14845
8.16,-0.9120168,14845
7.96,-1.3450924,14845
7.96,-1.3450924,14845
7.82,-2.1090002,14845
7.82,-2.6064532,14845
7.68,-3.3313591,14845
7.64,0.052146457,14845
7.62,-1.7770308,14845
7.55,-1.3099549,14845
7.54,-5.10571,14845
7.48,0.69379896,14845
7.4,-1.701542,14845
7.4,-1.423078,14845
7.34,1.1843677,14845
7.2,0.02435558,14845
7.15,-1.664831,14845
7.14,0.0037014224,14845
7.02,-3.0072763,14845
6.78,-1.1278541,14845
6.77,0.81059355,14845
6.66,1.3238932,14845
6.53,-1.3651583,14845
6.5,-3.5154045,14845
6.41,-1.6580684,14845
6.32,-3.0072763,14845
6.3,-3.5154045,14845
6.27,-1.6036414,14845
7.52,0.9396449,5005
6.72,0.47774488,5005
6.37,0.13370934,5005
6.15,0.63228434,5005
6.13,-0.580263,5005
6.13,-0.1708439,5005
5.95,-0.2236219,5005
5.76,-0.5396146,5005
4.5,2.384294,5005
5.5,-0.75365216,7059
6.75,0.91725963,10226
6.62,0.9589734,10226
6.57,2.498542,10226
6.55,3.0852158,10226
6.35,1.8763437,10226
6.34,2.4723017,10226
6.34,1.463109,10226
6.31,2.8959534,10226
6.29,3.0801206,10226
6.25,2.368286,10226
6.15,-2.2761557,10226
5.91,0.025722332,10226
5.74,0.7580936,10226
5.6,2.0967638,10226
5.56,1.2293488,10226
5.53,-1.4732552,10226
5.47,-2.723501,10226
5.45,-0.30078307,10226
5.44,-1.917237,10226
5.43,0.8883992,10226
5.42,0.71813,10226
5.4,1.6099739,10226
5.4,2.2410927,10226
5.38,-2.127992,10226
5.38,-0.34236646,10226
5.38,1.0088956,10226
5.37,1.6000189,10226
5.36,-1.1344737,10226
5.36,-1.5064921,10226
5.34,-1.279348,10226
5.33,-3.0841413,10226
6.62,-1.2000566,10220
7.8,1.9247054,5900
7.72,2.7528546,5900
7.66,2.6898074,5900
7.4,1.0801969,5900
7.32,2.708041,5900
7.12,-0.8613486,5900
6.6,0.06366223,5900
6.48,-2.753723,5900
6.27,-3.7575183,5900
5.22,-2.1298132,5900
7.98,-6.045968,13116
7.96,-6.6836443,13116
7.8,-8.56115,13116
6.6,-3.33844,13116
8.17,3.0652804,3232
8.01,1.6707829,3232
7.96,-3.638846,3232
7.96,-4.1365404,3232
7.82,-0.45929748,3232
7.75,-2.4047236,3232
7.51,-1.892155,3232
7.33,-4.899033,3232
7.28,-3.3761163,3232
7.25,-3.542054,3232
10.03,1.1395247,8698
6.92,1.3508571,8698
6.62,-4.2364087,15138
8.01,1.5381994,10906
7.68,-2.0474052,10906
7.56,-3.8329182,10906
7.4,3.1808045,10906
7.36,-1.4408666,10906
7.27,-4.419916,10906
7.15,1.4786831,10906
5.96,1.2245002,17398
5.58,1.4092011,17398
6.7,-3.7735736,9270
6.22,2.0594645,9270
6.05,-4.231177,9270
5.7,-0.35838258,9270
7.47,4.2778077,2020
6.0,1.0163873,14721
7.44,3.0635936,5667
7.73,0.24697739,4234
6.96,-2.3296573,16321
9.22,2.3438087,3993
8.96,-0.022008877,3993
8.89,-0.93709415,3993
8.85,1.3319899,3993
8.59,0.17387739,3993
8.48,-0.95663923,3993
8.47,1.3924006,3993
8.46,1.5332996,3993
8.41,0.16669428,3993
8.12,-1.7430292,3993
8.09,-1.6867399,3993
8.08,-1.06966,3993
7.99,-2.2970805,3993
6.68,0.7523841,13404
9.4,0.59136033,7224
9.22,1.8355078,7224
8.96,1.4134818,7224
8.82,-3.081874,7224
8.7,-1.958069,7224
8.7,-5.1465917,7224
8.57,-0.03240007,7224
8.41,0.75154823,7224
8.4,-0.15939885,7224
8.4,-2.7234292,7224
8.34,-1.2587897,7224
8.28,0.3206113,7224
8.15,-2.3073268,7224
7.96,-3.472304,7224
7.89,-3.2657247,7224
7.85,-0.34791917,7224
7.66,0.91984224,7224
7.66,-0.73602486,7224
7.62,-5.3619914,7224
7.62,0.37223798,7224
7.57,-5.0650992,7224
7.55,-4.699788,7224
7.54,-1.3616544,7224
7.36,-1.7923217,7224
7.25,0.09912724,7224
7.13,-0.42172852,7224
7.03,-2.003936,7224
7.22,-6.357949,291
9.3,2.2020972,4259
7.8,-1.9665867,4259
6.21,-0.8391882,17195
7.68,-1.5526853,2042
7.66,-1.0659328,2042
7.19,-0.6942726,2042
7.12,-5.519753,12178
7.74,2.9301739,3252
7.8,3.5937703,15
7.77,1.672585,15
7.7,1.6551806,15
7.68,3.2752106,15
7.58,2.0632246,15
7.31,0.8599531,15
7.3,1.354441,15
7.29,1.9490888,15
7.13,-1.3779801,15
7.1,-1.9917821,15
7.09,1.6043895,15
7.05,-1.1492589,15
7.03,1.1219739,15
6.91,0.40014425,15
6.86,0.97039455,15
6.82,-0.14526042,15
6.81,0.43672496,15
6.64,-0.38906878,15
6.6,-2.281288,15
6.54,-2.4896753,15
6.45,-0.11038088,15
6.44,1.0307388,15
6.26,-2.5422065,15
6.22,-1.1166747,15
6.21,-2.8491707,15
6.14,-3.573265,15
6.11,0.47462195,15
5.98,-2.9469123,15
5.79,-0.5144861,15
5.24,-4.4090786,15
5.12,2.633824,15
4.95,-3.8149216,15
4.82,-1.187271,15
7.47,3.4168139,14044
6.79,-2.742073,14044
6.16,-2.7510781,17903
5.05,-1.4473664,15325
4.54,5.084991,15325
4.25,2.9961324,15325
6.22,1.7243018,10323
6.05,-2.236883,10323
4.68,-6.7067676,10323
4.66,-7.0955076,10323
7.28,-0.36312222,10223
6.29,-3.5321095,6318
9.0,-0.85519713,251
8.52,-0.71917737,251
7.96,-0.068669036,251
7.89,0.20290348,251
7.82,0.87269145,251
7.68,0.47474587,251
7.33,-0.41520178,251
6.79,-3.7570317,251
6.0,-0.7925998,251
5.1,-0.12814635,251
5.0,0.123229615,251
4.8,-0.36204392,251
4.8,-0.1610131,251
4.7,-0.3370198,251
8.4,1.3335177,6762
7.7,1.3239343,4898
6.77,-1.54052,2131
6.66,-4.4296284,2131
6.54,-1.6721661,2131
6.47,-2.819631,2131
6.41,-3.035709,2131
6.37,-3.1093652,2131
6.27,-1.0315126,2131
6.17,-2.6472986,2131
6.07,-4.6265874,2131
5.93,-0.9862392,2131
5.79,-4.9040523,2131
5.77,1.5646946,2131
5.3,-4.2494454,2131
5.51,2.087183,5677
5.19,-1.9035696,5677
5.13,0.32457364,5677
5.12,-1.9177256,5677
5.09,-5.5334296,5677
5.01,-4.1249022,5677
4.88,-1.1957339,5677
4.5,0.44440648,5677
6.28,0.07134361,343
9.0,0.4892555,7872
9.0,0.2949107,7872
8.7,0.13703674,7872
8.7,0.15520781,7872
8.52,-3.136311,7872
8.52,2.004898,7872
8.4,-2.4694614,7872
8.4,4.3730755,7872
8.4,5.3184032,7872
8.4,3.3351662,7872
8.3,-2.6100063,7872
8.3,2.2620137,7872
8.3,3.8584354,7872
8.3,4.0748234,7872
8.22,3.9359336,7872
8.22,3.2884674,7872
8.22,3.3290694,7872
8.22,5.956313,7872
8.22,5.557493,7872
8.22,-2.7358985,7872
8.15,3.7860487,7872
8.15,4.925195,7872
8.15,5.6849704,7872
8.15,4.6489067,7872
8.15,4.2888055,7872
8.15,3.90376,7872
8.15,3.8249147,7872
8.15,3.1943505,7872
8.15,3.8638382,7872
8.15,-1.6883663,7872
8.1,-1.9220102,7872
8.1,-0.04028825,7872
8.1,4.590423,7872
8.1,4.7394743,7872
8.1,4.2314744,7872
8.1,4.9487295,7872
8.1,5.00744,7872
8.1,4.782946,7872
8.1,4.740653,7872
8.1,3.9884021,7872
8.1,5.41286,7872
8.1,4.0054474,7872
8.05,-0.22582534,7872
8.05,-0.8038591,7872
8.05,3.8249147,7872
8.05,5.483435,7872
8.05,-0.8203009,7872
8.05,4.751625,7872
8.05,4.760317,7872
8.05,4.2216105,7872
8.05,3.6028755,7872
8.0,4.92143,7872
8.0,5.2322845,7872
8.0,6.0480514,7872
8.0,4.210566,7872
8.0,3.1625667,7872
8.0,3.2503502,7872
8.0,5.872402,7872
8.0,-3.348955,7872
8.0,2.4899685,7872
8.0,-4.3235936,7872
8.0,-0.9212488,7872
8.0,-2.3855011,7872
7.96,3.9556766,7872
7.96,2.5274196,7872
7.96,4.6945343,7872
7.96,4.982182,7872
7.96,5.7468405,7872
7.96,5.5077715,7872
7.96,4.420227,7872
7.96,-0.056590885,7872
7.96,5.03457,7872
7.96,-0.73664445,7872
7.96,0.028494623,7872
7.96,-2.5082595,7872
7.96,-1.4134173,7872
7.92,4.499108,7872
7.92,4.553066,7872
7.92,3.5854318,7872
7.92,6.572499,7872
7.92,6.16366,7872
7.92,4.9329395,7872
7.89,-2.673115,7872
7.89,-0.27279887,7872
7.89,3.7501097,7872
7.89,3.6216047,7872
7.85,4.760389,7872
7.85,4.126663,7872
7.85,4.0528464,7872
7.85,0.1373049,7872
7.85,-0.75213796,7872
7.82,3.931046,7872
7.82,1.5823283,7872
7.82,3.8249145,7872
7.8,-0.14681238,7872
7.8,4.458374,7872
7.8,4.610659,7872
7.8,5.255235,7872
7.8,4.398243,7872
7.8,4.7438474,7872
7.77,4.385769,7872
7.75,-3.7547283,7872
7.75,-2.3793461,7872
7.75,4.1013083,7872
7.75,4.805617,7872
7.75,4.78678,7872
7.75,3.8974957,7872
7.72,4.87676,7872
7.72,4.187256,7872
7.7,4.567048,7872
7.68,5.78974,7872
7.68,5.1287775,7872
7.66,4.4325237,7872
7.66,5.491837,7872
7.62,2.0922537,7872
7.62,3.1861148,7872
7.58,4.893542,7872
7.55,5.7750707,7872
7.54,5.8638635,7872
7.54,4.704206,7872
7.52,4.593366,7872
7.51,-2.5722191,7872
7.51,4.320512,7872
7.47,2.7908347,7872
7.44,-1.075117,7872
7.42,4.4912066,7872
7.39,5.1667643,7872
7.36,4.6891446,7872
7.36,3.4181144,7872
7.35,4.351006,7872
7.35,3.9302971,7872
7.3,4.8274326,7872
7.29,4.502852,7872
7.21,5.286431,7872
7.16,3.9788177,7872
7.01,2.548524,7872
6.85,-3.8230286,7872
7.85,-0.22044876,3195
7.11,0.54925454,3195
6.85,1.0731182,3195
6.6,-5.2603064,3195
6.52,-5.4032817,3195
6.35,-0.9679513,3195
5.61,0.08488421,3195
5.0,-6.496479,3195
5.7,-4.791159,15352
5.7,-5.2157836,15352
5.52,-2.2141428,15352
5.4,-4.411773,15352
5.4,-3.399119,15352
5.4,-4.6879396,15352
5.3,-2.7519119,15352
5.22,-5.3581724,15352
5.22,-1.2787261,15352
5.22,-1.5794165,15352
5.1,-2.5238788,15352
5.0,-3.539133,15352
5.0,-5.965306,15352
5.0,-1.3120855,15352
5.0,-5.092271,15352
5.0,-5.026893,15352
4.46,-3.3784888,15352
4.19,-5.644931,15352
4.12,-6.5532436,15352
4.0,-0.6858543,15352
7.54,-2.4167879,9729
6.52,-2.903599,6387
5.61,2.4194286,15631
5.43,3.770963,15631
4.66,0.6001443,15631
4.54,3.5181046,15631
4.4,0.080494456,15631
4.36,1.726005,15631
4.35,-1.3950597,15631
4.17,2.9418237,15631
4.11,0.8509043,15631
4.1,1.3798274,15631
8.0,-0.83790654,6675
6.96,3.899655,3635
5.62,-2.1100512,3635
5.35,-2.5848439,3635
4.52,-2.7621973,3635
4.66,0.80987203,1986
6.2,0.7875071,12447
6.06,2.6808803,12447
6.06,-1.0669022,12447
4.95,-3.261977,12447
9.06,4.414274,695
8.89,2.338196,695
8.74,1.3830141,695
8.66,2.418421,695
8.55,3.8768792,695
8.46,2.338196,695
8.44,4.5440235,695
8.44,5.830659,695
8.4,4.2312207,695
8.31,3.4698696,695
8.28,4.2246523,695
8.24,3.1692061,695
8.22,1.7883099,695
8.19,4.707353,695
8.17,1.3830141,695
8.13,1.368709,695
8.05,0.9822331,695
8.03,3.4458392,695
8.0,3.0277603,695
7.96,1.8734118,695
7.96,0.28208137,695
7.92,-0.11822637,695
7.92,0.53987426,695
7.8,1.152924,695
7.8,0.1806095,695
7.77,2.0826573,695
7.72,4.342071,695
7.72,1.9689002,695
7.66,0.82476,695
7.66,-1.4972279,695
7.64,1.7584594,695
7.62,1.368709,695
7.51,-0.5281543,695
7.51,3.2657177,695
7.47,0.87952894,695
7.46,2.548382,695
7.42,1.1473615,695
7.41,1.4142884,695
7.38,3.9910882,695
7.34,0.5543089,695
7.3,0.70825857,695
7.29,-1.4925916,695
7.29,0.08997774,695
7.24,1.6579201,695
7.17,4.2202272,695
7.15,0.07473454,695
6.92,0.07473501,695
6.85,-0.18849665,695
6.72,-0.76984817,695
7.47,4.561437,7152
7.04,0.32332316,13874
8.52,-3.2778726,10755
8.24,-5.643239,10755
7.56,0.34349003,10755
7.56,0.33831292,10755
7.43,-0.30679846,10755
7.41,-6.0942626,10755
7.25,0.6593595,10755
7.19,0.6424389,10755
7.09,0.991985,10755
7.05,1.9148915,10755
6.64,0.66595304,10755
6.05,-5.1974196,14234
8.72,6.5666704,11806
8.15,4.535743,11806
8.1,4.0483804,11806
8.0,3.0375247,11806
4.09,-3.0441084,8798
9.0,-4.0808034,9267
9.0,-2.0183473,9267
8.7,0.15022162,9267
8.52,1.6694359,9267
8.52,2.1287637,9267
8.4,1.7138115,9267
8.4,0.27344957,9267
8.4,1.863354,9267
8.4,-3.3766005,9267
8.3,-0.10439876,9267
8.3,-1.5917754,9267
8.22,3.2017648,9267
8.0,1.7584953,9267
8.0,0.8039587,9267
8.0,-2.3300276,9267
7.75,-3.3041596,9267
7.72,-0.60900897,9267
7.58,-3.5149484,9267
7.54,-2.459115,9267
7.33,2.4077165,9267
7.3,-2.9672022,9267
7.28,1.661665,9267
7.16,1.6258955,9267
7.15,0.31112593,9267
6.68,-4.1608667,9267
6.55,-2.192788,9267
6.23,-0.5530145,9267
6.2,0.37002507,9267
6.1,2.5663545,9267
5.94,-1.2925584,9267
5.92,-4.3424454,9267
5.76,-0.24430573,9267
5.38,-0.65763175,9267
5.01,0.16896102,9267
8.14,3.9984367,8267
7.52,2.7873487,8267
7.47,2.5727704,8267
6.74,-0.116860114,8267
6.69,0.69086784,8267
6.51,-3.1154504,8267
6.5,-3.2293825,8267
6.5,-2.7896874,8267
6.5,-1.548928,8267
6.25,-2.723717,8267
5.93,5.612012,8437
4.72,-0.87207216,6894
4.43,0.40255737,6894
4.42,-1.8177829,6894
4.36,2.8379257,6894
4.27,-2.3029912,6894
4.26,-1.6369196,6894
4.21,-4.6795936,6894
4.19,-5.960546,6894
5.17,-2.17818,3410
8.8,0.9519462,15121
8.64,0.79901534,15121
8.21,4.374685,15121
8.17,0.9519466,15121
8.16,4.41648,15121
8.15,1.695145,15121
7.8,-1.7157598,15121
7.75,0.18447292,15121
7.7,1.9059576,15121
7.66,2.0176136,15121
7.62,-0.8936781,15121
7.48,2.1776795,15121
7.44,-1.7479478,15121
7.38,0.034143902,15121
7.38,1.5795408,15121
7.12,0.5092638,15121
7.0,-3.738364,15121
6.87,4.0164323,15121
6.66,-1.4129541,15058
9.1,4.5740366,6313
9.05,0.5387258,6313
8.4,7.1771865,6313
8.3,-0.61106795,6313
8.3,4.827605,6313
8.3,6.3697963,6313
8.22,5.825602,6313
8.22,6.0404277,6313
8.22,7.0347843,6313
8.15,3.1917124,6313
8.15,6.3358417,6313
8.15,2.799685,6313
8.15,1.2728046,6313
8.15,3.793541,6313
8.15,6.254742,6313
8.15,6.8223934,6313
8.1,6.805549,6313
8.1,5.7767234,6313
8.05,6.4306617,6313
8.05,7.2364626,6313
8.0,6.1683006,6313
8.0,7.319061,6313
7.96,7.026023,6313
7.92,4.2893333,6313
7.92,7.0231524,6313
7.89,7.105031,6313
7.8,6.581015,6313
7.8,4.512901,6313
7.77,5.3640256,6313
7.66,6.75097,6313
7.46,-1.2202553,6313
7.46,4.6588755,6313
7.44,2.5359242,6313
6.79,0.93714476,6313
9.22,2.9647636,9338
8.74,1.8508115,9338
8.52,-3.3935761,6131
7.89,-3.5124352,6131
7.82,-1.1691295,6131
7.8,-2.1272764,6131
7.62,1.1496118,6131
7.54,-1.0122138,6131
7.46,1.8353564,6131
7.29,-3.4450495,6131
6.93,-2.4514098,6131
10.15,1.6011069,7598
10.15,2.1541042,7598
10.1,2.6568217,7598
10.05,1.1855553,7598
9.96,3.1296375,7598
9.92,-0.025444351,7598
9.92,3.4134746,7598
9.92,3.3316867,7598
9.89,2.1457338,7598
9.82,-0.43783495,7598
9.82,1.7525402,7598
9.8,3.6917024,7598
9.77,3.6054988,7598
9.74,-1.8626461,7598
9.72,-0.11531793,7598
9.72,0.6233984,7598
9.64,1.1919388,7598
9.51,0.4896015,7598
9.41,0.19556302,7598
9.37,1.2850145,7598
9.35,-1.6223392,7598
9.33,0.59788847,7598
9.31,2.462573,7598
9.09,0.14288676,7598
9.06,0.23373953,7598
9.0,-0.35641307,7598
8.89,1.3977716,7598
8.85,-1.9496664,7598
8.8,0.13376275,7598
8.74,1.2850646,7598
8.7,-0.557485,7598
8.62,-0.06301699,7598
8.6,0.87176573,7598
8.55,1.3184465,7598
8.46,0.8147182,7598
8.39,-0.588369,7598
6.7,3.6590445,9838
7.06,-2.0507529,12444
6.93,-1.6320869,12444
6.38,-2.527261,12444
6.38,-1.0099914,12444
6.25,-1.5554682,12444
5.97,0.26831788,12444
5.69,-2.1868474,12444
5.68,-2.1236835,12444
5.57,-2.0187714,12444
5.53,-0.5448571,12444
5.39,-0.40225828,12444
5.25,-1.1442524,12444
5.22,-4.7170525,12444
5.01,-0.90986514,12444
4.92,-2.8593485,12444
4.85,-0.81162745,12444
4.57,-2.3696377,12444
4.6,-0.6882332,1946
5.3,2.2215137,2105
8.52,-0.30093464,2609
5.82,-1.8473254,2609
5.19,-1.4222894,2609
5.05,-5.9699354,2609
4.89,-4.76015,2609
4.68,-2.236533,2609
4.66,-1.7045065,2609
4.63,-2.3066454,2609
4.61,-2.435604,2609
4.51,-2.168538,2609
4.51,-2.1064198,2609
4.39,-3.6715748,2609
4.25,-3.7702453,2609
4.19,-0.8026613,2609
4.18,-1.9308811,2609
4.18,-2.8114102,2609
6.1,-1.5469662,15703
5.96,2.205267,15703
5.75,-0.9448464,15703
5.47,2.6620123,15703
5.31,3.437275,15703
5.26,-2.1741002,15703
5.26,2.8458765,15703
5.21,-3.9734569,15703
5.17,-4.931732,15703
5.14,2.002664,15703
5.03,-4.2851925,15703
5.48,-0.37932584,17661
6.89,-1.7255343,16062
6.79,0.8511878,16062
6.62,2.0799913,16062
6.61,4.2692766,16062
6.44,-1.4839727,16062
6.4,0.16881844,16062
6.39,-2.3164508,16062
6.37,1.7120031,16062
6.37,0.19110766,16062
6.3,-1.3586771,16062
6.25,1.9941872,16062
6.24,-1.4122993,16062
6.22,1.6898896,16062
6.21,-0.65650696,16062
6.17,0.45534256,16062
6.05,0.3831905,16062
6.01,2.1799583,16062
5.99,-2.5407345,16062
5.91,0.3455752,16062
5.82,0.8275993,16062
5.75,0.4071815,16062
5.74,-0.9696177,16062
5.72,1.7136384,16062
5.65,-0.67844975,16062
4.96,-1.1007646,16062
4.63,-0.97920376,16062
4.8,-0.8526744,7327
7.4,-4.4601603,12952
7.1,-2.3151698,12952
7.1,-4.2493935,12952
7.0,-6.478665,12952
6.2,1.5677997,12952
6.1,-4.164302,12952
6.0,-4.181485,12952
5.9,2.914909,12952
5.9,-5.984249,12952
5.8,-3.8632271,12952
5.8,-3.7090406,12952
5.5,-3.3917224,12952
5.5,-5.5127378,12952
5.4,-0.48846677,12952
5.4,-1.3259068,12952
5.3,-2.5340338,12952
5.2,-2.184653,12952
4.7,-4.3640184,12952
4.5,-4.5379195,12952
4.2,-2.9836938,12952
7.0,-0.36727366,7592
6.47,-2.4838855,2727
7.77,1.576522,14210
7.5,1.8979486,14210
7.0,1.3302863,14210
6.7,0.7597569,14210
8.34,5.3582997,8780
8.22,2.3034902,8780
8.19,1.504335,8780
7.99,2.9416418,8780
7.75,-1.6889575,8780
6.42,-1.5961636,4857
6.33,-1.9306812,4857
5.93,-0.05389335,4857
5.79,-5.4388733,4857
4.8,3.8730688,13453
8.52,-1.607478,10942
7.89,2.278421,10942
7.85,3.1583798,10942
7.82,2.5170863,10942
7.82,3.9802268,10942
7.8,4.9308877,10942
7.75,4.4527955,10942
7.75,4.3167744,10942
7.75,-0.053776152,10942
7.72,2.5946414,10942
7.72,4.154076,10942
7.7,2.8840535,10942
7.7,2.790702,10942
7.7,3.3111703,10942
7.68,4.467099,10942
7.66,1.0557413,10942
7.64,2.9506218,10942
7.62,4.268108,10942
7.57,1.3571812,10942
7.57,3.9330385,10942
7.57,1.2498862,10942
7.55,2.827096,10942
7.54,1.3151009,10942
7.54,0.9925707,10942
7.44,1.9316363,10942
7.42,4.4527955,10942
7.4,4.2759285,10942
7.39,2.0439148,10942
7.39,2.5385878,10942
7.38,2.105981,10942
7.36,2.2571318,10942
7.35,3.4688838,10942
7.29,0.5605216,10942
7.26,1.8957393,10942
7.21,-0.44489124,10942
7.06,1.4306645,10942
6.74,3.7698321,10942
6.65,-1.3062588,10942
5.79,-2.2617638,10942
9.52,2.1485453,10443
6.57,0.0031338297,10443
7.0,5.6000757,16863
8.7,6.464057,5055
8.52,5.7063127,5055
8.4,5.2514157,5055
7.42,6.6214,5055
7.4,3.4481747,5055
7.3,5.234737,5055
7.22,6.444629,5055
6.72,5.9592366,5055
6.7,6.5017524,5055
6.55,3.7869625,5055
6.4,4.955789,5055
5.8,4.113713,5055
5.8,-1.1447809,5055
5.43,1.1159903,5055
8.7,-1.9723457,9556
8.08,5.0868406,9556
7.84,-1.205063,9556
7.84,-1.149541,9556
7.81,-1.0346159,9556
7.78,-1.4967918,9556
7.76,-0.9510965,9556
7.58,-1.2308731,9556
7.56,-0.42452216,9556
7.54,-1.1422287,9556
7.5,-0.79997456,9556
7.19,-1.0153943,9556
7.1,-2.1710234,9556
7.09,-1.1894094,9556
6.96,-1.8551886,9556
6.82,-0.6233207,9556
6.72,-1.3057799,9556
6.7,-1.476925,9556
6.36,0.29715055,9556
9.47,-1.262616,8850
9.38,-5.434589,8850
9.04,2.1456811,8850
8.98,-0.6930956,8850
8.93,-0.91224,8850
8.04,-1.6930134,8850
7.62,1.7167773,8850
7.31,4.905812,8850
7.23,0.6630402,8850
7.11,5.206435,8850
7.07,4.6213803,8850
6.88,-3.1336532,1406
7.42,1.5238732,5717
8.4,-2.9900877,3902
8.0,-0.95267385,10122
7.66,2.7444184,7886
7.54,5.216544,7886
7.21,-1.9951341,7886
7.19,0.17176208,7886
7.0,-1.5178595,7886
6.96,3.3170655,7886
6.96,0.62646407,7886
5.8,-5.3376527,7886
8.52,-0.4674639,2148
8.52,-1.914277,2148
8.4,-0.9108792,2148
8.3,1.0962125,2148
8.22,-3.0238152,2148
8.15,-2.8419101,2148
8.1,-1.795673,2148
8.0,1.3228642,2148
8.0,1.2426949,2148
7.96,-3.1088083,2148
7.96,0.51477474,2148
7.92,-2.9037013,2148
7.92,0.72628504,2148
7.85,-2.592857,2148
7.85,-2.6856053,2148
7.82,-1.605286,2148
7.75,0.05095426,2148
7.72,-0.5864161,2148
7.72,1.1675756,2148
7.57,-3.547411,2148
7.46,-4.3167276,2148
7.44,-2.30526,2148
7.4,-2.2978525,2148
7.36,0.70190924,2148
7.35,-0.27768832,2148
7.29,-3.633605,2148
7.28,1.2156982,2148
7.26,-0.14316009,2148
7.26,0.3061872,2148
7.23,-2.5169299,2148
7.06,0.749555,2148
6.85,-3.5883431,2148
6.64,-2.5161312,2148
6.62,-3.198006,2148
5.89,5.192325,9839
5.8,0.25005886,9839
5.66,4.165173,9839
8.22,5.260188,16317
8.22,3.7563596,16317
8.1,-0.0003392212,16317
8.0,3.3452961,16317
7.92,-1.0993526,16317
7.89,3.5451956,16317
7.89,1.3318803,16317
7.85,0.33282387,16317
7.48,1.9348112,16317
7.4,1.0757599,16317
6.47,2.8918195,16317
6.05,-2.8391502,16317
5.8,-2.5361845,16317
8.05,-1.314734,11534
7.77,2.2139883,11534
7.03,-0.7447478,11534
8.22,3.951955,11104
8.12,3.9115243,11104
8.1,-3.8186474,11104
8.0,3.5244598,11104
7.8,0.70086306,11104
7.75,-4.665831,11104
7.7,2.982873,11104
7.48,4.470074,11104
7.43,2.272968,11104
7.42,-5.479654,11104
7.28,-3.85263,11104
7.03,1.7419744,11104
6.75,-1.9751705,11104
6.7,1.9818627,11104
6.69,3.409827,11104
6.68,-1.2155098,11104
6.66,-2.0897334,11104
6.44,-0.52712053,11104
6.41,3.0804496,11104
6.4,1.1459516,11104
6.23,4.186623,11104
6.05,3.0154035,11104
6.04,4.438465,11104
6.0,3.491586,11104
9.51,2.886187,13843
8.47,-0.116703935,13843
8.42,1.4779918,13843
8.07,2.7790608,13843
8.0,0.11127626,13843
7.32,3.1829324,13843
7.5,8.236126,1067
7.01,2.4380517,1067
6.89,3.4849405,1067
6.86,4.2778454,1067
6.78,1.5948873,1067
6.75,4.3833528,1067
6.56,0.9043825,1067
6.52,6.0529814,1067
6.34,4.100844,1067
6.31,2.051888,1067
6.28,3.1091511,1067
7.61,3.2617214,1930
6.7,-0.98305345,6052
6.16,-6.3375525,6917
4.74,1.0423607,4645
4.65,-3.7676294,4645
8.59,2.6787314,5713
8.44,1.7879815,5713
8.36,0.70892966,5713
8.14,-0.0066267103,5713
7.77,0.1251083,5713
7.77,0.7089288,5713
7.64,-1.4255955,5713
7.64,-0.8120088,5713
7.64,-0.7935869,5713
7.37,-0.6183811,5713
7.09,-2.2538548,5713
7.07,-1.287079,5713
7.06,-3.369858,5713
7.01,-1.5838468,5713
6.85,-2.5678744,5713
6.3,-2.3624892,5713
6.07,-2.2538543,5713
5.89,-3.581466,5713
5.75,-6.4238324,5713
9.7,0.3547488,215
9.52,-3.3182135,215
9.52,2.8941839,215
9.3,-0.2927844,215
9.3,-1.1459773,215
9.15,2.2521741,215
9.15,-0.9345209,215
9.1,0.18134081,215
9.1,-3.011775,215
9.1,0.4288627,215
9.05,1.8245581,215
8.89,0.6392584,215
8.8,0.65229255,215
8.7,2.5473735,215
8.3,0.6489148,215
8.22,-0.3197222,215
8.1,-1.526926,215
8.0,-0.55612516,215
7.89,-0.39747974,215
7.6,-1.148391,215
7.5,-0.596007,215
7.1,-5.7084875,215
6.6,-3.7012188,215
6.4,-2.5062678,215
8.82,4.395264,12671
8.8,3.4063208,12671
8.7,3.0834239,12671
8.51,4.980945,12671
8.46,2.8609486,12671
8.43,3.7392304,12671
8.24,5.0998554,12671
8.12,7.7645035,12671
8.06,3.014392,12671
7.98,2.2411926,12671
7.98,3.276607,12671
7.98,2.4152765,12671
7.97,3.5878205,12671
7.92,2.352675,12671
7.88,6.1395097,12671
7.75,3.4063208,12671
7.68,4.361442,12671
7.63,7.7791753,12671
7.62,2.7879095,12671
7.54,5.7317214,12671
7.39,3.9337552,12671
7.31,3.6845741,12671
7.12,1.1911398,12671
6.96,1.4053861,12671
6.72,0.74919295,12671
6.6,0.44484803,12671
7.0,-2.977592,16025
6.41,-4.3452015,16025
5.42,-1.2305948,16025
5.3,-1.9785184,16025
4.47,-0.7909776,16025
5.05,-0.7190622,8677
6.93,-3.894419,8793
6.62,-3.0026622,8793
6.11,-3.3502877,8793
5.7,-5.1717877,8793
8.4,3.9030154,14353
8.4,4.941386,14353
8.3,5.5310664,14353
8.3,2.95305,14353
8.3,3.4161282,14353
8.3,5.224593,14353
8.3,2.486668,14353
8.22,1.3026826,14353
8.1,3.7248893,14353
8.1,3.543714,14353
8.1,3.9769218,14353
8.0,4.3989673,14353
8.0,1.3332692,14353
7.96,3.5614893,14353
7.92,-1.8201417,14353
7.54,1.0945746,14353
7.28,-0.84014714,14353
7.17,1.416413,14353
6.74,1.0845242,14353
6.43,-0.5045267,14353
6.16,0.28370234,14353
5.92,-0.84654677,14353
5.62,-0.56783617,14353
5.39,0.54516166,14353
5.28,1.101547,14353
5.08,-0.49125528,14353
7.4,-1.8807057,8845
6.99,-4.878123,8845
6.81,2.6180139,8845
5.24,1.2193605,17604
5.0,2.305491,17604
4.19,-5.6372128,17604
6.55,-0.44370776,4927
8.7,1.9465955,14509
7.75,-0.6590421,16031
6.88,3.9528728,8339
6.42,1.2276089,8339
5.82,-0.8219904,8339
5.53,-0.62220544,8339
5.46,-1.5867413,8339
5.3,-2.607477,3935
8.37,-4.4201,4048
8.33,-0.9633371,4048
8.08,-0.40475672,4048
7.7,-1.2254581,4048
7.62,-1.0122865,4048
7.14,-4.6441317,4048
6.34,-2.6694267,4048
9.33,1.4119354,7086
8.97,-1.9708225,7086
8.92,-7.774297,7086
8.87,-7.774297,7086
8.7,1.4768022,7086
8.59,-1.6484891,7086
8.34,0.6787681,7086
8.26,-5.7381773,7086
7.59,-2.7008343,7086
7.42,-7.1083746,7086
7.12,0.27917218,7086
8.08,0.4743464,12160
8.03,-0.6241507,12160
7.83,-5.6407714,12160
7.78,-2.7871478,12160
7.26,-4.0290937,12160
7.01,-4.679591,12160
6.95,-4.108894,12160
6.0,-0.105359316,12367
6.64,2.5091486,13339
9.15,4.8880053,13430
9.1,3.9792764,13430
9.1,7.72231,13430
8.92,4.0008264,13430
8.92,2.3938062,13430
8.74,-1.1438341,13430
8.66,3.1676927,13430
8.64,4.31931,13430
8.57,4.585918,13430
8.51,4.249648,13430
8.46,3.7785656,13430
8.46,4.461167,13430
8.4,2.3556316,13430
8.4,-2.3143327,13430
8.35,0.035949282,13430
8.32,1.557516,13430
7.95,-3.1921246,13430
7.84,3.6824362,13430
7.75,4.2673526,13430
7.6,1.7851495,13430
7.51,3.2441509,13430
7.41,2.663078,13430
7.04,4.1708612,13430
6.03,2.6845362,708
5.94,-1.8342096,708
5.88,-2.4591696,708
5.75,-3.2528558,708
5.3,7.8402524,3438
9.36,0.09723396,9358
9.27,1.743317,9358
9.2,1.6083509,9358
9.15,-0.70408493,9358
9.14,1.940843,9358
9.08,-2.483726,9358
9.02,1.0600729,9358
9.02,0.17355996,9358
9.0,2.038977,9358
9.0,-0.7868274,9358
8.96,1.5031657,9358
8.92,2.6992226,9358
8.89,0.72488445,9358
8.82,-0.119503625,9358
8.43,-1.2539569,9358
8.29,-0.29250103,9358
7.43,-1.531519,9358
7.75,-0.6357602,10628
7.28,-1.6582618,5115
6.9,1.4890759,5115
6.8,0.3175624,5115
6.57,2.1095223,5115
7.57,4.1784296,5546
8.7,3.3610432,2272
8.52,1.7180554,2272
8.52,4.559274,2272
8.52,3.0983436,2272
8.52,1.8983281,2272
8.3,3.0731251,2272
8.22,3.011108,2272
8.22,1.439151,2272
8.15,4.671379,2272
8.15,5.6966715,2272
8.15,5.4937134,2272
8.1,5.600632,2272
8.1,6.090272,2272
8.05,3.4984245,2272
8.0,4.6911736,2272
8.0,1.8172786,2272
8.0,3.9797862,2272
8.0,5.4518,2272
8.0,3.1183844,2272
8.0,6.2335653,2272
8.0,6.400267,2272
8.0,2.575742,2272
7.96,2.5999594,2272
7.96,5.0531874,2272
7.92,-1.6308297,2272
7.89,1.4877894,2272
7.89,3.1009958,2272
7.82,4.8861866,2272
7.8,5.174023,2272
7.8,4.4723654,2272
7.75,3.9714751,2272
7.72,4.9887977,2272
7.64,5.644992,2272
7.52,1.3999721,2272
7.5,5.126942,2272
7.47,4.8290253,2272
7.42,5.006778,2272
7.29,4.9701056,2272
7.22,5.876713,2272
7.2,4.250815,2272
7.19,5.1015773,2272
7.17,5.1216354,2272
7.16,2.4050195,2272
7.14,5.778572,2272
7.12,4.9188647,2272
7.03,5.750022,2272
7.01,5.4727907,2272
6.98,4.0149813,2272
6.91,1.6687609,2272
6.81,4.994454,2272
6.81,2.2823815,2272
6.75,4.716144,2272
6.59,5.5795135,2272
6.5,5.1539755,2272
6.45,5.608982,2272
6.42,4.6674047,2272
6.41,3.404868,2272
6.32,5.7152834,2272
6.3,3.3483486,2272
6.3,2.6744494,2272
6.1,2.9623423,2272
5.82,0.45664534,2272
5.58,4.933088,2272
8.7,-2.3352115,14278
8.6,0.6665891,14278
8.5,-2.3395922,14278
8.4,-1.4515454,14278
8.4,-2.0549283,14278
8.3,2.6165512,14278
8.3,2.5938225,14278
8.1,1.7631546,14278
8.1,0.56590754,14278
7.9,-2.9676979,14278
7.6,-2.3976858,14278
7.5,-1.9169163,14278
7.5,4.0837407,14278
7.5,-3.7604592,14278
7.5,-4.863628,14278
7.5,0.82872844,14278
7.42,-3.020631,14278
7.4,-1.8295083,14278
7.4,0.6481973,14278
7.3,0.6776177,14278
7.3,-0.9840159,14278
6.0,-1.510188,14278
6.0,-3.1507642,14278
5.7,0.17576236,14278
4.96,-0.39291108,14278
4.38,-0.08177854,14278
5.92,-2.9348822,14753
5.82,-3.1872053,15291
7.39,-2.3324232,11010
5.86,-1.6848027,11010
5.82,2.0317235,11010
5.78,1.1206235,11010
6.92,-0.41201124,17581
6.57,-0.41201115,17581
6.43,1.1889044,17581
6.26,0.5335484,17581
6.26,3.3846204,17581
6.17,5.4332175,17581
6.11,-0.4120109,17581
6.09,2.0971808,17581
5.82,2.5043488,17581
5.8,-0.6410332,17581
5.5,-0.4120109,17581
5.39,-0.41201127,17581
6.17,-1.2616984,7384
5.19,-7.6457777,7384
8.3,0.62299156,7815
8.3,1.9239848,7815
7.68,-3.777634,7815
7.66,-1.7799364,7815
7.58,-0.15152723,7815
7.5,-5.1047244,7815
7.47,-2.9269807,7815
7.35,-1.6562608,7815
7.34,-2.216777,7815
7.34,-0.6758971,7815
7.18,-0.8412481,7815
7.18,-0.6106583,7815
7.13,-1.5995383,7815
7.13,-2.1589637,7815
7.1,-2.083754,7815
7.09,-3.6395855,7815
7.09,-0.83902836,7815
7.09,1.9328772,7815
7.07,-0.6748459,7815
7.06,-2.9156084,7815
7.03,-2.318089,7815
7.0,-1.6350317,7815
6.99,-0.61866844,7815
6.96,-1.295577,7815
6.96,-4.5198665,7815
6.92,-4.7251267,7815
6.85,-3.0543225,7815
6.83,-0.5233523,7815
6.83,-3.5187552,7815
6.83,-0.6749227,7815
6.82,-0.5361107,7815
6.81,-4.17684,7815
6.81,-2.752571,7815
6.8,-0.53837544,7815
6.8,-1.6354773,7815
6.79,-2.370519,7815
6.79,-1.4509995,7815
6.79,-3.5852535,7815
6.72,-1.4888864,7815
6.72,-2.2739666,7815
6.66,-2.9934819,7815
6.66,-0.40408564,7815
6.64,-0.90659213,7815
6.63,-2.011649,7815
6.63,-0.8262383,7815
6.62,-5.328189,7815
6.62,-3.6137102,7815
6.52,-3.6440997,7815
6.52,-2.2953072,7815
6.52,-3.750425,7815
6.46,-2.4316533,7815
6.46,-1.7042783,7815
6.46,-3.4197264,7815
6.42,-3.37153,7815
6.42,-2.2517016,7815
6.42,-0.55529743,7815
6.42,-3.928926,7815
6.41,0.054208413,7815
6.41,-1.7193481,7815
6.41,0.47619027,7815
6.4,-1.522496,7815
6.4,-1.4573226,7815
6.4,-1.4388244,7815
6.4,-3.5465753,7815
6.4,-2.787095,7815
6.39,-0.9394441,7815
6.38,0.047508202,7815
6.38,-0.49880287,7815
6.38,-1.7493826,7815
6.38,-3.5131075,7815
6.37,-1.5681432,7815
6.31,-1.0747154,7815
6.3,-3.1056647,7815
6.29,-7.1924043,7815
6.29,-3.0754766,7815
6.28,-1.2449948,7815
6.27,-3.8304713,7815
6.24,-3.3144138,7815
6.23,-2.9016628,7815
6.19,-0.5563965,7815
6.18,-1.995671,7815
6.15,-2.1703563,7815
6.13,-1.5516564,7815
6.13,-4.397392,7815
6.12,-4.267884,7815
6.12,-5.233261,7815
6.12,-1.2740262,7815
6.1,-1.1773411,7815
6.1,-3.1722991,7815
6.06,1.0437936,7815
6.04,-1.0800463,7815
6.03,-2.6243212,7815
6.0,-5.8123302,7815
6.0,-0.041077845,7815
6.0,-1.8074522,7815
6.0,-5.765076,7815
5.92,-3.3316417,7815
5.91,-3.8201854,7815
5.88,-1.566814,7815
5.88,-4.625676,7815
5.87,0.3187686,7815
5.86,-3.7371192,7815
5.85,-3.401169,7815
5.79,-2.2240407,7815
5.76,-2.6695423,7815
5.75,-3.3581417,7815
5.72,-1.0885396,7815
5.71,-2.5334346,7815
5.71,-4.2484746,7815
5.7,1.3805351,7815
5.65,-4.09103,7815
5.62,-3.3805954,7815
5.62,-2.9070485,7815
5.55,-0.6704207,7815
5.55,-1.2029488,7815
5.54,-4.1143055,7815
5.51,0.75432205,7815
5.42,1.3738089,7815
5.39,-0.38682318,7815
5.35,-1.2498729,7815
5.32,-4.7066393,7815
5.25,-0.61280906,7815
5.25,-2.1821866,7815
5.2,-2.7712753,7815
5.18,-4.248112,7815
5.13,-4.9540772,7815
5.12,-2.9249673,7815
5.09,-0.31981054,7815
5.06,-1.510315,7815
5.05,-1.890114,7815
4.94,-3.6692734,7815
4.92,-1.1454023,7815
4.81,0.43261755,7815
4.75,-1.8417808,7815
4.7,0.011207186,7815
4.69,-1.1219765,7815
4.44,-1.270259,7815
8.8,-1.4278531,14896
5.0,4.7879148,3260
4.4,2.7065122,3260
4.3,-2.8738844,3260
7.7,1.7139137,3707
6.32,1.198032,3707
6.21,-2.0205493,3707
6.15,-0.1175606,3707
6.0,-0.60247695,3707
5.82,-1.2366158,3707
5.82,-3.135431,3707
5.75,0.8160693,3707
7.3,-0.8559621,11788
6.8,-0.39446357,11788
6.6,-0.127976,11788
6.3,-0.49502838,11788
6.1,-2.1398687,11788
6.0,-3.4072785,11788
5.9,0.09004768,11788
5.9,0.6055562,11788
5.8,-2.373184,11788
5.8,-3.2327025,11788
5.8,-2.8133602,11788
5.7,0.17994416,11788
5.7,0.06754544,11788
5.7,-0.1267614,11788
5.6,-1.123201,11788
5.6,-0.3194652,11788
5.6,-1.5443296,11788
5.5,-1.4264079,11788
5.5,-2.2256768,11788
5.4,-1.2421309,11788
5.4,-2.373565,11788
5.3,-1.8069909,11788
5.2,-1.3415513,11788
5.0,-0.64514846,11788
5.0,-2.4282444,11788
4.9,-0.1279754,11788
4.8,-1.5225786,11788
4.7,-3.2227767,11788
4.6,-3.2071338,11788
4.5,-0.1436236,11788
4.5,-2.9784515,11788
9.3,1.3202218,7875
9.3,1.6072276,7875
8.89,1.4123183,7875
8.62,-1.9827043,7875
8.25,-3.7579625,7875
8.18,2.457778,7875
7.67,-1.8420385,7875
7.31,-1.4839212,4946
7.31,-0.5346638,4946
7.26,-2.7819362,4946
7.23,-0.22425634,4946
7.17,-0.53466386,4946
7.0,-3.3946698,4946
6.96,-2.7819362,4946
6.89,-0.76415664,4946
6.72,-0.35136324,4946
6.64,-4.329615,4946
6.5,-0.5346638,4946
6.41,-2.7819362,4946
6.12,-1.4839212,4946
6.0,-4.8255053,4946
5.89,-3.357033,4946
5.48,-1.4357783,4946
5.46,-4.638686,4946
5.46,-1.7726156,4946
5.35,-2.4947803,4946
5.05,-0.9304624,4946
4.85,-1.9083947,4946
4.8,-0.09882397,4946
4.77,-1.1465459,4946
4.75,-1.0732092,4946
4.72,-3.8229342,4946
4.7,-1.2108103,4946
4.68,-1.4984971,4946
4.51,0.4437647,4946
4.42,-1.9907593,4946
4.34,-6.5470667,4946
4.34,-1.4004743,4946
8.3,5.1741095,17269
7.9,1.7575631,4247
9.3,5.2526937,10387
9.0,2.2632284,10387
8.8,3.5226908,10387
8.8,3.115671,10387
8.57,0.43681666,10387
8.54,1.6460142,10387
8.43,-1.3806318,10387
8.39,0.5667443,10387
8.38,-0.07801713,10387
8.24,5.773563,10387
8.19,3.1667829,10387
8.04,0.935396,10387
8.02,2.1303296,10387
7.97,3.2025015,10387
7.92,0.001425039,10387
7.85,4.8403034,10387
7.54,2.008827,10387
7.45,3.7264872,10387
6.95,1.8688165,10387
8.15,5.297395,8891
7.96,5.791214,8891
7.68,3.3650842,8891
7.55,2.3552659,8891
7.13,-0.3944343,8891
7.0,-2.6585279,8891
5.36,3.7933846,9187
5.3,0.9461357,9187
5.19,6.441799,9187
5.19,-0.85667884,9187
5.09,-2.2969759,9187
8.52,-0.33432508,9603
7.96,1.4682864,9603
7.6,-0.6379782,9603
6.98,-2.7539723,9603
6.89,-0.49517286,9603
6.78,-0.39534512,9603
6.75,0.91837895,9603
6.59,-1.128395,9603
6.22,-0.886951,9603
6.16,0.3483871,9603
6.16,-0.79322284,9603
9.24,-6.267231,6362
5.0,2.00602,6362
7.82,3.255258,13208
7.47,3.9572706,13208
7.46,1.3091645,13208
7.23,4.063144,13208
7.23,4.107796,13208
7.2,4.8314867,13208
7.19,3.409156,13208
7.17,1.5065507,13208
6.96,1.9031274,13208
6.95,2.6780255,13208
6.92,3.0887358,13208
6.92,2.3494306,13208
6.86,-1.2888058,13208
6.84,1.7416801,13208
6.59,2.7815912,13208
6.5,2.4490292,13208
6.28,3.3380702,13208
6.26,1.4956638,13208
5.92,3.167488,13208
5.66,2.968732,13208
6.17,-5.4712615,4909
5.54,-1.3755312,9061
5.48,2.7032568,3867
5.4,3.1827576,3867
4.99,-2.071243,3867
8.4,3.689875,4136
8.4,2.6773376,4136
8.3,5.1478653,4136
8.22,3.7863,4136
7.6,3.4002445,4136
7.6,2.8094316,4136
7.47,1.3277665,4136
7.27,-0.89902127,4136
7.14,0.7551029,4136
7.12,-0.33130196,4136
6.85,2.0961118,4136
6.82,-3.6446192,4136
6.52,-0.67007,4136
7.77,1.7332245,16005
6.3,-0.6360511,16005
5.65,-3.079146,16005
5.62,6.303078,16005
5.09,-0.88584626,16005
6.87,0.26851648,5161
8.59,2.6885183,2347
8.0,-1.4483296,1210
8.0,-1.321673,1210
8.0,3.0061386,1210
7.96,-1.8249559,1210
7.96,-1.6625764,1210
7.82,0.18535525,1210
7.77,-0.69496626,1210
7.57,-0.46195924,1210
7.48,-1.5347131,1210
7.4,-1.192784,1210
6.92,-2.8150835,1210
6.84,1.1696434,1210
6.59,-0.5186775,1210
6.56,-0.5664342,1210
6.33,-0.35743958,1210
6.3,-0.93872887,1210
5.88,-1.3866807,1210
5.81,2.4843423,1210
8.0,-5.4872513,10560
8.0,-3.056267,10560
8.0,-4.564874,10560
8.0,-3.5689332,10560
8.0,0.7491373,10560
8.0,-3.3946521,10560
8.0,-3.0912187,10560
8.0,-7.2542753,10560
8.0,-7.2542744,10560
8.0,-3.1831093,10560
8.0,-2.1799634,10560
8.0,-5.268538,10560
8.0,-2.3548355,10560
8.0,-4.5160694,10560
8.0,-2.8763907,10560
8.0,-0.8793974,10560
8.0,-1.3997451,10560
8.0,-3.091219,10560
8.0,0.21577477,10560
8.0,-4.3045907,10560
8.0,-0.65300745,10560
8.0,-5.06381,10560
8.0,-0.33346373,10560
8.0,-3.7899659,10560
8.0,-0.84568405,10560
8.0,-3.9341154,10560
8.0,-5.4720025,10560
8.0,-3.3294675,10560
8.0,-3.04561,10560
8.0,-3.4006238,10560
8.0,-5.0208516,10560
8.0,-2.9270735,10560
8.0,-4.1319017,10560
8.0,-4.293916,10560
8.0,1.4312371,10560
8.0,-3.4677505,10560
8.0,-6.5424557,10560
8.0,-2.9812691,10560
8.0,-6.1153007,10560
7.1,-3.3085563,10560
6.9,-2.6897824,10560
6.9,-3.2757623,10560
6.7,-2.6639576,10560
5.4,-4.9230967,10560
4.7,-4.841587,7911
4.6,-6.567331,7911
4.6,-3.488767,7911
4.3,-0.10417684,7911
4.3,-4.6642823,7911
4.3,-0.11752525,7911
4.3,0.047393635,7911
4.3,-6.7151446,7911
7.41,-1.9880241,7
5.61,0.28383756,7
9.15,4.4398108,10820
9.0,3.3673792,10820
8.7,4.6164374,10820
8.7,4.61914,10820
8.7,5.1959944,10820
8.7,5.109513,10820
8.7,5.5957522,10820
8.3,2.9598014,10820
8.05,3.50825,10820
8.0,4.235066,10820
7.82,3.9509966,10820
7.72,2.4869215,10820
7.64,1.6292574,10820
7.54,3.2462356,10820
7.47,2.4869213,10820
7.3,0.134704,10820
7.27,3.9796073,10820
7.26,0.5648768,10820
7.24,4.163373,10820
7.14,1.5242869,10820
7.03,0.4761502,10820
7.01,-3.8083794,10820
6.97,2.4869213,10820
6.94,-1.5748212,10820
6.89,-1.6811345,10820
6.84,-1.3985507,10820
6.83,-2.3753223,10820
6.73,-1.5044898,10820
6.56,-3.7012968,10820
6.55,0.28075597,10820
6.37,-3.4875386,10820
6.12,-2.3972013,10820
5.97,-3.404536,10820
5.94,-1.2370828,10820
5.92,-3.3824606,10820
5.84,-2.6337478,10820
9.52,5.0163856,2913
9.42,2.6912024,2913
9.39,2.6551905,2913
9.37,3.1337495,2913
9.24,3.0046375,2913
9.1,3.1612031,2913
8.85,4.2332015,2913
8.83,-0.8302389,2913
8.82,2.4239182,2913
8.78,4.1283317,2913
8.16,-1.850276,2913
8.05,1.4255196,2913
8.82,3.0266857,6754
8.15,0.8142083,6754
8.05,0.68226516,6754
7.89,3.1227515,6754
7.22,-2.4676511,6754
7.26,0.71090126,12809
8.14,2.1237447,15998
8.14,3.2863805,15998
8.13,4.696038,15998
8.09,4.4466066,15998
8.06,3.4304602,15998
8.04,3.5229878,15998
7.96,2.7900739,15998
7.89,3.8805277,15998
7.89,3.2504551,15998
7.85,-0.99852437,15998
7.82,4.460925,15998
7.77,2.9280105,15998
7.64,-1.2462797,15998
7.28,2.39908,15998
7.28,2.8400877,15998
7.17,-0.91756976,15998
6.96,-2.7699914,15998
6.85,2.1253936,15998
6.38,4.330515,15998
6.01,3.3264363,15998
5.89,0.5899853,15998
6.5,3.5378485,14792
8.77,2.6267211,7647
8.77,1.2711439,7647
8.66,1.6820165,7647
8.52,0.8508275,7647
8.51,2.5321212,7647
8.51,2.5104008,7647
8.49,1.4025378,7647
8.46,1.8228939,7647
8.4,1.8521099,7647
8.4,1.1687148,7647
8.4,2.7031336,7647
8.39,1.4715768,7647
8.38,1.2787582,7647
8.38,2.8655627,7647
8.34,1.43389,7647
8.33,1.1366093,7647
8.33,1.2423072,7647
8.33,2.2919145,7647
8.32,1.1689117,7647
8.3,0.7299142,7647
8.28,1.5669249,7647
8.24,1.4025378,7647
8.24,1.1265396,7647
8.21,1.4330552,7647
8.2,1.5350456,7647
8.18,2.2799947,7647
8.13,2.5181818,7647
8.12,1.5837374,7647
8.12,1.7636963,7647
8.12,1.991629,7647
8.1,1.4715772,7647
8.07,1.609539,7647
8.06,2.4687533,7647
8.0,1.3490887,7647
8.0,0.82273763,7647
7.99,2.195175,7647
7.95,2.1498246,7647
7.94,2.102396,7647
7.93,1.4770546,7647
7.92,1.9204037,7647
7.91,-1.2336259,7647
7.89,1.7514485,7647
7.88,1.2762392,7647
7.87,1.477055,7647
7.86,1.6520103,7647
7.85,0.75129,7647
7.85,2.3012724,7647
7.84,1.8368994,7647
7.84,2.301273,7647
7.82,1.4812624,7647
7.82,2.5732372,7647
7.8,-1.2501187,7647
7.8,0.06295043,7647
7.78,2.4761763,7647
7.75,2.4687536,7647
7.72,1.8503854,7647
7.71,2.424489,7647
7.7,2.5758214,7647
7.69,1.8985426,7647
7.68,2.0825887,7647
7.65,-0.08075077,7647
7.59,2.3290641,7647
7.58,2.4180126,7647
7.56,2.5346074,7647
7.56,2.6745253,7647
7.55,1.9053558,7647
7.55,0.55122066,7647
7.54,2.3825002,7647
7.54,1.3512236,7647
7.51,2.0941794,7647
7.51,2.3290641,7647
7.49,2.1261544,7647
7.45,0.84447193,7647
7.43,0.97751623,7647
7.38,1.561111,7647
7.37,1.8985426,7647
7.35,4.1174726,7647
7.34,0.91536415,7647
7.33,1.8763888,7647
7.32,2.4796686,7647
7.28,1.4197237,7647
7.27,2.3707304,7647
7.26,2.0028362,7647
7.25,0.38266486,7647
7.24,3.0981004,7647
7.14,1.9758347,7647
7.11,1.5709823,7647
7.08,1.1000018,7647
7.08,2.4319475,7647
7.07,1.0661592,7647
7.05,2.4295945,7647
7.01,1.8661551,7647
7.01,3.5548172,7647
6.97,1.8360587,7647
6.97,3.0696034,7647
6.94,2.6918194,7647
6.81,2.1389866,7647
6.81,2.71174,7647
6.77,3.182123,7647
6.73,2.3444948,7647
6.72,0.09151558,7647
6.5,1.5083219,7647
6.09,-0.011820465,7647
6.05,2.7117405,7647
7.96,2.215358,17335
7.89,-2.294874,17335
7.7,-0.75905067,17335
7.42,-0.14231694,17335
7.4,-2.2396548,17335
7.37,0.039913617,17335
7.27,-2.294874,17335
7.17,0.9650358,17335
7.11,-1.6941361,17335
7.08,-1.9128897,17335
7.06,-1.3000674,17335
7.06,-2.8667693,17335
7.05,-0.9688133,17335
7.01,-2.4852717,17335
6.96,-2.1475923,17335
6.92,-2.2952843,17335
6.87,-2.0896966,17335
4.47,1.148587,2166
5.23,2.5936139,595
6.85,3.9507496,2567
6.34,-1.0914207,2567
6.09,-5.381042,2567
6.15,-3.4744956,14847
5.23,-1.2944183,8409
6.82,2.2216017,15785
5.82,-4.480294,15785
5.72,1.7811904,15785
7.73,-0.54152364,11936
6.7,-4.7106934,17123
8.73,3.2256336,12903
8.56,-0.7423658,12903
8.4,3.5555356,12903
8.37,5.3797817,12903
8.35,1.6055607,12903
8.24,2.8325722,12903
8.24,4.5510926,12903
8.24,3.1274474,12903
8.2,1.720744,12903
7.93,1.75796,12903
7.74,2.6585498,12903
7.67,-3.1601574,12903
7.63,0.56511104,12903
7.62,-3.5224242,12903
7.54,0.17476457,12903
7.51,0.59463847,12903
7.5,1.5880884,12903
7.46,2.514165,12903
7.46,1.8438172,12903
7.45,1.2149218,12903
7.41,-1.1518484,12903
7.4,-2.607027,12903
7.25,-2.3581896,12903
8.21,3.5722756,9263
8.05,2.971491,9263
7.4,-5.3285403,9263
7.28,0.35927758,9263
6.36,2.4943295,9263
5.14,5.4593406,9263
6.17,-2.9235337,2096
7.06,-0.6254103,7367
5.51,-1.5315951,1218
5.23,-0.6399008,1218
7.41,-0.34954804,133
7.11,-0.0015426595,133
6.5,-3.5527086,133
6.48,0.5825987,133
6.13,-1.2209173,133
6.11,-3.9862306,133
6.1,0.53252786,133
5.96,-1.023341,133
5.91,-3.8134935,133
5.8,0.68481064,133
5.8,-3.0658233,133
5.71,0.4458856,133
5.71,-0.6926783,133
5.45,-1.0391299,133
5.41,0.8580704,133
5.24,-1.1921217,133
5.07,0.6107969,133
5.03,-2.2189474,133
4.54,-5.2551527,133
4.39,-3.2046845,133
3.88,-3.1226134,133
3.84,-4.098092,133
7.07,3.268113,7736
10.43,-1.530406,15983
10.15,-1.8864521,15983
9.96,-0.6995875,15983
9.92,0.13576779,15983
9.68,-1.664613,15983
9.03,-2.4911044,15983
6.82,2.3013327,15983
6.76,2.042433,15983
6.6,3.7412457,15983
6.62,-0.2796438,7216
8.15,-3.227557,10718
8.07,-2.0885618,10718
8.04,-2.9630556,10718
8.02,-1.1903896,10718
7.96,-3.2555554,10718
7.6,-1.789384,10718
7.57,-6.4298596,10718
7.55,-2.372734,10718
7.41,-2.167313,10718
7.38,-3.253897,10718
7.35,-4.496005,10718
7.33,-1.753438,10718
7.31,-1.8243634,10718
7.06,-3.6034877,10718
6.96,-3.4154277,10718
6.92,-2.0314386,10718
6.82,-3.5505135,10718
6.75,-5.436771,10718
6.66,-2.8951616,10718
4.15,-1.6730973,1106
7.06,-1.3526413,9389
6.96,2.1833098,9389
5.47,2.589252,9554
5.16,-1.1740228,9554
7.66,-3.3867211,14336
6.14,-1.5800428,14336
7.71,0.3078552,221
6.19,4.257142,221
9.78,3.2855868,7646
9.52,2.341714,7646
9.52,1.740677,7646
9.52,1.7063794,7646
9.49,1.2516252,7646
9.49,1.3343792,7646
9.41,1.6756642,7646
9.4,1.7985404,7646
9.4,1.8119106,7646
9.34,-1.2879809,7646
9.31,-1.332839,7646
9.28,-0.27603894,7646
9.24,2.0372164,7646
9.23,3.2291129,7646
9.22,1.2127086,7646
9.15,2.7920709,7646
9.11,-0.56292397,7646
9.09,0.99464923,7646
9.09,0.9423738,7646
9.08,-1.674788,7646
9.08,-1.5596554,7646
9.07,1.822138,7646
9.05,1.7508682,7646
9.05,1.9088424,7646
9.02,2.2164943,7646
9.01,1.6455134,7646
9.0,2.608132,7646
9.0,-1.650261,7646
8.96,-0.26856348,7646
8.95,2.6041782,7646
8.93,-2.5779264,7646
8.87,0.5781136,7646
8.85,-1.950692,7646
8.82,3.301423,7646
8.8,1.5457124,7646
8.8,1.0739686,7646
8.79,0.6140946,7646
8.77,-2.328831,7646
8.75,1.0834609,7646
8.75,2.9469566,7646
8.74,2.4909234,7646
8.73,0.88564765,7646
8.72,1.0866494,7646
8.71,-1.7038528,7646
8.7,0.3613911,7646
8.69,0.9853452,7646
8.68,-0.8418169,7646
8.68,2.8771055,7646
8.66,2.5922976,7646
8.64,0.55706257,7646
8.62,-2.118125,7646
8.59,1.1336178,7646
8.59,-0.18616688,7646
8.58,1.4364148,7646
8.54,-1.5611032,7646
8.5,-0.16950801,7646
8.46,0.049152054,7646
8.46,0.90968287,7646
8.46,-2.6874652,7646
8.44,0.77296805,7646
8.44,1.3533682,7646
8.44,-0.73273104,7646
8.41,-0.640052,7646
8.4,0.7692844,7646
8.38,-1.7992173,7646
8.37,1.8917483,7646
8.36,0.48977786,7646
8.33,-2.1404753,7646
8.31,-0.4769767,7646
8.3,0.24638516,7646
8.29,0.43342283,7646
8.27,-0.045341395,7646
8.24,-2.0261035,7646
8.22,-2.1988523,7646
8.22,0.43863776,7646
8.21,0.79598504,7646
8.21,1.4221722,7646
8.2,2.0769315,7646
8.19,-1.9987913,7646
8.18,-1.0586301,7646
8.17,-0.3566735,7646
8.17,-0.4111005,7646
8.15,-0.89044386,7646
8.14,1.2782496,7646
8.12,1.2399783,7646
8.12,0.071158,7646
8.1,0.12942365,7646
8.09,-1.4447154,7646
8.07,1.0824453,7646
8.06,3.0236068,7646
8.03,0.6825341,7646
8.03,0.8604279,7646
8.02,1.5678306,7646
8.0,-1.0170183,7646
7.99,-2.9668007,7646
7.98,-1.5942922,7646
7.98,1.7788825,7646
7.93,2.230731,7646
7.93,1.3768003,7646
7.93,-2.7332227,7646
7.92,0.22746974,7646
7.92,-0.8402715,7646
7.91,2.160813,7646
7.85,1.9788471,7646
7.83,1.4960378,7646
7.83,-1.6108927,7646
7.83,0.466234,7646
7.82,2.0697172,7646
7.82,0.6008709,7646
7.8,1.9415919,7646
7.79,0.57709354,7646
7.77,0.7348867,7646
7.76,0.05136659,7646
7.75,-3.11972,7646
7.71,-0.9431942,7646
7.66,1.1004825,7646
7.64,-1.142318,7646
7.64,0.32177335,7646
7.63,0.4570135,7646
7.57,0.76595813,7646
7.57,0.48875523,7646
7.56,-1.7893555,7646
7.55,-0.3619205,7646
7.54,-2.219004,7646
7.53,-0.08202319,7646
7.53,-2.2861843,7646
7.52,-2.5306427,7646
7.52,-1.9781219,7646
7.51,1.1275415,7646
7.49,0.066373535,7646
7.4,-0.7514091,7646
7.39,0.29937354,7646
7.37,-1.1334713,7646
7.34,-2.698396,7646
7.29,0.36303818,7646
7.29,-2.8524044,7646
7.28,-2.0712223,7646
7.22,-3.0515537,7646
7.2,-5.0190325,7646
7.15,-3.1145191,7646
7.14,-1.1816374,7646
7.1,-0.034780435,7646
7.08,-0.39970317,7646
7.07,-1.590344,7646
7.03,-0.79996914,7646
7.03,-3.2997477,7646
7.02,-2.2428293,7646
7.01,-0.5805773,7646
6.98,1.8224043,7646
6.94,1.436865,7646
6.87,0.8200922,7646
6.85,-0.6779055,7646
6.84,-2.0955446,7646
6.82,-0.8288048,7646
6.81,-2.5037248,7646
6.8,-3.012689,7646
6.79,-3.1641252,7646
6.79,-0.913376,7646
6.79,-3.0335257,7646
6.77,1.6379166,7646
6.72,-2.0165377,7646
6.69,-2.774864,7646
6.57,-3.4203777,7646
6.57,-1.3852935,7646
6.54,0.8578562,7646
6.52,-2.8617213,7646
6.5,-2.7029097,7646
6.49,-0.1812577,7646
6.47,-4.5612264,7646
6.44,1.0149957,7646
6.42,0.66409135,7646
6.41,-2.9286325,7646
6.4,-2.4428668,7646
6.38,-3.0061522,7646
6.38,0.2969643,7646
6.38,-3.186033,7646
6.38,-3.084343,7646
6.37,1.4666051,7646
6.36,-3.7433536,7646
6.31,-2.823854,7646
6.3,0.2969641,7646
6.29,-1.8726602,7646
6.29,0.63307166,7646
6.27,-3.0949996,7646
6.26,-0.44492304,7646
6.26,0.88725275,7646
6.24,-2.2855787,7646
6.23,-4.780077,7646
6.21,-2.8474169,7646
6.16,-0.5104184,7646
6.16,0.6974715,7646
6.12,-0.77568084,7646
6.12,-3.1641495,7646
6.11,-0.68323344,7646
6.1,-3.02566,7646
6.1,-3.0711224,7646
6.07,-3.062077,7646
6.07,1.0259136,7646
6.07,-1.1183603,7646
6.06,-3.7328744,7646
6.05,-2.44807,7646
6.05,0.80857074,7646
6.04,-3.4747453,7646
6.03,-2.823617,7646
5.97,-2.2493987,7646
5.96,-3.6356566,7646
5.96,-2.8588283,7646
5.94,-1.2444497,7646
5.9,-2.2629564,7646
5.9,-1.991866,7646
5.88,-3.8357518,7646
5.84,-1.4554305,7646
5.79,-2.1969192,7646
5.79,-2.064366,7646
5.78,-1.6258118,7646
5.75,-1.3698168,7646
5.74,-2.7773502,7646
5.72,-2.9337888,7646
5.68,-2.0643666,7646
5.66,-1.0741867,7646
5.64,-2.4516926,7646
5.62,0.63031596,7646
5.59,-3.235388,7646
5.56,-3.040197,7646
5.55,-3.940352,7646
5.53,-2.1575549,7646
5.51,-2.952958,7646
5.51,-3.3347414,7646
5.5,-2.3694298,7646
5.48,-2.72206,7646
5.48,-3.0752256,7646
5.43,-3.2625356,7646
5.43,-0.27213797,7646
5.41,-0.9064994,7646
5.39,-3.2188008,7646
5.37,-4.3981776,7646
5.36,-0.73638916,7646
5.32,0.8376867,7646
5.27,-3.077203,7646
5.27,-1.2912958,7646
5.25,-3.2355256,7646
5.24,-2.4613554,7646
5.23,-3.669888,7646
5.23,-2.9900978,7646
5.15,-3.5416722,7646
5.11,-3.629525,7646
4.89,-0.8143285,7646
4.89,-1.8806992,7646
4.89,-3.354311,7646
4.89,-1.7858657,7646
4.76,-1.392204,7646
4.76,-1.3922043,7646
4.67,-3.5339851,7646
4.67,-3.0333297,7646
6.24,0.39940113,383
6.17,6.4417024,383
5.84,6.0994115,383
5.83,0.4251299,383
7.57,4.2549887,12360
7.2,5.4072394,12360
7.17,1.612613,12360
7.04,4.2416778,12360
6.56,-2.4907207,12360
7.85,5.4462156,4874
7.57,-6.9780784,15504
5.15,-0.9082491,13036
8.28,3.465391,14109
7.68,-3.5883296,14109
8.38,0.8630087,17174
6.5,1.5519984,17174
6.0,-2.7168834,17174
7.36,0.39909512,13603
7.01,-2.2739365,13603
7.43,1.055573,11439
8.7,0.59256876,1730
8.52,0.85107523,1730
8.3,2.8350873,1730
8.22,2.1446629,1730
8.22,0.3681208,1730
8.05,1.235241,1730
8.0,1.4197351,1730
8.0,0.7263252,1730
8.0,-3.165818,1730
8.0,-1.0699841,1730
8.0,-0.22795537,1730
7.92,2.059941,1730
7.85,4.1858125,1730
7.82,-5.432501,1730
7.5,2.2799742,1730
7.4,1.3143243,1730
7.3,-2.241602,1730
7.28,-0.39095262,1730
7.28,1.7148279,1730
7.26,0.6504615,1730
7.26,2.7704365,1730
7.12,2.2277756,1730
7.1,1.5978341,1730
7.09,2.1595676,1730
6.93,2.3042252,1730
6.68,1.5294836,1730
6.6,-0.7138421,1730
6.56,2.1261153,1730
6.31,-0.33683148,1730
6.06,-2.2314062,1730
5.36,-2.1414862,1730
5.34,-1.227113,1730
5.18,-1.4915272,1730
5.05,-2.0130017,1730
4.8,-2.2827768,1730
6.85,-2.7370343,320
7.63,1.0446746,6088
7.37,-0.30993083,6088
7.12,1.6734203,6088
6.97,1.2803448,6088
6.81,-1.979475,6088
6.73,-0.1577625,6088
6.71,2.297465,6088
6.59,0.77732915,6088
6.56,1.3520366,6088
6.51,-4.8526464,6088
6.41,0.4985261,6088
6.38,-4.852647,6088
6.37,-1.0209277,6088
6.35,-3.778204,6088
6.35,1.605803,6088
6.33,0.58594567,6088
6.33,0.76883304,6088
6.3,-1.1128598,6088
6.28,0.21217248,6088
6.26,-1.6531595,6088
6.24,-0.30968326,6088
6.21,-1.1413285,6088
6.18,-0.5566331,6088
6.18,-0.2811255,6088
6.17,0.94616807,6088
6.16,1.5763627,6088
6.16,-2.585258,6088
6.12,1.5621397,6088
6.12,-0.5413594,6088
6.06,1.6947334,6088
10.3,-0.88697064,7699
10.3,1.3596814,7699
10.1,-0.10179317,7699
10.1,0.18449962,7699
10.1,2.2757108,7699
10.1,2.1989772,7699
10.05,1.6013684,7699
10.05,2.0010042,7699
10.05,-1.3601382,7699
10.0,0.7740066,7699
10.0,1.093387,7699
10.0,3.1138778,7699
10.0,-2.734582,7699
10.0,-0.7379092,7699
9.96,0.67597145,7699
9.96,0.120174,7699
9.92,0.5398961,7699
9.89,-1.4496844,7699
9.89,0.20934609,7699
9.89,1.7707156,7699
9.89,0.6896601,7699
9.89,0.386221,7699
9.89,-0.59242564,7699
9.85,-0.43929482,7699
9.85,-1.8482584,7699
9.85,-2.7756948,7699
9.85,2.432566,7699
9.82,-0.54847974,7699
9.82,-1.3269145,7699
9.82,2.8369246,7699
9.8,-1.4913027,7699
9.8,2.921314,7699
9.8,0.7362307,7699
9.8,-1.2180597,7699
9.8,0.92332256,7699
9.8,2.3059158,7699
9.8,-0.0016255472,7699
9.8,-0.9295463,7699
9.8,-0.493429,7699
9.77,-1.474182,7699
9.77,0.72392344,7699
9.77,0.38754845,7699
9.77,3.6530108,7699
9.77,1.3225497,7699
9.74,0.34017113,7699
9.74,0.8861002,7699
9.72,-0.13158822,7699
9.72,-0.52933246,7699
9.7,1.6097633,7699
9.7,2.3492274,7699
9.68,2.4923563,7699
9.68,-0.8612134,7699
9.68,0.06371679,7699
9.68,1.3333333,7699
9.68,1.0566458,7699
9.66,0.5815817,7699
9.66,-1.5702035,7699
9.66,1.7544217,7699
9.66,-1.3128854,7699
9.64,3.3896883,7699
9.64,-1.9151659,7699
9.64,0.01555207,7699
9.64,1.129047,7699
9.64,1.2130133,7699
9.62,3.5122812,7699
9.62,2.5174284,7699
9.62,-3.6141298,7699
9.6,-0.17543092,7699
9.6,-1.8866097,7699
9.6,-0.8480218,7699
9.59,-0.6379061,7699
9.59,-0.58068484,7699
9.59,-1.8635329,7699
9.59,-0.022719212,7699
9.57,1.289566,7699
9.57,-3.3490176,7699
9.55,-0.3997353,7699
9.55,-1.9269626,7699
9.55,-1.7718879,7699
9.52,0.54767954,7699
9.51,1.1533191,7699
9.51,1.414622,7699
9.51,0.046078503,7699
9.51,1.2919914,7699
9.51,-0.1699501,7699
9.51,2.8242776,7699
9.49,1.6193964,7699
9.48,-1.7255721,7699
9.47,-0.80672914,7699
9.46,2.6030288,7699
9.46,-2.258737,7699
9.46,-0.033466432,7699
9.46,0.8759317,7699
9.44,2.723008,7699
9.44,1.4055384,7699
9.43,-0.6588107,7699
9.43,2.1098123,7699
9.43,3.5702422,7699
9.43,2.051765,7699
9.42,0.08013416,7699
9.42,0.72996455,7699
9.42,-2.2472289,7699
9.42,0.3419016,7699
9.42,0.74817854,7699
9.42,-2.0219798,7699
9.41,2.3037121,7699
9.41,1.0440876,7699
9.41,-0.988797,7699
9.41,0.26005292,7699
9.41,0.16090673,7699
9.39,-2.6819303,7699
9.38,-1.8138081,7699
9.36,-4.1912565,7699
9.34,-3.4557233,7699
9.34,1.07968,7699
9.32,-1.3030015,7699
9.32,1.3763179,7699
9.31,2.4035516,7699
9.29,-3.6922317,7699
9.29,0.1376976,7699
9.26,1.3763025,7699
9.25,-0.4829354,7699
9.24,1.5442442,7699
9.24,1.3584423,7699
9.23,2.0264502,7699
9.21,0.44145927,7699
9.21,-0.021588268,7699
9.18,0.39443642,7699
9.17,-1.2024798,7699
9.13,0.2635917,7699
9.12,-2.741449,7699
9.12,-0.05881131,7699
9.11,-0.41489857,7699
9.1,2.519094,7699
9.1,-4.0278454,7699
9.1,1.916095,7699
9.09,0.059290573,7699
9.06,-1.4007182,7699
9.06,1.1549152,7699
9.05,2.0227215,7699
9.04,-0.22543442,7699
9.04,0.5809049,7699
9.0,-1.8332417,7699
9.0,-0.6492156,7699
9.0,-1.1149249,7699
9.0,3.2453341,7699
9.0,-0.0002026055,7699
9.0,0.28184363,7699
9.0,3.4685311,7699
9.0,-0.12506618,7699
8.7,-2.2668295,7699
8.7,-1.8834692,7699
8.7,1.0226614,7699
8.7,-2.2678287,7699
8.7,0.1254068,7699
8.7,1.7751453,7699
8.7,-0.862993,7699
8.7,0.20260996,7699
8.7,-0.50728035,7699
8.7,1.3808109,7699
8.7,-0.390765,7699
8.7,0.6343982,7699
8.52,-2.2732434,7699
8.52,0.31231397,7699
8.52,-1.4412893,7699
8.52,-0.9491703,7699
8.4,-3.0978844,7699
8.3,0.66220635,7699
8.3,-1.4110496,7699
8.15,-0.22221723,7699
7.82,-0.47407296,7699
6.47,-6.342337,17876
6.43,-2.271235,17876
7.23,1.1428418,16030
8.85,5.568462,9048
8.64,-0.6716928,9048
8.52,0.27152693,9048
8.52,-0.6193354,9048
8.47,-3.6061451,9048
8.41,3.2800603,9048
8.4,-4.3103204,9048
8.37,3.6701584,9048
7.49,1.4491714,9048
6.1,-1.7143337,3671
5.64,-3.3133502,3671
5.24,-3.7580194,3671
5.21,-3.7580194,3671
5.35,-1.2785718,12974
6.95,3.662498,168
8.54,-0.99752355,2580
8.42,-0.76414186,2580
8.15,-1.897442,2580
8.04,-3.547108,2580
8.03,-0.7892735,2580
7.82,-1.9722228,2580
7.75,1.5154259,2580
7.02,-2.823864,2580
6.96,0.1824708,2580
6.06,-2.2866907,2580
5.26,-3.9458232,2580
9.0,0.2371988,7825
8.7,1.3858507,7825
8.7,2.9280307,7825
8.7,1.0980016,7825
8.7,-0.10711265,7825
8.52,2.3125956,7825
8.4,-1.4502238,7825
8.4,0.45272705,7825
8.4,1.5123314,7825
8.4,2.5497253,7825
8.4,1.9524274,7825
8.22,1.1366763,7825
8.0,1.5453702,7825
8.0,1.0061886,7825
7.96,2.2276893,7825
7.92,0.8325939,7825
7.85,3.0563354,7825
7.75,2.665325,7825
7.5,2.0889385,7825
7.16,2.4018645,7825
7.03,2.2308838,7825
5.48,-2.5443485,9086
7.33,4.088116,3219
5.8,0.9306503,6722
5.18,-5.8757267,6722
8.8,-2.966813,12951
8.7,-6.1904864,12951
8.6,-3.8290713,12951
8.5,-2.3493724,12951
7.9,-0.35509267,12951
7.9,-4.65287,12951
7.8,-4.4839644,12951
7.8,-4.9856796,12951
7.6,-1.8043405,12951
7.5,-1.3114467,12951
7.5,2.7506304,12951
7.5,-3.2704332,12951
7.4,-3.05406,12951
7.4,-2.9674404,12951
7.4,-3.8843746,12951
7.3,-3.374479,12951
7.2,-5.139483,12951
7.0,-2.5177372,12951
6.7,-4.9815235,12951
6.3,-3.9681504,12951
6.1,-4.2528086,12951
4.8,-3.4166136,12951
4.0,-4.322233,12951
8.62,3.5517945,15708
6.68,3.48253,15708
6.57,3.0490785,15708
8.1,-1.5590461,3582
7.9,-0.9721553,3582
7.8,-1.0782406,3582
7.7,2.3136394,3582
7.7,-0.92455196,3582
7.7,1.4053497,3582
7.6,-0.9866811,3582
7.6,3.658914,3582
7.6,-0.6986774,3582
7.5,1.3688245,3582
7.4,2.4924402,3582
7.1,-2.8196273,3582
7.0,1.1493125,3582
6.88,5.523248,13461
6.76,0.2575561,13461
7.97,-1.4053347,9899
6.01,3.0624483,5579
6.7,-1.910938,2114
6.7,-0.04289551,2114
6.52,1.9501956,2114
6.16,-0.015059233,2114
5.92,0.0729373,2114
5.92,0.77093226,2114
5.85,2.503449,2114
5.82,2.3940184,2114
5.55,1.0424926,2114
5.52,-0.074274085,2114
8.0,-4.6370006,487
5.36,6.628548,17568
9.1,5.3187757,3953
9.1,5.640536,3953
9.0,-0.3971361,3953
8.34,3.5894148,3953
8.26,4.097023,3953
8.13,0.15382266,3953
8.0,-0.5163727,3953
7.92,-1.4738797,3953
7.8,1.7972122,3953
7.77,-1.3136041,3953
7.66,-0.31698382,3953
7.64,-0.9966967,3953
7.51,1.0088238,3953
7.42,-1.1052305,3953
7.29,-1.0817633,3953
7.21,-1.1639518,3953
7.21,-0.5149323,3953
7.19,-1.80652,3953
7.14,-1.5746996,3953
6.43,-1.7698866,3953
8.15,-1.2926525,6137
8.1,2.370013,6137
8.1,1.3184274,6137
8.05,2.8225393,6137
8.05,3.100005,6137
7.89,1.2551528,6137
7.89,0.8496689,6137
7.82,2.0687373,6137
7.77,3.841717,6137
7.72,-1.4325756,6137
7.66,2.0422513,6137
7.66,2.1624846,6137
7.66,0.072681494,6137
7.64,-2.309749,6137
7.62,4.6074166,6137
7.55,2.6439629,6137
7.54,-1.389832,6137
7.52,2.4297826,6137
7.48,-3.2820802,6137
7.46,2.2301478,6137
7.44,2.7144513,6137
7.42,1.1608415,6137
7.42,1.4110495,6137
7.39,-0.5709097,6137
7.36,-1.4332426,6137
7.34,-0.3053377,6137
7.34,-0.3195132,6137
7.33,1.5194259,6137
7.32,2.7810721,6137
7.31,2.6492448,6137
7.3,1.1025964,6137
7.3,-2.1073666,6137
7.3,-4.2516565,6137
7.3,3.5035355,6137
7.29,1.4828777,6137
7.29,2.0445833,6137
7.28,1.4845858,6137
7.28,0.78876466,6137
7.28,-2.6004827,6137
7.28,0.21782815,6137
7.27,-1.1650542,6137
7.26,3.4718606,6137
7.26,-1.7167604,6137
7.25,1.0513277,6137
7.25,3.9534533,6137
7.22,-1.1442322,6137
7.21,1.9665369,6137
7.19,3.4075801,6137
7.19,-0.25353095,6137
7.18,1.0537305,6137
7.17,1.8451093,6137
7.16,1.9160454,6137
7.16,0.1958451,6137
7.14,2.586927,6137
7.12,1.5657473,6137
7.12,2.3216746,6137
7.1,1.5401498,6137
7.09,1.6565348,6137
7.07,-2.9128873,6137
7.06,-1.7594057,6137
7.04,0.8764915,6137
7.04,1.3042749,6137
7.04,1.1740472,6137
7.03,1.2202208,6137
7.03,-3.7294762,6137
7.02,-0.88376844,6137
7.01,0.23077154,6137
7.01,-0.29387695,6137
7.0,3.3973029,6137
7.0,-1.4954869,6137
7.0,1.4477955,6137
6.99,3.3648438,6137
6.97,0.42180103,6137
6.97,-0.3602118,6137
6.96,3.0302644,6137
6.95,0.83203954,6137
6.94,2.1849532,6137
6.94,3.0431907,6137
6.94,2.9946518,6137
6.93,3.1839905,6137
6.92,-3.0875323,6137
6.92,2.2284813,6137
6.91,1.0123492,6137
6.89,3.8613906,6137
6.88,1.1000673,6137
6.87,1.0638798,6137
6.87,-1.6556737,6137
6.87,1.649534,6137
6.86,-2.992727,6137
6.86,-0.785705,6137
6.85,0.81165326,6137
6.84,2.128591,6137
6.84,0.8716453,6137
6.83,-2.3996966,6137
6.82,-1.7472221,6137
6.81,-1.0464671,6137
6.81,-1.0593213,6137
6.81,2.4908128,6137
6.8,0.816187,6137
6.8,1.811001,6137
6.79,1.0942861,6137
6.79,0.3537544,6137
6.79,0.36646584,6137
6.78,-2.0131922,6137
6.77,0.38111746,6137
6.72,-0.1693069,6137
6.72,3.088964,6137
6.71,0.2559226,6137
6.7,-1.5872707,6137
6.69,2.0761333,6137
6.69,0.028513834,6137
6.69,-3.138788,6137
6.68,1.4201297,6137
6.68,2.0396695,6137
6.67,0.3079332,6137
6.66,1.4812562,6137
6.64,-0.91643304,6137
6.64,1.7439817,6137
6.63,-4.9876847,6137
6.62,2.5059748,6137
6.62,-2.6376882,6137
6.6,-0.69364077,6137
6.58,0.017778657,6137
6.57,0.9266772,6137
6.56,-0.17492652,6137
6.56,-1.0435804,6137
6.55,2.3278408,6137
6.54,3.2053864,6137
6.54,1.9498662,6137
6.53,-3.5809715,6137
6.53,1.9651434,6137
6.52,-2.6736796,6137
6.51,1.7596889,6137
6.5,0.05320996,6137
6.5,0.345778,6137
6.48,0.3470755,6137
6.47,-2.1139872,6137
6.45,-1.2887449,6137
6.43,2.5640168,6137
6.42,-1.0514768,6137
6.42,-1.2190633,6137
6.41,3.8744602,6137
6.4,3.025434,6137
6.4,-3.2988062,6137
6.39,0.30949956,6137
6.38,-0.48590505,6137
6.38,0.75423986,6137
6.38,1.3219768,6137
6.38,-1.8365662,6137
6.37,-1.467284,6137
6.36,-0.6579054,6137
6.34,-1.9188718,6137
6.33,1.7977276,6137
6.32,4.1622376,6137
6.32,-0.7794745,6137
6.32,1.7999438,6137
6.31,0.1261015,6137
6.3,2.4178958,6137
6.29,1.9361156,6137
6.29,-1.4867735,6137
6.29,3.4125886,6137
6.28,-0.47336942,6137
6.26,-0.392836,6137
6.25,-2.7209642,6137
6.25,-3.0417705,6137
6.23,0.053996988,6137
6.22,1.7626964,6137
6.21,-1.0619937,6137
6.21,1.1860923,6137
6.16,2.237555,6137
6.15,1.5863098,6137
6.15,-1.978477,6137
6.15,0.13669854,6137
6.13,2.7754827,6137
6.13,1.0687122,6137
6.11,-1.8892186,6137
6.11,1.4395105,6137
6.06,-2.0383165,6137
5.96,-2.473212,6137
5.88,3.3950603,6137
5.86,-2.245178,6137
5.83,0.3935656,6137
5.8,1.836612,6137
5.71,2.574119,6137
5.69,2.2882054,6137
7.34,3.4306948,5964
6.19,0.76717454,5964
5.97,0.57477254,5964
5.77,-2.9326723,5964
5.24,3.0085573,5964
5.15,-1.8757082,5964
8.22,2.297598,11810
7.44,3.2306416,11810
7.42,2.1957147,11810
7.3,-0.33985177,11810
6.77,-0.7110628,11810
6.77,1.1405404,11810
6.6,-0.42731506,11810
6.58,2.2568347,11810
6.57,1.5328431,11810
6.55,0.47004026,11810
6.43,-0.37519464,11810
6.4,1.8671745,11810
6.32,1.8765512,11810
6.28,-2.2230444,11810
6.28,-1.866021,11810
6.25,0.5310088,11810
6.22,2.0715775,11810
6.05,-2.3410952,11810
6.0,-0.8928804,11810
5.98,0.4073658,11810
5.96,-1.8660214,11810
5.93,2.1684217,11810
5.89,1.8765504,11810
5.85,2.6883774,11810
5.78,-2.0954204,11810
5.75,2.6720252,11810
5.73,-0.9607149,11810
5.72,-1.8375468,11810
5.68,-3.4313858,11810
5.65,0.6992384,11810
5.32,1.7411147,11810
5.25,-3.3015764,11810
5.24,2.588895,11810
5.03,3.7080464,11810
6.0,-5.5486364,9480
5.52,0.7031923,9480
8.7,4.9284654,7041
7.85,-5.6331024,6157
7.22,-4.064918,6157
6.53,-2.210185,6157
6.42,0.18091369,6157
6.3,-1.6680666,6157
6.17,0.4775064,6157
7.11,2.3007917,1478
6.53,-4.0138454,7413
7.36,2.8868527,4846
6.42,3.7714186,3226
6.18,-0.77412313,3226
6.11,2.8653042,3226
6.08,0.10872542,3226
6.07,1.8033022,3226
6.06,3.3832793,3226
6.03,-1.4333811,3226
6.02,-2.1196327,3226
7.0,0.5293038,13444
6.47,4.754682,13444
6.45,5.3373876,13444
6.36,5.3373876,13444
6.32,3.347638,13444
5.83,4.968735,13444
5.74,5.5608625,13444
5.66,5.733993,13444
5.57,4.968735,13444
5.52,3.7081726,13444
5.49,0.42390442,13444
5.42,4.0933294,13444
5.41,5.024067,13444
5.38,4.3901496,13444
5.36,-1.8689477,13444
5.36,5.0349708,13444
5.34,4.8091197,13444
5.29,4.851848,13444
5.17,6.6038957,13444
5.13,4.7196403,13444
5.12,5.0926275,13444
5.04,0.17187878,13444
5.02,4.370414,13444
6.15,-0.46139628,15239
6.0,0.30828732,15239
5.77,-1.6931195,15239
5.52,-3.2184224,15239
5.47,-0.7273428,15239
5.28,-0.66918004,15239
5.17,-2.2034423,15239
5.1,1.61764,15239
5.06,-2.0446124,15239
4.84,1.8225762,15239
4.8,1.4562249,15239
4.72,-2.225072,15239
4.32,-2.4088988,15239
4.27,-4.4118056,15239
4.06,-3.0732121,15239
4.57,-5.9653087,5146
8.21,-0.39300928,14190
8.05,-2.886062,14190
7.49,-1.814794,14190
6.16,3.075894,14190
6.33,-1.8797117,4076
6.2,-3.8098063,4076
6.11,-1.1296103,4076
5.94,3.623177,4076
5.7,-5.067985,4076
5.67,4.2133427,4076
6.21,-1.6772261,11494
6.17,-1.5835094,11494
6.15,-0.8608729,11494
6.05,-1.9250572,11494
6.0,-3.9331603,11494
5.96,2.673591,11494
7.05,-2.5709982,11669
6.84,-3.569008,11669
6.76,-5.847935,11669
6.72,-0.8957396,11669
6.66,-1.0000867,11669
6.66,-3.6108544,11669
6.64,-3.4726548,11669
6.34,-2.9985213,11669
6.18,-0.47720215,11669
8.4,1.8767488,17158
4.73,-1.3905854,17158
8.3,-0.28598118,4733
8.55,-1.4499784,1460
7.55,1.6236241,1460
8.8,-6.176176,14737
8.7,-3.8382514,14737
7.15,-0.3607009,17831
7.58,0.801422,4546
7.51,1.7947855,4546
7.21,1.4080672,4546
7.1,-0.1773589,4546
7.09,2.4010627,4546
7.06,2.1703675,4546
6.82,0.5848247,4546
6.74,2.6270843,4546
6.64,0.6297778,4546
6.58,0.56780225,4546
6.45,-0.29238158,4546
6.24,-3.2261076,4546
6.13,-3.3443227,4546
5.47,-2.6429052,4546
5.33,0.5711519,4546
5.2,-1.0530301,4546
5.19,-2.1379232,4546
5.1,-4.5798783,4546
5.03,-1.572784,4546
4.91,-0.5573507,4546
4.66,0.70414567,4546
4.51,-1.4680141,4546
7.0,1.2015942,17411
6.72,1.1794213,17411
4.89,-1.6475984,13180
5.4,-4.030852,11336
4.45,0.7011191,3693
4.4,-2.0810416,3693
4.34,0.39803457,3693
4.29,-0.27349925,3693
4.25,-2.968473,3693
4.2,-0.33270982,3693
7.34,6.132185,8525
7.16,2.0432026,8525
6.91,1.7822784,8525
6.52,2.3456728,8525
8.05,-1.0871317,17112
6.41,4.7046094,11399
5.11,1.2355632,11399
4.26,-1.5797305,11399
6.94,2.3000345,7357
6.32,0.47671747,6616
6.05,-0.7732403,6616
6.64,0.19559783,11740
6.58,0.15168566,11740
5.44,0.41313994,386
5.3,4.6380267,386
5.29,5.241112,386
4.93,4.947133,386
4.89,5.241112,386
4.86,5.5006537,386
4.82,3.652977,386
4.8,0.8823873,386
4.6,0.8823873,386
4.58,-0.7676612,386
4.57,1.5518204,386
8.4,2.036725,15771
7.96,1.9948691,15771
7.92,2.190106,15771
7.92,2.190106,15771
7.89,1.9758464,15771
7.77,2.3435063,15771
7.75,1.9095554,15771
7.75,-1.5893322,15771
7.72,2.190106,15771
7.68,1.5737096,15771
7.46,2.1799486,15771
7.32,0.098791875,15771
7.26,-2.2663076,15771
7.24,2.2010624,15771
7.19,4.3214207,15771
7.14,1.6693938,15771
6.98,-0.88803273,15771
6.98,0.867135,15771
6.97,0.028574537,15771
6.96,-1.8856473,15771
6.96,1.9352777,15771
6.89,2.8363786,15771
6.79,0.18086967,15771
6.73,0.5486248,15771
6.68,1.9167718,15771
6.56,2.47857,15771
6.51,1.5810677,15771
6.39,2.603594,15771
6.9,3.718818,10877
6.8,0.21271458,10877
6.4,2.0883842,10877
6.3,1.4370224,10877
6.1,-0.640493,10877
6.0,3.1102386,10877
5.8,-2.052514,10877
5.6,-0.7056863,10877
5.6,0.23288721,10877
5.4,-0.13571732,10877
4.8,-4.6690726,10877
4.8,-3.565307,10877
4.6,-6.6345263,10877
8.92,-5.1951914,3512
6.66,1.9653866,12597
7.0,-3.91133,2756
6.8,-6.0511303,2756
6.77,-6.2079782,2756
6.72,-2.1768296,2756
6.66,-3.3203146,2756
6.66,-6.791698,2756
6.52,-2.692597,2756
6.47,-3.4300263,2756
6.34,-5.9985824,2756
6.34,-5.5149674,2756
6.33,-6.1097884,2756
6.3,-3.328286,2756
6.24,-6.4036145,2756
6.23,-0.5732802,2756
6.16,-3.0816054,2756
6.11,-5.839701,2756
6.08,-4.8148084,2756
5.62,-2.5440652,2756
5.57,-5.1080165,2756
5.34,-5.267478,2756
8.3,2.437617,15512
8.0,1.6871831,15512
8.0,3.2915165,15512
8.0,-1.8430077,15512
7.52,-2.1211364,15512
7.52,3.1358445,15512
7.1,-3.3827505,15512
4.92,-0.061116733,13931
7.92,-4.050459,5147
7.92,3.4841611,5147
7.03,5.2849026,8524
7.0,2.0184581,8524
6.81,2.0741615,8524
6.64,2.3886542,8524
7.72,0.8725121,11926
10.0,4.209647,856
9.7,2.026481,856
9.52,4.034445,856
9.52,3.0358908,856
9.52,-1.4123865,856
9.52,1.5023731,856
9.4,2.383566,856
9.4,-0.19173178,856
9.3,3.2314157,856
9.3,2.6949928,856
9.3,-1.007877,856
9.3,2.223654,856
9.3,-1.1060412,856
9.22,-0.7180924,856
9.22,1.7279038,856
9.22,3.8330452,856
9.15,3.5835295,856
9.15,-0.27775598,856
9.15,2.1745698,856
9.1,4.181939,856
9.1,2.2223113,856
9.1,2.3832328,856
8.85,0.26572856,856
8.62,2.2498417,856
8.59,0.29031837,856
8.57,1.4173404,856
8.34,1.3017899,856
8.34,-2.741584,856
8.32,0.9470039,856
8.02,0.91503817,856
7.92,1.5786363,856
7.8,1.6612184,856
7.8,-0.20901358,856
7.7,0.994677,856
7.64,2.0226502,856
7.64,1.3906279,856
7.57,-1.3659693,856
7.19,1.3063306,856
7.14,-0.94481033,856
7.12,1.6224873,856
7.08,2.1966352,856
6.96,0.072595045,856
6.95,-0.010455608,856
6.9,1.2163054,856
6.84,-1.267562,856
6.77,-1.8249755,856
6.7,-1.7831635,856
6.32,-2.459337,856
5.3,3.5957263,15601
5.22,3.5957263,15601
5.13,-1.9747033,15601
4.59,4.7798243,15601
4.58,-2.4152656,15601
4.33,-2.9813728,15601
4.14,-2.9813728,15601
4.02,1.279192,15601
4.6,-0.59370804,2435
4.42,1.6495235,2435
7.83,-0.73344,12035
7.55,5.947306,12035
4.68,-2.256347,232
4.77,-0.21539435,137
5.72,3.2312713,1753
8.12,-3.4873762,13114
8.07,-0.7824372,13114
7.98,-1.4706932,13114
7.82,-3.0240576,13114
7.74,5.035462,13114
7.72,-1.8375968,13114
7.61,-3.277419,13114
7.61,-2.898856,13114
7.54,-1.651315,13114
7.25,-2.97726,13114
7.2,-3.3504763,13114
7.2,-8.456717,13114
7.14,-5.407911,13114
6.81,-4.0506525,13114
6.5,-9.080782,13114
5.82,2.1507957,8728
5.52,-3.8736224,8728
4.82,-3.4520972,8728
5.82,-6.4476333,4654
5.12,1.4715067,4654
6.57,7.2871704,15564
5.7,0.3931999,15564
5.68,2.0150266,15564
5.66,2.195105,15564
5.6,0.101892434,15564
5.5,-0.86336225,15564
5.19,-4.968844,15564
7.68,-0.39677176,371
7.66,-4.0341234,371
7.2,-1.0146962,371
4.16,-0.330459,5498
5.39,-1.1766808,11962
5.11,-3.919803,11962
4.69,-7.1139007,11962
8.4,2.1221251,12021
8.3,0.7697732,12021
6.33,-0.123637386,12021
5.61,2.3161974,12021
9.1,1.8423699,313
9.05,-1.7321754,313
8.96,1.083206,313
8.92,2.0534196,313
8.92,1.3366042,313
8.82,1.4292488,313
8.8,0.90438,313
8.77,-2.948751,313
8.74,0.8972834,313
8.72,0.7138789,313
8.64,1.5977285,313
8.54,-0.6455238,313
8.52,2.3336654,313
8.52,0.8685366,313
8.49,1.7537581,313
8.47,2.1099277,313
8.46,-0.47878277,313
8.41,-0.58374923,313
8.41,0.18979454,313
8.38,1.1138055,313
8.38,2.8440595,313
8.26,0.7595838,313
8.17,-1.4742984,313
8.09,0.5099767,313
7.96,0.58028436,313
7.8,-2.9319444,313
7.43,0.18979454,313
7.42,1.5584482,313
7.19,-5.159505,313
7.12,2.4116318,313
7.04,-4.059271,313
6.88,-3.1638198,313
6.85,-0.07626691,313
6.52,1.6936009,313
6.28,-2.6434512,313
6.19,-1.800341,313
6.1,-4.137119,313
5.89,-2.777282,313
5.82,-3.2165992,313
4.94,-3.7001452,313
8.22,3.6307027,14633
6.06,1.0904106,2448
5.79,-1.6261024,2448
5.73,1.8579745,2448
5.5,0.27028653,2448
5.49,-1.3287505,2448
5.45,-1.4191763,2448
5.36,-1.3985602,2448
5.25,0.40590528,2448
4.95,1.9767781,2448
4.86,1.262192,2448
7.64,4.47996,9284
7.99,-2.9831746,13915
5.89,4.453431,13079
5.85,4.6715436,13079
5.07,-2.132157,13079
4.66,-2.1976905,1459
10.0,1.8342503,9418
9.7,1.1973206,9418
9.4,-1.3349549,9418
9.4,-2.5411642,9418
9.4,-0.6526232,9418
9.4,1.1317977,9418
9.4,0.74993515,9418
9.22,-0.25012696,9418
9.15,2.2185626,9418
9.15,-0.88950795,9418
9.1,-3.0984638,9418
8.92,-0.61847466,9418
8.77,0.22007686,9418
8.55,-5.747051,9418
7.65,1.121722,9418
8.4,5.6783066,2904
8.4,0.61712104,2904
8.4,-2.5006704,2904
8.4,1.1098022,2904
8.4,-0.018095074,2904
8.4,0.56135553,2904
8.4,-2.286558,2904
8.3,1.0047909,2904
7.96,-1.4457256,2904
7.75,2.3955925,2904
7.52,2.6368663,2904
7.52,2.4437187,2904
7.4,-2.5760849,2904
7.22,-1.3213514,2904
6.0,-2.9872253,2904
8.4,-1.7142267,5027
8.0,0.24430054,5027
7.7,-1.0260191,5027
7.7,-1.4348538,5027
7.4,-2.1554072,5027
7.4,-2.0026207,5027
7.3,-2.193658,5027
7.16,-1.4968013,5027
6.68,-3.0326912,5027
6.66,-2.1361,5027
6.66,-5.4858828,5027
6.47,0.4162053,5027
6.39,-4.5092463,5027
6.31,-2.2028897,5027
6.25,-4.7328596,5027
6.21,-2.003921,5027
6.21,0.09721101,5027
6.14,-1.8040806,5027
6.01,-0.5064055,5027
6.0,-2.8511705,5027
5.96,-1.4478552,5027
5.92,-0.5304967,5027
5.85,-2.7395546,5027
5.55,-1.6337641,5027
5.5,-2.605679,5027
5.4,-1.6333677,5027
5.03,4.604858,5027
4.74,0.52559954,9764
5.17,4.2861238,1523
6.52,4.6554995,9815
5.06,-2.0484402,10898
5.02,-2.4660785,10898
4.98,-3.3492286,10898
4.91,-3.5939817,10898
4.81,-6.1693826,10898
4.81,-4.573325,10898
4.81,-6.202539,10898
4.79,-8.297735,10898
4.74,-8.110469,10898
4.73,-4.319737,10898
4.64,-6.987273,10898
4.62,-9.366766,10898
4.59,-7.92886,10898
4.58,-9.430367,10898
4.57,-7.3375816,10898
4.52,-8.122327,10898
4.46,-9.035468,10898
4.43,-9.391863,10898
7.23,2.1159675,14087
5.48,1.1270889,3761
9.64,-1.2411832,12845
9.49,-0.53109163,12845
8.13,4.844954,10818
8.7,0.68395895,6005
6.43,-5.137262,12922
6.82,4.475555,13895
5.48,4.6435905,1147
7.66,-0.5960507,14324
7.4,-1.1521935,14324
6.92,0.040964834,14324
6.85,-0.067731254,14324
6.85,-2.4221027,14324
6.82,-1.035703,14324
6.8,2.0960035,14324
6.8,-0.9420349,14324
6.64,2.3834167,14324
6.54,-1.5674117,14324
6.54,-2.6221466,14324
6.5,-3.7305017,14324
6.46,-1.7610537,14324
6.08,-1.4956728,14324
6.07,-3.3266597,14324
6.06,-1.2362133,14324
6.05,-0.059497073,14324
6.01,-1.4785084,14324
6.0,-0.33077693,14324
5.68,-1.1834443,14324
5.64,-1.0501637,14324
5.5,-1.1742934,14324
5.44,-0.4409756,14324
5.39,-1.4291005,14324
5.19,0.74546325,14324
5.06,-0.6689432,14324
5.02,-2.2726378,14324
6.96,4.609681,9987
7.82,-2.707985,15266
7.68,-2.0135152,15266
5.42,3.6017997,3665
4.52,-1.7551718,3665
4.52,-1.2390077,3665
9.15,0.73138493,10531
8.89,1.4694996,10531
9.47,0.78441423,9414
9.39,1.3315417,9414
9.28,2.9388812,9414
9.24,1.8167664,9414
9.19,0.85269576,9414
9.17,1.6827257,9414
9.15,-0.80210316,9414
9.14,-0.16852948,9414
9.09,0.42416665,9414
9.06,-2.3769407,9414
9.04,1.7607902,9414
9.0,-0.32015163,9414
8.82,-3.3798933,9414
8.82,-6.4318666,9414
8.79,-3.4925306,9414
8.66,-3.6767437,9414
8.49,-6.0614386,9414
8.0,-4.287464,9414
8.05,-3.895865,9013
7.7,-4.3525205,9013
7.19,-3.4324906,9013
7.08,-2.9812343,9013
6.88,-1.1969049,9013
8.82,-1.0483537,96
8.55,0.34204927,96
8.46,-2.8721213,96
8.24,-3.5299118,96
8.23,-3.3069522,96
8.0,-2.5081234,96
7.92,-1.9168309,96
7.89,0.13878897,96
7.58,1.1395282,96
7.16,-3.6635602,96
9.6,3.6851752,8874
9.4,2.3258166,8874
8.96,2.5749598,8874
8.92,2.6838875,8874
8.77,1.9323232,8874
8.77,3.4491062,8874
8.74,1.7579819,8874
8.74,2.3199978,8874
8.7,-1.4109147,8874
8.7,3.7088974,8874
8.64,3.3911107,8874
8.59,5.129569,8874
8.46,6.3740435,8874
8.37,4.0549192,8874
8.37,1.9433516,8874
8.33,4.5061107,8874
8.28,2.8444796,8874
8.27,2.0665393,8874
8.18,4.378011,8874
8.17,3.4398236,8874
8.13,1.4964951,8874
8.11,4.0791698,8874
8.09,3.7659595,8874
8.09,4.7824063,8874
8.07,6.6500926,8874
8.02,5.4629087,8874
7.96,1.9252306,8874
7.96,3.6988916,8874
7.96,5.011233,8874
7.92,2.0926592,8874
7.89,2.8953857,8874
7.82,-1.7319324,8874
7.75,-1.2771361,8874
7.75,0.26603624,8874
7.7,5.2205343,8874
7.66,0.64869744,8874
7.66,2.2387373,8874
7.62,-0.12054092,8874
7.6,4.4117813,8874
7.58,3.8897336,8874
7.58,2.6838875,8874
7.25,3.0376341,8874
6.96,3.6988916,8874
6.66,1.0608926,8874
5.92,0.7414349,8874
5.82,4.1745377,8874
5.77,3.712191,8874
6.62,3.126565,14689
6.48,3.4201198,14689
6.47,4.526696,14689
6.44,1.533916,14689
6.43,-1.0174288,14689
6.42,-2.4997108,14689
6.41,-0.31570935,14689
6.41,0.25498867,14689
6.38,0.8748143,14689
6.36,2.3290944,14689
6.35,0.6985689,14689
6.32,1.2067497,14689
6.28,2.0345476,14689
6.28,-0.6215931,14689
6.21,0.9475765,14689
6.19,-1.0706733,14689
6.12,1.8911002,14689
6.12,-2.5515747,14689
6.12,-0.48002213,14689
6.11,3.393483,14689
6.1,-2.41439,14689
6.08,0.6339981,14689
6.0,-0.9956032,14689
6.0,1.0608352,14689
5.99,0.8489581,14689
5.88,0.73187435,14689
5.82,-0.9233786,14689
5.82,-2.411226,14689
5.81,-1.7283019,14689
5.8,-0.33753222,14689
5.77,-3.5766866,14689
5.66,-1.0947967,14689
5.66,-2.3054786,14689
5.64,0.43953314,14689
5.64,-0.8115321,14689
5.57,-2.3598354,14689
5.52,1.7196678,14689
5.5,-2.3214118,14689
5.45,2.6218445,14689
5.37,-0.75799865,14689
5.33,-2.7032504,14689
5.31,-4.8804345,14689
5.3,0.798926,14689
5.25,-1.2786857,14689
5.21,-1.0025464,14689
5.04,-3.648728,14689
4.89,-4.7610264,14689
4.82,-2.0045161,14689
4.74,-3.0470529,14689
4.66,-4.921591,14689
8.85,2.6044288,5309
8.28,2.6385915,5309
7.72,2.1546729,5309
7.55,0.26844248,5309
7.52,-2.7053313,5309
7.43,-1.1743959,5309
7.41,-4.8358035,5309
6.88,-1.2545826,5309
6.87,-6.3196373,5309
6.83,-0.25602755,5309
6.78,-5.2125616,5309
6.78,-4.557553,5309
6.36,-4.6507564,5309
6.34,-3.99985,5309
6.29,-3.3991098,5309
6.23,-2.2056928,5309
6.12,-3.6518385,5309
6.09,-5.4111915,5309
5.98,-1.4983029,5309
5.64,-3.9384768,5309
5.49,-3.5176337,5309
5.21,-2.8142765,5309
6.3,0.93442905,1398
5.49,5.4705653,2289
9.0,-2.2946672,6074
9.0,1.8428726,6074
9.0,-2.208405,6074
9.0,-0.2871387,6074
9.0,-1.425898,6074
9.0,-5.6704397,6074
9.0,-3.2598534,6074
9.0,-2.3038588,6074
9.0,-2.9973295,6074
9.0,-4.2387905,6074
8.96,-5.794009,6074
8.85,0.45727298,6074
8.7,-3.6869385,6074
8.37,-4.101896,6074
8.3,1.5169822,6074
8.19,-3.210483,6074
8.04,-2.0761697,6074
8.0,-7.461449,6074
7.92,-1.3562056,6074
7.72,1.7899336,6074
9.1,2.7538135,8247
8.89,0.9330016,8247
8.77,4.9267993,8247
8.54,0.71922237,8247
8.37,0.40920216,8247
8.15,1.258592,8247
8.08,0.8458529,8247
7.78,1.9813529,8247
7.51,0.08160623,8247
7.47,-1.3307031,8247
7.36,0.47249392,8247
6.9,-2.060412,8247
6.78,-0.82763356,8247
6.53,-1.2620246,8247
6.38,-2.1619823,8247
6.31,-2.4987295,8247
6.55,-4.294379,9114
5.33,-5.75193,14282
8.0,-4.130031,12036
6.7,-0.5834122,12036
6.66,4.443345,12036
6.02,-1.3210016,12036
5.87,3.611044,12036
6.1,-0.6836431,931
5.9,-0.61940026,931
9.15,6.3648505,10514
7.28,1.2943687,515
6.05,0.0838724,1429
8.74,1.9094791,4720
9.0,-2.435345,9892
6.14,-1.0952344,1920
6.13,-3.0450754,1920
5.92,-1.5800295,1920
5.85,-4.2488217,1920
5.85,-1.7328291,1920
5.75,-1.5088068,1920
5.7,-2.1375763,1920
5.68,1.2158042,1920
5.66,-0.99688,1920
5.66,-0.5564245,1920
5.62,1.7074841,1920
5.55,-0.6761294,1920
5.54,1.1989535,1920
5.5,0.7129169,1920
5.42,-5.7914734,1920
5.38,-2.9505558,1920
5.36,-0.7188087,1920
5.3,-1.4131671,1920
5.25,-0.39289573,1920
5.24,-3.1347241,1920
5.18,-2.6177895,1920
5.17,-0.720422,1920
5.16,-1.1584013,1920
7.22,1.3285232,16049
7.22,4.092548,16049
7.1,0.7178966,16049
7.0,0.084480695,16049
6.96,1.9428942,16049
6.92,1.7200571,16049
6.17,3.283933,16049
6.08,0.3688093,16049
5.9,4.5723567,16049
5.86,-0.25477523,16049
5.72,0.74097747,16049
5.32,-4.760677,16049
5.31,-4.5794735,16049
4.97,-0.56290764,16049
4.79,-0.92143786,16049
9.47,0.7357753,6078
9.42,1.3172982,6078
9.15,0.4470474,6078
8.64,-2.0258145,6078
8.21,-1.9572822,6078
8.09,-2.3397136,6078
8.0,-3.0122814,6078
7.41,-1.6840876,6078
8.52,-1.3412867,6192
8.22,-0.8510528,6192
7.82,-1.7080431,6192
7.72,-0.98012394,6192
7.64,-1.8909535,6192
7.64,-2.0100856,6192
7.52,-0.35118812,6192
7.52,-4.6072884,6192
7.47,-2.124308,6192
7.44,0.8778657,6192
7.41,-3.0370054,6192
7.4,-3.2527838,6192
7.33,-1.4020092,6192
7.33,0.46005237,6192
7.32,-1.0336648,6192
7.17,0.41694385,6192
7.16,-2.5787485,6192
7.13,-2.7317252,6192
7.1,0.03962721,6192
7.08,-1.0455798,6192
7.01,0.015714921,6192
7.0,-0.20279747,6192
7.0,-1.0092684,6192
6.98,-1.0152906,6192
6.98,-2.850098,6192
6.97,-3.6391711,6192
6.97,-0.82275707,6192
6.94,-2.7237697,6192
6.92,-2.7364724,6192
6.9,0.09683104,6192
6.9,-0.10723788,6192
6.89,-2.8210497,6192
6.88,-2.3784876,6192
6.88,-3.322124,6192
6.84,-2.9796414,6192
6.8,0.41845757,6192
6.8,0.82801545,6192
6.8,-1.0353161,6192
6.8,-0.6409645,6192
6.78,-3.2907054,6192
6.77,-2.967797,6192
6.77,-2.5162237,6192
6.77,-2.49879,6192
6.76,-2.6643667,6192
6.76,-2.6605449,6192
6.71,-0.46163228,6192
6.7,-2.6770055,6192
6.67,-0.9778644,6192
6.67,0.07168139,6192
6.65,-0.5958238,6192
6.65,-1.3216288,6192
6.6,-3.4168367,6192
6.6,-6.1599617,6192
6.55,-5.4064193,6192
6.51,-2.4927752,6192
6.48,-2.99844,6192
6.46,-2.0127409,6192
6.46,-1.8274221,6192
6.43,-0.09211429,6192
6.43,-2.7790396,6192
6.41,-3.6368,6192
6.4,-4.5624313,6192
6.36,-1.0573717,6192
6.36,-2.7749684,6192
6.34,-2.2505753,6192
6.34,-1.7820771,6192
6.33,-3.5954697,6192
6.27,-1.9873945,6192
6.27,-1.6498789,6192
6.26,-3.2686722,6192
6.23,-0.35516715,6192
6.23,-0.8519755,6192
6.2,-2.2469947,6192
6.19,-0.40549782,6192
6.19,0.1354276,6192
6.16,-3.133966,6192
6.14,-2.9206188,6192
6.1,0.11078522,6192
6.1,-2.1439538,6192
6.1,-3.0644114,6192
5.97,-0.040241413,6192
5.96,-3.0527673,6192
5.95,-3.3349018,6192
5.91,-3.8663177,6192
5.89,-3.0327587,6192
5.89,-3.3228304,6192
5.89,-4.737011,6192
5.89,-3.1059022,6192
5.87,-2.1398604,6192
5.87,-0.12239909,6192
5.83,-3.8678389,6192
5.83,-4.444083,6192
5.82,-3.9637995,6192
5.8,-3.1837776,6192
5.8,-2.7257018,6192
5.79,-5.5127764,6192
5.77,-2.9819028,6192
5.74,-3.7702868,6192
5.67,-3.1825018,6192
5.57,-0.44650406,6192
5.51,-2.6852775,6192
5.51,-3.3719447,6192
5.51,-4.441157,6192
5.48,-3.655696,6192
5.43,-2.3083663,6192
5.41,-1.777833,6192
5.38,0.40756866,6192
5.38,-3.3390846,6192
5.26,-1.6988268,6192
5.26,-2.921071,6192
5.2,-0.5130247,6192
5.17,-4.6181455,6192
5.07,-5.071869,6192
5.06,-2.5797873,6192
5.03,-3.022822,6192
5.03,-3.2083569,6192
5.03,-2.6792893,6192
5.02,-0.16225791,6192
5.01,-3.5286863,6192
4.91,-4.6814623,6192
4.81,-1.6044763,6192
6.58,0.41697755,6824
8.7,2.1285806,1529
7.68,-0.2318067,1529
7.3,-0.86283296,1529
7.21,2.2438061,1529
7.02,3.182471,1529
5.5,-4.0355105,1529
5.48,1.1748285,1529
5.09,-5.553249,1529
8.66,1.1021547,10953
8.1,-2.4768832,10953
8.03,-2.4768832,10953
7.72,-2.4768832,10953
7.43,2.8065774,10953
6.75,-2.202592,10953
5.54,-4.3792467,13703
7.89,2.902537,16430
7.36,3.5794182,4810
6.76,-2.155596,4810
6.64,0.029508736,4810
5.34,-4.2268944,4810
7.62,-2.4130077,9799
7.47,3.3006713,15579
7.22,0.8987197,15579
6.0,-0.55310327,15579
6.0,-0.560364,15579
5.37,-4.93044,15579
9.52,-2.7672892,10797
8.89,-2.4870682,10797
8.19,2.5996268,10797
6.8,0.9586266,3061
6.7,-2.667704,3061
6.5,-1.9401755,3061
5.8,-4.419773,3061
5.6,1.8813926,3061
5.5,2.3722916,3061
5.4,-0.42809558,3061
5.3,-1.7432833,3061
5.2,-3.309802,3061
5.0,-3.4778273,3061
5.0,-2.3875923,3061
4.9,-4.021145,3061
4.8,-4.034984,3061
4.6,-5.2911997,3061
6.12,-1.9450594,17658
9.72,-6.2990613,6437
5.37,1.5723784,6437
8.89,4.335338,1355
5.24,1.9506774,11844
5.17,2.536446,11844
5.09,1.226372,11844
5.06,2.6684637,11844
4.61,-2.7040386,11844
7.52,-1.2865939,10078
7.16,-2.033733,10078
7.1,-1.3093809,10078
7.0,-1.20683,10078
6.92,-1.6697708,10078
6.82,-1.2081033,10078
6.72,-5.4623947,10078
6.7,-0.58288306,10078
6.62,-2.6644297,10078
6.47,-1.5963537,10078
6.25,-1.4966501,10078
6.1,-1.2356182,10078
7.0,-4.180525,1054
6.7,-3.49178,1054
6.52,-5.0720596,1054
6.22,-2.5440955,1054
5.85,-2.5933568,1054
4.57,-1.7559257,1054
4.34,-6.1698847,1054
4.07,-5.8634944,1054
6.15,-3.738861,8623
5.24,-3.3254237,17154
5.25,0.4900567,12276
7.96,-0.6074591,16969
7.57,-0.19407323,13056
6.72,-1.9593807,13056
8.76,0.52645445,4730
7.7,4.1151314,16370
7.7,2.5011096,16370
7.58,1.8373061,16370
7.57,1.5029918,16370
7.57,1.4356285,16370
7.55,1.2083819,16370
7.52,3.5990124,16370
7.52,3.264486,16370
7.5,1.8450481,16370
7.47,1.624868,16370
7.47,1.7782412,16370
7.47,0.91489345,16370
7.46,1.9166511,16370
7.43,2.161265,16370
7.4,1.8522549,16370
7.4,2.1848288,16370
7.36,1.8338302,16370
7.36,2.9044476,16370
7.35,1.233409,16370
7.34,2.964654,16370
7.34,1.2637103,16370
7.28,0.14975762,16370
7.25,1.8155125,16370
7.24,1.8562618,16370
7.24,1.7624902,16370
7.24,1.6542035,16370
7.24,-0.39856082,16370
7.22,4.734614,16370
7.19,3.1554003,16370
7.17,-0.10516639,16370
7.12,2.68281,16370
7.1,4.0898924,16370
7.07,3.6283858,16370
6.97,2.0954208,16370
6.92,1.2011689,16370
6.92,1.5664961,16370
6.86,1.6449692,16370
6.85,3.658736,16370
6.84,1.7495372,16370
6.83,2.626106,16370
6.82,0.32959205,16370
6.8,3.7687016,16370
6.7,-0.41013992,16370
6.68,3.139296,16370
6.62,3.5836265,16370
6.55,2.1944098,16370
6.53,3.1966252,16370
6.27,3.1787484,16370
6.13,1.0196446,16370
5.7,2.808055,16370
5.1,1.2875227,16370
5.79,3.6584144,54
9.0,3.9325135,1298
8.52,-3.15599,1298
7.72,-1.5165131,1298
7.62,-5.4750896,1298
7.52,-1.8586195,1298
7.5,-5.9683123,1298
7.06,0.0918984,1298
6.97,0.32411698,1298
6.82,-0.4227661,1298
6.27,-2.6125104,1298
6.06,1.1353489,7349
5.82,0.3837663,42
5.82,0.59881157,42
5.75,-0.29943845,42
5.72,0.47731692,42
5.62,1.8889145,42
5.12,0.91582227,42
5.01,-1.0914654,42
4.85,4.0484157,42
4.75,4.335813,42
4.67,1.3957227,42
4.66,0.39966968,42
4.64,0.45177084,42
4.32,2.268722,42
4.31,0.78578454,42
6.54,3.6204135,14372
6.76,-2.0028763,8837
6.5,-0.09064819,8837
8.77,-2.7495892,10205
6.07,2.4940248,1630
5.9,1.6873847,1630
5.83,2.1548698,1630
5.7,-2.0084546,1630
5.49,0.3262859,1630
5.3,-2.0106177,1630
7.42,-0.5639081,10909
7.38,2.2962222,10909
6.95,2.1228333,10909
7.2,-0.18417874,12366
6.8,3.5047774,14742
6.68,-0.5724361,14742
6.4,-0.29780778,14742
6.36,0.43767977,14742
5.75,-0.79178905,14742
9.4,1.5997844,17079
9.1,-1.6599731,17079
9.1,-1.2138153,17079
9.1,3.416208,17079
9.0,-0.878798,17079
8.7,-1.2565453,17079
8.7,-1.0801815,17079
8.3,-4.699196,17079
8.1,-0.13956627,17079
8.0,-2.329181,17079
7.82,-0.28708312,17079
7.8,0.4958961,17079
7.42,2.6379082,17079
7.27,0.56554043,17079
7.22,-4.814368,17079
7.22,-0.98034996,17079
7.22,-0.6630089,17079
6.33,-2.5084386,17079
6.2,-3.2597122,17079
6.05,-3.6684246,17079
6.03,-2.2249823,17079
8.22,0.8847257,4719
8.14,4.699793,4719
7.62,2.4249418,4719
7.46,-0.032030385,4719
7.3,-0.25908467,9317
6.72,-2.7830706,9317
6.28,6.374253,9317
4.85,-4.8616915,16659
4.55,2.905316,16659
4.44,2.5372348,16659
4.39,1.7697482,16659
4.29,2.4936552,16659
4.28,2.558934,16659
4.24,0.9745005,16659
4.21,2.3203845,16659
4.11,-1.8809787,16659
4.1,1.2332387,16659
4.05,-0.39978182,16659
4.03,1.2932119,16659
4.02,2.9871864,16659
7.92,-0.6823979,4458
7.7,-0.19757697,4458
7.7,1.2022086,4458
7.64,-2.0160372,4458
5.05,4.017107,4458
8.6,-3.899471,440
5.98,-0.8841476,2309
5.88,0.2424398,2309
5.78,0.9052059,2309
5.73,-3.2792103,2309
5.69,0.11690553,2309
5.68,-0.4965906,2309
5.67,-1.3156657,2309
5.65,3.267497,2309
5.61,1.3616705,2309
5.61,3.6064525,2309
5.53,-0.66331077,2309
5.48,0.25314882,2309
5.23,1.7096652,2309
5.22,0.76437366,2309
5.07,-0.18409458,2309
5.04,-2.5803726,2309
4.95,1.3928614,2309
4.88,-1.4394823,2309
4.86,-0.24004754,2309
4.72,1.618174,2309
4.71,-0.741371,2309
4.71,-0.65233696,2309
4.56,0.33553442,2309
4.38,-2.9643433,2309
4.18,-2.8872774,2309
6.66,4.244002,11091
8.89,0.33869186,10095
5.6,-1.4612461,5920
5.6,-1.5961944,5920
5.57,-3.672343,5920
5.57,-1.9210726,5920
5.55,-0.88062215,5920
5.51,-1.0984403,5920
5.5,-2.4535737,5920
5.5,0.2250393,5920
5.48,-1.1123787,5920
5.46,-1.3375982,5920
5.43,0.38838148,5920
5.43,-3.0944176,5920
5.38,-6.359625,5920
5.37,-1.9660857,5920
5.24,-7.5578623,5920
5.19,-1.7080677,5920
5.12,-2.5148282,5920
7.77,1.5201142,14343
7.28,-1.4242123,14343
5.04,-3.046967,3520
6.92,1.4854779,8609
4.73,-4.053016,14179
7.28,0.35232657,13262
8.7,3.6305947,15263
8.3,-1.5193996,15263
8.3,4.7171574,15263
8.22,4.318174,15263
8.15,2.0880532,15263
8.1,3.3111951,15263
8.1,3.942704,15263
8.1,3.8009574,15263
8.0,1.9775356,15263
8.0,-2.8009145,15263
7.46,0.8585351,15263
7.31,0.04265663,15263
7.24,1.676953,15263
7.21,0.35639933,15263
7.17,4.008888,15263
7.16,3.7660182,15263
7.15,2.235888,15263
7.1,1.0141838,15263
7.06,2.641815,15263
7.03,0.27485633,15263
7.02,4.008888,15263
7.01,1.2888769,15263
7.0,3.081126,15263
6.51,3.1090837,15263
5.54,-2.1700184,413
7.13,0.7921031,4747
6.9,0.18710184,4747
6.58,-0.98488486,4747
6.53,-0.98488486,4747
5.89,-0.007419944,4747
5.06,0.18710184,4747
4.3,1.9674591,1024
7.85,0.8808452,1153
7.72,0.5966455,1153
7.41,2.3045254,1153
7.34,-5.324871,1153
7.28,-2.176227,1153
7.23,1.184169,1153
6.75,-2.016666,1153
6.18,-4.748541,1153
6.74,4.834457,11632
7.33,4.9533324,15873
7.23,2.6174848,15873
6.96,1.5054876,15873
6.68,3.691389,15873
6.6,0.9515451,15873
6.55,0.4321721,15873
6.5,1.7085917,15873
6.47,-0.68530625,15873
6.43,2.1675467,15873
6.29,-1.4267321,15873
6.15,5.6680136,15873
5.89,-0.60447234,15873
5.47,-2.809881,15873
8.22,-0.5832431,12546
6.81,3.2432086,13743
8.42,-4.100372,388
8.42,-3.94689,388
8.37,-2.1061423,388
8.36,-2.5518825,388
8.25,-0.7099813,388
8.25,-3.1698496,388
8.14,-2.6534426,388
8.09,-1.7243681,388
8.07,-4.1427917,388
8.0,-5.3712106,388
7.96,-0.5540594,388
7.94,-2.7834275,388
7.81,-4.912064,388
7.75,-4.591318,388
7.56,-2.2124233,388
7.55,-3.611861,388
7.54,-4.3558006,388
7.52,-0.7099813,388
7.51,-2.847188,388
7.38,-4.4384384,388
7.35,-3.0704613,388
7.3,-0.9262751,388
7.28,-4.9579463,388
7.16,-3.5615373,388
7.04,-6.9458666,388
6.79,-4.6823297,388
5.17,-4.56504,2370
8.15,-0.055545174,4861
7.72,7.1209693,4861
7.38,0.0053281635,4688
7.38,-2.6646934,4688
7.28,0.9650611,4688
7.27,-3.9313505,4688
7.24,3.128307,4688
7.12,1.6242324,4688
6.43,2.9774492,4688
10.7,-0.820083,8648
10.4,-0.37491146,8648
10.22,-2.814558,8648
10.15,-1.1964715,8648
10.0,-1.3634524,8648
10.0,-2.3467062,8648
9.8,-1.9022431,8648
9.74,-3.7171242,8648
9.72,-0.7147833,8648
9.62,-0.45757177,8648
9.52,-2.225909,8648
9.4,-1.9973537,8648
9.4,-1.1452811,8648
9.3,-2.8911994,8648
9.22,1.6635555,8648
9.05,-1.5253922,8648
8.85,-0.8245629,8648
8.52,-1.8091985,8648
8.26,0.8267902,9128
8.26,3.502996,9128
7.81,0.8214122,9128
7.59,0.61324495,9128
7.55,-0.81140465,9128
7.55,-2.4328337,9128
7.51,0.058651946,9128
7.49,-3.5942929,9128
7.49,3.0787385,9128
7.48,0.38738468,9128
7.47,-0.8631974,9128
7.45,-1.6934369,9128
7.33,-1.0323819,9128
8.17,-5.4026575,1407
7.75,-0.44147056,1407
7.52,-5.4294004,1407
7.51,-1.0329977,1407
7.18,-4.820714,1407
7.5,-1.2611102,93
7.3,-1.173611,93
9.82,-3.649182,14235
8.18,1.4494455,14235
7.52,-1.4059137,14235
6.42,-0.2501813,12433
7.06,-0.22213432,12019
8.7,0.97449714,17384
8.52,4.0321703,17384
8.22,-2.7944915,17384
8.22,-1.3939124,17384
8.15,-1.447859,17384
8.05,0.15290833,17384
7.92,-0.048081286,17384
7.17,0.84748316,17384
6.12,-1.1101646,13000
4.3,-4.095195,1996
4.23,-4.3971705,1996
4.22,-4.2851076,1996
4.14,-1.778583,1996
4.06,-3.1916237,1996
4.01,-2.8409328,1996
4.0,-0.21035334,1996
7.42,-0.8009313,4725
6.51,-1.2867275,4725
6.34,-0.68112385,4725
5.82,-2.6121469,4725
7.39,-3.7192245,3446
5.66,1.330603,9430
5.42,-4.305982,9430
9.1,0.4659037,7304
8.74,-2.4453945,7304
8.66,0.76763463,7304
8.59,-1.0411853,7304
8.52,-1.0411853,7304
8.51,-1.3788685,7304
8.41,-3.603355,7304
8.4,-1.102393,7304
8.39,-3.5234044,7304
8.39,-3.424278,7304
8.31,-1.3788685,7304
8.3,-1.4116986,7304
8.25,-1.9095278,7304
8.1,-3.6611917,7304
8.09,-3.081915,7304
8.05,-4.5426354,7304
8.02,-2.4453945,7304
7.96,-2.7951899,7304
7.89,-4.8168926,7304
7.8,-2.1426482,7304
7.77,-4.7702994,7304
7.52,-3.4389305,7304
7.52,-4.706471,7304
7.5,-3.4215817,7304
7.27,-4.797643,7304
7.19,-5.5512347,7304
7.1,-4.60615,7304
7.07,-3.492284,7304
7.03,-6.0021157,7304
6.85,-5.5095468,7304
6.82,-5.0192842,7304
6.8,-4.7886677,7304
6.77,-5.989868,7304
7.38,6.9000463,15000
7.27,4.798114,12501
7.08,2.8276205,12501
7.0,3.8546572,12501
6.88,4.728051,12501
6.8,-2.34498,12501
6.65,-0.8163388,12501
6.65,1.93531,12501
6.64,1.4413599,12501
6.62,1.41285,12501
6.51,1.300065,12501
6.46,1.3675575,12501
6.35,-0.33416098,12501
6.34,4.4551096,12501
6.3,-1.3695058,12501
6.25,-1.4238868,12501
5.97,1.4415158,12501
5.94,1.558138,12501
5.89,0.61100847,12501
5.54,-2.949731,12501
5.47,2.1027918,12501
5.3,0.2687026,12501
5.26,-0.028255947,12501
5.21,0.027197614,12501
5.05,-4.816865,12501
8.13,-1.1488324,13292
7.98,0.6723443,13292
7.87,-1.125282,13292
10.05,3.374265,2529
9.7,-0.69143397,2529
9.66,4.5114436,2529
9.66,2.59645,2529
9.57,3.4531157,2529
9.28,2.805885,2529
9.22,4.786294,2529
9.19,2.933569,2529
9.11,3.4466975,2529
8.7,4.4714503,2529
8.68,3.4169104,2529
8.6,3.1117163,2529
8.44,4.7325068,2529
8.2,3.4177787,2529
8.05,5.700867,2529
7.89,4.768578,2529
7.8,4.384929,2529
7.8,4.1632857,2529
7.07,5.694517,2529
6.6,3.4965668,2529
5.54,3.5774608,2529
5.3,0.8516073,12043
4.77,-0.46720028,12043
4.08,-0.12538603,12043
9.0,2.3987288,14432
6.24,-0.51578754,6058
6.11,-4.393368,6058
5.54,2.1767032,17790
8.15,1.5461265,9762
6.35,1.1849862,9762
5.6,-1.2964919,9762
5.46,1.6608627,9762
5.19,2.3386142,9762
5.09,2.5602791,9762
5.05,-2.6506233,9762
4.89,2.9683292,9762
4.78,-0.18259075,9762
4.19,-3.542376,9762
8.4,0.64775693,5218
7.19,1.5739535,5649
5.09,-1.0092654,14019
4.25,-1.4484038,14019
5.17,2.5103407,17401
7.54,2.527396,229
5.96,-0.22568771,767
8.68,6.717536,8502
8.66,4.6104712,8502
8.55,5.158626,8502
8.22,4.105583,8502
8.12,0.4117695,8502
7.96,7.2509027,8502
7.85,5.7033396,8502
7.68,2.399844,8502
7.62,3.751574,8502
6.89,-0.6122064,8502
6.58,-0.3926803,8502
6.52,-0.5921144,8502
8.4,-3.8239617,8147
7.72,-1.1140759,8147
7.62,-1.8149155,8147
7.43,-2.08749,8147
6.65,-4.7521577,8147
8.6,2.9294298,9052
6.77,3.5598814,12393
7.21,-4.8661504,3918
7.8,3.9279277,13231
7.5,3.4914873,13231
7.2,3.5329385,13231
7.2,1.6290215,13231
7.2,2.5333383,13231
7.0,2.9484093,13231
6.8,0.27921456,13231
6.7,2.0562892,13231
6.7,2.0318708,13231
6.6,0.74746954,13231
6.5,3.2175653,13231
6.4,1.1079428,13231
6.4,2.8333166,13231
6.4,2.980919,13231
6.3,0.532453,13231
6.3,1.9980155,13231
6.3,-0.33561164,13231
6.3,-1.024528,13231
6.2,2.3759239,13231
6.2,0.3026659,13231
6.2,1.5427788,13231
6.1,1.786836,13231
6.1,-0.47412363,13231
6.0,-1.8304532,13231
6.0,-0.47412363,13231
6.0,-1.5147194,13231
6.0,-0.25336653,13231
6.0,-0.6166757,13231
6.0,0.06988915,13231
5.9,-1.3238138,13231
5.9,0.06523853,13231
5.9,-1.9099768,13231
5.9,-2.5892422,13231
5.8,0.8669147,13231
5.8,1.8777372,13231
5.8,-1.3129481,13231
5.7,-0.36606103,13231
8.22,1.1881351,3134
8.22,-1.1365273,3134
8.22,-1.5252542,3134
8.15,-1.6168501,3134
8.15,0.5073411,3134
8.1,-1.2231588,3134
8.05,1.8894153,3134
8.05,0.3393666,3134
8.05,0.5731838,3134
8.0,-0.44066036,3134
8.0,-2.7085476,3134
7.96,3.925338,3134
7.96,2.032511,3134
7.92,1.751262,3134
7.89,2.1191506,3134
7.85,1.5809053,3134
7.7,-1.7098042,3134
7.7,-1.4559327,3134
7.52,2.0336225,3134
7.52,-1.7623571,3134
7.4,-1.8189621,3134
7.3,1.9960319,5318
6.92,2.8865664,5318
6.75,-0.9497272,5318
6.66,0.04073242,5318
6.64,2.3949037,5318
6.62,-1.5811882,5318
6.55,-2.2425265,5318
6.55,-2.9295943,5318
6.51,-1.6094255,5318
6.48,1.8919182,5318
6.43,-2.3548577,5318
6.43,-2.2918274,5318
6.4,-2.0944965,5318
6.3,-0.5094999,5318
6.29,-2.1050737,5318
6.24,-4.1549697,5318
6.24,-3.0847743,5318
6.15,1.9241165,5318
6.08,0.81219923,5318
6.06,-2.4843562,5318
6.06,-0.6310768,5318
6.04,-2.3261454,5318
5.98,-2.7399864,5318
5.95,0.19966501,5318
5.92,-2.125828,5318
5.76,-2.231378,5318
5.05,1.1563271,5318
8.0,2.260408,15593
7.7,3.966941,15593
7.7,3.192858,15593
7.7,3.192858,15593
7.52,2.3243403,15593
7.4,2.9767973,15593
7.3,2.9767973,15593
7.22,2.184109,15593
7.16,2.3243403,15593
7.1,2.260408,15593
7.0,1.3283826,15593
6.62,2.0581098,15593
6.39,1.326424,15593
6.39,0.2983197,15593
6.37,0.48070258,15593
6.27,0.1725378,15593
6.04,-0.37962458,15593
5.92,-0.7200955,15593
5.66,-0.4661017,15593
5.52,2.3243403,15593
5.48,-1.915235,15593
5.29,-0.686132,15593
5.17,-0.22407198,15593
5.02,-3.1922698,15593
4.47,-0.7671805,15593
6.94,-0.6004316,6906
6.52,-0.94664437,6906
6.01,-2.8726301,6906
7.66,-1.528341,9232
5.0,0.024408657,7511
6.82,-0.49385607,11459
6.8,0.14268258,11459
6.72,1.1680832,11459
6.7,-2.1494179,11459
6.68,-3.3531022,11459
6.6,-1.6546797,11459
6.54,-4.1621804,11459
6.52,-2.2240891,11459
6.41,-3.0536096,11459
6.31,-3.2317624,11459
6.24,-2.7953947,11459
6.22,-1.5509878,11459
6.22,-3.6919987,11459
6.2,-3.157183,11459
6.15,-2.3766868,11459
6.04,-3.8946998,11459
5.8,-5.0694356,11459
6.85,-3.4257755,9721
6.59,3.6713865,11516
6.4,2.5784757,11516
6.24,6.142698,11516
7.68,-4.1551204,6952
7.62,1.1598848,6952
7.48,0.49265367,745
6.37,-0.56181854,4537
6.31,-0.56181854,4537
6.02,0.31557062,4537
9.0,-0.39323992,7761
8.92,0.12638858,7761
8.77,0.572485,7761
8.74,-0.22560987,7761
8.62,1.6953607,7761
8.6,0.1851607,7761
8.6,2.7074792,7761
8.51,1.2385557,7761
8.47,0.6705058,7761
8.43,1.3462212,7761
8.41,0.6229149,7761
8.39,2.783544,7761
8.38,1.5510079,7761
8.32,1.6217682,7761
8.32,1.0549893,7761
8.32,1.5862128,7761
8.28,0.7128985,7761
8.26,-1.8496958,7761
8.25,1.3711193,7761
8.21,-0.3021538,7761
8.17,3.2698953,7761
8.17,-0.22915256,7761
8.17,0.472645,7761
8.15,0.85295445,7761
8.14,0.5664478,7761
8.12,-0.1443671,7761
8.08,1.7854624,7761
8.02,-0.81899536,7761
8.0,0.27604097,7761
8.0,-1.4411421,7761
8.0,-0.6153844,7761
7.96,-0.6120834,7761
7.89,0.5416424,7761
7.89,1.3272636,7761
7.85,1.8612087,7761
7.85,1.7266127,7761
7.82,0.6891817,7761
7.82,0.3844828,7761
7.77,1.4374474,7761
7.77,1.4453506,7761
7.77,-0.84214795,7761
7.75,0.98782104,7761
7.66,-2.744701,7761
7.64,1.3869947,7761
7.58,1.9836189,7761
7.51,0.29629302,7761
7.44,-1.9489106,7761
7.44,2.610429,7761
7.42,0.6565736,7761
7.28,0.9579316,7761
7.22,-0.085774615,7761
7.2,-1.7723861,7761
7.19,-0.6282405,7761
7.16,-0.37353238,7761
7.01,1.6000501,7761
6.92,1.4081494,7761
6.92,-0.7733125,7761
6.92,0.088614956,7761
6.89,1.0920633,7761
6.89,1.0558628,7761
6.87,-1.7662957,7761
6.82,1.6794742,7761
6.81,-0.4026803,7761
6.78,1.1444124,7761
6.67,-0.27873415,7761
6.64,0.17141512,7761
6.52,-0.2342819,7761
6.51,1.6258909,7761
6.28,1.6207454,7761
6.0,1.5124004,7761
5.74,0.78857744,7761
4.7,1.3315724,7761
4.7,-0.21458438,7761
8.44,6.9612107,5588
7.65,-0.18902951,5588
7.89,5.27122,2681
6.97,-1.8857071,2681
6.63,-4.2356644,2681
6.31,-4.5851316,2681
9.31,-1.5343716,6144
9.15,3.1025198,6144
9.11,0.89671516,6144
9.1,-0.28423372,6144
8.91,-0.9889625,6144
8.8,1.3839587,6144
8.72,0.17287645,6144
8.66,0.64005077,6144
8.59,0.5774015,6144
8.48,0.3910932,6144
8.48,-0.7176536,6144
8.32,0.30335155,6144
7.8,-0.28410923,6144
7.79,-2.2315018,6144
7.74,-3.7650492,6144
7.65,-0.8375161,6144
7.51,-2.137933,6144
6.8,0.53584605,5506
7.72,-0.7216808,528
7.07,-2.1753876,528
6.77,-1.1057957,528
9.7,-0.86186296,17234
7.0,-5.4588933,17234
6.05,-5.568267,17234
5.82,2.0497072,16618
6.36,-0.7086992,13994
6.05,3.654815,9797
9.1,-2.384008,16781
8.31,2.6363564,1967
8.3,2.559217,1967
8.3,3.4950314,1967
8.2,2.5737622,1967
8.15,0.7201974,1967
8.1,1.4768326,1967
8.06,1.9600909,1967
8.05,2.2157042,1967
7.92,2.7462947,1967
7.92,3.7609634,1967
7.89,4.122144,1967
7.89,4.61048,1967
7.75,-2.6953661,1967
7.72,1.2468605,1967
7.48,-2.1670258,1967
6.99,1.4331254,1967
6.52,0.26677933,1967
6.48,2.009667,1967
6.47,-1.3365864,1967
6.17,3.1752722,1967
6.13,-1.1921413,1967
6.12,1.6980892,1967
5.94,-3.327823,1967
5.9,-1.4860708,1967
5.6,-0.053121157,1967
5.55,-2.6394024,1967
5.4,0.064945154,1967
7.8,-0.81521,12537
9.0,2.3702958,4411
8.92,5.3389263,4411
8.74,1.7895318,4411
8.62,2.4304953,4411
8.42,1.3058162,4411
8.2,2.0086186,4411
8.15,3.725652,4411
7.92,1.5997101,4411
7.92,2.0873356,4411
6.94,0.92015415,4411
6.62,2.3966615,4411
8.8,-1.8015007,2713
6.21,2.7301214,3288
5.75,-0.4897536,3288
8.7,4.8083496,5801
8.15,1.7593472,5801
8.1,3.896575,5801
4.96,-3.037434,10351
6.26,3.430453,14984
5.06,-2.17354,11527
7.52,3.605377,6099
7.16,1.618269,6099
7.05,3.605377,6099
6.96,0.96098936,6099
6.7,1.618269,6099
6.66,0.96098936,6099
6.41,0.062589,6099
6.16,-0.2432794,6099
6.0,0.062589,6099
5.96,-0.2432794,6099
8.64,-2.6179109,6384
7.02,-1.3641123,12706
5.43,-7.0572577,15227
8.7,5.1948805,11244
8.22,5.9291325,11244
8.22,6.1879644,11244
8.1,3.2074306,11244
8.1,4.0438466,11244
8.0,3.3201852,11244
7.96,5.7090697,11244
7.57,2.2647836,11244
7.55,6.0665383,11244
7.44,6.262894,11244
7.42,6.9932566,11244
7.41,5.3925242,11244
7.38,5.294779,11244
7.3,4.7357183,11244
7.28,6.196411,11244
7.28,5.727755,11244
7.25,5.002415,11244
7.21,5.5991054,11244
7.18,7.4670753,11244
7.14,3.8699772,11244
7.1,2.8396707,11244
7.09,6.292009,11244
6.66,4.364841,11244
6.53,2.3256936,11244
6.35,1.085371,11244
6.18,4.807124,11244
7.32,-0.48026207,3102
5.65,0.6428009,3961
5.4,0.15149227,3961
4.82,1.5854994,3961
4.8,0.06471367,3961
4.6,-2.353514,3961
4.34,-4.0947804,3961
8.1,-2.5119457,4958
4.69,3.300987,17626
8.19,0.38143504,2847
5.48,-6.507668,2847
7.29,-0.8583097,17839
7.0,-1.775444,17839
6.67,-0.6702404,17839
6.48,-0.41384262,17839
6.26,-3.0316746,17839
6.2,1.2054814,17839
6.11,-1.9781252,17839
5.93,-0.9596365,17839
5.89,-3.0918798,17839
5.79,-1.2574378,17839
5.52,-1.2151669,17839
5.31,1.4936874,17839
5.25,-1.2648517,17839
5.13,-0.6354134,17839
7.0,-3.5502033,12400
7.85,-2.3744814,8758
9.0,1.9387553,741
9.0,3.403607,741
9.0,1.5703512,741
9.0,2.31409,741
9.0,1.3758351,741
9.0,1.1237903,741
9.0,1.3786641,741
8.52,2.5784786,741
8.52,-0.46297765,741
8.22,-1.4652295,741
8.0,-3.8080819,741
6.3,-8.024641,741
6.44,1.2158369,16812
6.31,2.9043896,16812
8.0,0.6310278,9596
6.82,-6.7477746,9596
6.62,-7.0773845,9596
7.5,5.7049985,8064
7.28,4.6332936,8064
6.52,-3.717735,8064
7.62,1.2281916,16331
6.22,-6.885818,16331
8.52,3.8987052,1727
8.3,4.7136626,1727
8.1,1.1244776,1727
8.05,2.6101856,1727
7.96,5.287001,1727
7.96,3.781047,1727
7.92,2.971655,1727
7.85,4.949255,1727
7.68,-1.6846969,1727
7.55,1.4787153,1727
7.54,1.5187061,1727
7.52,4.9629555,1727
7.43,3.0757036,1727
7.22,3.2495458,1727
7.19,4.9164147,1727
7.16,2.1916704,1727
7.16,4.836774,1727
7.11,4.6911097,1727
7.09,3.3581123,1727
7.04,4.082991,1727
6.92,5.1336718,1727
6.81,-2.5032957,1727
6.8,-1.7594794,1727
6.75,-1.0591317,1727
6.74,-2.3962958,1727
6.7,1.6510739,1727
6.7,3.7225826,1727
6.6,0.021393623,1727
6.55,1.3042836,1727
6.34,-1.1713097,1727
6.3,-3.4682353,1727
6.29,-0.59147257,1727
6.22,-0.63799846,1727
6.07,-2.1171567,1727
6.04,-0.035254024,1727
5.98,-2.5207477,1727
5.89,-1.0591317,1727
5.82,-1.8312572,1727
5.77,5.757759,1727
5.77,-2.5472019,1727
5.54,-2.5032957,1727
5.34,-2.0796957,1727
5.29,-1.7594794,1727
5.27,-2.5146186,1727
8.49,3.3035817,3945
5.19,-2.6519415,17888
8.46,-1.5514793,6151
8.28,2.3825758,6151
8.23,0.068913355,6151
8.23,1.3108684,6151
8.18,-0.7652148,6151
8.18,-0.5732762,6151
8.17,-0.074504524,6151
8.16,-1.6831532,6151
8.16,2.3825758,6151
8.05,-0.079742394,6151
8.03,-2.1180353,6151
7.99,-0.18241337,6151
7.94,2.3825758,6151
7.88,-1.3591597,6151
7.88,0.36360937,6151
7.85,-1.211176,6151
7.83,-0.34342396,6151
7.82,1.5303768,6151
7.8,1.602894,6151
7.79,0.9375632,6151
7.77,-1.4472055,6151
7.72,2.5166273,6151
7.66,-0.3887102,6151
7.64,-3.2411277,6151
7.59,-1.6682205,6151
7.59,-0.24588406,6151
7.54,-2.7045233,6151
7.53,-0.10844642,6151
7.52,2.0316055,6151
7.49,-0.74627453,6151
7.43,0.46038482,6151
7.43,-0.8274875,6151
7.41,-1.2206146,6151
7.4,-2.7046952,6151
7.39,-1.4039121,6151
7.38,-0.40740898,6151
7.36,-0.5571124,6151
7.34,-1.3352139,6151
7.34,0.8145136,6151
7.34,-0.86559033,6151
7.33,-1.2755526,6151
7.32,0.10149462,6151
7.31,1.5833584,6151
7.31,2.645085,6151
7.29,-3.159274,6151
7.29,-3.3119974,6151
7.24,-3.4637687,6151
7.24,0.05506406,6151
7.21,0.13795424,6151
7.2,-1.6247785,6151
7.19,-3.3816445,6151
7.18,-1.9410853,6151
7.18,-1.5189734,6151
7.18,-0.47499055,6151
7.17,-2.2483988,6151
7.17,-0.46524206,6151
7.16,-0.26932743,6151
7.15,-3.3940372,6151
7.15,-2.4955626,6151
7.12,-3.168745,6151
7.07,-3.691982,6151
7.03,0.7370834,6151
6.97,-2.9227111,6151
6.97,-1.1995203,6151
6.97,-3.1520655,6151
6.96,-2.604917,6151
6.93,1.8143193,6151
6.93,-2.3058338,6151
6.9,-3.4568508,6151
6.89,0.26078272,6151
6.86,0.62047356,6151
6.77,0.14966983,6151
6.7,-4.9395595,6151
6.55,-0.77820337,6151
6.54,-1.0093668,6151
6.53,-1.2898488,6151
6.5,-3.34289,6151
6.22,1.5584979,6151
8.97,-4.075365,8096
8.0,-1.9834986,8096
6.54,-1.5375345,8096
5.87,-3.1933851,8096
5.82,-3.4235196,8096
5.79,-2.823581,8096
5.6,-2.909771,8096
5.55,-2.3427622,8096
5.52,0.51415753,8096
5.42,-0.9941619,8096
5.4,-1.973845,8096
5.36,0.40783632,8096
5.35,0.36769938,8096
5.18,-1.3775332,8096
5.16,-3.9715948,8096
5.12,-3.9260705,8096
5.03,-3.524966,8096
5.0,-2.3773384,8096
4.96,-3.5535297,8096
4.78,-4.4783626,8096
5.73,3.685975,16611
8.15,0.0027902722,6011
8.1,-5.906317,6011
8.1,-2.4270377,6011
7.42,1.3632407,6011
7.11,-0.15621123,6011
6.32,-6.478192,6011
8.55,-0.58983505,12750
8.48,2.8137836,12750
8.29,1.4660091,12750
8.28,2.7358263,12750
8.02,-0.5953446,12750
7.72,4.718879,12750
7.64,0.27098906,12750
7.5,-2.374201,12750
7.31,-1.2637556,12750
7.74,-1.638981,1814
7.71,-0.6421673,4409
6.1,-0.9445254,13908
6.05,-3.9534936,13908
6.0,-1.1531876,13908
5.89,-2.1228604,13908
5.85,-4.4768524,13908
5.66,-1.5744561,13908
5.44,-2.8211317,13908
4.12,1.169941,5229
4.05,-1.6867168,5229
4.92,1.7680508,4613
4.58,-0.24317777,4613
4.4,-3.0835805,4613
4.24,-2.9915745,4613
9.0,0.06867887,2674
8.7,2.8411133,2674
8.52,-3.5986438,2674
8.52,4.595217,2674
8.52,1.2513615,2674
8.52,-2.4225755,2674
8.15,-1.6954834,2674
7.89,-3.4220967,8467
7.72,2.1231897,8467
7.62,-3.746974,8467
7.6,-0.55371624,1001
7.4,2.7574317,1001
7.28,-2.2653923,1001
7.22,1.5338323,1001
7.18,1.0911106,1001
7.18,0.264119,1001
7.17,1.1765088,1001
7.0,-3.5901785,1001
7.0,-4.188961,1001
6.96,0.5778319,1001
6.96,0.13960779,1001
6.89,-0.3406344,1001
6.8,0.28561193,1001
6.18,-1.7503334,1001
5.96,-3.39971,1001
5.8,0.33111638,1001
5.4,-4.2764697,1001
5.21,0.06717787,1001
9.97,0.23680907,10505
5.05,2.5213237,16080
5.02,0.6790769,16304
7.01,3.9354236,12779
6.83,-2.2654345,12779
6.68,-0.23879048,12779
6.12,-4.3186984,12779
5.99,-1.0148126,12779
6.0,-0.75589514,13969
8.27,2.5335975,13394
5.97,-0.5925017,520
7.82,2.5638742,5353
7.28,-0.9557661,5353
7.21,-4.1876564,5353
7.12,0.64701146,5353
7.07,1.6363089,5353
6.96,-4.1510496,5353
6.72,-0.8326892,5353
6.57,-0.7734146,5353
6.41,-6.0913534,5353
6.35,-6.471807,5353
6.31,-4.5046296,5353
6.25,-6.253734,5353
6.22,-6.211019,5353
5.7,-7.14337,5353
5.68,-5.7279935,5353
5.64,-7.2220144,5353
5.62,-8.209898,5353
5.55,-5.814517,5353
5.33,-6.8686976,5353
8.8,5.9808707,13740
8.54,6.354924,13740
8.49,6.712975,13740
8.25,6.255651,13740
8.11,6.7360816,13740
8.07,4.8215065,13740
7.94,5.41878,13740
7.9,4.600921,13740
7.88,2.1857169,13740
7.64,3.8611724,13740
7.59,4.213277,13740
7.56,6.6007776,13740
7.46,-0.57106864,13740
7.4,5.3061504,13740
7.39,-2.298587,13740
7.39,-0.4236154,13740
7.19,2.1663451,13740
7.19,6.039964,13740
7.06,3.029199,13740
6.92,5.581023,13740
6.85,5.129309,13740
6.62,5.1177773,13740
6.58,5.784171,13740
6.23,6.4865384,13740
9.0,2.0477064,16093
8.7,1.3223512,16093
8.7,1.4087201,16093
8.7,1.2229842,16093
8.7,1.3471268,16093
8.7,1.146562,16093
8.52,1.2896221,16093
8.52,-0.32574782,16093
8.52,1.7046875,16093
8.52,3.162375,16093
8.4,1.0324684,16093
8.4,0.5049985,16093
8.4,2.0028586,16093
8.4,-0.533459,16093
8.3,0.23853189,16093
8.3,1.3918046,16093
8.22,0.50758374,16093
8.22,1.364232,16093
8.15,-3.2386854,16093
8.15,3.670832,16093
8.1,-0.132624,16093
8.0,5.371043,16093
7.96,3.0808942,16093
7.96,2.6657012,16093
7.92,4.453819,16093
7.75,4.001788,16093
7.72,2.1432774,16093
7.7,3.4952059,16093
7.54,3.3066537,16093
7.44,2.7271678,16093
7.32,1.7533649,16093
6.64,-0.26439518,16093
8.77,3.3246827,1784
8.7,-1.3110008,1784
8.7,2.154191,1784
8.6,1.1051,1784
8.59,0.039208777,1784
8.55,2.3376768,1784
8.52,1.366322,1784
8.52,1.6600436,1784
8.48,1.9703361,1784
8.47,0.14653882,1784
8.19,0.51621133,1784
8.1,2.8266985,1784
8.0,2.0210042,1784
7.99,2.853174,1784
7.96,1.9111809,1784
7.96,2.2703798,1784
7.6,1.0628393,1784
7.55,1.1153139,1784
7.54,0.7585859,1784
7.47,-4.18925,1784
7.14,1.8503414,1784
6.85,-2.7660367,1784
6.85,-1.3555164,1784
6.82,0.034355722,1784
6.78,1.7362939,1784
6.75,-4.2224283,1784
6.54,3.1096873,1784
6.4,0.49939996,1784
6.12,1.8885585,1784
5.66,0.38567528,1784
4.71,-4.126264,1784
6.28,1.2415675,15022
8.52,-3.2529454,1160
8.52,-3.5400298,1160
8.4,2.4207973,1160
8.3,-1.3824931,1160
8.1,6.621093,1160
8.05,3.0826008,1160
8.0,-4.1406894,1160
8.0,-3.1841402,1160
8.0,-4.365079,1160
7.85,1.6113591,1160
7.82,-4.7090464,1160
7.8,0.6905041,1160
7.77,2.984629,1160
7.52,0.1869174,1160
7.52,-1.4828088,1160
7.26,5.806603,1160
7.09,3.862872,1160
7.09,1.1838646,1160
6.94,3.7084088,1160
6.75,-1.1592859,1160
6.59,0.06067741,1160
6.56,4.774322,1160
6.44,4.338594,1160
6.19,3.1304324,1160
6.75,6.299264,4835
6.51,5.0607057,4835
6.42,2.8387315,4835
6.27,3.6398077,4835
6.23,1.1528422,4835
6.2,2.2304833,4835
6.18,1.3842486,4835
6.13,1.1174295,4835
6.04,2.1013572,4835
8.7,4.3451223,16874
8.52,3.2856777,16874
8.52,4.498618,16874
8.3,2.2065501,16874
8.15,3.289728,16874
8.1,1.979504,16874
8.0,2.5026555,16874
7.92,4.7301517,16874
7.89,1.7359649,16874
7.89,-0.64249086,16874
7.85,3.3947232,16874
7.82,2.492125,16874
7.62,2.4414973,16874
7.6,5.7462506,16874
7.58,3.569013,16874
7.58,4.4670696,16874
7.54,1.7299544,16874
7.47,3.185565,16874
7.41,0.64299977,16874
7.37,-3.0556154,16874
7.33,1.8356551,16874
7.27,2.3914537,16874
7.26,3.0673282,16874
7.22,2.656894,16874
7.14,1.749705,16874
6.97,3.374883,16874
6.92,1.7020417,16874
6.8,3.4100428,16874
6.67,-0.32777038,16874
6.57,2.904652,16874
6.57,3.0695975,16874
6.35,-0.5856189,16874
6.32,1.4311064,16874
6.16,-1.6510746,16874
6.07,1.780746,16874
8.4,1.7495077,15533
8.3,0.074214645,15533
8.3,5.369798,15533
8.22,0.074214645,15533
8.22,4.781609,15533
7.7,4.781609,15533
7.7,1.7495077,15533
7.52,-1.0202199,15533
6.36,-4.55909,13556
6.05,-2.0010517,10569
8.05,-1.5545967,8377
4.75,1.0757846,861
8.07,-0.33517975,10918
7.24,2.1447465,10498
4.07,3.9377913,15280
6.18,4.198966,11649
6.13,-3.197475,11649
5.89,0.10370121,8672
5.68,-1.7691494,8672
5.58,-2.9759066,8672
5.46,1.2672957,8672
5.43,-7.4271502,8672
5.21,-3.385013,8672
5.17,-0.84605116,8672
5.11,1.3668119,8672
5.05,-1.1816573,8672
7.36,6.910145,12795
8.13,2.657355,14088
6.38,-4.0510545,6458
6.37,-5.401014,6458
6.29,-3.1556442,6458
6.12,-1.9225559,6458
6.12,-3.0191476,6458
6.04,-4.451963,6458
6.01,-3.8870165,6458
5.99,-3.6268702,6458
5.98,-2.0060163,6458
5.98,-1.364915,6458
5.86,0.7538359,6458
5.85,-3.432575,6458
5.84,-2.8246653,6458
5.84,-3.8439753,6458
5.81,-3.7983906,6458
5.64,-3.9502513,6458
5.59,-1.2194059,6458
5.58,-3.9162214,6458
5.57,-2.3746011,6458
5.55,-3.767858,6458
5.52,-2.1947215,6458
5.48,-0.37392792,6458
5.47,-2.6383007,6458
5.47,-3.5951028,6458
5.45,-1.2663617,6458
5.39,-3.325233,6458
5.36,-0.1845389,6458
5.35,-3.908769,6458
5.35,-2.8104448,6458
5.34,-3.4331644,6458
5.34,0.61454993,6458
5.34,-3.3605678,6458
5.33,-4.3618264,6458
5.3,0.53024423,6458
5.3,-0.15966406,6458
5.23,-2.8982708,6458
5.23,-3.1034334,6458
5.21,-3.7004118,6458
5.21,-0.4514991,6458
5.2,-2.8759716,6458
5.19,-4.237934,6458
5.19,-3.352029,6458
5.19,1.7953413,6458
5.18,-4.032806,6458
5.18,0.47937077,6458
5.18,1.5749766,6458
5.18,-0.5234369,6458
5.17,-2.9909427,6458
5.17,-0.72704613,6458
5.16,1.4346324,6458
5.15,-3.8301365,6458
5.15,-3.157308,6458
5.14,-1.7235621,6458
5.14,0.087426566,6458
5.13,-3.0911906,6458
5.13,-5.5365596,6458
5.13,-2.5183833,6458
5.08,-4.45342,6458
5.07,2.0764515,6458
5.06,-1.5212244,6458
5.06,-2.6621714,6458
5.05,-2.378515,6458
5.05,-1.9258685,6458
5.05,-4.6280146,6458
5.02,-2.4588535,6458
5.0,0.8551784,6458
5.0,-1.2011236,6458
5.0,1.2521198,6458
4.99,-2.919775,6458
4.98,-3.737997,6458
4.97,-3.6432786,6458
4.94,1.2579005,6458
4.93,0.018383935,6458
4.92,-1.6188385,6458
4.9,-4.167725,6458
4.9,-2.6800587,6458
4.88,1.1944579,6458
4.85,0.45336843,6458
4.81,-4.1813316,6458
4.8,-2.552502,6458
4.79,-1.3568649,6458
4.77,1.5904536,6458
4.76,-3.545514,6458
4.75,-3.4444366,6458
4.74,-0.4281202,6458
4.73,-2.5388505,6458
4.72,-0.53056264,6458
4.68,-2.7211654,6458
4.68,-1.5149776,6458
4.66,-3.739889,6458
4.62,-1.478215,6458
4.59,3.7812831,6458
4.59,-3.8217773,6458
4.55,-1.7217332,6458
4.46,-0.8796585,6458
4.45,-3.740834,6458
4.45,-3.1222947,6458
4.42,-3.8397396,6458
4.4,-2.6842437,6458
4.4,-2.5479388,6458
4.4,-2.3257236,6458
4.39,-1.066211,6458
4.34,-2.2905962,6458
4.33,-0.20830154,6458
4.29,-3.49656,6458
4.13,-4.048816,6458
4.11,-2.9899004,6458
4.09,-3.4300926,6458
4.06,-3.5232444,6458
9.12,-2.4800718,7662
8.64,-3.1023152,7662
8.64,0.51283646,7662
8.59,-2.0591028,7662
8.54,-0.43790695,7662
8.51,-3.1948378,7662
8.48,-1.5581546,7662
8.31,-1.8451995,7662
8.29,1.0754215,7662
8.26,-1.9058133,7662
7.96,-3.3096888,7662
5.76,-2.7806623,2530
5.18,-1.123029,2530
4.96,5.0021462,2530
7.92,1.4168619,16810
7.89,2.2796826,16810
7.66,1.2315763,16810
7.58,0.21158466,16810
7.4,2.015276,16810
7.31,-0.27459642,16810
7.24,-0.057698682,16810
7.06,-0.065310836,16810
6.96,-2.9128425,16810
6.8,-1.7252562,16810
6.77,-4.20284,16810
6.57,-1.1736635,16810
6.56,-5.0847526,16810
6.52,-1.9346387,16810
6.14,1.7636036,16810
5.96,-1.1321653,16810
5.92,-3.7439477,16810
6.25,-3.725735,3053
9.15,3.3118575,7078
8.1,2.5533767,7078
8.03,0.91460127,7078
7.94,5.8103285,7078
7.92,0.3923655,7078
7.7,4.696881,7078
7.43,3.5357022,7078
7.37,3.7859588,7078
6.91,3.5357022,7078
9.15,1.4789363,16485
9.1,1.8223876,16485
8.96,1.7132429,16485
8.74,3.0132577,16485
8.6,2.1612475,16485
8.52,3.3352413,16485
8.25,2.0461342,16485
8.13,2.2364252,16485
8.07,1.1771567,16485
8.05,1.5776765,16485
7.89,2.9576733,16485
7.85,0.970139,16485
7.64,1.4790212,16485
7.54,2.5391498,16485
7.41,1.2291828,16485
7.39,2.638241,16485
7.28,0.09838761,16485
7.01,1.1645396,16485
7.0,2.149095,16485
6.96,1.6789329,16485
6.92,1.4646375,16485
6.92,1.726896,16485
6.27,0.523466,16485
5.89,2.0046296,16485
5.87,3.3700817,16485
5.0,-4.2089987,16485
6.24,-1.7091402,13878
4.21,0.9243655,1800
4.04,-1.8105323,1800
5.43,-4.675049,4668
7.86,-0.9344896,7700
7.6,-0.6300172,7700
7.43,-0.9344896,7700
5.84,-0.6300172,7700
5.67,-1.7550203,782
8.26,-1.8068932,9508
8.1,1.6159971,9508
8.01,1.6426668,9508
7.96,-4.7141547,9508
7.95,-1.7550452,9508
7.8,1.8754393,9508
7.74,-1.0680834,9508
7.74,0.018505577,9508
7.68,1.1298946,9508
7.65,3.4085743,9508
7.63,-1.7550452,9508
7.57,2.6835632,9508
7.42,2.492785,9508
7.4,-4.790197,9508
7.34,1.6123106,9508
7.31,2.6049259,9508
7.05,2.3973265,9508
6.99,1.1126066,9508
6.68,0.9907128,9508
6.87,-2.2404692,17489
6.54,-3.153275,17489
6.29,-3.7154431,17489
6.14,-2.4867198,17489
6.12,-3.4939568,17489
6.04,-3.3298254,17489
5.75,-0.87780195,17489
5.7,1.1237724,17489
5.51,-0.35838607,17489
5.43,-3.4761043,17489
5.38,-5.651737,17489
5.19,-2.9362133,17489
5.16,3.526137,17489
5.13,-4.870175,17489
4.58,-2.769179,12003
7.96,3.2879715,12696
6.07,1.2689991,13449
5.89,4.695181,13449
6.34,-1.9347667,13010
6.32,-1.4318696,13010
6.17,1.5407596,13010
6.02,-0.40583214,13010
5.96,-3.1085196,13010
5.92,-0.85820067,11052
9.4,3.097616,8015
9.4,1.8764906,8015
9.3,2.0786924,8015
9.1,1.789531,8015
9.05,1.6249696,8015
9.05,1.7447454,8015
9.0,1.0992831,8015
9.0,0.87079805,8015
9.0,1.9337685,8015
8.7,-5.591608,8015
8.7,0.064815395,8015
8.7,1.3832041,8015
8.7,-0.0048719645,8015
8.7,0.85510117,8015
8.7,2.236651,8015
8.7,1.6215891,8015
8.52,1.9576074,8015
8.52,0.7160482,8015
8.52,0.1442776,8015
8.4,-2.0556118,8015
8.4,0.27815515,8015
8.3,-3.6788876,8015
8.3,-2.682763,8015
8.3,0.38495278,8015
8.3,0.3745327,8015
8.22,-1.3537799,8015
8.15,-1.5873734,8015
8.15,0.56649953,8015
8.15,1.6400378,8015
7.96,-0.02093311,8015
7.85,1.0784274,8015
7.82,-1.2801245,8015
7.8,-1.923454,8015
7.72,-0.08692611,8015
7.7,-3.136326,8015
7.7,-2.123061,8015
7.57,-1.085902,8015
7.38,-5.08133,8015
7.26,-4.035107,8015
7.24,0.21747926,8015
6.77,2.7453277,7939
6.7,-4.820934,7939
6.57,2.8148985,7939
6.57,4.5020213,7939
6.54,3.7113707,7939
6.52,3.9785445,7939
6.52,3.4154,7939
6.46,3.5463517,7939
6.46,1.5555089,7939
6.43,3.5377495,7939
6.36,3.1542542,7939
6.26,3.5560052,7939
6.24,4.8634415,7939
6.2,3.3678937,7939
6.15,2.8758922,7939
6.12,4.1090784,7939
6.11,3.9837387,7939
6.1,3.460233,7939
6.1,4.832818,7939
6.1,2.6557202,7939
6.04,2.3168876,7939
6.01,3.620393,7939
5.96,3.4436622,7939
5.92,3.967787,7939
5.92,1.2818997,7939
5.89,3.9371538,7939
5.82,1.1305397,7939
5.8,1.8415393,7939
5.75,3.3798485,7939
5.72,1.4234638,7939
5.7,1.7171946,7939
5.12,1.5246756,7939
5.05,2.6793723,7939
4.96,3.872638,7939
4.89,2.8459954,7939
4.8,3.3193243,7939
4.5,2.011505,7939
8.0,2.0122714,15919
8.0,3.0095057,15919
8.0,2.5979276,15919
8.0,3.227986,15919
7.7,1.3594899,15919
7.7,-1.6091183,15919
7.7,2.7772777,15919
7.7,2.4858673,15919
7.52,1.160949,15919
7.3,-3.3696966,15919
7.22,3.1003919,15919
7.22,-4.406635,15919
7.05,3.271105,15919
7.05,1.8763705,15919
7.0,-0.33108225,15919
6.75,-3.8082116,15919
6.75,-3.6643775,15919
6.66,-6.3480606,15919
6.64,-3.688492,15919
6.57,-3.5964093,15919
6.51,0.50761503,15919
6.47,-4.751861,15919
5.72,-3.4293747,15919
7.5,2.5685916,12459
7.7,4.350865,11058
7.42,3.1649048,11058
7.19,1.7025827,11058
6.9,-1.7044744,11058
8.04,0.6393881,12240
8.52,0.7084571,2862
5.33,-0.7256486,9864
7.05,-1.1224467,15707
6.89,-3.0876343,15707
6.52,-2.5357976,15707
6.4,-0.9820582,15707
5.92,-0.6193713,15707
5.8,-2.7512443,15707
5.8,-1.3725355,15707
5.3,-2.5187938,15707
5.19,2.6920056,15707
5.03,0.346496,15707
4.85,1.300717,15707
4.75,0.095626496,15707
4.7,2.8067877,15707
4.7,-1.0096242,15707
4.64,-0.30832267,15707
4.64,1.0912594,15707
4.64,-2.1228242,15707
4.57,1.1838361,15707
4.54,2.4324145,15707
4.5,1.5308908,15707
4.34,4.3870454,15707
4.02,1.4641837,15707
5.06,-0.50793785,15654
4.66,7.609167,15654
4.36,2.3824365,15654
4.27,-5.824103,15654
4.26,2.4924538,15654
9.2,0.77603626,13273
9.1,2.6506112,13273
9.1,1.6701044,13273
9.1,2.197103,13273
9.1,-4.1497846,13273
9.1,-5.3738074,13273
9.1,-2.089281,13273
9.1,-0.0941917,13273
9.1,-5.0091085,13273
9.0,-3.4232085,13273
9.0,1.8134226,13273
9.0,1.2457653,13273
9.0,-1.5664839,13273
9.0,2.1024146,13273
9.0,-5.3480463,13273
9.0,-6.1816754,13273
8.9,-0.10387555,13273
8.9,-1.765942,13273
8.9,2.1001956,13273
8.9,2.0720074,13273
8.8,2.3368022,13273
8.7,-2.61456,13273
8.6,2.010922,13273
8.6,2.7300756,13273
8.6,1.0245352,13273
8.5,1.4013602,13273
8.5,-1.3952028,13273
8.1,2.4471664,13273
8.0,2.448783,13273
7.18,-0.098414525,9348
6.8,-0.49063975,9348
6.57,1.0292513,9348
6.24,-2.2550266,9348
6.18,-0.030518526,9348
5.88,-0.6839278,9348
5.85,-0.63714504,9348
5.8,0.028416187,9348
5.73,0.30748948,9348
5.58,0.57473993,9348
5.45,1.2231504,9348
5.33,0.47153652,9348
4.72,-1.4988798,9348
4.71,-2.820206,9348
4.65,-0.5214391,9348
10.3,-0.09012949,11820
10.1,1.7789981,11820
10.05,-0.35045364,11820
10.0,2.488176,11820
10.0,-1.0872537,11820
9.96,1.7472959,11820
6.7,-7.3287926,5274
6.5,-4.596372,5274
6.38,-4.926954,5274
6.34,-6.3427553,5274
6.22,-7.6989856,5274
6.21,-5.2796264,5274
6.0,-4.259504,5274
5.36,0.35843134,9406
5.06,-0.4556498,9406
7.19,-2.5240624,11463
6.73,-2.2958708,11463
6.66,-1.6049589,11463
6.59,0.18257496,11463
6.48,-1.4231362,11463
6.25,-2.2958708,11463
6.13,-4.182583,11463
6.12,-2.6015844,11463
5.81,-1.0768683,11463
5.63,-0.5030093,11463
5.53,0.5395368,11463
5.39,-0.39786524,11463
5.24,-0.59906286,11463
5.16,-4.415295,11463
5.0,4.072167,11463
5.0,2.7235353,11463
5.0,-0.94710124,11463
5.92,-5.854733,4914
7.96,-7.3619766,17342
8.7,4.83485,13314
8.1,6.470342,13314
7.7,1.636639,13314
7.7,3.8406308,13314
6.4,-0.43845934,13314
6.4,2.0485728,13314
5.75,-3.173564,13314
8.0,0.93043494,1148
7.7,3.0393634,1148
7.7,-1.8185711,1148
7.7,-1.0867412,1148
7.7,0.32027268,1148
7.7,2.2790575,1148
7.52,-2.6239557,1148
7.52,0.67102903,1148
7.52,-0.57469887,1148
7.52,3.1877162,1148
7.3,-0.563819,1148
7.22,0.644685,1148
7.22,1.5541413,1148
7.05,-1.2465585,1148
6.85,1.1760799,1148
6.64,1.9963273,1148
6.44,-1.4819453,1148
6.4,0.35007563,1148
6.24,0.31656972,1148
5.92,0.7695261,1148
5.82,0.5899872,1148
5.66,3.0324574,1148
5.54,-3.7845316,1148
5.38,2.1273358,1148
5.15,2.0238013,1148
5.14,3.4091456,1148
5.08,0.99816066,1148
5.07,2.725872,1148
5.01,1.9334937,1148
5.0,1.0600835,1148
4.89,4.0994883,1148
4.55,0.5924642,1148
4.42,-1.4855797,1148
7.72,1.3280061,744
7.7,1.5111533,744
7.46,0.83198476,744
7.43,1.8114263,744
7.39,1.0611669,744
7.25,-0.47151434,744
6.8,0.1460582,744
6.8,2.6688821,744
6.58,1.1885226,744
6.51,-1.1669252,744
6.31,1.5210218,744
6.14,0.34017068,744
6.09,0.61976445,744
6.02,2.6473277,744
5.89,-0.38620484,744
5.85,-1.4269397,744
5.8,0.7659564,744
5.72,2.2785017,744
5.72,-0.8093162,744
5.47,0.41504002,744
5.27,-0.002223149,744
5.04,-1.0018371,744
4.85,-0.5133977,744
4.62,-1.9881852,744
4.31,-1.2655135,744
8.3,-0.65591073,6730
8.05,-1.251079,6730
7.96,1.3710501,6730
7.89,-3.402276,6730
7.75,-2.19994,6730
7.6,1.6329101,6730
7.57,-1.3081759,6730
7.38,-0.32780483,6730
7.37,0.04438314,6730
7.28,-0.32780483,6730
7.26,1.1361706,6730
7.25,-2.0832562,6730
7.12,0.1252282,6730
7.09,-3.868893,6730
7.03,0.41375628,6730
7.0,2.832372,6730
6.96,1.4332132,6730
6.85,0.1372289,6730
6.8,-2.043496,6730
6.7,1.3024405,6730
6.57,1.8735888,6730
6.5,2.8149354,6730
6.15,2.3117273,6730
5.82,-3.7820415,6730
5.72,2.4802198,6730
5.72,1.056337,6730
5.7,-1.643727,6730
9.0,0.66801286,7650
9.0,1.9338814,7650
9.0,0.9954509,7650
9.0,0.85987395,7650
9.0,0.9537394,7650
9.0,1.2300481,7650
9.0,0.34175855,7650
9.0,0.92003655,7650
9.0,0.37222803,7650
9.0,0.39041036,7650
9.0,0.21004865,7650
9.0,1.1704371,7650
9.0,0.8092669,7650
9.0,0.2697139,7650
9.0,1.186215,7650
9.0,2.181653,7650
9.0,2.511418,7650
9.0,0.87817013,7650
9.0,0.17737302,7650
9.0,1.5186771,7650
9.0,1.5186771,7650
9.0,1.1520256,7650
9.0,1.0600948,7650
9.0,2.8002267,7650
8.92,2.4320679,7650
8.82,1.3345038,7650
8.7,-0.8667664,7650
8.7,1.1474694,7650
8.7,-0.5424895,7650
8.7,1.155441,7650
8.7,3.1255975,7650
8.7,2.1753218,7650
8.7,-1.4261714,7650
8.7,-0.78672415,7650
8.7,-0.14458495,7650
8.7,-3.4604037,7650
8.7,-0.48862818,7650
8.64,2.1719878,7650
8.52,1.8540043,7650
8.52,2.8271549,7650
8.52,1.7679021,7650
8.52,3.3642855,7650
8.52,2.3702035,7650
8.52,1.4242451,7650
8.52,-0.11559374,7650
8.52,2.0688674,7650
8.52,2.782729,7650
8.52,1.431559,7650
8.52,2.6859226,7650
8.52,-2.7563577,7650
8.52,-2.3429322,7650
8.52,-0.3549591,7650
8.52,-0.28192618,7650
8.52,1.4155712,7650
8.52,-1.3367393,7650
8.47,2.2027514,7650
8.4,2.7220707,7650
8.4,0.25756153,7650
8.4,2.9780428,7650
8.4,1.2110571,7650
8.4,2.0580645,7650
8.4,-2.1896293,7650
8.4,1.6841835,7650
8.4,3.1187117,7650
8.4,2.19026,7650
8.4,0.34382915,7650
8.4,0.57334775,7650
8.4,-0.24908563,7650
8.4,2.256467,7650
8.4,2.1779552,7650
8.4,2.9095542,7650
8.4,4.4050274,7650
8.4,0.9527053,7650
8.4,1.2266449,7650
8.37,1.8016427,7650
8.3,-1.502408,7650
8.3,2.055243,7650
8.3,1.314093,7650
8.3,2.8554246,7650
8.3,2.6157136,7650
8.3,-0.81273717,7650
8.28,2.5879862,7650
8.22,2.613944,7650
8.22,0.6027154,7650
8.22,2.8044443,7650
8.22,-0.4395016,7650
8.22,-0.8112356,7650
8.22,1.7074134,7650
8.22,1.3008193,7650
8.22,2.7205167,7650
8.22,-0.43944728,7650
8.22,0.62263334,7650
8.19,1.6340808,7650
8.15,-0.0844747,7650
8.15,0.95562124,7650
8.15,1.7894623,7650
8.15,2.1166894,7650
8.15,0.46225253,7650
8.15,2.6962292,7650
8.15,0.63286585,7650
8.15,0.5279045,7650
8.15,-1.3870095,7650
8.15,1.588493,7650
8.15,0.08049403,7650
8.15,-2.6319056,7650
8.15,0.9601063,7650
8.1,2.130877,7650
8.1,1.3022987,7650
8.1,0.091366135,7650
8.1,2.586682,7650
8.1,3.3176508,7650
8.1,2.146445,7650
8.06,1.3271711,7650
8.06,2.7101007,7650
8.05,2.5095515,7650
8.05,0.6889141,7650
8.05,1.8884254,7650
8.05,0.53154975,7650
8.05,4.7022324,7650
8.05,2.0003648,7650
8.05,2.569269,7650
8.0,-0.0051456746,7650
8.0,3.0288813,7650
8.0,-1.0282813,7650
8.0,-3.519843,7650
8.0,2.108741,7650
7.96,1.3810784,7650
7.96,-0.5733739,7650
7.96,3.4524853,7650
7.96,-0.58109766,7650
7.92,1.0268294,7650
7.92,1.1029024,7650
7.92,1.2873684,7650
7.92,0.36326173,7650
7.92,3.548247,7650
7.92,0.862312,7650
7.89,2.1156929,7650
7.89,3.083941,7650
7.85,-0.8866558,7650
7.85,0.47938347,7650
7.85,1.7152407,7650
7.85,-0.069944836,7650
7.82,-0.21267381,7650
7.82,2.0298188,7650
7.8,0.17269883,7650
7.8,0.58537054,7650
7.77,2.1673412,7650
7.77,-3.1899893,7650
7.75,2.559102,7650
7.72,2.293715,7650
7.72,1.1632677,7650
7.72,0.9846497,7650
7.72,1.0396823,7650
7.7,1.6230278,7650
7.68,1.7885724,7650
7.68,2.5867786,7650
7.68,1.3215526,7650
7.66,3.5335374,7650
7.64,1.7694663,7650
7.64,1.2024386,7650
7.62,2.1894634,7650
7.6,1.879611,7650
7.58,-1.6601678,7650
7.57,2.066067,7650
7.57,3.5871165,7650
7.55,-2.5527735,7650
7.54,1.99731,7650
7.52,2.2020848,7650
7.52,1.5529302,7650
7.5,2.6092482,7650
7.5,1.8090712,7650
7.46,1.6832459,7650
7.42,-2.3562307,7650
7.41,1.2096484,7650
7.41,1.2154919,7650
7.4,-0.79846925,7650
7.37,0.09649808,7650
7.36,2.3779337,7650
7.35,0.9507888,7650
7.35,-2.0871034,7650
7.33,-0.66243845,7650
7.3,0.7695193,7650
7.3,1.6156362,7650
7.28,1.6474328,7650
7.27,-0.5267555,7650
7.25,1.475921,7650
7.24,0.40170038,7650
7.24,2.277947,7650
7.21,-1.378085,7650
7.21,0.6385772,7650
7.19,2.1120627,7650
7.15,1.7102798,7650
7.13,1.7991368,7650
7.11,3.4285433,7650
7.08,-3.207314,7650
7.06,-1.1828244,7650
7.05,-0.15034899,7650
7.04,-1.384602,7650
7.01,1.913643,7650
7.0,-0.07144149,7650
7.0,2.0736601,7650
6.99,1.0638567,7650
6.99,-0.17032662,7650
6.96,-2.0761287,7650
6.95,2.1611938,7650
6.87,-3.553244,7650
6.86,-0.10941633,7650
6.86,-3.855048,7650
6.85,-3.9084659,7650
6.85,1.2813795,7650
6.83,0.11775053,7650
6.82,2.600283,7650
6.76,4.4201417,7650
6.75,-0.46325433,7650
6.75,2.7544215,7650
6.72,1.9586245,7650
6.68,2.0503705,7650
6.68,2.101063,7650
6.65,1.8521835,7650
6.61,-3.6825924,7650
6.61,3.5355084,7650
6.57,-1.3080975,7650
6.39,-0.4602916,7650
6.38,0.06313326,7650
6.19,-0.6382681,7650
6.17,1.5068295,7650
7.25,-1.3677964,275
6.67,2.0351644,4848
6.43,1.511708,6611
6.22,-4.2785025,6611
5.52,-3.5990744,6611
4.54,3.3448288,17275
8.64,-1.7432271,5370
9.1,4.124363,7552
7.78,-1.1248362,7552
8.7,2.4057152,1274
8.7,3.8085208,1274
8.52,2.6201,1274
8.52,4.81263,1274
8.4,3.577102,1274
8.4,5.4762444,1274
8.4,3.1131482,1274
8.4,2.7898738,1274
8.3,2.590472,1274
8.3,4.929061,1274
8.22,4.0571423,1274
8.15,0.63196254,1274
8.0,2.698313,1274
7.96,4.496057,1274
7.77,3.2090673,1274
7.77,0.9987667,1274
7.68,3.0681255,1274
7.68,2.1248238,1274
7.62,0.30206499,1274
7.6,3.5295017,1274
7.52,3.1653392,1274
7.47,1.3318712,1274
7.4,4.0059166,1274
7.38,1.7767212,1274
7.37,3.3377295,1274
7.27,3.8471334,1274
7.24,2.1962135,1274
7.23,2.057584,1274
7.16,2.567205,1274
7.15,2.452182,1274
7.12,0.45156038,1274
7.08,0.2595827,1274
7.06,1.3416433,1274
7.01,2.0767865,1274
6.98,0.35732216,1274
6.97,3.3068984,1274
6.97,3.5393949,1274
6.96,3.215571,1274
6.88,2.7214515,1274
6.87,4.8118496,1274
6.78,1.9152964,1274
6.72,3.0623982,1274
6.66,0.9562654,1274
6.61,0.3707687,1274
6.59,0.8384157,1274
6.51,2.6024504,1274
6.24,1.49038,1274
6.19,2.394643,1274
6.14,3.374476,1274
6.06,1.1756234,1274
5.97,3.5340862,1274
5.89,0.94300103,1274
5.86,5.7165976,1274
5.78,1.1274409,1274
6.21,-0.18203175,11879
6.15,0.46336305,11879
5.93,0.37833858,11879
5.42,2.8180673,11879
7.24,-3.3516343,17874
8.43,4.785966,12271
6.95,1.7068222,13541
8.92,3.1183727,12418
8.92,2.2026093,12418
8.82,1.394213,12418
8.82,2.2386549,12418
8.8,2.7097604,12418
8.79,3.778298,12418
8.68,5.1989107,12418
8.68,3.7352734,12418
8.66,3.071143,12418
8.62,1.8623084,12418
8.62,1.9360228,12418
8.6,3.1031203,12418
8.6,2.692764,12418
8.59,2.5343735,12418
8.59,2.365158,12418
8.59,1.5658921,12418
8.57,1.7917936,12418
8.55,3.8668134,12418
8.55,2.406695,12418
8.51,4.0493937,12418
8.49,2.8967092,12418
8.48,2.6529498,12418
8.48,3.4217339,12418
8.48,2.6990607,12418
8.47,3.020901,12418
8.44,1.8329697,12418
8.43,2.5915844,12418
8.4,3.2406094,12418
8.4,2.2226286,12418
8.4,0.9904205,12418
8.38,1.9188333,12418
8.37,2.2516372,12418
8.35,3.0816116,12418
8.3,2.1183298,12418
8.3,1.5312438,12418
8.24,2.0018094,12418
8.22,3.1297297,12418
8.17,3.3877223,12418
8.15,3.238647,12418
8.1,2.8749475,12418
8.1,0.45053595,12418
8.05,4.822631,12418
8.05,3.020901,12418
7.92,2.1537583,12418
7.89,0.028742593,12418
7.8,3.2431052,12418
7.6,0.5881663,12418
7.58,2.4131072,12418
7.58,4.3831635,12418
7.55,3.1916938,12418
7.48,-0.13921942,12418
7.46,0.47799987,12418
7.4,4.885437,12418
7.38,2.4190946,12418
7.3,0.46731195,12418
7.3,2.7511592,12418
7.1,1.0164944,12418
7.05,0.47799987,12418
6.75,0.58223593,12418
6.55,3.1276648,12418
6.31,-1.5980895,12418
6.28,-1.4134463,12418
6.22,-1.2123437,12418
5.8,-1.3020331,12418
5.24,8.148429,17244
5.61,0.30283988,4849
7.4,4.037134,9152
8.1,4.772366,9423
7.77,6.15485,9423
7.72,5.363595,9423
7.7,-5.663866,9423
7.6,3.2766492,9423
7.47,4.140431,9423
7.39,4.1098356,9423
7.37,1.6181226,9423
7.35,3.7091315,9423
7.13,2.2734818,9423
7.03,1.889374,9423
6.87,1.1095567,9423
6.68,-4.0373387,9423
6.64,-2.197327,9423
6.18,-0.0034467354,9423
6.02,-3.8254025,9423
5.05,0.41223782,9783
8.26,2.4575682,3247
7.43,0.9484892,4382
7.21,3.5768468,4382
6.34,-1.314711,4382
7.99,0.11860759,13730
6.69,0.27575117,13730
5.8,1.0862819,7605
4.56,-4.5079474,7605
4.55,2.1449862,7605
4.55,1.9285657,7605
4.3,-3.7665546,7605
8.4,0.14995992,16242
8.15,1.8234736,16242
8.0,-2.129037,16242
7.75,1.5103036,16242
7.6,-0.42365277,16242
7.54,0.83987856,16242
7.33,2.206547,16242
7.12,3.0146146,16242
7.04,2.2448857,16242
6.92,2.9223835,16242
6.35,4.8396645,16242
5.99,-1.2448782,16242
5.89,2.698489,16242
5.88,1.5160975,16242
5.55,2.3470557,16242
5.46,3.0543506,16242
5.46,3.111225,16242
5.4,-2.1902843,16242
8.21,1.3319786,3248
7.7,3.0686758,360
7.52,0.07668688,360
4.67,-1.6433617,8368
5.4,-5.0236335,3501
9.34,4.7068872,11975
8.82,0.13373649,11975
7.39,0.6897526,11975
7.37,1.6119859,11975
7.37,-0.1520265,11975
7.34,-0.8827849,11975
7.17,0.78641397,11975
7.1,-3.372527,11975
7.1,5.2157903,11975
7.07,4.4580436,11975
7.03,-0.7105697,11975
6.89,2.436029,11975
6.85,1.4706836,11975
6.85,-0.8010219,11975
6.7,2.1956024,11975
6.7,2.5535436,11975
6.62,1.4240112,11975
6.55,4.6116714,11975
6.33,1.1300844,11975
5.25,-0.36737204,11975
9.15,6.2613745,6057
9.02,5.549798,6057
9.0,2.336076,6057
8.96,1.3859924,6057
8.82,4.5559797,6057
8.8,3.4923067,6057
8.74,2.9014552,6057
8.68,-1.2097377,6057
8.62,5.0034237,6057
8.59,5.716532,6057
8.52,4.9855733,6057
8.52,3.394497,6057
8.51,4.1943583,6057
8.48,6.014172,6057
8.47,0.6287193,6057
8.47,3.9929144,6057
8.44,6.21745,6057
8.44,3.0565126,6057
8.44,2.9381518,6057
8.39,4.1923866,6057
8.38,4.156303,6057
8.34,1.3277531,6057
8.3,5.084921,6057
8.28,4.5582314,6057
8.24,3.8140147,6057
8.19,4.4206977,6057
8.17,6.2753167,6057
8.07,-1.0282466,6057
8.05,0.97693104,6057
8.0,0.6895621,6057
7.99,3.8504477,6057
7.99,2.2776492,6057
7.92,2.783455,6057
7.91,2.466642,6057
7.88,-1.5585334,6057
7.86,-2.5252802,6057
7.84,2.0992975,6057
7.82,-3.5439284,6057
7.75,-0.7407573,6057
7.75,-2.6510837,6057
7.68,3.0252135,6057
7.68,2.6766393,6057
7.67,5.1348515,6057
7.67,0.774741,6057
7.6,0.9460651,6057
7.6,3.5549557,6057
7.58,-4.106911,6057
7.57,-3.2957304,6057
7.57,1.872274,6057
7.57,1.6688361,6057
7.56,0.3720888,6057
7.56,0.1828242,6057
7.54,-2.1811109,6057
7.52,1.3353521,6057
7.47,-3.126289,6057
7.46,0.8877469,6057
7.45,2.1110456,6057
7.42,0.24225262,6057
7.4,2.3156023,6057
7.38,0.8028715,6057
7.38,-2.8277087,6057
7.36,1.670893,6057
7.35,-3.0045238,6057
7.33,-2.2148945,6057
7.28,5.4295173,6057
7.22,-1.7327901,6057
7.2,3.4339478,6057
7.16,2.9307272,6057
7.14,2.524087,6057
7.12,4.2195477,6057
7.12,-1.4271467,6057
7.12,0.53577554,6057
7.1,6.2417216,6057
7.05,-2.4240808,6057
7.04,2.6898108,6057
7.04,1.5722966,6057
7.03,0.068104886,6057
6.96,-0.016206723,6057
6.93,-1.8630301,6057
6.93,2.549926,6057
6.91,3.5974572,6057
6.89,-1.3017411,6057
6.85,-1.7773913,6057
6.85,-2.629994,6057
6.68,-2.4762666,6057
6.68,-2.6001227,6057
6.54,5.43098,6057
6.5,-4.24091,6057
6.47,-0.45547327,6057
6.47,-0.8253951,6057
6.44,-3.4852588,6057
6.42,-1.8264341,6057
6.36,4.6900744,6057
6.36,-3.733415,6057
6.3,3.7132182,6057
6.25,0.45497277,6057
6.21,-1.2683862,6057
5.84,-1.6262007,6057
5.82,-4.8716636,6057
5.82,-1.7792372,6057
5.82,-1.6860694,6057
5.76,-0.9279967,6057
5.75,-2.0296512,6057
5.65,-1.0603257,6057
5.24,-2.3267798,6057
5.1,0.43178433,6057
5.1,-2.7463024,6057
5.05,-1.4166292,6057
4.12,-1.517157,6057
8.15,1.7718178,2953
7.92,1.2287276,2953
7.82,6.2479377,2953
7.77,2.7085166,2953
7.72,4.132825,2953
7.57,3.1979475,2953
7.46,1.14523,2953
7.22,-0.4496377,2953
10.0,0.28880304,7669
9.3,0.47094014,7669
9.3,2.649288,7669
9.3,-1.6093905,7669
9.3,-0.338935,7669
8.96,0.47094014,7669
8.54,-0.18362209,7669
8.51,0.06203831,7669
8.22,1.7016331,7669
6.66,1.6396928,7669
6.56,2.1785276,7669
7.06,1.551237,13634
8.55,2.471036,7996
8.21,2.9380379,7996
8.19,-2.3989308,7996
7.97,-5.143201,7996
7.96,2.205805,7996
7.69,3.6025946,7996
7.02,-3.7384713,7996
6.97,1.9858671,7996
8.52,-3.9284642,3110
8.52,2.5126817,3154
5.51,2.699373,14955
8.49,3.522339,6342
9.27,2.143341,7623
8.92,0.13459799,7623
8.92,5.582026,7623
8.82,3.716502,7623
8.8,3.3051353,7623
8.74,6.066643,7623
8.54,3.0293205,7623
8.49,2.8836634,7623
8.43,-0.54385805,7623
8.42,2.3083549,7623
8.38,2.9569087,7623
8.37,4.8360643,7623
8.37,3.1113584,7623
8.32,5.6559215,7623
8.32,2.5155282,7623
8.28,5.970886,7623
8.18,-4.4378786,7623
8.18,4.70794,7623
8.18,3.1295402,7623
8.1,-1.4890018,7623
7.95,4.8646173,7623
7.91,1.692484,7623
7.91,1.0179168,7623
7.85,3.2343075,7623
7.84,0.31115383,7623
7.82,2.5723002,7623
7.79,3.695999,7623
7.76,1.181436,7623
7.74,-2.344831,7623
7.74,-3.8643987,7623
7.64,1.1984272,7623
7.63,0.3531797,7623
7.59,2.252539,7623
7.58,2.045041,7623
7.54,2.5994515,7623
7.54,1.674943,7623
7.5,1.1718112,7623
7.48,2.4989634,7623
7.46,2.883573,7623
7.41,0.40074214,7623
7.33,6.3044696,7623
7.27,4.486016,7623
7.22,-1.870624,7623
7.15,5.25499,7623
7.12,3.5036376,7623
7.11,1.9037157,7623
7.02,3.0932143,7623
6.93,3.7944467,7623
6.92,-2.43313,7623
6.89,-4.591578,7623
6.88,1.8150724,7623
6.86,-2.4217784,7623
6.86,-2.0437615,7623
6.86,-3.25689,7623
6.81,3.736427,7623
6.72,-2.1286557,7623
6.63,-1.783227,7623
6.57,2.7431002,7623
6.57,-2.5621758,7623
6.55,0.8038059,7623
6.47,-3.477641,7623
6.47,4.3104587,7623
6.26,-0.037177894,7623
6.06,-1.2218521,7623
6.02,-1.4870652,7623
6.0,-2.0753942,7623
5.92,2.160762,7623
5.75,-3.6119156,7623
5.4,-3.201189,7623
5.35,-2.055953,7623
5.3,-0.68968153,7623
5.24,-3.5657713,7623
5.0,-2.1654286,7623
5.0,0.5078872,7623
5.0,1.3759761,7623
5.0,-0.07251517,7623
5.0,3.162131,7623
5.0,4.780079,7623
4.93,-4.208268,7623
4.12,-1.1413237,7623
5.89,-2.4404533,17229
6.17,-2.1356766,2748
7.39,2.7785268,11716
7.05,2.3825965,16788
6.21,-0.04858359,16788
6.13,-2.5605886,16788
6.11,-2.268719,16788
5.96,-1.4434112,16788
5.85,-0.61658716,16788
5.71,-2.7050924,16788
5.51,-2.0923574,16788
5.96,-3.8334093,15821
5.92,-1.0176151,15821
5.82,-4.5635314,15821
5.48,-3.0016282,15821
5.23,-3.7706614,15821
4.92,-4.0477214,15821
4.59,2.6024451,15821
4.46,1.007144,15821
4.16,4.407717,15821
4.12,2.3872433,15821
4.12,2.135877,15821
4.09,1.829498,15821
4.08,4.207018,15821
4.04,-3.969257,15821
8.3,1.8182973,3366
5.96,-0.09705621,9590
5.48,0.7407682,9590
5.24,-5.0868716,9590
6.86,-5.283731,2538
7.03,-1.4922556,14095
7.01,-1.9013577,14095
6.71,0.72273046,14095
7.49,-2.8841314,14651
7.06,-2.061484,14651
4.7,0.6647454,14651
7.42,-2.7019136,4596
7.4,1.8689849,4596
6.8,-5.301012,4596
6.77,-2.8470933,4596
6.66,-2.3739045,4596
6.43,-4.9951515,4596
6.33,-2.050133,4596
6.32,-2.0721307,4596
6.19,-3.207787,4596
6.19,-1.3149158,4596
6.13,-2.6663516,4596
6.13,0.44306502,4596
6.09,-0.33987784,4596
6.05,0.50787544,4596
5.96,-4.169533,4596
5.9,-2.2803495,4596
5.9,-4.6576614,4596
5.88,-2.7665102,4596
5.84,-2.3919022,4596
5.76,-0.93031603,4596
4.37,-1.2495368,12473
6.19,-3.870605,4605
5.46,-2.6417415,4605
5.0,-6.0892544,4605
4.85,-5.002308,4605
4.75,-2.9404852,4605
4.29,-4.3879166,4605
8.7,-1.6002551,9094
8.7,-0.5850352,9094
8.22,3.0499742,9094
8.22,-1.5141541,9094
8.15,0.48048252,9094
8.15,-2.435942,9094
8.15,-0.2311013,9094
8.15,-1.4359013,9094
8.0,0.8604084,9094
8.0,-1.4359013,9094
7.92,-4.103381,9094
7.92,-1.6742667,9094
7.89,3.0499742,9094
7.89,0.24299476,9094
7.85,-3.4730906,9094
7.82,-2.2928371,9094
7.77,4.1820917,9094
7.77,-5.6253147,9094
7.77,-6.12338,9094
7.75,-6.0839996,9094
7.64,-2.4161615,9094
7.52,-2.843985,9094
7.5,-3.8610032,9094
7.44,-4.34388,9094
7.42,-7.024505,9094
8.0,-2.6396146,6427
5.39,0.30195734,3832
5.25,4.492943,15495
4.7,3.1119506,15495
4.7,-0.16970271,15495
6.71,2.7247841,7343
6.55,-0.29071808,7343
6.44,-2.05975,7343
6.19,-0.29071808,7343
6.16,3.7398539,7343
6.08,2.8292625,7343
6.01,2.8218582,7343
5.92,-0.8979356,7343
5.91,2.7247841,7343
5.68,-0.8979356,7343
5.57,-1.0972961,7343
5.53,0.8085233,7343
5.42,-2.05975,7343
7.41,3.3587773,11395
6.8,-0.54386044,11395
5.66,0.7788244,11395
4.89,0.540045,11395
7.0,-0.98564047,2868
6.85,-1.4333609,2868
6.75,-0.10736641,2868
6.68,-1.0951017,2868
6.43,-1.4269491,2868
6.36,-1.6663171,2868
6.0,-0.60384774,2868
5.68,-3.1705341,2868
5.55,-1.2856921,2868
5.46,-3.2932713,2868
4.82,-2.8054252,2868
4.7,-2.9886212,2868
8.15,0.14349583,12478
5.96,-0.35318547,12478
5.96,-1.26274,12478
5.1,3.4498124,12478
7.55,1.7837392,1931
5.99,-1.7748984,4362
5.99,-1.4932059,4650
5.96,-1.4181451,4650
5.96,-0.3541221,4650
5.69,-2.7862937,4650
5.67,-1.1714936,4650
5.65,-3.9084468,4650
5.58,-2.0321834,4650
5.54,-0.9146657,4650
5.5,-0.73254967,4650
5.49,-1.2926401,4650
5.48,-1.727572,4650
5.47,-0.82565004,4650
5.46,-0.66119784,4650
5.41,-3.2503777,4650
5.31,-1.9467554,4650
5.3,-2.0130386,4650
5.27,-1.3141105,4650
5.19,-3.4244397,4650
5.17,-1.2297128,4650
5.14,-2.9153419,4650
5.07,-2.5312984,4650
4.28,-3.2964678,4650
6.65,-0.46169913,15064
7.53,1.1028577,14455
6.54,-2.2068865,1076
7.28,0.3503509,747
8.41,-0.6571067,13232
7.17,-3.0070395,13781
4.92,-1.6503602,2240
4.89,-0.14743422,2240
4.85,-2.7831917,2240
4.85,3.4625077,2240
4.77,-3.8490813,2240
4.55,-5.5956798,2240
4.52,-2.0147574,2240
4.5,-3.158701,2240
6.72,-1.7493912,9711
5.04,-2.1711323,6707
6.44,4.131973,8327
5.29,2.1941311,8327
5.22,-0.8929358,8327
5.13,-0.9299975,8327
7.57,-2.176438,16945
7.47,-3.4239702,16945
7.46,-2.8455262,16945
7.27,-0.70812964,16945
6.89,-6.5524325,16945
6.75,-1.0752671,16945
6.61,-1.5882186,16945
6.51,0.047626697,16945
6.39,-2.1216936,16945
6.38,-1.6076372,16945
6.35,-0.44321334,16945
6.32,-1.6311494,16945
6.3,-2.9603148,16945
6.24,-4.203737,16945
6.22,-2.6216855,16945
6.1,-3.5574448,16945
6.04,-1.7504287,16945
5.96,-5.0115757,16945
5.95,-4.9081726,16945
5.93,-4.9035954,16945
5.85,-6.7385826,16945
5.75,-3.910325,16945
5.55,-4.461048,16945
5.45,-2.0772688,16945
5.34,-1.4979612,16945
5.01,-2.0268826,16945
4.88,-3.9080412,16945
4.82,-2.161179,16945
7.55,-5.2360353,17699
6.75,3.6925004,16765
7.14,3.0326595,13034
5.28,-6.2015147,13034
5.8,-0.27828258,40
7.85,4.5854855,7393
7.72,-0.11121806,14119
6.07,1.3563507,15805
6.5,1.0202938,5700
6.06,1.6316512,5700
5.99,-0.54970187,5700
5.78,0.2739532,5700
5.74,-1.5489036,5700
5.58,-0.047621727,5700
5.56,-1.8482842,5700
5.45,-4.867892,5700
5.4,-1.3493855,5700
4.84,-3.6680598,5700
4.7,-3.0172415,5700
4.25,-4.183901,5700
4.15,-3.0209906,5700
5.5,6.7899113,1350
5.28,-1.851262,1350
8.12,1.8668003,5472
5.82,-3.970736,5472
5.82,-4.0371857,5472
5.74,-2.5800753,5472
5.63,1.2317176,5472
6.89,-0.62016577,7717
6.68,-2.5913575,7717
6.52,-2.04842,7717
6.5,-0.5533755,7717
6.48,-1.1190523,7717
6.44,-1.6843574,7717
6.44,-1.7965751,7717
6.4,-0.43458834,7717
6.4,-2.0695484,7717
6.25,-0.9891417,7717
6.19,-3.1957622,7717
6.02,-2.0105352,7717
5.85,0.28390837,7717
5.68,-0.12222649,7717
5.14,-5.0438614,7717
7.14,1.6240673,15087
6.62,2.499343,15087
6.16,0.7663186,15087
5.49,-2.0239627,15087
5.38,1.8909894,15087
6.15,-6.3081117,16512
6.0,-4.05622,1175
5.66,-4.8324075,3171
5.62,-6.9016056,3171
5.52,-4.8804283,3171
5.01,1.8199619,4148
7.35,0.8999403,10603
8.68,5.4023485,9607
8.21,0.44520763,9607
8.0,0.09704892,9607
7.81,-0.5155878,9607
7.72,-2.2994337,9607
7.67,-0.6602453,9607
7.49,0.38085356,9607
7.44,-1.1324362,9607
7.25,1.8595041,9607
7.24,-0.6982192,9607
7.06,-0.62318766,9607
7.03,2.4773474,9607
6.94,1.2502024,9607
6.91,1.916688,9607
6.84,-1.4541609,9607
6.84,0.7536685,9607
6.81,2.5659726,9607
6.72,-0.5282907,9607
6.71,-0.22727668,9607
6.57,-2.6904838,9607
6.55,-0.43692636,9607
6.5,-1.9232403,9607
6.49,0.17633626,9607
6.43,-0.16945675,9607
6.4,1.2716281,9607
6.24,-1.3375758,9607
6.23,-2.0476553,9607
6.12,-0.9480834,9607
6.1,-1.3377765,9607
8.74,-0.57955635,3809
5.42,-2.045557,1559
9.4,-1.0021877,14844
9.22,0.58815086,14844
9.22,0.45239928,14844
9.15,-0.5535817,14844
8.96,0.5131698,14844
8.89,-0.68805635,14844
8.82,-1.0997885,14844
8.8,-0.5943494,14844
8.8,0.22539374,14844
8.8,-1.472418,14844
8.72,1.5299906,14844
8.62,-1.472418,14844
8.55,0.28330046,14844
8.46,-1.1591022,14844
8.39,-0.85767615,14844
8.22,-1.0997885,14844
8.17,0.28850207,14844
7.92,-2.2530763,14844
7.85,-2.6226454,14844
7.66,1.1141931,14844
7.6,-2.893383,14844
7.58,-1.0155689,14844
7.54,-1.4237427,14844
7.52,1.1093317,14844
7.28,-3.329027,14844
7.26,-1.3665361,14844
7.24,-4.4167895,14844
7.21,-1.0021877,14844
7.09,-2.893383,14844
7.09,-2.6226454,14844
6.84,-6.346252,14844
6.7,-1.4689113,14844
6.66,-1.0449436,14844
6.54,-0.73623306,14844
6.38,-0.44550973,14844
6.11,-2.2530763,14844
6.02,-1.0451047,14844
5.82,3.1224656,355
9.41,-1.5748373,11183
9.09,-3.1220205,11183
8.75,-6.6467094,11183
8.57,-2.9069855,11183
8.26,-4.551957,11183
8.26,-0.9084992,11183
8.04,-5.070087,11183
7.86,-2.4588366,11183
7.59,-4.0497365,11183
7.33,-0.7096736,11183
7.29,-2.893954,11183
7.29,-6.0271807,11183
7.11,-2.2631881,11183
6.68,-5.8222685,11183
5.16,0.88452715,10640
7.64,3.5755346,17343
7.52,-1.274934,17343
6.32,1.9917241,17343
5.8,-2.5951645,17343
5.79,-1.2002379,17343
8.72,-0.767488,11661
8.7,-0.767488,11661
8.64,3.5613813,11661
8.64,3.0147598,11661
8.62,0.94463474,11661
8.49,0.94463474,11661
8.42,3.0147598,11661
8.32,-0.5086667,11661
8.29,0.5599567,11661
8.15,1.8731356,11661
8.14,0.94463474,11661
8.11,0.65873903,11661
7.92,2.1921403,11661
7.85,1.1220468,11661
7.82,3.1231413,11661
7.66,4.323713,11661
7.58,1.8750058,11661
7.5,0.94463474,11661
7.36,1.0387839,11661
7.22,1.8210695,11661
7.13,3.68457,11661
7.13,3.2600768,11661
7.01,2.5318756,11661
6.7,1.6126051,11661
6.55,3.6072495,11661
6.5,0.8244005,11661
6.44,3.3431263,11661
6.39,1.1571782,11661
8.0,3.702593,15612
7.42,3.0154672,15612
6.52,2.9040704,15612
6.51,3.9155738,15612
6.43,0.62830687,15612
6.39,-0.03173918,15612
6.08,-0.81723636,15612
5.7,3.0989683,15612
5.68,-0.28670567,15612
5.66,-1.567258,15612
5.58,-2.751189,15612
5.48,-0.95124066,15612
5.46,-2.8428197,15612
5.42,-0.9112481,15612
5.37,0.47200716,15612
5.34,-0.30863994,15612
5.33,-1.2410078,15612
5.3,-3.298007,15612
5.17,-1.8990442,15612
5.1,-3.8848476,15612
5.09,-3.2883809,15612
5.0,0.57179207,15612
4.8,-0.021828406,15612
4.52,-3.0887234,15612
4.44,1.0816146,15612
4.41,-2.1704342,15612
4.33,-1.174281,15612
4.01,-1.174281,15612
7.0,-0.84042186,6908
6.52,-0.33725384,6908
5.87,-2.8888686,6908
9.62,4.073181,1745
7.57,-1.4416217,1745
7.06,-3.0923834,1745
7.05,-1.6570144,1745
6.35,-1.4416217,1745
5.92,-5.327456,1745
5.85,-4.955567,1745
5.64,-2.5558748,1745
5.07,-3.0923834,1745
4.85,-5.327456,1745
5.14,-1.9935791,2223
7.77,-0.98727524,15292
7.72,-0.079618186,15292
7.51,-3.908021,15292
7.37,-0.80719167,15292
6.96,-3.0093417,15292
6.8,-0.21328747,15292
6.7,-1.6190101,15292
6.66,-0.06908542,15292
6.58,-3.0961852,15292
6.48,-1.3997029,15292
6.04,-3.3620706,15292
5.96,-3.5180228,15292
5.96,-3.5697045,15292
5.89,-1.2936046,15292
5.89,-2.7050827,15292
5.72,-3.419818,15292
5.62,-0.7335108,15292
5.58,-3.7218404,15292
5.46,-0.06560016,15292
5.44,-2.95542,15292
5.34,-2.1818132,15292
5.33,-2.2442765,15292
5.32,-2.1937153,15292
5.19,-2.5129652,15292
5.16,-2.713585,15292
5.13,-3.3715968,15292
5.09,-1.2534741,15292
5.09,-2.2486894,15292
4.9,-1.8652169,15292
4.87,-1.8864154,15292
5.68,1.9235636,2119
8.57,-4.09891,3527
8.35,2.1203372,3527
8.26,-0.9270299,3527
8.24,1.300628,3527
8.24,-1.1510189,3527
8.15,0.9916213,3527
8.14,1.9510038,3527
8.14,1.7613393,3527
8.11,0.75556403,3527
8.09,-1.7374401,3527
8.09,-0.6118706,3527
8.09,1.1896889,3527
8.08,3.2028809,3527
8.07,-0.7934676,3527
8.06,0.4325131,3527
8.06,-0.118697405,3527
8.05,-0.6061079,3527
8.05,1.0275551,3527
8.05,0.20767161,3527
8.04,1.2790157,3527
8.03,2.0928903,3527
7.96,1.622714,3527
7.96,2.3118727,3527
7.92,0.33897868,3527
7.92,1.9707661,3527
7.89,-3.0053995,3527
7.85,-1.1823741,3527
7.77,1.3986436,3527
7.68,0.08799019,3527
7.64,-0.21742854,3527
7.6,0.3957218,3527
7.58,-1.6385419,3527
7.58,1.2922462,3527
7.55,-2.435056,3527
7.43,0.59753203,3527
7.35,-1.778313,3527
6.62,0.8029821,3527
8.4,1.2167425,3329
8.3,-1.3371801,3329
8.2,-0.4740253,3329
8.2,1.5809897,3329
8.1,-1.3291366,3329
8.1,-1.1720618,3329
8.1,2.85506,3329
8.1,-1.5267856,3329
8.0,1.5035849,3329
7.9,1.7594509,3329
7.8,-0.3316085,3329
7.8,-0.51543206,3329
7.8,0.8345265,3329
7.7,-0.61605334,3329
7.7,1.47168,3329
7.7,-0.36454135,3329
7.7,3.1085134,3329
7.7,4.4307637,3329
7.1,1.7164255,3329
6.1,3.2516022,3329
4.71,-0.9677166,17059
8.52,-3.717203,17151
8.3,-3.3003142,17151
8.3,0.5092193,17151
8.1,-0.49236387,17151
8.05,-4.5097246,17151
7.92,-3.717203,17151
7.6,-4.5097246,17151
7.39,-1.023862,17151
7.17,-0.9868691,17151
7.03,-3.847061,17151
6.76,-2.7565095,17151
6.39,-5.971297,17151
6.37,-3.390994,17151
5.92,-3.390994,17151
5.52,-5.971297,17151
5.46,-3.1917431,17151
5.17,-7.482083,17151
5.04,-7.482083,17151
9.15,-0.36267948,9605
8.39,-2.4980135,9605
8.36,-0.3812848,9605
7.92,-0.36267948,9605
7.89,0.44921765,9605
7.6,-1.1178436,9605
7.5,-0.32830846,9605
7.4,0.44921765,9605
6.37,-2.3381352,9605
5.23,-0.2974055,9605
6.11,0.89654964,13563
6.03,1.9023474,1512
5.74,1.9937943,1512
5.27,-0.7049176,1512
8.13,1.4058698,3305
7.92,1.9552485,3305
7.46,3.269785,3305
7.44,2.2440503,3305
7.32,2.2242966,3305
7.26,2.653069,3305
7.21,2.4149601,3305
7.0,1.6251587,3305
7.0,3.3594034,3305
6.68,1.0295722,3305
6.64,0.63042605,3305
6.5,1.8431649,3305
5.92,-0.3972968,3305
5.85,-0.5223289,3305
5.5,-0.1598222,3305
4.85,-1.2632483,3305
4.5,-2.3864603,3305
7.28,-1.0993553,1041
9.0,1.9062113,14546
5.05,3.021364,14460
7.77,-0.57377934,10441
8.58,-1.4051679,9003
6.9,-3.0021064,13957
8.96,4.4512424,13611
8.85,1.3985236,13611
8.85,1.5183872,13611
8.85,1.8027335,13611
8.77,6.493282,13611
8.72,2.708121,13611
8.7,-1.7779738,13611
8.68,3.7710783,13611
8.66,4.1589007,13611
8.64,1.9465846,13611
8.57,4.042404,13611
8.52,8.243484,13611
8.51,6.0428343,13611
8.47,2.0094697,13611
8.47,2.8837376,13611
8.47,-1.1510481,13611
8.42,4.1935062,13611
8.39,7.1905465,13611
8.34,5.062047,13611
8.12,3.0728831,13611
8.09,-1.1510481,13611
8.08,3.171322,13611
7.28,6.8760104,13611
7.04,5.787906,13611
6.63,5.557398,13611
5.65,6.608764,13611
6.23,1.1882045,2214
6.46,-3.4114976,15683
5.66,-0.42898887,15683
5.3,1.862107,15683
5.1,-2.4432647,15683
6.41,1.1707906,7998
10.52,1.1602327,6345
10.15,1.7434527,6345
10.05,0.4206878,6345
10.05,1.1386309,6345
9.96,0.66336477,6345
9.96,2.3923733,6345
9.96,-0.88514227,6345
9.89,2.4405484,6345
9.82,1.4939979,6345
9.8,0.5655005,6345
9.8,-0.06232612,6345
9.7,0.49660683,6345
9.68,1.379521,6345
9.68,0.5743524,6345
9.64,-0.39487907,6345
9.64,1.0219526,6345
9.6,1.7012979,6345
9.59,1.1846048,6345
9.57,0.30725354,6345
9.57,0.24617994,6345
9.57,1.379521,6345
9.57,3.0039275,6345
9.55,1.6236004,6345
9.51,1.8523412,6345
9.46,0.30725354,6345
9.35,1.4078411,6345
9.33,-2.6349878,6345
9.31,-0.76548827,6345
9.31,2.8591719,6345
9.28,0.33547536,6345
9.27,1.7088056,6345
9.21,1.6164328,6345
9.21,-0.6422573,6345
9.19,1.4801645,6345
9.15,-0.5632604,6345
9.13,-0.5247059,6345
9.12,1.4080302,6345
9.12,-2.3871772,6345
9.12,2.174396,6345
9.09,0.28606972,6345
9.06,1.9250929,6345
9.03,-0.22479555,6345
9.03,-1.4883702,6345
9.0,0.3558398,6345
8.93,-0.9541261,6345
8.88,0.23671806,6345
8.85,-0.87192506,6345
8.81,1.0326334,6345
8.79,2.297667,6345
8.69,0.67144495,6345
8.61,-0.62442577,6345
8.56,-1.4261482,6345
8.53,2.4405484,6345
8.52,-2.1149454,6345
8.5,-1.572224,6345
8.49,-3.955766,6345
8.34,-0.28995743,6345
8.33,-2.6961246,6345
8.29,-1.7871057,6345
8.22,-1.6696676,6345
8.09,-0.6089042,6345
7.81,-2.1014202,6345
7.79,-0.35229102,6345
7.71,-3.8212347,6345
7.68,-0.60469085,6345
7.6,-0.7677262,6345
7.33,-1.465852,6345
7.21,-3.2545023,6345
7.09,-2.3977668,6345
7.07,-2.2769892,6345
6.81,-3.477622,6345
6.78,0.10386524,7843
5.47,1.6076318,5615
5.31,-1.796306,5615
5.19,-6.268919,5615
5.12,1.6790556,5615
5.62,0.46261388,15584
5.44,-5.3033414,15584
5.72,-4.5438304,15428
6.16,-0.53144604,14594
6.96,-1.1666547,7014
6.95,1.29038,6964
7.28,3.6430008,1366
9.13,-0.57437,10230
6.25,2.3017435,1115
6.51,4.228226,5580
9.1,4.3135552,6326
8.15,1.385563,7674
8.0,1.6622853,7674
7.89,3.938187,7674
7.89,6.416836,7674
7.82,3.938187,7674
7.72,5.514476,7674
7.57,-0.5810544,7674
8.8,3.276523,9245
8.8,3.6979702,9245
8.8,3.8038728,9245
8.74,5.5110755,9245
8.66,3.6961167,9245
8.64,4.4313264,9245
8.57,2.9484665,9245
8.54,1.0129936,9245
8.54,2.1909177,9245
8.4,1.6807222,9245
8.36,0.12761974,9245
8.24,3.3180501,9245
7.63,-0.1686646,9245
8.7,-2.586026,1290
7.8,1.7895602,1290
7.82,2.2696922,15536
7.52,-0.82511574,15536
7.3,1.7590454,15536
6.77,-4.191605,15536
6.01,-2.0637217,15536
5.44,-5.831204,15536
4.57,-5.185545,15536
5.6,-2.6929724,3218
4.85,-4.2059417,3218
4.81,-2.412312,3218
4.67,-3.3247886,3218
4.64,-5.1970077,3218
4.39,-5.125341,3218
4.29,-3.2104838,3218
4.11,-4.9423,3218
4.03,-1.177544,3218
7.3,-0.039691336,7360
7.92,1.2390274,13029
7.89,-1.2076555,13029
7.85,0.610506,13029
7.82,-0.43418735,13029
7.77,0.16456604,13029
7.68,-0.10858058,13029
7.68,1.2411976,13029
7.66,1.505056,13029
7.66,-1.0426371,13029
7.64,0.030465879,13029
7.64,-0.58407253,13029
7.64,1.1749462,13029
7.58,-1.1937984,13029
7.5,0.6584497,13029
7.46,-2.2788098,13029
7.42,1.4825766,13029
7.39,-1.6676103,13029
7.26,-2.419357,13029
7.19,0.8719601,13029
7.12,0.8024966,13029
6.69,-1.7730317,13029
6.49,3.9028466,13029
5.68,-1.5914314,13029
4.92,-2.0189788,13029
7.7,3.683015,2012
8.3,1.8603789,17104
8.1,3.2241073,17104
7.92,3.9592564,17104
7.92,3.5196917,17104
7.89,1.396456,17104
7.85,3.689976,17104
7.85,3.4934053,17104
7.8,1.7982085,17104
7.7,0.9728629,17104
7.64,2.2433512,17104
7.64,0.5284663,17104
7.62,-1.8064636,17104
7.5,0.38950688,17104
7.48,2.228692,17104
7.36,2.844788,17104
7.33,0.2467756,17104
7.32,1.2300105,17104
7.24,1.3703992,17104
7.16,-2.5393353,17104
6.98,-0.24464104,17104
6.57,-0.025755472,17104
6.51,-4.5161357,17104
5.95,-4.451779,17104
7.4,3.4637933,8711
8.7,1.6513448,12745
8.52,5.144353,12745
8.0,3.255859,12745
8.0,3.1653466,12745
7.93,3.37265,12745
7.6,1.7421494,12745
7.22,2.259621,12745
6.92,-0.27023825,12745
6.89,1.5481042,12745
6.86,-1.2299198,12745
6.63,-1.9943532,12745
6.42,-1.7220064,12745
6.37,-1.797991,12745
6.33,-3.3487864,12745
6.19,-1.6997628,12745
5.81,-4.3811097,12745
5.71,-5.299027,12745
5.35,-5.729076,12745
5.06,-0.43334517,1661
4.63,1.5428674,1661
4.6,-1.053305,1661
7.4,-4.1827397,4401
8.15,1.4854459,5733
8.0,0.30902523,5733
7.82,-1.3681657,5733
7.82,1.2861186,5733
7.6,-1.131137,5733
7.51,-3.1801498,5733
7.38,1.6376837,5733
7.37,-2.7035291,5733
7.28,-2.6185458,5733
7.26,0.0040118676,5733
6.92,-1.7303008,5733
6.8,-2.985894,5733
6.77,-1.6383044,5733
6.6,0.40889373,5733
6.43,4.3282423,5733
6.37,-0.13310084,5733
6.52,-1.5462253,4600
6.37,0.46974972,4600
6.25,2.0767033,4600
6.2,2.0767033,4600
6.11,0.20259178,4600
5.97,-2.027092,4600
5.75,0.71009886,4600
5.69,-2.0532384,4600
5.66,-3.4811726,4600
5.39,0.226471,4600
5.32,-1.7809324,4600
5.31,2.0767033,4600
5.06,-2.2783213,4600
4.95,-1.4574672,4600
8.4,-2.180726,13778
8.29,-2.3551424,13818
8.29,-3.4831245,13818
8.02,1.362107,13818
7.85,1.1956487,13818
7.68,1.82304,13818
7.64,1.8553957,13818
7.44,-2.5915983,13818
7.08,-3.0868976,13818
7.04,-3.9591317,13818
7.02,-1.5909196,13818
6.71,-1.7644905,13818
6.67,-2.8917189,13818
6.59,-2.1764555,13818
6.51,-2.4083815,13818
6.43,-1.7674072,13818
6.33,-1.4197202,13818
6.23,-2.2321305,13818
6.17,-1.6752597,13818
6.16,-2.5735648,13818
6.16,-3.393846,13818
6.01,-1.4029493,13818
5.96,-3.824865,13818
5.82,-3.7634468,13818
6.52,5.4560924,9869
7.64,4.1375074,16212
7.27,-2.3009422,16212
7.13,-0.80746883,16212
7.1,1.6347977,16212
7.03,-1.7086574,16212
6.99,-2.013594,16212
6.97,-2.917372,16212
6.97,1.9114071,16212
6.97,-2.762781,16212
6.83,-3.3691247,16212
6.5,-2.8745477,16212
6.47,-3.9400148,16212
5.63,-2.9792926,16212
5.46,-1.6510161,16212
5.05,-2.873497,16212
5.04,1.4478235,16212
4.63,-2.6034963,16212
5.23,1.0774832,5425
4.82,-0.37994412,12477
6.4,-3.561599,16299
5.31,2.767341,16299
6.02,-1.0290824,569
5.8,-2.2975338,1898
7.19,-0.4526316,4036
7.15,1.7681651,4036
6.88,-0.88340586,4036
6.61,-0.58515614,4036
10.37,2.7512429,11151
9.84,4.1966486,11151
9.67,-3.30304,11151
8.94,2.4464514,11151
9.52,5.6571383,8226
8.89,1.6226306,8226
8.29,2.0812747,10073
8.27,-0.46684116,10073
8.24,-0.3597168,10073
8.17,-0.4435019,10073
8.04,0.66187924,10073
8.03,0.9304777,10073
8.03,0.41817692,10073
7.99,0.89057106,10073
7.85,-0.75160706,10073
7.81,-1.3140208,10073
7.78,-3.5608337,10073
7.77,-0.99555135,10073
7.76,-1.1429957,10073
7.69,-0.8142077,10073
7.68,-0.66859764,10073
7.66,-0.22334841,10073
7.64,-0.5968714,10073
7.64,-1.134479,10073
7.58,1.2329016,10073
7.5,-3.5222616,10073
7.46,1.9571654,10073
7.42,-0.3571918,10073
7.41,-1.3523644,10073
7.29,-1.0792567,10073
7.21,-1.8778272,10073
7.19,0.253226,10073
7.19,0.66187924,10073
7.09,0.073419295,10073
7.09,-1.3300717,10073
7.07,-0.10501216,10073
7.04,1.5341913,10073
6.9,-0.45576566,10073
6.88,-0.123046435,10073
6.82,-0.5147592,10073
6.81,-0.017536689,10073
6.81,0.06140273,10073
6.75,-0.14429855,10073
6.73,-1.8816435,10073
6.46,0.7643614,10073
5.58,2.414465,210
8.64,-3.572176,3892
8.0,3.6648536,2150
7.37,-3.2159014,10862
7.21,3.668212,230
6.52,1.4167564,230
7.51,4.571229,7752
6.92,-2.1954122,7752
6.94,-2.7329938,10697
6.05,1.0908457,15535
4.35,-3.2347238,15535
8.11,5.2538247,13157
5.0,-4.113435,12731
7.6,3.5665314,5210
7.42,-0.673543,5210
7.33,5.4570217,5210
7.26,0.1520111,5210
6.95,3.1701102,5210
6.68,4.4212275,5210
6.39,1.1982417,5210
6.28,0.1520111,5210
6.28,-6.872235,5210
6.06,1.0884472,5210
6.03,-3.3079877,5210
6.02,-4.2048316,5210
5.77,2.026093,5210
5.15,-2.0608692,5210
7.72,4.1813145,1485
7.41,2.8654294,8017
7.33,0.8704521,8017
6.75,-0.89589113,8017
6.45,0.20348054,8017
7.7,2.5564501,8237
7.52,3.390131,8237
7.4,-1.6324828,8237
7.1,2.454518,8237
6.72,-0.7653798,8909
10.92,-1.9487115,10666
10.92,-2.320935,10666
10.92,-2.0439496,10666
9.36,-3.5219455,10666
6.64,-1.7925484,4231
4.3,-0.737582,962
7.84,-0.3421915,6660
8.51,-2.3552296,13840
7.8,0.24346727,8688
9.1,-0.07173838,14068
9.05,1.4492604,14068
9.05,0.99952036,14068
9.0,-0.20478287,14068
9.0,1.0838096,14068
8.96,-0.67720854,14068
8.92,0.5985367,14068
8.85,-3.0214956,14068
8.77,0.4056371,14068
8.66,-0.034956858,14068
8.52,0.9603112,14068
8.4,-0.65684396,14068
8.1,0.8797279,14068
8.25,6.1540875,8995
8.17,4.829165,8995
8.13,4.960056,8995
8.1,4.644542,8995
8.09,4.03289,8995
8.06,5.449701,8995
7.98,4.6879277,8995
7.92,4.0678053,8995
7.89,4.0393605,8995
7.88,5.1012707,8995
7.88,6.028794,8995
7.8,4.711554,8995
7.8,3.1855946,8995
7.74,6.838897,8995
7.73,3.7546313,8995
7.71,4.1029196,8995
7.56,2.9132726,8995
7.55,2.9837089,8995
7.39,2.6080883,8995
7.18,2.9678736,8995
7.08,1.8707854,8995
6.4,4.3404427,8995
7.96,-4.3810954,804
7.8,-2.4568286,804
7.31,-0.9829013,804
7.22,-2.2317483,804
7.03,-3.4729218,804
7.02,2.7799613,804
7.0,-3.4127672,804
6.98,-3.0208988,804
6.92,-2.9327793,804
6.39,-3.5820658,804
6.33,-0.15728343,804
5.78,-2.6677303,804
9.03,-3.170071,11088
9.0,3.051349,11088
8.85,-2.0437298,11088
8.77,-0.27336082,11088
8.74,-0.3340021,11088
8.72,3.4429047,11088
8.62,-1.983527,11088
8.55,0.32800388,11088
8.44,-0.16811252,11088
8.28,-0.80946106,11088
8.08,-1.4794981,11088
7.96,0.86129355,11088
7.89,-1.4563172,11088
7.0,-1.944175,11088
6.92,-2.6586812,11088
6.37,-2.6528103,11088
5.3,-7.444801,17883
5.16,-3.5342567,17883
4.7,-3.7076843,17883
4.54,-5.050057,17883
4.44,-6.568924,17883
4.29,-5.559387,17883
4.0,-6.0629225,17883
4.0,-4.9524984,17883
4.0,-6.4351015,17883
4.0,-4.9870424,17883
7.9,-0.5136913,12391
7.82,-2.8229976,12391
7.72,0.114304386,12391
7.6,1.0932258,12391
7.57,0.2520522,12391
7.24,0.9164911,12391
7.12,0.52210397,12391
7.11,-2.3605702,12391
7.09,0.24446696,12391
7.08,0.32221776,12391
6.94,-2.1840363,12391
6.92,1.4066019,12391
6.81,-4.9064255,12391
6.79,-2.1777349,12391
6.78,-1.6346517,12391
6.76,-1.2568167,12391
6.71,-2.6044455,12391
6.63,-3.5952437,12391
6.6,-4.1436863,12391
6.57,-1.8025757,12391
6.57,-2.2235546,12391
6.54,1.9971446,12391
6.5,-2.6487417,12391
6.48,0.610188,12391
6.45,-4.3840394,12391
6.32,-2.6297503,12391
6.32,-1.4960333,12391
6.3,-2.375237,12391
6.27,-3.2904108,12391
6.18,-3.5759735,12391
6.12,-2.9819047,12391
6.09,-3.128874,12391
6.01,-3.0083456,12391
5.23,-3.657044,12391
6.92,1.6663237,9144
6.84,0.261131,9144
6.29,-5.945184,9144
8.0,1.499993,668
7.7,1.0362312,668
7.7,1.7049865,668
7.7,2.0221329,668
7.7,2.2920442,668
7.52,-1.1301107,668
7.4,-3.0884602,668
6.44,-0.19419459,668
6.07,-0.82234436,668
5.92,-1.1946474,668
7.18,5.539751,5523
4.8,-3.4283679,10066
8.57,1.8637422,8072
8.44,-3.136842,8072
7.2,2.2395678,10994
7.07,-2.093327,10994
6.82,3.1659703,10994
6.68,1.2630453,10994
6.66,2.1430655,10994
6.54,2.0819502,10994
6.54,3.837789,10994
6.46,2.0549486,10994
6.43,3.691367,10994
6.43,-2.2329261,10994
6.42,0.58991385,10994
6.36,-0.31220597,10994
6.31,1.530987,10994
6.28,-1.448974,10994
6.17,1.6197286,10994
5.77,2.9669154,10994
5.47,0.58991385,10994
6.7,-1.68597,13418
6.3,0.90923864,13418
6.19,-0.68288934,13418
6.17,-1.2697955,13418
6.08,-4.300392,13418
5.91,0.90214163,13418
5.78,0.7523906,13418
5.72,-2.6478164,13418
5.65,-4.7206154,13418
5.2,-1.0316662,13418
4.75,-7.325377,13418
4.43,-4.022065,13418
9.0,-2.7765374,13164
7.4,1.6146276,15600
6.89,2.7610588,15600
6.8,4.1249566,15600
6.68,3.6785152,15600
6.6,1.7022765,15600
6.04,-0.4496184,15600
5.66,0.5528781,15600
5.51,-1.4777719,15600
5.33,-2.2151148,15600
4.77,-2.5470665,15600
4.72,-2.739021,15600
6.11,3.1329281,7164
9.82,-1.3092865,6158
9.59,1.2528493,6158
9.41,0.78344315,6158
8.8,-0.80052036,6158
8.72,-0.36201298,6158
8.68,-1.1852466,6158
8.59,-1.4344792,6158
8.59,-0.15169713,6158
8.57,-1.4551649,6158
8.51,-1.2134367,6158
8.49,-0.533208,6158
8.46,-0.77160364,6158
8.42,-2.3626153,6158
8.37,-0.88933647,6158
8.36,-0.53162885,6158
8.34,-1.016366,6158
8.33,-0.6408016,6158
8.33,-1.2281637,6158
8.32,-2.3990061,6158
8.31,-0.9736845,6158
8.3,-1.7697214,6158
8.3,-3.160672,6158
8.28,0.0529309,6158
8.28,-2.1374571,6158
8.26,-1.0365818,6158
8.25,-3.2117128,6158
8.24,-1.8852595,6158
8.24,-2.8207529,6158
8.22,-2.1092384,6158
8.2,-1.5396334,6158
8.19,-1.703853,6158
8.17,-2.6964805,6158
8.16,-1.312341,6158
8.16,-1.7259508,6158
8.15,-1.4748282,6158
8.12,0.7742361,6158
8.08,-1.0435097,6158
8.06,-0.6669012,6158
8.04,-1.2612257,6158
8.04,-1.6554651,6158
8.03,-1.134545,6158
8.02,-0.97997177,6158
8.0,-3.0121381,6158
8.0,-1.8352305,6158
7.96,-0.99867105,6158
7.92,-2.7915823,6158
7.92,-0.591674,6158
7.92,-1.2985808,6158
7.92,-3.0121381,6158
7.89,-0.87356114,6158
7.89,-2.3563972,6158
7.89,-0.82849234,6158
7.89,-0.763409,6158
7.89,-1.5117209,6158
7.89,-2.3011365,6158
7.89,-1.1345453,6158
7.89,-2.9573557,6158
7.85,-0.5281578,6158
7.85,-1.0622684,6158
7.85,-0.404008,6158
7.85,-2.4116654,6158
7.85,-2.038431,6158
7.85,-1.9198976,6158
7.82,-2.3102326,6158
7.82,-0.4501818,6158
7.82,-3.1216326,6158
7.82,-1.5660585,6158
7.8,-0.8973625,6158
7.8,-2.9215014,6158
7.8,-1.2841434,6158
7.77,-2.4675963,6158
7.75,-2.630795,6158
7.75,-1.0981177,6158
7.75,-0.41977295,6158
7.75,-0.3258552,6158
7.75,0.35443667,6158
7.72,0.6817152,6158
7.72,-3.2023196,6158
7.7,-2.0717807,6158
7.7,0.49652117,6158
7.7,-0.8093503,6158
7.68,-1.3563284,6158
7.66,-2.6589475,6158
7.66,-3.2023196,6158
7.64,-1.9532672,6158
7.64,-1.0251322,6158
7.64,-1.991592,6158
7.62,-0.6901054,6158
7.62,-2.2004364,6158
7.62,-2.4955904,6158
7.62,-0.15082501,6158
7.62,-3.2023196,6158
7.6,-1.2616466,6158
7.6,-2.6971753,6158
7.6,-1.5098683,6158
7.6,-2.5121088,6158
7.58,-1.3915601,6158
7.58,-1.7286371,6158
7.58,-0.058870453,6158
7.58,-1.1345453,6158
7.57,-1.8852595,6158
7.57,-0.4553225,6158
7.57,-1.4571035,6158
7.57,-1.0386304,6158
7.55,0.024776664,6158
7.55,-0.8912161,6158
7.55,-0.6190209,6158
7.55,-1.3689911,6158
7.54,-1.009606,6158
7.54,-1.8533117,6158
7.54,-1.5581893,6158
7.54,-1.0251322,6158
7.52,-0.63037825,6158
7.52,-2.250368,6158
7.52,-1.7814904,6158
7.52,-2.099984,6158
7.52,-2.5400057,6158
7.51,-1.0607063,6158
7.51,-1.2731632,6158
7.51,-1.8825777,6158
7.51,-2.1285515,6158
7.5,0.97969455,6158
7.5,-2.7290385,6158
7.47,-0.6339658,6158
7.47,-1.2092139,6158
7.47,-1.7058481,6158
7.47,0.19824293,6158
7.46,-3.2359574,6158
7.46,-0.11886162,6158
7.46,0.8664437,6158
7.46,-1.2731632,6158
7.44,-1.636732,6158
7.43,-0.9575563,6158
7.43,-0.54175234,6158
7.42,-0.9448928,6158
7.42,-0.45517713,6158
7.42,-1.9916562,6158
7.42,-2.7935894,6158
7.41,-1.6560261,6158
7.41,-2.093321,6158
7.41,0.7360699,6158
7.41,-1.1922673,6158
7.4,-1.009606,6158
7.4,-1.8476747,6158
7.4,-0.15446177,6158
7.38,-1.8710325,6158
7.38,-0.30698687,6158
7.38,-3.4964507,6158
7.38,-2.667588,6158
7.37,-0.90200573,6158
7.37,-2.0234,6158
7.36,0.7172317,6158
7.33,-0.8541346,6158
7.33,-1.2296827,6158
7.32,-1.0451156,6158
7.32,1.1258166,6158
7.31,-1.9600835,6158
7.31,1.0190871,6158
7.31,0.27923045,6158
7.31,-1.0325152,6158
7.28,-2.824334,6158
7.28,-1.0690202,6158
7.27,-2.248469,6158
7.27,-1.343969,6158
7.27,-1.7374219,6158
7.27,-1.3604252,6158
7.26,-1.2175957,6158
7.26,-1.4413716,6158
7.26,-1.6171336,6158
7.25,-2.534258,6158
7.24,-1.2755207,6158
7.24,-0.058870267,6158
7.24,-3.5914857,6158
7.24,1.7266387,6158
7.24,-0.50520426,6158
7.23,-1.8146659,6158
7.22,0.22060075,6158
7.22,-1.3602858,6158
7.22,-1.5164595,6158
7.21,-2.0298953,6158
7.21,-2.5306065,6158
7.2,-1.7759786,6158
7.19,0.28626516,6158
7.19,-3.5660086,6158
7.19,-5.5724907,6158
7.19,-0.796777,6158
7.18,-3.4737623,6158
7.18,-0.35804394,6158
7.18,0.5615043,6158
7.17,-2.4229321,6158
7.17,-1.857915,6158
7.16,-0.07993252,6158
7.14,-2.0815082,6158
7.14,-1.1703278,6158
7.14,-1.1458919,6158
7.14,-2.2612453,6158
7.14,-2.7430947,6158
7.12,1.4122773,6158
7.11,-0.5710543,6158
7.11,-0.45391488,6158
7.11,-1.7254416,6158
7.11,0.10104243,6158
7.11,-0.07321642,6158
7.1,-2.0963583,6158
7.1,-2.0211847,6158
7.1,-2.2394526,6158
7.1,0.27673566,6158
7.1,-1.0688363,6158
7.1,-1.2587227,6158
7.09,-1.566059,6158
7.08,-2.1144202,6158
7.08,-0.64641166,6158
7.07,-1.2379218,6158
7.07,-0.70037955,6158
7.06,-0.98754364,6158
7.06,-2.7480242,6158
7.06,1.3313413,6158
7.06,-2.6895247,6158
7.06,-1.5516943,6158
7.05,-3.098954,6158
7.05,-0.38328582,6158
7.05,-1.5250175,6158
7.04,-1.6994928,6158
7.04,-0.47749186,6158
7.04,-2.5319211,6158
7.04,-1.169599,6158
7.04,-1.7398108,6158
7.03,-2.9573562,6158
7.03,-1.3981849,6158
7.02,-0.35988227,6158
7.02,2.0519774,6158
7.02,-3.0795975,6158
7.01,-1.0867965,6158
7.01,-1.2373109,6158
7.01,-0.8328064,6158
7.01,-2.1939487,6158
7.0,-1.5590677,6158
7.0,0.15195337,6158
7.0,-0.045926537,6158
6.96,-2.9033473,6158
6.96,-1.7800728,6158
6.96,-2.5962834,6158
6.96,-1.7211142,6158
6.96,0.6166895,6158
6.96,-1.9998381,6158
6.96,-1.3465062,6158
6.96,-1.1158845,6158
6.92,-1.371535,6158
6.92,-0.38636085,6158
6.92,1.0023396,6158
6.92,-2.8410826,6158
6.92,-1.2662,6158
6.92,-3.7322516,6158
6.92,-4.2184443,6158
6.92,-1.9424591,6158
6.92,-5.319435,6158
6.92,-1.5346972,6158
6.92,-0.35695738,6158
6.92,-1.6685462,6158
6.91,-0.5209881,6158
6.91,-1.3384185,6158
6.89,-1.4754517,6158
6.89,0.8386449,6158
6.89,0.4855792,6158
6.89,-0.52571166,6158
6.89,0.93887407,6158
6.89,0.38886,6158
6.89,-0.17880085,6158
6.85,-2.180294,6158
6.85,-0.5941147,6158
6.85,1.6098589,6158
6.85,-1.6736665,6158
6.85,0.6057991,6158
6.85,0.5763753,6158
6.85,-2.1218832,6158
6.85,-0.72599435,6158
6.85,-1.7911222,6158
6.85,-0.913935,6158
6.85,-3.1863456,6158
6.85,-2.0011387,6158
6.85,-4.500736,6158
6.85,-1.5995162,6158
6.85,-2.7735205,6158
6.85,-1.6137111,6158
6.82,-2.3418815,6158
6.82,-3.5882177,6158
6.82,0.3284492,6158
6.82,-2.7273452,6158
6.82,-2.0123985,6158
6.82,-3.2499993,6158
6.8,-0.75350183,6158
6.8,1.5837754,6158
6.8,1.7697387,6158
6.8,0.41162267,6158
6.8,-0.5171036,6158
6.8,-1.0039895,6158
6.8,-1.7280835,6158
6.77,-0.038586378,6158
6.77,-1.3467097,6158
6.77,-1.691416,6158
6.77,-0.84608394,6158
6.77,0.849618,6158
6.77,-1.1982461,6158
6.75,0.9733016,6158
6.75,-1.187897,6158
6.75,-1.3100023,6158
6.75,-2.1374567,6158
6.72,-2.9349184,6158
6.72,-2.0132372,6158
6.72,-1.663123,6158
6.72,-1.6773561,6158
6.7,-0.50700563,6158
6.7,-0.81865615,6158
6.7,0.5795491,6158
6.7,0.68539584,6158
6.7,-1.9491926,6158
6.68,-2.5937245,6158
6.68,-1.5024928,6158
6.68,0.968182,6158
6.67,-0.5901025,6158
6.66,-1.3531165,6158
6.66,-0.29142871,6158
6.66,-0.52962875,6158
6.64,-3.3341737,6158
6.64,-3.39031,6158
6.64,-0.6991289,6158
6.64,-2.7419403,6158
6.64,-0.54559916,6158
6.64,-3.108622,6158
6.64,-0.94996303,6158
6.62,-2.8826864,6158
6.62,-1.6812904,6158
6.62,-0.8353924,6158
6.6,-2.0317001,6158
6.6,-1.7596551,6158
6.6,-2.9866076,6158
6.6,-1.0981122,6158
6.6,-2.1958392,6158
6.6,0.294805,6158
6.6,-1.7167404,6158
6.58,-1.1456758,6158
6.58,-3.3523462,6158
6.57,-0.33431125,6158
6.57,-0.81725425,6158
6.55,-0.5602745,6158
6.55,-3.3170843,6158
6.55,-2.5255406,6158
6.54,0.7667642,6158
6.54,-1.5807712,6158
6.52,-1.1456761,6158
6.52,-1.634797,6158
6.51,-1.1830894,6158
6.51,0.12912157,6158
6.51,-2.709692,6158
6.51,-1.5972052,6158
6.5,-1.4021417,6158
6.5,0.54695755,6158
6.5,-0.25782728,6158
6.48,-1.8652201,6158
6.48,-0.055632964,6158
6.48,-0.2002033,6158
6.47,-1.5665716,6158
6.47,-2.9817188,6158
6.46,-3.2541616,6158
6.46,-0.35716543,6158
6.44,-1.9470336,6158
6.43,-1.3814472,6158
6.43,-2.384933,6158
6.43,-1.8122209,6158
6.43,-2.7633457,6158
6.43,-2.7820828,6158
6.42,-1.1609517,6158
6.42,-0.12288236,6158
6.41,-0.87809306,6158
6.4,-1.9125557,6158
6.39,-0.29471046,6158
6.38,-1.2710499,6158
6.36,0.37642092,6158
6.36,-1.4515464,6158
6.34,-0.24931407,6158
6.34,-2.2752876,6158
6.32,-1.0645446,6158
6.31,-1.246326,6158
6.31,-0.78701705,6158
6.3,-1.5240194,6158
6.3,-1.0664428,6158
6.3,0.33539498,6158
6.3,-3.1056855,6158
6.29,-0.82421696,6158
6.28,-0.14036444,6158
6.28,-1.6373677,6158
6.27,0.71867263,6158
6.27,-1.3398823,6158
6.25,1.094977,6158
6.25,-1.2794104,6158
6.25,-2.4691825,6158
6.24,-1.7638928,6158
6.23,-1.0957409,6158
6.22,-1.0725715,6158
6.21,-1.6856576,6158
6.19,-0.5271663,6158
6.19,0.6568402,6158
6.19,-4.065886,6158
6.17,-0.48367262,6158
6.17,0.6884482,6158
6.16,1.2419764,6158
6.16,-0.82015264,6158
6.15,-1.3442761,6158
6.14,-0.83138776,6158
6.14,1.36329,6158
6.13,-1.5610926,6158
6.11,-0.41395622,6158
6.11,-1.7501435,6158
6.1,-2.055228,6158
6.09,-2.5100918,6158
6.05,-0.46848124,6158
6.0,-1.1581807,6158
5.96,0.44689924,6158
5.96,-1.8134595,6158
5.85,0.07383413,6158
5.85,-0.6532272,6158
5.85,0.82385206,6158
5.8,-0.31371626,6158
5.75,-0.11746908,6158
5.7,-0.7789351,6158
5.7,-1.9874572,6158
5.6,0.002026718,6158
5.12,0.064964294,6158
6.37,1.114344,12437
7.43,6.781638,13464
5.54,-4.5315943,17698
9.52,0.23898906,9818
8.7,-6.7811418,9818
8.7,-0.6547484,9818
7.42,-0.87976414,9818
6.62,-1.6976905,9818
6.3,0.21504328,9818
6.1,-0.26454598,9818
6.09,-0.55754095,9818
5.96,-3.6579633,9818
5.72,-2.3467739,9818
7.47,1.4818922,5638
7.21,-3.3559227,16797
7.17,1.0294492,7860
7.11,-0.020269291,7860
7.06,0.6661366,7860
6.92,2.8639195,7860
6.92,2.4691653,7860
6.92,2.6932871,7860
6.89,3.184407,7860
6.85,0.73805416,7860
6.82,-0.6016577,7860
6.82,-1.0224017,7860
6.8,1.5939577,7860
6.8,1.4084568,7860
6.72,1.3559785,7860
6.64,1.6444035,7860
6.62,1.4260187,7860
6.62,2.9168115,7860
6.6,1.4702482,7860
6.6,0.90918225,7860
6.58,0.23825616,7860
6.55,1.159326,7860
6.5,1.0473973,7860
6.48,0.9474332,7860
6.48,1.6271082,7860
6.44,1.1741537,7860
6.43,1.4092745,7860
6.41,-1.5221349,7860
6.41,4.3218427,7860
6.4,1.0670503,7860
6.4,0.64830285,7860
6.39,0.45042077,7860
6.39,-1.0374207,7860
6.37,-0.80534875,7860
6.35,2.0840864,7860
6.29,0.88027453,7860
6.21,4.087216,7860
6.2,-2.605562,7860
6.17,0.35358387,7860
6.17,1.4807327,7860
6.16,-1.2793742,7860
6.13,1.1659724,7860
6.13,0.20116413,7860
6.11,0.114232056,7860
6.1,1.5365405,7860
6.09,1.1867676,7860
6.05,1.3936465,7860
6.04,1.3521955,7860
6.0,-0.5581111,7860
6.0,-0.4336261,7860
5.96,-0.38038412,7860
5.92,-0.9617691,7860
5.92,1.8707688,7860
5.92,1.4905926,7860
5.8,1.9807502,7860
5.4,0.40205425,7860
5.38,-0.10002618,7860
5.13,1.0369108,7860
5.09,-0.37761766,7860
5.08,1.4631532,7860
7.92,0.3987115,14624
6.18,-7.3211117,16939
6.12,-4.1596637,16939
6.1,-6.7400303,16939
5.92,-0.52763706,16939
6.43,2.4957793,5906
7.72,3.4764802,6354
7.64,1.8374839,6354
7.62,6.073126,6354
7.62,4.6756797,6354
7.54,3.4110103,6354
7.46,4.4482274,6354
7.41,5.0273294,6354
7.39,4.645926,6354
7.37,5.0021763,6354
7.36,3.9096692,6354
7.35,3.4560978,6354
7.35,4.704858,6354
7.33,4.3694534,6354
7.3,3.9162114,6354
7.17,1.7961565,6354
7.14,4.9133797,6354
7.13,3.289518,6354
7.13,0.6789456,6354
7.05,4.714439,6354
7.0,2.4121437,6354
7.0,4.039354,6354
6.92,1.7009948,6354
6.9,2.2770672,6354
6.75,1.3391769,6354
6.71,3.2944105,6354
6.67,0.41807377,6354
6.62,2.730843,6354
6.5,3.8432827,6354
6.46,0.05398483,6354
6.46,5.876924,6354
6.3,2.9590807,6354
6.27,-3.1125765,6354
5.58,0.76496905,6354
9.1,-4.741404,4219
7.72,1.0596038,4219
7.35,1.1884365,4219
7.17,0.9852591,4219
6.85,0.41681403,4219
6.6,0.86329633,4219
6.39,-1.8772672,4219
6.11,-2.4845865,4219
6.02,-2.193328,4219
8.7,0.84793586,13355
8.52,-1.2822598,13355
8.52,-2.1732957,13355
8.4,1.5006865,13355
8.3,-2.6627357,13355
8.3,2.691875,13355
8.3,3.856092,13355
8.22,-0.75053376,13355
8.22,-1.3587555,13355
8.1,-2.6947727,13355
8.05,-1.0752112,13355
8.0,-0.7627825,13355
8.0,0.07744869,13355
8.0,3.8442209,13355
7.96,-2.7298305,13355
7.92,2.4368436,13355
7.89,-1.3400662,13355
7.85,-3.6037822,13355
7.75,2.686703,13355
7.72,-1.9072909,13355
7.6,-0.55846035,13355
7.6,0.43141204,13355
7.58,3.2912052,13355
7.58,-1.4930035,13355
7.48,-3.6027923,13355
7.43,-1.4196479,13355
6.99,1.8328061,13355
6.75,1.182604,13355
7.13,2.6901836,15594
6.57,0.85697484,15594
5.48,-0.78949,15594
5.17,0.034206223,15594
5.02,-5.2304626,15594
8.22,-0.35597864,9377
7.3,0.15061453,2192
6.72,0.42073035,2192
6.44,-1.6089016,2192
6.17,0.36646494,2192
5.01,0.36646518,2192
4.71,-5.331575,2192
4.68,-3.298509,2192
5.52,0.85593134,17467
4.68,-2.1352289,17467
5.85,-1.176023,6821
5.04,-2.2249382,6821
9.0,-1.28847,13586
8.96,-1.8102363,13586
8.82,-3.871277,13586
8.72,-3.0535288,13586
8.72,2.7576053,13586
8.38,0.37976718,13586
8.36,-2.4539616,13586
8.35,-4.190525,13586
8.27,-1.28847,13586
8.02,0.49928147,13586
7.64,3.175069,13586
7.46,2.4519331,13586
7.41,2.7015831,13586
7.16,0.9033593,13586
6.88,1.0243658,13586
6.54,-0.47593474,13586
6.28,2.9549794,13586
6.15,-1.6781323,13586
6.14,-1.9179784,5607
5.48,2.603001,5607
5.37,-3.346637,5607
5.09,-4.0235853,5607
8.04,2.1356452,11700
7.92,3.6641414,11700
7.89,2.5420232,11700
7.89,1.6142918,11700
7.85,1.7351291,11700
7.82,2.8038545,11700
7.8,2.8872328,11700
7.77,-2.9786854,11700
7.68,-4.478642,11700
7.55,3.3338947,11700
7.5,-3.0068762,11700
7.11,-4.8251863,11700
6.94,-3.313157,11700
6.91,2.8674152,11700
6.68,3.2566156,11700
6.63,1.2750841,11700
7.38,3.656792,14022
8.3,0.19928658,13168
8.0,1.8068244,13168
7.96,1.7038468,13168
7.92,1.7382271,13168
7.77,2.0924344,13168
7.58,1.8999753,13168
7.5,-2.172105,13168
7.46,1.4008298,13168
7.41,-2.172105,13168
7.4,1.528099,13168
7.39,1.5165589,13168
7.13,-3.4467988,13168
6.98,-2.2251573,13168
6.91,-2.4040911,13168
6.91,-1.8596252,13168
6.82,-2.8884523,13168
6.81,-3.2633684,13168
6.67,-1.8901883,13168
6.58,-1.5242981,13168
6.48,-3.1482,13168
6.29,-3.1594033,13168
5.93,-2.6528654,13168
5.91,-3.4758008,13168
5.86,-1.2793248,13168
5.55,-4.4863253,13168
5.51,-3.3015292,13168
5.47,-2.426937,13168
5.22,-3.127333,13168
4.85,1.7642442,13168
7.12,8.41217,12901
6.86,0.71685743,12901
7.75,0.12665698,2317
5.32,2.5354428,2317
8.1,-0.36568758,5212
7.42,1.9521004,5212
7.34,2.0160432,5212
7.17,0.9044294,5212
7.1,-1.3240232,5212
6.96,1.4638909,5212
6.75,-0.22357643,5212
6.61,0.79314643,5212
5.82,-2.56396,9916
5.77,-4.0511127,9916
5.55,-5.91449,9916
5.25,-3.530876,9916
5.14,-4.373934,9916
5.01,-5.5979853,9916
8.15,-2.7609255,3579
7.92,1.9640692,3579
7.75,-2.013722,3579
7.54,0.25438428,3579
7.28,-1.9489315,3579
7.1,-3.5024965,3579
6.19,-2.4278688,3579
5.28,-0.8726471,3579
8.92,2.1637828,11129
8.51,2.0582914,11129
8.47,1.6695713,11129
7.4,-2.76209,11129
9.03,2.6653812,3681
8.88,4.64875,3681
8.69,4.5876594,3681
6.28,0.62069875,759
7.54,-0.40049943,5257
7.6,-1.9887612,8173
8.7,5.6135855,11867
7.92,-2.0117924,11867
8.15,2.6722784,2459
7.3,-0.12695178,2459
6.03,-2.1663203,8665
5.94,-0.30012393,8665
5.83,-1.9280761,8665
5.5,3.1885223,8665
5.37,-5.2436943,8665
5.32,2.3050303,8665
5.17,0.9820855,8665
5.12,2.7833235,8665
5.0,-1.5544969,8665
4.97,-3.1288593,8665
4.72,5.120311,8665
4.59,5.018473,8665
8.82,1.1176845,17009
7.82,-3.492961,5497
7.8,-6.7328,5497
7.41,2.3673117,5497
7.39,-1.9545822,5497
7.29,-1.3830566,5497
7.11,-5.1694617,5497
6.8,-1.475553,5497
6.72,-0.8190287,5497
6.64,-4.707743,5497
6.52,-7.5224643,5497
6.37,-1.6141218,5497
6.36,-3.8828142,5497
6.33,-0.7137058,5497
6.32,-6.7068424,5497
6.26,-4.028963,5497
8.52,0.39048368,17101
8.52,-2.9170945,17101
8.4,-0.63444626,17101
8.4,-2.2779872,17101
8.3,0.07549614,17101
8.3,2.3613522,17101
8.22,-0.94995576,17101
8.22,-3.0354307,17101
8.15,-1.3888983,17101
8.1,-0.72505224,17101
8.1,-0.9627262,17101
8.05,-2.5098665,17101
8.05,-1.3991297,17101
8.0,-1.2319695,17101
7.96,-4.262403,17101
7.92,0.05220066,17101
7.89,-3.444448,17101
7.89,-2.0449092,17101
7.85,2.27742,17101
7.75,-0.8631633,17101
7.68,-1.3313884,17101
7.62,-1.3880395,17101
7.17,-3.3984303,17101
6.74,-1.4153062,17101
6.62,-3.9769156,17101
6.6,-3.8094125,17101
7.19,3.5282006,11385
5.92,1.5573283,11385
5.62,1.3815302,11385
5.36,-2.6695416,11385
6.41,-7.603517,16884
4.4,-3.1839306,12004
8.3,-3.9585025,9548
8.22,2.0974572,1691
8.15,3.6491117,1691
8.0,-1.1867343,1691
7.77,3.7504084,1691
7.75,-1.6491152,1691
7.35,-0.75509316,1691
7.27,2.5391173,1691
7.25,-1.0472816,1691
7.14,2.7292755,1691
7.08,-1.2813263,1691
6.8,-0.8152017,1691
6.79,2.7871065,1691
6.69,-0.6263913,1691
6.42,-1.2551452,1691
6.32,1.016401,1691
7.92,0.77297044,6882
7.68,3.4655678,6882
7.62,3.294492,6882
7.62,0.7735255,6882
7.5,0.93475324,6882
7.29,0.99762136,6882
6.96,2.3235767,6882
6.92,1.1863903,6882
6.6,4.9990573,6882
6.5,2.3689015,6882
6.44,4.021179,6882
6.44,3.3975358,6882
6.34,1.5634787,6882
6.3,4.1276293,6882
6.16,6.138329,6882
6.11,3.4778728,6882
5.96,-0.65964794,6882
5.89,5.4623985,6882
5.52,4.0398293,6882
5.61,4.2383385,9535
6.41,-6.2949395,5153
5.8,-6.1946235,5153
5.55,0.59449816,5153
5.43,-7.1133003,5153
5.33,-4.9937983,5153
5.28,0.90212536,5153
5.11,-2.7339506,5153
5.89,0.92274153,17407
5.44,1.1854166,17407
9.12,-1.5906601,9547
5.73,-1.2226104,3712
5.6,-2.207034,3712
8.4,-4.8970704,779
8.31,-2.9010537,779
8.3,-2.456688,779
8.26,-4.0050187,779
8.24,-1.1923953,779
8.15,-0.34117037,779
8.15,-3.5441837,779
8.1,0.03260442,779
8.1,-1.7641069,779
8.07,-1.1564256,779
7.96,-2.8048477,779
7.96,-4.2437587,779
7.92,-1.4096168,779
7.92,-2.2376192,779
7.85,-3.624291,779
7.82,-2.1392813,779
7.8,0.86054343,779
7.75,0.766779,779
7.72,-2.5119529,779
7.7,-3.6675224,779
7.6,-2.9383159,779
7.6,-2.690365,779
7.57,-1.1431428,779
7.54,-1.8814013,779
7.51,-4.2628846,779
7.46,-2.0157979,779
7.46,-2.0920787,779
7.44,-3.0033994,779
7.36,-1.9286548,779
7.34,-1.9302723,779
7.28,-4.933249,779
7.24,-5.464172,779
7.16,-2.0491588,779
7.16,-2.5931513,779
7.08,-3.063695,779
7.05,1.7117182,779
6.68,-4.0280585,779
6.6,1.1061888,779
6.17,-1.5968683,779
7.37,1.4175733,8584
10.4,1.3000584,10550
9.37,6.201151,10550
8.7,-3.9784844,10550
5.17,2.9124765,6392
5.12,-0.9062923,6392
4.96,1.6200712,6392
4.92,-0.9062923,6392
4.89,-0.56387395,6392
4.85,2.9124765,6392
4.68,-1.1555417,6392
4.62,-0.56387395,6392
4.6,1.6200712,6392
4.51,-1.1555417,6392
8.4,4.11463,12105
8.37,3.351648,11916
6.95,-1.1813465,11916
6.29,-0.6915943,3141
6.16,-2.1035771,3141
6.73,3.6304245,13593
6.7,0.6975206,13593
6.62,3.977453,13593
6.6,3.6926877,13593
6.56,3.6164117,13593
6.43,4.5724154,13593
6.16,4.2562222,13593
6.08,4.548376,13593
6.5,-3.0848196,3459
5.85,-2.1429284,3459
5.28,-2.4644456,13049
7.5,3.6787107,12929
7.5,-1.6771427,12929
7.4,-2.224836,12929
7.3,2.6017404,12929
7.1,0.7834347,12929
6.8,-2.670807,12929
6.7,1.5306183,12929
6.5,2.9738955,12929
6.4,-3.2542284,12929
6.3,2.8395216,12929
6.2,-3.1899588,12929
6.0,2.1477575,12929
7.96,2.4007647,3421
6.74,3.1922836,1370
6.78,-0.49191758,12551
7.85,-0.43203694,14130
7.7,3.0579267,14130
7.7,2.4910839,14130
7.64,1.5287635,14130
7.62,0.487754,14130
7.46,-0.15322956,14130
7.28,-2.088746,14130
7.21,0.025821239,14130
7.21,-1.1330364,14130
7.2,-1.1962745,14130
7.14,0.52023494,14130
7.06,-0.26515222,14130
7.05,-0.8182822,14130
7.04,-1.6230428,14130
7.0,-0.35295132,14130
6.8,-0.92790794,14130
6.72,0.6928466,14130
6.7,0.15903172,14130
6.6,-1.7361795,14130
6.57,0.06103223,14130
6.51,-1.0316771,14130
6.5,-1.3003901,14130
6.48,0.3333138,14130
6.44,0.2987624,14130
6.39,-1.256628,14130
6.36,-1.6335201,14130
6.32,0.36741644,14130
6.3,-1.2568754,14130
6.28,-1.4205045,14130
6.26,-1.8686742,14130
6.26,-0.7604013,14130
6.21,-4.085268,14130
6.21,-1.0174332,14130
6.19,-2.5307968,14130
6.17,-2.0596702,14130
6.02,-1.9202694,14130
6.01,0.25197667,14130
5.85,-3.7371507,14130
5.8,-0.043300353,14130
5.77,-2.530589,14130
5.68,-1.5485507,14130
5.66,-0.12427357,14130
5.64,-0.38086587,14130
5.64,-1.2890737,14130
5.55,-2.5374033,14130
5.5,-1.5552751,14130
5.4,-0.893875,14130
5.36,-3.7418358,14130
6.8,1.0740634,8419
6.0,-1.6138461,10414
6.96,3.1597948,2569
6.23,-1.724646,2569
5.89,-4.7662344,2569
5.24,-0.23971575,7767
6.06,1.1143513,12601
6.72,2.0726235,3191
6.4,-1.061163,3191
6.19,-3.7001722,16054
5.5,-4.1428127,16054
5.46,-4.5195327,16054
5.44,-5.8293915,16054
5.44,-3.8776734,16054
5.41,-0.7118033,16054
5.35,-2.626607,16054
5.29,-3.5318043,16054
5.28,-5.1032414,16054
5.24,-1.7348385,16054
5.22,-4.9073443,16054
5.14,-4.281028,16054
5.11,-0.9134638,16054
5.01,-5.521584,16054
4.96,-5.1736684,16054
4.51,-2.4403872,16054
4.0,-5.793447,16054
4.0,-5.8089967,16054
6.05,4.2313123,5555
7.5,-3.47497,4237
6.19,-4.14142,4237
6.19,-6.458339,4237
6.81,1.1863734,13397
5.98,3.2611935,13397
8.41,0.62096715,8518
8.24,1.940599,8518
8.22,1.6689144,8518
8.19,4.773006,8518
6.81,1.1800612,12090
7.01,2.993767,5571
4.8,-3.328278,10356
7.76,0.00709866,2201
7.39,-1.6245846,2201
7.26,-2.3143346,2201
7.16,1.6626897,2201
7.07,-2.1587694,2201
7.01,-1.3387512,2201
6.96,-0.5185875,2201
6.9,-1.4319894,2201
6.9,-3.070183,2201
6.81,-4.6910815,2201
6.47,-5.6028366,2201
6.4,-2.734617,2201
6.37,-2.4306989,2201
6.31,-1.5740579,2201
6.3,-2.2413957,2201
6.25,-1.1789652,2201
6.25,-4.394222,2201
6.21,-4.911612,2201
6.19,-3.5841339,2201
6.19,0.35934886,2201
6.07,-2.4587061,2201
6.04,1.2152408,2201
5.97,-4.6177773,2201
5.94,-6.088718,2201
5.91,-3.970054,2201
5.87,-1.5051413,2201
5.81,-5.062561,2201
5.79,-5.076744,2201
5.62,-2.7141795,2201
5.61,-5.612707,2201
5.54,0.91363543,2201
5.49,-5.1087537,2201
5.45,-4.5633016,2201
5.41,-1.853563,2201
5.26,0.31396946,2201
5.21,-1.8418164,2201
5.1,-4.2740383,2201
5.02,-5.7317085,2201
5.02,-5.910249,2201
4.86,-1.5858651,2201
9.52,0.6499527,8592
9.52,-3.1015227,8592
9.4,2.3466246,8592
9.4,0.060790397,8592
9.4,1.5267738,8592
9.3,-2.0211284,8592
9.22,1.3410765,8592
9.15,1.2543508,8592
9.1,1.254351,8592
9.1,1.7433138,8592
9.1,1.1215141,8592
9.05,1.7433138,8592
9.0,0.5967016,8592
9.0,1.1215134,8592
9.0,0.39555427,8592
8.96,1.1398782,8592
8.85,1.3410767,8592
8.62,0.5967019,8592
8.39,0.5720821,8592
8.31,0.10239557,8592
8.13,-0.572781,8592
8.03,0.42842704,8592
8.01,-0.8006446,8592
7.96,1.9409919,8592
7.82,0.7136614,8592
7.64,-1.4738202,8592
7.57,-3.9557073,8592
7.54,-0.50561833,8592
7.54,1.2025013,8592
7.47,-0.50072503,8592
5.38,5.3882055,2434
5.36,3.6255784,2434
5.33,-0.27227566,2434
5.12,3.1958396,2434
5.03,1.9301004,2434
6.77,-1.3337384,15550
6.55,-1.6047012,15550
6.34,4.072187,15550
6.3,-2.0457947,15550
6.2,4.072187,15550
6.0,3.708953,15550
7.89,2.4217892,6176
7.03,0.23330417,6176
9.7,-1.5037607,1167
9.7,7.1008134,1167
9.7,-0.69552195,1167
9.52,2.2577746,1167
9.4,3.6493573,1167
9.4,2.0323842,1167
9.3,-1.3100132,1167
9.3,0.25650728,1167
9.05,-2.1714258,1167
9.0,1.6689132,1167
8.05,1.471419,7705
7.96,-1.8534962,7705
7.92,-2.684276,7705
7.75,-1.886849,7705
7.72,-3.0237997,7705
7.64,-1.4681652,7705
7.57,0.34320512,7705
7.57,-2.7818313,7705
7.54,-3.7693348,7705
7.54,-5.1478434,7705
7.52,-3.9798186,7705
7.51,-0.73452806,7705
7.51,-1.4777149,7705
7.47,-1.1916469,7705
7.46,-6.035702,7705
7.44,-0.7367114,7705
7.43,-3.1236947,7705
7.41,-2.2572422,7705
7.41,-2.8191125,7705
7.41,-2.8727632,7705
7.33,-2.2201986,7705
7.3,0.30896327,7705
7.29,0.9765242,7705
7.24,-2.4236815,7705
7.23,-1.7670201,7705
7.18,-0.8445201,7705
7.17,-1.7469034,7705
7.16,0.8038724,7705
7.12,-5.030716,7705
5.0,-0.6341804,1112
4.08,-5.0839777,1112
7.14,0.48683858,9109
8.3,1.9480046,6259
8.1,0.47165316,6259
8.05,3.0059192,6259
7.89,-0.83644056,6259
7.82,0.38236213,6259
7.77,2.8904855,6259
7.62,1.4879004,6259
7.58,2.836506,6259
7.55,1.8505439,6259
7.51,2.5824623,6259
7.43,2.8365064,6259
7.4,0.7049802,6259
7.4,0.6969954,6259
7.36,1.0621065,6259
7.32,1.31751,6259
7.31,1.5589204,6259
7.3,2.3743246,6259
7.28,2.308683,6259
7.15,2.701012,6259
7.15,2.661324,6259
7.12,-1.2248892,6259
7.0,2.0717697,6259
6.89,2.7692952,6259
6.89,1.6905447,6259
6.85,1.7110178,6259
6.77,-1.2733974,6259
6.72,2.448045,6259
6.68,3.6217644,6259
6.6,3.0453055,6259
7.8,-3.1418474,15414
7.58,1.5527899,15414
7.52,-5.0529923,15414
7.44,-0.978138,15414
7.09,-1.8030852,15414
6.91,-4.2172937,15414
6.89,-5.519946,15414
6.85,-3.6789258,15414
6.79,-1.6263558,15414
6.46,1.249309,15414
6.29,-2.4241989,15414
6.26,0.1925115,15414
6.0,-0.46562475,15414
5.85,-0.7634428,15414
5.68,-5.375945,15414
5.3,-1.665791,15414
5.01,0.5386588,15414
5.38,-2.641198,524
6.6,-3.7922966,16793
6.2,-5.068861,16793
6.2,-4.1876545,16793
6.1,-7.6557093,16793
7.26,-5.304576,9342
5.52,-5.0182853,15228
9.0,2.926229,3155
10.0,1.0800798,6136
9.7,1.7294197,6136
9.52,-1.0917251,6136
9.3,-5.053345,6136
9.15,-1.5983672,6136
9.15,-1.5271937,6136
8.0,2.1307104,14132
7.85,3.9460835,14132
7.6,0.4262229,14132
6.92,-0.14890039,14132
6.85,0.41539353,14132
6.8,-0.081382394,14132
6.77,0.90929234,14132
6.64,-1.9458307,14132
6.62,0.032119647,14132
6.62,0.85598826,14132
6.52,0.014723387,14132
6.52,-0.7007442,14132
6.51,-0.1295667,14132
6.5,-2.1735053,14132
6.46,-0.7158299,14132
6.4,-2.3061385,14132
6.39,-0.14559162,14132
6.38,-2.7486882,14132
6.38,1.0914509,14132
6.33,0.0060766228,14132
6.32,-2.415579,14132
6.29,-1.5408367,14132
6.28,-1.8136855,14132
6.21,-1.6047202,14132
6.19,-1.5416749,14132
6.1,-2.4962893,14132
6.06,-1.7680417,14132
6.04,-2.367406,14132
6.03,-1.8453164,14132
6.03,-0.7768865,14132
6.02,-1.6732546,14132
5.96,-3.5714886,14132
5.92,-1.9858712,14132
5.92,-1.3128779,14132
5.92,-2.0384529,14132
5.89,-1.2587583,14132
5.82,0.35179782,14132
5.77,-1.4176201,14132
5.75,-1.9960498,14132
5.72,-2.8038106,14132
5.68,-0.2693173,14132
5.68,-3.8431704,14132
5.62,-1.1137244,14132
5.28,-3.2600648,14132
5.22,-1.326618,14132
5.16,-1.938635,14132
5.16,-0.64680195,14132
4.96,-2.3651168,10352
6.1,-3.0383308,2810
6.05,1.544019,2810
6.05,-0.12092499,2810
6.05,0.24491268,2810
6.0,2.4152045,2810
6.0,2.072537,2810
5.4,-3.7559652,2810
5.32,-3.4888718,2810
5.3,0.97814244,2810
5.24,-1.0418347,2810
5.23,-4.6352353,2810
5.21,-2.4551728,2810
5.19,-1.6832799,2810
5.16,-2.9366496,2810
5.15,-3.172075,2810
5.14,-3.3914363,2810
5.12,-1.8149693,2810
5.04,0.31584546,2810
5.04,-4.1474123,2810
5.03,-3.4828868,2810
5.0,1.5785893,2810
7.33,6.157903,16278
5.8,-2.7663505,16278
8.7,-2.833285,4262
8.7,-0.15853259,4262
8.7,-0.94905746,4262
8.52,1.5828503,4262
8.52,-1.1681752,4262
8.4,0.85054475,4262
8.3,-0.8907019,4262
8.3,-1.6974226,4262
8.3,-0.37773398,4262
8.22,0.023100324,4262
8.22,2.1840868,4262
8.22,-0.349447,4262
8.22,-0.7531402,4262
8.22,0.049483843,4262
8.22,-2.130495,4262
8.22,-2.5438867,4262
8.15,-1.1953197,4262
8.15,-0.13321614,4262
8.15,0.107760616,4262
8.15,-0.7917554,4262
8.15,-0.81608325,4262
8.15,-0.8778754,4262
8.1,-2.5177217,4262
8.1,-1.1797863,4262
8.1,-1.9060476,4262
8.1,-1.1437417,4262
8.1,-0.8415446,4262
8.1,-0.7635972,4262
8.1,-0.082836896,4262
8.05,-2.8977144,4262
8.05,-0.07451739,4262
8.05,-1.6769159,4262
8.05,-2.1796281,4262
8.0,0.58051324,4262
8.0,-0.9078815,4262
8.0,-1.7715391,4262
8.0,-3.2432916,4262
8.0,-0.8321254,4262
8.0,1.086397,4262
7.96,-3.449907,4262
7.96,-0.5081898,4262
7.96,-0.2735316,4262
7.92,0.9502213,4262
7.92,-2.6822262,4262
7.92,-2.0548012,4262
7.92,-0.30440566,4262
7.92,-1.6585468,4262
7.89,-1.2834853,4262
7.89,-1.7983631,4262
7.85,-2.9052498,4262
7.82,-1.5783776,4262
7.8,-0.76778173,4262
7.8,-0.6073678,4262
7.8,-0.17830011,4262
7.75,-2.8432868,4262
7.75,0.05237016,4262
7.75,-2.7599137,4262
7.72,-1.0173866,4262
7.72,-3.05857,4262
7.7,-2.1624737,4262
7.68,-1.8772461,4262
7.66,-0.74767137,4262
7.66,0.18962646,4262
7.66,1.0793948,4262
7.64,-1.4790485,4262
7.62,-0.713879,4262
7.62,0.5021072,4262
7.58,-2.0144017,4262
7.55,-1.9905802,4262
7.54,-1.1529168,4262
7.54,-0.82055736,4262
7.54,1.2416885,4262
7.52,-2.7784047,4262
7.52,-0.49978137,4262
7.52,-1.6897001,4262
7.51,-1.8682715,4262
7.48,-2.968997,4262
7.48,-0.8847667,4262
7.43,-3.4304838,4262
7.43,-1.2398688,4262
7.43,-1.9541527,4262
7.42,-2.3718126,4262
7.39,-1.2313659,4262
7.39,-1.5021635,4262
7.38,-0.76815736,4262
7.37,-2.3916132,4262
7.36,1.6059203,4262
7.31,-0.049547575,4262
7.29,-1.8978657,4262
7.28,-2.632378,4262
7.26,0.068887405,4262
7.24,-1.3466763,4262
7.21,-1.7761803,4262
7.21,-3.0996869,4262
7.11,-0.8856906,4262
7.08,-2.4004004,4262
6.1,-0.57380074,5052
5.71,-0.5303944,5052
5.66,1.2461516,5052
5.57,-0.28545573,5052
5.16,0.7078034,5052
7.8,3.939492,10049
7.46,1.45562,10049
7.11,1.1686449,10049
6.0,-1.4997892,10049
6.55,-1.443935,6581
5.9,-3.3881228,6581
5.51,1.2253709,6581
5.18,-4.3032613,6581
5.03,-3.3008316,6581
4.91,-1.8947235,6581
4.86,-0.3162614,6581
4.67,-1.395695,6581
8.72,2.1573117,5117
8.72,2.5025811,5117
8.26,1.5704638,5117
8.15,0.9308181,5117
8.12,2.50258,5117
7.92,-3.125876,5117
7.85,0.7357363,5117
7.7,1.2966739,5117
7.51,0.7357358,5117
7.5,-0.029119685,5117
6.46,-3.3141983,5117
6.4,1.1015482,5117
6.4,-1.0073665,5117
6.27,0.3485131,5117
6.15,-3.5823085,5117
5.92,1.5877341,5117
5.8,-1.9695096,5117
5.66,0.34293407,5117
5.6,-0.5728561,5117
7.21,-0.58560544,5178
6.96,1.1321477,5178
6.77,-0.7284758,5178
6.55,2.394573,5178
6.17,-1.083461,5178
6.08,0.9110132,5178
8.3,3.1539044,2629
8.3,3.587879,2629
8.15,1.1950287,2629
8.05,2.0016036,2629
7.92,3.5441983,2629
7.75,0.2619514,2629
7.51,3.022767,2629
7.19,0.20089301,2629
7.14,-2.9955,2629
6.85,-0.08687567,2629
6.58,-2.131747,2629
5.96,-4.4020185,2629
5.82,-3.4183505,2629
6.12,-0.5452122,14961
8.3,4.166939,2527
8.24,3.0834262,2527
7.96,4.617902,2527
7.85,5.2298417,2527
7.85,3.2804325,2527
7.77,-2.0226336,2527
7.68,3.8691518,2527
7.68,4.5369787,2527
7.6,3.462202,2527
7.48,3.9748957,2527
7.41,3.7807124,2527
7.32,3.837405,2527
7.26,5.580767,2527
6.94,3.1742797,2527
6.91,3.9530873,2527
6.78,3.6201575,2527
6.69,4.361088,2527
6.26,5.6087446,2527
5.69,4.7947726,2527
6.57,0.35618195,8720
7.12,-1.2445376,9717
4.75,0.76908815,1754
6.16,-1.9199518,11262
7.52,3.4187634,2558
7.44,4.063871,2558
7.41,1.2286327,2558
7.41,2.3538086,2558
7.16,1.7651486,2558
7.11,2.7764018,2558
6.89,3.81295,2558
6.88,-1.3941509,2558
6.75,3.0961728,2558
6.69,2.550735,2558
6.68,-1.2584383,2558
6.54,-0.22444004,2558
6.51,-1.3470017,2558
6.42,-0.25021943,2558
6.39,-0.88690263,2558
6.18,3.2048864,2558
6.15,2.0689614,2558
5.51,-3.0555656,2558
5.05,-3.7064126,2558
8.4,-2.37693,3596
4.27,0.53669095,1855
8.7,1.1555245,13245
8.64,1.8120453,13245
8.62,1.6993345,13245
8.62,-0.20380324,13245
8.62,1.3521472,13245
8.6,0.11223183,13245
8.6,2.1406965,13245
8.59,0.1427952,13245
8.59,1.1687225,13245
8.59,2.3876448,13245
8.59,3.295671,13245
8.54,0.23110399,13245
8.51,1.0770329,13245
8.49,0.16342962,13245
8.49,-0.085377745,13245
8.49,-0.48804954,13245
8.48,4.2842736,13245
8.44,-0.60904247,13245
8.43,0.92937785,13245
8.43,3.086014,13245
8.41,0.4986297,13245
8.37,-0.77185386,13245
8.34,0.1649873,13245
8.32,1.0262817,13245
8.28,1.026282,13245
8.19,-0.26620802,13245
7.92,0.27365714,13245
7.66,-0.17335787,13245
7.19,2.9579113,13245
5.7,-0.095416516,10237
8.48,4.7928214,352
8.32,2.9521863,352
8.17,3.6154842,352
7.28,1.6191036,352
7.12,1.1041415,352
6.78,-1.2352493,352
6.59,-0.7792936,352
5.86,-4.4569693,352
7.58,0.61119074,10272
10.22,-0.23799697,11443
7.52,2.784857,4415
9.89,2.6292179,6218
9.49,2.1631813,6218
9.35,2.3673182,6218
9.08,-0.11665753,6218
9.04,4.1785045,6218
9.03,-1.340216,6218
9.01,3.2531903,6218
9.0,1.5997151,6218
9.0,1.9430199,6218
9.0,2.8194556,6218
9.0,3.4046571,6218
9.0,2.5044625,6218
9.0,1.3483582,6218
8.92,3.4769976,6218
8.92,3.0085804,6218
8.89,1.3811401,6218
8.89,1.9734846,6218
8.89,2.0386102,6218
8.89,3.6273315,6218
8.86,-1.3863899,6218
8.85,3.7344267,6218
8.85,0.96701473,6218
8.85,2.9032903,6218
8.85,2.056144,6218
8.82,1.7682234,6218
8.82,-0.34294376,6218
8.8,-0.2120978,6218
8.8,-0.42554718,6218
8.8,2.417717,6218
8.8,1.8243107,6218
8.77,0.8513627,6218
8.77,-0.283614,6218
8.77,3.8494685,6218
8.74,4.3342795,6218
8.74,2.3116536,6218
8.72,1.7682217,6218
8.72,0.366714,6218
8.72,1.264299,6218
8.7,-2.7388933,6218
8.7,1.3435038,6218
8.7,3.442517,6218
8.7,2.0227928,6218
8.7,-1.5420995,6218
8.7,0.8573891,6218
8.7,-1.1414634,6218
8.7,1.264299,6218
8.7,0.2758515,6218
8.7,-2.3281362,6218
8.7,3.8494685,6218
8.7,1.0510417,6218
8.7,2.3334007,6218
8.7,2.5672898,6218
8.68,2.997361,6218
8.68,2.9934113,6218
8.66,0.53954154,6218
8.66,1.9093757,6218
8.66,0.5705826,6218
8.66,0.45454007,6218
8.66,-0.37302616,6218
8.64,0.53198093,6218
8.64,1.102332,6218
8.62,-0.40850535,6218
8.6,2.3406684,6218
8.6,-0.2867914,6218
8.6,1.569922,6218
8.6,2.7373853,6218
8.6,2.8837938,6218
8.59,3.2723968,6218
8.59,2.598919,6218
8.59,0.15083691,6218
8.59,1.7070981,6218
8.59,-2.3196664,6218
8.57,2.1920626,6218
8.55,1.6559982,6218
8.55,-0.4849884,6218
8.55,-1.6068809,6218
8.54,-3.1947665,6218
8.54,0.7302122,6218
8.52,0.12833557,6218
8.52,3.759938,6218
8.52,1.8844491,6218
8.52,0.23520532,6218
8.51,1.913473,6218
8.51,2.9616466,6218
8.51,0.39529592,6218
8.51,3.629032,6218
8.49,1.4316738,6218
8.49,-0.6025378,6218
8.49,2.693022,6218
8.48,1.7882679,6218
8.48,2.0783508,6218
8.47,1.6559987,6218
8.47,-0.8810373,6218
8.47,2.2586036,6218
8.47,1.1774057,6218
8.47,0.04919415,6218
8.46,3.4566114,6218
8.46,2.0629227,6218
8.44,2.2701447,6218
8.44,2.4957016,6218
8.44,-2.8334591,6218
8.44,-3.6069274,6218
8.44,-2.1644485,6218
8.43,0.85136276,6218
8.42,1.1749048,6218
8.42,-0.9467228,6218
8.41,1.7295333,6218
8.41,-2.03313,6218
8.41,1.1749048,6218
8.41,-2.081737,6218
8.4,2.7222695,6218
8.4,1.8243107,6218
8.4,-0.45305154,6218
8.4,-0.72624105,6218
8.4,2.5769029,6218
8.39,2.0079143,6218
8.39,2.3753145,6218
8.39,4.061468,6218
8.39,2.7052631,6218
8.39,1.0520508,6218
8.38,1.9389484,6218
8.38,2.2232783,6218
8.38,-3.4425552,6218
8.38,2.2512746,6218
8.38,0.34446862,6218
8.37,-0.8021119,6218
8.37,3.3339984,6218
8.36,1.026574,6218
8.36,4.188944,6218
8.36,-1.5453184,6218
8.36,1.7857109,6218
8.36,0.13528907,6218
8.36,-3.1031833,6218
8.35,2.1351812,6218
8.35,-0.40850523,6218
8.34,3.8945146,6218
8.34,2.2512758,6218
8.34,4.2982,6218
8.34,0.4259437,6218
8.34,0.20337778,6218
8.34,-2.8291938,6218
8.33,0.925781,6218
8.33,2.4389324,6218
8.32,2.192163,6218
8.32,0.29692784,6218
8.31,2.6045978,6218
8.31,0.9028116,6218
8.31,-1.7501519,6218
8.31,0.8006733,6218
8.31,0.38262466,6218
8.3,2.4765754,6218
8.3,0.04919415,6218
8.3,1.3435037,6218
8.3,2.4369564,6218
8.3,-0.09873409,6218
8.3,1.3483576,6218
8.29,-0.36463547,6218
8.28,-0.8885628,6218
8.28,-1.1651373,6218
8.28,-1.6979824,6218
8.28,-2.1862195,6218
8.28,3.3395553,6218
8.27,3.2749717,6218
8.27,2.5329955,6218
8.26,0.3269577,6218
8.26,-3.6114123,6218
8.26,0.07557564,6218
8.26,1.1085404,6218
8.25,1.1844157,6218
8.25,0.28209826,6218
8.25,2.1118982,6218
8.25,1.5945473,6218
8.24,-0.29276797,6218
8.24,1.8455936,6218
8.23,2.1757352,6218
8.23,4.298201,6218
8.23,-0.5485901,6218
8.22,-3.64101,6218
8.21,2.1867077,6218
8.21,1.3483576,6218
8.21,-0.46781814,6218
8.19,-0.2990192,6218
8.19,1.9860259,6218
8.18,1.5609465,6218
8.17,2.0783503,6218
8.17,3.4772093,6218
8.17,1.1085397,6218
8.16,3.1037095,6218
8.15,0.03888779,6218
8.15,-2.2895145,6218
8.15,2.2730486,6218
8.15,2.0914974,6218
8.15,1.5106632,6218
8.15,-3.117521,6218
8.14,-1.2950794,6218
8.14,1.704066,6218
8.14,2.0860574,6218
8.13,2.2654316,6218
8.12,-0.74904114,6218
8.12,2.1118991,6218
8.1,1.3811394,6218
8.1,0.315198,6218
8.09,0.62797487,6218
8.09,2.199329,6218
8.08,-1.2968518,6218
8.07,0.17554644,6218
8.07,-0.030234233,6218
8.07,-0.58770025,6218
8.06,-0.9302272,6218
8.06,2.1867085,6218
8.04,2.0629225,6218
8.03,3.698607,6218
8.02,-3.185214,6218
8.02,2.3445048,6218
8.02,2.3439202,6218
8.01,-0.9721926,6218
8.01,2.524881,6218
8.0,-0.88509184,6218
8.0,1.0185404,6218
8.0,1.1100677,6218
8.0,0.86078995,6218
8.0,0.6991733,6218
7.96,-2.4661868,6218
7.96,-0.19385847,6218
7.96,2.4422467,6218
7.96,3.3172925,6218
7.96,2.3382502,6218
7.96,0.9059415,6218
7.96,-0.36583993,6218
7.96,-2.5094786,6218
7.96,2.3800943,6218
7.96,-0.97763085,6218
7.96,1.7640489,6218
7.96,0.48631144,6218
7.96,4.4564056,6218
7.96,-0.9884855,6218
7.96,-0.613678,6218
7.96,3.279725,6218
7.96,0.67800224,6218
7.96,0.9647171,6218
7.92,1.9917873,6218
7.92,-1.751588,6218
7.92,2.158373,6218
7.92,0.4265878,6218
7.92,1.018541,6218
7.92,2.1351812,6218
7.92,-4.3796782,6218
7.92,0.3667143,6218
7.92,2.8307936,6218
7.89,0.6324336,6218
7.89,1.5106629,6218
7.89,2.5989199,6218
7.89,3.6225038,6218
7.89,-0.7406725,6218
7.89,-1.153767,6218
7.89,-1.5698421,6218
7.89,-2.5695941,6218
7.85,-0.46535036,6218
7.85,2.2756736,6218
7.85,1.5489283,6218
7.85,-2.4283679,6218
7.85,1.7040669,6218
7.82,-4.474358,6218
7.82,2.1919997,6218
7.82,0.3808753,6218
7.82,2.9479337,6218
7.82,-0.9378962,6218
7.82,-2.3281362,6218
7.82,-1.3998077,6218
7.82,0.119634934,6218
7.8,-2.4661868,6218
7.8,3.8676584,6218
7.8,-2.501378,6218
7.8,-1.3521224,6218
7.8,1.5501608,6218
7.8,-1.6513819,6218
7.8,3.1414192,6218
7.79,0.6640854,6218
7.77,-0.72308284,6218
7.77,1.7909906,6218
7.77,-3.3427975,6218
7.77,-0.18613061,6218
7.77,-3.372991,6218
7.77,-0.013069354,6218
7.77,3.5928674,6218
7.77,2.0429144,6218
7.75,-1.0310076,6218
7.75,-1.4277186,6218
7.72,1.756664,6218
7.72,-1.2448006,6218
7.72,2.0274236,6218
7.72,-0.59909797,6218
7.7,0.4435514,6218
7.7,-0.55566686,6218
7.7,-1.0562712,6218
7.7,2.0886889,6218
7.7,-0.33105358,6218
7.68,2.739046,6218
7.68,2.366901,6218
7.68,-1.2867955,6218
7.67,1.491239,6218
7.66,2.7902973,6218
7.66,2.7602212,6218
7.66,-3.7525024,6218
7.66,-3.7525027,6218
7.66,-1.4593648,6218
7.64,-0.49692285,6218
7.62,-1.6089612,6218
7.62,2.0692239,6218
7.58,-0.4945125,6218
7.58,2.485049,6218
7.57,1.2630572,6218
7.57,-0.052533135,6218
7.57,-0.5159002,6218
7.54,-0.29141018,6218
7.52,0.5485577,6218
7.52,-3.6426015,6218
7.51,0.38211358,6218
7.51,0.1989443,6218
7.5,2.6540616,6218
7.5,3.9406226,6218
7.48,-3.4062343,6218
7.48,1.8931534,6218
7.47,-0.26517892,6218
7.47,2.374846,6218
7.46,1.4000313,6218
7.46,-2.5593593,6218
7.46,-3.8096514,6218
7.46,1.7115039,6218
7.44,-3.3864508,6218
7.44,-0.27340984,6218
7.43,-0.12317569,6218
7.4,4.3391595,6218
7.4,-2.8409798,6218
7.4,2.747313,6218
7.39,2.4585655,6218
7.38,4.128714,6218
7.37,3.0762746,6218
7.36,-3.2618694,6218
7.36,-1.9063551,6218
7.36,1.6823688,6218
7.35,0.5399307,6218
7.35,-2.8185956,6218
7.35,-2.8409798,6218
7.34,3.3951921,6218
7.33,-0.05753733,6218
7.32,2.437309,6218
7.31,2.4105525,6218
7.31,-3.4100597,6218
7.3,3.3195565,6218
7.3,-0.18092737,6218
7.29,-2.4947064,6218
7.28,-2.8185964,6218
7.27,-1.2644923,6218
7.25,4.018089,6218
7.25,1.8031232,6218
7.24,0.49749482,6218
7.24,-2.081737,6218
7.23,-2.1216714,6218
7.23,2.626312,6218
7.22,0.6973007,6218
7.21,1.3200735,6218
7.21,-2.8944364,6218
7.18,-0.4542965,6218
7.18,-2.6216087,6218
7.17,3.5483615,6218
7.16,-0.42651266,6218
7.16,-0.97037756,6218
7.15,-2.89171,6218
7.14,-1.2879652,6218
7.14,-0.19010293,6218
7.14,3.229637,6218
7.14,-4.3441978,6218
7.14,-0.68953884,6218
7.13,-1.0632693,6218
7.12,-1.3096966,6218
7.11,-0.9726014,6218
7.1,-3.2521505,6218
7.1,-3.805389,6218
7.07,-2.8944356,6218
7.07,-3.9867146,6218
7.06,-2.4947062,6218
7.05,-3.24974,6218
7.04,-0.2679343,6218
7.03,2.4612477,6218
7.02,1.8789656,6218
7.0,3.1226084,6218
6.96,-1.5853784,6218
6.95,-0.15489328,6218
6.95,-3.4062343,6218
6.94,-1.7182504,6218
6.91,-1.5819882,6218
6.91,2.0863168,6218
6.9,0.806032,6218
6.9,-1.078953,6218
6.89,-3.4844549,6218
6.87,2.1184752,6218
6.85,-2.5254755,6218
6.85,-0.20354879,6218
6.85,-3.1440554,6218
6.84,1.3032173,6218
6.84,0.14210886,6218
6.84,-3.0641894,6218
6.84,-3.3110657,6218
6.83,3.3951921,6218
6.82,-3.5946093,6218
6.82,-2.7141922,6218
6.8,-1.9844495,6218
6.79,-2.3196669,6218
6.79,-2.5484908,6218
6.79,-0.18092737,6218
6.78,-3.9867146,6218
6.77,-2.89171,6218
6.76,3.8202477,6218
6.76,-2.6216092,6218
6.75,-2.8599067,6218
6.75,3.205183,6218
6.74,0.29053864,6218
6.72,2.9331477,6218
6.69,-0.7037642,6218
6.68,-3.8096504,6218
6.67,-3.4844558,6218
6.66,0.9858679,6218
6.66,-2.5094783,6218
6.64,-4.3441978,6218
6.63,1.8177501,6218
6.62,-2.1468432,6218
6.62,1.5457706,6218
6.62,3.1962667,6218
6.61,-2.8334594,6218
6.59,-1.8930868,6218
6.59,-3.7795637,6218
6.58,-1.4819894,6218
6.57,-2.1468427,6218
6.55,-3.7795646,6218
6.55,-2.714192,6218
6.53,-0.42651254,6218
6.52,-0.1134214,6218
6.52,0.13471127,6218
6.52,-2.1487932,6218
6.52,-4.3796787,6218
6.52,4.8543353,6218
6.52,0.29053855,6218
6.52,-2.1487932,6218
6.48,-1.9063551,6218
6.48,-3.2618694,6218
6.47,2.1338315,6218
6.47,0.9858692,6218
6.47,-1.0767484,6218
6.46,-1.48199,6218
6.46,-1.5819881,6218
6.44,-0.97260153,6218
6.44,-1.8930864,6218
6.43,-2.7453146,6218
6.43,1.4719548,6218
6.42,-1.4889323,6218
6.41,-3.185214,6218
6.37,-0.67301303,6218
6.37,-3.594609,6218
6.33,-0.6895388,6218
6.32,2.7007961,6218
6.3,-3.117521,6218
6.28,1.9489497,6218
6.24,0.49749428,6218
6.23,3.7343829,6218
6.22,0.7389411,6218
6.21,-0.92978245,6218
6.2,-3.3864503,6218
6.12,-2.8599072,6218
6.1,-3.1947653,6218
6.09,-2.5484905,6218
6.03,1.8462344,6218
6.0,-2.9584968,6218
5.92,2.6540618,6218
5.86,0.22067049,6218
5.79,-0.9884855,6218
5.7,-3.5127587,6218
5.0,-2.0626247,6218
5.0,-3.985094,6218
5.0,3.196642,6218
7.41,4.1281357,9089
7.09,4.08345,9089
6.84,2.5980852,9089
6.78,3.7789876,9089
6.69,2.205803,9089
6.61,2.4831283,9089
6.47,2.889097,9089
6.32,-2.8106937,9089
6.13,-5.1786556,9089
5.91,0.9967112,9089
5.9,-2.851848,9089
5.87,-2.8399737,9089
5.81,-4.293706,9089
5.75,-1.3496146,9089
5.74,-1.6687611,9089
5.72,-3.4526446,9089
5.62,-0.79762083,9089
5.57,1.3300894,9089
5.55,0.21272075,9089
5.35,1.2318869,9089
5.26,-5.394233,9089
5.15,-1.9811051,9089
5.0,0.72739357,9089
5.0,-0.59262353,9089
7.62,-2.8913867,4924
7.29,-5.6843266,4924
7.25,-6.0083337,4924
6.99,-3.7073653,12886
6.18,-3.1982136,12886
8.4,6.2596817,10392
7.09,-1.0308678,10392
6.92,-1.6580732,10392
6.25,-0.6443891,10392
6.18,-0.10302914,10392
5.91,-0.6192139,10392
5.75,-0.49972832,10392
6.81,3.2948787,18
6.53,1.7771161,18
6.51,2.8053734,18
6.49,0.24434838,18
6.47,1.4522716,18
6.42,2.7012033,18
6.35,-2.9731455,18
6.34,2.4855397,18
6.29,-2.9777217,18
6.27,2.431497,18
6.21,0.108286835,18
6.14,0.6925548,18
6.08,-0.6705801,18
6.02,-1.0805286,18
5.98,0.47121924,18
5.91,-0.255958,18
5.91,-1.1667463,18
5.88,0.414649,18
5.84,-0.4180505,18
5.83,-1.3359436,18
5.8,-0.79566497,18
5.79,-0.9655898,18
5.79,-0.9641046,18
5.72,-2.613757,18
5.7,-1.7532864,18
5.45,-2.4306326,18
5.44,0.8292463,18
5.28,-4.535395,18
5.27,-2.4786656,18
5.1,-2.598324,18
4.99,1.8906372,18
4.93,-4.510139,18
5.6,0.18899211,16096
5.0,-1.6475327,16096
5.9,3.6291046,9828
6.35,-5.4439106,14376
7.89,2.7242649,13393
7.85,3.6437175,13393
7.68,2.5448313,13393
7.28,0.8614808,13393
9.0,-1.4747037,5406
8.57,-1.3111556,5406
8.24,-0.5503251,5406
8.19,-1.5679011,5406
8.0,0.33050054,5406
7.96,3.0731409,5406
7.64,-2.4084842,5406
7.4,-2.3045483,5406
7.38,-1.6269907,5406
7.05,-2.2447312,5406
7.05,-1.9839432,5406
6.7,-3.1456227,5406
6.7,2.3024993,5406
6.52,-0.67649037,5406
6.4,-2.8829498,5406
6.4,-0.8510408,5406
6.3,-1.8802879,5406
6.1,-0.83368504,5406
5.68,-0.13290548,5406
5.47,1.6002927,5406
5.38,0.30230916,5406
5.28,-2.2081954,5406
6.92,1.777718,11538
5.62,-2.178669,11538
5.3,0.19866389,11538
6.86,-3.356632,9740
9.52,2.1595733,11503
9.41,0.4792552,11503
9.19,5.2166524,11503
8.22,1.6511544,13372
8.05,3.4995263,13372
8.0,2.6569476,13372
7.31,0.7560024,13372
7.28,1.7662299,13372
7.28,1.1052818,13372
7.26,-0.17349708,13372
7.24,1.6864586,13372
7.17,2.6053088,13372
6.85,-0.40868026,13372
6.8,0.8107154,13372
6.78,0.46590304,13372
6.75,1.9470696,13372
6.71,-3.2787294,13372
6.53,-0.58733165,13372
6.45,0.93978226,13372
6.44,-2.5689704,13372
6.4,-0.576321,13372
6.39,-2.9643924,13372
6.32,0.06253897,13372
5.4,-4.145982,4226
5.14,-9.022357,4226
8.52,7.736117,2695
8.05,-1.0571305,2695
8.0,5.3582044,2695
7.72,5.7530813,2695
7.57,0.096495904,2695
7.44,-1.2742839,2695
7.08,6.983417,15342
7.0,5.800595,15342
5.96,3.4421654,15342
4.96,-0.59308773,15342
4.48,-2.5412407,15342
4.35,-3.0992672,15342
4.11,-4.223973,15342
8.7,6.703259,6363
8.52,5.200625,6363
8.52,-0.31786305,6363
8.52,5.114564,6363
8.52,5.973809,6363
8.52,6.5653424,6363
8.52,6.6078334,6363
8.52,2.3707197,6363
8.52,5.617519,6363
8.52,4.546329,6363
8.4,4.887831,6363
8.4,3.8335145,6363
8.4,5.0410314,6363
8.4,5.357978,6363
8.4,6.451192,6363
8.4,5.2730503,6363
8.3,5.840026,6363
8.3,6.0148726,6363
8.3,2.6041913,6363
8.3,2.4352202,6363
8.3,5.6473565,6363
8.15,2.8193119,6363
8.1,3.2260036,6363
8.05,6.166485,6363
7.75,6.0710487,6363
7.66,3.8383884,6363
7.62,5.752293,6363
7.44,2.3597686,6363
6.34,3.4437234,6363
6.04,5.422356,6363
6.71,-0.14900388,6420
5.55,-6.6998415,6420
9.7,1.894454,10777
6.92,0.08307213,1129
6.52,-1.2666324,17161
7.4,2.3295977,3489
8.4,0.8185856,14434
6.89,-4.799575,3320
5.92,-4.822076,13598
7.15,5.199041,11508
7.03,-1.6343136,11508
5.17,-0.41394868,9373
9.82,3.0475469,3683
9.49,7.622741,3683
9.24,4.0496426,3683
9.0,-3.8122752,8662
9.0,0.627824,8662
8.1,3.2567656,8662
8.1,5.4398246,8662
7.92,1.9166901,8662
7.72,-3.3856847,8662
7.34,-1.7385943,8662
7.21,-0.024948992,8662
7.21,-2.9425278,8662
7.16,-2.1523967,8662
7.12,-2.446792,8662
7.1,-3.3865926,8662
7.05,1.4748143,8662
7.03,-0.7539517,8662
6.96,2.1244304,8662
6.86,-3.212882,8662
6.62,-3.4996047,8662
6.56,-3.2922087,8662
6.54,-1.0112532,8662
6.46,-0.6734666,8662
6.39,-0.20721045,8662
6.35,-1.6297469,8662
6.23,-3.7556243,8662
6.1,-1.7969354,8662
5.69,-1.7848084,8662
5.67,-0.7829569,8662
5.54,-2.653726,8662
5.53,-2.5643132,8662
5.36,-1.4031565,8662
5.1,-4.1080875,8662
7.92,1.5617996,17485
7.66,-0.028033417,17485
7.34,-0.7904504,17485
7.18,2.3596354,2010
6.3,-2.8483238,2010
6.06,1.1871246,2010
5.91,0.6713865,2010
5.65,-1.1841412,2010
5.53,-0.44339228,2010
5.31,-2.6851528,2010
5.19,-2.6706996,2010
5.04,-2.1411886,2010
5.03,-3.232977,2010
4.82,-3.255959,2010
4.74,-2.8264048,2010
4.73,-2.7741172,2010
4.72,-3.9747972,2010
4.47,-3.3178978,2010
4.46,-4.477366,2010
4.42,-3.7218847,2010
4.33,-4.008795,2010
5.5,-6.199772,16964
7.85,5.9925184,7827
7.51,5.5294957,7827
7.0,6.1160865,7827
6.85,5.969498,7827
6.85,1.7618049,7827
6.75,1.4636073,7827
6.72,5.7571673,7827
6.7,5.500411,7827
6.58,6.5091186,7827
6.55,5.5475163,7827
6.55,6.5339355,7827
6.52,6.7365184,7827
6.41,3.9096606,7827
6.38,3.2548106,7827
6.32,5.040075,7827
6.27,5.249383,7827
6.2,2.7850955,7827
6.14,3.4522254,7827
6.13,4.791822,7827
5.92,5.407056,7827
5.8,3.5549796,7827
5.7,2.7873685,7827
5.68,0.8224732,7827
5.42,2.2542524,7827
5.28,1.4872887,7827
5.2,0.7277759,7827
5.14,3.714247,7827
7.7,1.3822523,11019
6.77,-6.2377167,11019
6.43,-7.467532,11019
6.43,-4.732099,11019
5.35,-6.8962646,11019
8.0,-6.377104,6902
8.0,-8.034438,6902
8.0,-2.4694238,6902
8.0,-4.7014885,6902
5.85,4.175933,3826
5.54,-3.4641669,3826
5.36,-0.68354994,3826
6.47,0.29241294,13160
7.32,0.33329242,453
7.04,-3.1690774,453
6.57,-2.2350905,453
6.31,-5.977263,453
7.4,0.723367,6987
5.92,-0.45211184,2501
5.72,-1.7277454,16456
6.01,2.2476342,9974
5.76,1.6289084,10934
7.85,4.222137,15907
7.8,2.056863,15907
7.75,0.7805658,15907
7.72,1.2355901,15907
7.7,-2.2174008,15907
7.57,1.9047999,15907
7.55,1.1510618,15907
7.48,-0.9188146,15907
7.41,2.83176,15907
7.34,-0.34786308,15907
7.3,-1.4658763,15907
7.24,0.06358986,15907
7.17,0.6252091,15907
7.08,-0.1517475,15907
6.96,-0.31962642,15907
6.85,-3.9460783,15907
6.83,-0.69401556,15907
6.8,-0.01880017,15907
6.66,-0.4494903,15907
8.52,-0.69499815,1518
8.3,0.6938776,1518
7.92,0.33838728,1518
7.92,3.8838432,1518
7.85,0.23828599,1518
7.77,0.6448118,1518
7.75,3.9378633,1518
7.72,2.4122398,1518
7.64,-2.888861,1518
7.6,3.8838432,1518
7.52,2.7141116,1518
7.41,2.7141116,1518
7.22,-2.9172041,1518
7.07,0.21895078,1518
7.05,0.37956494,1518
6.89,-2.9172041,1518
6.75,-3.8148215,1518
6.65,2.781904,1518
6.33,-3.2411814,1518
6.13,1.8559895,1518
5.84,-0.63796663,1518
7.8,0.9096918,1534
7.7,2.9969535,1534
7.03,-0.36203763,1534
6.52,-4.542303,1534
6.37,-1.6097345,1534
6.36,-1.5666283,1534
6.01,-1.5555823,1534
4.74,-5.2470093,12856
4.66,-0.25708133,12856
4.44,-4.948458,12856
6.17,-6.0016937,7006
5.97,-6.3468833,7006
5.94,-3.4163747,7006
5.91,0.5238426,7006
5.76,-2.9138658,7006
5.74,-3.110572,7006
5.7,-1.7546909,7006
5.69,2.3196578,7006
5.65,-3.473833,7006
5.54,2.694151,7006
5.46,-1.2650508,7006
5.45,-6.801005,7006
5.38,-0.00097553246,7006
5.31,-2.023469,7006
5.14,-6.257581,7006
5.11,-4.186278,7006
4.99,-2.8915343,7006
6.05,2.513499,8345
5.35,-1.2056402,8345
7.35,4.073496,3255
8.1,0.96043664,1679
7.89,-1.5517976,1679
7.85,-0.6506149,1679
7.77,-0.88569766,1679
7.68,-0.5228137,1679
7.62,0.79073757,1679
7.6,-1.0301166,1679
7.58,-1.2141266,1679
7.55,-1.025394,1679
7.5,-1.3700001,1679
7.39,4.0111184,1679
7.38,-0.103215344,1679
7.33,-1.7157307,1679
6.85,0.16215116,1679
9.51,0.37709597,7923
9.46,0.6967477,7923
9.37,-0.3345728,7923
9.36,3.030296,7923
9.3,0.6166013,7923
9.23,1.9635205,7923
9.2,0.13587299,7923
9.18,3.069993,7923
9.13,2.3685052,7923
9.04,2.7983792,7923
9.01,2.8470318,7923
9.0,2.348816,7923
8.97,2.2306745,7923
8.96,1.5354719,7923
8.95,1.3098174,7923
8.92,1.8375815,7923
8.91,3.4192977,7923
8.88,-0.4657588,7923
8.85,-1.4260349,7923
8.84,-1.0107577,7923
8.82,-1.0559611,7923
8.82,-0.4657588,7923
8.8,0.3990463,7923
8.79,0.020886086,7923
8.78,1.6786994,7923
8.78,-0.18527985,7923
8.77,0.9001164,7923
8.75,3.093605,7923
8.74,2.2396839,7923
8.74,1.2327105,7923
8.73,1.8913234,7923
8.7,-0.12919475,7923
8.69,0.7860752,7923
8.67,1.591019,7923
8.66,-1.2897342,7923
8.65,2.1246169,7923
8.65,0.4788469,7923
8.62,0.5747703,7923
8.61,1.7833833,7923
8.6,1.6665372,7923
8.6,-0.07379462,7923
8.55,-0.99580806,7923
8.53,-0.9925112,7923
8.52,-1.2007673,7923
8.47,1.9233199,7923
8.46,1.8913234,7923
8.43,4.254833,7923
8.41,-0.118022956,7923
8.4,-2.684386,7923
8.4,0.20301792,7923
8.38,0.1933206,7923
8.37,3.1763785,7923
8.31,-0.5081992,7923
8.3,0.8021206,7923
8.29,1.2881691,7923
8.27,-1.0982153,7923
8.27,-0.75656766,7923
8.26,2.6337984,7923
8.24,-1.4134245,7923
8.24,0.6275583,7923
8.24,1.6734868,7923
8.2,-2.1873078,7923
8.19,1.8619488,7923
8.17,-1.4659364,7923
8.17,-0.9550544,7923
8.15,0.6661181,7923
8.15,-1.6302291,7923
8.15,-0.18842441,7923
8.13,1.2123967,7923
8.11,-0.88330895,7923
8.11,1.1170999,7923
8.11,-1.3922204,7923
8.1,-0.69891435,7923
8.07,-0.4936548,7923
8.02,-0.0018588509,7923
8.01,-1.2050668,7923
8.0,0.14761558,7923
8.0,-1.5990227,7923
7.96,-0.67486733,7923
7.94,-0.47481823,7923
7.93,-0.71290916,7923
7.92,1.220539,7923
7.91,-2.4950948,7923
7.91,1.8679322,7923
7.91,-1.7151588,7923
7.91,2.680556,7923
7.89,1.4720956,7923
7.88,-0.474428,7923
7.87,-2.1313818,7923
7.87,-2.6870782,7923
7.86,-2.7987459,7923
7.86,-1.7477249,7923
7.86,-3.2556815,7923
7.84,1.8627232,7923
7.83,0.41135627,7923
7.82,0.61987424,7923
7.8,3.1150916,7923
7.79,-1.4338354,7923
7.79,-1.4317504,7923
7.76,0.76325303,7923
7.76,-1.6593355,7923
7.75,-0.032543298,7923
7.75,-1.0486349,7923
7.74,-3.2880046,7923
7.74,-0.17000559,7923
7.73,-0.9688813,7923
7.71,0.06883935,7923
7.7,-0.6338439,7923
7.69,-2.7308888,7923
7.66,3.5142229,7923
7.65,-1.5150396,7923
7.63,-0.55834734,7923
7.62,-1.8615106,7923
7.58,-3.0884295,7923
7.57,-2.1025138,7923
7.57,-0.33169803,7923
7.55,0.49053007,7923
7.54,-1.9688169,7923
7.54,-2.5257316,7923
7.53,0.42729905,7923
7.52,-0.23785803,7923
7.51,-3.0432708,7923
7.49,-1.9866256,7923
7.44,-0.08427136,7923
7.42,0.30410495,7923
7.39,-1.0989723,7923
7.36,-2.215055,7923
7.33,-1.3674484,7923
7.32,-0.73393416,7923
7.32,0.067317024,7923
7.3,-3.3859336,7923
7.27,-0.9967918,7923
7.26,0.038291298,7923
7.25,-1.4052399,7923
7.22,-3.461797,7923
7.2,-3.52629,7923
7.17,-0.01109398,7923
7.17,0.031290606,7923
7.14,-1.8285671,7923
7.09,-0.91835374,7923
7.09,-3.1047697,7923
7.08,-3.0221965,7923
7.07,-2.829708,7923
7.07,-2.8127658,7923
7.07,-2.930117,7923
7.07,0.1683321,7923
7.04,-1.8439751,7923
7.04,-2.0918577,7923
7.02,0.23737419,7923
6.94,-1.9013311,7923
6.93,0.41781873,7923
6.91,-0.3707457,7923
6.91,-1.2207128,7923
6.91,-2.231796,7923
6.9,-0.44705254,7923
6.87,-3.2257981,7923
6.86,-2.19847,7923
6.86,-1.214621,7923
6.84,-1.1639116,7923
6.83,-0.35260794,7923
6.83,-0.9156446,7923
6.8,-2.7770083,7923
6.79,-1.4654948,7923
6.78,-2.8720436,7923
6.77,-1.0778098,7923
6.77,-3.1005902,7923
6.75,-3.0406513,7923
6.75,-3.189627,7923
6.74,-3.2996376,7923
6.71,-1.0774974,7923
6.69,-2.4336963,7923
6.68,-3.6806788,7923
6.64,-3.29622,7923
6.57,-2.591667,7923
6.57,-2.5931482,7923
6.56,-3.1466763,7923
6.52,-3.441001,7923
6.51,-0.94813895,7923
6.51,-1.7608372,7923
6.45,-3.2598557,7923
6.45,-3.471678,7923
6.41,-1.4746779,7923
6.4,-2.6608846,7923
6.39,-0.5388678,7923
6.38,-3.9452946,7923
6.38,-2.1850517,7923
6.3,-1.8555304,7923
6.29,-1.2345852,7923
6.28,-3.3691761,7923
6.27,-2.8311384,7923
6.2,-0.20220059,7923
6.19,-0.8597939,7923
6.1,-2.2872245,7923
6.08,-2.4901838,7923
6.04,-1.0108962,7923
6.04,-2.8486192,7923
5.9,-2.131755,7923
5.83,-4.038975,7923
5.62,-1.8899097,7923
10.08,4.752203,12347
9.96,4.7185903,12347
9.8,1.3384607,12347
9.59,0.23219204,12347
9.59,4.2512736,12347
9.32,0.46869817,12347
9.24,5.0746093,12347
8.77,5.048512,12347
8.24,0.24364135,12347
8.0,3.1321592,12347
7.96,1.987491,12347
7.6,3.244442,12347
6.46,2.4129748,12347
6.08,4.3817754,12347
7.3,2.0384932,13088
6.4,-4.966666,13088
9.3,-1.4305911,4319
9.15,-0.85415715,4319
8.4,0.52164865,4319
8.3,-0.04066196,4319
8.22,-0.32844144,4319
8.22,-0.4295605,4319
8.1,0.38166153,4319
8.05,0.053940706,4319
7.96,-0.9507866,4319
7.92,-0.3400374,4319
7.92,0.6341669,4319
7.82,0.18424845,4319
7.75,-0.4314283,4319
7.72,-1.7738785,4319
7.72,-2.3998556,4319
7.64,-2.2440782,4319
7.64,-0.9535591,4319
7.62,-0.25115028,4319
7.6,-0.81356746,4319
7.59,-2.5158982,4319
7.47,-0.012838889,4319
7.44,0.26052564,4319
7.36,-1.1620195,4319
7.32,-0.46124816,4319
6.68,-1.7364589,4319
6.46,0.19133046,4319
5.6,-2.8180287,4319
8.52,-2.1639016,17631
7.92,-3.4500372,17631
7.72,-3.92506,17631
7.6,-3.6580408,17631
7.52,3.4090452,17631
7.42,-1.1483095,17631
7.36,1.1554033,17631
7.05,-2.5731025,17631
6.96,-5.0413804,17631
6.85,-3.989416,17631
6.85,-3.259193,17631
6.46,-6.8264527,17631
6.43,-0.96886295,17631
6.18,-3.7992697,17631
6.14,-1.1562726,17631
6.12,-0.3676196,17631
6.07,-2.1249177,17631
5.82,-4.1327624,17631
5.8,-0.47588626,17631
5.52,-5.810228,17631
5.16,-2.0107348,17631
4.6,-1.7958868,17631
4.07,-6.210755,17631
4.01,-0.68861955,17631
3.92,-3.783256,17631
3.73,-0.52805364,17631
8.7,2.562494,407
8.7,-4.3183365,407
8.22,-0.40912762,407
8.05,-2.3780212,407
7.89,-4.755808,407
7.4,-3.1002617,407
7.39,-3.7778141,407
6.14,-3.9577425,407
6.0,-0.16231847,1848
5.57,2.055974,5611
5.33,-1.2219347,5611
5.25,-2.524736,5611
5.17,-6.21659,5611
7.57,1.0995634,12878
7.44,4.055944,6424
7.16,3.742438,6424
7.02,2.7495358,6424
6.88,1.9187833,6424
6.87,5.5846806,6424
6.83,2.1382265,6424
6.82,-0.73167527,6424
6.79,4.5237765,6424
6.77,3.3281941,6424
6.71,3.4979656,6424
6.63,1.2309377,6424
6.61,-0.18932855,6424
6.59,2.8908758,6424
6.59,2.0178678,6424
6.56,2.1315584,6424
6.55,2.0424795,6424
6.54,3.754985,6424
6.54,3.2201862,6424
6.54,2.8212976,6424
6.54,0.32748395,6424
6.53,0.025001824,6424
6.52,3.9489706,6424
6.52,1.9814535,6424
6.49,2.5763836,6424
6.47,2.0130594,6424
6.47,3.8444986,6424
6.45,2.4227853,6424
6.39,1.6149716,6424
6.39,3.5507588,6424
6.36,0.34937954,6424
6.31,-0.4985134,6424
6.3,-0.9404828,6424
6.3,-1.7555052,6424
6.28,-0.048414834,6424
6.25,0.10647348,6424
6.24,-4.0931296,6424
6.23,2.2941558,6424
6.23,0.46030858,6424
6.23,0.8960845,6424
6.23,2.6030624,6424
6.22,-0.7355936,6424
6.21,2.1488054,6424
6.2,0.71957785,6424
6.19,-1.1535286,6424
6.17,-0.7285542,6424
6.17,0.048006713,6424
6.17,1.2524065,6424
6.16,0.7167364,6424
6.16,0.6898258,6424
6.15,0.25953734,6424
6.14,-1.6361576,6424
6.13,0.26550874,6424
6.12,2.5572815,6424
6.12,-0.075083785,6424
6.12,-0.5198518,6424
6.11,0.11657099,6424
6.11,-0.8266155,6424
6.1,2.6886544,6424
6.09,-1.8489003,6424
6.08,-1.2125363,6424
6.07,-2.3723314,6424
6.07,2.3607547,6424
6.07,1.8752714,6424
6.06,1.0556504,6424
6.06,1.4479958,6424
6.05,1.6576064,6424
6.05,-1.0198867,6424
6.04,0.7415754,6424
6.03,1.1512729,6424
6.02,-0.32337034,6424
6.01,1.596636,6424
6.01,0.84765506,6424
6.01,-3.2349143,6424
6.0,-0.5373343,6424
5.99,-0.9615288,6424
5.97,0.9540155,6424
5.97,-0.43778285,6424
5.95,2.762306,6424
5.91,-0.40252396,6424
5.91,2.822358,6424
5.9,-1.747356,6424
5.89,0.88223386,6424
5.89,-0.9910306,6424
5.88,1.4348856,6424
5.88,-0.76250696,6424
5.88,-1.4593534,6424
5.86,-0.7469852,6424
5.85,1.0290396,6424
5.85,-1.529935,6424
5.85,0.49915564,6424
5.85,-0.23156247,6424
5.84,-0.74539834,6424
5.84,-0.32072064,6424
5.81,-3.697468,6424
5.81,-3.273202,6424
5.79,-1.7829242,6424
5.73,1.3400252,6424
5.72,-2.4253511,6424
5.71,0.78883547,6424
5.71,0.58777654,6424
5.67,-3.3562756,6424
5.67,0.19011748,6424
5.67,-2.825077,6424
5.63,1.366593,6424
5.63,0.9368368,6424
5.62,1.4308013,6424
5.6,-3.3159008,6424
5.59,0.7145553,6424
5.53,0.0050479956,6424
5.51,0.10891438,6424
5.5,-1.4414881,6424
5.48,1.917378,6424
5.45,3.1513612,6424
5.41,-0.70942664,6424
5.41,0.105212666,6424
5.39,-4.441919,6424
5.38,0.931279,6424
5.35,-2.1147666,6424
5.18,1.3894833,6424
5.16,-0.3326904,6424
5.08,-0.91063905,6424
5.02,-4.9041142,6424
4.89,0.9616812,6424
7.48,-4.0406117,12761
5.84,-1.6128244,7448
8.66,5.810041,14344
6.72,1.7924361,14344
6.57,0.029422127,14344
6.32,0.7403428,14344
6.25,0.13827547,14344
6.17,0.09012072,14344
6.1,1.0274523,14344
6.05,0.2175276,14344
5.98,0.04095158,14344
5.95,-0.6471139,14344
5.82,0.09012072,14344
5.81,-0.2722085,14344
5.54,-0.8768699,14344
7.52,2.6520028,16401
7.4,3.4721253,16401
7.4,-0.87772804,16401
6.96,2.2015247,16401
6.89,-0.33063647,16401
6.77,-2.7111385,16401
6.75,-0.89603895,16401
6.7,-2.3308878,16401
6.68,-1.6507162,16401
6.62,1.6740288,16401
6.41,0.72669095,16401
6.3,1.0580866,16401
6.17,-3.2449455,16401
6.14,-4.3714695,16401
6.09,0.3697194,16401
5.92,-3.8235998,16401
5.85,-3.4335227,16401
5.62,-2.9046068,16401
5.55,0.8742753,16401
5.52,1.6948524,16401
5.48,1.0053316,16401
5.14,-0.7444027,16401
5.01,-8.022837,16401
5.68,-1.042195,12182
7.47,0.96705997,9868
7.42,-0.2290929,9868
7.28,0.24598876,9868
6.82,3.0229988,9868
6.43,-2.8884141,9868
8.4,3.776112,469
8.3,2.6372828,469
8.3,1.0983515,469
8.22,2.2588272,469
8.22,3.9557464,469
8.22,1.0535345,469
8.15,2.4708607,469
8.0,0.41356245,469
8.0,0.04379288,469
7.89,0.27098134,469
7.82,2.216631,469
7.75,1.1758652,469
7.72,4.5124907,469
7.52,2.6156006,469
7.3,0.99927396,469
7.05,-0.4899483,469
6.7,-2.063755,469
7.55,-1.5336366,739
7.32,2.3189702,739
6.45,-4.400935,739
7.28,-0.24907872,12558
9.0,1.1460074,1007
8.52,0.9274933,1007
7.77,-0.83068043,1007
7.66,-2.9883735,1007
7.52,-1.2275523,1007
7.37,-4.4653482,1007
7.31,-0.83068043,1007
7.19,0.6694677,1007
7.16,-1.6875062,1007
7.24,-3.2847145,8257
6.57,0.16477,374
6.05,2.2897189,2507
5.06,0.5046208,2507
5.87,-1.3393911,7447
8.67,3.1795866,6733
9.03,2.1796823,12229
6.94,0.8172397,8111
6.64,-0.60582405,1240
7.89,0.8770775,16787
8.73,2.7096581,4457
7.46,0.5574004,4297
7.41,-1.1414675,4297
7.4,-3.3533585,4297
7.4,-2.536418,4297
7.38,-4.350954,4297
6.22,1.1839491,6185
6.16,-1.3119663,6185
5.82,1.5684667,6185
5.7,-1.943643,6185
5.62,-2.2842717,6185
5.6,0.9488211,6185
5.44,3.029236,6185
5.34,2.0033543,6185
5.17,0.7063749,6185
5.14,2.2541823,6185
5.1,-4.640262,6185
4.85,-0.4244524,6185
4.82,2.9138434,6185
4.8,2.8951113,6185
4.77,1.4762115,6185
4.75,-2.5392156,6185
4.66,2.0549934,6185
4.62,3.373256,6185
4.57,3.2918887,6185
4.52,1.683782,6185
5.5,-0.92541724,12931
5.13,2.8975132,10659
5.09,1.6493073,10659
5.08,-1.8146813,10659
5.04,0.8567335,10659
5.03,3.7666273,10659
7.82,2.2239444,2029
7.7,0.7667365,2029
7.52,1.7452123,2029
7.35,-1.2082458,2029
7.08,1.4652964,2029
6.99,2.2946553,2029
6.85,-3.9264414,2029
6.82,0.47318327,2029
6.72,-3.0037016e-05,2029
6.68,0.21469039,2029
6.68,1.8145039,2029
6.64,-3.0572467,2029
6.51,0.5089157,2029
6.34,-0.20951924,2029
6.33,0.3615043,2029
6.24,0.10603183,2029
6.16,2.776246,2029
6.14,1.1298143,2029
6.03,0.88188535,2029
5.96,1.8153002,2029
5.82,1.1414814,2029
5.82,0.19158417,2029
5.82,-2.3516278,2029
5.77,3.3750856,2029
5.72,1.7402177,2029
5.7,-0.36834216,2029
5.7,0.67187196,2029
5.7,-1.1732101,2029
5.64,1.1578733,2029
5.64,-1.22007,2029
5.6,0.75736266,2029
5.6,0.75234956,2029
5.6,-2.155201,2029
5.58,1.8026634,2029
5.58,1.4622042,2029
5.57,1.8659444,2029
5.57,2.1031592,2029
5.54,-0.6766723,2029
5.51,0.6659363,2029
5.5,0.50435346,2029
5.44,0.526048,2029
5.43,1.0976709,2029
5.42,0.5707699,2029
5.4,-1.2614213,2029
5.37,1.3415271,2029
5.28,-2.1928236,2029
5.16,1.8540338,2029
5.16,0.620966,2029
5.16,0.938211,2029
5.03,1.0766956,2029
5.0,0.5173673,2029
5.0,3.0570686,2029
4.97,1.7675267,2029
4.95,1.137156,2029
4.92,1.0051135,2029
4.89,-0.08183248,2029
4.88,-0.82750154,2029
4.86,0.89474154,2029
4.85,-0.5818377,2029
4.84,1.1186388,2029
4.82,-1.2603433,2029
4.82,0.4377733,2029
4.7,0.78784055,2029
4.66,0.782571,2029
4.57,-1.0199648,2029
4.57,2.2916696,2029
4.5,-4.9472833,2029
4.46,-0.4096855,2029
4.44,-0.2284956,2029
4.4,-0.18413338,2029
4.4,1.9124516,2029
4.3,-0.023009777,2029
4.28,0.17729968,2029
4.04,-2.9964883,2029
6.75,2.1860404,12583
8.21,-0.49891627,12718
8.19,0.9521622,12718
8.12,-0.74059474,12718
8.07,-1.1921233,12718
8.05,-0.79419,12718
7.96,1.4682007,12718
7.85,-0.31558,12718
5.92,-5.6553645,11000
5.92,1.3671268,11000
5.92,-0.8127869,11000
7.66,-0.015526854,4584
7.0,-1.0839767,1138
5.94,-1.605847,3352
8.0,5.1514864,16478
6.99,-0.8115574,14098
4.62,-4.4852843,8235
5.0,1.2922567,17884
4.64,-6.5570374,17884
4.47,-0.110311426,17884
4.38,-1.1368542,17884
4.38,0.98814493,17884
4.0,-4.1998644,17884
4.0,1.4290664,17884
5.69,-1.6320289,3745
5.18,-1.1172209,3745
5.12,-1.1172209,3745
4.76,-1.0451285,3745
4.7,2.1510272,3745
4.69,-1.6320289,3745
4.62,-1.0451285,3745
4.56,1.0132306,3745
4.51,2.1510272,3745
4.48,0.35223293,3745
4.31,3.285938,3745
4.3,-0.08668983,3745
4.22,0.35223293,3745
4.0,-0.08668983,3745
8.77,6.184706,10389
8.29,2.0723722,10389
7.0,0.05866114,3835
5.89,-1.3460037,3835
5.77,-3.950465,3835
5.58,2.2785468,3835
5.41,-1.218122,3835
5.28,-1.5841941,17878
4.64,1.6137532,17878
4.52,-3.5428045,17878
4.51,1.8460885,17878
4.47,0.22324148,17878
4.44,0.15381673,17878
4.18,-3.9914825,17878
4.17,-0.46786052,17878
4.11,-2.5435927,17878
4.1,0.025882572,17878
4.08,-2.210025,17878
4.02,-4.13702,17878
4.0,-2.3262362,17878
6.59,5.8423095,15010
8.21,-0.37754357,941
7.96,-0.015412819,941
7.92,-1.7207283,941
7.85,-2.5944703,941
7.85,-0.49062935,941
7.6,-0.9156284,941
7.5,0.7648179,941
7.42,-0.079680316,941
7.22,-0.30371395,941
5.85,-5.4914627,941
5.27,-6.786998,941
8.0,-1.964502,114
6.95,-0.8749722,13595
6.78,1.2095197,13595
6.01,-2.0404253,1306
7.62,-5.9499393,11233
8.96,0.4716295,12317
8.92,-2.2573373,12317
8.74,1.8675345,12317
8.72,1.9200555,12317
8.7,3.647937,12317
8.59,-1.9347895,12317
8.42,-0.8865523,12317
8.17,3.8398373,12317
8.04,2.488869,12317
7.96,-0.95972115,12317
7.89,0.26454654,12317
7.82,3.7492766,12317
7.77,-2.8042603,12317
7.55,0.35077605,12317
7.51,1.2061359,12317
7.5,-1.2868824,12317
7.5,-0.4657493,12317
7.47,-2.3904665,12317
7.4,-1.6143957,12317
7.22,2.2075984,12317
7.05,0.21855092,12317
7.0,-2.1657867,12317
6.99,-1.8928283,12317
6.96,-1.323168,12317
6.92,-0.4248601,12317
6.92,4.161686,12317
6.71,2.9119482,12317
6.67,-1.316852,12317
6.55,-1.2647033,12317
6.39,-0.8966775,12317
6.39,-1.4109573,12317
6.29,0.7868873,12317
6.25,0.74189454,12317
6.08,-3.0721495,12317
5.98,-1.356606,12317
5.96,-1.1104919,12317
5.84,3.2105699,12317
5.83,1.7180228,12317
5.66,1.2988306,12317
9.3,1.4198302,5364
6.15,-3.636872,5364
5.11,-3.2873318,5364
6.03,-2.0328283,4569
5.92,0.27376783,4569
8.7,2.2529461,16838
8.52,2.703445,16838
8.22,-0.7412205,16838
8.15,-5.3035975,16838
8.1,2.981841,16838
8.1,-1.4168603,16838
8.1,-2.778181,16838
8.05,-2.2791858,16838
8.0,-2.582238,16838
7.92,-3.4738727,16838
7.92,-1.9529614,16838
7.89,-1.789473,16838
7.82,-1.8256606,16838
7.23,-0.8398579,13247
5.85,-5.439358,4667
6.07,-2.8954504,1909
5.64,-6.771376,1909
7.52,-1.8455747,541
8.3,2.8292634,6179
8.22,1.7207047,6179
8.1,0.7279735,6179
8.05,-1.3721673,6179
8.0,3.2022932,6179
8.0,-0.22544745,6179
7.96,0.24090874,6179
7.96,-0.28354213,6179
7.96,1.732285,6179
7.92,0.38233915,6179
7.92,4.155104,6179
7.92,2.7666361,6179
7.89,2.30025,6179
7.89,1.7414274,6179
7.85,1.6706662,6179
7.85,0.28422308,6179
7.85,4.0395684,6179
7.85,3.7772388,6179
7.85,1.9192982,6179
7.82,1.2690524,6179
7.82,0.4765414,6179
7.82,4.0299454,6179
7.82,4.4211755,6179
7.82,1.2690524,6179
7.82,3.9066594,6179
7.82,1.3327379,6179
7.8,0.7846759,6179
7.8,0.62145966,6179
7.8,3.5966458,6179
7.77,0.15455851,6179
7.77,2.2585182,6179
7.77,3.312197,6179
7.77,0.13849762,6179
7.77,3.9170125,6179
7.77,2.2275233,6179
7.75,1.9060328,6179
7.75,1.8346828,6179
7.75,2.3144245,6179
7.72,2.9301682,6179
7.72,3.4100442,6179
7.7,-0.47283798,6179
7.7,4.0641646,6179
7.7,-2.43972,6179
7.7,2.8136868,6179
7.7,4.69447,6179
7.68,-3.1850724,6179
7.68,2.1495564,6179
7.68,3.69642,6179
7.68,-1.6156973,6179
7.66,1.6424778,6179
7.66,1.0817816,6179
7.66,0.39512143,6179
7.64,2.3453913,6179
7.64,-2.4218915,6179
7.64,1.6757267,6179
7.64,2.24048,6179
7.64,2.9878802,6179
7.64,-0.115412295,6179
7.62,2.7231352,6179
7.62,0.62165606,6179
7.62,-3.1869323,6179
7.62,3.6548545,6179
7.62,2.1979892,6179
7.6,4.5999904,6179
7.6,-3.6739914,6179
7.6,1.7330029,6179
7.6,3.6355276,6179
7.58,-0.5397676,6179
7.58,5.8487377,6179
7.57,-2.0636995,6179
7.57,1.7871385,6179
7.57,2.2087977,6179
7.57,2.8767247,6179
7.55,-3.5322595,6179
7.55,2.8427727,6179
7.55,-2.3473248,6179
7.55,1.0837897,6179
7.55,3.5585566,6179
7.55,2.1045177,6179
7.55,2.664306,6179
7.55,3.1260858,6179
7.54,-4.586168,6179
7.54,3.6696193,6179
7.54,-1.563975,6179
7.54,-1.2945813,6179
7.54,-1.2896981,6179
7.54,-1.4896716,6179
7.52,2.2861462,6179
7.52,0.90916395,6179
7.52,0.71076447,6179
7.52,1.2396249,6179
7.51,2.3095586,6179
7.51,3.8629863,6179
7.51,1.0889895,6179
7.51,-1.2945813,6179
7.51,1.5603919,6179
7.5,2.0645092,6179
7.5,3.8521593,6179
7.48,-0.68031925,6179
7.48,1.3596348,6179
7.47,2.5735147,6179
7.46,1.3005756,6179
7.46,-2.5943503,6179
7.44,1.4565082,6179
7.44,1.3561343,6179
7.43,-1.9101201,6179
7.43,-1.5241771,6179
7.42,2.474982,6179
7.42,3.9848135,6179
7.41,3.3353963,6179
7.41,0.6959027,6179
7.39,-1.9905692,6179
7.37,2.2202182,6179
7.37,0.9109064,6179
7.35,1.5234119,6179
7.34,0.8003846,6179
7.34,-3.1771874,6179
7.33,-0.15477768,6179
7.33,3.7534027,6179
7.29,2.5507321,6179
7.28,1.4399179,6179
7.28,-0.41074437,6179
7.27,2.2815683,6179
7.26,3.3708267,6179
7.22,2.8573384,6179
7.18,-2.0782514,6179
7.16,-1.4722754,6179
7.16,1.0475351,6179
7.15,1.4444631,6179
7.07,2.7490973,6179
7.01,3.32606,6179
6.99,0.3810804,6179
6.94,0.49407077,6179
6.92,-1.1211995,6179
6.89,2.6259844,6179
6.32,1.8971386,6179
6.3,-1.5216281,6179
5.86,2.7378664,6179
5.58,-0.65228903,6179
5.57,1.8475373,6179
5.53,-0.66356134,6179
5.46,-0.060708795,6179
5.15,-2.4267857,6179
5.0,3.7471683,6179
5.0,0.7522846,6179
5.0,-5.8334928,6179
7.92,1.1947938,11293
7.92,2.3267722,11293
7.77,2.6248548,11293
7.66,3.5951457,11293
7.6,5.2170134,11293
7.57,3.1449687,11293
7.47,1.9438813,11293
7.42,2.127342,11293
7.4,4.867462,11293
7.39,4.034889,11293
7.3,3.1449687,11293
7.27,2.9930203,11293
7.08,2.099184,11293
6.64,1.8614609,11293
6.58,4.8575563,11293
6.54,4.3796806,11293
6.35,5.9204016,11293
6.32,3.8360693,11293
6.04,0.82414466,11293
5.92,5.2204657,11293
8.52,1.9933361,6641
7.46,-1.0113617,15699
7.38,3.202118,15699
7.17,-1.2135932,15699
6.58,0.51168776,4163
6.69,-1.5733745,8496
7.52,-2.7221396,1461
7.52,-0.26200557,16567
6.92,2.3872228,16567
6.75,2.4509473,16567
6.24,-0.048474915,16567
6.24,4.2148337,16567
6.21,3.8147519,16567
5.54,0.6656559,16567
5.03,1.8728817,16567
4.72,0.1380676,16567
4.57,0.60910034,16567
4.33,0.42328793,16567
7.14,-0.38975835,3096
4.6,0.38271883,2897
4.0,-1.2808222,2897
7.42,4.0374484,283
7.32,5.531735,283
5.24,0.24972287,283
5.0,0.49057937,283
4.64,0.94886017,283
4.64,1.1638416,283
4.6,-1.4291338,283
4.58,-0.3540934,283
4.43,-0.16081873,283
4.4,-0.42210552,283
4.23,1.2679007,283
4.22,1.1006417,283
4.21,-0.8434289,283
4.14,0.5012141,283
4.13,-0.06913031,283
4.02,-1.5832174,283
7.07,-0.08606327,1048
6.67,-5.0482593,1977
5.04,-3.1219864,8670
8.52,0.38733393,17594
8.4,-0.43371102,17594
8.22,-0.22750384,17594
8.15,3.2801142,17594
8.0,2.1956403,17594
7.68,2.1375127,17594
7.36,-1.7687423,17594
6.99,-3.9230766,17594
5.61,-3.3040707,17594
8.3,4.450056,17288
9.7,-3.4880877,10756
9.7,-4.0491357,10756
9.22,-1.6388401,10756
9.1,-0.438489,10756
8.68,0.85536355,10756
8.54,0.86847115,10756
8.4,2.839367,10756
8.3,1.8876151,10756
8.26,0.33361655,10756
8.23,2.2912393,10756
8.19,-2.3341634,10756
8.1,3.8393743,10756
8.05,-0.4730107,10756
8.0,0.65617824,10756
7.85,0.9219064,10756
7.75,-0.99241287,10756
7.68,2.2482827,10756
7.64,-1.7176442,10756
7.48,2.4679093,10756
7.36,4.042785,10756
6.82,-0.75330937,10756
6.8,0.79340607,10756
6.54,-3.5788805,10756
6.51,2.1311913,10756
6.14,-1.5761548,10756
5.92,-1.7332517,10756
5.82,3.3778918,10756
5.82,1.27815,10756
5.47,3.998842,702
6.4,1.735756,4885
6.3,-1.0009521,4885
6.2,-1.1001583,4885
5.4,-5.452298,4885
5.96,5.200012,14411
5.94,-1.8217472,14411
5.85,3.1238196,12438
5.82,-2.8903625,12438
5.82,3.9789298,12438
5.8,-3.1754146,12438
5.72,-2.8903625,12438
5.72,2.913911,12438
5.68,1.4421283,12438
5.64,-0.5771207,12438
5.44,-1.7254941,12438
5.41,3.8131986,12438
5.34,3.3300118,12438
5.32,3.1492586,12438
5.27,3.1492586,12438
5.27,-1.0860652,12438
5.09,3.5536337,12438
5.08,2.829519,12438
4.99,0.050158277,12438
4.94,-0.5771207,12438
4.9,3.2168944,12438
4.89,2.6745615,12438
4.8,-1.0122429,12438
4.8,2.1317942,12438
4.71,2.7203906,12438
4.7,2.1499162,12438
4.29,2.312352,12438
8.29,1.1167991,5116
8.19,2.1216507,5116
8.01,1.4394644,5116
7.96,3.6624355,5116
7.92,-0.36237028,5116
7.89,0.3507571,5116
7.85,1.0481182,5116
7.85,-2.0498421,5116
7.66,1.5232044,5116
7.54,1.8935169,5116
7.51,2.2288425,5116
7.37,3.6624355,5116
7.35,-0.2211428,5116
7.29,1.4394644,5116
7.27,1.5961763,5116
7.15,-2.0274453,5116
6.77,-0.38842243,5116
5.78,8.745968,12115
4.47,1.2657453,12115
6.82,-8.363366,7047
6.86,-3.3583665,6866
8.95,-0.34626684,8191
6.94,1.999179,8191
9.44,4.4507565,7554
9.35,3.7022815,7554
9.34,1.8787342,7554
9.29,2.503359,7554
9.26,1.3610989,7554
9.25,4.339481,7554
9.23,4.018375,7554
9.21,0.25657505,7554
9.21,-1.3383223,7554
9.21,-0.4723146,7554
9.17,5.795505,7554
9.14,3.0568302,7554
9.12,-0.42450345,7554
9.12,1.7014264,7554
9.12,0.9357035,7554
9.11,4.9348993,7554
9.11,4.634207,7554
9.08,2.3100023,7554
9.07,1.1762272,7554
9.06,3.7035735,7554
9.06,4.385459,7554
9.05,2.3814611,7554
9.04,4.0437894,7554
9.04,4.271033,7554
9.03,3.4772003,7554
9.02,0.9931763,7554
9.01,3.268455,7554
9.01,2.9898872,7554
9.01,3.430919,7554
9.0,2.7746108,7554
9.0,2.3814611,7554
8.99,1.5088338,7554
8.99,1.1539316,7554
8.99,2.6749744,7554
8.98,2.0769207,7554
8.98,0.67831504,7554
8.97,2.721783,7554
8.97,2.0338829,7554
8.96,3.4757814,7554
8.96,-0.46424437,7554
8.96,2.8084896,7554
8.95,4.8055525,7554
8.94,2.6447036,7554
8.93,4.1030755,7554
8.93,2.9384472,7554
8.93,4.0486636,7554
8.93,-2.4603364,7554
8.92,0.4822303,7554
8.91,2.7526147,7554
8.91,3.783422,7554
8.91,2.53663,7554
8.9,1.2383276,7554
8.9,2.8407578,7554
8.9,3.5632029,7554
8.9,1.1166232,7554
8.9,4.161487,7554
8.88,2.80287,7554
8.87,0.6204911,7554
8.87,1.1700834,7554
8.87,2.764315,7554
8.86,0.3485095,7554
8.86,5.047233,7554
8.86,0.93741727,7554
8.86,2.6606305,7554
8.86,2.5252361,7554
8.86,1.3154241,7554
8.86,4.1692243,7554
8.86,2.9064815,7554
8.85,1.7598712,7554
8.85,2.095809,7554
8.85,-1.8355145,7554
8.85,2.9794552,7554
8.85,4.018375,7554
8.85,1.9119629,7554
8.85,4.705068,7554
8.85,3.0555842,7554
8.85,1.0035055,7554
8.84,2.3875983,7554
8.84,-0.3021695,7554
8.84,1.7428044,7554
8.83,2.8851435,7554
8.82,4.4154205,7554
8.82,4.484343,7554
8.82,4.295096,7554
8.82,2.7570803,7554
8.81,3.637048,7554
8.81,1.1043527,7554
8.81,4.4963217,7554
8.81,4.1773987,7554
8.81,1.8244803,7554
8.81,3.6623325,7554
8.81,3.1488028,7554
8.8,4.294015,7554
8.8,2.3415709,7554
8.8,4.085858,7554
8.8,2.2464535,7554
8.8,3.340035,7554
8.8,-2.386141,7554
8.79,3.693807,7554
8.79,3.1316557,7554
8.79,4.001998,7554
8.79,2.3971813,7554
8.79,0.5816148,7554
8.78,3.2788143,7554
8.78,1.4567755,7554
8.78,2.252431,7554
8.78,5.2059207,7554
8.77,2.2260368,7554
8.77,3.7375844,7554
8.77,4.132419,7554
8.77,2.75073,7554
8.76,3.9555774,7554
8.76,3.5222015,7554
8.76,4.1506324,7554
8.76,3.6981003,7554
8.76,3.0360942,7554
8.76,0.5543329,7554
8.76,0.2093881,7554
8.76,4.5253696,7554
8.76,2.370059,7554
8.76,3.695182,7554
8.75,4.024469,7554
8.75,3.3410888,7554
8.75,2.2472608,7554
8.75,4.6648293,7554
8.75,2.2041955,7554
8.75,4.6867733,7554
8.75,2.342345,7554
8.75,3.090023,7554
8.74,2.5279677,7554
8.74,4.0446367,7554
8.74,3.7063916,7554
8.74,3.8589218,7554
8.74,3.4588656,7554
8.74,3.0939336,7554
8.74,3.5151787,7554
8.74,2.8816447,7554
8.74,1.6210957,7554
8.73,4.1224794,7554
8.73,3.9913037,7554
8.73,0.92114943,7554
8.73,1.9437528,7554
8.73,3.240189,7554
8.73,1.4028842,7554
8.73,4.1527996,7554
8.72,1.601946,7554
8.72,4.2541375,7554
8.72,2.6344314,7554
8.72,1.6530195,7554
8.72,4.8823867,7554
8.71,-0.17973086,7554
8.71,0.67831504,7554
8.71,3.4840755,7554
8.71,3.51184,7554
8.71,-1.5889792,7554
8.71,3.8189147,7554
8.71,2.6221995,7554
8.7,3.3084126,7554
8.7,3.4537523,7554
8.7,3.5222015,7554
8.7,1.5755101,7554
8.7,0.6710688,7554
8.7,3.3511736,7554
8.69,0.6710688,7554
8.69,0.7490351,7554
8.69,3.3410888,7554
8.69,3.528213,7554
8.69,0.9040079,7554
8.68,3.1972275,7554
8.68,2.764315,7554
8.68,0.17579186,7554
8.68,2.7486308,7554
8.67,2.0046833,7554
8.67,3.7768898,7554
8.66,4.856041,7554
8.66,-2.7370913,7554
8.66,-0.6178182,7554
8.66,1.6101537,7554
8.66,1.0158737,7554
8.66,2.415135,7554
8.66,4.621528,7554
8.66,-0.7741795,7554
8.66,0.20955288,7554
8.65,2.784564,7554
8.64,4.9930844,7554
8.64,3.3678486,7554
8.64,3.7435458,7554
8.64,-2.4603364,7554
8.64,3.773634,7554
8.63,-0.66836554,7554
8.63,2.8877063,7554
8.63,4.6342554,7554
8.62,2.8045166,7554
8.62,3.6024225,7554
8.62,3.5222015,7554
8.62,3.283456,7554
8.62,2.9059715,7554
8.62,3.7091386,7554
8.62,3.5736897,7554
8.62,2.6149447,7554
8.62,2.0191534,7554
8.62,1.6264327,7554
8.61,0.30099964,7554
8.61,5.0930557,7554
8.6,2.1145854,7554
8.6,2.6344314,7554
8.6,3.4074216,7554
8.6,3.637048,7554
8.6,4.83245,7554
8.6,0.9093689,7554
8.59,0.5543329,7554
8.59,3.7209172,7554
8.58,-4.266557,7554
8.58,3.4761813,7554
8.58,1.9351978,7554
8.58,3.9228776,7554
8.58,1.9752206,7554
8.57,4.4287014,7554
8.57,0.58242553,7554
8.57,1.0940832,7554
8.57,-0.0076902434,7554
8.57,2.865411,7554
8.57,3.586381,7554
8.57,2.7461402,7554
8.56,2.6926346,7554
8.56,-2.7370913,7554
8.56,4.4126835,7554
8.56,3.936579,7554
8.55,3.031914,7554
8.55,1.9437528,7554
8.55,-2.1608875,7554
8.54,2.7156162,7554
8.54,0.9953304,7554
8.54,1.829091,7554
8.54,0.16998905,7554
8.54,2.9961286,7554
8.53,2.950188,7554
8.53,3.4170415,7554
8.53,0.76891214,7554
8.53,0.7490351,7554
8.53,2.7046318,7554
8.53,0.3937611,7554
8.52,-2.8488276,7554
8.52,2.1393454,7554
8.52,3.561874,7554
8.51,-3.0235393,7554
8.51,1.3218111,7554
8.51,1.9105135,7554
8.51,4.45626,7554
8.5,4.532511,7554
8.5,2.559676,7554
8.5,3.773634,7554
8.49,3.1666117,7554
8.49,3.7022135,7554
8.48,3.686017,7554
8.47,3.4237282,7554
8.47,2.764315,7554
8.47,4.1669593,7554
8.47,2.102988,7554
8.47,1.9522268,7554
8.46,2.8153431,7554
8.46,2.9631524,7554
8.46,-2.957365,7554
8.45,1.6680697,7554
8.45,3.0351317,7554
8.44,3.8562107,7554
8.44,3.5817907,7554
8.44,3.7580445,7554
8.43,0.27396914,7554
8.43,3.7651255,7554
8.43,3.6745582,7554
8.43,-0.47382367,7554
8.43,3.5502775,7554
8.43,1.297226,7554
8.42,2.1282315,7554
8.42,4.316319,7554
8.42,3.4237282,7554
8.42,3.86039,7554
8.41,3.872181,7554
8.41,1.3059062,7554
8.41,1.6329108,7554
8.41,2.2312174,7554
8.4,2.3136854,7554
8.4,3.3307989,7554
8.4,2.7486308,7554
8.39,3.914016,7554
8.39,3.9253502,7554
8.39,2.4473865,7554
8.39,2.1374066,7554
8.38,3.0187013,7554
8.38,2.2654877,7554
8.38,0.9391793,7554
8.38,2.179204,7554
8.37,0.28758052,7554
8.37,3.165994,7554
8.37,3.076725,7554
8.36,1.961777,7554
8.36,-2.4603364,7554
8.36,1.7178581,7554
8.35,-1.0348018,7554
8.35,1.3358797,7554
8.35,1.505492,7554
8.35,3.461935,7554
8.34,3.6200867,7554
8.33,2.5592709,7554
8.33,3.4237282,7554
8.33,1.6342772,7554
8.33,-1.0386847,7554
8.33,3.9328628,7554
8.33,1.0515324,7554
8.32,3.501743,7554
8.32,0.78149104,7554
8.32,6.056824,7554
8.32,1.4992397,7554
8.32,1.7453781,7554
8.32,0.5543329,7554
8.31,0.40682173,7554
8.31,1.6471139,7554
8.31,1.1656433,7554
8.3,0.48928767,7554
8.29,0.07116306,7554
8.29,2.2558331,7554
8.29,2.06521,7554
8.28,1.2939627,7554
8.27,2.9876866,7554
8.27,1.7293671,7554
8.26,0.36083913,7554
8.26,3.6980217,7554
8.26,3.5325365,7554
8.25,1.9840678,7554
8.25,1.6173726,7554
8.25,2.3755205,7554
8.25,3.4895144,7554
8.25,3.13515,7554
8.24,-0.37403744,7554
8.24,1.7939464,7554
8.23,-2.7370913,7554
8.23,5.007084,7554
8.23,3.4626248,7554
8.22,1.3753237,7554
8.22,4.64434,7554
8.22,3.9654157,7554
8.22,2.3070354,7554
8.21,-0.63206285,7554
8.21,2.981156,7554
8.21,1.0515324,7554
8.2,1.1578399,7554
8.19,1.9861203,7554
8.19,2.392578,7554
8.19,3.996102,7554
8.19,3.1165369,7554
8.18,1.961777,7554
8.18,2.481443,7554
8.18,4.9031777,7554
8.17,2.0992615,7554
8.17,4.5988293,7554
8.16,4.302449,7554
8.16,-0.7329245,7554
8.16,-1.4878908,7554
8.15,3.5434582,7554
8.15,-0.22218877,7554
8.15,0.31792626,7554
8.15,4.4644003,7554
8.15,-1.8799143,7554
8.15,1.76639,7554
8.14,1.961777,7554
8.14,3.6540382,7554
8.14,0.63115376,7554
8.14,1.4076596,7554
8.14,2.1759706,7554
8.14,-0.11390706,7554
8.14,0.8752482,7554
8.13,3.773634,7554
8.12,2.6428216,7554
8.12,-0.24419165,7554
8.12,3.961339,7554
8.11,3.1224043,7554
8.11,1.9739152,7554
8.1,3.4424984,7554
8.1,2.4366004,7554
8.1,1.5928756,7554
8.1,2.8148577,7554
8.1,0.893933,7554
8.1,0.11075903,7554
8.1,0.3178861,7554
8.09,2.2081673,7554
8.09,2.7556841,7554
8.08,2.3065417,7554
8.08,3.686094,7554
8.08,2.1367784,7554
8.07,2.015258,7554
8.07,-2.4207735,7554
8.06,3.4535258,7554
8.06,3.8657622,7554
8.06,5.0175414,7554
8.06,4.0740123,7554
8.05,2.1946926,7554
8.05,4.362554,7554
8.05,3.6382372,7554
8.04,2.6742854,7554
8.04,1.692382,7554
8.04,2.3461692,7554
8.04,4.091481,7554
8.03,2.2558331,7554
8.02,0.3993572,7554
8.01,3.0964396,7554
8.01,4.3984876,7554
8.0,2.6699047,7554
8.0,0.17489132,7554
8.0,2.6020463,7554
8.0,2.291414,7554
7.99,2.0045722,7554
7.98,3.5435936,7554
7.98,2.0380757,7554
7.98,3.6655152,7554
7.98,1.1824642,7554
7.97,1.3344036,7554
7.97,3.35833,7554
7.96,0.12835038,7554
7.96,3.5092037,7554
7.96,2.97316,7554
7.95,1.3074769,7554
7.94,3.003245,7554
7.94,2.2956438,7554
7.93,-3.1078374,7554
7.92,3.0996695,7554
7.92,3.9371164,7554
7.91,0.78591454,7554
7.91,0.5994969,7554
7.91,-1.7616216,7554
7.91,3.8177345,7554
7.9,3.7147787,7554
7.9,-0.7152239,7554
7.9,2.6163208,7554
7.9,1.0319301,7554
7.89,0.3443656,7554
7.88,1.6981676,7554
7.88,-0.52901995,7554
7.88,3.8390934,7554
7.88,1.7409006,7554
7.87,0.9671287,7554
7.85,2.9420006,7554
7.84,2.7282457,7554
7.84,2.7321274,7554
7.83,0.58398914,7554
7.82,3.0503085,7554
7.81,2.0851963,7554
7.81,1.6361485,7554
7.8,1.3318301,7554
7.79,-3.3183327,7554
7.78,-0.55527556,7554
7.78,3.037044,7554
7.78,1.1493627,7554
7.78,-3.4730783,7554
7.77,2.2197146,7554
7.77,4.029061,7554
7.77,1.3071452,7554
7.76,-4.1862063,7554
7.76,3.0612123,7554
7.76,-2.0344722,7554
7.76,3.1595936,7554
7.76,2.2240233,7554
7.75,1.9595143,7554
7.74,1.2642391,7554
7.73,2.185391,7554
7.73,3.4808905,7554
7.73,3.1917202,7554
7.72,1.8721043,7554
7.71,-1.3750747,7554
7.7,2.564108,7554
7.69,4.173278,7554
7.69,1.2083204,7554
7.68,3.5594888,7554
7.67,1.867617,7554
7.65,-1.9471458,7554
7.65,2.337774,7554
7.65,1.5173078,7554
7.62,0.5116442,7554
7.6,-0.95615906,7554
7.59,0.68110466,7554
7.58,2.1387124,7554
7.58,4.4248056,7554
7.57,-0.23424965,7554
7.56,1.2625633,7554
7.56,1.1551754,7554
7.55,0.3178861,7554
7.55,-3.7959056,7554
7.55,-1.4457363,7554
7.55,1.4285455,7554
7.54,3.9755585,7554
7.53,0.81098074,7554
7.5,1.2732056,7554
7.49,0.65194196,7554
7.49,2.328777,7554
7.48,3.083742,7554
7.48,0.4740383,7554
7.48,2.1099806,7554
7.47,-1.3682314,7554
7.44,1.6343307,7554
7.44,3.300979,7554
7.44,3.8590696,7554
7.44,0.6070098,7554
7.43,0.68110466,7554
7.42,3.5515356,7554
7.42,1.5265887,7554
7.41,1.8439336,7554
7.41,3.1710277,7554
7.39,-1.6349902,7554
7.39,2.156206,7554
7.37,1.6863694,7554
7.36,3.5263164,7554
7.35,2.5938795,7554
7.35,4.300337,7554
7.35,-0.57384187,7554
7.32,0.679496,7554
7.31,-0.55858386,7554
7.31,-0.41628557,7554
7.3,-3.232099,7554
7.3,1.2926147,7554
7.29,3.269707,7554
7.28,-1.5512708,7554
7.28,2.953283,7554
7.27,2.6754131,7554
7.26,2.0003788,7554
7.26,2.7524939,7554
7.26,-1.1383916,7554
7.25,-2.8796234,7554
7.25,2.4029205,7554
7.24,-0.49466386,7554
7.21,-2.683928,7554
7.21,-1.9885951,7554
7.21,-0.44037464,7554
7.2,-0.5090561,7554
7.19,0.9929603,7554
7.18,3.551487,7554
7.17,-0.22507292,7554
7.16,-1.8500246,7554
7.15,-0.99719,7554
7.13,-0.66068125,7554
7.12,1.2502012,7554
7.11,2.5938795,7554
7.11,-0.24394763,7554
7.1,2.2060142,7554
7.09,0.85067743,7554
7.08,4.912137,7554
7.05,0.679496,7554
7.04,-1.7299414,7554
7.04,4.504398,7554
7.04,2.5873778,7554
7.03,-1.4878908,7554
7.01,0.5239626,7554
7.0,2.5284433,7554
6.98,3.5498378,7554
6.98,4.664704,7554
6.96,1.8867195,7554
6.95,3.5617409,7554
6.94,-1.3115358,7554
6.92,-3.905393,7554
6.92,4.50361,7554
6.92,2.0502121,7554
6.91,-0.27381712,7554
6.88,1.2101178,7554
6.88,0.17193314,7554
6.87,2.6520188,7554
6.87,0.5311292,7554
6.87,-3.2575881,7554
6.84,0.27163696,7554
6.83,1.5595475,7554
6.83,2.545776,7554
6.81,-1.5226296,7554
6.8,-2.732346,7554
6.8,-0.86424476,7554
6.79,-0.80501175,7554
6.77,-2.7516313,7554
6.76,0.17224851,7554
6.69,-0.2645665,7554
6.69,0.517433,7554
6.66,-2.8520715,7554
6.65,-0.7258064,7554
6.64,3.6079094,7554
6.63,-2.758185,7554
6.63,4.50361,7554
6.62,0.12747622,7554
6.59,0.12843576,7554
6.59,1.436861,7554
6.58,-0.60567844,7554
6.58,-4.505859,7554
6.56,-2.5509472,7554
6.56,-2.4454772,7554
6.54,-4.916002,7554
6.46,-1.8325452,7554
6.45,1.4827844,7554
6.45,0.75613695,7554
6.41,-4.035536,7554
6.39,1.8061863,7554
6.36,-0.095279075,7554
6.36,1.0547371,7554
6.28,-3.3079283,7554
6.17,0.24285856,7554
6.16,-1.9683517,7554
6.13,-1.1284417,7554
6.1,0.53333616,7554
6.1,-4.747423,7554
6.0,-3.9518087,7554
5.99,-4.274056,7554
5.92,-3.7899919,7554
5.86,0.25754988,7554
5.7,-1.3222026,7554
5.3,-2.6389592,7554
5.1,-0.67967397,7554
7.62,4.146426,3747
7.46,0.84330887,3747
7.46,5.270303,3747
7.37,0.68034333,3747
5.62,2.305663,5598
5.42,-1.4581251,5598
5.28,-2.7171986,5598
8.7,-1.0649943,14097
6.22,2.8831642,14097
5.2,-1.9236461,11089
5.1,2.3332412,11089
4.7,-1.806946,11089
7.46,3.3443897,13345
9.08,0.7006132,8777
8.92,-1.0897633,8777
8.86,-4.478832,8777
8.84,1.0340458,8777
8.8,0.025805816,8777
8.79,-4.3753157,8777
8.78,-0.5627798,8777
8.75,0.008888319,8777
8.62,-4.4955115,8777
8.58,-3.451754,8777
8.56,-4.3742485,8777
8.44,-5.0815544,8777
6.38,-3.8659182,8777
8.05,4.9424324,799
7.54,4.5932794,799
7.43,4.3593745,799
7.42,2.225857,799
7.36,2.4403512,799
7.27,6.361915,799
7.17,1.0829152,799
7.14,1.5292851,799
7.06,2.4125144,799
6.96,2.6175869,799
6.92,3.4284735,799
6.64,1.818578,799
6.63,4.0142527,799
6.48,3.2413955,799
6.46,0.15602326,799
6.44,1.5951319,799
6.41,2.1875734,799
6.39,3.1726673,799
6.29,0.27813122,799
6.29,4.472359,799
6.23,0.9034576,799
6.21,3.1275346,799
6.17,2.2644117,799
6.08,-1.1823528,799
6.06,0.39845365,799
5.85,0.046697676,799
5.51,-0.67521495,799
5.48,1.1789949,799
5.4,0.15401024,799
5.28,-1.370293,799
5.21,0.6893384,799
6.55,-2.1333244,8730
5.92,3.5171554,15084
5.3,6.891401,15084
7.65,2.7540138,14521
6.02,-4.581506,2541
8.8,0.5859423,6062
7.7,-1.187344,6062
7.89,5.0439987,9308
7.16,3.5531416,9308
6.92,3.093458,9308
6.58,0.5061908,9308
6.42,-1.4391711,9308
6.4,-1.3671358,9308
6.28,-2.1737056,9308
6.12,-1.4714411,9308
6.11,-2.5486069,9308
5.89,-2.1152318,9308
5.14,0.4297919,9308
8.7,-1.8301389,17171
6.22,4.6707797,2128
5.52,-5.1022673,2128
5.2,-4.5669713,2128
5.18,-4.636043,2128
5.16,-5.102638,2128
5.12,-2.9678235,2128
5.12,-3.9898298,2128
5.12,-4.903957,2128
5.05,-4.0999093,2128
5.01,-3.058739,2128
4.99,-5.1617436,2128
7.82,3.6304615,6626
7.76,-2.3866205,3448
5.5,-1.3320946,14986
9.0,1.2867373,15559
8.52,1.4819342,15559
8.52,1.3622123,15559
7.7,0.20106524,15559
7.7,0.37370375,15559
7.52,0.34656414,15559
7.3,-1.0842688,15559
5.64,-4.0367794,15559
4.51,-6.2154126,15559
6.82,-0.17928559,10988
6.58,0.20471036,9601
6.56,-0.2033076,9601
6.13,-3.9534557,9601
5.94,-1.7172469,9601
5.84,-3.6811962,9601
5.82,-2.9252858,9601
5.45,4.3881135,9601
6.69,-2.439146,14034
7.15,-2.3047485,6480
7.75,-0.89951485,16632
7.72,-0.2712792,16632
7.7,0.0067749023,16632
7.54,-1.4342415,16632
6.54,0.8611806,16918
6.21,-0.5814473,16918
6.19,0.65091604,16918
6.12,-2.2828665,16918
6.09,-0.4550447,16918
6.01,0.4366727,16918
5.89,-0.22011498,16918
5.87,-0.36398372,16918
5.77,-0.61955875,16918
5.51,-0.056491293,16918
5.0,1.6642698,16918
4.54,0.5585319,16918
6.07,-2.8626623,15994
4.6,-0.99398357,15994
5.39,-0.6714914,1712
5.36,-3.622738,1712
9.15,-2.1022449,3034
9.0,2.9104788,3034
8.7,-1.2875011,3034
8.09,-0.12514296,3034
7.89,-5.4925528,3034
7.89,0.7162407,3034
7.52,0.30512205,3034
6.84,-0.7537113,3034
6.4,-5.0679946,3034
8.46,-4.8853927,1474
8.4,2.9538333,1474
8.15,2.0087926,1474
8.1,1.5179423,1474
7.87,-5.255654,1474
7.85,1.7013429,1474
7.85,-0.5040299,1474
7.77,1.4395258,1474
7.75,2.2478755,1474
7.68,-0.17760804,1474
7.68,2.1607447,1474
7.64,0.25874513,1474
7.55,-0.045992102,1474
7.41,0.21367466,1474
7.4,2.2660449,1474
7.16,-0.22259349,1474
7.08,-0.0139419995,1474
7.07,-1.8594385,1474
7.02,3.4834096,13483
6.92,4.241202,13483
6.09,-3.1558607,13483
6.01,-4.0657434,13483
5.92,-4.656832,13483
8.52,-0.09158411,6025
8.22,3.598303,6025
7.96,-2.76602,6025
7.7,-4.6271615,6025
7.68,-0.28710186,6025
7.62,-1.999312,6025
7.54,-0.40865076,6025
7.38,-1.2482625,6025
6.85,-0.7009098,6025
6.77,3.0231602,6025
6.21,-2.7560048,6025
5.25,-5.5744247,6025
8.3,-4.6704903,8590
8.15,-3.775239,8590
6.6,-4.2117505,8590
6.12,-9.667883,8590
7.52,-0.3209778,17569
7.22,-1.4386109,17569
6.92,-0.44609746,17569
5.58,-3.154224,17569
9.22,-2.2471263,6783
9.0,4.2913346,6783
9.0,4.883573,6783
9.0,2.1636767,6783
8.7,-0.15784165,6783
8.7,-3.2735305,6783
8.7,2.1076694,6783
8.52,-0.2825985,6783
8.52,-1.1114612,6783
8.05,-1.194836,6783
7.16,-1.029202,5162
6.86,0.636236,5162
6.29,-0.9322663,5162
9.01,5.827136,13650
6.85,3.9550214,7063
7.17,-0.63274556,13524
6.44,-0.73078793,10105
5.85,1.3622303,10105
7.43,2.5126607,17453
5.77,-0.2641114,17453
5.6,-1.0927812,17453
5.6,0.14406893,17453
5.5,-0.8400689,17453
5.5,-2.1965406,17453
5.47,-2.0912726,17453
5.44,-2.3093822,17453
5.32,-1.5786045,17453
5.28,-1.9204232,17453
5.25,-0.60540134,17453
5.06,-2.5419095,17453
5.03,-1.2893785,17453
4.96,-2.2744942,17453
4.75,-3.3741014,17453
5.58,4.8753495,12000
5.36,-3.7766829,12000
5.28,0.8865938,786
9.0,1.5924631,2664
7.6,3.3164368,2664
7.58,0.57562184,2664
7.35,2.8732474,2664
7.17,1.3582585,2664
7.16,-1.2908214,2664
7.1,-0.8587965,2664
6.82,-1.1350636,2664
6.75,0.9346137,2664
6.51,1.1156062,2664
6.41,-0.67862695,2664
6.22,1.8320425,2664
6.22,-0.2679772,2664
6.19,-0.23542628,2664
6.18,4.024579,2664
5.89,1.2303215,2664
5.89,4.11554,2664
5.66,0.20200649,2664
5.28,-0.089101516,2664
5.07,4.69127,2664
4.62,-2.788591,2664
4.6,-0.49922687,2664
8.2,3.8257458,12077
5.1,-6.0979104,9237
8.59,3.6751347,7624
8.51,3.8843217,7624
8.43,5.599788,7624
8.14,0.94491166,7624
8.11,3.9640844,7624
7.74,6.1498885,7624
6.33,2.8358629,7624
8.47,-1.9179125,9668
8.41,2.782114,9668
6.88,0.19363302,7021
9.01,-4.3456635,3905
7.68,4.858095,4661
7.38,2.118232,4661
6.94,3.0742114,4661
6.8,3.484714,4661
6.69,4.264675,4661
6.56,0.98396045,4661
6.48,3.4749093,4661
6.4,0.081556745,4661
6.38,2.6866398,4661
6.35,4.3203807,4661
6.3,3.4299974,4661
6.06,0.1463821,4661
5.96,2.6872156,4661
5.96,0.3912587,4661
5.76,1.5179236,4661
5.59,2.6036103,4661
5.49,4.0357766,4661
5.48,-1.5531079,4661
5.17,1.0589905,4661
4.94,-1.0744473,4661
8.11,-2.0391395,4656
7.77,-7.7513638,4656
6.37,-5.2396846,4656
5.74,-2.3328981,4656
5.74,-6.7777853,4656
5.66,-2.1386485,4656
5.37,-1.9978851,4656
5.6,1.5335886,5622
5.34,2.7651486,5622
5.34,-2.244443,5622
9.22,1.0980405,15641
8.4,2.0151494,15641
7.7,2.4666333,15641
4.1,-3.2549155,10373
5.14,-1.5219482,17738
8.23,6.715488,12355
7.96,5.9988723,12355
7.89,4.797982,12355
7.58,2.4514742,12355
6.74,-2.5864763,12355
9.92,6.3563566,12762
9.77,2.554487,12762
9.1,-2.4012983,12762
8.96,3.6332114,12762
8.96,3.6176128,12762
8.82,1.9116107,12762
8.72,1.2795463,12762
8.36,3.2243342,12762
8.22,2.1919916,12762
8.12,0.27682108,12762
8.04,1.6632214,12762
8.01,-1.6667514,12762
7.7,1.8674746,12762
7.68,1.1198819,12762
7.57,-1.8971702,12762
7.09,-4.3171015,12762
7.08,-0.9845591,12762
8.52,-0.61474615,10971
8.31,4.394421,10971
7.72,0.24443686,1628
7.41,-0.38301337,1628
7.35,-0.7280292,1628
7.1,0.21652862,1628
7.0,1.2417657,1628
6.8,-0.63416183,1628
6.64,-1.6952639,1628
6.3,-2.9865742,1628
6.21,-1.5230278,1628
6.0,-2.4736907,1628
7.52,3.5064354,15190
5.22,3.295285,15190
5.1,-1.282525,15190
5.0,1.4494117,15190
4.89,0.16297391,15190
4.85,1.8846072,15190
4.8,-1.7473264,15190
4.7,2.0706923,15190
4.19,-3.4876385,15190
4.16,-0.20050934,15190
8.7,-3.0746999,5533
8.57,-0.52885747,5533
7.7,-0.6130659,5533
7.25,-2.816124,5533
7.09,-2.816124,5533
7.85,1.6368113,1677
7.82,-4.006644,1677
7.72,3.750107,1677
4.88,1.7485285,1677
4.77,-3.7334168,1677
4.72,-2.3504074,1677
4.6,-3.5828903,1677
4.59,0.29041934,1677
5.77,1.260652,17600
5.77,0.3353045,17600
7.38,1.1536282,16163
7.32,-0.45905393,16163
7.13,0.87908405,16163
7.09,1.2566732,16163
7.07,0.87908405,16163
7.06,2.2601542,16163
6.97,1.9143419,16163
6.91,0.94744754,16163
6.9,0.87908405,16163
6.82,0.6768754,16163
6.66,-1.0501726,16163
6.58,1.2113761,16163
6.35,1.6613326,16163
6.11,-3.6050942,16163
5.89,2.2601542,16163
8.52,0.23529655,1675
8.52,0.2989591,1675
8.52,0.9928501,1675
8.3,-0.2994043,1675
8.22,-0.46475825,1675
8.15,0.17446354,1675
8.15,0.9184119,1675
8.1,0.78600246,1675
8.05,3.9056857,1675
7.77,0.6396532,1675
7.77,-0.4844691,1675
7.6,1.7285585,1675
7.58,0.33950865,1675
7.51,-0.6480248,1675
7.51,1.4468539,1675
7.47,-4.1308613,1675
7.46,-1.905092,1675
7.35,2.8631113,1675
7.28,0.1292029,1675
7.07,-0.17812562,1675
7.06,1.7661759,1675
7.0,1.0897014,1675
7.0,-0.005322177,1675
6.89,-1.2047635,1675
6.8,-0.34571058,1675
6.64,-1.7407594,1675
6.47,0.16351664,1675
6.29,0.08079264,1675
6.25,0.8256689,1675
5.97,-2.3951468,1675
5.54,0.20931125,1675
5.4,2.0844984,1675
8.82,0.7210222,14814
6.4,-2.1398525,11560
8.0,-0.16744322,7535
7.85,1.8056117,9453
7.76,5.687293,9453
6.56,-0.12100468,5046
6.18,1.1229768,5046
8.47,-0.27804074,9947
8.37,-0.2399562,9947
8.36,0.5932477,9947
8.17,-2.9976954,9947
8.17,-1.9329263,9947
8.16,-0.7412038,9947
8.05,1.8037567,9947
8.0,-0.6900442,9947
7.96,-2.2462115,9947
7.92,-1.9329263,9947
7.92,-0.8223645,9947
7.89,-1.9329263,9947
7.68,-1.5673867,9947
7.66,0.53226495,9947
7.62,-0.25838426,9947
7.58,-2.7660654,9947
7.57,2.27065,9947
7.54,-1.2025084,9947
7.48,-1.6120863,9947
7.47,-0.10522607,9947
7.3,-2.5737278,9947
7.0,-6.5003657,9947
6.84,-5.8349557,9947
6.82,-2.4495742,9947
6.82,-6.5003657,9947
6.66,-1.2994812,9947
6.58,-4.9239993,9947
6.57,-4.650788,9947
6.35,-5.559051,9947
6.07,-5.0000267,9947
5.78,-4.691698,9947
8.7,7.554896,8699
8.7,7.48856,8699
8.52,6.7072425,8699
8.52,6.9117985,8699
8.52,6.9842687,8699
8.4,8.316773,8699
8.4,5.4774365,8699
8.3,7.2259655,8699
8.1,8.915388,8699
7.96,2.7087011,8699
7.38,3.383757,8699
7.09,4.0285673,8699
6.86,3.4147031,8699
5.58,6.4251237,8699
4.78,2.8290498,8699
8.52,1.1656358,5709
8.27,4.702927,5709
6.66,-2.0874498,5709
6.92,-0.9016631,17657
8.57,-6.495487,2303
5.41,3.2673666,2303
8.89,4.6098995,11343
5.04,-1.0977558,11343
8.3,4.5463605,17602
6.92,-0.21329671,17602
8.22,1.1172649,2067
7.6,3.037926,2040
7.0,-6.1335845,2040
6.8,-3.4752192,2040
6.7,-4.364266,2040
7.98,-1.874054,11122
6.1,2.9758747,214
5.18,-2.111924,214
5.02,-1.8980492,214
8.6,-2.9004838,14279
8.5,-0.4874196,14279
8.5,-2.2431247,14279
8.4,2.369441,14279
8.3,-2.5382385,14279
8.3,2.447626,14279
8.22,2.0590596,14279
8.2,-1.6789926,14279
8.0,-0.6709139,14279
7.9,-1.7005677,14279
7.4,0.48537385,14279
7.4,-4.667566,14279
7.3,2.057062,14279
7.3,-3.3675888,14279
7.3,0.30415037,14279
7.3,5.3098955,14279
7.3,1.2949392,14279
7.2,-1.9592078,14279
6.9,-3.8665085,14279
6.8,-0.9057021,14279
5.52,-3.093383,14279
4.75,2.2308404,14279
4.35,2.0500226,14279
4.1,-1.0498965,14279
7.06,-3.4063845,14940
6.63,2.294628,6539
6.33,0.05278887,6539
9.15,-1.3645965,9939
8.89,-0.72702926,9939
8.72,-0.4154314,9939
8.57,-1.3723754,9939
8.51,-2.120289,9939
8.41,-0.21334216,9939
8.34,2.452406,9939
8.28,-1.150327,9939
8.27,-0.37717533,9939
8.27,-1.1497482,9939
8.23,-1.0756006,9939
8.19,-0.8997888,9939
7.85,2.4132786,9939
7.62,-0.59023446,9939
7.55,-1.226855,9939
7.48,-0.31384608,9939
7.44,0.2082865,9939
7.41,-0.9535143,9939
7.29,-2.0207791,9939
7.22,-1.4155594,9939
6.89,1.7062814,9939
6.89,-0.80730647,9939
6.77,-0.6873171,9939
9.13,1.95334,7982
8.94,3.1230602,7982
8.73,-0.103284106,7982
8.68,-0.2769729,7982
8.64,2.6748312,7982
8.6,1.2172877,7982
8.57,-0.35910484,7982
8.55,1.2778114,7982
8.46,-0.2295118,7982
8.39,2.1090646,7982
8.34,-0.41060722,7982
8.22,0.75122595,7982
8.19,-3.1484084,7982
7.7,0.11665589,7982
9.12,5.21114,8653
9.04,5.838418,8653
8.73,3.3810437,8653
8.06,3.5797813,8653
7.82,4.8545074,8653
7.8,-2.1673784,8653
7.75,5.6899776,8653
7.54,5.7805543,8653
7.48,6.015996,8653
7.33,-1.8570873,8653
5.41,2.8505278,8653
7.64,1.1676425,5458
7.6,-3.6723485,5458
7.44,-4.738368,5458
8.05,-2.9380713,12330
7.68,-5.5669994,12330
8.66,0.36453635,6403
8.6,0.26675868,6403
8.57,1.5900646,6403
8.55,0.6446029,6403
8.49,0.009740092,6403
8.47,1.2180928,6403
8.44,1.866452,6403
8.44,1.4063243,6403
8.43,0.5867304,6403
8.41,-0.08620289,6403
7.3,-1.2018653,6403
7.3,-2.215828,6403
7.3,-2.193358,6403
7.3,-1.8536834,6403
7.3,0.0027870424,6403
7.3,-2.227817,6403
7.3,-1.1065826,6403
7.22,-3.0626812,6403
7.22,-1.6174108,6403
7.16,-0.5706726,6403
6.48,-4.4658504,6403
6.42,-3.6593888,6403
6.25,-2.6302285,6403
6.25,-4.2750473,6403
6.17,-5.1227255,6403
6.16,-4.3422003,6403
6.12,-4.5750413,6403
6.1,-3.0734222,6403
6.09,-4.730474,6403
6.0,-4.5227146,6403
5.52,-7.148637,12522
7.29,-2.57448,247
6.82,-1.0218043,247
6.62,-5.942571,247
6.42,-1.618664,247
6.25,0.27807158,247
6.2,-4.730712,247
5.8,-5.5143876,247
5.7,1.211054,247
5.62,-1.4772096,247
5.42,0.46636015,247
5.28,-0.6525917,247
5.25,-0.5787476,247
5.24,-2.4616246,247
5.21,-6.2589426,247
8.96,0.8887861,8545
8.8,1.7362138,8545
8.72,2.3582766,8545
8.7,2.9973743,8545
8.68,4.6502385,8545
8.68,3.7048695,8545
8.64,-1.4346961,8545
8.6,3.5504384,8545
8.59,2.4790435,8545
8.48,1.7724112,8545
8.48,2.2754285,8545
8.46,2.5750327,8545
8.4,3.0818837,8545
8.24,3.901296,8545
8.21,0.9252303,8545
8.19,3.957643,8545
8.17,1.1195334,8545
8.17,3.639343,8545
7.79,-2.211412,8545
7.0,1.4404905,8545
6.92,0.5326681,8545
6.74,-0.98297596,8545
6.64,-0.54236335,8545
6.62,0.9399635,8545
6.25,4.0344205,8545
5.98,-0.33075476,8545
6.72,-7.8633666,11114
6.47,-0.27266908,4353
9.0,1.0031005,17380
8.77,2.390447,17380
8.7,0.48253185,17380
8.7,1.1575425,17380
8.7,0.8722067,17380
8.62,3.5690327,17380
8.52,3.858236,17380
8.52,2.844579,17380
8.52,-0.046710823,17380
8.52,0.6235452,17380
8.4,1.6105363,17380
8.37,1.0723,17380
8.3,-0.3291996,17380
8.3,1.8675767,17380
8.27,4.074096,17380
8.21,-0.72000927,17380
8.13,-0.0912511,17380
8.05,1.924817,17380
8.05,0.38838044,17380
8.05,0.8549741,17380
8.05,1.9161768,17380
8.05,3.162786,17380
8.05,1.7266155,17380
8.03,-0.48484868,17380
7.8,0.24261644,17380
7.58,0.6420612,17380
7.28,0.5744917,17380
7.22,0.6397754,17380
7.16,2.5545788,17380
7.0,-6.089361,17380
7.0,0.5109487,17380
6.77,0.9433444,17380
6.75,-3.656226,17380
6.41,-2.6239543,17380
6.09,-0.21922752,17380
6.09,0.8489206,17380
6.05,-1.7060277,17380
5.43,-2.2836232,17380
4.48,0.97256845,7266
4.33,-2.4196706,7266
6.58,-3.4253051,4759
6.52,3.9154851,4759
6.16,-2.3625875,4759
5.89,-0.94830894,4759
5.8,3.0615914,4759
5.7,0.40839183,4759
5.55,2.1729293,4759
5.52,-0.0044799224,4759
5.4,-2.7070434,4759
5.26,3.9744365,4759
5.24,-4.617426,4759
5.21,1.3707536,4759
5.15,-3.3399975,4759
5.05,-0.1631101,4759
4.96,-4.460412,4759
4.82,-5.6923866,4759
4.52,0.42410812,4759
4.47,-4.2050524,4759
4.43,-4.4350095,4759
4.43,1.9163698,4759
4.39,1.75222,4759
4.37,-1.2463255,4759
4.37,-3.9334738,4759
4.36,1.9333032,4759
4.25,-0.7906823,4759
4.04,-4.6767445,4759
8.05,-1.4853206,9092
8.0,0.35217983,9092
8.0,-1.9170765,9092
7.96,-1.0372331,9092
7.92,3.4583142,9092
7.89,-1.0372331,9092
7.89,3.4583142,9092
7.85,-1.3168762,9092
7.85,-0.11478306,9092
7.8,-4.6561923,9092
7.75,-4.388435,9092
7.72,-2.3141885,9092
7.68,-3.922096,9092
7.68,-3.0604572,9092
7.68,0.7657384,9092
7.64,3.9613128,9092
7.6,-2.3328679,9092
7.44,-2.552954,9092
7.41,-4.639936,9092
7.36,-4.4374285,9092
7.28,-7.2575364,9092
7.75,-2.7484314,1426
7.75,-1.0030077,1426
7.44,-1.2425152,1426
6.72,1.2897452,1426
6.0,-4.158539,1426
6.89,1.269699,15249
6.31,6.506632,15249
5.92,2.1438944,15249
5.7,-2.4873595,15249
5.21,6.119068,15249
5.18,4.955814,15249
5.18,3.405822,15249
5.17,5.6158824,15249
5.0,5.7288833,15249
4.96,3.7251213,15249
8.3,4.1784606,7707
8.15,4.568288,7707
8.15,6.2662015,7707
8.05,5.652432,7707
7.66,1.9570506,7707
7.58,-0.8822837,7707
7.51,3.2051673,7707
8.05,2.1165454,12603
8.72,3.165445,9443
6.72,0.9387646,9443
7.3,2.7169642,6451
7.3,-6.2296805,6451
7.3,-1.9046937,6451
7.3,-2.2864153,6451
7.3,-1.7078211,6451
7.3,-3.5029912,6451
7.3,-2.8765957,6451
7.3,-2.4772182,6451
7.3,-3.6264668,6451
7.3,-1.5246457,6451
7.3,-3.5857124,6451
7.3,0.92559373,6451
7.3,-5.31412,6451
7.3,-2.4887156,6451
7.3,-3.9270608,6451
7.3,-1.959363,6451
7.3,-2.7858448,6451
7.3,-5.201166,6451
7.3,-3.329996,6451
7.3,-4.5448847,6451
7.3,-3.6994946,6451
7.3,-4.701185,6451
7.3,-0.6057511,6451
7.3,-3.0158477,6451
7.3,-5.3426003,6451
7.3,3.003716,6451
7.3,-1.165387,6451
7.3,-5.1606507,6451
7.3,-2.286887,6451
7.3,-4.6044335,6451
7.3,-1.7797275,6451
7.3,-6.736722,6451
6.3,-4.932594,6451
6.3,-5.236112,6451
6.3,-2.612512,6451
6.3,-2.4138093,6451
6.3,-5.099023,6451
6.3,-5.707643,6451
6.3,-2.550981,6451
6.3,-5.87217,6451
6.3,-3.1575162,6451
6.3,-7.927747,6451
6.3,-6.276392,6451
10.3,-2.0422828,12497
10.3,-4.727989,12497
10.3,-1.0471021,12497
10.3,-0.76867515,12497
10.22,0.7369982,12497
10.15,-2.7678468,12497
5.0,4.742898,16608
6.43,-1.3224475,14574
6.09,-1.4782232,14574
6.01,3.5899293,14574
6.32,-0.7549588,8276
5.48,-1.6426297,8276
5.36,-1.3206211,8276
5.23,1.2804021,8276
4.01,1.5163101,8276
7.1,0.55220836,997
4.75,0.4960159,16256
4.32,-1.2804735,16256
4.46,-2.304327,2533
4.29,-1.4936258,2533
4.24,-4.9009137,2533
4.23,-4.215282,2533
4.21,-2.039941,2533
4.18,-3.0428743,2533
4.18,-1.3693358,2533
4.13,-2.2839634,2533
4.11,-2.1772187,2533
4.09,-2.5648808,2533
4.08,-2.9283392,2533
4.07,-1.9080353,2533
4.03,-2.9733026,2533
5.9,0.7905924,3205
5.31,0.18474936,3205
5.29,3.7068594,3205
5.24,-0.042699084,3205
9.52,6.196728,14631
8.22,-2.8977554,14436
6.16,-0.2343845,17257
5.75,-7.294649,17257
8.72,0.81093186,10714
7.18,-3.9568508,10302
9.6,-0.54691786,14486
8.0,-2.1889691,14486
7.9,-3.446321,14486
7.7,-0.7023737,14486
7.7,-2.1577504,14486
7.5,2.6149611,14486
7.5,-1.6111904,14486
7.1,-5.466328,14486
7.0,-4.9237347,14486
6.8,-4.0124636,14486
6.7,-5.5819283,14486
6.7,-2.7498841,14486
6.5,-6.348719,14486
5.9,-0.97721875,14486
5.8,-5.9451,14486
5.1,-4.5072103,14486
4.9,-3.5028515,14486
4.75,-3.41549,14486
4.7,-5.7243123,14486
4.7,-3.371138,14486
4.5,-7.182786,14486
7.77,0.14811844,5828
9.57,3.3068376,7235
9.35,2.686405,7235
8.92,3.097391,7235
8.64,1.245982,7235
8.59,1.9572536,7235
8.59,4.3199353,7235
8.59,-4.1512322,7235
8.57,0.8012966,7235
8.29,-3.7121072,7235
7.96,0.8012966,7235
7.75,2.057092,692
7.44,5.031599,7696
7.24,-0.75538826,7696
6.77,-1.0826765,7696
8.05,1.4488716,1232
7.8,3.6650255,16514
7.57,2.8543632,16514
7.41,-0.8425724,16514
7.33,4.525352,16514
7.2,3.9183743,16514
7.13,3.01292,16514
7.12,3.6650255,16514
7.09,3.1083972,16514
7.06,-0.39966884,16514
6.96,1.2138981,16514
6.96,1.6936362,16514
6.92,1.0141228,16514
6.92,4.038905,16514
6.92,0.056085013,16514
6.77,1.5856371,16514
6.7,1.6102085,16514
6.51,3.7398453,16514
6.44,0.9538591,16514
6.21,-1.4346485,16514
6.12,1.0718232,16514
6.92,2.601873,11991
8.0,-3.404701,3431
8.0,2.9177701,3431
7.0,-2.2324195,3431
6.89,2.5282652,3431
6.75,0.78613216,3431
6.72,1.4180301,3431
6.7,1.9114318,3431
6.7,1.6881878,3431
6.68,1.5688511,3431
6.4,2.9177701,3431
6.28,2.3867738,3431
6.14,-4.771218,3431
6.14,3.2123375,3431
5.99,0.9021552,3431
5.98,2.797665,3431
5.85,0.7548291,3431
5.82,4.19534,3431
5.76,1.5583987,3431
5.61,1.2142435,3431
5.6,1.734429,3431
5.39,0.8219019,3431
5.35,-4.7283964,3431
5.19,1.2779717,3431
5.18,1.5419017,3431
5.13,-2.9598246,3431
5.12,-0.37163997,3431
5.08,1.0046629,3431
5.01,-1.3431463,3431
5.0,0.24751663,3431
4.99,-1.1511512,3431
4.96,0.16853702,3431
4.75,3.0459938,3431
4.69,0.40285176,3431
4.67,2.3046772,3431
4.67,-4.744423,3431
4.66,2.090606,3431
4.64,-5.7120247,3431
4.44,3.8480344,3431
4.28,-4.0396523,3431
4.19,0.70722586,3431
9.0,1.4620621,1533
8.0,2.1019309,1533
7.24,-0.5794327,1533
7.0,-3.9572182,1533
7.0,-2.6571612,1533
7.72,4.295909,16931
7.5,0.86191434,16931
7.48,1.7801487,16931
7.46,1.9485576,16931
7.44,3.0264332,16931
7.42,1.4234017,16931
7.4,1.3253378,16931
7.33,3.3317072,16931
7.32,0.6291806,16931
7.32,2.6234038,16931
7.3,1.5630019,16931
7.3,0.48206884,16931
7.22,0.48206884,16931
7.2,0.16713944,16931
7.16,3.5450797,16931
7.07,1.7187351,16931
7.0,0.32612062,16931
6.96,-1.0377439,16931
6.96,2.1651611,16931
6.82,0.47669888,16931
6.72,-2.004659,16931
6.72,3.2419474,16931
6.7,-1.0751297,16931
6.42,-2.576332,16931
6.28,-1.704159,16931
6.25,-2.4138288,16931
9.89,4.406426,8130
9.7,3.8129463,8130
9.57,1.9061185,8130
8.9,5.2641826,8130
8.44,2.0949893,8130
8.34,4.485355,8130
8.04,0.60867053,8130
7.42,0.222036,8130
7.31,0.6227594,8130
7.03,1.5814112,8130
6.77,4.5194864,8130
6.75,0.76336896,8130
6.42,4.303466,8130
6.21,-1.978533,8130
6.1,2.1375253,8130
6.57,-3.399915,3891
7.82,1.7313058,10892
7.7,0.9721338,10892
7.42,0.39523867,10892
7.37,-0.03919218,10892
7.3,3.1873243,10892
7.27,-0.6517997,10892
7.15,2.9242976,10892
7.09,0.4815234,10892
7.07,3.8066843,10892
7.01,1.0135425,10892
6.91,3.6290143,10892
6.89,1.5955691,10892
6.02,4.1575875,10892
6.82,-5.40567,4481
7.09,1.645664,536
6.42,3.485941,536
6.41,-1.6837081,536
5.0,-1.177395,7481
7.21,-2.299738,9124
8.89,4.587632,8427
7.47,-0.5406616,8427
6.43,-2.9838855,8427
6.0,-2.1777134,8427
6.0,-2.2572112,8427
6.55,2.8205488,14960
5.29,1.7524,17448
4.7,3.993684,17448
4.43,-0.38593683,17448
4.36,-3.4558597,17448
7.77,6.2860217,14401
8.8,2.876396,14688
8.24,-3.913397,1713
6.72,-3.913397,1713
8.0,-1.5378069,14298
7.4,-1.7115668,14298
7.16,1.2204747,14298
6.39,-4.008704,14298
5.96,-3.6363764,14298
10.4,5.9961276,8512
9.7,4.492853,8512
9.4,1.5185883,8512
9.15,1.3340852,8512
6.78,-5.5192976,17769
6.51,0.6267665,2396
6.3,-7.5913877,15836
10.1,3.4121003,7636
10.1,-3.9669926,7636
10.0,3.6442478,7636
10.0,3.333586,7636
10.0,-4.082027,7636
10.0,-4.8073215,7636
10.0,-1.0114006,7636
9.96,1.2473042,7636
9.96,1.0521252,7636
9.92,-2.5989103,7636
9.89,1.0790814,7636
9.89,0.772538,7636
9.89,1.7648014,7636
9.8,1.3918138,7636
9.74,1.7168157,7636
9.74,3.989138,7636
9.72,2.2448332,7636
9.7,3.6398575,7636
9.7,3.525705,7636
9.7,3.0480134,7636
9.7,2.4308536,7636
9.66,-2.2698183,7636
9.64,1.2899381,7636
9.64,3.5442722,7636
9.62,2.7186415,7636
9.6,2.415713,7636
9.59,2.9596786,7636
9.59,0.30454135,7636
9.57,-5.367659,7636
9.55,-2.9620957,7636
9.54,1.140092,7636
9.52,-4.5640106,7636
9.52,2.2428026,7636
9.49,-2.2601414,7636
9.48,4.249239,7636
9.43,-0.4700994,7636
9.43,4.719871,7636
9.42,-4.615725,7636
9.41,1.6018366,7636
9.4,2.9490335,7636
9.37,2.5926845,7636
9.35,-1.4041638,7636
9.34,-1.7475657,7636
9.33,2.2753158,7636
9.32,3.1738486,7636
9.3,-1.3136748,7636
9.28,-5.022333,7636
9.26,3.7571855,7636
9.22,2.7650218,7636
9.21,-5.3434224,7636
9.2,3.045091,7636
9.11,-4.859132,7636
9.05,2.4754698,7636
9.02,0.9958883,7636
9.0,-0.8550306,7636
9.0,-4.316059,7636
9.0,2.7750504,7636
9.0,0.75886476,7636
9.0,-0.3455735,7636
9.0,-0.6081834,7636
9.0,3.1448972,7636
9.0,3.4792447,7636
9.0,2.0241954,7636
9.0,1.5465605,7636
9.0,-1.73622,7636
9.0,4.313979,7636
9.0,1.1491039,7636
8.97,-5.201173,7636
8.96,2.7147543,7636
8.87,-4.070082,7636
8.7,-0.9804346,7636
8.7,1.6575987,7636
8.52,-2.2179382,7636
8.51,-4.6489663,7636
8.4,1.6861166,7636
8.4,-1.7207544,7636
8.4,1.4205233,7636
8.3,1.2964962,7636
8.3,-0.57674414,7636
8.3,1.8093103,7636
8.3,-0.7595257,7636
8.3,-1.5826814,7636
8.15,3.4372075,7636
8.1,4.2245955,7636
7.96,2.9490335,7636
7.96,-0.48614055,7636
7.96,0.5534905,7636
7.95,-3.7357442,7636
7.92,1.7998273,7636
7.6,0.6590799,7636
7.55,-3.0264049,7636
7.51,1.7806543,7636
7.46,-1.5553398,7636
7.46,-4.5043955,7636
7.26,-6.4469967,7636
7.17,-4.997385,7636
7.06,1.2970176,7636
6.8,-4.779595,7636
6.72,-5.1175265,7636
6.69,-5.50091,7636
6.63,-4.2180743,7636
6.24,-1.3430482,7636
5.69,3.1151075,7636
5.77,-2.5349681,183
5.75,3.1598802,183
5.7,-2.962305,183
5.4,-1.3353401,183
5.39,0.39730603,183
5.16,0.72856385,183
5.07,-3.4187975,183
5.06,-2.5533328,183
5.05,-2.8707542,183
5.0,-0.5464744,183
4.92,-3.367882,183
4.85,-2.9206173,183
4.7,-4.020679,183
4.66,-1.4235396,183
4.51,-1.0747436,183
6.85,-1.7698449,8216
9.16,3.6951535,10289
9.12,3.2259507,10289
9.03,-1.1133653,10289
9.02,1.6496416,10289
8.83,3.4553275,10289
8.81,1.9683287,10289
8.56,-1.1133653,10289
8.55,1.6928813,10289
6.81,-1.9899471,10289
9.0,1.0627772,255
8.22,0.591236,255
7.89,-1.735529,255
7.36,0.9249685,255
7.15,0.073870756,255
6.6,0.37230438,255
6.6,0.13738844,255
6.3,-0.47697377,255
6.3,-2.2340271,255
6.1,1.7454697,255
5.9,1.5928565,255
5.9,-2.5435963,255
5.81,-0.3249708,255
5.8,-2.5435963,255
5.7,-2.80558,255
5.6,-1.435218,255
5.6,-3.180717,255
5.4,0.029814642,255
8.1,-0.0046090633,17634
7.48,1.3914642,17634
9.0,-2.772314,1602
9.0,-0.73414695,1602
8.4,-0.42728513,1602
7.85,-0.9262099,1602
7.58,-1.7194239,1602
7.57,0.57763684,1602
7.28,-3.9359753,1602
7.26,-2.772314,1602
7.12,-0.3720957,1602
6.86,-5.170664,1602
6.7,1.3962435,1602
6.56,-0.43478224,1602
6.29,-0.6722728,1602
6.27,-3.1095862,1602
6.2,-0.41363657,1602
6.12,-0.10144742,1602
5.95,-6.78667,1602
5.85,-2.5786011,1602
5.5,-2.8359761,1602
5.41,1.471778,1602
5.39,-1.2609284,1602
5.08,0.6916199,1602
4.94,0.4440797,1602
4.93,0.23250571,1602
4.54,2.2709374,1602
4.62,-4.5277886,8675
8.7,3.2598286,8420
6.09,-0.2609738,3137
5.77,0.62466687,3137
5.34,-2.7958734,3137
6.62,3.5475318,11513
8.92,3.2759264,1234
7.0,5.050795,4253
4.0,-7.937322,3407
8.94,2.4473515,10538
8.84,4.3804994,10538
8.67,6.6412306,10538
8.62,2.5886626,10538
8.6,2.0389028,10538
8.41,6.9123487,10538
8.25,0.54635155,10538
8.16,1.1493071,10538
8.13,2.2176785,10538
8.09,1.2206507,10538
8.07,-0.4142111,10538
8.07,0.9828059,10538
7.97,0.09234411,10538
7.86,6.8698807,10538
7.82,2.2717714,10538
7.78,6.001558,10538
7.74,-1.4999491,10538
7.73,2.116365,10538
7.63,3.0114467,10538
7.62,-2.0167727,10538
7.57,-1.7288674,10538
7.52,3.1039202,10538
7.51,-1.0439543,10538
7.45,7.1193123,10538
7.45,0.7672399,10538
7.31,1.6783913,10538
7.25,0.5961511,10538
7.2,-0.15466627,10538
7.17,0.7178526,10538
7.09,0.85871685,10538
7.08,1.1828794,10538
7.04,1.1827692,10538
7.01,0.72640413,10538
6.94,-1.277409,10538
6.9,3.750364,10538
6.88,1.9138291,10538
6.81,1.0264523,10538
6.62,2.5167882,10538
6.58,0.26813245,10538
6.55,1.4953928,10538
6.41,0.21133557,10538
7.75,3.2601445,14679
7.0,-0.34741035,16152
6.51,1.4253775,16152
6.23,2.0596614,16152
6.2,1.2512422,16152
6.14,2.772008,16152
6.14,1.2947035,16152
6.12,3.3283713,16152
6.12,0.9469765,16152
6.08,2.3349576,16152
5.63,-4.6753407,16152
5.52,-0.18118212,16152
5.42,1.905928,16152
5.34,-0.16212898,16152
5.33,3.7995927,16152
5.27,-0.30230942,16152
5.27,0.15259767,16152
5.26,-0.5552179,16152
5.19,0.5087046,16152
5.16,-1.1768461,16152
7.5,1.9120982,8734
7.43,3.6125765,8734
7.42,2.7060335,8734
7.29,2.4219198,8734
7.28,0.032224376,8734
7.1,0.6215252,8734
7.05,1.7597864,8734
6.96,1.0709656,8734
6.96,1.0709656,8734
6.89,-1.0500098,8734
6.89,1.3262681,8734
6.85,0.08719246,8734
6.77,2.759307,8734
6.75,1.297223,8734
6.72,0.066668026,8734
6.66,-0.94797534,8734
6.39,-0.17938724,8734
6.29,-2.2698288,8734
6.28,-0.56380844,8734
6.17,0.62926596,8734
6.09,-4.9990773,8734
6.02,1.4289631,8734
5.96,0.09352862,8734
5.96,-2.5441353,8734
5.96,0.9520359,8734
5.92,-3.7105834,8734
5.92,-3.9886575,8734
5.92,-1.5846819,8734
5.92,-4.634613,8734
5.92,-1.7839271,8734
5.85,-0.77830786,8734
5.77,-0.44017807,8734
5.77,-4.634873,8734
5.75,-4.634613,8734
5.75,-1.5815871,8734
5.72,-3.5078294,8734
5.68,-1.0077393,8734
5.68,-4.643678,8734
5.66,0.11482752,8734
5.47,-4.182723,8734
5.46,-3.876034,8734
5.44,-4.077704,8734
5.44,-4.634613,8734
5.44,-1.9701293,8734
5.42,-3.2747428,8734
5.39,-4.322912,8734
5.34,-4.634613,8734
5.15,-5.0946045,8734
5.14,-3.9886575,8734
5.04,-4.8425646,8734
4.89,-5.974925,8734
4.7,-4.3496456,8734
4.55,-5.0548916,8734
5.0,1.305371,623
5.91,0.0023737326,17441
5.78,4.5060325,17441
5.66,-1.9224755,17441
5.5,0.61360216,17441
5.47,-0.5625059,17441
5.33,6.1599374,17441
5.32,1.4364535,17441
4.64,-0.8986706,17441
5.4,-2.9400303,5658
5.2,-0.8994376,5658
10.1,6.373932,7755
10.0,5.093713,7755
10.0,2.9974413,7755
10.0,5.0370607,7755
9.4,2.759505,7755
9.3,5.217096,7755
9.3,6.739004,7755
9.3,4.8009896,7755
9.3,6.0624747,7755
9.3,6.373932,7755
9.22,6.3239846,7755
9.0,4.6827784,7755
8.96,5.02251,7755
8.96,2.0126672,7755
8.96,5.02251,7755
8.89,5.510867,7755
8.89,4.6741624,7755
8.89,3.216654,7755
8.8,5.7085547,7755
8.74,4.047931,7755
8.55,5.510867,7755
8.41,4.178498,7755
8.28,6.568414,7755
8.27,4.211765,7755
8.2,3.4821966,7755
8.19,2.0589423,7755
8.19,2.7494717,7755
8.1,2.223016,7755
8.06,2.223016,7755
8.04,4.8225174,7755
8.03,3.4821966,7755
7.97,4.0008016,7755
7.96,3.7981632,7755
7.96,4.211765,7755
7.92,2.221669,7755
7.81,2.6855628,7755
7.57,2.050696,7755
7.54,4.6827784,7755
7.52,4.4735923,7755
7.51,4.047931,7755
7.51,3.2588232,7755
7.49,5.7085547,7755
7.46,2.8321187,7755
7.45,1.9442253,7755
7.31,5.02251,7755
7.27,2.9974413,7755
7.23,2.3342547,7755
7.18,2.9156823,7755
7.13,1.0105445,7755
7.11,0.8519512,7755
7.0,0.7103169,7755
6.99,5.510867,7755
6.98,2.3342547,7755
6.95,2.3342547,7755
6.92,1.3525681,7755
6.9,1.6320958,7755
6.81,1.5813459,7755
6.8,1.0685142,7755
6.79,2.3342547,7755
6.73,1.0517153,7755
6.72,3.4821966,7755
6.55,2.0126405,7755
6.53,1.1081455,7755
6.19,1.9990124,7755
8.09,5.6098065,13651
6.89,-0.71608514,11593
8.4,3.8516572,11081
8.33,3.4101996,11081
8.1,3.538856,11081
7.52,2.8300972,11081
7.47,3.3139358,11081
7.44,2.494439,11081
7.21,3.2275403,11081
7.12,0.049810894,11081
7.07,2.7496603,11081
6.97,3.0037003,11081
6.97,3.496119,11081
6.91,2.9839416,11081
6.88,1.8002049,11081
6.82,2.2105646,11081
6.78,2.227955,11081
6.71,2.2166958,11081
6.64,2.7796006,11081
6.58,1.7950417,11081
6.54,2.2070887,11081
6.5,2.8263447,11081
6.47,2.6404552,11081
6.41,1.4725189,11081
6.4,1.9202334,11081
6.3,1.1829394,11081
6.2,1.8363127,11081
6.19,2.8300972,11081
6.19,2.2618241,11081
6.14,0.92558956,11081
6.13,2.6596072,11081
6.06,1.4212904,11081
6.06,-0.024367727,11081
6.05,-0.124374725,11081
5.75,-0.51550144,11081
5.5,0.66486144,11081
5.46,0.36396188,11081
7.75,-2.9828932,6974
6.96,-0.65005875,13159
8.3,0.4053734,17145
8.3,-0.40264112,17145
7.0,2.199074,17145
6.75,-0.14873922,17145
5.0,-2.71399,17145
5.96,5.901406,15678
5.08,-0.8733118,15678
4.96,-3.258411,15678
4.89,4.2445993,15678
7.4,-0.30625138,245
6.11,6.7911944,245
9.47,0.4350916,10875
9.33,1.0645231,10875
9.28,-1.2211818,10875
9.28,3.613254,10875
9.21,3.9462678,10875
9.06,-0.9278068,10875
8.59,0.16480058,9747
8.33,-3.16665,1803
7.8,-3.778989,15955
7.0,-6.2825828,15955
6.9,-5.458729,15955
6.8,-5.0593667,15955
6.7,-4.4532046,15955
6.4,-2.7904,15955
6.3,-3.1419291,15955
6.1,-3.5468256,15955
6.1,-4.724653,15955
6.1,-2.5807073,15955
6.1,-3.6653168,15955
5.9,-3.4166868,15955
5.8,-4.3242893,15955
5.8,-4.7710614,15955
5.5,-3.3016899,15955
5.5,-3.026826,15955
5.4,-1.4818566,15955
5.4,-2.9977195,15955
5.3,-4.141646,15955
5.2,-3.8654096,15955
7.03,-2.0067747,8933
4.05,-4.6400814,10376
5.7,-2.7718728,16882
7.7,0.486839,2191
6.92,0.3619163,13662
10.0,-2.4839516,15259
6.5,-3.040949,15259
6.45,-6.315493,15259
6.01,0.67634517,15259
5.96,-0.13823593,2430
8.69,5.1473575,6725
6.18,0.5722042,3612
6.18,-1.1516032,3612
5.62,-3.833464,15857
5.01,4.8622007,15857
6.67,-0.8261622,12387
8.7,-3.2794929,16036
8.4,-2.016745,16036
8.3,-2.3980303,16036
8.22,-0.7520102,16036
8.1,-2.295503,16036
7.96,-0.17598483,16036
7.77,1.7800506,16036
7.7,0.5705712,16036
7.52,1.4740274,16036
7.52,1.1601157,16036
7.4,1.1752938,16036
6.88,-0.66587543,16036
6.84,0.55545634,16036
6.58,1.6937088,16036
6.51,2.4484503,16036
6.33,2.3585649,16036
6.03,-2.7109206,16036
5.83,-1.179088,16036
6.92,1.8308202,1217
6.32,0.047250204,1217
5.89,0.9047572,1217
5.77,4.320194,1217
5.66,1.9706705,1217
5.22,-0.08679253,1217
5.17,-0.68805575,1217
4.82,-4.4098687,1217
7.75,3.795965,6091
7.68,1.1534503,6091
7.55,3.395241,6091
7.48,-0.79475695,6091
7.3,-0.8548167,6091
7.21,0.07255944,6091
7.2,-4.6400065,6091
7.02,1.0643604,6091
6.94,3.4384744,6091
6.36,-2.5736914,6091
6.35,-0.13685112,6091
6.34,-0.1777747,6091
6.17,0.21963048,6091
5.54,-4.5430255,6091
5.85,1.3971629,3383
5.7,-0.3889029,3383
4.75,-5.7278714,3383
9.0,1.9534583,6098
9.0,2.0440025,6098
9.0,1.170502,6098
9.0,0.68786216,6098
9.0,2.8868873,6098
9.0,0.9698006,6098
9.0,1.353919,6098
9.0,0.7569353,6098
9.0,0.9880715,6098
9.0,0.96701074,6098
9.0,1.1453055,6098
9.0,2.891465,6098
9.0,2.6017456,6098
9.0,1.229326,6098
9.0,1.4123571,6098
9.0,1.4123571,6098
9.0,1.4123571,6098
9.0,-0.25507635,6098
9.0,1.0607253,6098
9.0,1.7357787,6098
9.0,2.0429072,6098
9.0,0.58587784,6098
9.0,1.5108981,6098
9.0,2.2588332,6098
9.0,2.7693338,6098
9.0,1.3207679,6098
9.0,0.7031942,6098
9.0,2.8514774,6098
9.0,2.4243224,6098
9.0,0.8903833,6098
9.0,1.396591,6098
9.0,2.0039544,6098
9.0,2.4243224,6098
9.0,3.3345547,6098
9.0,2.2374585,6098
9.0,2.8806527,6098
9.0,1.0074319,6098
9.0,1.249588,6098
9.0,1.3849291,6098
9.0,1.2114929,6098
9.0,1.9504855,6098
9.0,1.9059643,6098
9.0,2.319371,6098
9.0,0.77746254,6098
9.0,2.0502298,6098
9.0,1.5098869,6098
9.0,1.4671663,6098
9.0,0.6205409,6098
9.0,1.7540208,6098
9.0,0.055774853,6098
9.0,1.5285013,6098
9.0,1.8687363,6098
9.0,1.5285013,6098
9.0,1.3556106,6098
9.0,2.1562335,6098
9.0,2.0665,6098
9.0,1.8810054,6098
9.0,0.9698006,6098
9.0,2.0665,6098
9.0,1.8810054,6098
9.0,1.7207805,6098
9.0,0.825253,6098
9.0,2.0854986,6098
9.0,2.0854986,6098
9.0,3.0436134,6098
9.0,3.0436134,6098
9.0,2.1025352,6098
9.0,2.3432112,6098
9.0,0.23899171,6098
9.0,3.1768537,6098
9.0,2.3432112,6098
9.0,2.8514774,6098
9.0,3.252863,6098
9.0,2.3164146,6098
9.0,3.252863,6098
9.0,2.0048983,6098
9.0,2.3164146,6098
9.0,2.2919457,6098
9.0,0.37767988,6098
9.0,1.8687363,6098
8.7,3.183974,6098
8.7,2.2429917,6098
8.7,2.180603,6098
8.7,0.61192816,6098
8.7,2.120811,6098
8.7,1.0817229,6098
8.7,1.0544997,6098
8.7,1.0935551,6098
8.7,0.9698006,6098
8.7,1.2410033,6098
8.7,3.4467804,6098
8.7,2.663595,6098
8.7,0.82568014,6098
8.7,2.3814018,6098
8.7,1.0323306,6098
8.7,1.7702152,6098
8.7,1.4899085,6098
8.7,2.0144188,6098
8.7,2.0144188,6098
8.7,2.660907,6098
8.7,1.2534279,6098
8.7,2.5100715,6098
8.7,3.1102219,6098
8.7,1.2370172,6098
8.7,1.7653903,6098
8.7,0.1945929,6098
8.7,2.1480205,6098
8.7,3.2915313,6098
8.7,0.55523115,6098
8.7,1.1532676,6098
8.7,2.830429,6098
8.7,2.774213,6098
8.7,0.81891805,6098
8.7,0.8903833,6098
8.52,2.2074347,6098
8.52,0.3669908,6098
8.52,0.7521315,6098
8.52,1.1752998,6098
8.52,2.066914,6098
8.52,0.55085665,6098
8.52,0.7391109,6098
8.52,1.3076035,6098
8.52,2.660907,6098
8.52,2.660907,6098
8.52,1.6367737,6098
8.52,2.0144188,6098
8.52,0.95626694,6098
8.52,2.113915,6098
8.52,1.9470632,6098
8.52,2.3138745,6098
8.52,0.5044943,6098
8.4,0.2092061,6098
8.4,0.8845207,6098
8.4,1.036507,6098
8.4,2.1086223,6098
8.4,1.3456556,6098
8.4,0.9387064,6098
8.4,1.2534279,6098
8.4,0.9387064,6098
8.4,-0.36738598,6098
8.4,3.1706746,6098
8.4,1.4207667,6098
8.4,0.8615417,6098
8.4,1.7880963,6098
8.3,1.3918067,6098
8.3,1.4207667,6098
8.3,0.8615417,6098
8.3,2.660907,6098
8.3,1.4083009,6098
8.3,1.3092704,6098
8.3,0.4658176,6098
8.3,2.0084085,6098
8.3,1.7747937,6098
8.22,1.5848742,6098
8.22,0.24685088,6098
8.22,1.3918067,6098
8.15,2.3856518,6098
8.15,0.8615417,6098
8.15,1.8991357,6098
8.1,1.6786683,6098
8.1,1.6092856,6098
8.05,0.99655277,6098
8.05,0.8615417,6098
8.05,1.9308405,6098
8.05,1.651903,6098
8.05,2.1711876,6098
8.05,2.0673196,6098
8.0,0.96871203,6098
8.0,0.72234815,6098
8.0,2.3016422,6098
8.0,1.2831892,6098
8.0,3.1288018,6098
7.96,-2.0815604,6098
7.96,2.061102,6098
7.96,1.8920571,6098
7.96,1.8625578,6098
7.96,1.242402,6098
7.92,1.721851,6098
7.92,2.1669815,6098
7.85,0.4259393,6098
7.82,0.24685088,6098
7.8,0.7075668,6098
7.8,1.589477,6098
7.77,1.5564556,6098
7.58,-2.0936816,6098
7.58,1.8718052,6098
7.55,0.11496522,6098
7.54,-0.19691181,6098
7.54,0.24495989,6098
7.47,-2.8967028,6098
7.46,-3.8278954,6098
7.44,0.7562669,6098
7.29,0.6374366,6098
7.28,-0.55888903,6098
7.22,-0.6143454,6098
7.14,2.2211518,6098
7.12,-1.5922371,6098
7.04,2.176249,6098
6.99,3.9039648,6098
6.71,-2.8190894,6098
6.64,-2.4868124,6098
6.51,1.7647818,6098
6.4,-5.1660233,6098
6.4,1.5981091,6098
6.4,-5.3232627,6098
6.4,1.2054629,6098
6.4,-3.7400577,6098
6.4,2.0047443,6098
6.4,-0.43567747,6098
6.4,-4.2703004,6098
9.32,0.66829693,3338
9.17,-1.897401,3338
8.96,0.4712218,3338
8.77,0.1722964,3338
8.74,0.7458374,3338
8.74,-3.0716984,3338
8.64,4.424093,3338
8.64,-1.8893187,3338
8.62,0.024986334,3338
8.57,-0.19284049,3338
8.52,-4.96175,3338
8.51,-2.625085,3338
8.49,-1.3376278,3338
8.46,-2.1551235,3338
8.37,1.2111187,3338
8.28,0.5527515,3338
8.25,-3.9027987,3338
8.22,-6.1578526,3338
8.05,-2.8993847,3338
8.01,-1.2600086,3338
8.0,-1.6614648,3338
7.92,-0.11559626,3338
7.8,-5.0691185,3338
7.64,-4.422722,3338
7.57,-0.2864762,3338
7.54,-2.903826,3338
7.39,0.9761761,3338
6.87,-1.0104136,3338
8.32,1.7097473,17178
8.31,0.99622005,17178
7.47,2.0741315,17178
7.46,0.31266427,17178
7.33,-0.06803818,17178
7.2,2.9078786,17178
7.1,0.10484245,17178
6.97,0.6147141,17178
6.87,3.1627882,17178
6.43,2.7747803,17178
6.29,1.7164955,17178
6.25,0.24345815,12656
4.7,1.126892,3372
7.92,0.8963237,12829
7.64,3.5324092,12829
7.3,0.93093157,12829
6.67,-0.58574307,12829
8.2,7.3397717,3041
7.9,6.1658864,3041
7.9,3.4730935,3041
7.8,4.036775,3041
7.8,2.9115987,3041
7.7,3.6149867,3041
7.6,2.782206,3041
7.6,4.2326264,3041
7.3,0.76131564,3041
7.2,1.1500942,3041
7.1,-0.093092814,3041
7.1,4.7240214,3041
6.7,2.366882,3041
6.1,3.2612345,3041
6.1,0.6866064,3041
5.9,3.9424493,3041
5.8,-0.8178843,3041
5.8,1.6594136,3041
5.5,-1.8964056,3041
5.2,-2.8423326,3041
6.92,1.3357335,5682
6.8,0.67562157,5682
6.68,-0.99118215,5682
6.46,-4.5332313,5682
6.0,-0.8843885,5682
5.82,-1.5030351,5682
5.82,-0.11050059,5682
5.7,-3.1953495,5682
5.66,-6.7530203,5682
5.51,-2.0624075,5682
4.82,-0.00873296,5682
4.91,0.9522568,7392
4.86,-3.5205965,7392
7.21,0.44433692,8619
7.2,0.7166819,8619
6.99,0.597459,8619
6.98,-0.888405,8619
6.39,0.80976045,8619
7.14,-3.181144,3460
5.7,-1.0801316,3460
7.47,-0.6473339,5444
5.11,-4.4655876,12177
4.8,1.8975917,12177
4.85,-4.2152653,4270
9.7,0.705793,1238
9.3,4.6441526,1238
9.15,1.4670246,1238
9.1,1.7475169,1238
9.05,0.9223713,1238
8.92,2.144909,1238
8.85,4.6584344,1238
8.82,3.834484,1238
8.72,2.633666,1238
8.64,3.6722999,1238
8.57,1.5640317,1238
8.4,2.4912076,1238
8.19,4.390483,1238
8.14,2.6541395,1238
7.83,0.8355065,1238
7.76,0.6848509,1238
7.29,1.3474426,1238
7.01,0.22370696,1238
7.89,3.2441828,4771
6.72,-3.807016,4771
7.16,-4.560016,1253
6.89,-0.8316612,1253
6.47,-5.588661,1253
6.08,-0.31426346,1253
5.87,-1.3764795,1253
5.66,-5.049084,1253
5.51,0.32969257,1253
5.41,-6.0220017,1253
5.38,-4.8700356,1253
5.29,-5.2685695,1253
5.28,-1.2944114,1253
5.24,-5.901012,1253
5.2,-0.25715306,1253
5.19,-2.5344105,1253
5.18,-5.3675485,1253
5.16,-1.144399,1253
5.14,-3.2807982,1253
5.13,-2.0690253,1253
5.13,-4.931891,1253
5.11,0.25929067,1253
5.09,-0.18370202,1253
5.09,-4.142928,1253
5.05,1.129624,1253
5.01,-1.0829271,1253
5.0,-5.7126913,1253
4.97,0.5797801,1253
4.96,-4.785444,1253
4.95,-0.12346964,1253
4.91,-0.4853357,1253
4.87,-4.89009,1253
4.82,-3.073121,1253
4.81,-0.9931197,1253
4.79,-2.7927346,1253
4.76,-0.21003416,1253
4.76,-4.5957217,1253
4.76,-5.7291756,1253
4.74,-0.25888827,1253
4.73,-3.3997276,1253
4.71,-3.5464368,1253
4.71,-1.3452468,1253
4.7,-3.103603,1253
4.69,-4.5110564,1253
4.67,-3.1315687,1253
4.62,-4.275908,1253
4.59,-1.0542048,1253
4.54,-4.8869476,1253
4.68,-0.028592162,16259
4.03,0.95131516,16259
6.24,4.9780717,5554
7.22,2.238152,17462
7.05,-1.4025204,17462
6.96,-3.8148096,17462
6.6,-1.4648166,17462
6.32,-0.9601569,17462
6.22,-0.52524376,17462
6.32,-0.2781942,4179
8.92,5.1967416,10152
6.38,1.5697362,2591
6.04,0.61223894,2591
6.02,-2.2740502,2591
5.86,4.9956603,15116
6.13,-1.295913,7859
8.4,0.12349806,2946
8.3,0.17619315,2946
8.3,-5.786711,2946
8.15,-1.8510817,2946
7.72,-4.3692474,2946
7.72,0.79353815,2946
7.44,-3.2814898,2946
7.16,-2.9345574,2946
7.14,-3.2262728,2946
7.12,3.6682467,2946
7.07,-2.497774,2946
7.06,-3.6537962,2946
7.05,-1.7467107,2946
7.0,-2.7286816,2946
6.96,-3.0607877,2946
6.92,-2.497774,2946
6.89,-2.016358,2946
6.77,-0.71053946,2946
6.72,-2.6650476,2946
6.72,-1.5416805,2946
6.68,-4.118118,2946
6.55,3.403608,2946
6.36,-2.2080595,2946
6.28,-2.214038,2946
6.24,-4.261408,2946
6.12,-2.4401116,2946
5.92,-3.3014312,2946
5.85,-4.1096644,2946
5.82,-4.253313,2946
5.7,-3.0501392,2946
5.47,-2.6277463,2946
5.41,-3.265927,2946
5.39,0.3970022,2946
5.35,1.9889606,2946
5.28,-1.7168288,2946
4.89,0.37582436,2946
4.68,3.4523854,2946
7.89,4.54429,3943
4.6,1.3720307,16722
7.23,3.1259904,14849
8.52,0.54828835,2872
8.4,3.7565725,2872
8.3,5.6869097,2872
8.3,0.12287811,2872
8.05,4.4083357,2872
8.0,1.3484999,2872
7.7,1.5491775,2872
7.7,-0.5549657,2872
7.52,-0.94396675,2872
7.3,-0.7010991,2872
7.1,2.4030335,2872
7.0,1.0634847,2872
7.0,0.03530719,2872
7.0,-1.0976613,2872
7.0,0.7351619,2872
6.7,-2.15765,2872
6.7,-1.6264435,2872
6.7,-0.7732012,2872
6.52,0.7378014,2872
6.52,-0.6071432,2872
6.3,-2.2641895,2872
6.3,1.1888376,2872
6.3,-1.2663201,2872
6.22,-2.3604608,2872
6.22,-0.37702513,2872
6.16,-1.3669505,2872
8.52,-0.26887348,15468
7.05,-4.655366,2801
7.0,-2.8495045,2801
6.89,0.35029373,2801
6.36,-2.1021013,2801
6.19,-5.2851453,2801
5.92,-4.78401,2801
5.68,-4.7305503,2801
5.23,-2.372329,2801
5.22,-5.123074,2801
5.17,-4.243345,2801
5.16,-1.0250697,2801
5.12,-0.8683755,2801
5.12,-5.763273,2801
5.1,-3.0712383,2801
5.05,-5.0783987,2801
5.02,-6.240362,2801
4.96,-4.2882304,2801
4.82,-3.321702,2801
4.7,-2.7044418,2801
4.66,-1.2629538,2801
7.92,-0.56478065,13190
6.79,8.250668,13190
4.75,2.4584615,16279
4.51,-1.5458211,16279
4.21,1.8185611,16279
9.18,0.6822647,6308
9.0,-1.4559221,6308
9.0,1.4842141,6308
8.7,1.6823294,6308
8.7,0.09190608,6308
8.7,1.5563468,6308
8.7,1.1969657,6308
8.7,0.8928821,6308
8.7,0.7192321,6308
8.7,1.2363994,6308
8.7,-1.2700268,6308
8.7,1.1165072,6308
8.7,-1.1703305,6308
8.7,0.5008789,6308
8.7,-0.9791294,6308
8.7,-2.059861,6308
8.52,0.53064704,6308
8.52,-2.6849263,6308
8.52,-0.73391587,6308
8.52,-1.6723714,6308
8.52,-1.3136212,6308
8.52,-1.6446936,6308
8.52,-0.30472377,6308
8.52,1.3911272,6308
8.52,-0.38906908,6308
8.52,1.3325105,6308
8.4,-0.810428,6308
8.4,1.8580835,6308
8.4,-0.11115467,6308
8.4,0.47594362,6308
8.4,-0.3869582,6308
8.4,1.705121,6308
8.4,1.5084795,6308
8.4,-1.6732053,6308
8.4,1.7260197,6308
8.4,1.1772233,6308
8.3,-1.9934618,6308
8.3,0.3846086,6308
8.3,0.39459485,6308
8.3,-1.9735409,6308
8.3,1.4889151,6308
8.3,-1.4293593,6308
8.3,1.0965235,6308
8.3,-1.006306,6308
8.3,0.90823954,6308
8.3,0.82056206,6308
8.22,-1.7829885,6308
8.22,0.14660847,6308
8.22,-1.1506248,6308
8.22,1.4568657,6308
8.15,0.626444,6308
8.15,-0.003254233,6308
8.15,-1.1520205,6308
8.15,-0.91818625,6308
8.15,0.7214036,6308
8.1,1.3389169,6308
8.05,-2.8636389,6308
8.05,1.9289662,6308
8.05,0.5785797,6308
8.05,1.540348,6308
8.05,-1.607075,6308
8.05,-2.771551,6308
8.05,2.4817722,6308
8.0,1.0200881,6308
8.0,-1.6877782,6308
8.0,-1.809733,6308
8.0,1.1975377,6308
8.0,1.5245951,6308
7.96,1.1514987,6308
7.96,1.8162003,6308
7.96,1.314513,6308
7.92,-1.264312,6308
7.89,0.7539509,6308
7.89,1.5860492,6308
7.85,0.9070454,6308
7.82,-1.6789632,6308
7.77,-0.34155196,6308
7.77,-1.0112257,6308
7.77,0.16872403,6308
7.72,0.7263465,6308
7.72,1.0744163,6308
7.72,-1.4881139,6308
7.7,-1.9243048,6308
7.7,0.53860134,6308
7.68,-0.5654346,6308
7.68,-1.3823096,6308
7.68,-2.0825183,6308
7.64,-0.6437696,6308
7.62,1.7083406,6308
7.58,-0.24312294,6308
7.58,0.117138155,6308
7.57,0.987956,6308
7.57,-1.4060315,6308
7.55,0.5568781,6308
7.55,0.33523893,6308
7.55,-2.1129334,6308
7.5,1.5666518,6308
7.48,1.7604696,6308
7.48,0.7360418,6308
7.46,-1.2699444,6308
7.43,0.8568121,6308
7.43,0.107773475,6308
7.42,-0.39282304,6308
7.39,-1.7774019,6308
7.38,0.47244015,6308
7.38,0.037756003,6308
7.36,-2.1561832,6308
7.36,-2.2996316,6308
7.33,1.3922839,6308
7.25,0.37267444,6308
7.22,-0.5413149,6308
7.16,1.8156437,6308
7.16,-1.7389929,6308
7.11,-1.2468174,6308
7.11,-2.9085803,6308
7.1,-2.274164,6308
7.07,1.2128806,6308
7.06,-0.96883506,6308
7.03,0.91727936,6308
7.02,-0.08418917,6308
7.02,0.8374885,6308
7.01,-0.1481165,6308
6.98,-2.222052,6308
6.95,-0.7022254,6308
6.68,-2.054465,6308
6.63,-0.04931458,6308
6.3,0.21058339,6308
6.44,-5.1543984,3426
9.1,-0.5679434,11514
9.05,-0.25900087,11514
9.05,-0.69682574,11514
8.96,0.37458423,11514
8.92,-1.3301686,11514
8.77,0.321035,11514
8.55,0.8532263,11514
8.49,1.5239991,11514
8.31,2.0511878,11514
8.3,0.57933587,11514
8.3,-0.94050026,11514
8.28,-1.2188611,11514
8.17,-0.08638751,11514
8.16,-1.684399,11514
8.11,-0.898373,11514
8.08,-1.6640862,11514
8.05,-2.579254,11514
8.04,-0.8439778,11514
8.02,-0.17496517,11514
7.95,-1.824257,11514
7.95,-1.1974837,11514
7.94,-0.77267075,11514
7.87,-0.60822684,11514
7.86,0.5058579,11514
7.8,-2.4743767,11514
7.78,-1.9857429,11514
7.76,-1.4972503,11514
7.71,-0.74945885,11514
7.67,-0.2574272,11514
7.54,-0.45234033,11514
7.5,-2.3794775,11514
7.36,-1.568973,11514
7.35,-0.07824324,11514
7.26,-3.339186,11514
7.21,-1.2614696,11514
5.82,-1.3456285,12134
5.52,0.09793847,12134
10.0,2.9201095,8088
9.7,0.4617837,8088
9.7,4.0223675,8088
9.0,0.8990057,8088
7.01,-2.2974453,8088
6.68,2.2215924,8088
5.89,-2.1192157,8088
5.82,1.3452159,8088
5.68,1.1802721,8088
5.68,1.4630316,8088
5.68,2.2940187,8088
5.62,0.41917866,8088
5.62,-0.5326129,8088
5.51,2.5928977,8088
5.51,-2.4251678,8088
5.47,1.3169748,8088
5.26,-0.63240993,8088
5.19,1.1099916,8088
5.0,-0.06806486,8088
6.39,3.6990914,11401
5.85,-0.7585239,11401
5.4,-1.1764463,11401
5.07,0.15840709,11401
4.31,-2.757359,5095
7.3,-4.8015146,5134
7.16,-2.0656805,5134
6.92,0.31188133,5134
6.82,-4.8015146,5134
6.82,-0.88657683,5134
6.77,2.0653036,5134
6.55,-2.758212,5134
6.54,1.3587286,5134
6.44,-4.8015146,5134
6.04,-4.838705,5134
6.03,-0.80603886,5134
5.97,-2.0281773,5134
6.48,3.845906,10190
5.87,1.8249675,10190
7.48,-0.66972893,12155
8.3,-3.312181,6188
8.22,-2.6386886,6188
8.15,-3.6730397,6188
8.1,-2.184053,6188
7.85,-2.6386888,6188
7.52,-3.19311,6188
7.4,-0.769304,6188
7.39,-2.4980612,6188
7.34,-3.312181,6188
7.07,-2.1563838,6188
6.87,-0.39602602,6188
6.82,-2.0961685,6188
6.8,-2.9174864,6188
6.76,-3.089117,6188
6.62,-2.1563838,6188
6.47,0.6910431,6188
6.43,-4.755179,6188
6.42,-3.2828195,6188
6.4,-2.407549,6188
6.33,-0.87463343,6188
6.29,-3.0320187,6188
5.98,-4.3527403,6188
5.92,-3.5654159,6188
5.85,-0.9910034,6188
5.84,-4.4336085,6188
5.74,2.8838274,6188
5.69,-2.701566,6188
5.62,-4.8452497,6188
5.49,1.3502296,6188
7.68,0.7152285,9355
5.96,0.60444665,15519
5.96,5.723044,15519
5.85,2.8501735,15519
5.68,4.9394336,15519
4.75,0.6181015,15519
4.75,6.196982,15519
5.04,-0.36691764,13601
6.39,-5.1312423,6867
9.1,-1.1597579,6139
8.4,-0.79461807,6139
8.3,-1.7715234,6139
8.15,-3.0969212,6139
7.89,-0.5307955,6139
7.8,0.557188,6139
7.62,-2.0690036,6139
7.13,-5.879057,6139
7.06,-3.8200092,6139
6.88,-3.4661713,6139
6.13,5.882062,6139
6.1,2.353449,7003
5.75,3.6205552,7003
5.66,0.65225685,7003
5.64,0.38728297,7003
5.42,1.83445,7003
5.33,1.1340266,7003
5.3,1.1756393,7003
5.21,1.9678005,7003
5.09,1.105826,7003
4.4,2.5429072,7003
4.24,0.4489249,7003
4.2,-0.005307663,7003
4.17,-0.48262778,7003
4.06,-1.3748887,7003
7.88,-2.1907444,5865
8.56,-0.4987952,13566
4.66,3.5489814,15555
4.64,-1.5578339,15555
6.22,0.5683337,8285
5.6,0.4850911,6819
8.92,2.004403,6530
6.25,-0.4336934,6530
8.6,5.239792,4615
8.4,5.57594,4615
8.2,4.634677,4615
8.1,3.7501342,4615
7.4,5.225829,4615
7.3,4.4221,4615
7.3,4.376117,4615
7.2,2.2287443,4615
6.8,3.742312,4615
6.5,0.35756,4615
6.5,1.4975537,4615
6.4,1.439787,4615
6.3,3.5681593,4615
6.3,1.8362038,4615
6.2,2.7363024,4615
6.1,3.220736,4615
6.0,3.7701004,4615
5.9,4.260608,4615
5.9,0.63511544,4615
5.8,1.9793164,4615
5.6,5.089512,4615
5.4,-2.5305529,4615
5.2,-2.0715044,4615
4.6,-3.1876106,4615
10.52,-1.1931982,1408
9.6,-1.0913182,1408
9.54,0.5194646,1408
9.24,3.617686,1408
9.1,1.253616,1408
8.74,-0.58394825,1408
8.39,2.4542065,1408
7.89,-0.8170045,6683
6.16,-0.7832379,16286
6.0,6.832986,16286
5.72,0.047246046,16286
5.27,5.0372343,16286
5.01,-3.5449574,16286
8.55,2.9192665,10014
6.7,1.2720447,626
6.7,-1.1243567,626
6.67,2.886081,626
6.33,3.7195692,3663
4.52,-1.7628652,3663
4.52,-1.4508828,3663
8.4,5.1518254,15992
8.22,4.7487416,15992
8.22,5.0742183,15992
8.22,4.7783284,15992
8.15,5.795072,15992
8.15,4.63153,15992
8.15,6.4385934,15992
8.1,5.3539624,15992
8.05,4.2200675,15992
8.0,5.209464,15992
8.0,4.32585,15992
7.96,4.1018534,15992
7.92,6.0804386,15992
7.89,5.006466,15992
7.8,5.5365057,15992
7.8,5.0807624,15992
7.75,3.0575101,15992
7.68,6.068629,15992
7.34,3.5854359,15992
6.85,1.4006376,15992
6.72,5.8305335,15992
6.7,0.3279706,15992
6.58,5.867524,15992
6.48,5.5672617,15992
6.48,1.7861134,15992
5.96,2.1811397,15992
5.85,0.63121885,15992
5.62,2.9247084,15992
5.51,-0.07142897,15992
5.48,2.7378387,15992
5.12,1.3797272,15992
5.11,1.8659528,15992
5.1,0.5721214,15992
5.08,0.59563774,15992
5.06,0.4095152,15992
5.05,2.4720848,15992
4.7,1.8397437,15992
6.44,3.7842715,14991
7.5,1.5825833,4781
6.29,-0.66274226,4781
6.04,-1.7055122,4781
5.99,0.12441001,4781
5.68,-1.3411379,4781
5.38,-0.022352144,4781
5.21,-0.96718544,4781
5.0,0.82787836,4781
4.95,-0.73524445,4781
4.83,-1.8599823,4781
4.74,0.08503384,4781
4.62,-3.8351867,4781
4.49,-1.7891089,4781
7.58,-2.087889,15394
7.52,1.2077975,15394
6.78,4.106609,15394
6.72,-3.8229153,15394
6.7,1.0265961,15394
6.68,0.14525694,15394
6.67,2.656289,15394
6.63,1.686998,15394
6.58,1.6431704,15394
6.46,-0.24751472,15394
6.16,-0.43700197,15394
6.15,-1.2552395,15394
6.06,-0.21995518,15394
6.05,-4.8076577,15394
5.64,-0.42178038,15394
5.31,0.8518312,15394
5.15,0.0013759173,15394
7.68,-4.944229,14649
8.3,2.7415252,2412
8.05,1.7209063,2412
7.92,3.0453053,2412
7.92,1.9157933,2412
7.92,3.2357814,2412
7.89,2.0136824,2412
7.89,2.0403318,2412
7.85,-4.717021,2412
7.85,1.6275831,2412
7.77,2.040202,2412
7.7,2.429958,2412
7.68,0.35120153,2412
7.64,2.1509786,2412
7.6,0.5398695,2412
7.47,0.9616086,2412
7.38,-2.0768266,2412
7.34,-3.9389489,2412
7.34,3.3894262,2412
7.33,2.0279868,2412
7.27,-0.9340603,2412
7.26,3.8376627,2412
7.2,0.09726661,2412
6.98,1.9598747,2412
6.8,3.2968428,2412
6.64,0.09040566,2412
6.54,1.2403048,2412
5.52,3.7791402,2412
5.34,1.3965938,2412
5.0,0.73357344,2412
6.89,0.2891842,4175
8.83,3.311283,3516
7.8,4.166288,3516
7.01,-3.0158033,3516
5.95,-1.2911096,3516
5.91,-2.1919422,3516
5.4,1.3246791,3516
5.11,1.8954204,3516
4.97,2.5275173,3516
4.59,0.075910494,3516
4.42,0.3514486,3516
4.27,1.4772743,3516
6.72,-1.4292192,16008
6.52,-1.1882004,16008
6.22,-5.7070627,16008
5.89,-5.8190093,16008
5.31,-2.797657,11125
5.24,1.7988003,11125
5.08,-6.9362273,11125
7.2,2.0252385,9475
6.76,-3.8067,9708
5.3,0.45330274,86
6.27,-1.4849789,1199
7.26,-1.6640955,8236
6.41,1.3380685,5968
6.13,-1.3853446,5968
5.96,-6.0204945,5968
5.85,-2.6901562,5968
5.81,-5.1683106,5968
8.82,0.8193674,2296
8.7,-2.9845474,2296
7.68,1.8571635,9119
7.52,0.52013236,9119
7.43,0.7713831,9119
7.34,0.21984729,9119
7.3,0.057320394,9119
7.21,0.82106763,9119
7.03,0.8472067,9119
7.01,-2.2255955,9119
6.94,-0.59969705,9119
6.85,-0.49405953,9119
6.81,1.2195623,9119
6.77,-0.91143864,9119
6.71,-0.6496512,9119
6.69,1.5992262,9119
6.51,0.296879,9119
6.5,-2.2334037,9119
6.48,2.8582256,9119
6.47,-0.35337067,9119
6.46,-2.0266972,9119
6.45,0.92006236,9119
6.38,0.009918265,9119
6.37,-2.6387403,9119
6.3,-1.7895293,9119
6.24,-1.3350464,9119
6.18,-1.3760387,9119
6.18,-0.22863063,9119
6.16,0.37278003,9119
5.47,-1.2917198,9119
5.39,-1.5300637,9119
9.0,2.1698573,3002
9.0,0.37023133,3002
9.0,-2.715123,3002
9.0,-1.4957789,3002
8.7,-1.2746062,3002
8.52,0.7873263,3002
8.52,1.2928966,3002
8.52,1.2100387,3002
8.52,1.0216668,3002
8.52,-0.79923385,3002
8.4,-3.6205919,3002
8.4,1.1428076,3002
8.4,0.22326279,3002
8.4,-0.03341905,3002
8.4,0.37458217,3002
8.4,-1.2011421,3002
8.3,0.9836809,3002
8.3,1.2412772,3002
8.3,-0.48541224,3002
8.15,1.457652,3002
8.15,-1.3374074,3002
8.05,0.733605,3002
8.05,-0.21451962,3002
8.05,0.543491,3002
7.96,-0.6958379,3002
7.85,-3.0129783,3002
7.55,0.34180725,3002
7.46,1.7966931,3002
6.89,-2.1540742,3002
6.77,-5.919387,3002
6.64,0.21033716,3002
6.44,-0.6999577,3002
6.29,0.61003715,3002
6.0,0.5837192,3002
6.27,0.17032439,12712
8.4,-0.632737,231
8.4,-0.19548285,231
7.85,-1.960137,231
7.7,-1.1156712,231
7.68,-2.6073399,231
7.51,-0.79114676,231
7.44,1.792114,231
7.41,-3.0367308,231
7.3,1.1871959,231
7.24,-1.2546436,231
7.19,-1.270891,231
7.17,3.4168851,231
6.9,-1.9373857,231
6.88,-2.5381346,231
6.74,-0.104288846,231
6.7,2.0563347,231
6.68,-1.3040174,231
6.67,-2.857378,231
6.63,0.15139657,231
6.62,1.2861487,231
6.6,-1.5010284,231
6.54,0.8334988,231
6.47,0.28540573,231
6.22,2.2400234,231
6.13,-2.350261,231
5.99,-2.2212338,231
5.9,3.235784,231
5.69,-3.202965,231
5.66,2.0288517,231
5.55,2.3326657,6408
5.09,-6.44758,6408
8.6,2.3444488,4784
8.5,1.2429391,4784
8.5,1.3753967,4784
8.5,3.76765,4784
8.4,3.1804729,4784
8.4,4.4664054,4784
8.3,0.12230378,4784
8.3,4.8099823,4784
8.3,-3.104959,4784
8.3,1.895238,4784
8.2,2.5018573,4784
8.0,1.5386959,4784
8.0,4.4438972,4784
8.0,3.7197585,4784
8.0,-0.14726606,4784
8.0,1.366284,4784
7.8,4.0160384,4784
7.6,1.098642,4784
7.6,2.7430942,4784
7.4,4.018602,4784
7.4,-0.9312908,4784
7.4,1.8529502,4784
7.0,-0.18313017,4784
6.8,-2.3033936,4784
6.6,5.2320056,4784
6.2,1.5111063,4784
6.87,-3.505366,10618
9.48,5.4040074,14330
10.3,2.9507973,7821
10.05,2.9507966,7821
9.83,-0.13696882,7821
9.74,0.45622668,7821
9.7,2.980038,7821
9.66,2.8568058,7821
9.66,-1.229284,7821
9.62,1.8098191,7821
9.6,1.4065208,7821
9.59,1.6942338,7821
9.54,1.602139,7821
9.53,3.0283124,7821
9.49,2.3148468,7821
9.46,1.391191,7821
9.46,-0.5086771,7821
9.42,-0.2349112,7821
9.42,2.3881302,7821
9.4,-0.07582021,7821
9.38,2.4626548,7821
9.31,1.4695551,7821
9.26,-0.9052551,7821
9.23,3.0778575,7821
9.22,2.2438893,7821
9.21,2.2386827,7821
9.2,2.5398405,7821
9.19,2.6784966,7821
9.14,0.3727413,7821
9.1,2.2086751,7821
9.09,0.25637224,7821
9.09,0.8733009,7821
9.09,2.9507973,7821
9.08,2.830364,7821
9.07,2.1138792,7821
9.05,0.4113524,7821
9.0,2.5651278,7821
8.98,1.8428005,7821
8.97,3.080694,7821
8.97,1.1980319,7821
8.97,0.48590893,7821
8.96,1.8428005,7821
8.96,3.4508264,7821
8.95,2.0223894,7821
8.94,2.757801,7821
8.94,1.7226715,7821
8.93,2.3146412,7821
8.92,2.67315,7821
8.92,1.4645036,7821
8.91,-1.1946503,7821
8.89,1.8800379,7821
8.85,1.2896461,7821
8.85,2.6110995,7821
8.85,1.5024515,7821
8.83,1.9485126,7821
8.83,2.562138,7821
8.83,2.3924596,7821
8.82,2.4068007,7821
8.8,3.337168,7821
8.8,1.8428007,7821
8.78,1.416752,7821
8.78,0.8733013,7821
8.78,1.3902216,7821
8.76,3.02116,7821
8.75,1.6333803,7821
8.74,1.9530653,7821
8.72,3.6478887,7821
8.72,-0.23137319,7821
8.72,1.0514914,7821
8.71,2.1138794,7821
8.71,1.7620523,7821
8.7,-0.508144,7821
8.69,2.1056972,7821
8.69,1.4991163,7821
8.6,2.257712,7821
8.59,0.85083973,7821
8.57,2.4152436,7821
8.55,2.241173,7821
8.5,2.6823502,7821
8.48,2.7192972,7821
8.48,-1.0610431,7821
8.48,0.8842238,7821
8.47,0.35749996,7821
8.45,2.4871352,7821
8.45,1.778816,7821
8.44,3.3978608,7821
8.44,1.5779396,7821
8.43,1.1406646,7821
8.43,-0.32437366,7821
8.42,1.3543403,7821
8.41,1.5067909,7821
8.41,1.3859423,7821
8.38,1.7895567,7821
8.35,1.3713074,7821
8.32,-0.93216807,7821
8.32,1.3105143,7821
8.29,1.6450101,7821
8.29,2.2271914,7821
8.27,1.3105143,7821
8.26,1.0220819,7821
8.26,1.3105142,7821
8.25,1.4167525,7821
8.24,0.7810506,7821
8.24,1.7461655,7821
8.15,1.4591031,7821
8.13,2.0069602,7821
8.11,1.982179,7821
8.1,-0.7595609,7821
8.09,0.51375175,7821
8.08,1.6351159,7821
8.01,2.2318473,7821
7.98,0.75514543,7821
7.92,0.805899,7821
7.92,-1.9651757,7821
7.92,3.1797042,7821
7.91,0.575098,7821
7.91,-2.030112,7821
7.9,0.01707296,7821
7.88,0.58780414,7821
7.87,0.97601765,7821
7.75,-1.6008395,7821
7.73,0.31064364,7821
7.62,0.06675554,7821
7.61,0.75514543,7821
7.61,0.6087467,7821
7.58,1.6124467,7821
7.58,-1.8691487,7821
7.57,1.2040471,7821
7.54,-0.3969958,7821
7.54,2.2734103,7821
7.52,0.6485737,7821
7.51,1.3713061,7821
7.51,-2.0873692,7821
7.51,0.90443295,7821
7.5,0.36476564,7821
7.49,0.06675548,7821
7.49,2.1216629,7821
7.4,1.3279227,7821
7.34,-2.7265441,7821
7.34,0.57077783,7821
7.27,-1.5231098,7821
7.25,0.11226509,7821
7.2,0.87960595,7821
7.19,2.267646,7821
7.19,0.86145985,7821
7.14,0.0667555,7821
7.12,-0.31707707,7821
7.11,1.9821786,7821
7.04,0.3647663,7821
7.04,0.1733188,7821
6.97,-1.2688918,7821
6.91,0.9709104,7821
6.91,1.4437896,7821
6.85,-0.29160768,7821
6.82,-0.3164389,7821
6.77,1.0816065,7821
6.76,0.89087385,7821
6.75,-1.5492944,7821
6.72,0.04347343,7821
6.7,1.6471567,7821
6.69,1.2251507,7821
6.56,0.4491572,7821
6.56,-2.469797,7821
6.5,0.44915748,7821
6.48,-1.0238644,7821
6.45,0.4491572,7821
6.45,2.2259219,7821
6.45,0.7074835,7821
6.44,-0.030441724,7821
6.41,2.5547945,7821
6.41,-0.82558155,7821
6.34,-0.825582,7821
6.24,-0.8255816,7821
6.11,1.2066225,7821
6.0,0.7109037,7821
5.96,-4.369663,7821
5.87,-0.83291477,7821
5.65,1.0816065,7821
5.58,-1.0183973,7821
5.57,-2.5325348,7821
5.32,-2.0259757,7821
5.22,-0.69169647,7821
4.91,-2.664369,7821
8.52,-2.6556664,16633
8.3,-1.0628964,16633
8.3,-1.4678074,16633
8.22,-0.12786597,16633
8.15,-0.72036314,16633
8.1,-0.59156513,16633
7.96,-1.8124353,16633
7.92,-0.91255665,16633
7.89,-1.4261323,16633
7.82,-1.4158825,16633
7.77,-0.5769387,16633
7.75,-1.8198102,16633
7.75,-1.1195139,16633
7.66,-0.29999706,16633
7.57,-1.5741744,16633
7.54,-1.8198102,16633
7.51,-2.5359194,16633
7.47,-0.9906213,16633
7.46,-0.82677656,16633
7.41,-0.87416816,16633
7.41,-0.82452154,16633
7.38,-1.157994,16633
7.34,-0.4287058,16633
7.34,-1.8198102,16633
7.32,1.5198438,16633
7.27,-1.4984668,16633
7.27,0.3000351,16633
7.22,0.6483906,16633
7.11,-0.8744806,16633
7.08,-1.02569,16633
7.07,-1.1992965,16633
7.05,-2.7947984,16633
7.05,-1.535086,16633
7.03,-1.5641936,16633
7.0,-0.7989733,16633
6.96,-1.9217587,16633
6.89,-1.6198957,16633
6.8,-2.9418962,16633
6.77,-1.3755643,16633
6.75,-1.6149435,16633
6.7,-1.8752234,16633
6.68,-1.4937397,16633
6.68,-1.2527316,16633
6.57,-2.057475,16633
6.4,-2.0887868,16633
6.35,-2.4374332,16633
6.34,-1.9935479,16633
6.3,-1.4144219,16633
6.19,0.5589202,16633
6.17,-1.227181,16633
6.04,-2.1924555,16633
5.82,-2.1185448,16633
5.66,-3.0127358,16633
5.6,-2.1878927,16633
5.43,-1.345422,16633
5.38,1.337273,16633
5.36,-1.9935476,16633
5.24,-1.345422,16633
4.92,-1.2331953,16633
6.5,2.1932676,11017
6.84,-0.87704974,14628
7.62,4.4303966,13304
7.59,1.0391406,13304
7.54,6.2308946,13304
7.53,-1.2063848,13304
7.53,1.9213115,13304
7.41,5.8434205,13304
7.39,-1.3771484,13304
7.37,5.993753,13304
7.34,3.545266,13304
7.32,5.9385962,13304
7.29,4.8622413,13304
7.28,6.934267,13304
7.25,4.1681786,13304
7.24,5.8633184,13304
7.19,6.6345887,13304
7.19,2.3355315,13304
7.0,-4.2393293,14805
8.41,4.841742,12527
8.35,5.3352346,12527
8.12,2.5973303,12527
8.07,0.98359627,12527
7.87,0.5059351,12527
7.82,-0.5879556,12527
7.16,4.2131,5785
7.0,-0.27258438,5785
6.7,3.3532083,5785
6.52,-0.48734835,5785
6.52,2.9233181,5785
6.4,-2.9827883,5785
6.22,3.5376318,5785
6.16,5.2726245,5785
6.16,3.491368,5785
6.05,1.4695784,5785
6.05,-2.0534332,5785
5.96,-1.3032684,5785
5.85,0.5786203,5785
5.82,4.7159004,5785
5.8,1.6013987,5785
5.72,2.736715,5785
5.6,-2.6437273,5785
5.31,2.446521,5785
5.31,3.0880537,5785
5.07,2.3379633,5785
6.7,-2.0794525,661
6.62,3.8021066,661
6.16,1.6420325,661
6.87,-0.18201947,1554
6.65,-2.5286121,1554
6.49,-3.0889883,1554
6.35,-1.9082056,1554
6.33,-1.1587741,1554
6.01,-0.658649,1087
7.66,-1.4778076,9387
7.46,-0.13743803,9387
8.0,0.014679607,6991
6.72,-1.6414853,1546
6.69,0.24678332,1546
6.47,-2.9205842,1546
6.12,-3.7047017,1546
6.12,-2.683456,1546
5.47,-5.432744,1546
5.47,-4.3054905,1546
7.3,1.2787108,923
7.3,1.3537295,7415
6.9,-1.737418,7415
6.89,-4.0656013,7415
6.85,1.235542,7415
8.82,-4.6264896,11616
6.04,4.791887,16767
5.0,-1.7055935,7456
7.7,4.402516,15608
7.42,1.8634902,15608
7.3,4.7566047,15608
6.62,0.17337546,15608
6.55,1.3498499,15608
6.5,0.8997414,15608
6.34,0.8997419,15608
5.64,0.8997416,15608
5.4,2.3639362,15608
5.39,-1.3498785,15608
5.35,1.5988275,15608
4.89,-2.1166573,15608
4.89,-3.7494998,15608
4.82,-0.3916802,15608
4.52,-2.2841241,15608
4.52,0.1858525,15608
4.42,-2.1505778,15608
4.41,-2.425215,15608
4.33,-2.984718,15608
8.15,-1.1963844,3334
7.47,-0.758352,3334
7.42,-1.1784761,3334
7.05,-5.4917245,3334
7.0,-4.931176,3334
6.89,-4.680796,3334
6.85,-4.6357603,3334
6.7,-2.7288034,3334
6.66,-4.5290565,3334
6.22,-4.7707925,3334
6.01,-4.133257,3334
6.01,-4.2599664,3334
6.0,-1.1784762,3334
5.92,-4.77246,3334
5.85,-4.3612766,3334
5.51,-4.6263003,3334
4.96,-4.4999576,3334
4.62,-4.4179893,3334
4.51,-3.148677,3334
8.74,4.298756,9633
7.66,-4.99194,829
7.56,1.3235428,829
7.46,1.8495101,829
7.33,1.1325637,829
7.32,1.7362841,829
7.17,1.064036,829
7.09,1.1084783,829
6.89,1.437869,829
6.85,1.9462779,829
6.75,-3.737486,829
6.68,-0.64813477,829
6.17,-3.0709586,829
6.15,-4.3517995,829
6.12,-3.737415,829
5.28,-6.3031044,829
5.05,-6.89334,829
5.56,-2.8046029,16865
8.19,5.618661,6133
8.06,4.205085,6133
7.96,5.123649,6133
7.92,3.8226,6133
7.89,6.0818934,6133
7.77,4.0105243,6133
7.62,4.124631,6133
7.47,5.406123,6133
7.22,-0.7768584,6133
7.16,3.7551858,6133
7.05,2.5746222,6133
6.89,-1.2635611,6133
5.23,0.20460388,6133
6.27,1.7378304,4331
8.4,1.3191451,8964
7.46,1.6213907,8964
6.4,-2.356118,8964
6.06,-4.659105,8964
5.72,-2.225907,8964
5.11,0.18094748,17608
8.38,-0.5971088,12414
8.11,0.1394723,12414
7.89,-4.401081,12414
7.72,-2.981199,12414
7.51,-2.9811983,12414
7.38,-5.7072854,12414
7.25,-5.002899,12414
7.3,0.08788276,16387
7.3,-4.985647,16387
8.08,-0.8390415,14318
6.49,-5.726755,12993
6.89,-1.009935,10958
6.55,0.71919435,10958
9.0,-3.7017498,249
8.7,-3.4819646,249
8.52,-4.508993,249
8.52,-2.613073,249
8.52,-5.903354,249
8.4,-6.8528223,249
8.4,-5.7736425,249
8.3,-3.4323862,249
8.22,-3.430909,249
8.15,-5.459081,249
8.1,-3.6264315,249
8.05,0.0017565638,249
8.0,-6.1123004,249
7.96,1.4435644,249
7.92,-1.3167309,249
7.82,0.9851274,249
7.27,-2.243365,249
7.17,-6.8748894,249
7.17,1.2219269,249
7.02,3.8969433,249
6.94,1.1838714,249
6.92,-4.6150107,249
6.86,-6.1978726,249
6.52,-5.654227,249
7.48,-2.433507,10764
7.41,-0.23714373,16134
7.14,-1.022019,16134
7.12,3.1889088,16134
7.19,0.18021724,5004
7.19,-1.7390531,5004
7.19,-3.04954,5004
7.18,0.5296508,5004
7.16,1.7646091,5004
7.11,-1.5922517,5004
7.04,-1.5672319,5004
7.02,0.06921487,5004
6.96,-2.888484,5004
6.94,2.9148042,5004
6.65,-1.0301971,5004
6.63,-4.1304197,5004
6.62,0.69628423,5004
6.49,-0.10732988,5004
6.46,0.45768422,5004
6.43,-0.30615184,5004
6.3,0.38151786,5004
6.28,-1.884539,5004
6.26,-2.4340198,5004
6.18,-0.6090646,5004
6.12,0.5007689,5004
6.09,-1.5005087,5004
6.06,0.505438,5004
5.97,-1.3346317,5004
5.94,-3.6766696,5004
5.92,-0.84611326,5004
5.87,0.46650085,5004
5.83,-0.5687032,5004
5.68,-3.9410043,5004
5.64,-0.5160215,5004
5.6,-0.014683001,5004
5.21,-0.9802425,5004
5.04,0.014853299,5004
4.9,-1.2497842,5004
4.9,0.29095235,5004
4.66,0.34766608,5004
4.65,-2.544884,5004
4.5,0.59452283,5004
4.5,-3.9085133,5004
4.5,-0.23550996,5004
6.17,2.4719687,13220
6.17,2.3295727,13220
6.05,3.5958843,13220
5.7,2.918043,13220
5.5,-1.9251312,13220
5.46,0.6476435,13220
5.05,0.12067381,13220
4.94,0.42414513,13220
4.68,-2.7859626,13220
4.61,-1.2307961,13220
4.58,-0.28350922,13220
9.0,0.69189036,577
8.7,1.7777468,577
8.7,2.8355534,577
7.85,2.9004676,577
7.77,-4.6365657,577
7.72,2.0568402,577
7.62,-2.500788,577
7.54,-4.191593,577
7.51,-2.342253,577
7.46,-3.581184,577
7.44,-3.514124,577
7.35,-2.214277,577
7.33,-4.7934856,577
7.26,-3.5879364,577
7.23,-3.674497,577
7.23,-4.0589705,577
7.13,-3.893222,577
7.09,2.4809077,577
7.08,-6.256633,577
6.86,-4.337072,577
6.8,-2.1619396,577
6.66,-4.673425,577
6.61,-2.0847635,577
6.24,0.5857306,577
5.98,0.3622417,577
5.41,1.0098857,577
8.7,6.262753,1645
8.46,4.545911,1645
8.46,3.4588275,1645
8.39,-0.758695,1645
8.35,-2.7204242,1645
8.33,2.247529,1645
8.31,0.86981404,1645
8.24,0.71111864,1645
8.06,1.4462898,1645
7.96,3.0412843,1645
7.92,1.8800639,1645
7.85,3.4083197,1645
7.82,2.3173203,1645
6.89,0.6784903,3066
6.6,0.10903985,3066
6.16,-1.2372279,3066
6.0,1.1699741,3066
5.85,-0.22434437,3066
5.58,-0.4507604,3066
5.22,-5.242807,3066
9.3,-0.14769688,11899
9.3,-2.0412848,11899
9.3,-3.641977,11899
9.3,-3.9190106,11899
9.3,-2.4413767,11899
9.3,-3.4037206,11899
9.22,-0.7402423,11899
9.22,-1.4933345,11899
9.22,-2.560133,11899
9.22,-2.026368,11899
9.22,-4.0144887,11899
9.15,-4.1732755,11899
9.15,-4.1351476,11899
9.15,-3.3646355,11899
9.0,-3.1255004,11899
9.0,-2.928987,11899
9.0,-2.026367,11899
9.0,-3.3646355,11899
9.0,-2.5751066,11899
9.0,-3.50577,11899
9.0,-3.1343143,11899
8.85,-3.2759385,11899
8.7,-0.89641726,11899
8.7,-4.5553246,11899
8.7,-4.555324,11899
8.52,-3.7093732,11899
8.52,-2.831198,11899
8.49,-3.2277973,11899
8.4,-4.814916,11899
8.4,-3.4535139,11899
8.3,-0.4746256,11899
8.15,-3.7248588,11899
8.0,-1.5512667,11899
7.8,-4.813726,11899
7.7,-3.238674,11899
7.52,-3.3835797,11899
7.3,-4.0272837,11899
6.32,-3.9117863,11899
6.28,-0.4746256,11899
5.45,-4.2671685,3119
5.33,0.83757764,3119
5.26,-1.761417,3119
5.12,-2.8037796,3119
5.05,0.78158295,3119
5.04,-1.7743533,3119
4.92,-2.6911266,3119
4.71,-0.94260776,3119
6.52,-3.7458901,2851
6.52,-3.381855,2851
6.52,0.059966326,2851
6.3,-2.7954898,2851
6.22,-6.3924227,2851
6.22,-6.131002,2851
6.22,-3.5145323,2851
6.1,-3.4627812,2851
6.05,-3.797525,2851
6.05,-2.0465384,2851
6.05,-3.5523767,2851
6.0,-1.7665186,2851
6.0,-4.631537,2851
5.96,-2.7495923,2851
5.96,-2.9640632,2851
5.96,-4.0638022,2851
5.92,-5.7063894,2851
5.92,-3.588216,2851
5.89,-4.533203,2851
5.85,-2.54631,2851
5.8,-6.02904,2851
5.75,-3.9468646,2851
5.7,-3.8815248,2851
5.7,-5.307065,2851
5.7,-3.99294,2851
5.68,-4.089911,2851
5.68,-1.4713441,2851
5.55,-3.2499337,2851
5.39,-4.095791,2851
5.34,-5.381269,2851
5.16,-4.015118,2851
7.21,-0.67670023,13602
7.89,4.475555,6766
7.7,2.9390643,11304
5.4,-3.6374962,11304
5.1,-2.9000816,11304
8.7,-3.231588,6307
7.85,-4.0496874,2716
7.31,-0.8404333,2716
7.1,2.9497588,11345
6.06,-0.3988094,11345
4.62,-4.927672,11345
6.0,-2.0041008,2886
5.0,3.0026128,2886
9.7,4.7103047,7643
9.4,1.1367878,7643
9.35,3.0793984,7643
9.3,2.2221754,7643
9.26,2.031053,7643
9.24,4.565852,7643
9.22,0.37888935,7643
9.22,3.0103924,7643
9.22,1.6147399,7643
9.22,0.45183,7643
9.15,2.6468105,7643
9.15,3.801925,7643
9.15,1.8712212,7643
9.1,3.3997407,7643
9.05,5.10943,7643
9.05,1.8565434,7643
9.05,1.8034637,7643
9.02,4.1438932,7643
9.02,2.9845085,7643
9.02,1.977276,7643
9.0,1.5645795,7643
8.98,4.1410446,7643
8.96,2.980013,7643
8.96,5.283226,7643
8.96,1.9934922,7643
8.96,0.9303614,7643
8.96,4.1140766,7643
8.94,4.4082932,7643
8.93,1.8334541,7643
8.92,3.962737,7643
8.92,2.6580484,7643
8.89,3.3304353,7643
8.89,4.9693317,7643
8.89,3.8945117,7643
8.89,2.1729093,7643
8.89,2.172909,7643
8.85,4.189285,7643
8.85,4.50691,7643
8.82,2.576455,7643
8.82,2.6628296,7643
8.82,1.1865556,7643
8.82,2.5012276,7643
8.81,5.5843663,7643
8.8,2.6571865,7643
8.78,3.8381493,7643
8.77,2.1133645,7643
8.77,1.3663756,7643
8.75,3.828556,7643
8.74,4.43497,7643
8.74,3.8700836,7643
8.72,0.9426358,7643
8.71,3.4259627,7643
8.71,0.59942025,7643
8.68,2.9668634,7643
8.68,2.4133475,7643
8.68,0.6289648,7643
8.68,3.5203643,7643
8.68,3.727592,7643
8.67,3.9223397,7643
8.66,-2.6200454,7643
8.66,2.9222605,7643
8.66,-0.5095681,7643
8.65,1.2500348,7643
8.65,1.1319771,7643
8.64,3.4044623,7643
8.62,-0.5095681,7643
8.62,0.42694142,7643
8.6,2.4752023,7643
8.6,2.803529,7643
8.6,2.704944,7643
8.59,4.625258,7643
8.55,2.9668632,7643
8.55,-2.6200438,7643
8.55,2.7150912,7643
8.54,0.64181805,7643
8.53,4.280279,7643
8.52,1.3569576,7643
8.52,3.4708867,7643
8.51,2.4156184,7643
8.49,2.0353775,7643
8.49,0.6418182,7643
8.48,3.0182087,7643
8.48,1.4878385,7643
8.46,1.4381002,7643
8.44,3.3552513,7643
8.44,2.3326635,7643
8.44,3.8611236,7643
8.41,3.4827065,7643
8.41,4.14215,7643
8.38,-0.07951956,7643
8.38,1.7113953,7643
8.37,3.7175872,7643
8.35,1.3920196,7643
8.34,2.704944,7643
8.33,1.6816694,7643
8.33,3.2453895,7643
8.33,2.038298,7643
8.32,0.94990206,7643
8.3,0.8966741,7643
8.29,0.65968394,7643
8.29,1.3161492,7643
8.28,1.7287856,7643
8.28,3.7667074,7643
8.27,1.8501469,7643
8.27,1.943259,7643
8.24,0.4498034,7643
8.24,3.4142294,7643
8.21,4.3341813,7643
8.21,3.41423,7643
8.21,1.3376114,7643
8.19,0.64181805,7643
8.18,1.3856641,7643
8.17,2.2317376,7643
8.17,0.6254654,7643
8.16,-0.82203937,7643
8.16,2.9647934,7643
8.13,1.4254521,7643
8.13,1.7024755,7643
8.13,0.62098825,7643
8.11,3.1882434,7643
8.1,3.41423,7643
8.1,2.1133645,7643
8.07,2.345165,7643
8.07,2.6548562,7643
8.07,2.624883,7643
8.06,1.5309559,7643
8.06,-1.2321997,7643
8.05,4.133159,7643
8.05,3.9660223,7643
8.05,0.97593313,7643
8.03,2.5005453,7643
8.03,1.181556,7643
8.03,3.6655667,7643
8.0,4.6854615,7643
8.0,0.20072687,7643
7.98,1.5412604,7643
7.98,0.30409858,7643
7.97,3.7854028,7643
7.97,-0.09734207,7643
7.95,2.6106987,7643
7.95,2.9964101,7643
7.94,3.332565,7643
7.93,1.4488254,7643
7.91,-0.1779429,7643
7.91,0.7162509,7643
7.91,2.3886428,7643
7.9,3.344293,7643
7.9,3.6694624,7643
7.9,2.7342145,7643
7.89,-1.2968287,7643
7.89,0.9946701,7643
7.84,1.8930657,7643
7.82,2.0060794,7643
7.82,1.5697242,7643
7.81,0.38437483,7643
7.8,2.1046185,7643
7.8,1.3870527,7643
7.79,1.2963248,7643
7.79,0.71625024,7643
7.79,3.5566022,7643
7.78,1.7820957,7643
7.77,0.06072896,7643
7.77,2.5740623,7643
7.77,-2.3622,7643
7.74,5.54388,7643
7.71,3.938259,7643
7.68,0.29308772,7643
7.66,5.6057854,7643
7.65,1.4204211,7643
7.64,2.1046188,7643
7.62,0.58323896,7643
7.59,2.8662102,7643
7.59,3.594762,7643
7.58,1.1601591,7643
7.58,2.0060802,7643
7.57,0.716251,7643
7.57,2.7614763,7643
7.54,0.38074502,7643
7.52,1.1293904,7643
7.51,2.2457469,7643
7.51,4.2065334,7643
7.49,2.2629402,7643
7.48,3.3035822,7643
7.48,1.3031181,7643
7.47,2.6222816,7643
7.46,3.7445455,7643
7.46,1.3863316,7643
7.43,2.2494,7643
7.43,2.2494009,7643
7.42,2.575398,7643
7.42,4.82434,7643
7.42,3.6227338,7643
7.35,1.7434607,7643
7.35,1.5818034,7643
7.35,2.2443316,7643
7.32,1.107922,7643
7.31,3.2012544,7643
7.31,2.0080981,7643
7.28,3.9952757,7643
7.24,0.6452114,7643
7.22,1.5706605,7643
7.21,0.6723694,7643
7.16,0.61301374,7643
7.14,3.9197478,7643
7.13,3.6227343,7643
7.12,3.1088967,7643
7.12,1.0892138,7643
7.08,3.6226578,7643
7.08,2.1046193,7643
7.06,2.1046188,7643
7.05,1.4065696,7643
6.96,0.9770301,7643
6.88,1.3935202,7643
6.86,2.6222813,7643
6.85,2.1046188,7643
6.74,1.3031181,7643
6.73,0.84986323,7643
6.67,0.46048763,7643
6.66,2.1007426,7643
6.62,-0.176366,7643
6.62,4.1490283,7643
6.46,0.43210325,7643
6.36,1.3024524,7643
6.33,2.093461,7643
6.25,1.9702802,7643
6.11,2.947489,7643
6.1,2.3214805,7643
5.99,1.2787333,7643
5.92,0.77123445,7643
5.59,1.5073586,7643
7.22,-2.318781,16441
7.09,-3.7697248,16441
7.05,-0.51718116,16441
7.04,-4.2195115,16441
6.99,-3.7650146,16441
6.98,-3.7278416,16441
6.94,-3.5260246,16441
6.94,-0.5171809,16441
6.92,-4.163483,16441
6.83,-2.758627,16441
6.78,-4.446919,16441
6.67,-1.5403785,16441
6.66,-4.063705,16441
6.66,-4.335743,16441
6.65,-0.3169901,16441
6.64,-4.163483,16441
6.62,-0.79191375,16441
6.61,-4.185873,16441
6.58,1.968621,16441
6.48,-0.62851274,16441
6.46,-0.6865683,16441
6.29,-2.3982306,16441
6.29,-3.6143,16441
6.28,-0.5144517,16441
6.26,-0.51445144,16441
6.22,-3.6614468,16441
6.11,-4.0637045,16441
6.05,-0.2963189,16441
6.01,-1.7091517,16441
5.98,-0.29415548,16441
5.98,-3.7516649,16441
5.96,-1.2583586,16441
5.96,-1.6860465,16441
5.91,-1.2425168,16441
5.89,-5.0827093,16441
5.87,-0.8457076,16441
5.87,-1.2399117,16441
5.86,-4.1802087,16441
5.78,-4.107012,16441
5.78,-3.6489491,16441
5.74,-2.52106,16441
5.71,-1.097461,16441
5.67,-3.913186,16441
5.64,-4.6224937,16441
5.55,0.4687985,16441
5.48,2.0085416,16441
5.48,-0.6369973,16441
5.47,-2.2171578,16441
5.46,-3.7736533,16441
5.46,-0.16529101,16441
5.42,-3.7907438,16441
5.35,-0.59319246,16441
5.24,-2.6112418,16441
5.2,-4.0808167,16441
9.0,5.2434487,7234
8.7,5.2434487,7234
8.66,1.716372,7234
8.62,4.2465076,7234
8.51,5.2434487,7234
8.42,3.4288983,7234
8.4,5.125753,7234
8.19,1.0128334,7234
8.15,0.09429225,7234
8.07,1.0128319,7234
8.03,-1.0228493,7234
7.6,-1.6726519,7234
7.38,-0.34300143,7234
5.08,2.4481041,16735
6.26,1.1326997,12599
7.66,-2.0336525,866
7.64,3.334747,866
7.41,2.3308027,866
7.38,4.265584,866
7.38,-1.889043,866
7.35,1.4799588,866
7.28,0.2847903,866
7.24,4.8931932,866
7.23,-2.416054,866
7.21,-2.7407806,866
7.16,1.0629267,866
7.03,-3.3628232,866
6.95,-0.79729337,866
6.9,-1.2224141,866
6.89,2.5976472,866
6.71,3.8505056,866
6.69,2.7965965,866
6.64,1.1319592,866
6.6,0.6537265,866
6.44,3.0113578,866
6.42,-1.0987823,866
6.38,3.3842373,866
6.3,1.7202243,866
6.29,4.1377554,866
6.24,-3.5383863,866
6.2,-2.4410815,866
6.1,1.0923078,866
6.01,0.6949715,866
5.9,3.5724974,866
5.77,-3.1120512,866
5.67,-2.6258986,866
5.61,-3.0175471,866
5.55,-4.166876,866
5.47,-0.6648837,866
5.42,-2.731034,866
5.29,-4.077674,866
5.26,-4.113891,866
5.25,1.1996373,866
5.25,-0.93065876,866
5.24,-2.1120808,866
5.21,-4.4346557,866
5.17,-3.8374577,866
5.09,-2.8580089,866
8.52,2.798708,4635
7.85,-0.263456,4635
7.82,-1.6541046,4635
7.6,-3.1583533,4635
7.42,-4.569156,4635
7.4,-4.9791408,4635
7.12,-2.6477988,4635
6.96,-3.470637,4635
6.5,2.268912,2689
6.4,1.770345,2689
6.0,0.62335294,2689
5.89,1.7703456,2689
5.89,0.6411242,2689
5.89,2.1388443,2689
5.8,-1.5209845,2689
5.8,0.73283535,2689
5.8,-2.6719167,2689
5.8,0.74692285,2689
5.8,3.1701787,2689
5.6,0.9591548,2689
5.6,-0.40728572,2689
5.5,1.770345,2689
5.5,0.30282027,2689
5.5,0.09594352,2689
5.4,-0.8536617,2689
5.3,-3.667519,2689
5.2,-3.0862372,2689
5.1,-0.13084367,2689
5.0,-4.589568,2689
7.77,6.117135,4875
7.85,5.835059,6757
8.1,-2.6401327,15704
7.7,0.7725741,15704
7.47,-5.6102223,15704
7.2,-5.403685,15704
7.14,-2.4472966,15704
6.92,-4.4658413,15704
6.68,-1.2442205,15704
6.64,-0.54677904,15704
6.51,-0.8250799,15704
6.48,-3.6602523,15704
6.38,0.47239882,15704
6.38,-5.284466,15704
6.3,-0.71027595,15704
6.08,-3.8420439,15704
6.07,-4.344038,15704
6.07,-1.0261093,15704
5.82,-2.8188465,15704
5.8,-3.6299398,15704
5.42,-5.160007,15704
5.23,-1.3349093,15704
4.77,-5.2724094,15704
4.6,-1.7711508,15704
6.3,0.047869086,3834
5.8,-1.0203936,3834
5.64,2.2856586,3834
5.58,-1.0787383,3834
5.54,-3.7591438,3834
9.0,-2.6783915,13700
8.4,-2.014466,13700
8.4,-2.302722,13700
8.3,-0.53346056,13700
8.3,-0.51692086,13700
8.3,-3.2430415,13700
8.1,-0.8898523,13700
8.05,-0.11644517,13700
8.0,-2.1123316,13700
8.0,-1.374371,13700
8.0,-0.044897698,13700
7.96,-0.50280195,13700
7.96,-1.4874552,13700
7.96,-1.042928,13700
7.96,-1.9770898,13700
7.85,0.004734922,13700
7.82,-1.374371,13700
7.75,0.55837494,13700
7.72,-1.0429269,13700
7.47,-0.04815331,13700
7.44,-0.11001214,13700
7.39,0.4700242,13700
7.28,0.17658338,13700
7.24,-0.5326053,13700
7.22,0.049921088,13700
7.17,-2.408632,13700
7.1,-0.6098618,13700
6.96,0.6637221,13700
6.92,-0.36065337,13700
6.89,-1.3539093,13700
6.66,-2.221865,13700
6.47,-0.06624675,13700
6.41,-1.998084,13700
6.32,-3.971585,13700
6.15,0.043134898,13700
6.1,-1.6972452,13700
6.07,-0.21997824,13700
6.04,0.051832013,13700
6.0,-4.8385105,13700
5.85,-0.08682081,13700
5.82,-1.9467025,13700
5.77,-1.1499525,13700
5.55,-0.5005993,13700
5.33,-2.0105774,13700
5.27,-2.4435465,13700
5.25,-0.8813181,13700
8.6,6.173421,12457
8.37,6.3727317,12457
8.25,5.6287885,12457
8.11,6.4859514,12457
8.1,7.2753735,12457
8.06,6.951788,12457
7.83,3.2698054,12457
7.66,5.891383,12457
7.58,5.7238035,12457
7.52,3.1732645,12457
9.52,0.8454524,14404
7.24,-4.106674,14404
7.0,-1.6475698,14404
6.74,-4.1967115,14404
6.64,-0.98091674,14404
5.7,1.0367061,14404
9.7,3.6823902,2008
7.82,-0.3271439,16431
7.72,2.4002442,16431
7.72,3.1356945,16431
7.66,3.2814837,16431
7.48,1.5849569,16431
7.37,0.2968324,16431
7.3,1.9300659,16431
7.08,-0.8893606,16431
6.74,2.5888178,16431
6.7,2.1021905,16431
6.44,4.995977,16431
6.24,1.5169672,16431
6.09,5.7504344,16431
5.61,0.10182882,1128
8.3,-5.072618,13235
8.3,-1.1865165,13235
8.3,-1.306373,13235
8.3,-1.8665905,13235
8.22,-1.306373,13235
7.89,-0.72874105,13235
7.75,-0.40750346,13235
7.68,-0.48251867,13235
7.58,-5.208825,13235
7.51,-3.792555,13235
7.51,1.1956384,13235
7.1,-0.20279649,13235
6.96,-1.306373,13235
6.95,-1.238719,13235
6.94,-1.306373,13235
6.92,0.8159369,13235
9.05,-0.033969376,3109
8.96,0.96263117,3109
8.89,-3.4256935,3109
8.82,0.84638363,3109
8.51,2.076334,3109
8.25,-1.09506,3109
8.1,-1.9929718,3109
7.33,-2.1320474,3109
6.87,-1.8008059,3109
6.71,-2.9403384,3109
5.85,-1.623353,3109
5.67,-4.12405,3109
5.67,-3.9160743,3109
5.54,-2.1289992,3109
5.42,0.021091338,4603
7.05,5.171862,13468
5.03,-1.3919197,5465
8.3,2.8673267,1572
8.05,3.5762863,1572
7.82,1.3278259,1572
7.8,-1.5869452,1572
7.6,0.12881202,1572
7.32,5.379975,1572
7.05,-1.181565,8899
5.64,-4.881607,16563
6.44,2.3046238,6734
5.47,-3.4940925,153
7.3,-4.2546735,15461
6.77,-4.2546735,15461
4.43,-4.2546735,15461
4.41,-4.2546735,15461
7.52,0.16345876,15578
4.52,2.2098641,3628
4.52,-1.7253982,3628
4.52,-1.4113567,3628
4.52,-1.745988,3628
4.52,-1.9039227,3628
7.5,3.094303,8958
6.4,4.8415065,8958
5.6,-3.9646945,8958
5.1,-4.323421,8958
5.1,-3.042247,8958
4.8,-4.32039,8958
4.7,-3.0027337,8958
10.0,3.4097202,10814
9.0,2.284674,17291
8.7,2.2602875,17291
8.7,1.0560662,17291
8.7,1.4150174,17291
8.7,1.3328494,17291
8.7,1.2406348,17291
8.7,2.2580857,17291
8.7,2.9955528,17291
8.52,1.9367918,17291
8.4,1.4091299,17291
8.4,1.764498,17291
8.3,1.1762922,17291
8.15,1.370309,17291
8.15,2.0142808,17291
8.0,1.4753317,17291
7.55,-1.6848495,17291
6.75,2.5062551,17291
6.36,-3.9995983,17291
9.0,0.7436846,7000
4.89,-2.9014826,10355
8.09,-1.2028397,12173
7.99,-0.8647279,12173
7.97,0.10792991,12173
6.93,-1.0697659,1469
6.55,-0.98825943,1469
6.36,0.6087447,1469
6.2,-1.6572318,1469
6.15,-2.7336822,1469
6.06,2.152651,1469
5.97,-1.752966,1469
5.89,-1.8063874,1469
5.83,-1.5262862,1469
5.36,-1.5381373,1469
5.3,-0.7913445,1469
5.3,-0.8246719,1469
5.25,0.52594835,1469
5.08,-3.350794,1469
4.58,0.658032,1469
4.42,-2.3561542,1469
5.32,-2.0151591,8122
5.28,0.107656784,8122
5.07,-2.6974537,8122
5.03,-2.966979,8122
5.0,-4.587189,8122
5.0,-5.9982157,8122
4.98,-0.970908,8122
4.97,-4.599038,8122
4.93,2.4314773,8122
4.91,-2.2323065,8122
4.82,-4.491997,8122
4.72,-5.173942,8122
4.72,-4.634463,8122
7.68,3.0093012,11318
6.88,-0.786893,11318
6.86,-0.0575357,11318
5.67,-1.6046351,11318
5.26,-3.5588055,11318
5.24,-1.4991741,11318
4.89,-1.0832402,11318
5.5,-2.3060894,17742
7.75,-3.3346314,16037
6.62,-2.9785519,16037
6.44,-2.8908095,16037
6.16,-1.7738801,16037
6.1,-2.8969905,16037
5.85,0.45097065,16037
5.51,3.6881807,16037
8.22,-0.8397548,13215
9.66,3.5874035,11973
9.55,5.607798,11973
8.92,2.3137884,11973
8.89,-1.4003956,11973
8.85,4.422381,11973
8.82,2.4539728,11973
8.66,5.508736,11973
8.59,0.7818259,11973
8.59,1.4168226,11973
8.4,1.5969925,11973
8.4,3.8541687,11973
8.29,5.488698,11973
8.14,-3.9330254,11973
8.03,3.835426,11973
8.0,4.314564,11973
7.85,3.6404824,11973
7.82,3.91988,11973
7.8,5.4581547,11973
7.7,5.159435,11973
7.58,1.2384212,11973
7.54,2.7077372,11973
6.96,5.664101,11973
6.14,-0.70790994,11973
6.11,-2.1938758,12469
6.0,-2.280049,12469
5.94,-2.9317374,12469
5.92,-0.30619043,12469
5.88,0.8668377,12469
5.84,3.4676273,12469
5.74,2.0210588,4125
6.7,0.5771932,12611
7.12,-1.6916469,3486
6.06,-1.2822104,10794
7.0,-2.7272909,6466
7.0,0.077247374,6466
7.0,0.07724679,6466
7.0,2.3223543,6466
7.0,1.7648466,6466
7.0,0.17335114,6466
7.0,-1.0660179,6466
7.0,0.636533,6466
7.0,-2.6364708,6466
7.0,-2.6989927,6466
7.0,-0.026560925,6466
7.0,1.3129195,6466
7.0,1.7771082,6466
7.0,3.6140015,6466
7.0,1.3583298,6466
7.0,1.5639987,6466
7.0,3.014687,6466
7.0,0.16404754,6466
7.0,0.7313089,6466
7.0,-1.6314398,6466
7.0,1.8114145,6466
7.0,-3.4820619,6466
7.0,-1.6104089,6466
7.0,1.6877441,6466
7.0,2.2585306,6466
7.0,1.17423,6466
7.0,2.3105323,6466
7.0,2.2055843,6466
7.0,-2.9119518,6466
7.0,-3.1359062,6466
7.0,-1.40986,6466
7.0,-4.0292544,6466
7.0,1.3498513,6466
7.0,1.3787887,6466
7.0,1.0222483,6466
7.0,2.3045263,6466
7.0,1.7878623,6466
7.0,1.6778325,6466
7.0,1.662309,6466
7.0,1.6623088,6466
7.0,1.5944214,6466
7.0,2.4347267,6466
7.0,-2.9932868,6466
7.0,0.2622446,6466
7.0,2.0992494,6466
7.0,1.273035,6466
7.0,-1.5686156,6466
7.0,-2.0774786,6466
7.0,1.7381923,6466
6.0,1.7863705,6466
6.0,2.2229946,6466
6.0,2.0822306,6466
6.0,1.173269,6466
6.0,1.7863705,6466
6.0,0.8753836,6466
6.0,1.6633619,6466
6.0,-3.2234085,6466
6.0,-3.2234087,6466
6.0,1.0106901,6466
6.0,-1.2919265,6466
6.0,1.022248,6466
6.0,1.7391796,6466
6.0,-2.215692,6466
6.0,-4.248371,6466
6.0,-0.1645464,6466
6.0,2.4595253,6466
6.0,-0.16454604,6466
6.0,-0.1377298,6466
6.0,-2.6364708,6466
6.0,-0.29718646,6466
6.0,-3.101035,6466
6.0,-2.099323,6466
6.0,0.6138695,6466
6.0,-2.0566468,6466
6.0,-0.6308686,6466
6.0,0.77696514,6466
6.0,0.17335096,6466
6.0,2.0802894,6466
6.0,0.42519477,6466
6.0,-2.9521582,6466
6.0,1.0794758,6466
6.0,1.5351967,6466
6.0,2.1616907,6466
6.0,-1.1570181,6466
6.0,1.6877034,6466
6.0,1.0794758,6466
6.0,0.9320007,6466
6.0,0.41843954,6466
6.0,1.5449015,6466
6.0,-0.3922576,6466
6.0,2.0286698,6466
6.0,1.9649273,6466
6.0,0.08282902,6466
6.0,1.1176398,6466
6.0,2.0633852,6466
6.0,0.43893126,6466
6.0,-0.94745547,6466
6.0,-0.94745547,6466
6.0,-2.9495516,6466
6.0,-2.9495516,6466
6.0,-0.30156332,6466
6.0,-1.6599873,6466
6.0,-1.40986,6466
6.0,1.8048816,6466
6.0,1.8048816,6466
6.0,-0.69735056,6466
6.0,-0.69735026,6466
6.0,1.3498509,6466
6.0,0.97551924,6466
6.0,0.41843948,6466
6.0,1.3583298,6466
6.0,2.0575008,6466
6.0,-1.7586471,6466
6.0,-2.1914926,6466
6.0,0.92136484,6466
6.0,1.3259327,6466
6.0,2.064766,6466
6.0,-0.9823336,6466
6.0,-0.24700451,6466
6.0,-1.0454403,6466
6.0,0.92136526,6466
6.0,3.644585,6466
6.0,2.2724311,6466
6.0,2.213924,6466
6.0,1.2874143,6466
6.0,0.9755195,6466
6.0,-3.5240972,6466
6.0,-0.3717064,6466
5.0,-3.2293823,6466
5.0,-0.26378283,6466
5.0,-3.229383,6466
5.0,-0.2637829,6466
5.0,0.4166373,6466
5.0,-3.660509,6466
5.0,-0.35425076,6466
5.0,-2.056647,6466
5.0,2.4468548,6466
5.0,1.975227,6466
5.0,0.6961987,6466
5.0,2.5097024,6466
5.0,2.9296267,6466
5.0,1.7299324,6466
5.0,-1.6813571,6466
5.0,2.131215,6466
5.0,1.9969503,6466
5.0,2.2777126,6466
5.0,2.6178658,6466
5.0,2.2795646,6466
5.0,3.240455,6466
5.0,2.3467078,6466
5.0,-0.37170574,6466
5.0,0.9223326,6466
5.0,1.5984669,6466
5.0,-1.6599873,6466
5.0,-1.6813571,6466
5.0,0.36975783,6466
5.0,-2.7209942,6466
5.0,-3.5240963,6466
5.0,0.92504674,6466
5.0,-2.9374871,6466
5.0,-2.7209942,6466
5.0,0.9650018,6466
5.0,2.40549,6466
5.0,2.0575008,6466
5.0,1.0331932,6466
5.0,1.2669362,6466
5.0,0.27466756,6466
5.0,0.2746683,6466
5.0,-1.1570184,6466
5.0,1.5351967,6466
5.0,1.5180211,6466
5.0,1.2669363,6466
5.0,0.9650024,6466
5.0,-1.5200633,6466
5.0,-2.4099257,6466
5.0,1.5708171,6466
5.0,1.0603908,6466
5.0,1.7565898,6466
5.0,-2.9521585,6466
5.0,1.3053318,6466
5.0,1.0106896,6466
5.0,1.3787887,6466
5.0,2.082231,6466
6.7,0.5944,5780
6.64,3.2352872,5780
6.61,2.033029,2789
8.0,4.7539625,2274
7.16,3.564996,2274
6.77,5.2946467,2274
6.75,1.8565322,2274
6.55,1.928418,2274
6.48,1.736596,2274
6.44,1.9644217,2274
6.38,3.6480074,2274
6.32,-0.6860327,2274
6.27,1.5940224,2274
6.22,-0.058923297,2274
6.22,2.3097186,2274
6.14,3.211541,2274
6.14,4.876943,2274
6.03,1.2716298,2274
5.92,3.4085157,2274
5.82,4.443564,2274
5.74,1.3522505,2274
5.7,5.462884,2274
5.65,2.759922,2274
5.49,3.8166301,2274
5.47,2.2059965,2274
5.43,2.6870728,2274
5.33,2.451721,2274
4.98,-2.0637255,2274
4.85,0.54411393,2274
7.16,2.423999,3434
5.85,2.6639552,17598
5.72,-2.8430479,17598
5.42,-1.9026605,17598
4.28,-6.1735597,17103
5.43,0.18801388,15446
7.77,-0.2880451,3613
6.43,0.721551,14749
5.8,-2.5230963,14749
8.97,-1.8653613,4489
8.39,-2.0444286,4489
8.34,-0.8698319,4489
8.28,0.5340586,4489
7.89,1.5098672,4489
7.89,-3.4075358,4489
7.84,0.5181728,4489
7.78,0.9387168,4489
7.76,-4.315439,4489
7.75,-4.0418572,4489
7.62,-1.5141463,4489
7.62,0.6088564,4489
7.48,2.3755257,4489
7.39,0.9898457,4489
7.16,-0.035483714,4489
7.15,-0.42195088,4489
7.09,-0.9265844,4489
6.89,-0.04967939,4489
6.89,-0.71862704,4489
6.75,-2.7631817,4489
5.96,-3.2508852,2562
5.85,-3.9119427,2562
5.77,-2.5057838,2562
5.64,-5.3593535,2562
5.51,-2.3039243,2562
5.36,-6.2842426,2562
5.32,-2.6808796,2562
5.24,0.23550236,2562
5.21,-3.608832,2562
5.2,-4.024276,2562
5.2,1.494488,2562
5.18,-5.2389445,2562
5.17,1.6140671,2562
5.03,0.6615842,2562
5.01,-0.19853315,2562
4.99,-2.3835206,2562
4.98,-0.18768859,2562
4.96,0.35245574,2562
4.91,2.2103577,2562
8.15,-0.97261506,14355
7.6,3.542914,14355
7.47,0.07552265,14355
7.3,0.9327581,14355
6.97,-0.6066522,14355
6.92,2.100836,14355
6.72,5.3754015,14355
6.44,2.1410146,14355
6.31,0.93584657,14355
6.26,4.6212983,14355
5.35,-2.5415242,14170
7.75,-1.5120711,11565
7.7,-3.4636211,11565
7.57,0.3515418,11565
7.57,0.906027,11565
7.23,0.32869244,11565
7.22,2.7370994,11565
7.16,0.5989635,11565
6.83,-0.46315724,11565
6.8,0.77418983,11565
6.6,-3.887114,11565
6.51,-0.4147622,11565
6.5,-1.2484382,11565
6.18,-2.0738914,11565
6.16,0.9128007,11565
5.07,0.84053236,9105
9.15,3.0789902,8815
8.21,4.321755,8815
8.2,2.726415,8815
8.07,3.0123625,8815
7.88,2.9683862,8815
7.84,1.7312964,8815
7.73,0.62975967,8815
7.67,2.6587315,8815
7.66,-0.7232822,8815
7.46,-1.4843116,8815
7.36,-3.3644717,8815
9.1,6.268594,14417
6.7,-6.6128473,15915
5.8,-0.29750407,15915
7.56,0.15513828,918
4.58,1.3642731,1118
7.3,3.3316557,1542
6.96,-1.244525,8224
6.93,2.969192,8224
6.74,5.2149005,8224
6.47,-1.7834942,8224
6.28,2.7114904,8224
6.05,1.0412395,8224
5.96,-5.4440737,8224
5.75,-2.3859363,8224
5.71,5.2538075,8224
5.66,-3.7377512,8224
5.62,-4.329755,8224
5.46,1.0340632,8224
5.39,3.9331255,8224
5.19,-1.1894919,8224
5.0,-6.049831,8224
5.0,2.286849,8224
4.99,3.9656522,8224
7.1,3.0722926,17596
6.68,-1.5835274,17596
6.43,3.1089873,17596
6.55,-0.25797918,8784
6.41,0.35228056,8784
6.27,6.201187,8784
6.15,0.5493763,8784
6.04,-0.12280428,8784
5.66,-0.8887894,8784
5.54,1.2104156,8784
5.44,0.523272,8784
5.24,4.5560527,8784
5.17,-1.9338384,8784
5.04,-1.8860614,8784
4.96,-1.2039063,8784
4.89,3.2679415,8784
4.89,1.7548325,8784
4.24,-3.467937,8784
6.96,2.1733334,5924
7.7,1.0808487,530
7.21,-1.3433937,530
7.17,-2.9559631,530
6.77,2.635197,530
6.08,-1.8057159,530
5.46,-1.2525805,530
4.85,-3.7646408,530
4.41,1.8275801,240
4.37,-5.7990284,240
5.3,-0.64390254,9859
9.0,-0.9520243,7580
7.82,0.014021449,3518
7.68,0.26952404,3518
7.66,1.5226648,3518
7.66,1.9461256,3518
7.44,0.9386587,3518
7.4,0.93551594,3518
7.24,0.28335366,3518
7.23,0.25887412,3518
7.17,2.999957,3518
6.95,-1.1719593,3518
6.94,0.503832,3518
6.78,-0.4620243,3518
6.7,-1.2072458,3518
5.31,-4.790528,3518
5.49,1.9506086,15855
9.15,4.913851,6856
8.7,4.915729,6856
7.11,-6.4865837,6856
6.04,-0.95856035,14101
6.57,-5.115503,17192
6.55,-4.8793955,17192
6.16,3.9062574,424
8.04,-0.36039144,14018
5.52,-7.902367,12520
5.85,-0.50725937,3821
5.22,-5.775963,3821
4.92,-7.719871,3821
4.7,-4.938281,3821
6.29,1.926694,809
6.01,3.6287303,809
6.0,-3.244474,809
5.95,0.5309354,809
5.78,-1.9943624,809
5.63,-3.5408187,809
5.63,3.6009076,809
5.62,-1.9455668,809
5.29,-1.2127867,809
5.23,-2.8836148,809
5.17,-0.981472,809
5.16,-3.3913586,809
5.13,-1.9987626,809
5.12,-3.371279,809
5.1,-3.5521867,809
5.1,-2.5002332,809
5.1,-2.9095874,809
5.1,-2.4112167,809
5.08,-3.8002274,809
5.07,-2.4494689,809
5.0,-3.1617932,809
4.99,-3.533513,809
4.97,2.9518573,809
4.96,-1.9621488,809
7.86,-3.0788484,2368
8.7,-2.349516,6588
8.7,1.4175452,6588
8.52,2.3968673,6588
8.52,2.3601506,6588
8.52,2.5368788,6588
8.52,-1.7886497,6588
8.4,-0.5378811,6588
8.3,4.77195,6588
8.22,4.903488,6588
8.1,3.5763428,6588
7.96,3.5002933,6588
7.89,0.4797395,6588
7.8,-0.29189432,6588
7.58,0.6439211,6588
9.21,-2.7841437,13097
9.15,5.8228645,13097
9.05,-2.561807,13097
5.66,-1.1040232,12704
7.96,2.7253547,12210
7.7,3.622265,12210
7.55,-4.4064503,12210
7.21,-2.1011794,16230
6.37,0.15325347,16230
6.22,2.8373003,16230
6.19,0.32656,16230
6.03,4.3906617,16230
5.6,-2.1164534,16230
6.73,6.0260634,8194
7.58,3.2708178,3952
7.0,1.5019737,16494
6.8,-0.7599718,16494
6.8,2.541268,16494
6.7,2.0938866,16494
6.6,2.5770838,16494
6.6,-1.5950289,16494
6.6,3.9452782,16494
6.6,-1.9790281,16494
6.5,1.1255705,16494
6.5,0.5588917,16494
6.5,0.2022466,16494
6.4,-1.5649842,16494
6.2,-1.9328824,16494
6.0,-1.2515073,16494
5.8,-1.6057533,16494
5.8,-3.949155,16494
5.8,-3.6825063,16494
5.8,-2.6903787,16494
5.1,-3.4182286,16494
5.1,-4.006061,16494
5.1,-2.3617272,16494
4.89,-0.19640598,16218
4.43,-3.7184625,16218
8.09,0.7504843,8822
5.68,-0.49696955,15517
5.06,5.0752854,15517
8.22,0.9767347,689
7.92,-0.78069717,689
7.51,1.1721783,689
7.41,-2.1114867,689
6.18,-5.6788583,13861
6.4,4.7130885,15628
6.16,1.2205304,15628
6.16,-1.6692318,15628
6.0,0.3036451,15628
5.85,-1.3980955,15628
5.7,0.8053347,15628
5.6,-0.79173094,15628
5.57,-2.7375972,15628
5.52,-0.43504566,15628
5.46,0.73620236,15628
5.1,0.79420143,15628
5.24,-6.1620374,1627
8.52,4.6327753,8746
8.82,0.1216333,10537
6.89,4.0430284,5550
6.06,3.1963513,16851
7.46,0.5095455,4580
8.28,6.250827,11865
7.3,-1.7716608,11865
6.76,2.9860017,1952
6.73,1.4485105,1952
6.71,2.849798,1952
6.52,-0.13213903,1952
6.38,-0.8448011,1952
6.35,1.5315349,1952
6.31,-0.52906734,1952
6.23,-0.057892904,1952
6.23,1.0086684,1952
6.19,-0.44129345,1952
6.16,0.98799366,1952
6.1,0.07061918,1952
6.06,0.15549299,1952
6.05,-1.505289,1952
6.05,-1.2938144,1952
6.02,-0.33189702,1952
5.98,-1.2063259,1952
5.92,-0.6380934,1952
5.88,0.5640843,1952
5.87,-4.31382,1952
5.78,-4.4562454,1952
5.74,0.34728977,1952
5.72,-0.17823908,1952
5.67,0.76616937,1952
5.65,-0.7796565,1952
5.57,0.19199234,1952
5.51,1.7403101,1952
5.48,-1.711915,1952
5.44,-0.5142594,1952
5.21,-5.556418,1952
5.07,-5.6597342,1952
5.07,-3.464241,1952
5.8,3.8637886,7190
5.68,6.4949985,7190
5.41,8.430472,7190
5.13,6.4323397,7190
5.03,0.36494297,7190
4.21,8.095336,7190
7.64,1.1469566,14084
4.83,-3.8186707,15316
9.7,5.108885,13806
9.4,2.6665776,13806
9.3,1.7319453,13806
9.3,0.93954426,13806
9.22,-0.048620738,13806
9.15,5.7178335,13806
9.15,-0.07405248,13806
9.1,3.7293468,13806
9.1,0.96064967,13806
9.1,-0.628351,13806
9.1,3.3410928,13806
9.1,3.6345747,13806
9.0,3.7635806,13806
8.96,3.3685877,13806
8.92,4.6466436,13806
8.92,3.9552283,13806
8.89,4.9773836,13806
8.87,4.743609,13806
8.85,3.7668417,13806
8.85,-0.79075533,13806
8.85,1.3031358,13806
8.8,1.3487759,13806
8.72,3.1626706,13806
8.72,4.0989513,13806
8.72,2.7804234,13806
8.7,-0.26929232,13806
8.68,3.3602815,13806
8.66,2.739379,13806
8.66,2.7578459,13806
8.6,3.4108682,13806
8.35,-0.09741197,13806
8.08,-1.21366,13806
7.96,2.3453507,13806
7.79,0.4464451,13806
7.76,-0.3986055,13806
7.63,-2.3586786,13806
7.58,-0.29843748,13806
7.5,4.6721916,13806
7.28,-0.7604395,13806
7.16,-2.7739844,13806
7.03,-3.6421466,13806
7.02,3.597183,13806
7.01,-1.484464,13806
6.81,3.7450469,13806
6.23,3.7600307,13806
6.01,1.2317727,13806
5.27,2.4007468,13806
7.75,-0.8065646,391
7.38,-5.16491,391
7.51,5.363301,17271
5.55,-0.6994075,15727
10.24,0.60636646,8107
10.12,2.2718966,8107
10.09,1.6345485,8107
10.08,1.962557,8107
10.07,0.60636646,8107
10.04,-1.8175582,8107
10.02,1.6963639,8107
10.02,2.1312377,8107
10.0,-0.946929,8107
9.96,1.4978944,8107
9.92,1.7037311,8107
9.89,1.2515894,8107
9.89,1.528936,8107
9.89,0.6238609,8107
9.89,1.6345485,8107
9.89,0.53703904,8107
9.85,1.5927187,8107
9.8,0.5301488,8107
9.8,2.3085043,8107
9.77,1.8714138,8107
9.77,0.920044,8107
9.77,2.1312377,8107
9.74,-1.5567932,8107
9.74,1.9817063,8107
9.72,-0.4434701,8107
9.72,-1.7756466,8107
9.7,0.23119974,8107
9.7,0.72013414,8107
9.68,1.225138,8107
9.68,1.7224184,8107
9.68,2.9695923,8107
9.68,0.36232966,8107
9.66,1.9510351,8107
9.66,-2.7412484,8107
9.66,0.71348876,8107
9.64,0.8080811,8107
9.62,-2.9366698,8107
9.59,0.09887711,8107
9.57,0.19572508,8107
9.57,1.508803,8107
9.55,1.8027087,8107
9.55,0.9267559,8107
9.55,1.8627214,8107
9.55,0.7134884,8107
9.54,0.6831075,8107
9.52,1.5093476,8107
9.51,1.0492153,8107
9.47,2.1190972,8107
9.41,1.225138,8107
9.41,2.028279,8107
9.4,2.3653893,8107
9.4,0.4185573,8107
9.39,1.5178221,8107
9.39,-1.5070374,8107
9.39,0.3094828,8107
9.36,1.0002338,8107
9.35,-0.45630974,8107
9.35,-0.16257188,8107
9.35,1.2371151,8107
9.35,1.6345483,8107
9.34,1.7735437,8107
9.34,1.2249508,8107
9.3,1.4582316,8107
9.3,0.7484115,8107
9.29,1.1755061,8107
9.28,0.7194805,8107
9.28,0.017762795,8107
9.28,0.9200439,8107
9.27,0.26113552,8107
9.27,0.9775235,8107
9.26,1.9069706,8107
9.24,1.8243322,8107
9.24,0.99361557,8107
9.23,-0.62096435,8107
9.2,0.6259952,8107
9.2,0.61439466,8107
9.19,-0.038910206,8107
9.19,1.1754379,8107
9.17,-1.6409191,8107
9.17,1.4095397,8107
9.14,0.11035114,8107
9.13,-0.6295723,8107
9.12,0.81721306,8107
9.12,0.95673263,8107
9.12,0.9000353,8107
9.11,0.6063674,8107
9.11,1.4515646,8107
9.09,1.1794864,8107
9.07,0.49307764,8107
9.03,1.6345483,8107
9.03,1.0133532,8107
9.01,-0.38126677,8107
9.0,1.6889485,8107
8.96,-0.09348095,8107
8.96,-0.323771,8107
8.96,-0.025619527,8107
8.92,-0.97763914,8107
8.92,1.8684558,8107
8.92,0.4526446,8107
8.89,2.172597,8107
8.89,0.17664275,8107
8.89,1.962557,8107
8.89,1.7213088,8107
8.89,1.8147497,8107
8.85,-0.40809643,8107
8.85,1.4963665,8107
8.82,-1.4024433,8107
8.82,0.881925,8107
8.82,1.2650377,8107
8.82,1.3196707,8107
8.82,1.9643618,8107
8.8,0.09887711,8107
8.8,1.4439889,8107
8.77,1.5905699,8107
8.74,2.0489545,8107
8.74,1.5093476,8107
8.74,1.2107459,8107
8.72,-0.18307033,8107
8.72,1.5215944,8107
8.72,1.621892,8107
8.72,-0.53937274,8107
8.72,0.19339809,8107
8.7,0.6627403,8107
8.7,-4.942901,8107
8.68,-2.6020722,8107
8.66,1.2149805,8107
8.66,-0.0955015,8107
8.66,0.22553688,8107
8.66,-0.00028691255,8107
8.64,2.3202088,8107
8.6,0.23815048,8107
8.6,-0.33271584,8107
8.59,2.2718956,8107
8.57,0.58090675,8107
8.57,0.074722596,8107
8.52,-1.8175582,8107
8.51,1.0225952,8107
8.49,-0.06825517,8107
8.48,0.099261515,8107
8.43,1.6345483,8107
8.43,2.2916696,8107
8.42,0.27960414,8107
8.41,1.5179614,8107
8.4,0.7134884,8107
8.4,-1.1144975,8107
8.39,1.6345483,8107
8.36,2.3346612,8107
8.34,1.6345483,8107
8.34,0.736955,8107
8.34,1.36559,8107
8.32,-1.0802176,8107
8.28,-1.8175582,8107
8.28,0.6941045,8107
8.26,1.1639127,8107
8.2,0.90178066,8107
8.2,2.9800687,8107
8.19,-1.9836457,8107
8.18,1.7812555,8107
8.17,0.60636646,8107
8.16,-0.010403641,8107
8.14,-2.6453233,8107
8.14,1.7286617,8107
8.12,1.6345485,8107
8.11,1.8178602,8107
8.09,0.6617518,8107
8.05,1.7509229,8107
8.02,0.71348876,8107
8.01,1.4679673,8107
7.97,-0.2901747,8107
7.94,1.5927188,8107
7.91,0.60528564,8107
7.9,1.7560188,8107
7.83,-1.9154559,8107
7.83,-0.9469291,8107
7.82,-0.946929,8107
7.81,1.1639127,8107
7.78,2.9800687,8107
7.76,-0.1767253,8107
7.75,1.881471,8107
7.62,0.84580714,8107
7.61,1.019819,8107
7.6,2.4355326,8107
7.56,-2.0630062,8107
7.43,0.5028229,8107
7.34,1.1755061,8107
7.31,-1.5984389,8107
7.29,-2.076646,8107
7.22,-0.80098635,8107
7.16,-4.5037823,8107
7.09,-1.1526974,8107
7.08,-0.44286814,8107
7.01,0.0880982,8107
6.87,0.55166924,8107
6.84,0.41896856,8107
6.81,-2.2680411,8107
6.71,-4.942901,8107
6.62,-5.092241,8107
6.62,0.59955066,8107
6.61,-0.29524246,8107
6.57,-5.0935154,8107
6.55,0.82994235,8107
6.54,-0.09914201,8107
6.54,-1.6307557,8107
6.12,0.4101379,8107
7.0,6.5902004,9327
6.5,0.39901826,9327
8.52,-0.19177777,15824
8.4,3.6945252,15824
8.3,4.660755,15824
8.3,-1.1223742,15824
8.22,3.9623108,15824
8.1,3.2024386,15824
7.82,-1.083764,15824
7.82,0.16620451,15824
7.62,3.7177541,15824
7.46,4.657491,15824
7.43,4.3364725,15824
7.42,-1.7098184,15824
7.3,-1.8707321,15824
7.3,3.1395319,15824
7.28,-0.16290879,15824
7.02,3.1395319,15824
7.0,4.660755,15824
6.89,2.8615918,15824
6.89,-3.0759766,15824
6.75,-4.9029264,15824
6.64,-0.6328281,15824
6.57,-3.721025,15824
6.52,4.6574903,15824
6.52,2.8615918,15824
6.52,-1.8829623,15824
6.46,3.7177541,15824
6.4,-5.046795,15824
6.39,-1.1430622,15824
6.22,0.16620454,15824
5.7,-3.0759766,15824
5.3,-1.1430624,15824
5.4,-1.6175336,6847
8.0,2.5155523,15455
7.4,2.9911535,15455
6.96,-3.1369698,15455
6.75,10.328725,9494
6.58,-0.25611168,9494
7.66,-0.6308098,15491
7.54,1.3039266,15491
7.46,2.7765737,15491
7.05,2.2135365,15491
7.01,0.5223971,15491
6.96,2.2135365,15491
6.85,-1.9627941,15491
6.77,1.607699,15491
6.75,1.0160083,15491
6.65,1.4299774,15491
6.52,-5.2613535,15491
6.47,4.4491024,15491
6.4,-2.3990107,15491
6.28,0.85729903,15491
6.24,2.778772,15491
6.22,-5.7053113,15491
6.18,0.8737297,15491
6.14,-0.11933396,15491
6.1,2.2212386,15491
5.9,1.5657703,15491
5.57,1.6239041,15491
5.49,-3.6509774,15491
5.29,-0.6994599,15491
5.17,2.5887644,15491
6.52,1.1713815,1777
5.25,-2.8378904,1777
5.21,-2.194427,1777
5.04,-3.3600817,1777
4.9,-1.4700541,1777
4.79,0.30144563,1777
4.76,0.9564145,1777
4.64,0.81259716,1777
4.53,2.3482332,1777
8.92,1.2462758,17376
8.82,-0.441302,17376
8.8,2.4111977,17376
8.7,4.1284914,17376
8.68,3.5338404,17376
8.6,4.345045,17376
8.55,1.6717366,17376
8.52,3.0774517,17376
8.47,2.3527653,17376
8.17,1.5382408,17376
8.05,1.3552157,17376
8.03,2.0274265,17376
8.02,-0.10490691,17376
7.92,1.6793605,17376
7.92,1.0098833,17376
7.89,-0.82217836,17376
7.82,2.1236331,17376
7.82,-0.2556107,17376
7.77,2.2834444,17376
7.68,-1.0012438,17376
7.68,-0.44986403,17376
7.37,1.4417216,17376
7.37,-1.7085712,17376
7.34,0.18735084,17376
7.13,0.81980735,17376
7.03,-1.306954,17376
6.51,-3.2889102,17376
6.44,-2.9219973,17376
7.11,-6.0599523,13869
6.97,-6.383256,13869
6.92,-9.884235,13869
6.88,-2.203694,13869
6.84,-1.445904,13869
6.61,-8.5177145,13869
6.45,-9.830695,13869
5.55,-0.43027687,2547
9.0,3.1317039,7200
8.7,3.9221914,7200
8.7,-0.56423384,7200
8.52,3.498453,7200
8.52,0.07939399,7200
8.52,0.27831677,7200
8.52,0.9631466,7200
8.52,1.8685974,7200
8.52,1.4666713,7200
8.52,-3.0245888,7200
8.4,3.265116,7200
8.4,3.1711886,7200
8.4,-0.23607466,7200
8.4,0.3751705,7200
8.4,-0.7117799,7200
8.4,1.1133678,7200
8.4,1.449181,7200
8.4,1.9006537,7200
8.4,1.9923712,7200
8.3,0.44501457,7200
8.3,0.9304951,7200
8.22,-0.44970545,7200
8.22,-0.27803743,7200
8.15,2.7856014,7200
8.0,2.3552918,7200
8.0,-0.1496759,7200
7.96,0.11498224,7200
7.89,-2.1923418,7200
7.82,-3.8489587,7200
7.75,-2.551846,7200
7.75,-0.49591574,7200
7.66,-2.6171024,7200
7.57,-0.8576766,7200
7.57,2.4570644,7200
7.55,3.4949355,7200
7.54,-2.488802,7200
7.42,-3.958938,7200
7.4,-4.788241,7200
7.39,-0.5745365,7200
7.37,2.3581233,7200
7.32,-4.014207,7200
7.2,-3.8971481,7200
7.19,-4.5550227,7200
7.11,-4.045313,7200
7.09,-4.2582555,7200
7.06,1.5769702,7200
7.03,-5.4784694,7200
7.03,-2.5185442,7200
7.02,-4.42421,7200
7.01,-3.7121809,7200
6.97,-3.219314,7200
6.67,-4.283094,7200
6.54,-3.963238,7200
6.52,0.98461443,7200
6.48,-4.453068,7200
6.42,-1.3587452,7200
6.39,-3.282849,7200
6.37,-2.8313565,7200
6.34,-3.8997204,7200
6.32,1.539646,7200
6.31,-1.6757363,7200
6.29,-4.30429,7200
6.23,-2.5794091,7200
6.2,-5.5370483,7200
6.18,-3.9425895,7200
6.17,-3.9003944,7200
5.72,-1.48865,9306
4.68,-2.267922,1875
4.67,-0.065946534,1875
6.12,0.46244413,15714
5.95,-1.7115304,15714
6.9,1.4957082,10732
6.47,0.15142,10732
6.45,2.091773,10732
6.31,0.6469465,10732
6.21,-1.1251637,10732
5.88,-1.1039996,10732
5.81,-1.9733356,10732
5.21,0.2755131,3692
5.0,-2.2797003,3692
4.99,-2.0482564,3692
4.94,-0.195672,3692
4.87,-1.3556676,3692
4.54,-0.27105552,3692
5.95,-1.713741,6565
5.92,0.93250144,6565
5.81,-1.7297436,6565
5.56,-3.9020293,6565
5.35,-2.7941086,6565
5.24,-2.4356985,6565
5.21,-0.26898474,6565
5.18,-1.1164464,6565
5.16,-1.791038,6565
5.13,2.6042376,6565
5.08,-2.0876207,6565
4.77,-4.398514,6565
4.72,-1.7128901,6565
4.56,-0.7124477,6565
5.6,2.5794241,5601
5.23,-3.6830347,5601
5.21,2.0723655,5601
9.0,1.9498183,10186
9.0,0.20096755,10186
8.52,-0.6308103,10186
8.52,-0.1646235,10186
8.22,0.70425516,10186
8.1,-2.5870585,10186
7.92,-0.89111596,10186
7.92,2.1677854,10186
7.85,2.301216,10186
7.82,-0.4752376,10186
7.72,2.301216,10186
7.68,2.8229923,10186
7.68,2.4038684,10186
7.68,2.0059257,10186
7.57,0.74717194,10186
7.5,-0.12654814,10186
7.47,0.66779774,10186
7.43,-0.1894559,10186
7.17,3.4593575,10186
7.14,2.583673,10186
7.12,0.9021085,10186
7.09,-3.3667006,10186
7.08,2.1738079,10186
7.06,0.068695754,10186
7.02,0.8292688,10186
6.96,-0.18534273,10186
6.93,0.3522836,10186
6.92,-1.8967698,10186
6.85,-1.6831919,10186
6.85,-0.9006577,10186
6.75,-1.9864049,10186
6.66,2.3970208,10186
6.6,-1.0790983,10186
6.57,2.8580246,10186
6.5,2.8580244,10186
6.46,-3.0614047,10186
6.41,1.4971131,10186
6.16,-0.44268167,10186
5.89,1.5466639,10186
5.62,0.9950959,10186
5.42,-2.2241,10186
7.1,2.6351488,11252
7.08,2.697915,11252
7.05,-4.8814244,11252
7.02,-3.104576,11252
6.59,-0.27722386,11252
6.55,-3.4644635,11252
6.4,-2.4948604,11252
6.39,1.940398,11252
6.38,-0.47222832,11252
6.33,-4.8407035,11252
6.2,-3.3697588,11252
6.19,-3.5832298,11252
6.08,-2.7688477,11252
4.43,-3.366206,11469
7.36,3.1956158,13846
7.3,1.381034,13846
7.28,3.8000712,13846
7.23,-0.07306079,13846
7.2,3.5415974,13846
7.0,-1.7911777,13846
6.89,3.0262585,13846
6.6,-0.93432575,13846
6.51,1.2108967,13846
6.44,0.46331593,13846
6.12,1.6726964,13846
6.62,1.8579828,10908
6.47,-0.8785402,10908
6.23,2.270953,10908
8.6,1.7678291,10530
8.26,4.5938067,10530
5.84,0.073560245,10605
8.7,-1.0667154,13422
9.7,1.6199633,14069
5.23,-1.0108835,8925
7.72,2.155277,7340
7.5,2.8453028,7340
7.31,-0.84341985,7340
6.75,0.7419385,7340
6.61,-0.95796156,7340
6.45,0.89219266,7340
6.12,0.4024892,7340
5.99,1.1869047,7340
5.58,0.96832585,7340
4.8,-3.6115143,7340
8.08,1.6833202,7558
7.97,1.4686054,7558
7.96,2.761571,7558
7.96,3.2581587,7558
7.95,3.8728535,7558
7.93,3.4835138,7558
7.92,2.8107708,7558
7.9,3.0537674,7558
7.88,1.6716005,7558
7.86,1.6248778,7558
7.85,2.3220534,7558
7.83,1.8348753,7558
7.78,1.3533009,7558
7.78,2.6719785,7558
7.76,0.4477526,7558
7.76,4.2648487,7558
7.75,1.6564616,7558
7.75,1.7409286,7558
7.75,1.1519123,7558
7.74,2.912886,7558
7.74,3.5004482,7558
7.74,3.8178222,7558
7.74,3.480938,7558
7.73,-0.057838876,7558
7.72,1.6982088,7558
7.7,4.252078,7558
7.69,2.53988,7558
7.69,2.1455371,7558
7.69,1.1491474,7558
7.69,2.9549181,7558
7.69,0.5345998,7558
7.69,4.1333246,7558
7.68,1.185489,7558
7.68,3.3750582,7558
7.68,1.8952508,7558
7.68,2.1099792,7558
7.67,2.276553,7558
7.66,2.939408,7558
7.65,-0.58621967,7558
7.65,2.9014611,7558
7.64,-0.13978866,7558
7.64,3.3689935,7558
7.63,3.326685,7558
7.63,2.3853292,7558
7.63,1.6655059,7558
7.63,-3.8262184,7558
7.62,1.8791242,7558
7.61,3.2893019,7558
7.61,-0.026322357,7558
7.6,-0.5974768,7558
7.6,0.24847734,7558
7.59,0.38696843,7558
7.59,3.2767913,7558
7.59,-1.287519,7558
7.58,0.19730264,7558
7.58,3.5736413,7558
7.57,0.573636,7558
7.57,1.9794809,7558
7.57,2.967832,7558
7.57,0.26933056,7558
7.56,-0.0145288855,7558
7.56,2.9548404,7558
7.55,3.360981,7558
7.54,2.273043,7558
7.54,2.4768496,7558
7.53,2.5979974,7558
7.53,2.5398917,7558
7.52,4.36661,7558
7.52,1.7192118,7558
7.52,-0.88229513,7558
7.51,0.98169,7558
7.5,2.574275,7558
7.5,0.2719622,7558
7.49,1.1809326,7558
7.49,2.0856442,7558
7.49,1.6133631,7558
7.48,2.3602526,7558
7.48,1.6353409,7558
7.47,1.7579225,7558
7.47,0.32897604,7558
7.47,0.14036009,7558
7.47,2.773783,7558
7.47,-0.8822946,7558
7.47,1.4845046,7558
7.47,0.18369639,7558
7.47,0.54258734,7558
7.46,3.3951366,7558
7.46,3.11637,7558
7.46,3.5633118,7558
7.44,2.7772596,7558
7.44,-0.09674547,7558
7.44,1.9939836,7558
7.44,2.4139392,7558
7.43,1.1865957,7558
7.43,0.8282189,7558
7.43,2.24168,7558
7.43,-0.18259725,7558
7.43,0.5071103,7558
7.42,1.5738404,7558
7.42,3.5244737,7558
7.41,3.9361846,7558
7.41,1.3896596,7558
7.41,0.5019219,7558
7.4,5.0353026,7558
7.4,3.199298,7558
7.4,2.256194,7558
7.39,-0.28122675,7558
7.39,2.0384316,7558
7.39,2.9474924,7558
7.39,2.5808475,7558
7.39,-0.8185179,7558
7.39,2.8750908,7558
7.39,2.63631,7558
7.38,-1.2295882,7558
7.37,3.609543,7558
7.37,3.4037213,7558
7.37,2.1591237,7558
7.37,0.47890383,7558
7.37,1.1209005,7558
7.36,-0.22624972,7558
7.35,1.2439936,7558
7.35,2.7242446,7558
7.35,0.64596164,7558
7.34,0.7984932,7558
7.34,2.7507384,7558
7.34,2.8485663,7558
7.34,3.3595545,7558
7.33,-0.49157563,7558
7.33,3.5360577,7558
7.33,3.8551738,7558
7.33,2.4799767,7558
7.32,2.2117972,7558
7.32,-1.0361143,7558
7.32,2.3335073,7558
7.31,2.1266186,7558
7.31,3.6113355,7558
7.31,3.2687962,7558
7.31,2.6402564,7558
7.31,2.601074,7558
7.31,1.5098614,7558
7.3,3.1640375,7558
7.28,2.741008,7558
7.28,-2.2678902,7558
7.28,2.4920123,7558
7.27,1.4338325,7558
7.27,3.4091158,7558
7.27,0.04819552,7558
7.26,2.6688726,7558
7.26,1.9770743,7558
7.26,2.0378575,7558
7.26,2.7478113,7558
7.26,1.8208059,7558
7.26,-0.29823744,7558
7.26,1.3741525,7558
7.25,1.988607,7558
7.25,2.3072722,7558
7.24,1.2649199,7558
7.24,3.4683,7558
7.24,1.3058757,7558
7.24,0.30057567,7558
7.24,2.1411707,7558
7.23,3.3045096,7558
7.23,-0.08208049,7558
7.23,1.9131361,7558
7.23,0.2324926,7558
7.23,2.761344,7558
7.23,2.326645,7558
7.22,2.0454893,7558
7.22,2.5080183,7558
7.22,-2.5950208,7558
7.21,1.491584,7558
7.2,2.256194,7558
7.2,4.0698476,7558
7.2,1.1958843,7558
7.2,0.55349207,7558
7.2,2.4847555,7558
7.2,3.053793,7558
7.19,1.0847973,7558
7.19,3.3775878,7558
7.19,1.2988495,7558
7.18,1.7324041,7558
7.18,2.653262,7558
7.18,1.6936604,7558
7.18,2.1283112,7558
7.18,2.422126,7558
7.18,-0.8247604,7558
7.17,1.7862014,7558
7.17,1.2225964,7558
7.17,0.5332475,7558
7.16,3.2052143,7558
7.16,1.4845041,7558
7.16,0.5045995,7558
7.16,0.975231,7558
7.16,1.2578299,7558
7.16,2.4513364,7558
7.15,0.9867721,7558
7.15,0.9893337,7558
7.14,2.3438427,7558
7.14,2.308865,7558
7.14,-2.743941,7558
7.14,2.076958,7558
7.14,2.2192109,7558
7.14,1.8042351,7558
7.13,3.64501,7558
7.13,3.4864569,7558
7.13,2.0061803,7558
7.13,2.2416809,7558
7.12,0.54593885,7558
7.12,3.2107131,7558
7.12,1.2698847,7558
7.12,2.484756,7558
7.12,3.1284528,7558
7.11,1.9635447,7558
7.11,0.6262384,7558
7.11,3.2434206,7558
7.11,2.1385663,7558
7.11,2.4786413,7558
7.11,1.338213,7558
7.1,4.0264373,7558
7.1,1.430124,7558
7.1,3.4649446,7558
7.1,2.6553824,7558
7.09,2.9723408,7558
7.09,2.4887605,7558
7.08,3.1333616,7558
7.08,1.6813151,7558
7.08,3.3389456,7558
7.08,1.3691844,7558
7.08,2.0846517,7558
7.08,1.0071225,7558
7.07,1.4869386,7558
7.07,0.66128176,7558
7.07,2.4488478,7558
7.07,2.2378361,7558
7.07,1.4652687,7558
7.07,0.6981897,7558
7.07,2.0576353,7558
7.07,0.7240545,7558
7.07,1.9126447,7558
7.07,0.48699528,7558
7.06,0.8179653,7558
7.06,0.1673953,7558
7.06,-0.10602283,7558
7.06,1.7866435,7558
7.05,-0.08208049,7558
7.05,2.6790533,7558
7.05,-2.4129436,7558
7.05,-1.3364623,7558
7.05,1.829573,7558
7.05,-2.3112452,7558
7.05,3.5076413,7558
7.05,-0.8929946,7558
7.04,0.65641695,7558
7.04,1.4130927,7558
7.04,2.7727385,7558
7.04,0.37072802,7558
7.04,2.8688717,7558
7.04,1.4044095,7558
7.03,2.6432393,7558
7.03,2.0934336,7558
7.02,2.3072717,7558
7.02,1.5131212,7558
7.02,4.2104464,7558
7.02,2.4529874,7558
7.02,-1.0217603,7558
7.02,2.334327,7558
7.02,1.0854834,7558
7.01,2.5147893,7558
7.01,0.4990855,7558
7.01,3.0997136,7558
7.01,3.673276,7558
7.01,2.1222622,7558
7.01,0.6148694,7558
7.01,-0.18879989,7558
7.0,1.5477812,7558
7.0,4.3170676,7558
7.0,0.55259013,7558
7.0,2.8742406,7558
7.0,3.1016974,7558
6.99,2.4459174,7558
6.99,3.314091,7558
6.99,-0.23617944,7558
6.99,2.526461,7558
6.98,0.81309134,7558
6.98,2.2186933,7558
6.98,1.1816273,7558
6.98,3.0053196,7558
6.98,3.149074,7558
6.98,0.051776357,7558
6.98,3.030657,7558
6.97,-2.221769,7558
6.97,2.5671003,7558
6.96,3.5635579,7558
6.96,2.9777853,7558
6.96,1.503093,7558
6.95,2.3495574,7558
6.95,-0.6534583,7558
6.95,2.102617,7558
6.95,3.7324393,7558
6.95,0.060825467,7558
6.94,2.9903617,7558
6.93,2.7208223,7558
6.93,3.3261776,7558
6.93,0.558702,7558
6.93,0.011690833,7558
6.92,0.6038045,7558
6.92,1.3567196,7558
6.92,-2.6116626,7558
6.91,2.484756,7558
6.91,0.09611059,7558
6.91,2.5230575,7558
6.91,2.4459174,7558
6.91,1.406854,7558
6.9,1.4241728,7558
6.9,-0.8247597,7558
6.9,2.571736,7558
6.9,0.23485693,7558
6.9,2.1444075,7558
6.89,2.1103532,7558
6.88,1.3537071,7558
6.87,0.74833494,7558
6.87,2.0038204,7558
6.87,0.5191551,7558
6.87,0.57678825,7558
6.87,1.8638688,7558
6.87,-2.4129443,7558
6.87,2.413272,7558
6.86,1.0840487,7558
6.86,3.215377,7558
6.86,1.5131212,7558
6.86,1.274609,7558
6.86,0.44461736,7558
6.86,2.248786,7558
6.86,3.4366832,7558
6.86,-2.4129436,7558
6.86,2.530591,7558
6.86,0.8678942,7558
6.86,-2.6116626,7558
6.86,2.399688,7558
6.85,1.2398381,7558
6.85,1.544614,7558
6.85,1.1022848,7558
6.84,1.853922,7558
6.83,-2.1351798,7558
6.83,1.988607,7558
6.82,-0.41506916,7558
6.81,2.5530024,7558
6.81,0.9752311,7558
6.79,2.0115373,7558
6.79,1.8093076,7558
6.79,3.660247,7558
6.79,2.8028426,7558
6.79,2.9903617,7558
6.78,3.898959,7558
6.78,0.7952008,7558
6.78,2.3800395,7558
6.78,2.145105,7558
6.78,2.0100656,7558
6.77,2.9903617,7558
6.77,2.8498762,7558
6.76,0.63037735,7558
6.76,0.61405134,7558
6.76,0.33924264,7558
6.76,1.4942036,7558
6.76,2.090265,7558
6.75,1.6734264,7558
6.75,4.197321,7558
6.75,2.0105665,7558
6.75,1.1811042,7558
6.75,0.86789376,7558
6.75,-1.3632108,7558
6.75,1.3726132,7558
6.74,2.7662363,7558
6.74,3.7936306,7558
6.72,1.8894882,7558
6.72,1.6662276,7558
6.72,2.566699,7558
6.72,2.1890562,7558
6.71,2.0736616,7558
6.71,2.3114753,7558
6.71,2.1965885,7558
6.7,3.6778395,7558
6.7,3.7644098,7558
6.7,1.283193,7558
6.7,1.3656784,7558
6.7,1.1716818,7558
6.7,0.54396445,7558
6.7,2.4459174,7558
6.69,1.3441585,7558
6.69,0.12677506,7558
6.68,0.8678942,7558
6.68,3.6490948,7558
6.68,1.3350722,7558
6.68,2.8602855,7558
6.68,0.28314376,7558
6.67,0.039416604,7558
6.66,1.1716822,7558
6.66,1.5453516,7558
6.66,-0.44911328,7558
6.65,1.146823,7558
6.65,3.1431398,7558
6.65,2.0541198,7558
6.64,0.6981899,7558
6.64,0.12677506,7558
6.64,0.51263106,7558
6.64,3.267258,7558
6.63,2.234216,7558
6.63,1.5129459,7558
6.63,1.4385828,7558
6.63,3.946624,7558
6.62,3.1123025,7558
6.62,2.1262074,7558
6.61,0.013559632,7558
6.61,1.2985114,7558
6.61,3.2213712,7558
6.61,-2.191944,7558
6.61,2.1332955,7558
6.61,-1.7032915,7558
6.6,1.4867748,7558
6.6,2.1576848,7558
6.59,-1.5467223,7558
6.59,0.9764922,7558
6.59,-2.3340945,7558
6.58,1.4258975,7558
6.57,1.988607,7558
6.57,1.6607804,7558
6.57,3.3083131,7558
6.57,1.1657414,7558
6.56,-2.6116636,7558
6.55,0.8498908,7558
6.54,-0.5392501,7558
6.54,0.69337046,7558
6.53,2.3672862,7558
6.52,3.388522,7558
6.52,-0.9643575,7558
6.52,0.72366655,7558
6.51,2.046921,7558
6.51,1.4179068,7558
6.51,3.55924,7558
6.49,-0.584857,7558
6.49,2.4970777,7558
6.49,-1.2773476,7558
6.48,1.3362422,7558
6.47,4.1973205,7558
6.47,0.51898795,7558
6.47,2.2794435,7558
6.46,-3.135131,7558
6.46,3.7761748,7558
6.46,1.9837457,7558
6.45,3.976277,7558
6.44,-0.29380566,7558
6.44,1.283193,7558
6.44,-0.049663126,7558
6.43,-0.49713862,7558
6.43,1.8735985,7558
6.42,3.3154643,7558
6.42,1.3659145,7558
6.4,-2.6461535,7558
6.4,-0.3765216,7558
6.39,-1.0496649,7558
6.39,-1.7363498,7558
6.38,1.5143373,7558
6.37,0.3403316,7558
6.35,1.8596601,7558
6.35,1.9349657,7558
6.34,2.0964136,7558
6.34,2.238255,7558
6.33,3.1363728,7558
6.32,-1.2048316,7558
6.32,3.3122995,7558
6.31,-1.1964152,7558
6.31,-0.427614,7558
6.31,0.31781203,7558
6.31,0.7788425,7558
6.29,-0.81160194,7558
6.29,2.1239638,7558
6.27,1.6837627,7558
6.26,1.1228131,7558
6.26,1.9177767,7558
6.25,-2.1949098,7558
6.25,2.017977,7558
6.24,2.311933,7558
6.23,0.64382786,7558
6.23,3.0173457,7558
6.23,0.7684405,7558
6.22,1.4943053,7558
6.22,1.5708083,7558
6.21,0.994085,7558
6.21,-1.9945554,7558
6.21,-1.0307466,7558
6.2,1.8058734,7558
6.2,-0.92521656,7558
6.2,-2.9700596,7558
6.2,0.67224866,7558
6.2,1.9191074,7558
6.19,0.6452437,7558
6.18,-3.2717278,7558
6.17,2.0252728,7558
6.17,-1.3592523,7558
6.17,0.3259018,7558
6.17,0.15071431,7558
6.16,-0.0504679,7558
6.16,0.049841687,7558
6.16,-1.6572822,7558
6.15,2.5861924,7558
6.14,1.4040626,7558
6.14,-0.49580717,7558
6.14,-1.9553729,7558
6.13,-1.0924302,7558
6.13,1.6510102,7558
6.12,-1.3421559,7558
6.11,-2.0625865,7558
6.1,2.9630458,7558
6.1,0.16391078,7558
6.1,-1.3450108,7558
6.09,-0.029331528,7558
6.09,1.3380202,7558
6.08,2.26522,7558
6.08,2.2053678,7558
6.08,1.2433778,7558
6.06,3.4493778,7558
6.06,-2.1446104,7558
6.05,0.33803797,7558
6.04,-0.73239195,7558
6.03,1.0776173,7558
6.02,0.8319267,7558
6.02,2.9339862,7558
6.01,1.8630413,7558
6.0,-3.0834363,7558
6.0,-3.787683,7558
6.0,-0.46750125,7558
6.0,0.3259018,7558
5.96,0.89313465,7558
5.92,-3.9841404,7558
5.91,0.17213571,7558
5.82,-0.26878947,7558
5.8,-1.1348897,7558
5.78,0.9395932,7558
5.74,-0.65028405,7558
5.71,3.7968616,7558
5.3,-2.6620193,7558
6.87,-1.5159857,4704
4.98,-3.8719323,8716
4.3,2.6481626,8716
4.25,2.3670826,8716
4.12,2.6460392,8716
4.29,-7.874553,5298
6.55,2.3572903,10399
6.1,1.74987,10399
6.03,-5.2497644,10399
5.73,-0.13519365,10399
5.72,-1.1905667,10399
5.46,-2.1383882,10399
5.29,-2.640186,10399
5.02,-3.8116677,10399
4.98,-1.6861475,10399
4.75,-3.756125,10399
4.74,-3.7128851,10399
4.72,-3.236238,10399
4.61,-5.222004,10399
4.49,-5.494548,10399
4.42,-5.327095,10399
4.37,-5.9436135,10399
5.24,2.6658528,4770
5.23,2.112763,4770
4.82,1.6305823,4770
4.7,2.0424669,4770
4.48,0.3114375,4770
4.47,3.8462822,4770
4.41,0.8128651,4770
7.14,-4.4035797,13549
6.1,0.8912873,13549
5.7,0.5666972,5103
5.54,2.070721,5103
5.44,2.0805337,5103
5.41,0.886484,5103
4.9,0.7937463,5103
4.71,0.17096749,5103
4.7,1.2848301,5103
4.58,-2.3991795,5103
8.46,2.4880807,17136
8.25,0.2049672,17136
8.13,-3.99035,17136
7.68,-0.80512637,17136
7.47,0.24339467,17136
7.36,-0.9890488,17136
7.35,-1.7417749,17136
7.24,1.7118558,17136
7.12,-5.452,17136
6.92,-1.7305863,17136
6.86,1.5775102,17136
6.6,-4.435842,17136
6.33,-5.0650716,17136
5.28,-0.17823324,4098
7.4,4.3356724,1883
7.3,5.526943,1883
7.3,5.197104,1883
7.22,3.421204,1883
6.4,-0.051256686,1883
6.22,-1.3338327,1883
6.22,-1.9838102,1883
6.22,-1.1856058,1883
6.22,2.136412,1883
6.16,0.7706496,1883
6.0,1.650234,1883
5.37,1.9534506,1883
5.26,6.6207643,1883
5.25,-3.324093,1883
5.24,-1.226386,1883
5.21,-3.8670895,1883
5.01,-3.906978,1883
6.92,3.0823975,16225
6.85,-2.1098967,16225
6.85,1.2895756,16225
6.8,4.521761,16225
6.77,3.582486,16225
6.75,4.492855,16225
6.66,-1.0951945,16225
6.66,2.6134677,16225
6.58,2.5416853,16225
6.57,1.2529026,16225
6.57,-0.71285236,16225
6.5,-0.9280782,16225
6.36,0.27145168,16225
6.33,-0.93759084,16225
6.32,-1.1870261,16225
6.3,1.1782955,16225
6.28,0.5452158,16225
6.25,0.059117787,16225
6.21,3.846019,16225
6.17,-1.2495277,16225
6.15,-0.23436281,16225
6.14,3.011333,16225
6.13,1.8302965,16225
6.12,-1.7893393,16225
6.11,3.2745907,16225
6.09,-1.5146863,16225
6.08,-0.06161567,16225
6.03,0.16246462,16225
5.97,2.373296,16225
5.91,0.9274148,16225
4.42,-4.520095,15720
4.26,5.2673435,15720
4.14,3.687397,15720
4.06,5.2673435,15720
6.98,0.7340097,13993
5.3,-2.867762,2268
7.7,-0.08452931,15516
7.1,0.39048707,15516
7.07,1.5561173,15516
6.96,-0.6311251,15516
6.87,-1.6552408,15516
6.68,-0.67468745,15516
6.42,1.6796435,15516
6.41,3.6799586,15516
6.24,1.1107246,15516
6.12,-3.2468147,15516
6.02,1.7948227,15516
6.0,1.6184269,15516
5.89,-3.2570326,15516
5.85,-3.1685572,15516
5.8,2.2080364,15516
5.68,1.5185696,15516
5.6,-1.1758213,15516
5.52,0.24515724,15516
5.35,-0.21462417,15516
5.3,-3.2121704,15516
7.41,-3.0128274,15032
4.3,-0.5147777,977
8.05,2.22605,9774
7.4,0.71497107,9774
7.05,4.328149,9774
9.05,-0.014024249,3994
8.74,-1.222259,3994
8.74,0.77576095,3994
8.62,1.517374,3994
8.41,0.6216789,3994
8.41,2.34159,3994
8.4,0.666354,3994
8.34,-1.2091204,3994
8.27,-0.37881932,3994
8.26,1.8180118,3994
8.15,-2.6565702,3994
8.13,2.8094192,3994
8.12,-1.9268563,3994
8.1,-0.066494845,3994
8.08,-0.26155952,3994
8.07,1.608478,3994
8.07,-0.75116795,3994
8.04,-2.284415,3994
8.03,0.73415685,3994
7.89,-0.6672117,3994
7.89,-2.020747,3994
7.85,0.10394146,3994
7.85,-1.859396,3994
7.82,-0.47860968,3994
7.77,-0.0058235526,3994
7.76,-4.0538006,3994
7.69,0.03199376,3994
7.54,-0.33276471,3994
7.49,-1.0110295,3994
7.42,-1.0557425,3994
7.2,-1.300377,3994
7.11,-1.2478521,3994
6.05,-0.5135338,2575
7.24,-0.40813816,3362
6.39,-4.0603285,3362
6.34,2.2397172,3362
8.7,3.3642817,7930
8.7,4.154199,7930
8.52,2.3466706,7930
8.52,2.6042988,7930
8.52,1.8203875,7930
8.52,3.4221811,7930
8.52,3.9909065,7930
8.52,3.2786992,7930
8.4,3.5555434,7930
8.4,2.8141973,7930
8.4,1.4743317,7930
8.4,3.7279763,7930
8.4,1.1330811,7930
8.3,3.7168894,7930
8.3,3.854343,7930
8.3,3.1788166,7930
8.3,-1.6806213,7930
8.22,2.8811443,7930
8.22,2.9793048,7930
8.15,-2.1072254,7930
8.15,0.93561304,7930
8.15,2.0503438,7930
8.15,1.8330743,7930
8.15,1.8222898,7930
8.15,-0.39747828,7930
8.15,3.7391374,7930
8.15,4.3166356,7930
8.05,-2.9210298,7930
8.05,-1.5749875,7930
8.05,1.663499,7930
8.0,3.570773,7930
8.0,0.6819126,7930
8.0,0.03010682,7930
7.96,0.11286809,7930
7.96,1.4971458,7930
7.96,2.4518428,7930
7.96,0.96130794,7930
7.96,-2.2841492,7930
7.96,-1.354399,7930
7.92,3.5267096,7930
7.89,0.62282115,7930
7.85,-0.38551223,7930
7.8,-1.072085,7930
7.8,3.5640774,7930
7.77,-1.6325755,7930
7.77,-2.7292392,7930
7.72,-3.8522348,7930
7.72,2.3860893,7930
7.7,-3.2153065,7930
7.7,1.6247222,7930
7.7,4.4295015,7930
7.68,2.916219,7930
7.62,-2.948077,7930
7.62,-2.0899343,7930
7.57,-2.5484886,7930
7.41,-3.8696244,7930
4.0,4.436101,7930
4.0,2.6146214,7930
6.21,-3.3370936,2238
7.1,6.868182,13470
5.89,-4.120493,12001
6.44,-5.94198,11730
6.18,-3.8143175,11730
4.25,-3.4226902,15567
8.68,2.6975021,10193
8.02,2.7619224,10193
7.77,2.4318194,15778
5.3,1.546308,17386
5.0,-3.456487,17386
4.92,2.0245788,17386
6.4,1.4618249,14313
9.7,-5.4839406,6031
9.52,-7.2068834,6031
9.22,-1.5097625,6031
7.35,-4.0565624,6031
6.87,-3.4944618,6031
6.76,-5.485143,6031
6.57,-3.026735,6031
6.48,-3.0646937,6031
6.3,-3.5141003,6031
5.57,-3.8423626,6031
4.89,-2.9337976,6031
4.47,-5.9461865,6031
7.27,3.9829848,4561
6.42,-4.724386,3220
6.36,0.34158117,3220
6.17,3.5991101,3220
6.11,4.5035477,3220
6.09,-3.9012544,3220
6.08,1.9339757,3220
6.01,-2.3012311,3220
4.51,-4.4945884,8131
4.37,-3.5133214,8131
4.24,-1.306124,8131
4.24,-4.925244,8131
4.21,-4.982987,8131
4.15,-5.0888042,8131
4.12,1.1825544,8131
4.05,-4.020815,8131
9.15,3.799617,17041
9.0,3.7477033,17041
9.0,1.0586963,17041
8.96,2.895393,17041
8.82,2.3911736,17041
8.77,3.5680296,17041
8.7,3.7051563,17041
8.54,-1.2745907,17041
8.43,3.9165232,17041
7.9,2.6244423,17041
7.75,3.3193796,17041
7.7,5.5623527,17041
7.19,2.1956007,17041
7.19,1.5036241,17041
9.15,0.30374664,10335
8.32,3.8551629,10335
4.92,-0.85389566,17176
9.52,0.52715087,16173
9.3,3.835911,16173
9.22,-0.88562566,16173
9.05,1.4657547,16173
8.96,2.8133783,16173
8.89,2.627008,16173
8.85,0.31547248,16173
8.82,1.3530552,16173
8.8,1.2190125,16173
8.77,-1.6105963,16173
8.77,2.124128,16173
8.74,-2.4432237,16173
8.52,0.8332031,16173
8.51,1.0890403,16173
8.51,0.42970318,16173
8.51,0.44291317,16173
8.38,1.4384613,16173
7.82,-0.41389298,16173
7.82,0.558768,16173
7.77,-0.6252298,16173
7.4,0.20909953,16173
7.36,-0.20707512,16173
7.07,-2.393488,16173
6.2,-5.6884108,2849
6.06,3.704575,3914
9.3,2.2727273,17673
8.8,2.8548653,17673
8.79,2.5548246,17673
8.74,3.798681,17673
8.63,0.84054554,17673
8.56,2.013021,17673
8.52,3.1505048,17673
8.45,2.9064782,17673
8.23,2.9679036,17673
8.17,3.608856,17673
8.13,3.1745195,17673
7.8,3.220647,17673
7.78,-0.55440795,17673
7.76,2.7195227,17673
7.75,2.581353,17673
7.71,3.2703645,17673
7.49,2.33967,17673
7.26,2.9679036,17673
7.16,-3.1623719,17673
7.13,-3.7716753,17673
6.2,-3.7716753,17673
8.0,-2.340814,11026
7.6,0.31626803,11026
7.4,-0.60735613,11026
7.3,-0.031437285,11026
7.3,0.096494325,11026
7.2,-2.034604,11026
7.1,-1.1303114,11026
7.1,-0.938629,11026
6.8,0.23577106,11026
6.6,-1.0881504,11026
6.5,1.0535719,11026
6.3,-4.0053115,11026
6.3,-3.2104616,11026
6.2,-4.2649374,11026
5.8,-2.2291856,11026
5.8,-3.857711,11026
5.8,-3.2104616,11026
5.8,-2.0135238,11026
5.7,-1.2721431,11026
5.6,-1.5540372,11026
5.2,-1.6782334,11026
5.1,-4.471391,11026
4.9,-3.2059655,11026
7.51,-6.9672074,7083
7.6,3.9534853,10156
7.03,8.570045,12638
6.97,3.925907,12638
6.87,7.4709344,12638
6.86,1.8134739,12638
6.82,8.628825,12638
6.8,8.999099,12638
6.79,6.5690804,12638
6.76,8.595389,12638
6.75,6.82562,12638
6.74,2.7019153,12638
6.69,2.4792628,12638
6.68,7.247109,12638
6.66,6.2628016,12638
6.66,8.174655,12638
6.62,7.3431306,12638
6.61,3.1990433,12638
6.53,2.52623,12638
6.46,-1.302268,12638
6.41,-0.45511216,12638
6.38,2.0277467,12638
5.68,2.5090864,12638
8.21,-2.6674795,1769
8.07,-1.7787832,1769
7.76,-5.346424,1769
7.76,-1.5045472,1769
7.3,-4.5132775,1769
7.29,-2.8053257,1769
7.21,-2.7471359,1769
7.2,-2.6674795,1769
7.08,-2.7423818,1769
6.94,-3.3379464,1769
6.88,-3.952715,1769
6.63,-2.2017727,1769
5.61,2.4298222,16988
9.14,2.9106288,7866
8.92,4.019687,7866
8.62,3.477237,7866
8.6,3.6783273,7866
8.51,3.4122982,7866
8.49,-2.379003,7866
8.48,3.600642,7866
8.47,3.477237,7866
8.43,4.2365193,7866
8.43,2.8594165,7866
8.4,3.6689403,7866
8.27,3.0655823,7866
8.23,3.2297208,7866
8.22,3.0894763,7866
8.17,2.3892195,7866
8.14,2.3892195,7866
8.14,0.69940645,7866
8.0,2.700289,7866
7.96,2.462527,7866
7.96,1.3786958,7866
7.96,2.2294495,7866
7.96,3.3266037,7866
7.92,2.0600736,7866
7.92,2.0295436,7866
7.82,2.8554974,7866
7.8,1.7752885,7866
7.72,1.3786958,7866
7.68,3.477237,7866
7.66,2.645444,7866
7.58,0.1389179,7866
7.55,1.9388837,7866
7.52,2.417812,7866
7.5,2.2294495,7866
7.5,2.2294495,7866
7.48,3.7422068,7866
7.38,0.68712467,7866
7.33,1.233221,7866
7.28,2.3892195,7866
7.25,-0.84919065,7866
7.25,0.90795237,7866
7.21,0.8325027,7866
7.14,2.5603943,7866
7.1,0.70016736,7866
7.06,2.2203693,7866
7.05,2.238509,7866
6.93,-0.6123078,7866
6.9,1.3786958,7866
6.76,-0.85731256,7866
6.69,1.7796314,7866
6.63,-0.94894326,7866
6.54,-1.7082874,7866
6.29,-1.5164938,7866
6.28,1.0979891,7866
6.25,-0.6174576,7866
6.07,-0.23618037,7866
6.43,-3.7420125,12667
6.03,-0.2933264,763
5.15,0.58679396,1499
7.92,-5.0598946,12511
6.82,0.27505475,12511
6.36,1.4492078,12511
6.3,-2.414634,12511
6.21,-4.954266,12511
6.13,-4.002381,12511
6.06,2.265267,12511
6.0,-1.3623408,12511
5.89,-5.309712,12511
5.77,-5.2088194,12511
5.76,-0.29038525,12511
5.68,-3.4871488,12511
5.66,-1.8873749,12511
5.64,-2.8679397,12511
5.63,-4.9527273,12511
5.55,-2.1581016,12511
5.48,-2.8679397,12511
5.46,-5.2754464,12511
5.44,-5.3686767,12511
5.18,-5.0784163,12511
5.11,1.6605066,12511
5.41,2.4999785,10678
5.35,-1.4277052,10678
5.01,1.7099304,10678
4.96,-0.6823535,10678
4.92,-4.7102127,10678
4.21,0.6390423,10678
4.01,2.2447617,10678
7.41,-2.9278011,16992
6.42,-2.2696924,16992
6.19,0.87162113,16992
6.16,-1.5995221,16992
8.92,3.797042,8870
8.43,1.5409253,8870
8.25,1.1969012,8870
7.98,-2.2142956,8870
7.89,1.496368,8870
7.85,0.96797633,8870
7.68,-2.0875072,8870
7.45,-1.1430147,8870
7.31,-2.4549544,8870
7.0,-4.784694,8870
6.83,-4.3915634,8870
6.66,-5.2885118,8870
7.58,-7.245846,17726
7.7,5.558089,10682
6.85,0.4284703,10682
8.19,5.526857,13099
7.51,-2.4483078,13099
8.11,2.2797997,13975
6.87,-4.9290004,9790
7.6,-0.33284786,17558
7.58,0.86995023,17558
7.57,1.6512916,17558
7.44,-0.36510926,17558
7.4,2.5468566,17558
7.19,-0.11947389,17558
7.16,1.4570252,17558
7.09,-0.27320388,17558
6.51,0.0788854,17558
9.19,-2.5993032,13405
9.15,2.326717,13405
9.1,-1.1857579,13405
9.0,-0.5267566,13405
8.77,0.040987022,13405
8.59,-0.2508553,13405
7.82,3.207709,13405
5.17,0.08519649,13405
9.7,-1.7136306,7940
9.4,1.5180427,7940
9.3,-0.8892124,7940
9.05,-2.061337,7940
9.05,-1.9184902,7940
9.0,-0.975305,7940
9.0,1.5505672,7940
9.0,-2.0867033,7940
9.0,-1.5069231,7940
8.89,0.6061082,7940
8.82,-1.1515884,7940
8.7,-0.042035982,7940
8.7,-2.0101025,7940
8.62,2.6817818,7940
8.57,0.31123063,7940
8.52,0.93299186,7940
8.52,-3.9894166,7940
8.52,-0.9045765,7940
8.52,-1.4465218,7940
8.52,-0.76100916,7940
8.52,0.21552613,7940
8.4,1.0844363,7940
8.4,-1.6423248,7940
8.3,-1.1231161,7940
8.3,-3.3480432,7940
8.26,2.257323,7940
8.15,-3.135534,7940
8.05,-1.8609488,7940
8.0,-2.4407039,7940
6.89,2.2845423,8927
5.85,0.1294409,8927
5.75,0.26246023,8927
5.68,0.9743491,8927
5.62,-0.54723597,8927
5.6,1.1090201,8927
5.6,-1.3348554,8927
5.58,0.090233125,8927
5.57,-0.34391996,8927
5.55,-0.7214269,8927
5.55,-0.36784536,8927
5.48,-0.989411,8927
5.47,-3.8323565,8927
5.47,-2.8835733,8927
5.44,-0.19152573,8927
5.29,-0.31255388,8927
5.21,-1.041502,8927
5.08,-1.3627871,8927
4.92,0.06339949,8927
4.79,-1.1923789,8927
4.78,0.06339949,8927
7.05,4.14502,9829
8.1,-0.5573506,6578
8.85,6.9098372,11491
8.0,-0.615145,11491
7.77,2.6358142,11491
7.39,4.0337768,11491
7.06,-0.23551163,11491
8.96,1.9080111,4235
8.85,-0.80900997,4235
8.41,-1.3941115,4235
8.36,-0.7125416,4235
8.36,-1.251141,4235
8.28,-0.101877466,4235
7.92,-1.922658,4235
7.89,-1.3599665,4235
7.75,-0.4320315,4235
7.72,-0.6327366,4235
7.68,-0.57156277,4235
7.66,-1.03626,4235
7.66,-1.4080491,4235
7.62,-0.5787476,4235
7.58,-1.0794703,4235
7.58,-0.64975053,4235
7.54,-0.6791872,4235
7.5,-0.55401653,4235
7.47,-0.5551045,4235
7.46,-1.2774173,4235
7.42,-1.3603598,4235
7.37,-1.3073537,4235
7.37,-0.7713004,4235
7.34,-0.5885909,4235
7.31,-1.1042513,4235
7.25,-0.58473426,4235
7.21,-0.57743925,4235
7.05,-0.5872089,4235
7.04,-0.14914252,4235
7.02,-0.9259363,4235
6.96,-1.0955942,4235
6.92,0.10082365,4235
6.92,0.6602704,4235
6.72,-0.8879135,4235
6.03,-0.79366916,4235
9.0,1.9570234,13629
6.17,-5.1484923,17223
4.37,3.0606122,17223
6.62,2.9800518,9922
6.6,3.2081928,9922
5.58,2.7318766,14956
7.02,-0.5266605,10410
6.87,-1.7127626,10629
8.1,1.0282818,10141
7.6,1.7471669,10141
7.5,1.9398828,10141
7.4,1.3284986,10141
7.3,0.16543528,10141
7.1,0.19826657,10141
7.1,0.23598647,10141
6.9,-3.715263,10141
6.6,-0.88985354,10141
6.6,1.4416767,10141
6.6,0.95796025,10141
6.5,1.1841166,10141
6.5,0.16525227,10141
6.5,0.68574125,10141
6.4,1.7417006,10141
6.4,1.5648376,10141
6.3,1.742654,10141
6.3,2.2717938,10141
6.3,0.95796025,10141
6.3,1.0987498,10141
6.3,1.5723456,10141
6.2,0.97000295,10141
6.2,1.5245368,10141
6.1,1.2459363,10141
6.0,2.482105,10141
6.0,3.4907928,10141
5.9,1.740038,10141
5.8,0.6807744,10141
5.7,1.7003437,10141
5.3,2.1074936,10141
4.7,1.485046,10141
7.19,0.75335157,13567
6.3,0.9920421,1585
6.0,7.058043,1646
5.96,3.5513585,1646
5.75,5.024509,1646
5.64,2.5657728,1646
5.64,2.4389765,1646
5.6,3.5504913,1646
5.6,4.3364363,1646
5.57,2.6829293,1646
5.48,1.6947508,1646
5.41,1.9489509,1646
5.4,2.905445,1646
5.33,3.3648746,1646
5.07,-1.9693786,1646
8.22,-1.7268096,4617
7.04,2.2077842,4617
6.85,-1.8684329,4617
6.85,-3.5424376,4617
6.73,-1.3112947,4617
6.72,-1.0682402,4617
6.6,-0.6409624,4617
6.54,-1.2077893,4617
6.42,-5.7433095,4617
6.4,-0.13518664,4617
6.37,0.6746082,4617
6.37,-3.938041,4617
6.34,-2.9215748,4617
6.3,0.56730366,4617
6.23,-1.1988423,4617
6.15,0.43898016,4617
6.14,-4.353468,4617
6.13,0.23462033,4617
6.05,2.1018667,4617
6.0,-1.6798204,4617
5.93,-0.5540254,4617
5.92,1.2895485,4617
5.85,-3.9914153,4617
5.84,-3.3999727,4617
5.83,-4.511479,4617
5.82,-2.6731374,4617
5.8,-1.6590621,4617
5.75,-3.069059,4617
5.73,-2.9132824,4617
5.66,-1.5328566,4617
5.64,-2.414526,4617
5.62,0.8979025,4617
5.5,-3.1330822,4617
5.42,0.8200599,4617
5.38,-3.5696445,4617
5.29,1.5119817,4617
5.24,-1.6401781,4617
5.19,-1.8969799,4617
4.95,2.7114553,4617
4.94,2.7114553,4617
4.94,-1.7446212,4617
4.9,0.41671044,4617
4.71,-2.8901203,4617
4.63,0.41671044,4617
4.25,-4.9081516,4617
8.52,1.6732564,12026
8.3,1.613181,12026
8.3,-3.520513,12026
8.3,-4.1974945,12026
7.58,-2.763735,12026
7.08,1.3795516,12026
6.31,-1.1552511,1300
6.48,0.80871207,1205
6.3,1.0577548,1205
6.25,0.636728,1205
6.2,-1.0103022,1205
6.2,-0.22657785,1205
6.2,0.10717002,1205
6.2,0.7445401,1205
6.1,-0.20578754,1205
6.07,-1.7574365,1205
6.0,-3.3130546,1205
5.96,-0.43184716,1205
5.9,-3.3447375,1205
5.8,-0.73866713,1205
5.79,1.0567428,1205
5.74,-1.251151,1205
5.7,-0.79872227,1205
5.69,0.960035,1205
5.69,2.1106129,1205
5.6,-0.42493922,1205
5.5,-4.1522975,1205
5.5,-0.551665,1205
5.36,-0.5667967,1205
5.3,0.6659207,1205
5.0,-0.66140264,1205
4.69,0.5089589,1205
4.3,0.21540171,1205
6.22,-0.6418923,16965
5.52,-0.07238663,16965
5.52,-0.5794445,16965
5.52,-0.36959288,16965
5.4,-0.2904967,16965
5.05,-0.16951141,16965
4.68,-0.7416555,16965
4.46,-0.43792182,16965
7.97,-0.1599426,4352
7.97,1.8843958,4352
7.94,0.5089638,4352
7.9,-0.6852223,4352
7.89,-0.17547593,4352
7.79,-0.34160635,4352
7.73,-0.028748907,4352
7.68,0.5636965,4352
7.6,-0.81745404,4352
7.58,-0.8887974,4352
7.55,-0.16491655,4352
7.22,-1.1682391,4352
6.63,-1.319507,4352
7.59,2.2488306,9487
7.59,2.9660773,9487
7.57,-5.4395404,9487
6.51,5.879924,9487
7.46,-1.4528265,9705
9.0,-2.5755858,11159
8.7,2.4469843,11159
8.3,-1.2136267,11953
6.44,0.2672446,6659
7.47,1.7994756,14367
7.35,1.0250037,14367
7.33,-2.1578677,14367
7.27,1.5508654,14367
7.23,-0.20198292,14367
7.19,1.2423835,14367
6.98,0.42324597,14367
8.68,0.78237015,7231
7.62,1.7047179,7231
7.57,-0.2741911,7231
7.56,0.5750405,7231
7.4,-0.811628,7231
7.35,-1.8040714,7231
7.29,-0.27759328,7231
7.09,-2.095368,7231
7.07,-1.3108283,7231
8.07,0.9055544,4916
7.97,-1.615013,4916
7.81,4.1459594,4916
7.7,-3.0605247,4916
7.49,-3.5841775,4916
7.46,0.060617596,4916
7.37,-0.7709943,4916
7.3,-2.070112,4916
7.24,-2.4230077,4916
7.18,-1.3437176,4916
7.15,-1.3440038,4916
7.12,-3.9966247,4916
6.99,-5.062882,4916
9.1,-1.3161751,14041
8.49,-2.0980327,14041
8.47,-2.4164367,14041
8.17,0.17549238,14041
8.16,-1.5635544,14041
8.15,-0.5204813,14041
7.98,2.9473634,14041
7.77,-0.6991664,14041
7.67,-0.2662773,14041
7.59,-0.54209965,14041
7.32,-1.976219,14041
6.9,-1.9781792,14041
6.87,-0.7012997,14041
6.66,0.006495878,14041
6.97,0.35668486,8081
7.0,3.9525504,12086
6.82,2.3511386,12086
6.54,1.4992741,12086
6.47,1.6362373,12086
6.43,-3.4095232,12086
5.71,1.5468619,12086
5.31,-3.313855,12086
9.3,2.654232,3732
9.1,3.0395424,3732
7.97,-1.0764064,3732
7.96,-0.5326019,3732
7.65,-0.3982107,3732
7.64,-0.36189663,3732
7.49,-0.4512443,3732
7.43,-0.7477244,3732
7.37,-1.5588614,3732
7.35,-2.080219,3732
7.12,-1.5588614,3732
6.97,-2.140148,3732
6.92,-2.3241029,3732
6.91,-2.2596424,3732
6.87,-2.77671,3732
6.64,-2.951888,3732
6.46,-2.6458027,3732
6.45,-3.7106216,3732
7.48,0.28871915,10000
6.82,-4.078365,10000
6.58,0.7663816,10000
6.17,3.1616733,10000
7.68,2.3644702,10602
8.15,4.4266763,17870
6.36,1.6305748,17870
6.23,0.035861425,17870
5.93,3.9991872,17870
5.24,-2.3291388,17870
5.52,6.0382304,10330
6.6,-2.1777613,7583
5.23,-1.4758229,9299
4.91,-3.216142,9299
7.28,-0.69774616,2763
7.13,1.8470212,2763
9.82,-2.2971163,8038
9.68,-2.3161225,8038
9.66,-3.9280045,8038
9.63,-2.8720725,8038
9.62,-2.168835,8038
9.62,-2.8720725,8038
9.6,-0.37211856,8038
9.6,-2.047152,8038
9.52,-1.5827705,8038
9.51,-1.2207228,8038
9.51,-3.8419175,8038
9.5,-2.2971163,8038
9.49,-2.3161225,8038
9.48,-3.4873533,8038
9.44,-1.4580573,8038
9.38,-3.8698218,8038
9.36,-1.8062524,8038
9.35,-3.1228938,8038
9.31,-3.610256,8038
9.29,-3.8419175,8038
9.26,-0.15475056,8038
9.26,-1.375668,8038
9.26,-1.4580573,8038
9.25,-0.05873704,8038
9.25,-4.2576866,8038
9.23,-0.15475056,8038
9.23,-2.8022017,8038
9.16,-4.2576866,8038
9.15,-3.610256,8038
9.14,-2.9802525,8038
9.13,-3.9280045,8038
9.12,-1.9439723,8038
9.11,-4.1376743,8038
9.02,-2.4029531,8038
9.0,-4.0278325,8038
8.99,-2.4664948,8038
8.99,-4.8217583,8038
8.98,-2.2330854,8038
8.97,-2.1673622,8038
8.96,-3.4415574,8038
8.95,-3.376506,8038
8.94,-4.0278325,8038
8.92,-3.8561676,8038
8.88,-2.23568,8038
8.87,-2.0698044,8038
8.84,-3.8419175,8038
8.84,-2.0698044,8038
8.75,-3.4415574,8038
8.69,-2.9000947,8038
8.61,-3.8419175,8038
8.52,-3.3449128,8038
8.52,-3.3658364,8038
8.5,-1.6465336,8038
8.49,-3.5673623,8038
8.42,-4.2023177,8038
8.32,-3.6602266,8038
7.95,1.5662397,8038
7.58,0.9022222,8038
7.13,1.5492324,8038
6.9,0.6294076,8038
6.87,0.94752693,8038
6.67,0.43198618,8038
6.31,1.0918808,8038
5.75,-2.663023,8038
5.46,-0.9745953,8038
7.46,3.830646,11852
7.25,5.0976977,11852
7.06,-1.7767899,11852
6.82,5.4605117,11852
6.59,4.268026,11852
6.58,1.9171472,11852
6.36,6.0814366,11852
6.58,2.0315197,12074
6.54,3.078548,6747
8.52,3.2750118,11779
5.74,2.5541365,4503
5.42,0.9912663,4503
5.24,1.2162429,4503
5.18,-3.2763073,4503
4.93,-5.7662187,4503
8.03,3.7355623,7133
6.38,6.7028975,584
5.75,3.1144023,584
5.61,0.32077384,584
5.56,0.52153575,584
5.45,-1.0664196,584
5.43,-0.3758418,584
5.41,0.4531376,584
5.35,0.15700305,584
5.23,0.11545547,584
5.16,-0.9590787,584
5.07,-1.7257296,584
5.04,-1.7625813,584
4.99,-4.5413575,584
4.84,-2.8662415,584
4.66,-3.9212995,584
4.55,-3.1583173,584
4.51,-3.9173536,584
4.5,-3.5219338,584
4.42,-3.218187,584
4.34,-5.4469595,584
4.33,-3.2421672,584
4.82,7.5634794,3439
7.68,3.2595136,8602
6.99,-4.9932756,8602
6.54,-4.254181,8602
6.14,-4.2074556,8602
6.11,-0.43891004,8602
5.95,-2.9218261,8602
5.14,-4.0093265,8602
4.92,-1.7357554,8602
8.35,0.10813659,13542
8.31,2.234462,13542
8.31,-1.4178073,13542
8.27,2.0142393,13542
8.27,2.3033717,13542
8.23,-0.80726236,13542
8.19,-1.596889,13542
8.17,-2.7908492,13542
8.15,2.4709764,13542
8.15,2.136079,13542
8.15,-1.596889,13542
8.14,-1.7942854,13542
8.07,0.8271325,13542
8.05,1.9435245,13542
8.04,2.6934278,13542
8.02,-1.1496563,13542
7.92,2.8214343,13542
7.92,1.6659254,13542
7.9,-4.5237465,13542
7.85,-1.0099994,13542
7.84,1.4884648,13542
7.81,3.243403,13542
7.75,0.7739346,13542
7.52,-5.845464,13542
7.46,-3.9985566,13542
7.44,-1.3932445,13542
7.39,-4.8981113,13542
7.25,-0.92321634,13542
6.99,-1.9350579,13542
6.96,-6.612102,13542
6.85,0.018102318,13542
6.84,-2.0710251,13542
6.64,-1.81086,12802
6.54,-2.9339004,12802
6.24,-0.71793693,12802
5.16,-0.14678966,615
4.92,0.49929154,615
4.62,-0.932667,615
6.31,-0.7401014,10031
7.03,-8.667183,504
6.82,2.4653718,504
5.75,-0.23212746,2122
7.96,6.781067,3854
7.42,3.1339607,3854
5.4,-1.5607681,16544
7.05,-3.1966126,5490
9.3,4.4798236,1353
9.19,-1.790889,13252
8.39,-0.98113394,13252
8.12,-0.57084274,13252
8.0,0.76447266,13252
7.04,-0.5801059,13252
7.75,1.9427106,4623
8.15,-2.9673681,16481
7.75,-0.80866206,16481
7.75,-5.3507185,16481
7.72,0.40830678,16481
7.68,-0.85913116,16481
7.64,-3.0456219,16481
7.6,0.62459666,16481
7.57,-1.3473502,16481
7.44,-1.7853187,16481
7.34,-0.7178181,16481
7.32,-0.14039972,16481
7.29,-4.370528,16481
7.26,-0.59560424,16481
7.12,-3.7887986,16481
7.11,-2.0281346,16481
7.11,0.060668007,16481
7.02,-5.3559213,16481
6.85,-4.3477573,16481
6.64,-2.1161125,16481
6.58,-0.4546489,16481
6.26,-4.9118595,16481
9.28,-0.9277955,4750
6.24,-3.8922865,4750
8.0,-2.4490192,15030
5.47,4.284082,2292
7.55,-1.4756949,3280
7.37,2.879369,3280
8.17,1.634244,12685
8.05,1.5127217,12685
8.05,-3.9779801,12685
7.68,-1.8927871,12685
7.36,2.9372983,12685
7.3,1.6506855,12685
7.28,1.6873924,12685
7.12,3.0460403,12685
6.92,1.9440333,12685
6.9,-0.3908584,12685
6.09,3.1569126,12685
6.02,1.210913,12685
5.97,-1.6899881,12685
5.86,0.19664189,12685
5.62,-2.10415,12685
5.61,1.8848722,12685
5.46,1.1657563,12685
5.41,-2.682993,12685
5.41,-3.0459676,12685
5.33,-2.987229,12685
5.11,2.649041,12685
4.87,1.9486722,12685
4.8,0.928701,12685
4.79,2.0572383,12685
4.72,-2.879575,12685
4.5,0.12828499,12685
4.4,-2.3416762,12685
4.32,3.7996905,12685
7.27,-2.371411,9551
7.17,0.84183425,9551
7.07,-0.6265149,9551
7.0,-1.9070114,9551
6.76,-1.6772825,9551
6.69,-3.3021603,9551
8.7,-4.4542212,10093
7.28,3.630341,10093
7.76,2.3157072,5538
7.57,3.4923153,5538
8.22,-1.8700434,14625
5.4,2.8476539,17553
5.3,-1.7627335,17553
5.16,5.6618266,17553
5.4,-4.0005126,3885
5.26,3.4960759,365
4.07,0.34088793,7768
5.5,-3.3582275,15322
5.09,-2.9859035,15766
7.72,1.0208043,16714
7.68,0.877617,16714
7.57,1.5162493,16714
7.51,-0.18352747,16714
7.38,0.11485303,16714
7.35,0.037543513,16714
7.31,0.42688307,16714
7.29,-1.7950598,16714
7.22,-0.1466322,16714
7.21,0.53903747,16714
7.21,-0.16514668,16714
7.08,0.042066827,16714
7.04,0.3540855,16714
6.92,0.035872273,16714
6.88,-1.0744934,16714
6.84,-0.096710265,16714
6.78,0.017443579,16714
6.78,-1.415591,16714
6.75,-0.3710081,16714
6.61,-1.7694631,16714
6.33,-0.6099434,16714
6.16,-1.752616,16714
6.07,-0.83488846,16714
5.71,0.1347718,16714
5.04,-4.1613927,16714
7.89,-0.28421253,1540
6.85,1.4119145,1540
7.54,0.6682113,2492
7.42,0.6909994,2492
7.38,-0.2951817,2492
7.1,-3.0508468,2492
6.87,1.2346455,2492
6.71,-0.5328281,2492
6.66,0.58613956,2492
6.25,1.5247533,2492
6.08,0.2835436,2492
5.91,-2.8032613,2492
5.89,-2.110602,2492
5.67,2.9608836,2492
5.62,-0.46086824,2492
5.43,-2.3774219,2492
4.89,-2.100112,10354
7.19,-0.48481685,4034
7.15,1.6713079,4034
6.88,-0.9460209,4034
6.61,-0.73296,4034
7.47,6.4838905,12353
7.44,4.696474,12353
7.34,5.0466237,12353
6.81,2.5950315,12353
6.28,-2.8467407,12353
8.68,3.7950616,5021
8.2,6.4559107,5021
8.07,3.056986,5021
8.06,1.9221655,5021
8.04,4.2160397,5021
7.97,1.478227,5021
7.86,5.2823167,5021
7.61,2.1844883,5021
7.59,7.580819,5021
7.58,5.313929,5021
7.54,0.55099976,5021
7.54,0.2543306,5021
7.54,-1.2189302,5021
7.49,-0.51458347,5021
7.49,1.6845155,5021
7.31,3.4067357,5021
7.22,1.9742419,5021
7.2,0.33159083,5021
7.19,1.349279,5021
7.17,5.205306,5021
7.14,0.85682946,5021
7.12,3.441673,5021
7.01,5.409038,5021
6.99,3.8970578,5021
6.98,3.6967566,5021
6.9,-1.8255107,5021
6.87,2.686566,5021
6.58,4.2835793,5021
6.5,2.074493,5021
6.46,5.5443087,5021
6.4,3.7888982,5021
6.37,0.2937757,5021
6.34,3.1074429,5021
6.28,1.9324743,5021
6.24,4.494754,5021
6.17,-1.316152,5021
6.11,3.2515175,5021
5.88,2.848623,5021
5.85,-1.6524158,5021
5.65,2.5501022,5021
8.3,1.8396578,1438
8.22,0.6807052,1438
7.82,1.2466158,1438
7.7,-3.5753431,1438
7.4,1.841451,1438
7.26,0.12401616,1438
6.98,1.4194429,1438
6.89,1.0387533,1438
6.55,-0.24881205,1438
6.22,-1.5459287,1438
5.8,-4.416817,1438
5.55,1.7895083,1438
5.54,-0.27772713,1438
5.3,0.7948545,1438
8.7,3.6105154,1177
6.87,1.7818531,1177
6.85,2.2245681,1177
6.84,0.09503964,1177
6.64,0.49383104,1177
6.41,-0.7759709,1177
6.4,0.248375,1177
6.36,-1.897732,1177
6.33,-3.7817745,1177
6.3,-0.5862964,1177
6.26,-1.4538441,1177
6.19,-2.7655222,1177
6.18,-2.4989586,1177
6.16,-1.0661801,1177
6.12,-0.48514998,1177
6.0,-0.6620374,1177
6.0,-3.689158,1177
6.0,-1.9637734,1177
5.77,-3.4490514,1177
6.41,-0.031415537,9720
8.96,3.3963752,14263
8.66,1.6960737,14263
8.62,0.3675149,14263
8.54,-1.237754,14263
8.51,2.2302427,14263
8.4,2.0185049,14263
8.37,5.646211,14263
8.21,1.9584095,14263
8.21,-3.2093298,14263
8.21,-1.0342369,14263
8.16,3.4815204,14263
8.12,3.4621859,14263
8.09,1.3310031,14263
8.06,-2.2683384,14263
7.84,5.814709,14263
7.82,4.4243674,14263
7.81,2.9345086,14263
7.78,2.0743697,14263
7.72,3.6622775,14263
7.71,2.6665792,14263
7.67,3.5530286,14263
7.61,-2.3102894,14263
7.48,4.2244706,14263
7.46,-2.6078284,14263
7.3,1.3293344,14263
7.24,3.9393268,14263
7.21,4.231852,14263
7.12,4.59833,14263
7.06,4.045019,14263
7.02,2.6538594,14263
7.0,4.1332126,14263
6.94,-2.2263858,14263
6.89,4.1504955,14263
6.68,3.774855,14263
6.67,-0.56586105,14263
6.58,2.8850787,14263
6.56,4.3021216,14263
6.49,1.8226544,14263
6.18,0.22984183,14263
6.21,1.9740409,14152
8.24,-2.7995608,10692
8.2,-2.7066154,10692
7.66,-5.3758864,10692
7.48,-3.1925635,10692
7.42,-4.4348907,10692
7.38,-9.347018,10692
7.24,-6.2826324,10692
7.04,-1.8223841,10692
6.75,-1.9270056,10692
6.3,-0.72813964,10692
6.2,-7.0040655,10692
4.62,-0.24061462,2512
8.08,-0.38743708,3577
7.66,-0.46834368,2308
6.53,-2.4562047,2308
6.14,-1.7155831,2308
6.12,-3.1693244,2308
6.09,-0.3758934,2308
6.09,-1.7780977,2308
6.09,-4.1016846,2308
6.03,0.042439274,2308
6.02,0.7905424,2308
6.0,-3.732341,2308
5.95,-1.5890038,2308
5.92,-0.17780957,2308
5.9,-2.9947848,2308
5.8,-0.41428444,2308
5.78,-3.094063,2308
5.73,-4.1402254,2308
5.67,-3.0246618,2308
5.67,-3.3758774,2308
5.6,-0.6443489,2308
5.6,-3.9227078,2308
5.55,-4.45972,2308
5.52,0.053708218,2308
5.5,0.57904416,2308
5.46,-1.8276293,2308
5.44,-2.3042517,2308
5.43,-0.22484651,2308
5.43,-4.0107203,2308
5.41,-0.8765871,2308
5.4,-1.4387988,2308
5.39,-3.3659375,2308
5.38,-2.1020434,2308
5.38,-1.737678,2308
5.33,-6.34635,2308
5.3,-2.9822168,2308
5.29,-0.9593379,2308
5.29,-0.9593379,2308
5.29,-1.6355582,2308
5.25,-3.3229825,2308
5.21,-0.8176575,2308
5.1,-3.3699117,2308
5.1,-3.981537,2308
5.06,-3.5963423,2308
4.96,-1.2451972,2308
4.92,-2.1924138,2308
4.85,-3.623386,2308
4.76,-4.0360594,2308
4.67,1.5913954,2308
4.64,-0.8845338,2308
4.62,1.7448808,2308
4.6,-3.897652,2308
4.58,-3.3888183,2308
4.5,-3.4981318,2308
7.52,1.7534494,2646
7.05,-2.6740673,2646
5.92,-5.2945223,2646
5.68,-5.335257,2646
5.58,-5.2939334,2646
5.49,-3.537714,2646
4.92,-2.0626903,2646
4.82,-5.3391795,2646
4.8,-8.442055,2646
4.74,-0.98933095,2646
4.7,-6.059844,2646
4.7,-4.427144,2646
4.67,-4.915932,2646
4.61,-0.6120801,2646
4.6,-3.5821223,2646
4.57,-8.2084255,2646
4.54,-3.1523979,2646
4.54,-1.1865652,2646
9.3,-0.49687004,2482
6.85,2.880883,5196
5.8,-0.6623084,5196
5.19,-2.3549035,5196
6.68,2.6031063,16671
6.18,1.018327,16671
5.96,-6.016818,16671
4.24,-2.1864085,16671
9.3,0.7739859,1937
7.3,1.464678,2469
5.06,2.79713,2469
6.67,-1.3852688,13455
6.16,5.683005,13455
6.16,-4.1669374,4282
5.28,-5.5256724,4282
5.89,3.493419,14826
8.52,0.30112553,3697
8.4,-0.5063787,3697
8.0,-0.95612335,3697
7.7,-1.0182974,3697
7.7,-0.57155454,3697
7.7,-1.9930341,3697
7.52,-3.492998,3697
7.52,-2.682297,3697
7.4,-2.1003392,3697
7.05,-0.7904889,3697
6.68,-3.769148,15987
6.35,3.1156783,5577
8.8,0.15387073,8957
8.7,-2.6497576,8957
8.7,-1.8315933,8957
8.4,5.7239766,8957
8.2,0.12720168,8957
8.1,-1.8571546,8957
8.1,-0.8275356,8957
7.9,0.16185492,8957
7.9,1.7862616,8957
7.9,-4.0559316,8957
7.9,1.3709599,8957
7.9,1.2374406,8957
7.9,1.2478701,8957
7.8,-2.1554706,8957
7.8,-1.9878527,8957
7.8,-0.7675403,8957
7.7,-0.92712307,8957
7.7,-3.6003432,8957
7.7,4.8954887,8957
7.7,-0.12537462,8957
7.6,3.9900234,8957
7.6,0.34611186,8957
7.6,1.7328656,8957
7.6,3.822904,8957
7.5,2.1302443,8957
7.5,0.5785953,8957
7.3,4.8493824,8957
7.3,3.3818188,8957
7.0,5.086486,8957
7.0,1.4255787,8957
6.9,2.0985467,8957
6.9,2.0332341,8957
6.7,3.0632446,8957
6.7,2.402799,8957
6.7,3.5199833,8957
6.6,-1.1920606,8957
6.6,-2.9625604,8957
6.5,-1.0025018,8957
6.4,1.4534717,8957
6.4,-2.5759697,8957
6.4,3.5339484,8957
6.3,-2.348512,8957
6.2,-1.5053825,8957
6.1,1.3192122,8957
5.9,-3.5426292,8957
5.9,4.298296,8957
5.8,-2.2330787,8957
5.8,4.111209,8957
5.8,-2.352304,8957
5.8,2.7032247,8957
5.8,-2.8428612,8957
5.7,0.4742344,8957
5.7,0.5247029,8957
5.6,3.7867649,8957
5.4,-2.9132879,8957
5.4,-2.5815072,8957
9.54,0.4754725,5468
9.43,-1.496571,5468
9.35,1.4028589,5468
9.08,-2.5876455,5468
8.62,0.85758406,5468
8.62,0.303767,5468
8.36,-0.08996965,5468
8.33,0.15132397,5468
8.23,-2.4312787,5468
8.17,-0.77454245,5468
8.15,-4.3224673,5468
8.12,-0.10263089,5468
7.96,-0.70319724,5468
7.89,1.7148049,5468
7.66,-1.7729948,5468
7.62,-4.3955216,5468
7.52,-1.7703911,5468
7.52,2.005732,5468
7.43,0.43188307,5468
7.13,1.1045893,5468
7.05,1.0483544,5468
6.85,-2.1392946,5468
6.62,1.9657196,5468
6.21,-1.4645783,5468
6.14,-3.3301268,5468
5.37,-4.4346857,16890
8.12,1.4333168,13547
7.72,-0.24564597,13547
7.32,-2.0112774,13547
7.54,8.311664,13183
7.0,-0.6959868,13183
7.6,1.9867023,10949
6.61,1.3088025,1939
6.1,-2.0214436,1939
6.1,-2.7613819,1939
5.56,-3.8335803,1939
5.33,-4.2346635,1939
8.16,4.708784,14111
7.8,-0.39955872,14111
6.0,2.7090116,14111
8.55,4.8821206,6630
8.48,4.2523665,6630
8.4,4.9424453,6630
8.34,4.1028495,6630
8.28,4.4851217,6630
8.19,2.1613793,6630
7.64,4.4851217,6630
7.57,1.9116197,6630
7.5,2.1613793,6630
7.41,1.6696714,6630
7.28,2.096666,6630
7.09,0.846438,6630
7.07,4.4851217,6630
7.04,1.2618647,6630
7.0,0.75319415,6630
6.43,-1.6953323,6630
5.72,-1.1197287,6630
5.66,-2.768387,6630
5.47,-2.4167078,6630
9.0,3.0892382,17851
8.4,1.5341495,17851
8.22,3.4612696,17851
8.22,0.40538085,17851
8.1,3.6989355,17851
8.1,5.8038397,17851
8.1,0.7936501,17851
7.96,4.575769,17851
7.89,3.179611,17851
7.85,2.8132076,17851
7.82,1.3371438,17851
7.72,2.4678552,17851
7.64,1.8013362,17851
7.6,-0.5882717,17851
7.48,3.4568503,17851
7.44,4.3817496,17851
7.17,-0.5475644,17851
7.08,3.6724808,17851
6.53,3.081837,17851
6.4,3.251763,17851
8.52,4.461818,13360
7.99,3.8115115,13360
7.88,3.643571,13360
7.66,4.252806,13360
7.63,0.9486462,13360
7.39,2.9745548,13360
7.02,-2.9988585,1185
8.4,0.8212932,7606
8.4,0.7934876,7606
8.3,1.1364174,7606
8.3,-0.107597716,7606
8.22,2.2099988,7606
8.22,-1.8290308,7606
8.22,1.6798116,7606
8.05,2.8784416,7606
8.0,1.1328492,7606
8.0,-0.5102102,7606
7.96,-0.73996943,7606
7.92,-1.8591858,7606
7.92,1.8100578,7606
7.89,-1.454654,7606
7.89,1.2731661,7606
7.85,-1.3777858,7606
7.85,2.0650826,7606
7.85,-1.743578,7606
7.85,-0.18968865,7606
7.82,-0.62401336,7606
7.82,2.0113077,7606
7.8,0.18292975,7606
7.8,0.3490749,7606
7.77,-0.6796294,7606
7.77,-0.9422474,7606
7.75,-0.66221726,7606
7.72,2.7330167,7606
7.68,1.0007932,7606
7.58,3.7142444,7606
7.58,-2.3923993,7606
7.58,-1.0444881,7606
7.55,5.25746,7606
7.54,1.4518473,7606
7.54,0.0077399984,7606
7.52,0.141698,7606
7.51,-0.6232892,7606
7.51,-1.6766442,7606
7.51,-2.0294425,7606
7.48,0.40745577,7606
7.47,-2.6898332,7606
7.46,1.0726941,7606
7.39,1.7014165,7606
7.34,-0.5501937,7606
7.34,-2.3958154,7606
7.34,0.65295994,7606
7.28,-2.6783168,7606
7.26,-0.45336574,7606
7.22,-1.6852187,7606
7.17,1.8950948,7606
7.17,1.5015643,7606
7.17,-0.35964546,7606
7.16,-0.59400684,7606
7.15,-1.7236798,7606
7.14,3.2673957,7606
7.11,0.887217,7606
6.97,1.3293601,7606
6.93,0.92033356,7606
6.83,-0.49476153,7606
6.83,-2.7032537,7606
6.79,2.806394,7606
6.72,-1.8832623,7606
6.68,0.60108805,7606
6.57,-2.5579734,7606
6.56,-2.7536702,7606
6.56,-0.9227613,7606
6.46,-2.0356643,7606
6.46,-1.8689815,7606
6.39,-3.4897628,7606
6.39,-2.6972544,7606
6.35,-3.3566062,7606
6.32,-1.7447115,7606
6.22,-0.04623595,7606
6.22,-2.4917493,7606
6.2,1.9005172,7606
6.19,1.7323352,7606
6.19,-3.2423828,7606
6.15,-1.1833314,7606
6.05,1.8786329,7606
5.82,3.1972883,7606
6.24,-1.310619,16581
5.72,-1.310619,16581
5.43,1.7442499,16581
5.0,0.052496843,16581
8.1,1.3547854,9139
7.85,0.21551585,6514
7.8,-0.7513122,6514
7.68,-0.36432877,6514
7.62,1.0431131,6514
7.52,-0.735405,6514
7.51,0.26511973,6514
7.48,-1.5036236,6514
7.29,-1.0882148,6514
7.14,0.9010614,6514
6.55,0.29180878,6514
6.55,-0.3482764,6514
6.44,-1.4537609,6514
6.29,-0.76956946,6514
6.17,-1.9704027,6514
6.09,-0.75587124,6514
5.96,-3.2741065,6514
5.91,-0.6082698,6514
7.22,0.19114295,6704
7.16,0.41543484,6704
7.1,-0.9162807,6704
6.52,-2.2180743,6704
6.05,-3.9020221,6704
5.98,0.27017534,6704
5.82,0.7702378,6704
5.78,0.09253506,6704
5.66,-3.7580078,6704
5.58,-3.7004335,6704
5.58,-2.2934976,6704
5.42,-3.8907497,6704
5.37,-4.5439477,6704
5.28,-5.056889,6704
5.24,-1.7829632,6704
5.17,-3.7409787,6704
4.98,-1.5812209,6704
6.31,-1.5095407,9802
6.85,2.712965,16283
5.47,0.66756517,16283
5.37,1.5785457,16283
5.25,2.56577,16283
5.06,-5.3775177,16283
4.8,0.37367323,16283
5.25,2.8510723,3910
9.05,0.5333325,9593
8.64,-0.5760138,9593
8.19,-1.5545673,9593
7.25,-6.6403575,9593
6.47,3.0335548,11714
8.0,5.426797,5736
8.52,5.196217,1275
8.3,4.8261185,1275
8.3,2.8736799,1275
8.22,3.630605,1275
8.15,3.792081,1275
8.15,3.9927404,1275
8.1,2.618736,1275
8.1,4.922547,1275
8.0,2.0499198,1275
7.96,1.9701202,1275
7.96,5.1845613,1275
7.62,4.7092533,1275
7.44,-0.88470465,1275
7.4,4.638623,1275
7.32,0.9766064,1275
7.26,0.80729437,1275
7.25,1.5029389,1275
7.16,-1.1610694,1275
7.16,-0.3334481,1275
7.12,2.2832901,1275
7.02,3.735317,1275
7.0,1.2316886,1275
6.85,0.10354262,1275
6.75,-1.1746559,1275
6.55,3.0973363,1275
6.41,0.035788015,1275
6.2,1.3035884,1275
6.19,1.9165825,1275
6.12,1.1408716,1275
6.12,3.1212296,1275
5.77,2.2226913,1275
6.37,-1.48951,14944
7.3,0.31372708,1017
7.96,-0.14977993,13671
5.16,-1.5603219,4809
5.12,-4.360126,4809
8.4,3.2809277,11164
8.22,2.9270756,11164
8.05,1.6719303,11164
8.05,3.2216856,11164
8.0,1.3519334,11164
8.0,0.42351097,11164
8.0,-0.1491327,11164
8.0,1.8886399,11164
8.0,2.0344226,11164
8.0,1.4015485,11164
8.0,1.4394112,11164
8.0,3.7318785,11164
8.0,2.4334588,11164
8.0,1.3760912,11164
8.0,1.3526878,11164
8.0,3.2914019,11164
8.0,2.5532947,11164
8.0,-1.9331847,11164
8.0,3.2613113,11164
8.0,3.1122618,11164
8.0,-1.3904024,11164
8.0,2.1262243,11164
8.0,3.0486953,11164
8.0,3.0288184,11164
8.0,2.69679,11164
8.0,2.3095295,11164
8.0,-4.277312,11164
8.0,0.6017759,11164
8.0,1.5527179,11164
8.0,-0.4385781,11164
8.0,2.070258,11164
8.0,2.6492305,11164
8.0,0.5624829,11164
8.0,1.8121904,11164
8.0,3.3388948,11164
8.0,3.2404273,11164
8.0,1.7015468,11164
8.0,3.3992612,11164
8.0,0.29798457,11164
8.0,-3.3245935,11164
8.0,-0.5896111,11164
8.0,5.204819,11164
8.0,-0.19701138,11164
8.0,1.693828,11164
8.0,-0.39969397,11164
8.0,5.036231,11164
8.0,3.263392,11164
8.0,3.6634176,11164
8.0,-0.23583111,11164
8.0,-2.9225395,11164
8.0,1.0566517,11164
8.0,2.049435,11164
8.0,-0.67490155,11164
8.0,-0.8521809,11164
8.0,-0.15178448,11164
8.0,3.482288,11164
8.0,1.5805163,11164
8.0,-0.2436223,11164
8.0,1.627024,11164
8.0,0.014460035,11164
8.0,-0.4546812,11164
8.0,-1.7586141,11164
8.0,2.7396228,11164
8.0,-1.0228367,11164
8.0,1.5496339,11164
8.0,1.3166233,11164
8.0,3.8477607,11164
8.0,-0.016821478,11164
8.0,-1.1163697,11164
8.0,-2.9606876,11164
8.0,-0.8933744,11164
8.0,2.6204097,11164
8.0,3.5140545,11164
8.0,3.1419337,11164
8.0,-0.23094833,11164
8.0,1.6166024,11164
8.0,-0.69756067,11164
8.0,2.1545308,11164
8.0,0.70959294,11164
8.0,-0.020048812,11164
8.0,2.6223192,11164
8.0,2.332022,11164
8.0,2.9091225,11164
8.0,-1.3414667,11164
8.0,0.55803627,11164
8.0,4.260751,11164
8.0,3.2023573,11164
8.0,1.7141603,11164
8.0,0.4923309,11164
8.0,2.9140465,11164
8.0,4.3119473,11164
8.0,2.3998344,11164
8.0,2.8715518,11164
8.0,0.32832646,11164
8.0,1.3751792,11164
8.0,2.418699,11164
8.0,-0.12842238,11164
8.0,-0.03686493,11164
8.0,1.8945785,11164
8.0,2.911077,11164
8.0,2.6110075,11164
8.0,0.5602964,11164
8.0,1.5869125,11164
8.0,4.1469936,11164
8.0,2.1114402,11164
8.0,4.054947,11164
8.0,3.0829518,11164
8.0,3.6726515,11164
8.0,2.0180955,11164
8.0,3.2779045,11164
8.0,1.1278539,11164
8.0,-0.022398658,11164
8.0,3.4730525,11164
8.0,3.6878712,11164
8.0,0.22458905,11164
7.85,0.40800065,11164
7.85,2.4079492,11164
7.54,1.3269148,11164
7.5,3.030402,11164
7.33,-0.7560046,11164
7.3,1.0332083,11164
6.97,3.9986293,8708
5.89,2.187606,14912
6.04,-2.229213,676
4.71,-1.5446112,676
4.56,0.3590326,676
4.55,-2.57894,676
4.44,-0.67336386,676
4.24,-2.0201766,676
4.18,-2.1150682,676
4.1,-3.227791,676
7.94,2.5606906,8221
7.79,-0.45567432,8221
7.59,2.994348,8221
7.48,-4.7328477,8221
7.1,-0.33686197,8221
7.0,-0.527033,8221
9.22,1.4378535,16496
9.05,-2.2983286,16496
8.92,-2.3269608,16496
8.92,-1.0683032,16496
8.89,1.4569602,16496
8.85,-0.019680135,16496
8.74,-1.9679372,16496
8.74,2.5152948,16496
8.68,-1.4951217,16496
8.62,-0.23930818,16496
8.6,-0.7481815,16496
8.54,0.11727161,16496
8.51,1.4899865,16496
8.51,0.3820354,16496
8.48,-4.3051333,16496
8.44,1.3776547,16496
8.41,-2.0913727,16496
8.3,-2.245218,16496
8.3,1.1960751,16496
8.25,0.09173017,16496
8.23,0.7237365,16496
8.22,-2.4836946,16496
8.17,-0.75032234,16496
8.14,0.3567035,16496
8.11,-2.502649,16496
8.08,1.0037258,16496
8.07,-2.1569216,16496
8.0,-2.5127187,16496
7.96,-0.4448074,16496
7.96,-0.060149327,16496
7.92,-0.25349927,16496
7.92,-2.5881734,16496
7.89,-4.1848445,16496
7.88,-1.6461889,16496
7.85,-3.2031503,16496
7.82,-3.1501157,16496
7.75,-2.5753477,16496
7.69,-3.9841685,16496
7.68,-1.7089516,16496
7.68,0.16421035,16496
7.64,-3.6790445,16496
7.54,-3.501922,16496
7.51,-0.72363436,16496
7.41,-1.3590745,16496
7.38,-3.160641,16496
7.33,0.15192378,16496
7.31,-0.92397904,16496
7.24,-0.28343013,16496
7.18,-0.53999573,16496
7.11,1.7451835,16496
6.9,-0.0033563934,16496
6.54,-1.2908931,16496
6.12,-2.4728773,16496
5.87,-1.1180011,16496
7.46,-0.46727926,4895
5.96,-7.8412256,896
5.2,-1.8687774,896
8.33,1.5184923,6877
6.86,-2.0387535,6877
5.68,-0.07324127,6877
6.9,-0.92790234,13424
6.3,-3.8213804,7268
8.15,-0.30597436,15904
8.0,4.128538,15904
7.85,3.3607543,15904
7.75,0.13044691,15904
7.72,0.9504378,15904
7.68,3.2756343,15904
7.64,1.0168449,15904
7.54,1.9331425,15904
7.52,-2.741738,15904
7.47,-2.249306,15904
7.41,0.32512635,15904
7.36,1.5383364,15904
7.34,1.1652442,15904
7.3,0.46021053,15904
7.28,2.0297372,15904
7.19,3.9397018,15904
7.15,1.9053268,15904
7.08,0.118303575,15904
7.01,1.990472,15904
6.94,3.883361,15904
6.9,3.1118298,15904
6.79,0.02994474,15904
6.46,3.3810005,15904
6.43,-0.55804634,15904
6.37,-1.0021472,15904
6.33,3.3601973,15904
6.28,1.5645949,15904
6.24,0.92873025,15904
6.11,3.71268,15904
5.96,-3.7124128,15904
5.75,0.75314456,15904
5.68,-2.245348,15904
5.36,0.5448327,15904
5.22,0.36448073,15904
5.05,-3.7051973,15904
5.0,-0.94913405,15904
4.72,-2.5721087,15904
8.0,-3.1386693,11160
7.7,4.8043175,11160
7.52,0.62898403,11160
7.4,-0.9921506,11160
6.8,-2.7138457,16338
6.75,-3.2057319,16338
6.7,-0.70185614,16338
6.5,-4.307773,16338
6.38,-0.024666488,16338
6.37,-2.613153,16338
6.36,-3.9134555,16338
6.28,-1.8545243,16338
6.13,-3.2195115,16338
6.0,-2.7589767,16338
5.92,-4.579176,16338
5.92,-2.8879402,16338
5.89,-2.76803,16338
5.89,-4.6556587,16338
5.75,-6.824817,16338
5.68,-2.9735105,16338
5.68,-2.1892161,16338
5.64,-0.46617508,16338
5.52,-4.3722277,16338
5.5,-1.3582388,16338
5.17,-3.0133548,16338
5.1,-7.4885974,16338
5.8,6.6268096,13525
5.6,6.0694156,13525
5.6,5.918333,13525
5.5,2.3500977,13525
5.4,0.77893406,13525
5.3,1.9860972,13525
5.2,5.918333,13525
5.2,4.7007794,13525
5.1,4.378947,13525
5.1,3.230664,13525
5.1,2.530723,13525
5.0,3.9234116,13525
5.0,4.465095,13525
4.9,5.738383,13525
4.9,2.1006787,13525
4.8,5.738383,13525
4.8,4.378947,13525
4.8,5.6547728,13525
4.7,3.3749397,13525
4.7,3.0034049,13525
4.6,4.316975,13525
4.6,5.6547728,13525
9.7,-1.514666,3365
9.7,-1.030794,3365
9.7,-0.43736744,3365
9.7,-1.5951504,3365
9.7,-1.4018129,3365
9.52,-1.3473586,3365
9.4,-0.7583664,3365
9.4,-1.8666967,3365
9.3,-1.5294664,3365
9.22,1.844555,3365
9.15,-1.301321,3365
9.05,1.4692427,3365
9.05,1.9763914,3365
8.92,-0.27664912,3365
8.89,3.773517,3365
8.82,-0.86490536,3365
8.72,-1.4989451,3365
8.6,-0.2713627,3365
8.49,-1.1774462,3365
8.27,0.8552089,3365
8.13,-0.67880005,3365
8.09,0.3749692,3365
7.96,-0.58944374,3365
7.93,-0.9696911,3365
7.76,-1.2641987,3365
9.3,1.4278846,591
9.22,1.7643768,591
9.15,3.113244,591
9.15,1.3738323,591
9.1,2.6361897,591
8.92,0.84776264,591
8.92,1.913977,591
8.85,3.0803676,591
8.82,1.3359838,591
8.77,1.1668007,591
8.74,1.2700487,591
8.72,1.5931332,591
8.64,-0.2268115,591
8.6,-0.04989785,591
8.41,0.92255795,591
8.41,-0.33455318,591
8.2,-0.32210225,591
8.17,-0.2604257,591
8.03,0.21648288,591
8.0,-2.3099225,591
7.95,-0.07646975,591
6.34,-1.616478,591
4.14,-1.0327646,8445
3.18,-9.390386,8445
4.5,-3.8349376,2962
7.6,-0.18685818,12203
7.58,0.16892326,12203
7.51,-1.063452,12203
7.5,1.8811426,12203
7.44,0.8151968,12203
7.36,-0.50798017,12203
7.34,-1.0708303,12203
7.19,-0.82287717,12203
7.19,-0.81424767,12203
7.13,-1.8846768,12203
6.55,-2.1695154,12203
6.51,-0.45157737,12203
6.46,-2.6972928,12203
6.26,-4.357086,12203
6.1,0.16892388,12203
5.92,-4.822534,12203
5.92,-1.5167583,12203
5.81,-4.2524266,12203
5.68,-4.5267797,12203
4.52,-4.366344,12203
4.21,-4.614937,12203
8.09,1.2522498,12643
8.09,-1.475791,12643
7.94,2.4568286,12643
7.88,-4.306421,12643
7.88,-4.5771637,12643
7.71,2.3648915,12643
7.66,-6.203184,12643
7.61,1.1611873,12643
7.58,-2.9978664,12643
7.58,-3.6988955,12643
7.56,1.7826164,12643
7.52,-2.3280568,12643
7.5,-0.4936557,12643
7.5,1.8743867,12643
7.46,-4.3644495,12643
7.42,-4.5555515,12643
7.36,-3.2288659,12643
7.36,1.1073186,12643
7.33,-3.1727931,12643
7.21,1.186977,12643
7.16,-0.16232634,12643
7.08,2.562628,12643
6.55,1.8039509,12643
6.51,-6.0359764,12643
6.38,-2.5189323,12643
6.28,-3.5173755,12643
6.09,3.1778064,12643
5.17,-6.11596,12643
9.3,-2.7728603,6532
9.3,-2.24237,6532
9.22,-1.5797124,6532
9.05,-1.3156807,6532
9.05,-2.4413798,6532
8.92,-2.1524527,6532
8.89,-3.0048814,6532
8.89,-2.1819477,6532
8.85,-2.626745,6532
8.8,0.22879091,6532
8.77,-2.6353831,6532
8.74,-3.188083,6532
8.74,-3.2841654,6532
8.7,1.0443845,6532
8.7,-0.49549663,6532
8.7,-0.70173454,6532
8.68,-2.928355,6532
8.68,-0.7000033,6532
8.66,-2.0480683,6532
8.66,-1.508304,6532
8.64,-1.3726492,6532
8.54,-0.7467814,6532
8.52,-1.5972712,6532
8.52,-2.900773,6532
8.49,-1.1702539,6532
8.43,-3.1007605,6532
8.42,-3.9764953,6532
8.39,-0.2700901,6532
8.31,-2.9364436,6532
8.28,-2.770362,6532
8.22,-1.6084757,6532
8.21,-1.2178016,6532
8.14,-0.86436385,6532
8.12,-0.8585923,6532
8.06,-2.8951924,6532
7.72,-2.8924425,6532
7.7,-1.0218683,6532
7.58,-2.0502222,6532
6.5,2.958683,13277
5.5,1.6237838,13277
5.4,-5.443877,13277
6.46,-2.246324,8036
6.08,-0.7409654,8036
5.92,0.14189133,8036
5.82,5.527931,8036
5.31,-0.29767656,8036
5.24,-2.767206,8036
5.1,-3.1577418,8036
4.54,-1.7145742,8036
8.52,1.446163,6263
8.4,3.5076206,6263
7.6,-0.08889189,6263
8.48,4.6619887,4872
6.11,-4.675488,14036
5.75,0.4737829,14036
7.7,-3.9376771,6607
7.1,3.3265963,6607
6.89,-5.690369,6607
6.82,-2.921366,6607
6.64,-3.1900961,6607
6.52,-3.4194758,6607
6.16,-2.5037155,6607
6.14,-5.725991,6607
6.12,-4.8695383,6607
5.96,-3.2957246,6607
5.88,-4.115712,6607
5.87,-4.6119523,6607
5.34,-6.4371376,6607
9.0,2.847064,3790
9.0,2.8742359,3790
9.0,4.7288146,3790
9.0,0.50481594,3790
9.0,3.4124296,3790
9.0,3.2177832,3790
8.7,-0.860509,3790
8.7,0.60232955,3790
8.7,2.0510254,3790
8.7,1.6323005,3790
8.7,2.4479234,3790
8.52,0.35858828,3790
8.52,3.1323247,3790
8.4,0.31877095,3790
8.15,-0.9767478,3790
7.89,-1.7703879,3790
7.62,-4.16976,3790
7.26,-1.9023243,3790
7.06,1.1481692,3790
6.77,2.0102718,3790
6.52,-2.9856908,3790
6.37,-2.073666,3790
6.24,-0.91294277,3790
6.21,2.6817105,3790
5.53,1.8398498,3790
5.48,4.5704656,3790
6.2,0.9875174,16119
6.1,-4.027378,16119
6.02,2.7061942,16119
4.82,-2.1039777,16119
8.28,-3.01746,16045
7.7,-3.0568113,16045
7.36,-4.964154,16045
7.3,-2.086811,16045
7.3,-1.1944739,16045
7.1,-2.8952515,16045
7.05,-1.865893,16045
6.93,-1.451347,16045
6.8,-3.7834063,16045
6.8,-2.3238251,16045
6.75,-2.704268,16045
6.72,-2.6338608,16045
6.68,-2.86029,16045
6.58,-0.6079501,16045
6.52,-3.4482234,16045
6.5,-1.3645399,16045
6.47,-2.3132083,16045
6.38,3.195438,16045
6.38,0.014411509,16045
6.38,-2.5762656,16045
6.1,-2.9495714,16045
6.0,-4.8703556,16045
6.0,-3.502975,16045
5.94,-2.4779782,16045
5.91,-3.6096363,16045
5.87,-1.4523736,16045
5.85,-1.9321822,16045
5.84,-5.0215745,16045
5.77,-1.3681202,16045
5.58,-2.745693,16045
5.57,-3.88741,16045
5.55,-3.7650664,16045
5.55,-3.0116649,16045
5.42,-3.2626173,16045
5.32,-3.9978623,16045
5.26,-4.289632,16045
4.85,-3.9448686,16045
8.7,-4.025569,2139
7.7,0.28621444,2139
7.58,-1.3327808,2139
7.51,-1.6348541,2139
5.52,-4.2773013,3020
8.7,-4.0135856,17806
8.22,-3.696467,17806
7.8,2.197755,17806
7.75,-4.5720997,17806
8.4,2.1057072,6890
8.22,-0.50155073,6890
8.1,-0.52477956,6890
8.05,-0.029880203,6890
8.0,-2.1006384,6890
7.77,0.33367077,6890
7.7,-2.2551212,6890
7.68,0.13912764,6890
7.64,-4.5534077,6890
7.48,-4.157036,6890
7.44,-4.289533,6890
7.39,-1.0058463,6890
7.29,-3.7555406,6890
7.17,-4.2297945,6890
7.11,1.389255,6890
7.09,-0.6814925,6890
7.03,0.15830982,6890
7.01,-3.0157168,6890
6.81,-3.0521455,6890
6.74,-1.997607,6890
6.32,-2.514589,6890
6.28,-5.708906,6890
6.13,-2.6868205,6890
6.11,-1.5336391,6890
6.04,-2.0099106,6890
6.44,1.7377886,14715
9.05,1.1027826,5890
9.0,2.3929408,5890
8.92,0.4016545,5890
8.92,2.7349274,5890
8.74,0.65463006,5890
8.68,1.1147784,5890
8.68,2.0799963,5890
8.62,-0.018341362,5890
8.52,-3.7443275,5890
8.48,1.5971683,5890
8.38,-2.105661,5890
8.28,1.1261963,5890
8.28,0.14321622,5890
8.27,-2.6615238,5890
8.26,1.4074465,5890
8.25,-3.8674238,5890
8.24,1.5351512,5890
8.22,1.9866208,5890
8.21,0.20754302,5890
8.19,-1.1839917,5890
8.19,-3.7057235,5890
8.16,1.8674716,5890
8.15,-1.7868968,5890
8.1,-0.73737127,5890
8.09,2.320439,5890
8.09,2.9439895,5890
8.05,2.1769435,5890
8.05,-1.3745724,5890
8.02,0.15533659,5890
8.0,-3.4434586,5890
7.57,2.4165487,5890
7.49,0.61681086,5890
7.14,-1.3162725,5890
7.04,-4.185359,5890
7.0,-1.0419424,5890
6.99,-3.443973,5890
6.99,0.87636894,5890
6.98,1.1849536,5890
6.96,0.6470285,5890
6.94,-2.0457153,5890
6.92,-0.2893419,5890
6.87,1.2983363,5890
6.87,-2.738326,5890
6.85,-0.6366647,5890
6.83,-0.25456887,5890
6.78,-0.26113158,5890
6.71,-1.8129836,5890
6.45,1.4966581,5890
6.29,1.3248595,5890
6.28,-0.9259975,5890
6.25,0.49225843,5890
6.24,2.1568887,5890
6.54,1.3508109,15427
6.2,-3.0237238,15427
6.16,-2.3549812,15427
6.12,-2.4000509,15427
5.85,-0.018547915,15427
5.82,-0.12850958,15427
5.68,-0.5773172,15427
5.64,-0.12822485,15427
5.47,-0.12765056,15427
5.42,-1.7921623,15427
5.42,0.7808951,15427
5.4,-0.17946848,15427
5.24,-1.7746683,15427
4.92,-0.40285346,15427
4.46,-0.40386593,15427
8.1,-0.10112865,13734
7.92,1.0848925,13734
7.6,1.1376057,13734
7.01,-4.711737,13734
7.01,-4.228289,13734
6.94,1.3780648,13734
6.81,-4.2642846,13734
5.87,-3.225809,13734
6.51,3.1998932,12651
6.48,4.07241,12651
6.46,3.6213658,12651
6.37,3.3451912,12651
6.36,2.648638,12651
6.17,0.9022065,12651
6.08,2.8805158,12651
6.04,2.7658598,12651
5.95,4.295436,12651
5.92,2.6037061,12651
5.88,2.2101784,12651
5.84,4.8556314,12651
5.84,5.0333652,12651
5.77,3.0837855,12651
5.74,4.0800366,12651
5.74,2.5168364,12651
5.72,5.094712,12651
5.67,3.6890173,12651
5.58,4.429138,12651
5.56,3.136912,12651
5.55,4.4907894,12651
5.49,3.767962,12651
5.46,5.1530724,12651
5.38,3.594244,12651
5.34,4.0722127,12651
5.31,4.2034554,12651
5.28,3.4513505,12651
8.4,5.173925,28
8.35,-4.083367,460
7.85,2.8446846,4715
6.77,0.44022343,4715
5.96,-0.22843105,4715
8.12,0.9499863,15091
5.28,5.223689,15091
8.7,-0.47744718,7847
8.7,-2.6121204,7847
8.7,-4.114207,7847
8.7,1.5432032,7847
8.52,0.14659786,7847
8.52,-0.8283926,7847
8.52,0.094838984,7847
8.52,-0.76574695,7847
8.52,-1.3373002,7847
8.52,-2.3093374,7847
8.4,1.4483538,7847
8.4,-0.22475263,7847
8.4,-0.66548854,7847
8.4,0.0066457167,7847
8.3,-5.1656733,7847
8.3,-0.8283926,7847
8.3,0.29130143,7847
8.3,0.6139744,7847
8.3,-0.7312344,7847
8.3,-2.292011,7847
8.22,-0.7793101,7847
8.22,0.40120992,7847
8.1,-0.37962228,7847
8.1,-0.13385308,7847
8.1,-2.5757537,7847
8.05,-2.7262266,7847
8.05,-3.2455025,7847
7.77,-4.940853,7847
6.23,-0.41288662,655
5.3,1.5323102,655
8.0,-1.0661666,113
4.65,9.328846,3594
4.1,3.4518769,3594
5.18,-3.1992478,9116
5.14,-2.9022355,9116
4.97,1.3893673,9116
4.85,-5.2666445,9116
4.71,-1.9942892,9116
6.34,0.9102825,13976
8.3,-0.21044174,11921
8.24,-0.8645713,11921
8.24,1.4187505,11921
8.17,3.2418272,11921
8.13,0.1663265,11921
8.12,1.6060808,11921
8.11,-1.4132425,11921
8.08,1.2316201,11921
8.03,0.150504,11921
8.0,1.2337399,11921
8.0,-1.5067759,11921
7.98,-1.7501326,11921
7.96,2.8850935,11921
7.92,-0.67223984,11921
7.88,-0.15983719,11921
7.88,1.5104105,11921
7.81,0.25617763,11921
7.75,-0.8438027,11921
7.74,-1.7146474,11921
7.71,-0.31468552,11921
7.71,-1.0428325,11921
7.7,-1.3846263,11921
7.56,-0.5356475,11921
7.39,1.3096069,11921
7.38,-0.3934789,11921
7.12,-0.83966535,11921
7.08,-0.83752775,11921
6.88,3.870056,11921
6.54,0.9889489,4026
8.66,-4.053259,13677
6.54,1.9402726,11123
6.05,-2.638694,11123
5.23,-6.9447794,11123
6.27,3.6810021,2842
6.8,4.8666077,5481
6.91,7.737906,8601
6.36,-0.8897551,8601
6.13,0.022626072,8601
6.06,5.65304,8601
5.23,-1.4121834,8601
5.16,-1.572925,8601
7.07,5.3423524,15775
6.57,4.42324,15775
6.0,2.3353708,15775
5.8,2.0574512,15775
5.8,-2.198693,15775
5.64,-2.499704,15775
5.57,-1.7982736,15775
5.57,-2.6066551,15775
5.15,1.7260989,15775
8.4,4.460907,57
8.05,-1.4866713,4145
7.64,-2.9415805,4145
7.4,-2.403573,4145
7.38,-3.4572368,4145
7.21,-3.0937865,4145
7.14,-4.48542,4145
6.95,-3.468326,4145
6.91,0.161416,4145
6.8,-3.9493654,4145
6.42,-3.284157,4145
5.89,-0.31467688,4145
5.9,-2.9328601,5383
5.2,-0.11057418,5383
8.7,4.139845,8074
8.7,7.0248694,8074
8.52,6.0265718,8074
8.4,5.6950736,8074
8.4,2.5986583,8074
8.22,5.222857,8074
8.0,4.6588683,8074
7.96,0.16508827,8074
7.89,4.825823,8074
7.85,7.637183,8074
7.82,3.914718,8074
7.57,7.5160336,8074
7.48,6.332007,8074
7.2,0.16508827,8074
7.05,0.27690673,8074
6.75,1.087974,8074
6.7,6.254424,8074
6.46,5.961539,8074
6.17,6.2753873,8074
6.07,2.7341163,8074
7.19,1.194332,998
5.75,0.27672422,6822
4.5,-0.71108395,7097
9.22,2.925747,13531
9.22,2.9257464,13531
9.15,2.925747,13531
9.15,2.694152,13531
9.05,0.16647848,13531
8.8,0.2915882,13531
8.8,2.3997386,13531
8.74,1.1345159,13531
8.72,2.694864,13531
8.37,1.5987021,13531
8.37,1.5356188,13531
8.3,-0.38092571,13531
8.26,0.7439061,13531
8.24,-1.988347,13531
8.15,1.2761364,13531
8.04,1.2761366,13531
7.99,0.030131131,13531
7.96,0.09574423,13531
7.86,-1.9883469,13531
7.78,-2.4662626,13531
7.72,-2.3051178,13531
7.54,0.16070393,13531
7.54,-1.0559067,13531
7.5,-1.7524263,13531
6.17,-3.7388763,13531
6.26,2.6956956,12063
5.46,1.2379133,8416
7.98,3.7526033,2019
6.17,0.3854866,5642
5.62,1.0633332,5642
5.42,-2.9636722,5642
5.36,2.861219,5642
5.79,2.2865894,12573
5.4,6.048788,11202
5.38,-1.4525083,11202
7.7,-2.0658789,16534
7.64,1.6928695,16534
7.57,-0.5615366,16534
7.37,0.42303798,16534
7.09,2.288611,16534
6.97,-1.444334,16534
6.79,-1.1969665,16534
6.36,-2.0432518,16534
6.05,-1.1724554,16534
6.04,-1.0336424,16534
5.75,2.1244552,16534
5.43,0.8303099,16534
4.97,-4.864491,17545
4.57,-6.6796484,17545
6.3,0.5906634,17062
6.22,-0.19737396,17062
5.89,-0.12892485,17062
5.85,-0.24709716,17062
5.77,2.6064599,17062
4.96,1.2128438,17062
4.82,-1.1221417,17062
4.82,2.06669,17062
9.3,4.484573,1237
9.05,0.30527344,1237
8.47,0.7530466,1237
8.33,1.0127281,1237
8.12,0.59449214,1237
8.1,0.28307784,1237
8.0,1.1439674,1237
7.99,2.0954452,1237
7.86,0.49324912,1237
7.69,-0.13159011,1237
7.66,1.576579,1237
7.65,1.4476647,1237
7.57,1.0215505,1237
7.51,2.244636,1237
7.5,-0.7182902,1237
6.75,2.312914,1237
6.57,-0.89473504,1237
5.68,0.27534243,1237
6.52,-3.445271,4856
4.06,-1.322972,2452
7.44,4.76875,13165
7.29,-1.462935,13165
5.62,-1.6302215,2733
8.7,1.6569425,4632
6.04,1.7401841,6770
5.59,0.88868856,6770
5.56,1.5352179,6770
5.49,2.9196038,6770
5.4,1.3574104,6770
5.14,1.2242047,6770
5.09,-1.6420845,6770
4.93,-3.7318225,6770
4.9,-1.8848139,6770
4.88,0.8776872,6770
4.69,-2.4455745,6770
4.52,-1.4751493,6770
7.89,-1.0999238,8098
7.55,-0.72162884,8098
6.76,-0.16482699,8098
6.57,-0.18226516,8098
7.47,0.6706401,811
6.89,0.768869,811
6.82,0.702577,811
6.77,3.178041,811
6.54,1.2140726,811
6.52,-0.6684558,811
6.52,2.3211334,811
6.5,0.41087008,811
6.21,1.5421871,811
5.85,-1.4198142,811
5.82,-0.46775246,811
5.75,0.21487013,811
5.64,-3.2048957,811
5.58,-2.8814838,811
5.34,-2.5089312,811
5.34,-1.2110469,811
5.22,-2.0374298,811
5.19,-2.2833984,811
5.16,-2.0970533,811
5.02,-2.75428,811
5.0,-5.402849,811
4.75,-2.0358837,811
4.6,-4.099197,811
4.43,-3.0044136,811
4.38,-3.5800593,811
4.32,-6.4268045,811
4.17,-2.7210016,811
5.38,2.6310046,126
5.34,-1.5848782,126
5.2,-4.431208,126
4.46,-6.916685,126
6.89,1.1495577,1330
6.77,-1.7979628,1330
6.76,1.0820342,1330
6.67,-0.8057341,1330
6.64,1.1311995,1330
6.63,3.374983,1330
6.63,0.69449383,1330
6.62,2.0958657,1330
6.62,3.7031066,1330
6.59,2.0243752,1330
6.58,3.305877,1330
6.53,0.44822127,1330
6.5,3.3392432,1330
6.46,2.2819455,1330
6.46,1.5723952,1330
6.44,-0.6691563,1330
6.42,1.3566355,1330
6.37,-0.577485,1330
6.36,-0.9176723,1330
6.33,1.2707213,1330
6.32,0.04107257,1330
6.32,1.1239161,1330
6.31,0.97670645,1330
6.3,0.2723118,1330
6.28,0.40903762,1330
6.26,2.2238283,1330
6.26,2.1975539,1330
6.26,1.8752536,1330
6.21,2.2054594,1330
6.18,1.5407077,1330
6.18,2.4896476,1330
6.17,-2.2868118,1330
6.16,2.6191142,1330
6.15,1.91852,1330
6.13,1.0066501,1330
6.09,2.2238283,1330
6.09,-0.00710541,1330
6.07,1.3764334,1330
6.06,0.9422011,1330
6.03,3.016038,1330
6.02,2.59676,1330
6.02,-0.40599713,1330
6.01,0.8866907,1330
6.0,1.4884534,1330
6.0,1.2868317,1330
5.99,1.9589305,1330
5.96,-0.008580482,1330
5.96,0.72785133,1330
5.91,2.2680204,1330
5.89,1.6620575,1330
5.89,0.4359153,1330
5.87,-0.1590169,1330
5.87,2.416916,1330
5.85,-0.577485,1330
5.85,0.33153984,1330
5.85,-1.044013,1330
5.84,2.4105992,1330
5.82,1.182196,1330
5.82,-0.97622997,1330
5.8,-1.0172809,1330
5.8,1.1071137,1330
5.8,1.1101129,1330
5.79,-3.0642831,1330
5.78,0.89891034,1330
5.76,2.5196748,1330
5.73,1.91852,1330
5.72,0.7711412,1330
5.68,0.6167004,1330
5.68,0.26026052,1330
5.66,0.8281038,1330
5.64,-0.7925822,1330
5.61,-0.5370617,1330
5.6,1.0213608,1330
5.58,0.59192044,1330
5.57,-1.7380778,1330
5.57,1.4877113,1330
5.57,-0.25864065,1330
5.57,-1.0292598,1330
5.55,-0.45694482,1330
5.54,0.25746384,1330
5.54,0.43447897,1330
5.5,0.69904834,1330
5.5,0.7936625,1330
5.5,1.8065269,1330
5.49,-0.17930064,1330
5.49,1.910994,1330
5.48,-0.09897675,1330
5.46,0.761899,1330
5.45,-0.38493443,1330
5.44,-0.38493496,1330
5.42,-0.14102583,1330
5.39,1.0646428,1330
5.34,-1.1901163,1330
5.34,1.8696271,1330
5.32,-2.3783362,1330
5.32,-0.6024073,1330
5.3,0.8488246,1330
5.28,0.5287577,1330
5.28,0.18244484,1330
5.28,-0.7567128,1330
5.28,0.6462141,1330
5.27,-0.14102548,1330
5.26,1.5808734,1330
5.25,0.023493439,1330
5.25,-2.0551813,1330
5.24,1.5495408,1330
5.24,1.4080176,1330
5.23,-0.6817984,1330
5.23,0.27387154,1330
5.21,-0.3071925,1330
5.21,-2.145575,1330
5.19,-1.0913361,1330
5.19,-1.7394779,1330
5.16,-0.7127475,1330
5.16,-1.1406595,1330
5.16,0.91010123,1330
5.14,-0.02648615,1330
5.14,0.35757926,1330
5.1,0.34042153,1330
5.09,-1.646658,1330
5.07,1.4133521,1330
5.05,-1.0297171,1330
5.04,-2.1715465,1330
5.01,0.40400496,1330
4.97,-0.45723855,1330
4.92,-0.6287698,1330
4.85,0.8424357,1330
4.82,-1.7014029,1330
4.82,-1.8263559,1330
4.82,-3.3911917,1330
4.8,-3.738636,1330
4.8,-0.8407745,1330
4.79,-1.0913359,1330
4.64,-2.6284037,1330
4.6,-0.35339087,1330
4.6,-3.8554018,1330
4.6,-0.3500011,1330
4.54,-0.19539207,1330
4.52,-2.4211743,1330
4.5,-2.1538975,1330
4.35,-0.7004399,1330
4.33,-1.8402058,1330
4.3,-4.5755835,1330
4.3,-3.2739599,1330
4.3,-3.7106154,1330
4.3,-1.4287928,1330
4.3,-3.3402805,1330
4.3,-2.7296755,1330
4.3,-0.8906127,1330
4.3,-0.76169366,1330
4.3,-2.371132,1330
4.3,-0.44645727,1330
4.28,-3.4213688,1330
4.17,0.19441548,1330
4.1,0.36299258,1330
4.0,-1.2058437,1330
4.0,-0.91019726,1330
4.0,-3.7031825,1330
4.0,-2.8154829,1330
4.0,-4.3485756,1330
4.0,-4.300088,1330
4.0,-4.588034,1330
4.0,-3.5879927,1330
4.0,-3.9887357,1330
4.0,-3.2386396,1330
4.0,-4.022576,1330
4.0,-0.82889944,1330
4.0,-1.6804256,1330
4.0,-2.0799146,1330
4.0,-3.8232725,1330
4.0,-5.3894815,1330
4.0,-2.7075977,1330
4.0,-2.918594,1330
4.0,-4.2514124,1330
4.0,-3.80178,1330
4.0,-3.6328998,1330
4.0,-3.2926776,1330
4.0,-3.2867005,1330
4.0,-4.260738,1330
4.0,-3.378505,1330
4.0,-1.7577065,1330
4.0,-3.990824,1330
4.0,-2.1050982,1330
4.0,0.42629585,1330
4.0,-3.4504242,1330
4.0,-4.3248725,1330
4.0,1.0182763,1330
4.0,-3.0973227,1330
4.0,0.4453209,1330
4.0,-3.0597985,1330
4.0,-3.2004406,1330
4.0,-1.9545171,1330
4.0,-2.3950975,1330
4.0,0.40279323,1330
9.0,0.14267471,11266
8.4,-1.5343138,8820
7.7,-2.7077959,8820
6.52,-3.8469384,8820
10.0,0.37464827,7937
10.0,-0.5340359,7937
9.7,-0.6391953,7937
9.7,1.0125384,7937
9.7,-0.6343297,7937
9.3,2.351717,7937
9.3,0.7655994,7937
9.22,0.040081255,7937
9.22,2.1338997,7937
9.22,2.288372,7937
9.22,1.8846368,7937
9.22,2.2493274,7937
9.15,-0.41334257,7937
9.15,-0.21852505,7937
9.15,-1.0119324,7937
9.1,0.59462565,7937
9.1,2.4447932,7937
9.1,1.5206076,7937
9.0,2.5257583,7937
9.0,1.8961453,7937
9.0,1.7150335,7937
9.0,2.8598866,7937
9.0,3.6139476,7937
9.0,-1.7671206,7937
9.0,2.156102,7937
9.0,1.1967094,7937
8.7,3.3534052,7937
8.7,1.7371693,7937
8.7,0.6897796,7937
8.7,-0.16864821,7937
8.7,1.3097796,7937
8.7,2.8799522,7937
8.7,-0.6343297,7937
8.7,2.4719002,7937
8.7,1.497421,7937
8.7,-2.7979083,7937
8.7,-0.7134589,7937
8.7,1.3170211,7937
8.7,1.8336675,7937
8.7,2.4857762,7937
8.7,-0.59510285,7937
8.7,2.2542894,7937
8.7,-1.7833003,7937
8.7,-0.97050077,7937
8.7,-3.324437,7937
8.7,0.12493809,7937
8.7,1.2867575,7937
8.7,1.4611923,7937
8.7,1.6290139,7937
8.52,-1.8517609,7937
8.52,2.0900404,7937
8.52,2.737135,7937
8.52,0.34862682,7937
8.52,1.0695714,7937
8.52,-1.6559625,7937
8.52,1.8310248,7937
8.52,-0.13756296,7937
8.52,1.5981915,7937
8.52,-0.052059907,7937
8.52,-1.6002764,7937
8.52,-2.5122745,7937
8.52,-0.47695702,7937
8.52,0.5966034,7937
8.52,2.5803528,7937
8.52,1.1552303,7937
8.52,2.0791497,7937
8.52,-0.72658724,7937
8.52,2.5158513,7937
8.52,1.1235813,7937
8.52,0.76532674,7937
8.52,2.319956,7937
8.4,-2.6346514,7937
8.4,0.45091933,7937
8.4,1.6883812,7937
8.4,1.5601758,7937
8.4,1.6736122,7937
8.4,1.6427222,7937
8.4,0.6778336,7937
8.4,0.4614708,7937
8.3,0.13915655,7937
8.3,0.37464827,7937
8.3,-2.2963054,7937
8.3,0.17877945,7937
8.3,-0.56323683,7937
8.3,1.2194062,7937
8.3,2.119531,7937
8.3,-0.060193345,7937
8.3,-1.7042242,7937
8.3,2.7983482,7937
8.3,0.13474303,7937
8.3,1.3035996,7937
8.3,-0.91198677,7937
8.22,0.6117613,7937
8.22,-1.7077316,7937
8.22,-1.783965,7937
8.22,-0.72252905,7937
8.22,1.3752924,7937
8.22,3.5918927,7937
8.22,1.0992233,7937
8.22,1.1237341,7937
8.22,-0.99751043,7937
8.22,-1.9642038,7937
8.22,2.50153,7937
8.22,-1.7765517,7937
8.22,1.8441424,7937
8.22,0.7740753,7937
8.22,1.053602,7937
8.22,-0.16216797,7937
8.15,0.23003438,7937
8.15,1.4810075,7937
8.15,1.7068367,7937
8.15,3.352152,7937
8.15,-1.8055826,7937
8.15,-0.1038858,7937
8.15,-0.48303553,7937
8.15,1.7766641,7937
8.1,-0.08519951,7937
8.1,0.37928557,7937
8.1,1.730685,7937
8.1,0.7438288,7937
8.1,-0.87385917,7937
8.1,3.5577343,7937
8.1,0.39479256,7937
8.1,-2.531646,7937
8.05,1.7857774,7937
8.05,0.8062311,7937
8.05,0.9886549,7937
8.05,1.5349954,7937
8.05,-0.119178966,7937
8.05,0.85596704,7937
8.05,-1.268494,7937
8.05,-1.0798169,7937
8.05,0.3429662,7937
8.05,-0.12554073,7937
8.05,2.0150874,7937
8.05,1.2495782,7937
8.05,0.9163893,7937
8.05,1.2771422,7937
8.0,1.7684305,7937
8.0,-0.014004968,7937
8.0,3.2851472,7937
8.0,-1.1003251,7937
8.0,0.64921874,7937
8.0,1.607275,7937
8.0,1.2594033,7937
8.0,0.459764,7937
7.96,1.86152,7937
7.96,-1.2416748,7937
7.96,-0.38977653,7937
7.96,1.3342285,7937
7.96,2.9492657,7937
7.96,0.90275323,7937
7.92,-1.616014,7937
7.92,0.85596704,7937
7.92,-2.5486825,7937
7.89,0.06887855,7937
7.89,0.6252736,7937
7.89,0.37464726,7937
7.89,-0.07798147,7937
7.89,-0.744008,7937
7.89,2.2562928,7937
7.89,-0.47567922,7937
7.89,-1.0514916,7937
7.89,-0.307216,7937
7.85,0.86727107,7937
7.85,2.261307,7937
7.82,1.8868885,7937
7.82,-0.7545569,7937
7.82,0.5092997,7937
7.82,2.8588912,7937
7.8,0.7357717,7937
7.8,0.55063605,7937
7.8,-2.6730747,7937
7.8,-0.057391837,7937
7.8,-0.045222476,7937
7.8,1.1502322,7937
7.77,0.41524053,7937
7.77,2.1519196,7937
7.75,1.3481706,7937
7.75,1.1602458,7937
7.75,1.1857393,7937
7.75,-2.796916,7937
7.75,0.030992065,7937
7.72,0.56172127,7937
7.7,1.6807069,7937
7.7,-0.9088912,7937
7.7,1.2208661,7937
7.7,-2.5903986,7937
7.7,2.1433363,7937
7.7,2.654812,7937
7.68,-3.3544014,7937
7.68,0.8145835,7937
7.68,-0.049955532,7937
7.68,-1.3151248,7937
7.68,-2.875872,7937
7.68,2.7778296,7937
7.68,2.0583408,7937
7.68,2.3962011,7937
7.68,0.76791185,7937
7.66,0.75623685,7937
7.66,2.6548119,7937
7.66,1.3134495,7937
7.66,1.6095508,7937
7.64,2.4816942,7937
7.64,-2.977925,7937
7.64,0.782072,7937
7.62,-1.3151249,7937
7.62,-1.3816069,7937
7.62,2.047122,7937
7.62,-2.8104858,7937
7.62,-0.12148756,7937
7.6,1.3231691,7937
7.6,-0.6391953,7937
7.6,-0.0864099,7937
7.58,-0.3588143,7937
7.58,-1.300799,7937
7.58,-1.7825221,7937
7.57,-0.6230272,7937
7.57,-3.522787,7937
7.57,-2.8406672,7937
7.55,-3.76206,7937
7.55,1.4474305,7937
7.55,-0.09820813,7937
7.55,-0.37835607,7937
7.55,-0.017746197,7937
7.54,-0.60904354,7937
7.54,2.438528,7937
7.52,-0.017746162,7937
7.52,-0.1171444,7937
7.51,0.23403174,7937
7.51,1.5236186,7937
7.5,-0.6391955,7937
7.5,0.22551015,7937
7.48,-0.7884192,7937
7.48,1.237319,7937
7.48,0.4232818,7937
7.48,0.12723267,7937
7.47,-2.149725,7937
7.46,-1.8263263,7937
7.46,-0.3394983,7937
7.46,1.2801003,7937
7.46,-1.2432095,7937
7.44,0.09732149,7937
7.43,-0.69574726,7937
7.43,-0.7819182,7937
7.43,-1.5167952,7937
7.43,-1.4172269,7937
7.43,1.0146677,7937
7.43,-5.7545686,7937
7.43,0.5046046,7937
7.43,-1.4342958,7937
7.42,2.654812,7937
7.42,-2.1494224,7937
7.42,-2.1270416,7937
7.42,1.6030084,7937
7.42,0.2510222,7937
7.42,0.4478864,7937
7.42,-1.9746137,7937
7.41,2.4071696,7937
7.41,1.1285106,7937
7.41,-1.2893124,7937
7.4,0.44726253,7937
7.4,0.027268577,7937
7.4,0.33331385,7937
7.4,-0.9644354,7937
7.4,1.3674197,7937
7.4,0.22989628,7937
7.39,-0.61694676,7937
7.38,-0.05170872,7937
7.38,0.32483175,7937
7.37,1.135321,7937
7.36,-0.49226213,7937
7.36,-2.404319,7937
7.36,-0.413509,7937
7.36,-3.5083838,7937
7.36,1.3276275,7937
7.34,-0.71843576,7937
7.34,1.1293517,7937
7.34,-3.4769297,7937
7.34,2.0984037,7937
7.33,0.7532296,7937
7.33,0.5046046,7937
7.33,1.4917582,7937
7.33,-1.2611346,7937
7.32,-1.5366176,7937
7.32,0.06403338,7937
7.32,1.0706476,7937
7.31,-1.5535318,7937
7.3,-1.70295,7937
7.28,1.2471805,7937
7.27,-1.4013445,7937
7.26,0.34320807,7937
7.24,2.203357,7937
7.24,-2.3135767,7937
7.24,-4.04996,7937
7.23,-1.4599266,7937
7.23,-2.688272,7937
7.22,2.7923717,7937
7.21,0.5046055,7937
7.2,-2.171835,7937
7.2,-0.58553135,7937
7.19,0.3417951,7937
7.19,-0.19149023,7937
7.17,-4.5217814,7937
7.17,-0.30752957,7937
7.17,0.37464726,7937
7.17,1.1703395,7937
7.16,-0.017465089,7937
7.16,1.3927016,7937
7.16,-3.064417,7937
7.16,-3.0921805,7937
7.16,-1.0996554,7937
7.15,0.403023,7937
7.15,-0.85974115,7937
7.15,-0.46977073,7937
7.15,2.3561878,7937
7.14,-1.5388087,7937
7.14,-0.38408408,7937
7.14,0.29406604,7937
7.14,-1.4815054,7937
7.14,0.7475915,7937
7.14,3.601843,7937
7.13,0.6909702,7937
7.12,-0.14840408,7937
7.12,-2.564561,7937
7.11,-4.024952,7937
7.11,-3.485166,7937
7.11,-1.0625435,7937
7.11,-1.4170417,7937
7.1,-4.34175,7937
7.1,-0.012276569,7937
7.1,-2.716731,7937
7.09,0.23036152,7937
7.09,1.2274271,7937
7.08,2.0979395,7937
7.08,0.8469481,7937
7.08,1.3762474,7937
7.08,1.859258,7937
7.07,-3.1126962,7937
7.07,-4.082607,7937
7.06,1.2909276,7937
7.06,-2.0542998,7937
7.05,1.6486967,7937
7.04,-2.1961236,7937
7.04,-3.0150719,7937
7.04,0.23306704,7937
7.03,-1.6219872,7937
7.03,-4.115672,7937
7.02,0.39799508,7937
7.02,0.43077177,7937
7.02,0.58684975,7937
7.02,1.8005191,7937
7.02,0.9992042,7937
7.01,1.0847231,7937
7.01,-0.8573095,7937
7.0,-0.29433432,7937
7.0,0.54888886,7937
6.99,-2.428742,7937
6.99,2.6820652,7937
6.99,-1.8049153,7937
6.99,0.56685334,7937
6.99,-1.6675525,7937
6.99,2.6488824,7937
6.99,1.7070941,7937
6.98,-0.8842793,7937
6.98,0.66630536,7937
6.97,-3.1266754,7937
6.97,-4.0334206,7937
6.96,-1.4058652,7937
6.95,-0.11216174,7937
6.94,-2.490833,7937
6.94,-1.6187638,7937
6.94,1.5530226,7937
6.93,-1.2312723,7937
6.93,1.1410402,7937
6.92,-4.9939723,7937
6.92,0.99982256,7937
6.91,-3.8747275,7937
6.91,3.207899,7937
6.9,-1.2869285,7937
6.9,0.34913144,7937
6.89,-0.91836894,7937
6.89,-1.0812019,7937
6.89,-1.270817,7937
6.88,-0.2622115,7937
6.88,0.6367791,7937
6.88,-1.1610736,7937
6.88,-1.2119396,7937
6.87,-3.2649043,7937
6.86,-1.752868,7937
6.86,3.147541,7937
6.86,-0.012276245,7937
6.86,1.6315128,7937
6.86,1.6794788,7937
6.84,1.3809296,7937
6.84,-3.3542821,7937
6.84,-6.247554,7937
6.84,0.8858397,7937
6.83,-0.7647146,7937
6.83,1.6763748,7937
6.82,2.7264605,7937
6.81,1.9783429,7937
6.81,0.6605615,7937
6.81,1.3466718,7937
6.81,-1.3660992,7937
6.8,1.853621,7937
6.8,-3.9331365,7937
6.8,0.8985718,7937
6.8,0.72341895,7937
6.79,-4.567832,7937
6.79,1.6084806,7937
6.79,-0.3929607,7937
6.79,-0.14429079,7937
6.78,-0.52556145,7937
6.78,-2.3986294,7937
6.76,-2.2315354,7937
6.76,-3.5487335,7937
6.76,-1.2550308,7937
6.75,-0.8910559,7937
6.75,2.0243192,7937
6.75,-2.346379,7937
6.75,-1.0656514,7937
6.75,0.81724364,7937
6.75,-0.4324534,7937
6.74,0.5539835,7937
6.74,-0.30197948,7937
6.74,0.99541384,7937
6.74,3.2607336,7937
6.74,-1.6911362,7937
6.74,-2.9497726,7937
6.73,1.2323557,7937
6.73,-3.2990954,7937
6.72,-3.9327543,7937
6.72,-2.7380867,7937
6.71,-2.825622,7937
6.71,1.4647259,7937
6.71,0.40642798,7937
6.71,-0.09109307,7937
6.71,1.8016306,7937
6.7,1.1745491,7937
6.69,1.3184623,7937
6.68,1.1804434,7937
6.68,1.1226175,7937
6.68,-0.10060694,7937
6.68,-2.7639925,7937
6.68,0.4132097,7937
6.67,-0.8744128,7937
6.67,2.2200222,7937
6.67,-3.156718,7937
6.66,-1.044159,7937
6.65,0.9040569,7937
6.65,1.3584198,7937
6.64,-1.0739175,7937
6.63,-2.274512,7937
6.63,-2.256949,7937
6.63,-1.3539317,7937
6.63,-0.94541126,7937
6.62,-3.1346498,7937
6.62,-4.42775,7937
6.62,0.4289745,7937
6.62,1.9491575,7937
6.62,-2.8594928,7937
6.62,0.2944773,7937
6.61,-3.6190197,7937
6.61,-2.5702798,7937
6.61,-3.0355818,7937
6.6,0.015090514,7937
6.6,-2.88843,7937
6.59,-3.038733,7937
6.58,-2.5427568,7937
6.58,-2.522088,7937
6.58,-0.75251627,7937
6.57,-1.7644738,7937
6.57,-1.6613934,7937
6.56,1.4436934,7937
6.55,2.063957,7937
6.55,1.5754645,7937
6.55,-1.1014953,7937
6.55,-2.5715969,7937
6.54,-1.1111132,7937
6.54,0.42057127,7937
6.53,-0.16405693,7937
6.53,-0.4934667,7937
6.53,0.81140804,7937
6.53,-4.1272616,7937
6.53,-3.5743253,7937
6.52,-0.014180053,7937
6.52,-2.695326,7937
6.5,-0.7703493,7937
6.5,-1.3960803,7937
6.5,-1.5719426,7937
6.5,-3.3019803,7937
6.5,1.4106477,7937
6.5,-0.24262467,7937
6.5,-1.5167209,7937
6.49,-3.861413,7937
6.49,-2.4775834,7937
6.49,1.2199377,7937
6.48,-0.43081707,7937
6.48,-0.6395331,7937
6.47,-3.8760204,7937
6.47,-4.042096,7937
6.47,-1.4394686,7937
6.47,-1.6222465,7937
6.46,-0.16605324,7937
6.46,-1.7581061,7937
6.45,3.2270958,7937
6.45,-3.8913043,7937
6.44,-0.5911668,7937
6.44,-4.110404,7937
6.43,0.061560772,7937
6.43,0.13056448,7937
6.4,-2.4343412,7937
6.39,-3.7556818,7937
6.39,-3.1177108,7937
6.38,2.4788976,7937
6.37,-4.102649,7937
6.37,-3.445172,7937
6.35,-2.6065133,7937
6.35,-2.235995,7937
6.35,0.10134908,7937
6.34,-0.29229528,7937
6.34,-2.616986,7937
6.33,-2.2864223,7937
6.33,1.594263,7937
6.33,-3.5445664,7937
6.33,1.0508415,7937
6.32,-4.970789,7937
6.31,-0.65747577,7937
6.31,-4.067372,7937
6.3,1.0681721,7937
6.29,-2.961429,7937
6.29,-0.89892256,7937
6.28,-4.4442477,7937
6.28,2.1285126,7937
6.27,-0.9223404,7937
6.25,1.0156095,7937
6.25,-3.175208,7937
6.24,-0.09582274,7937
6.24,0.77484655,7937
6.24,-3.462983,7937
6.23,-5.4295845,7937
6.22,0.49534255,7937
6.22,-2.907152,7937
6.21,-0.049955532,7937
6.2,-2.8309288,7937
6.19,1.513399,7937
6.18,-1.9225084,7937
6.18,-2.4189947,7937
6.17,-1.7496517,7937
6.15,-3.1223633,7937
6.15,-4.020512,7937
6.13,0.048335873,7937
6.13,-0.6272829,7937
6.13,-2.0181005,7937
6.12,2.1770618,7937
6.11,2.362717,7937
6.11,0.38952088,7937
6.1,0.95471406,7937
6.1,2.2881029,7937
6.09,-2.65602,7937
6.09,1.2168683,7937
6.09,-1.2440747,7937
6.09,-2.6497996,7937
6.08,1.444791,7937
6.08,-0.35715294,7937
6.08,0.4469043,7937
6.07,-0.33287507,7937
6.07,2.669621,7937
6.07,-2.7577143,7937
6.06,-4.2228823,7937
6.05,-3.0269766,7937
6.04,1.6442084,7937
6.04,0.60811776,7937
6.02,-0.10004681,7937
6.01,1.4863356,7937
6.0,2.3658164,7937
6.0,2.721353,7937
5.98,-3.5363624,7937
5.98,-3.938257,7937
5.98,0.84673995,7937
5.98,0.68745697,7937
5.98,-2.5201464,7937
5.96,-2.6264863,7937
5.93,2.5091453,7937
5.93,-4.0903773,7937
5.92,-0.8921182,7937
5.89,0.3469685,7937
5.86,3.1027682,7937
5.85,-0.1629444,7937
5.84,-2.112941,7937
5.83,-3.788099,7937
5.83,-0.09109231,7937
5.83,-0.014179945,7937
5.83,-1.6426144,7937
5.83,-3.1276026,7937
5.83,-3.298058,7937
5.83,-2.7171242,7937
5.83,-1.9495045,7937
5.83,1.2589394,7937
5.83,-0.4138576,7937
5.83,-0.99286664,7937
5.83,-4.4295297,7937
5.83,-3.5332716,7937
5.83,-4.2038555,7937
5.83,-3.028476,7937
5.83,-2.382792,7937
8.52,4.6273036,660
6.9,-0.8759668,660
6.7,2.3980885,660
4.95,1.6230557,15747
4.95,-0.53709203,15747
5.8,2.7960398,61
9.59,1.9825889,14666
8.92,6.4046583,14666
8.82,7.463615,14666
8.7,2.5265036,14666
8.26,9.3092165,14666
6.55,0.7247822,14666
6.02,-0.16713756,17409
5.4,0.035388865,17409
8.28,0.065211646,9088
7.79,1.4523219,9088
7.61,1.0835176,9088
7.48,1.6808469,9088
7.46,0.5683002,9088
7.39,1.2037381,9088
7.36,-0.11891078,9088
7.33,1.070848,9088
7.28,-6.4986916,9088
7.21,-0.95131344,9088
7.19,1.8916085,9088
7.1,0.32823431,9088
7.03,0.3189814,9088
7.01,-0.049117424,9088
6.96,-2.4099143,9088
6.92,0.8381699,9088
6.79,1.262004,9088
6.55,-1.0705719,9088
6.34,-3.307271,9088
6.34,-4.012942,9088
6.17,-2.0167286,9088
6.13,-2.7079332,9088
6.05,-4.0235105,9088
5.98,-1.6160947,9088
5.94,-4.8773417,9088
5.92,-5.106796,9088
5.91,-1.7427076,9088
5.82,-5.031376,9088
5.62,-2.8677099,9088
5.61,-3.1078696,9088
5.59,-2.4418085,9088
5.5,-4.1809106,9088
5.38,-4.491423,9088
5.3,-6.114851,9088
5.25,-0.54056656,9088
5.66,2.0292284,14028
8.0,4.736676,2151
7.8,-2.1937034,11574
6.55,-3.4060264,12727
6.44,-3.9020598,17008
6.41,-1.1145308,17502
5.1,1.6809348,1039
7.07,1.2280536,17346
6.62,-2.0653856,17346
6.59,1.6206754,17346
6.56,0.1969131,17346
6.55,0.9987348,17346
6.25,-1.3449229,17346
6.24,1.4714413,17346
6.16,0.1195553,17346
6.08,1.321372,17346
5.91,1.56646,17346
5.69,0.31310114,17346
5.13,0.9046297,17346
5.13,0.9705667,17346
5.09,-0.8278439,17346
4.81,-1.8651679,17346
4.64,-3.3556037,17346
4.42,-1.6045808,17346
7.9,1.2433898,15383
7.57,0.46692848,15383
7.37,-1.4853286,15383
7.19,2.3484035,15383
6.94,0.18677825,15383
6.51,-0.315051,15383
6.37,-3.843243,15383
6.34,-1.0672143,15383
6.33,1.7970783,15383
6.28,2.3464668,15383
5.5,3.130698,15383
5.36,-4.137678,4350
8.98,4.0243444,9085
7.86,-0.5904017,9085
7.1,-1.7995719,9085
6.81,-0.6165569,9085
6.72,-3.13366,9085
5.94,-1.4130884,9085
5.48,-1.6704181,9085
5.26,-4.6739154,9085
5.19,-2.9410703,9085
4.95,-2.7015007,9085
7.5,3.2801156,4822
7.36,3.9074962,4822
7.16,4.139,4822
7.08,-0.20063949,4822
6.95,1.7614093,4822
6.72,4.8080416,4822
6.64,-2.2235951,4822
6.5,-2.1824486,4822
6.26,3.8388913,4822
6.13,3.895829,4822
6.0,3.0716467,4822
5.92,3.0490532,4822
5.75,4.038276,4822
4.7,-3.5606813,10063
4.6,-3.4487824,10063
4.5,1.9426397,10063
4.5,-4.318797,10063
4.4,-3.4394252,10063
4.4,-5.319309,10063
5.71,3.186543,1865
8.74,-0.9371904,10311
8.36,-4.315021,10311
7.77,4.8392534,10311
7.39,-4.315021,10311
6.96,-4.3150215,10311
6.54,2.474662,10311
6.43,-1.9858094,10311
5.34,-0.90553296,10311
5.13,-1.9858094,10311
5.11,-1.9858091,10311
6.67,4.2238393,7572
8.4,-1.479739,7204
8.22,-1.4797382,7204
8.05,-0.75986797,7204
8.05,0.14860085,7204
7.8,-4.1619616,7204
7.7,-1.1783546,7204
7.66,-0.66343457,7204
7.42,-1.4797382,7204
7.4,-1.0072286,7204
7.3,-0.73660594,7204
7.1,0.23540002,7204
7.05,-0.45793614,7204
7.02,-0.93420327,7204
7.0,-0.28821963,7204
6.82,-0.4753596,7204
6.8,-0.20597446,7204
6.7,-0.54997295,7204
6.17,1.3051931,7204
6.1,0.016116805,7204
5.89,-0.5941516,7204
5.89,-1.0336701,7204
5.58,2.7803483,7204
5.46,-0.04577476,7204
5.96,1.2715985,3823
5.4,-2.2777772,3823
4.82,-5.7064495,3823
4.82,-5.7064495,3823
4.47,-4.423215,3823
4.14,-4.1052938,3823
4.48,-0.5490008,2160
7.52,-2.4790666,4915
7.52,-4.798895,4915
7.38,-4.037771,4915
7.15,0.32022342,4915
7.13,-0.029195089,4915
7.08,-8.263575,4915
7.07,-0.7414574,4915
7.04,-5.553789,4915
6.99,-0.8318098,4915
6.95,-0.37293625,4915
6.91,-4.6269946,4915
6.84,-4.663442,4915
6.47,-1.1957108,4915
5.75,-4.485284,7282
5.62,-0.16529569,7282
5.54,3.2472098,7282
9.48,3.187473,7308
9.46,4.1483827,7308
9.35,2.7337182,7308
9.24,1.6917406,7308
8.82,3.8239594,7308
8.7,3.558549,7308
8.68,2.8354173,7308
8.55,1.8714595,7308
8.52,0.051128775,7308
8.06,0.45311677,7308
8.02,2.5855212,7308
7.85,2.4257941,7308
7.72,0.3027081,7308
7.48,-2.6969824,7308
7.35,1.5318506,7308
7.0,-1.5741447,7308
6.72,2.4554706,7308
5.89,-1.3216693,10837
4.52,-4.947423,6718
4.23,0.33423275,6718
8.15,1.928589,1971
8.05,-3.3160746,1971
7.68,2.3438573,1971
6.74,-3.5281289,1971
5.76,-0.1050226,1971
8.6,7.060962,7797
8.24,5.817631,7797
5.91,1.4801162,1123
6.68,5.0051227,8306
5.19,-2.367127,8306
8.52,2.3071918,6286
8.4,1.3441399,6286
8.3,1.2347795,6286
8.22,2.6622431,6286
8.22,1.0640966,6286
8.15,-0.559949,6286
8.15,1.5036242,6286
8.15,1.4363072,6286
8.15,0.01949945,6286
8.15,1.865261,6286
8.1,0.64071,6286
8.1,0.45676178,6286
8.1,0.45735478,6286
8.1,0.3129926,6286
8.1,-2.3251188,6286
8.1,0.65283984,6286
8.1,0.77026206,6286
8.0,0.16095224,6286
8.0,0.92185897,6286
7.96,1.647442,6286
7.96,-0.8789919,6286
7.96,0.67041224,6286
7.96,-2.2221818,6286
7.92,2.5075426,6286
7.92,0.605736,6286
7.92,-2.7668319,6286
7.92,0.03027771,6286
7.92,0.7094931,6286
7.92,-1.7285256,6286
7.92,1.4198146,6286
7.89,0.32354218,6286
7.89,1.6038816,6286
7.89,0.5498744,6286
7.89,-1.0381906,6286
7.89,0.61901873,6286
7.89,-0.7680108,6286
7.89,1.1008207,6286
7.85,1.4778827,6286
7.85,-0.9112713,6286
7.85,0.50569856,6286
7.82,0.13622308,6286
7.82,-0.7707807,6286
7.8,-0.23116052,6286
7.8,0.27169842,6286
7.77,3.2006187,6286
7.77,-0.29337674,6286
7.75,0.6048121,6286
7.75,0.727331,6286
7.75,-3.8676252,6286
7.72,-0.011883542,6286
7.72,1.0783488,6286
7.72,-0.36975464,6286
7.72,-1.6606187,6286
7.7,-0.6545184,6286
7.7,1.2121019,6286
7.7,-0.053156793,6286
7.7,-4.0817447,6286
7.66,-2.1658752,6286
7.64,0.19140378,6286
7.64,1.0853862,6286
7.64,1.2629249,6286
7.62,-0.2857492,6286
7.62,-1.2848859,6286
7.62,-0.11673335,6286
7.6,0.38711175,6286
7.6,-0.113554515,6286
7.6,0.22019294,6286
7.6,1.3012623,6286
7.6,0.13528657,6286
7.6,2.7048647,6286
7.58,0.2755044,6286
7.58,-0.036692545,6286
7.58,-0.38660908,6286
7.58,-0.10937311,6286
7.57,-4.5558968,6286
7.57,0.72809505,6286
7.54,0.9213976,6286
7.54,0.5485563,6286
7.52,0.66449857,6286
7.51,-2.1852605,6286
7.51,0.62324744,6286
7.5,-0.42163765,6286
7.48,-2.2098074,6286
7.46,2.485758,6286
7.46,0.085480034,6286
7.46,-0.84289753,6286
7.44,-0.10103475,6286
7.43,1.4790564,6286
7.39,0.09686516,6286
7.39,1.4953784,6286
7.38,-3.3257604,6286
7.38,-0.18292174,6286
7.36,-0.29747987,6286
7.36,-3.026483,6286
7.35,-0.5798599,6286
7.34,-0.2921062,6286
7.33,-0.1576016,6286
7.32,-2.33402,6286
7.3,1.4854724,6286
7.28,-1.6677034,6286
7.28,1.2742673,6286
7.27,-0.70367694,6286
7.27,-4.47967,6286
7.27,0.35891554,6286
7.26,-3.5422204,6286
7.25,0.45021257,6286
7.24,-1.071736,6286
7.24,-2.2917838,6286
7.23,1.6101445,6286
7.21,0.37361085,6286
7.2,-3.8133562,6286
7.19,0.052584834,6286
7.19,0.9507074,6286
7.19,2.197377,6286
7.19,-0.58574003,6286
7.18,0.9048461,6286
7.16,-0.8879838,6286
7.16,1.2375904,6286
7.16,0.57555205,6286
7.14,-1.0833473,6286
7.13,0.7382769,6286
7.11,0.2134375,6286
7.11,-0.6826713,6286
7.11,0.39853147,6286
7.11,0.835378,6286
7.08,0.32934096,6286
7.07,-0.22828624,6286
7.05,0.69575006,6286
7.05,0.768337,6286
7.03,0.24484998,6286
6.96,0.31604886,6286
6.92,0.009349462,6286
6.9,0.27111873,6286
6.85,0.2886578,6286
6.84,4.8431273,6286
6.79,1.9924778,6286
6.77,2.5775783,6286
6.76,-0.85966843,6286
6.69,2.2410312,6286
6.64,-0.57381684,6286
6.64,1.9924778,6286
6.58,-1.3311415,6286
6.57,-0.16881064,6286
6.54,-0.5283681,6286
6.53,0.56946623,6286
6.53,1.2206721,6286
6.5,-0.9295794,6286
6.47,1.3484415,6286
6.38,-0.65045625,6286
6.35,-2.3696764,6286
6.34,1.0597677,6286
6.33,-0.23095632,6286
6.24,0.3666726,6286
6.17,-0.22796285,6286
6.16,0.26297703,6286
6.1,-0.6447994,6286
6.05,1.0454823,6286
5.99,2.4452384,6286
5.93,0.24913192,6286
5.82,0.27872035,6286
5.5,1.0311078,6286
5.27,-0.277406,6286
8.15,-0.9300416,2863
8.0,3.6102889,2863
7.82,3.3380322,2863
6.85,3.5352628,2863
9.0,4.4001036,17480
9.0,2.8006537,17480
8.59,2.4163897,17480
8.49,1.823041,17480
8.42,2.460634,17480
8.35,3.8361611,17480
8.23,4.2006135,17480
8.4,-1.0245354,298
8.05,-1.000145,298
8.0,2.9203448,298
7.89,-2.8805342,298
7.89,-1.3698047,298
7.82,-0.83486354,298
7.75,4.5347548,298
7.75,0.19013709,298
7.7,-0.6611846,298
7.68,-0.4343321,298
7.68,-0.7350344,298
7.68,1.1819162,298
7.62,0.63225126,298
7.6,-0.92243433,298
7.58,1.7122569,298
7.52,3.0948994,298
7.48,2.2620242,298
7.46,1.9353393,298
7.43,-1.0084165,298
7.41,-0.24292478,298
7.35,0.79688597,298
7.33,-1.6362624,298
7.33,3.5530605,298
7.3,1.2675664,298
7.3,3.754124,298
7.26,4.7210007,298
7.22,2.9478915,298
7.19,-0.033985943,298
7.18,-0.8830424,298
7.07,1.1898894,298
6.98,-1.0027204,298
6.94,-1.0175469,298
6.9,-1.1307756,298
6.89,-1.4595834,298
6.89,-0.48705676,298
6.79,-1.1542746,298
6.68,4.09639,298
6.62,-0.41501912,298
6.61,2.9166315,298
5.8,-3.6148615,13451
8.66,0.89559096,12781
8.19,-0.21845257,12781
8.1,-0.4083287,12781
8.04,1.6349218,12781
6.39,0.64255446,5181
6.0,-5.837995,5181
5.68,-0.7613328,5181
5.38,-2.6994555,5181
4.51,-4.6940093,5181
3.8,-1.0474334,5181
5.48,-0.4479974,3480
6.83,3.9381325,10621
5.31,-1.3694438,10693
5.07,-1.4141626,10693
7.85,3.1829739,4823
7.75,6.0079265,4823
7.48,4.5100374,4823
7.38,4.9670234,4823
7.33,4.3753457,4823
7.22,1.6118885,4823
7.13,1.7541286,4823
7.09,4.5335355,4823
6.88,3.0343897,4823
6.47,4.480365,4823
6.46,4.8233633,4823
6.43,3.0077016,4823
6.35,-0.49261078,4823
6.09,3.5595195,4823
5.52,-1.5294267,4823
8.49,1.341226,13919
8.47,-2.7182236,13919
8.41,-1.4843961,13919
8.32,-3.2686193,13919
4.21,-4.730632,13919
7.8,0.9644237,7127
8.22,2.325942,14308
5.5,0.63103646,599
5.96,-0.41751832,1788
8.4,-1.0697709,1690
8.77,5.152494,5086
5.16,-4.6248775,4272
8.53,2.133222,9000
7.17,2.9162464,9000
6.36,4.0934725,9000
6.09,4.377431,9000
5.92,2.1929357,9000
5.78,1.4319029,9000
5.65,1.4097397,9000
5.63,1.7080276,9000
5.58,4.956396,9000
5.41,3.3207407,9000
5.05,4.503211,9000
4.98,0.341222,9000
4.77,0.16975221,9000
4.62,5.719541,9000
7.14,2.5009,13412
6.66,-1.4704322,13412
5.7,-4.6571584,13412
5.7,-4.19645,13412
6.15,4.082901,14992
7.75,4.7292895,11142
7.62,-1.9390522,11142
7.39,2.7898645,5671
6.8,4.536074,8962
6.5,1.2022022,8962
6.5,5.105169,8962
6.4,-2.7053454,8962
6.2,-0.4547012,8962
6.1,-6.4982743,8962
5.9,2.4939103,8962
5.9,0.34370446,8962
5.9,-1.629403,8962
5.8,4.172119,8962
5.5,-0.47559267,8962
5.5,2.7128098,8962
5.4,2.8706262,8962
5.4,-2.843774,8962
6.78,-1.1200199,6332
7.82,-5.2995124,11047
6.65,-1.138775,7863
6.58,2.250859,7863
6.04,-1.0662742,7863
5.85,-2.181638,7863
5.2,-3.144502,7863
5.13,-4.136489,7863
5.07,-1.8781093,7863
5.03,-5.183586,7863
5.0,-6.302028,7863
4.99,-0.52453566,7863
4.85,-6.575825,7863
8.22,5.9249167,5690
7.8,-1.8518656,5690
7.68,1.8121408,5690
7.57,-3.0774517,5690
7.54,-1.4803349,5690
7.19,-1.5747352,5690
6.55,-4.687504,5690
6.38,-3.1563292,12099
6.7,-0.56187254,12370
7.73,-2.2338161,13322
7.05,-5.6914296,13322
6.74,-5.834666,13322
6.56,-6.740708,13322
8.7,4.62351,5156
8.22,2.961864,5156
8.15,4.9759536,5156
8.1,4.920986,5156
7.8,1.8088256,5156
7.66,5.0566764,5156
7.52,2.961864,5156
7.47,-3.191811,5156
7.28,4.27791,5156
7.1,5.0566764,5156
7.05,1.2510552,5156
7.01,4.27791,5156
6.96,4.62351,5156
6.96,3.980303,5156
6.96,3.980303,5156
6.89,4.920986,5156
6.82,-3.1675427,5156
6.82,-0.27745143,5156
6.72,-3.1675427,5156
6.68,4.9759536,5156
6.55,1.2510552,5156
6.41,-3.191811,5156
6.4,4.62351,5156
6.17,1.8088256,5156
9.0,-0.6998915,8523
9.0,1.4566607,8523
9.0,5.3088207,8523
7.79,3.3237216,14536
7.53,2.8328023,14536
6.14,2.0818381,3560
5.82,-4.924667,3560
4.75,-2.0315223,3560
4.69,-5.5731807,3560
8.36,4.8124647,1380
8.07,-0.40041712,1380
9.24,4.1634274,1987
9.18,4.599909,1987
8.9,0.9055484,1987
8.85,0.9055484,1987
8.85,-2.3703792,1987
8.7,4.6854315,1987
8.52,4.699934,1987
8.49,2.9207022,1987
8.49,4.1004977,1987
8.43,5.7705836,1987
8.42,0.9055484,1987
8.34,1.3919379,1987
8.31,3.8665733,1987
8.3,3.6245058,1987
8.15,-0.8912374,1987
8.1,3.686754,1987
7.96,2.5537415,1987
7.64,4.599909,1987
7.64,3.4435894,1987
7.26,-2.3470404,1987
7.14,5.9265018,1987
7.11,-1.7283026,1987
7.03,-5.042745,1987
6.86,-3.894327,1987
6.48,-0.72327006,1987
6.33,-2.3350925,1987
6.19,-2.3118649,1987
6.1,-0.09600719,1987
6.07,-3.5618804,1987
9.15,-2.9635248,5375
8.72,-3.1733518,5375
4.75,2.2852497,14916
6.66,-6.122533,4911
7.54,1.6714848,12783
4.18,-2.121779,10368
6.8,1.0699902,10685
6.5,-1.2829945,10685
7.55,-4.355059,14456
7.46,-4.7374153,14456
7.27,-5.4807377,14456
7.22,-1.8288295,14456
7.13,-6.2846403,14456
6.97,0.53170526,14456
6.97,-2.1044328,14456
6.94,-5.978475,14456
6.92,-6.5022883,14456
6.84,-0.7753475,14456
6.82,-5.430462,14456
6.82,-6.5022883,14456
6.76,-6.0050464,14456
6.67,-8.14311,14456
6.66,-1.1477784,14456
6.63,-0.47157228,14456
6.53,0.80066514,14456
6.38,-2.6758444,14456
6.37,-2.3187544,14456
6.37,-4.4420547,14456
6.28,-1.1477784,14456
6.26,-0.18902957,14456
5.98,-3.423426,14456
5.24,-5.3619843,14456
4.6,-5.1172414,14456
5.43,4.1418247,3783
7.92,2.2429998,16953
7.46,2.547575,16953
4.85,-0.25027275,17508
4.77,5.195197,17508
4.64,0.19544873,17508
9.48,-0.18539914,10570
9.1,-0.37213618,10570
9.03,-0.33378726,10570
8.89,1.106652,10570
8.87,-2.84419,10570
8.82,-0.5344528,10570
8.82,-3.8025162,10570
8.77,1.5632704,10570
8.77,-0.10974173,10570
8.71,2.1387568,10570
8.7,-0.5429897,10570
8.56,-3.493652,10570
8.51,-0.96669143,10570
8.49,2.1118333,10570
8.35,-3.6977494,10570
8.07,-4.2618594,10570
8.05,1.0778203,10570
7.98,-0.6029938,10570
7.9,-3.3635075,10570
7.59,-1.835064,10570
7.52,-1.1387029,10570
7.4,0.16108054,10570
7.32,1.6896948,10570
7.2,-2.7904956,10570
6.91,-1.4614636,10570
6.46,-0.6279274,10570
6.4,-1.3200259,10570
6.11,-0.093107864,10570
5.92,0.05600422,10570
5.28,0.30267662,10570
7.84,2.9752502,11556
6.27,-1.2905594,11556
6.18,-0.5533655,11556
6.05,4.3317475,11556
6.01,4.4004345,11556
9.15,3.6257877,17286
9.0,3.5645742,17286
8.15,-1.4581482,17286
7.77,0.2559955,17286
7.1,4.052296,7548
7.21,10.298461,9493
6.57,1.8902076,9493
7.15,-0.45546302,14215
5.12,-8.652792,1613
8.48,-1.8121095,16409
8.47,-0.024565568,16409
8.28,-2.8355567,16409
7.68,-1.1255174,16409
7.52,-3.3208632,16409
7.5,-1.9833319,16409
7.68,4.2419996,17676
7.82,2.3714201,16165
7.5,0.70147663,16165
7.37,-4.2102356,16165
7.34,-4.501024,16165
7.28,-0.7331974,16165
7.14,-0.5104885,16165
6.85,-2.594514,16165
6.75,-1.5583262,16165
6.6,-4.0711303,16165
6.58,-3.902613,16165
6.42,-0.06560649,16165
6.36,-0.33737648,16165
6.15,-5.2456927,16165
6.14,-2.8686028,16165
6.02,-4.29621,16165
5.73,-1.8318781,16165
5.62,-3.391957,16165
5.49,-5.985872,16165
5.45,-0.09215563,16165
7.46,-5.7235365,15039
6.92,-4.5775213,14380
6.82,-2.320287,14380
6.72,2.4692857,14380
6.68,-5.3493342,14380
6.66,3.4139266,14380
6.65,-5.3493342,14380
6.59,-3.017084,14380
6.59,0.43862927,14380
6.55,-5.3493342,14380
6.54,-0.3097586,14380
6.51,0.58504075,14380
6.46,-5.3493342,14380
6.43,-0.2309101,14380
6.42,-5.3493342,14380
6.36,-3.15969,14380
6.18,-2.1203241,14380
6.13,0.25195575,14380
7.8,5.0614123,13276
7.7,5.239236,13276
7.7,4.6227965,13276
7.7,2.6094239,13276
7.5,-1.4665183,13276
7.5,3.769954,13276
7.5,0.77909243,13276
7.4,5.1164327,13276
7.4,3.8129027,13276
7.4,0.85440636,13276
7.4,1.3958143,13276
7.4,2.102875,13276
7.4,2.473329,13276
7.4,3.552767,13276
7.3,1.0923029,13276
7.3,2.271666,13276
7.2,-1.4942442,13276
7.0,3.842616,13276
6.9,1.6055557,13276
6.3,-1.887017,10324
6.22,1.5729831,10324
4.72,-6.925943,10324
4.64,-6.6470118,10324
6.96,-1.2327639,9536
6.57,3.776647,9536
6.21,-0.8698775,9536
6.14,0.6757131,9536
6.01,2.8199255,9536
5.8,4.5969186,9536
4.95,-0.3193062,14102
6.0,2.1044455,7612
6.0,2.4229016,7612
6.0,-0.20804453,7612
6.0,-0.08029518,7612
6.0,1.729709,7612
7.89,-0.2834111,16472
7.1,-1.7051657,16472
7.05,-1.9622675,16472
7.0,2.1533263,16472
6.82,-2.4778478,16472
6.72,2.1673012,16472
6.72,-3.8966932,16472
6.46,1.9001286,16472
6.42,-3.1996872,16472
6.33,-3.9560318,16472
6.12,-2.5251281,16472
6.11,1.2021629,16472
6.1,2.1823587,16472
6.08,-0.18107927,16472
6.0,0.17632571,16472
5.92,0.24142802,16472
5.89,-3.0848813,16472
5.77,2.5641637,16472
5.41,-2.334724,16472
5.28,-1.2740825,16472
5.22,-0.759827,16472
5.0,-1.3895447,16472
4.57,-1.9907855,14358
4.47,2.4647624,14358
7.62,0.31802657,1477
5.6,0.363031,13077
5.36,4.019724,13077
9.0,4.120846,6093
9.0,3.3845444,6093
9.0,2.5024943,6093
9.0,2.9173217,6093
9.0,3.8448236,6093
9.0,3.5774264,6093
9.0,1.9436885,6093
9.0,3.8971865,6093
9.0,2.1087275,6093
9.0,3.4713314,6093
9.0,3.580032,6093
9.0,3.2629826,6093
9.0,4.2425914,6093
9.0,2.4651961,6093
9.0,2.9652479,6093
9.0,3.6456077,6093
9.0,3.3405333,6093
9.0,3.322866,6093
9.0,2.9173217,6093
9.0,3.5835292,6093
9.0,2.407143,6093
8.72,3.424428,6093
8.7,3.8448236,6093
8.7,1.5525272,6093
8.7,2.407143,6093
8.7,1.6329465,6093
8.7,1.5331421,6093
8.7,1.0234551,6093
8.7,4.1773977,6093
8.52,2.6091495,6093
8.49,0.73924667,6093
8.4,1.8747783,6093
8.4,1.8747783,6093
8.4,2.619257,6093
8.4,1.1916375,6093
8.3,2.03126,6093
8.3,1.4021984,6093
8.3,2.619257,6093
8.22,2.9173217,6093
8.22,1.1490358,6093
8.05,2.1087275,6093
7.96,0.5049,6093
7.96,1.1490358,6093
7.92,0.77959794,6093
7.85,2.1627426,6093
7.82,0.086542144,6093
7.68,-0.043366693,6093
7.39,-1.5664548,6093
7.25,-2.5194314,6093
7.24,1.0879948,6093
7.16,0.086542144,6093
6.89,-0.043366693,6093
6.84,-1.6849561,6093
5.65,-2.3338926,6093
10.78,0.1098283,6429
10.7,1.3944601,6429
10.44,-0.95242083,6429
9.97,3.9098036,6429
9.96,0.41340038,6429
9.94,3.3533428,6429
9.89,2.2608922,6429
8.39,0.52943736,6429
8.24,-0.2101931,6429
8.21,0.7656165,6429
8.16,1.7047459,6429
8.13,-0.29020002,6429
8.11,0.3272241,6429
8.1,1.0367417,6429
8.08,0.32927057,6429
8.07,-0.6690692,6429
8.05,0.34096143,6429
8.04,0.23390618,6429
8.03,1.0323001,6429
8.0,0.18394893,6429
7.97,0.5993935,6429
7.93,-0.3457359,6429
7.92,1.7047459,6429
7.88,-0.34128025,6429
7.86,0.41488218,6429
7.84,0.32927057,6429
7.82,-0.06450862,6429
7.82,0.0079476945,6429
7.79,1.0367417,6429
7.78,-7.6400116e-05,6429
7.78,-0.8869457,6429
7.78,0.00475825,6429
7.76,-0.33948737,6429
7.76,0.05963736,6429
7.75,1.3944601,6429
7.75,-0.92636216,6429
7.75,-0.18588185,6429
7.74,-0.5015816,6429
7.74,1.8188745,6429
7.73,0.38578105,6429
7.73,-0.2683326,6429
7.71,0.55662274,6429
7.7,-0.41172636,6429
7.7,0.48502135,6429
7.69,-0.19195119,6429
7.66,-0.5977034,6429
7.66,-0.11513137,6429
7.65,-0.9660943,6429
7.65,0.7234955,6429
7.65,-0.4973098,6429
7.63,-0.43177277,6429
7.62,2.0678492,6429
7.61,-0.12824237,6429
7.61,0.119673885,6429
7.58,0.41408008,6429
7.58,-0.19780836,6429
7.57,-0.0055082403,6429
7.56,0.07564498,6429
7.54,-0.34899414,6429
7.53,-0.5664858,6429
7.53,0.8369273,6429
7.5,-0.47509068,6429
7.5,-0.3457359,6429
7.49,-0.94849235,6429
7.49,-0.069634944,6429
7.49,-0.37885907,6429
7.49,0.13904628,6429
7.49,-0.4296733,6429
7.49,-0.3457359,6429
7.48,0.12855405,6429
7.47,-0.5859049,6429
7.46,0.4897325,6429
7.46,-0.5695108,6429
7.45,-0.6754943,6429
7.45,-0.043020114,6429
7.45,-0.81113714,6429
7.44,-7.6400116e-05,6429
7.43,-0.14554535,6429
7.41,-0.431566,6429
7.41,-0.95242083,6429
7.4,-0.6690692,6429
7.39,0.87792116,6429
7.39,-1.0324291,6429
7.39,0.7055213,6429
7.38,-0.47283518,6429
7.38,-0.8581261,6429
7.37,-1.3948451,6429
7.37,-1.0162398,6429
7.36,-0.28852254,6429
7.35,-0.8159569,6429
7.35,-0.4969477,6429
7.35,-0.5015816,6429
7.34,1.0823935,6429
7.33,-0.18550676,6429
7.33,0.44385362,6429
7.32,-0.7883201,6429
7.3,-0.18127528,6429
7.3,-0.7500789,6429
7.3,0.23749083,6429
7.29,0.0438158,6429
7.29,-0.6032654,6429
7.29,-0.7793941,6429
7.28,0.07564498,6429
7.26,-0.6301614,6429
7.26,-0.42627326,6429
7.26,-0.08157562,6429
7.25,-0.8622973,6429
7.25,-0.54996145,6429
7.23,-0.47539574,6429
7.22,0.8128768,6429
7.21,-0.5727757,6429
7.21,-1.1698632,6429
7.2,0.05798071,6429
7.2,-0.6034385,6429
7.2,0.3058235,6429
7.18,0.3198245,6429
7.18,-0.5921111,6429
7.17,0.21505934,6429
7.17,-1.0032964,6429
7.15,-0.61577076,6429
7.14,-2.3754175,6429
7.14,0.63436407,6429
7.12,-0.069634944,6429
7.09,0.35048768,6429
7.07,-0.28847548,6429
7.07,-0.48413524,6429
7.07,-0.64807385,6429
7.05,0.008266471,6429
7.04,-0.792807,6429
7.04,-1.3438222,6429
7.04,0.1844165,6429
7.01,-0.47972,6429
6.97,-0.875022,6429
6.94,-1.5154675,6429
6.9,-0.5945005,6429
6.9,-0.33825788,6429
7.89,-0.8406571,4679
7.54,-3.8317094,4679
7.18,1.4959145,4679
6.53,0.6443419,4679
6.51,-2.4220357,4679
6.42,-0.5248704,4679
6.41,0.42298213,4679
6.24,-2.5545602,4679
6.16,-2.383129,4679
6.01,-4.8986893,4679
6.01,-2.9102514,4679
5.94,-4.3536205,4679
5.94,-1.0619159,4679
5.91,-0.9662116,4679
5.89,0.88306123,4679
5.79,-5.458937,4679
5.18,-4.8580055,4679
5.05,-3.8172345,4679
4.55,-1.5117626,4679
4.26,-2.8532474,4679
4.04,-5.6815133,4679
8.0,2.2645445,10995
7.92,1.0053277,10995
7.17,0.3077075,10995
7.08,-0.32656693,10995
6.96,0.31571722,10995
6.9,2.2790608,10995
6.54,-1.319225,10995
6.27,0.54235774,10995
6.27,0.26446107,10995
5.75,1.9483548,10995
6.01,-5.915047,13724
7.21,-2.1907444,9545
6.06,-1.6289921,17739
7.08,2.5374644,2597
9.1,1.775773,4954
9.0,-0.23898083,4954
8.92,-3.7878072,4954
8.52,-4.8843756,4954
7.01,-3.20747,16445
4.71,0.5429124,16913
4.64,3.8207486,16913
4.55,6.769375,16913
4.51,1.6811949,16913
4.03,5.539738,16913
4.02,1.435841,16913
8.82,-2.3196397,12332
7.89,2.3814046,1062
7.77,0.09970028,1062
7.72,-0.5974929,1062
7.66,-1.751824,1062
7.46,0.8165871,1062
7.46,-0.20317814,1062
7.38,-2.0487173,1062
7.1,-0.43938202,1062
7.04,0.43721965,1062
6.85,1.3972437,1062
6.8,0.7473167,1062
6.7,1.6116011,1062
6.62,-2.328375,1062
6.62,-1.41454,1062
6.55,-0.056077495,1062
6.46,2.7943585,1062
6.21,-1.4280878,1062
6.19,-4.5547204,1062
5.77,-0.35918036,1062
5.72,-0.39484844,1062
6.83,-5.735324,3845
4.51,-5.3987784,3845
4.41,-1.682223,3845
4.41,3.0253348,3845
4.38,-0.34076864,3845
4.23,-3.3368351,3845
4.2,-1.9841528,3845
4.08,-1.8191706,3845
9.0,-0.7999804,13667
8.3,-3.0473,3610
5.11,-1.1443712,17446
5.06,-2.66508,17446
4.89,-0.78323835,17446
4.75,-1.2039965,17446
4.66,-3.877979,17446
9.0,2.2749124,10111
8.7,0.13800424,10111
8.52,-2.7292593,10111
8.52,3.38436,2754
8.4,2.569241,2754
8.4,-1.3366187,2754
8.4,3.8216321,2754
8.4,1.8140376,2754
8.4,-1.6918675,2754
8.4,-1.6918675,2754
8.3,1.2642044,2754
8.3,0.7453492,2754
8.3,3.7598126,2754
8.3,4.1931634,2754
8.22,1.2642044,2754
7.92,3.0155623,2754
7.75,5.457877,2754
7.72,2.4003036,2754
7.66,3.0155623,2754
7.64,2.7165859,2754
7.44,3.38436,2754
7.42,2.7920854,2754
7.4,1.6843683,2754
7.3,-0.7921811,2754
10.4,5.140929,9573
10.39,4.7866755,9573
9.82,4.652305,9573
9.02,4.282066,9573
8.64,3.5945084,9573
8.52,3.2697442,9573
8.11,2.724189,9573
7.72,-0.9699823,9573
7.68,-0.19028303,9573
7.4,-0.35961384,9573
6.33,-1.8605427,311
6.27,-1.714977,311
6.26,-2.1906595,311
6.0,-5.2102175,311
5.73,-4.544382,311
7.72,-5.2575674,1973
5.85,3.441975,6769
5.84,-1.3549452,6769
5.7,3.209023,6769
5.63,2.8984363,6769
5.5,2.150985,6769
5.42,0.64521277,6769
5.37,-1.7819158,6769
5.28,-3.7425725,6769
5.07,-3.9798954,6769
4.91,-4.9788637,6769
4.78,-2.6388268,6769
4.63,-0.028312627,6769
9.92,1.2310717,7102
9.74,-0.7313374,7102
9.74,-1.7595764,7102
9.66,-0.88236254,7102
9.62,-2.6725132,7102
9.55,-1.6806052,7102
9.51,1.0209614,7102
9.48,-2.2968397,7102
9.48,1.5223186,7102
9.48,4.0583353,7102
9.44,-2.6108203,7102
9.42,-0.1811949,7102
9.41,-1.6137936,7102
9.38,-1.7724293,7102
9.31,-1.7953799,7102
9.31,0.30730435,7102
9.28,-0.47523844,7102
9.27,1.6763324,7102
9.23,-1.5099424,7102
9.23,3.9740431,7102
9.19,-3.289961,7102
9.17,3.8072696,7102
9.17,-3.599819,7102
9.14,-1.2097846,7102
9.12,-3.989257,7102
9.12,-0.9664015,7102
9.12,3.0250382,7102
9.1,3.166469,7102
9.1,3.4950368,7102
9.07,2.0586267,7102
9.06,-1.9329913,7102
9.06,-1.0242484,7102
9.02,0.47008,7102
9.0,-0.3324766,7102
8.99,0.9424839,7102
8.97,-0.83785194,7102
8.92,-1.3199345,7102
8.87,2.4374814,7102
8.8,3.1703923,7102
8.73,0.6698696,7102
8.73,1.619852,7102
8.68,1.8034234,7102
8.51,-4.093634,7102
8.49,-1.2413172,7102
8.32,2.9181736,7102
8.0,-3.4578042,7102
6.54,-0.14684182,7102
6.89,3.6062338,11642
6.64,3.0474665,11642
6.58,2.0165186,11642
6.48,1.5132741,11642
6.47,2.3936806,11642
6.19,1.8877767,11642
6.17,3.6062338,11642
5.95,1.8877767,11642
5.93,3.0474665,11642
5.79,1.9883388,11642
5.66,2.3936806,11642
5.25,-0.73402494,11642
5.02,-2.0425453,11642
4.39,-2.2309577,1078
5.39,2.7146616,2046
5.28,1.6783943,2046
5.12,3.265682,2046
5.06,3.408588,2046
4.89,0.8371913,2046
4.85,0.21829972,2046
4.8,-2.420774,2046
4.57,3.0981581,2046
4.44,-2.032941,2046
4.32,-3.1133819,2046
4.31,-3.1927137,2046
4.16,-3.4143484,2046
4.02,-2.9831684,2046
4.02,-3.0069728,2046
4.02,-3.8038604,2046
8.52,2.49379,17348
6.64,-0.076521255,16624
5.11,3.840552,12196
9.4,-2.5936904,8159
8.89,2.8903837,8159
8.85,-2.161866,8159
8.82,-0.13541684,8159
8.77,-3.8111913,8159
8.72,-1.6419517,8159
8.7,-1.8831722,8159
8.68,-0.2847699,8159
8.66,3.1805065,8159
8.66,-1.954244,8159
8.41,3.0615366,8159
8.15,1.8770701,8159
8.07,0.7651497,8159
7.35,-2.3864484,8159
5.96,-0.09604446,4021
8.05,1.9973222,1036
7.19,2.1839395,1036
6.4,-1.8677077,1036
6.68,-0.10499114,9223
6.54,-5.0537667,9223
9.0,2.0766137,15560
8.4,1.917467,15560
7.7,-0.36986253,15560
7.58,-4.7387743,15560
7.3,-2.1242812,15560
6.51,-5.2207575,15560
5.12,-7.3403163,17163
8.7,5.3281407,10597
8.52,7.485404,10597
8.52,3.5256798,10597
8.52,2.4213085,10597
8.4,1.6744794,10597
8.4,7.511825,10597
8.3,4.4383726,10597
8.3,1.0136176,10597
8.3,3.8563893,10597
8.22,6.1584682,10597
8.22,3.898468,10597
8.22,-1.2499518,10597
8.15,2.3569653,10597
8.1,1.4185505,10597
8.1,0.9643896,10597
8.05,1.5891888,10597
7.85,2.081778,10597
7.66,-0.48149598,10597
7.48,2.2818992,10597
7.1,2.669509,10597
6.92,1.2179365,10597
6.65,0.044722408,10597
6.03,3.0912468,10597
6.0,-0.5468662,10597
5.92,1.1029576,10597
5.45,1.9102062,10597
5.4,0.9175812,10597
4.42,-6.283821,15844
7.38,0.1169816,15035
6.6,1.8776026,10087
6.0,2.0230427,10087
5.5,-2.2388113,10087
5.4,-1.5110652,10087
5.1,-2.9494534,10087
5.0,2.4218295,10087
5.0,-0.5613148,10087
4.9,-2.4882677,10087
4.5,0.40629095,10087
9.91,-1.1653553,5853
9.78,-1.8077246,5853
9.75,-1.726727,5853
9.67,1.2403717,5853
9.43,-1.0463248,5853
9.12,-1.7477757,5853
8.92,-1.3348472,5853
8.89,-2.4988647,5853
8.72,-1.91553,5853
8.51,-1.4978647,5853
8.29,0.1498549,5853
8.13,-1.4668611,5853
7.82,1.6311028,5853
7.68,0.005631745,5853
7.5,0.5228782,5853
7.48,-1.309237,5853
7.05,-4.8768682,5853
7.01,-0.3451598,5853
6.81,-4.1970587,5853
5.72,-5.4935207,5853
5.48,-4.6856546,5853
5.33,-2.9078882,5853
5.3,-3.9857497,5853
5.2,-3.7695203,5853
5.19,-2.6780283,5853
5.11,-3.5780146,5853
5.05,0.11080799,5853
5.05,-2.680788,5853
4.79,4.6226473,10181
7.07,-1.7142321,11950
7.4,0.04360044,14406
5.37,-1.9448899,14406
6.47,-4.089855,14985
6.33,2.4378278,2109
9.15,2.439988,6410
8.92,3.1225624,6410
8.91,3.9525478,6410
8.89,5.6285324,6410
8.59,-0.44291246,6410
6.96,-2.67782,6410
6.33,-3.9588165,6410
6.08,-3.5112803,6410
6.9,1.9029713,13192
6.75,5.272894,534
6.2,0.40547195,2499
9.0,2.5909472,118
9.0,1.3225929,118
8.7,1.111065,118
8.52,0.5563449,118
8.52,0.4890148,118
8.52,1.8789768,118
8.15,-0.26063818,118
8.1,0.31090742,118
8.05,1.0551904,118
8.05,-0.76818377,118
8.0,2.189002,118
8.0,0.6954296,118
7.82,1.033019,118
7.7,0.5247804,118
7.7,-0.5427064,118
7.7,1.7190936,118
7.62,0.77612156,118
7.52,-1.4740065,118
7.52,-0.28283638,118
7.52,0.23666784,118
7.4,-0.29157403,118
7.16,-2.0292046,118
7.1,-2.3239021,118
7.08,-0.8023258,118
7.05,-3.5150576,118
6.96,-0.68194324,118
6.92,-4.9572334,118
6.72,-1.3813298,118
6.72,-1.6319298,118
6.43,-0.5129156,118
6.41,-4.376599,118
6.41,-4.379855,118
6.26,-0.53103596,118
6.05,-0.9863642,118
5.75,-3.355995,118
5.39,-4.175929,118
5.1,-5.0230446,118
6.77,3.181006,9255
7.08,2.5209358,3311
7.03,2.3059447,3311
6.33,2.6635382,3311
6.24,2.9426851,3311
5.85,2.8525918,3311
5.82,0.7417767,3311
5.82,-5.2853127,3311
5.8,-7.512298,3311
5.72,-2.1414447,3311
5.6,-4.640422,3311
5.58,-3.9488504,3311
5.0,-4.0148363,3311
4.64,-1.7524021,3311
4.6,-5.898869,3311
4.54,-6.9726334,3311
4.5,-6.864202,3311
4.47,-3.688331,3311
4.44,-5.2196097,3311
4.44,-4.0148363,3311
4.37,-7.278564,3311
4.2,-7.421353,3311
4.06,-6.1191936,3311
3.96,-5.4528465,3311
3.89,-5.291274,3311
6.7,-2.9761462,4367
5.89,-3.167803,4367
7.41,4.0054393,15009
9.19,-4.60242,3209
9.08,-0.5268219,3209
8.8,-0.7219308,3209
8.77,-4.3057284,3209
8.72,-3.866969,3209
8.7,-4.630031,3209
8.52,-3.093419,3209
8.51,-4.5950227,3209
8.21,-0.668386,3209
8.2,0.20241722,3209
8.17,0.6688594,3209
8.17,-4.7663884,3209
8.03,-1.674152,3209
8.0,-2.4080155,3209
7.92,-0.20304167,3209
7.92,0.4332884,3209
7.85,0.46522534,3209
7.82,-5.005714,3209
7.81,-4.406937,3209
7.8,-2.6777375,3209
7.77,-4.8229303,3209
7.75,-4.356672,3209
7.7,-3.7214339,3209
7.64,1.8057996,3209
7.58,-3.9470036,3209
7.57,-1.3058509,3209
7.52,-4.6041255,3209
7.42,0.07697482,3209
7.37,-1.2696248,3209
7.31,-1.7412031,3209
7.25,-3.9647276,3209
7.21,-1.4606625,3209
7.07,-4.1460614,3209
6.99,-5.143908,3209
6.6,-3.5998282,3209
6.07,-5.043396,3209
8.05,-0.53242284,1271
7.64,-2.7114763,1271
6.66,-2.075616,1271
6.5,-1.7195103,1271
6.18,-1.9989195,1271
6.16,-2.614868,1271
6.12,-6.1037674,1271
5.37,-6.4084024,1271
5.0,-5.2135816,1271
8.15,4.1044197,9229
6.62,4.543579,1090
10.0,6.5726523,3274
9.4,5.333884,3274
9.22,4.750974,3274
9.0,4.2240677,3274
8.92,2.9787364,3274
8.89,3.2918713,3274
8.74,3.941406,3274
8.6,1.6386216,3274
8.57,1.809554,3274
8.49,2.6059217,3274
8.39,1.3326236,3274
8.24,1.2861469,3274
8.21,1.4380811,3274
8.2,2.763003,3274
8.14,1.1514207,3274
8.09,0.89262414,3274
7.92,-1.8889107,3274
7.6,0.4994347,3274
7.57,1.7184217,3274
7.28,-1.2963297,3274
7.03,-1.5309684,3274
6.65,-1.7725691,3274
4.7,-5.0191936,4069
4.3,-3.5253646,4069
4.1,-4.905339,4069
7.3,-1.235375,16090
6.55,-0.28152886,16090
5.75,2.19917,16090
6.96,3.852947,12214
6.73,1.5652194,12214
6.44,-3.8094754,12214
7.85,4.1392827,4955
7.82,3.585453,4955
7.66,-0.72789794,4955
7.5,-2.4201295,4955
7.07,-6.2486854,4955
9.4,-1.6312901,8073
9.3,0.45532954,8073
9.15,2.2905338,8073
9.1,0.8923809,8073
9.0,-2.2507436,8073
9.0,-1.7052757,8073
9.0,-2.1582189,8073
9.0,3.2109947,8073
9.0,1.7228771,8073
9.0,4.2315593,8073
9.0,3.1160593,8073
9.0,-0.95518464,8073
9.0,3.6818635,8073
9.0,2.3986242,8073
9.0,0.104634486,8073
9.0,4.4006014,8073
9.0,0.73814625,8073
9.0,4.4435306,8073
9.0,2.9076831,8073
9.0,-0.859444,8073
9.0,-1.9356698,8073
9.0,2.2724164,8073
9.0,-0.80386025,8073
9.0,2.34822,8073
9.0,1.7122214,8073
9.0,2.1335363,8073
8.7,0.33227283,8073
8.7,4.282569,8073
8.7,0.45468822,8073
8.7,1.0521327,8073
8.7,3.53188,8073
8.7,0.84773403,8073
8.7,-2.5493515,8073
8.7,1.285731,8073
8.7,0.8043952,8073
8.52,0.85021687,8073
8.52,-0.0042163357,8073
8.52,1.887774,8073
8.4,0.7121427,8073
8.4,2.854038,8073
8.4,0.31226555,8073
8.4,3.8491058,8073
8.4,-2.312725,8073
9.92,-0.5673421,17108
9.8,1.397644,17108
9.7,1.397644,17108
9.52,0.68549186,17108
9.3,0.3358408,17108
9.24,1.5173012,17108
9.15,-1.8895437,17108
9.12,-0.48893076,17108
9.05,-0.48893076,17108
8.82,-0.57783645,17108
8.82,1.0403477,17108
8.4,-0.4498029,17108
8.3,-4.165799,17108
8.22,-4.505515,17108
8.05,0.62803286,17108
7.87,-4.5239296,17108
7.56,-1.1159848,17108
7.55,-5.0940895,17108
6.46,-2.6761718,17108
6.34,-3.7070143,17108
8.22,-0.62769896,15542
7.58,0.9913257,15542
7.57,-5.182487,15542
7.42,-2.277808,15542
7.36,-2.0802183,15542
7.3,0.09190255,15542
7.22,-1.08594,15542
7.2,-1.1526642,15542
7.17,-3.337904,15542
7.16,-1.8315365,15542
7.09,-2.37049,15542
7.0,-0.8186182,15542
7.0,-0.7215148,15542
6.96,-2.935355,15542
6.92,-4.2339687,15542
6.89,-1.5091813,15542
6.89,-1.477024,15542
6.89,-4.5205984,15542
6.89,1.6649848,15542
6.85,-6.1198816,15542
6.85,0.052116826,15542
6.82,-1.0176742,15542
6.8,-1.7221915,15542
6.8,-0.98226696,15542
6.68,-2.882194,15542
6.64,-2.4391801,15542
6.57,0.6347462,15542
6.52,-0.8555574,15542
6.48,0.2118325,15542
6.43,-4.3633924,15542
6.39,-1.6189475,15542
6.34,-4.8523273,15542
6.34,-4.2389426,15542
6.3,-3.9930851,15542
5.64,-2.9855537,15542
5.24,-0.7970404,15542
4.0,0.58832765,1427
8.52,4.817365,17130
9.22,-0.8245801,5290
8.85,1.4272488,5290
8.55,0.860793,5290
8.08,1.1363033,5290
7.8,-3.2480536,5290
7.64,-5.2499523,5290
7.57,-5.272703,5290
7.39,-2.6657507,5290
7.17,-2.58075,5290
7.16,-4.9527564,5290
6.99,-2.3091047,5290
6.85,-1.0869789,5290
6.83,-0.17908168,5290
6.81,-3.254807,5290
6.74,-3.800622,5290
6.51,-1.3667336,5290
6.43,-1.7411432,5290
6.38,-5.367877,5290
6.38,-5.783372,5290
6.26,-2.711157,5290
6.24,-3.6013696,5290
6.01,-2.1752975,5290
5.87,1.1222829,5290
5.7,-3.5762312,5290
5.59,-2.0669024,5290
5.52,-2.1303854,5290
5.51,-3.3610423,5290
5.51,-2.874425,5290
5.24,-2.4097219,5290
7.7,3.929581,7753
6.77,-2.7905161,7753
6.22,-2.0287988,6880
9.1,-3.520285,14223
7.68,1.6995398,7425
6.75,1.2543976,7425
6.57,-1.5309143,7425
6.35,1.7829129,7425
6.28,0.2595877,7425
6.04,-0.6243314,7425
5.56,0.11517251,7425
5.42,-3.094381,7425
5.23,-1.095353,7425
5.22,-1.0489212,7425
5.07,-0.950627,7425
8.52,5.6856413,2746
8.4,3.7559648,2746
8.4,4.4433365,2746
8.4,4.8053007,2746
8.3,4.8015695,2746
8.15,3.0087142,2746
8.1,4.1634936,2746
8.05,2.364179,2746
8.0,4.1388874,2746
8.0,2.2009923,2746
7.75,4.0255723,2746
7.5,2.8836348,2746
7.42,4.3041744,2746
7.41,3.9858959,2746
7.4,3.4703634,2746
7.34,1.3775313,2746
7.24,3.9841979,2746
7.23,2.1532419,2746
7.19,3.0799196,2746
7.16,2.6860278,2746
7.03,2.674065,2746
6.98,0.86946636,2746
6.97,1.0057517,2746
6.97,0.35565436,2746
6.96,2.6113107,2746
6.82,0.17784694,2746
6.79,3.1308265,2746
6.75,1.2996424,2746
6.72,1.0315127,2746
6.71,1.347927,2746
6.7,3.4574008,2746
6.67,-1.0801659,2746
6.64,-1.0200815,2746
6.64,-0.43998542,2746
6.63,-0.3860858,2746
6.59,0.5066561,2746
6.54,3.342932,2746
6.47,-0.47445044,2746
6.46,1.2259952,2746
6.42,-1.6684592,2746
6.41,0.27783072,2746
6.37,2.102688,2746
6.33,0.88788867,2746
5.91,1.3200275,2746
5.85,0.12910622,2746
5.82,0.27884933,2746
5.64,2.0041666,2746
5.56,-0.0660018,2746
5.02,1.9326426,2746
4.99,0.25846562,2746
4.92,-2.9745677,2746
4.58,-3.0025775,17800
4.47,-3.6796284,17800
7.77,-4.9402547,16938
7.68,-3.684502,16938
7.51,-5.948799,16938
7.47,-5.2000184,16938
7.46,-4.9231367,16938
7.35,-4.9629145,16938
7.14,-5.7192926,16938
7.08,-4.916979,16938
6.92,2.7247941,16938
6.91,-4.837108,16938
6.6,-4.993873,16938
6.48,-4.6428895,16938
6.36,0.52873737,16938
6.32,3.2170818,16938
6.28,-3.4863899,16938
6.21,1.3616682,16938
6.21,-1.3936796,16938
6.12,-4.72704,16938
6.12,-0.9955119,16938
6.12,-3.8546503,16938
6.11,-3.2989812,16938
6.11,1.111641,16938
6.09,-5.176549,16938
6.03,-3.4096897,16938
5.96,-1.9309877,16938
5.89,1.3030931,16938
5.89,-2.9651089,16938
5.82,-2.7737408,16938
5.82,-1.1521436,16938
5.82,-3.6069424,16938
5.77,-3.3015585,16938
5.77,-1.627542,16938
5.77,-3.518552,16938
5.75,-1.8960135,16938
5.57,-0.24840662,16938
5.57,-4.084766,16938
5.57,-3.0715826,16938
5.54,-4.0054398,16938
5.52,-2.0961492,16938
5.52,-4.3518224,16938
5.52,-1.4833951,16938
5.47,-1.8868502,16938
5.36,-3.256912,16938
5.35,-1.6873066,16938
5.27,-4.159142,16938
5.16,-2.3296056,16938
5.13,0.28113413,16938
5.11,-0.11097691,16938
5.01,-5.1592712,16938
4.92,-4.140284,16938
4.82,-4.440837,16938
6.06,-0.9287218,9015
9.0,0.043635122,6010
8.7,1.1148211,6010
8.52,1.8484821,6010
8.1,-0.33404315,6010
8.1,3.1465778,6010
7.62,-3.0453954,6010
7.51,0.8166652,6010
7.36,2.298216,6010
7.34,1.3632768,6010
7.32,1.7905979,6010
7.24,-2.3921573,6010
7.11,-2.0678413,6010
7.1,-1.6769372,6010
6.96,-1.6368688,6010
6.94,2.495181,6010
6.66,0.11324582,6010
6.62,1.7907379,6010
6.56,-0.103009455,6010
6.54,1.6376333,6010
6.49,-1.2560804,6010
6.4,-0.1038464,6010
6.38,1.5604615,6010
6.32,2.6018221,6010
5.92,0.15927812,8483
6.93,-2.6208918,14810
8.52,3.257198,9315
8.22,5.022853,9315
7.3,1.2864695,9315
7.22,3.3479803,9315
6.8,-1.8468095,9315
6.37,-3.2237325,9315
6.36,-1.6347854,9315
6.22,-2.1369221,9315
6.05,-2.1910305,9315
5.92,-1.9678847,9315
5.4,-2.5806177,9315
5.21,-2.2066636,9315
5.0,-3.729597,15867
7.12,-1.7020599,11951
5.88,-1.1609168,13400
5.06,-0.026563954,10559
6.26,2.7749116,11988
5.51,-0.3301474,2121
6.0,2.119001,2889
4.6,-0.9364791,2889
8.8,3.3211253,6142
8.7,2.7977362,6142
8.7,4.733095,6142
8.65,4.744981,6142
8.58,4.7388005,6142
8.56,3.349212,6142
8.53,0.09161828,6142
8.53,4.181571,6142
8.51,3.4635222,6142
8.51,1.5795357,6142
8.47,0.051398672,6142
8.43,-1.5678114,6142
8.41,3.3667896,6142
8.4,3.3138423,6142
8.38,2.5362701,6142
8.33,-2.1866918,6142
8.32,2.0325134,6142
8.31,-0.22648245,6142
8.27,3.3727627,6142
8.27,4.1096406,6142
8.26,3.3211253,6142
8.26,-2.5576591,6142
8.25,3.8390079,6142
8.23,-0.30385277,6142
8.23,-1.912745,6142
8.21,4.181571,6142
8.2,0.1306426,6142
8.17,-3.7198443,6142
8.14,3.2332003,6142
8.14,-1.8270591,6142
8.08,-0.30451208,6142
8.05,-2.0244288,6142
8.03,-0.92313653,6142
8.0,4.181571,6142
8.0,0.84573823,6142
5.82,-1.1136119,4420
5.72,-0.04355247,4420
5.7,-1.9781969,4420
4.57,-0.5568742,4420
4.34,0.027031615,4420
4.0,-2.579924,4420
4.0,-1.3334515,4420
9.02,-0.634029,5036
8.56,0.012394875,5036
8.44,-1.170826,5036
8.26,0.70465755,5036
8.24,-1.359219,5036
8.16,-5.095738,5036
8.07,-3.893397,5036
7.97,-2.1341667,5036
7.96,-2.1376643,5036
7.78,-2.298995,5036
7.64,-2.8360777,5036
7.63,-3.8518424,5036
7.48,-3.8630607,5036
7.34,-5.735366,5036
7.17,-1.006914,5036
7.15,0.15015554,5036
7.01,-4.424903,5036
6.98,-1.2954439,5036
6.85,-4.0815053,5036
6.57,-3.3430064,5036
6.53,-3.4751666,5036
6.1,-3.00625,5036
6.06,-1.9995539,5036
6.0,-3.62642,5036
5.92,-1.4661183,5036
5.88,-3.3920655,5036
9.03,0.35897613,10300
8.67,-2.2136147,10300
8.48,0.78087723,10300
8.48,-2.3530676,10300
8.38,-1.706204,10300
8.26,-2.0588782,10300
8.06,-1.2028923,10300
8.01,-0.50666744,10300
8.9,-2.8051107,12958
8.6,-0.5893906,12958
8.5,-0.32387623,12958
8.5,-0.7622363,12958
8.5,-3.0526054,12958
8.2,1.2527376,12958
8.1,-0.41411623,12958
8.1,2.1097116,12958
8.0,0.15169588,12958
7.9,-3.0974138,12958
7.9,-2.4476912,12958
7.9,-5.047439,12958
7.7,-4.320552,12958
7.7,-1.7136521,12958
7.6,-2.8411722,12958
7.5,-3.2265422,12958
7.5,-1.4760723,12958
7.5,-3.110986,12958
7.4,-3.7565331,12958
7.3,-4.4487805,12958
7.2,-5.5575852,12958
7.1,-5.762913,12958
7.1,-2.2151625,12958
7.1,-3.9311233,12958
6.8,-4.488725,12958
6.7,-2.9568868,12958
6.5,-3.102022,12958
5.5,-4.7481365,12958
5.4,-5.1608505,12958
5.4,-3.7058735,12958
6.37,0.32852906,608
6.24,-1.1019258,608
4.85,-1.9165604,608
6.38,4.956757,14341
7.12,2.502934,4060
6.75,1.6212962,4060
5.48,-0.30087027,4060
5.4,1.1528727,4060
4.96,-0.78564966,4060
4.48,1.1197734,4060
7.34,5.2722864,8333
5.19,-1.0686667,8333
5.17,-0.44073159,8333
5.96,0.17999303,12431
7.92,-0.20327649,16143
7.82,3.5833883,16143
7.77,-1.107849,16143
7.68,0.75099653,16143
7.64,0.5088502,16143
7.52,-0.7502826,16143
7.51,1.1584034,16143
7.5,1.8760921,16143
7.48,-2.4207377,16143
7.4,3.9003782,16143
7.38,2.1511087,16143
7.38,-1.3614749,16143
7.3,0.7584512,16143
7.22,1.0045806,16143
7.2,-0.26268303,16143
7.13,-0.3075374,16143
7.12,-1.5324737,16143
7.11,-2.10628,16143
7.1,-4.430288,16143
7.1,-0.048093393,16143
7.07,-3.6481886,16143
7.04,1.9435085,16143
6.96,-0.057877097,16143
4.6,-5.1203365,16143
7.85,0.8881557,1678
7.8,0.27174407,1678
7.66,1.3868746,1678
7.62,0.84442025,1678
7.62,0.8622863,1678
7.54,1.7978957,1678
7.5,0.27942818,1678
7.44,0.13043639,1678
7.4,0.6796271,1678
7.27,-0.27603987,1678
7.27,0.7028937,1678
7.21,-1.8466083,1678
7.16,-0.0775384,1678
7.16,0.2516264,1678
7.07,-0.30961144,1678
7.04,0.47632474,1678
7.03,-0.16601646,1678
7.0,0.800698,1678
6.92,-0.7959487,1678
6.89,-1.2669184,1678
6.89,0.36024836,1678
6.8,-0.8419461,1678
6.68,-1.2456702,1678
6.6,-2.2917862,1678
6.55,-0.19890222,1678
6.39,-1.7941761,1678
6.37,-2.102505,1678
6.23,-3.168812,1678
6.02,-1.9517262,1678
5.41,0.12655124,1678
4.8,-6.3137245,1678
6.85,3.1366215,15651
6.57,3.056928,15651
6.5,3.1366215,15651
5.92,2.04478,15651
5.82,1.730408,15651
5.55,1.6067797,15651
5.52,1.2568555,15651
5.16,1.4814969,15651
5.0,1.3766594,15651
4.57,0.16878223,15651
6.0,1.0222565,13967
6.22,2.5993347,3830
5.89,0.7721404,3830
5.82,-0.18112838,3830
5.7,-5.0874414,3830
5.54,-2.9948876,3830
7.26,1.2705497,15971
7.2,0.55114824,15971
6.0,-4.2471557,15971
5.96,1.2705497,15971
4.77,-2.9589045,15971
4.77,-0.016002893,15971
4.67,-3.4407468,15971
4.66,-2.4154987,15971
7.43,0.94227165,9067
5.86,2.8451204,14993
8.15,4.4150877,7319
7.92,5.591918,7319
7.85,5.086099,7319
7.72,2.9583168,7319
7.62,3.318511,7319
7.57,5.4668584,7319
7.37,4.740166,7319
7.17,4.794882,7319
7.08,4.6964855,7319
7.07,5.829703,7319
6.98,3.2906451,7319
6.85,6.3352213,7319
6.66,1.606927,7319
6.23,-1.966838,7319
6.05,-2.9013805,7319
5.71,-1.308653,7319
5.54,3.6766202,5556
8.35,0.6269115,10245
7.89,-1.6639942,10245
7.62,-3.8598022,10245
7.46,-0.3346127,10245
7.39,-4.3878818,10245
7.31,-2.9420598,10245
6.87,0.70427173,10245
6.52,-4.8628197,10245
4.25,1.1118381,16149
5.68,-0.32130107,4018
9.15,-1.1222583,11174
9.1,-0.49234107,11174
9.1,0.02861901,11174
8.92,-0.44851118,11174
8.92,0.3044821,11174
8.74,-0.13988584,11174
8.72,0.25091916,11174
8.64,0.1769121,11174
8.62,-3.7945592,11174
8.52,-2.427701,11174
8.51,-2.8487263,11174
8.43,-0.50350064,11174
8.42,-1.0416142,11174
8.42,-1.516775,11174
8.35,-0.5163367,11174
8.35,0.31050855,11174
8.3,-2.6515548,11174
8.28,0.16471124,11174
8.21,-0.24395218,11174
8.12,-1.3303599,11174
8.12,-1.2209109,11174
8.02,1.216057,11174
8.0,2.8071332,11174
7.99,-0.20433229,11174
7.98,-0.27030736,11174
7.98,-2.1216848,11174
7.8,-1.5705613,11174
7.72,-3.764334,11174
7.54,-4.478146,11174
7.37,0.4808355,11174
7.36,-0.9539888,11174
7.24,-6.076413,11174
7.24,-1.516775,11174
7.23,0.5374782,11174
7.22,1.4630772,11174
7.16,-0.002771739,11174
7.01,-4.612727,11174
6.9,3.277033,11174
6.79,-0.29117388,11174
6.68,-2.2823873,11174
6.34,-1.3408874,11174
6.33,-4.94836,11174
6.18,-1.3744009,11174
5.99,-2.8832057,11174
7.37,2.1464398,9163
6.52,0.31953052,9271
7.85,4.1967726,16154
7.75,-1.7425723,16154
7.64,-5.7528224,16154
7.64,-0.87556714,16154
7.62,0.67606574,16154
7.54,-1.5859504,16154
7.48,-0.2647386,16154
7.44,1.2824163,16154
7.38,-1.1071197,16154
7.32,-4.367456,16154
7.24,-0.33543116,16154
7.17,-0.5904899,16154
7.12,-2.2161105,16154
7.06,-3.3393538,16154
7.03,1.4348027,16154
6.83,-2.0088186,16154
6.78,3.0982,16154
6.74,-1.2715011,16154
6.72,-6.387747,16154
6.72,2.235857,16154
6.69,-1.9822763,16154
6.62,-4.858559,16154
6.48,1.3060158,16154
6.44,-2.7709422,16154
6.41,-2.8700328,16154
6.4,1.5979,16154
6.28,-0.6584963,16154
6.25,1.7566683,16154
6.19,-2.1820972,16154
6.09,-7.3715005,16154
5.96,-1.3949869,16154
5.63,-0.36927092,16154
5.58,0.49634558,16154
5.46,-1.4351382,16154
5.27,3.5156982,16154
5.21,2.5646102,16154
4.84,-6.560375,16154
5.0,-2.9341433,15950
6.24,1.570685,6524
6.12,-3.309347,6524
5.89,2.0460265,6524
7.7,4.8040204,8767
7.4,1.4637014,6962
5.74,1.2963824,6534
7.7,-0.17568645,6703
7.52,0.2588343,6703
7.4,0.13955873,6703
7.0,-2.694523,6703
6.89,0.62758714,6703
6.77,-2.435967,6703
6.6,0.73932815,6703
6.22,-3.973509,6703
6.16,-3.6297505,6703
6.06,-4.806855,6703
6.03,-4.5158796,6703
6.02,-4.4843097,6703
5.97,0.22298843,6703
5.96,-1.805372,6703
5.92,-1.684758,6703
5.89,-4.8407764,6703
5.74,-3.5610068,6703
5.19,-4.6298985,6703
8.64,4.0892677,17054
8.6,-0.7446295,17054
8.49,-2.5673497,17054
8.46,0.2386379,17054
8.44,-0.05594971,17054
8.43,0.034933977,17054
8.41,0.1039566,17054
8.41,-0.6791838,17054
8.38,-1.0161226,17054
8.36,3.050445,17054
8.35,-1.8294678,17054
8.31,-2.1382577,17054
8.29,-2.754925,17054
8.22,-3.035671,17054
8.21,0.062137924,17054
8.19,0.25492376,17054
8.17,0.94374716,17054
8.15,1.076138,17054
8.15,-0.28415805,17054
8.14,-1.9202346,17054
8.07,0.17992494,17054
8.06,1.4162263,17054
8.0,-2.7171042,17054
7.95,-3.1604202,17054
7.84,-1.121936,17054
7.79,-1.6616554,17054
7.69,2.2127984,17054
7.58,-0.2500218,17054
7.46,-0.9979817,17054
7.25,-2.802088,17054
7.05,-2.6019402,17054
6.88,-2.334479,17054
6.81,-1.9356632,17054
6.8,-2.0678,17054
5.6,-3.386823,17054
9.4,-1.8460807,11952
8.0,2.5153384,15819
8.0,4.724704,15819
8.0,3.248661,15819
8.0,2.8920033,15819
8.0,3.23952,15819
8.0,6.717694,15819
8.0,2.0426197,15819
7.7,3.531862,15819
7.7,4.589928,15819
7.7,3.8937519,15819
7.52,0.47864068,15819
7.52,6.2617874,15819
7.52,2.1022215,15819
7.4,2.7868886,15819
7.4,2.9183838,15819
6.8,2.2875237,15819
5.89,-1.6303678,15660
8.59,4.4132233,2023
9.89,-0.6842188,2338
9.59,0.41496548,2338
9.57,-3.8467195,2338
9.55,-0.6770152,2338
9.34,-1.7854365,2338
9.31,-0.12597592,2338
9.3,-1.1212556,2338
9.28,-0.11359839,2338
9.23,2.1804228,2338
9.14,0.6429896,2338
9.09,0.47025117,2338
8.05,0.8788865,2338
7.96,-2.7089052,2338
7.85,-1.9215176,2338
7.85,-3.295916,2338
7.77,-0.6227097,2338
7.54,0.1583215,2338
7.43,-2.0538013,2338
7.39,-1.7254794,2338
7.18,-3.5735812,2338
7.17,-1.9286343,2338
7.11,-2.3697448,2338
7.09,-4.1235466,2338
7.05,-1.6757139,2338
6.85,-1.7086866,2338
6.84,-2.4812891,2338
6.83,-1.8629616,2338
6.71,-3.7069626,2338
6.48,-2.5807421,2338
6.38,-0.010810178,2338
5.85,-1.3566042,2338
4.03,2.090879,16824
9.29,1.003373,12825
9.22,4.2850986,12825
8.82,0.6401558,12825
8.7,0.5592977,12825
8.64,0.3202881,12825
8.43,2.5473254,12825
8.15,-0.28298286,12825
7.85,0.67422605,12825
6.78,1.0335186,12825
6.5,-5.9864626,12825
5.94,-0.35121912,12825
5.93,-1.2914284,12825
5.86,-0.030942477,12825
5.42,0.64057,12825
8.15,-1.6915913,6889
8.1,2.3354292,6889
8.03,0.26125386,6889
8.02,1.447212,6889
7.92,3.1333177,6889
7.9,1.3191315,6889
7.88,-0.0042547323,6889
7.81,-0.69032913,6889
7.8,0.3469666,6889
7.78,-0.44669372,6889
7.78,0.58542186,6889
7.75,-0.63833034,6889
7.71,-0.05539646,6889
7.65,2.228408,6889
7.65,0.59585446,6889
7.62,-1.6915911,6889
7.59,-1.7754959,6889
7.5,-0.04605248,6889
7.48,-1.0404171,6889
7.47,-0.6641404,6889
7.41,-4.564278,6889
7.3,0.7309667,6889
7.28,-1.7754954,6889
7.23,-0.74853086,6889
7.21,-2.8424318,6889
7.2,-2.459443,6889
7.05,-4.212513,6889
6.96,-1.2570738,6889
6.86,-3.3110685,6889
6.81,0.20872194,6889
6.66,-1.6915909,6889
6.65,1.2211615,6889
6.56,-2.1337876,6889
6.53,-1.3692167,6889
6.37,-0.030135911,6889
6.33,-1.775495,6889
6.2,1.4472115,6889
9.0,3.9563797,11462
4.82,-6.043897,11462
4.74,-5.3864174,11462
4.49,-3.6000388,11462
4.47,-4.9915304,11462
4.38,-5.0131154,11462
4.36,-6.362997,11462
4.15,-4.476515,11462
4.05,-4.1371675,11462
8.55,2.114889,14332
8.4,-0.4831079,14332
8.55,1.1317737,12159
8.44,-4.553032,12159
8.3,-0.15147012,12159
8.27,-3.086177,12159
8.06,-6.4221253,12159
7.97,-1.0870048,12159
7.31,-4.1633115,12159
5.44,-0.5770924,14168
5.86,-1.2497824,7973
8.8,-5.3090787,13104
6.46,2.6910806,7138
9.35,0.3617198,11259
9.16,-1.7084665,11259
9.03,0.0140721835,11259
8.92,-1.1868187,11259
8.92,0.30255494,11259
8.82,-1.4369789,11259
8.8,0.61432797,11259
8.77,-3.113387,11259
8.68,-1.5990365,11259
8.62,1.8479967,11259
8.34,-3.2840788,11259
8.23,-0.81711787,11259
7.89,1.7892396,11259
7.54,0.42040277,11259
7.52,-1.7084665,11259
7.27,-1.5699027,11259
7.19,1.6624463,11259
6.66,1.9333165,11259
6.31,0.39917764,11259
6.27,2.7568047,11259
7.02,2.0262423,13191
7.58,0.16727456,10467
7.16,-0.5741677,1137
7.18,0.43091083,5217
8.72,1.3412907,10900
8.14,-0.55805415,10900
8.0,-3.2956855,10900
8.0,-0.106412254,10900
7.96,0.24472591,10900
7.92,-1.1040015,10900
7.7,-1.0331293,10900
7.64,-0.9481845,10900
7.62,-4.4736257,10900
7.57,1.1921042,10900
7.5,-1.6658504,10900
7.48,-0.61021614,10900
7.47,0.258742,10900
7.43,-2.0482702,10900
7.37,1.0367178,10900
7.24,-2.090547,10900
7.22,-2.558558,10900
7.21,0.05449333,10900
7.05,0.28638956,10900
7.03,-2.9961252,10900
6.75,-1.371485,10900
6.75,-2.4851842,10900
6.46,-0.99127126,10900
6.43,0.4915015,10900
6.28,-6.338625,10900
6.27,-4.4082956,10900
6.16,-2.6446636,10900
7.77,0.193066,15465
5.64,-7.681278,5299
6.79,3.3307517,1488
7.89,1.2670513,5758
7.07,2.1328373,4611
7.07,3.312218,4611
6.86,0.07163784,4611
6.66,1.5263102,4611
6.49,0.32019606,4611
6.44,0.55431473,4611
6.41,-0.30737394,4611
6.37,-1.1182553,4611
6.34,-0.040300272,4611
6.25,0.32019612,4611
6.18,-1.9089915,4611
6.02,-2.9176428,4611
6.0,-3.4569795,4611
6.0,1.0121049,4611
5.81,0.3201955,4611
5.7,-2.3069255,4611
5.64,-2.8928044,4611
5.62,-3.9411733,4611
5.62,-1.714754,4611
5.61,-2.0939271,4611
5.37,-1.9283756,4611
5.27,-2.5191936,4611
5.0,-2.9949915,4611
5.0,-3.2086887,4611
9.0,0.6160059,9226
7.96,7.41156,9226
7.02,-0.041608155,1443
4.75,2.88114,15680
4.55,-3.9625144,15680
8.0,-0.9812718,8759
7.68,-1.5029547,8759
6.58,0.43085235,8000
8.52,0.68273586,16873
8.52,4.687222,16873
8.4,3.145553,16873
8.4,2.4859707,16873
8.3,3.9911664,16873
8.22,2.79537,16873
8.1,3.041252,16873
8.0,2.003433,16873
8.0,1.8779551,16873
7.96,1.5973923,16873
7.92,2.497322,16873
7.89,2.6613822,16873
7.82,2.3908575,16873
7.75,3.1185608,16873
7.68,3.2125568,16873
7.68,-0.056807365,16873
7.68,1.0420189,16873
7.64,4.4142284,16873
7.6,-0.3714641,16873
7.58,0.5598311,16873
7.51,0.86749667,16873
7.46,-0.38350415,16873
7.44,2.9349916,16873
7.44,3.7201645,16873
7.42,0.7264244,16873
7.26,3.121936,16873
7.17,2.0438895,16873
7.13,2.1656015,16873
7.09,2.0007923,16873
7.07,-1.8455268,16873
7.06,0.7041486,16873
7.05,2.8152876,16873
6.82,0.23386079,16873
6.41,-1.9453752,16873
6.33,-1.2058094,16873
6.22,3.0653553,16873
5.92,-1.2817895,16873
5.89,1.7036995,16873
5.51,2.4517317,16873
5.5,0.85342205,16873
5.33,-3.1048615,16873
5.32,-3.839299,16873
4.92,0.13344169,16873
5.08,-2.1760378,4547
4.69,-2.2560167,4547
4.49,-2.4504368,4547
4.28,1.4032772,4547
4.27,-2.2376342,4547
4.24,0.19765884,4547
8.44,5.6034126,4256
9.52,4.135388,387
9.4,0.7281907,387
9.4,0.8580035,387
9.4,4.4029174,387
9.3,4.3731813,387
9.22,1.5439256,387
9.15,0.7704622,387
9.1,2.4263973,387
9.0,0.21031448,387
8.8,2.4821885,387
8.7,-1.6682605,387
8.68,-1.0657219,387
8.52,2.342383,387
8.42,0.8167457,387
8.4,2.7150412,387
8.36,2.1442773,387
8.36,0.44706953,387
8.31,0.6255538,387
8.19,-2.281073,387
8.17,-1.2593833,387
8.08,-1.702571,387
8.07,-0.90099484,387
8.04,0.72750354,387
7.77,2.6944494,387
7.64,1.8640647,387
7.44,1.961667,387
7.41,-1.7418358,387
7.36,-1.0625623,387
7.35,2.215899,387
7.33,0.78425235,387
7.27,1.2311816,387
7.24,3.8143818,387
7.17,-0.6706,387
7.15,2.2898288,387
7.12,1.7148913,387
7.06,1.362896,387
6.82,-1.3402867,387
6.52,0.039687507,387
7.8,2.3595705,11668
6.82,-1.7035153,11668
6.79,-1.5144376,11668
6.76,-1.0210285,11668
6.72,-4.039614,11668
6.58,-3.3529956,11668
6.57,-2.2813442,11668
6.5,-3.7522252,11668
6.44,-5.2074547,11668
6.27,-4.097765,11668
7.06,0.63604003,12582
8.6,1.5721499,14970
6.43,4.6404405,8433
7.89,-0.29650775,5368
7.44,0.7139234,5368
7.42,1.5655962,5368
7.2,-0.67109525,5368
7.16,-1.1490257,5368
7.13,-1.7789525,5368
7.13,-0.20317787,5368
6.98,-0.39430863,5368
6.92,-0.6477722,5368
6.81,-0.5933226,5368
6.8,-1.286643,5368
6.73,-0.7997169,5368
6.7,-0.48169875,5368
6.69,-3.065752,5368
6.49,-0.080109246,5368
6.32,0.14146274,5368
6.03,-1.468926,5368
8.52,0.579653,3423
8.4,-1.8015645,3423
8.3,-3.9159522,3423
8.05,-1.6614102,3423
8.0,-2.2327454,3423
8.0,-3.894601,3423
8.0,2.7715843,3423
7.96,0.47420853,3423
7.92,1.0210899,3423
7.92,0.37824723,3423
7.92,-0.10398713,3423
7.89,-1.451665,3423
7.85,-4.897565,3423
7.85,-1.0187987,3423
7.82,-1.5415347,3423
7.77,3.8551352,3423
7.77,-2.825084,3423
7.7,-0.57808256,3423
7.7,-0.7589985,3423
7.62,-2.4281585,3423
7.6,-3.644522,3423
7.57,-2.0797806,3423
7.57,1.8654904,3423
7.54,-3.5504935,3423
7.52,-3.6381333,3423
7.5,1.7465568,3423
7.46,-2.8366625,3423
7.44,-2.6419978,3423
7.43,1.9810902,3423
7.43,-3.5145764,3423
7.4,0.09713269,3423
7.4,1.2058443,3423
7.4,-1.6843582,3423
7.38,-2.6289728,3423
7.3,-3.7966723,3423
7.26,-2.6138434,3423
7.08,-3.0283659,3423
7.08,-4.164818,3423
7.0,1.0894283,3423
6.92,-3.1164865,3423
6.89,-0.7577981,3423
6.89,-5.4716215,3423
6.8,-3.5144517,3423
6.75,-1.7986671,3423
6.7,-3.7614934,3423
6.68,-2.2716422,3423
6.66,0.45929128,3423
6.66,-2.0743701,3423
6.52,-1.9560382,3423
6.46,-2.06977,3423
6.07,-1.9539913,3423
6.01,-2.4358976,3423
6.0,-4.024502,3423
5.92,-3.1746285,3423
5.82,1.2268043,3423
5.8,1.5924542,3423
5.7,-3.7201617,3423
5.57,-0.036920436,3423
5.51,-2.6309602,3423
5.48,0.02654598,3423
5.42,-4.8923917,3423
5.37,-4.680832,3423
5.36,-2.449054,3423
5.33,2.1930652,3423
5.32,-1.3747288,3423
5.32,-5.510425,3423
5.21,-6.952266,3423
5.17,-1.5771812,3423
10.82,2.5524318,7091
10.72,1.1816121,7091
9.3,3.7788775,7091
7.89,-0.38528627,7091
7.25,-0.12033104,7091
5.26,0.66803914,9541
5.22,0.7244645,9541
5.21,-3.1281035,9541
5.19,-1.7440628,9541
5.03,-0.50988287,9541
5.03,0.37308872,9541
4.92,-4.931756,9541
4.72,-0.87103635,9541
4.68,-1.2244377,9541
4.49,-0.047273383,9541
4.27,-3.9224427,9541
4.2,-3.2649822,9541
4.17,-1.5302255,9541
4.11,-0.8699953,9541
4.08,-3.9410524,9541
7.32,0.21605173,1840
7.17,-0.14455983,1840
7.12,-0.6799421,1840
6.58,-1.0912447,1840
6.5,-1.2267859,1840
6.16,-3.5067227,1840
5.89,0.30835754,3236
5.68,-1.1928713,1201
6.75,-4.7069597,4354
7.49,2.7221692,11922
9.4,1.2189577,11898
9.22,0.7912582,11898
9.0,-0.20163128,11898
8.89,-1.0717413,11898
8.85,1.6267453,11898
8.85,-0.64058644,11898
8.7,1.6614034,11898
8.7,-0.82061476,11898
8.7,0.65847194,11898
8.68,1.8109263,11898
8.62,-0.5753378,11898
8.62,-1.1145273,11898
8.54,2.7169867,11898
8.46,0.46845415,11898
8.46,-0.8222591,11898
8.46,-1.9507855,11898
8.4,1.6232585,11898
8.34,1.3186932,11898
8.25,4.3523955,11898
8.22,0.05942098,11898
8.19,0.9822549,11898
8.14,-0.7415613,11898
8.12,-0.23190677,11898
8.12,-1.1816463,11898
8.1,-0.20163149,11898
8.09,2.2869496,11898
7.96,-0.36662462,11898
7.96,0.8191349,11898
7.96,0.3974396,11898
7.92,-1.1444786,11898
7.89,4.1824994,11898
7.82,-0.64058673,11898
7.68,-0.44552544,11898
7.37,-1.318484,11898
7.21,-0.30121103,11898
6.62,0.9030114,11898
5.85,0.16691828,11898
5.85,2.9206166,11898
7.28,0.3299733,3138
7.1,0.84865415,3138
6.92,-2.4613085,3138
6.21,-2.9066522,3138
6.02,-3.877303,3138
5.48,-3.3695743,3138
9.41,2.3361766,13606
6.64,-1.6708258,9460
5.46,0.41093838,1845
6.7,-2.9679224,1596
9.0,6.5456405,12736
9.0,4.813067,12736
8.7,4.503885,12736
8.52,2.4228103,12736
8.52,6.599891,12736
8.4,6.8498836,12736
8.4,7.246791,12736
8.3,0.94163793,12736
8.3,1.5307053,12736
8.22,1.4503868,12736
8.15,1.1449612,12736
8.15,0.5584237,12736
8.1,0.33198005,12736
8.1,6.4797273,12736
8.1,0.9296943,12736
8.05,1.7588702,12736
8.05,5.266915,12736
8.0,5.588055,12736
7.89,4.8485255,12736
7.89,1.4957609,12736
7.89,1.0591418,12736
7.82,4.186111,12736
7.8,1.0052756,12736
7.75,2.2335749,12736
7.57,2.6565633,12736
7.44,1.257007,12736
7.35,-0.66486466,12736
7.31,-0.7486715,12736
6.85,1.7084973,12736
6.42,-1.2484952,12736
7.56,2.4848433,4053
8.1,-1.5009271,6182
7.58,-3.1804402,6182
8.7,0.11817267,2416
8.22,0.19429511,2416
7.96,2.0581791,2416
7.96,1.6138366,2416
7.75,0.7047596,2416
7.72,0.14986476,2416
7.64,0.31511864,2416
7.47,1.0562881,2416
7.32,1.43394,2416
7.12,0.07725724,2416
6.89,1.1417775,2416
6.77,-1.7204123,2416
6.62,-0.2863133,2416
6.32,-0.3541922,2416
6.3,0.11817262,2416
6.3,-1.7723411,2416
6.25,0.19429517,2416
6.14,-1.2882514,2416
6.12,-1.7377849,2416
6.06,-1.6331489,2416
5.96,-1.9540166,2416
5.92,-1.6575712,2416
5.87,-2.298619,2416
5.72,-0.76933235,2416
5.72,-2.2005265,2416
5.68,-2.7132378,2416
7.0,-0.41156057,6465
7.0,-1.7246401,6465
7.0,-4.142022,6465
7.0,-1.8452408,6465
7.0,-1.1779162,6465
7.0,-1.4486874,6465
7.0,-2.6014557,6465
7.0,1.9838794,6465
7.0,1.3319134,6465
7.0,0.08498145,6465
7.0,-1.2583984,6465
7.0,-1.9375411,6465
7.0,-0.20778573,6465
7.0,2.0667124,6465
7.0,1.1811161,6465
7.0,-1.8727218,6465
7.0,0.6501665,6465
7.0,-1.7666271,6465
7.0,1.3739041,6465
7.0,1.181117,6465
7.0,-2.4407258,6465
7.0,1.7562407,6465
7.0,-3.4303594,6465
7.0,2.5244904,6465
7.0,1.4770231,6465
7.0,1.1601433,6465
7.0,-2.2393053,6465
7.0,-3.1577544,6465
7.0,0.7709963,6465
7.0,0.0066124387,6465
7.0,-2.9687355,6465
7.0,2.6221538,6465
7.0,1.2342496,6465
7.0,0.2922159,6465
7.0,0.39404392,6465
7.0,1.4480377,6465
7.0,1.0264268,6465
7.0,1.8625417,6465
7.0,-0.18511441,6465
7.0,0.3786187,6465
7.0,-0.5128351,6465
7.0,-0.29675,6465
7.0,2.1274128,6465
7.0,-0.004155375,6465
7.0,0.16848278,6465
7.0,-2.4035082,6465
7.0,1.1748649,6465
7.0,1.578163,6465
7.0,1.235783,6465
7.0,-1.2380728,6465
7.0,-0.2224656,6465
7.0,2.1366856,6465
7.0,0.19541225,6465
7.0,0.25804567,6465
7.0,0.8710623,6465
7.0,2.353998,6465
7.0,0.79449874,6465
7.0,2.3497493,6465
7.0,1.7616909,6465
7.0,1.9324331,6465
7.0,1.8139946,6465
7.0,1.3566493,6465
7.0,1.5019482,6465
7.0,-1.7892898,6465
7.0,2.3309765,6465
7.0,1.0282465,6465
7.0,-1.0046306,6465
7.0,1.538853,6465
7.0,1.2771357,6465
7.0,1.3997191,6465
7.0,1.7784708,6465
7.0,-1.5121382,6465
7.0,-2.9157672,6465
7.0,3.1647718,6465
7.0,1.7234973,6465
7.0,0.9160014,6465
7.0,0.9084929,6465
7.0,2.5890806,6465
7.0,4.2747884,6465
7.0,2.3343778,6465
7.0,-0.5618659,6465
7.0,-1.0906491,6465
7.0,-1.2361633,6465
7.0,-3.7050345,6465
7.0,3.1940765,6465
7.0,-3.152655,6465
7.0,4.2723875,6465
7.0,0.8333119,6465
7.0,0.54649436,6465
6.0,-1.6745738,6465
6.0,-1.5560153,6465
6.0,-1.97519,6465
6.0,-1.7735733,6465
6.0,1.5309938,6465
6.0,1.9432522,6465
6.0,-0.015343875,6465
6.0,-2.339992,6465
6.0,-2.0460756,6465
6.0,-1.8455055,6465
6.0,1.1926965,6465
6.0,-0.35301536,6465
6.0,0.7604442,6465
6.0,0.7604447,6465
6.0,3.1940765,6465
6.0,0.85623497,6465
6.0,-2.2662623,6465
6.0,-4.972283,6465
6.0,1.4200846,6465
6.0,1.4200852,6465
6.0,2.673854,6465
6.0,-0.16412795,6465
6.0,-1.449565,6465
6.0,-0.4078271,6465
6.0,-1.0162274,6465
6.0,-1.3493088,6465
6.0,-2.1826181,6465
6.0,-1.9058756,6465
6.0,-3.1338603,6465
6.0,-0.9941947,6465
6.0,-2.138652,6465
6.0,-1.6349139,6465
6.0,0.27470765,6465
6.0,1.646808,6465
6.0,2.0576124,6465
6.0,1.1789069,6465
6.0,2.3853798,6465
6.0,0.06165757,6465
6.0,2.1842976,6465
6.0,-2.5058892,6465
6.0,-2.725925,6465
6.0,0.44139177,6465
6.0,1.2791992,6465
6.0,2.7904136,6465
6.0,2.8080795,6465
6.0,0.8333125,6465
6.0,4.2723875,6465
6.0,1.8092966,6465
6.0,0.08558125,6465
6.0,0.83179194,6465
6.0,-0.16565257,6465
6.0,1.8092966,6465
6.0,1.9919714,6465
6.0,-0.276773,6465
6.0,-0.20642024,6465
6.0,-0.11100385,6465
6.0,-0.503894,6465
6.0,-0.77936786,6465
6.0,-0.04219129,6465
6.0,-0.07340211,6465
6.0,1.798221,6465
6.0,0.09398523,6465
6.0,0.19116658,6465
6.0,-0.62882775,6465
6.0,1.1657484,6465
6.0,-0.84616745,6465
6.0,0.57467496,6465
6.0,0.65925014,6465
6.0,-2.4033782,6465
6.0,1.4134841,6465
6.0,1.4949797,6465
6.0,0.95635027,6465
6.0,-0.570037,6465
6.0,-0.08109422,6465
6.0,0.921538,6465
6.0,0.92153764,6465
6.0,-2.9539294,6465
6.0,3.5351663,6465
6.0,-1.9700825,6465
6.0,1.5451901,6465
6.0,2.3126686,6465
6.0,1.8837955,6465
6.0,-0.6362329,6465
6.0,0.83832574,6465
6.0,0.99377686,6465
6.0,0.99992234,6465
6.0,0.9999222,6465
6.0,0.8852673,6465
6.0,1.2321864,6465
6.0,0.6087803,6465
6.0,0.99825066,6465
6.0,2.5234504,6465
6.0,1.7127036,6465
6.0,1.2456648,6465
6.0,-0.44138524,6465
6.0,-0.58233684,6465
6.0,-1.0760037,6465
6.0,0.8919004,6465
6.0,0.013577983,6465
6.0,1.6305985,6465
6.0,0.2786659,6465
6.0,0.9976035,6465
6.0,-3.1702113,6465
6.0,-1.7081627,6465
6.0,0.56667423,6465
6.0,0.55032855,6465
6.0,0.94921273,6465
6.0,3.0894647,6465
6.0,-3.3611848,6465
6.0,0.34467044,6465
6.0,0.7872593,6465
6.0,2.020221,6465
6.0,0.85656184,6465
6.0,1.952068,6465
6.0,-2.5528724,6465
6.0,1.410184,6465
6.0,-1.7831476,6465
6.0,-0.09909751,6465
6.0,0.22372499,6465
6.0,0.6082097,6465
6.0,3.1373727,6465
6.0,-0.9389328,6465
6.0,0.89541405,6465
6.0,2.4482064,6465
6.0,2.8140285,6465
6.0,0.5318364,6465
6.0,1.3944048,6465
6.0,1.6533214,6465
6.0,-0.5849634,6465
5.0,-3.8336024,6465
5.0,-3.8644729,6465
5.0,-2.4566307,6465
5.0,-2.4566307,6465
5.0,-2.938939,6465
5.0,-1.2147864,6465
5.0,0.23312816,6465
5.0,0.8562355,6465
5.0,1.8804443,6465
5.0,-3.8945735,6465
5.0,0.91012716,6465
5.0,-0.27065775,6465
5.0,-0.36946487,6465
5.0,-1.7616895,6465
5.0,2.39826,6465
5.0,1.9354137,6465
5.0,1.7962619,6465
5.0,1.1914049,6465
5.0,2.0714376,6465
5.0,1.4384089,6465
5.0,2.17784,6465
5.0,1.5977298,6465
5.0,2.2380948,6465
5.0,1.192097,6465
5.0,0.87671363,6465
5.0,1.557671,6465
5.0,2.4211721,6465
5.0,0.6182279,6465
5.0,3.2803168,6465
5.0,2.0375574,6465
5.0,1.445413,6465
5.0,2.8080795,6465
5.0,1.3867677,6465
5.0,2.629584,6465
5.0,-1.4251757,6465
5.0,1.751325,6465
5.0,1.6151372,6465
5.0,2.8930771,6465
5.0,-0.9474195,6465
5.0,1.5851938,6465
5.0,-0.306313,6465
5.0,2.8020387,6465
5.0,2.0618024,6465
5.0,-0.022797711,6465
5.0,3.596041,6465
5.0,-2.1287553,6465
5.0,0.5623695,6465
5.0,3.2010999,6465
5.0,-2.6483622,6465
5.0,0.3078054,6465
5.0,1.5813308,6465
5.0,-1.3910547,6465
5.0,0.2063207,6465
5.0,-2.8598366,6465
5.0,-1.9657843,6465
5.0,2.8115025,6465
5.0,-0.44001952,6465
5.0,2.3578289,6465
5.0,-2.2364414,6465
5.0,2.7848384,6465
5.0,-1.4968916,6465
5.0,-0.24811238,6465
5.0,-1.9634235,6465
5.0,0.45094424,6465
5.0,-1.1452432,6465
5.0,3.2248144,6465
5.0,-1.1314293,6465
5.0,-3.1331985,6465
5.0,0.7786999,6465
5.0,-4.196989,6465
5.0,0.11134099,6465
5.0,-3.813864,6465
5.0,0.4058926,6465
5.0,1.9993128,6465
5.0,-0.54497045,6465
5.0,3.2107503,6465
5.0,-0.33614686,6465
5.0,1.3855853,6465
5.0,-3.4768596,6465
5.0,-3.9055014,6465
5.0,0.16859382,6465
5.0,0.63872087,6465
5.35,4.27687,4498
5.24,-0.90700924,4498
5.05,1.1052272,4498
4.73,-3.944382,4498
8.1,2.5059052,14519
9.0,-0.75583297,17215
8.22,6.2774215,17215
7.44,6.91916,17215
7.39,3.2153902,17215
5.51,1.4802761,2979
5.32,-1.1932498,2979
5.15,5.388611,2979
5.07,5.388611,2979
7.8,-0.30380306,2354
9.0,-1.1076832,104
9.1,4.1841836,10905
8.92,5.4772997,10905
8.21,-1.5706538,10905
7.64,3.5970929,10905
7.52,4.488419,10905
7.12,4.064201,10905
6.84,3.8102565,10905
6.61,4.854943,10905
6.46,1.1107718,10905
6.45,4.4649887,10905
6.44,3.5054944,10905
6.4,5.084368,10905
6.29,4.2665453,10905
6.14,-0.5394473,10905
6.09,-4.0577216,10905
6.07,-1.9825978,10905
6.01,2.3931391,10905
6.0,-1.2949581,10905
6.82,-5.1386085,14663
6.41,-4.7475204,14663
6.4,-2.9329944,14663
8.85,-0.9595272,4416
8.7,0.6363881,4416
8.66,-0.16949439,4416
8.62,-0.68307316,4416
8.4,-2.370272,4416
8.4,-2.317539,4416
8.4,-2.0221927,4416
8.3,-2.8348489,4416
8.22,0.7169063,4416
8.22,-2.0221918,4416
8.1,-0.19244245,4416
8.1,0.22086698,4416
8.1,-2.370272,4416
7.92,-1.5213764,4416
7.85,-2.3175392,4416
7.77,0.71690655,4416
7.77,-2.482817,4416
7.75,-2.308447,4416
7.64,-0.5660743,4416
7.6,0.63638777,4416
7.52,-0.71024084,4416
7.5,-1.8790492,4416
7.39,-1.5963846,4416
6.65,-4.145948,4416
6.6,-3.8860056,4416
6.32,-3.3197823,4416
5.67,-4.6686764,4416
6.47,-2.596396,9701
7.66,-4.0234776,13370
5.66,-1.6379594,4790
5.12,7.8090663,14671
5.07,2.9609978,14671
5.04,6.0054193,14671
5.01,5.2972054,14671
4.53,6.1922827,14671
4.53,3.406914,14671
8.4,-0.7676113,5032
8.3,2.2273695,5032
8.3,1.2000288,5032
8.22,-2.9189613,5032
8.22,0.124686815,5032
8.22,2.0060596,5032
8.22,1.6122712,5032
8.22,1.521866,5032
8.15,-1.5427753,5032
8.15,-0.32983953,5032
7.96,1.5203066,5032
7.77,-3.5020697,5032
7.72,-0.30733463,5032
7.62,-5.1961794,5032
7.58,0.964297,5032
7.02,-5.118178,5032
6.89,-3.9146369,5032
6.85,-3.3010004,5032
6.71,0.40944746,5032
6.64,1.0340054,5032
6.45,-1.6889917,5032
6.42,0.5094422,5032
6.1,-2.0174701,5032
8.05,2.1056201,15172
7.22,0.8420112,15172
7.0,1.5719781,15172
6.96,-1.671769,15172
6.22,-2.328675,15172
6.1,-2.952274,15172
8.8,-3.7224092,10142
8.5,-1.6551429,10142
8.5,2.0703082,10142
8.5,2.4269602,10142
8.4,-0.4224989,10142
8.3,-2.6059694,10142
8.3,2.4269602,10142
6.92,-3.2437775,4782
6.75,-3.787815,4782
6.57,-2.3136127,4782
6.38,-2.247654,4782
5.06,-3.0170317,4782
4.99,-0.9750035,4782
7.62,2.1337638,12619
7.59,0.8826266,12619
7.58,0.92192477,12619
7.57,1.4578595,12619
7.55,-2.1057212,12619
7.42,2.506799,12619
7.41,1.0121453,12619
7.32,2.6515477,12619
7.32,-1.1363605,12619
7.24,2.0534787,12619
7.15,0.46369624,12619
7.1,-0.65219605,12619
6.95,1.9865257,12619
6.93,3.2806075,12619
6.92,4.145036,12619
6.88,0.46369636,12619
6.87,0.2759863,12619
6.85,-0.86998427,12619
6.84,2.8995714,12619
6.83,1.9865264,12619
6.8,0.8708698,12619
6.78,-2.360877,12619
6.78,0.9876078,12619
6.74,0.81186557,12619
6.7,0.987608,12619
6.49,-0.6758561,12619
6.49,2.3926303,12619
6.46,1.297044,12619
6.45,2.434591,12619
6.42,-0.47990042,12619
6.2,-2.1111958,12619
6.15,-0.44327578,12619
5.97,-0.29570997,12619
5.96,1.7057551,12619
8.52,-1.2130558,3488
8.15,3.8679614,3488
7.77,1.5424423,3488
7.33,1.0567082,3488
7.3,-1.1260827,3488
7.03,-0.5587595,3488
6.37,2.1096923,3488
7.25,0.87895435,5695
7.17,0.15801388,5695
7.1,-0.4237784,5695
7.03,-1.7164524,5695
6.47,-1.7474785,5695
6.32,-1.7480208,5695
6.25,-2.448526,5695
6.11,-3.0707095,5695
6.05,-5.4252987,5695
4.58,-3.973024,5695
4.23,-3.0244453,5695
4.11,-4.2956476,5695
9.7,4.5833993,13738
9.7,0.26140672,13738
9.4,3.1281912,13738
9.0,0.19587898,13738
8.94,2.3172328,7644
8.85,4.148446,7644
8.36,0.057760984,7644
8.3,0.723267,7644
8.22,0.116066866,7644
8.2,0.46700913,7644
8.2,0.5663464,7644
7.98,-1.592607,7644
7.91,-0.5627325,7644
7.76,-0.8601286,7644
7.69,-2.9808161,7644
7.38,-2.1316974,7644
6.78,-3.2763107,7644
5.08,1.7486768,13033
7.66,1.9839693,2458
7.0,-0.71006554,7591
7.0,-1.2624614,7591
7.0,0.6581964,7591
7.0,0.015344411,7591
7.0,4.515691,7591
7.0,4.0207667,7591
7.0,4.3647623,7591
10.74,-3.5288198,11955
6.41,-3.9134367,17765
4.38,-6.426925,15588
6.01,-3.813453,2532
5.63,-3.0409842,2532
5.61,4.0480943,2532
5.16,-2.3217347,2532
9.0,1.5037336,16761
8.7,1.9996761,16761
8.52,0.66051567,16761
8.52,1.9225376,16761
8.3,0.8739131,16761
8.1,2.8648462,16761
8.0,2.1988122,16761
7.96,1.0152429,16761
7.89,1.0446278,16761
7.89,4.5846925,16761
7.85,0.7287069,16761
7.77,1.0742813,16761
7.68,1.8019044,16761
7.52,-3.899788,16761
7.36,0.8739131,16761
7.33,1.5374435,16761
7.2,0.6961617,16761
7.07,1.4031758,16761
6.85,0.46593726,16761
6.66,0.4659369,16761
6.21,1.2983266,16761
6.21,-0.8926053,16761
7.89,3.0315359,14397
7.6,0.11460637,14397
7.57,-6.016117,14397
7.5,0.11460637,14397
7.17,-2.7705162,14397
7.14,0.2598065,14397
9.15,-0.30245984,12708
7.12,-3.3825455,13891
6.04,-2.3434293,16208
4.89,0.043556236,16208
5.5,-2.5664475,10241
5.48,-2.6768105,6509
6.77,-3.7433074,6481
8.89,0.9391008,15127
6.17,-2.9782913,15127
6.1,-2.9782917,15127
5.92,-4.5000677,15127
7.55,0.38140142,677
7.41,3.9264638,677
7.04,0.47926754,677
6.68,2.208988,677
6.57,2.082556,677
6.51,4.155684,677
6.46,-0.65176785,677
6.39,-0.59018856,677
6.38,-0.8801562,677
6.22,-0.13828114,677
6.21,1.889081,677
6.17,0.81856537,677
6.16,-0.8990105,677
6.08,2.5388157,677
6.0,2.1008663,677
5.96,1.3831578,677
5.96,-0.9554196,677
5.87,1.0159779,677
5.85,0.5918649,677
5.8,1.6841712,677
5.75,2.1136572,677
5.68,0.90656507,677
5.66,3.0797703,677
5.66,0.5610319,677
5.66,0.06715646,677
5.64,3.0891497,677
5.62,1.008908,677
5.57,-2.1043398,677
5.52,-1.242286,677
5.44,-1.8867179,677
5.36,2.125783,677
5.28,-0.6248657,677
5.21,3.7283602,677
5.17,1.5717403,677
5.01,1.919081,677
4.77,0.37363198,677
4.66,1.254307,677
4.07,0.65287066,677
8.52,1.5605763,14862
4.82,-4.1456685,2477
4.8,-4.1380363,2477
4.72,-0.9382859,2477
4.51,-1.0834354,2477
4.34,-3.0764859,2477
6.6,1.2974888,10140
6.5,0.1050415,10140
6.5,0.1050413,10140
6.5,2.7887619,10140
6.3,0.84921426,10140
6.3,1.3036182,10140
6.2,0.68114793,10140
6.2,0.4124197,10140
6.2,1.112661,10140
6.1,0.644896,10140
6.0,0.6198046,10140
5.9,0.6811481,10140
5.9,-0.1387376,10140
5.7,-0.106219284,10140
5.7,0.18614715,10140
5.6,-0.88906115,10140
5.5,1.401549,10140
5.5,1.4844714,10140
5.5,1.2013683,10140
5.4,1.3859572,10140
5.4,1.5113875,10140
5.4,1.050913,10140
5.4,0.28230473,10140
5.3,1.7730976,10140
5.3,1.0754862,10140
5.3,1.298887,10140
5.3,1.1233803,10140
5.2,-4.33826,10140
5.2,1.4648159,10140
5.2,1.1125276,10140
5.0,1.1125278,10140
5.0,0.7698823,10140
4.9,0.47469443,10140
4.9,1.7113737,10140
4.9,1.1233803,10140
4.9,1.9845074,10140
4.8,0.6995565,10140
4.7,0.82443285,10140
4.1,1.8938632,10140
9.15,2.6458364,5898
9.05,2.5654263,5898
8.96,-0.5772343,5898
8.92,1.5404327,5898
8.85,0.0835576,5898
8.85,1.2459611,5898
8.82,-2.0142965,5898
8.51,2.2782557,5898
7.48,-2.3626604,5898
6.64,-3.366561,5898
6.35,1.7622918,17063
6.23,0.67977554,17063
6.23,-2.6739376,17063
6.18,0.9538551,17063
5.09,-4.791654,17063
6.72,-4.74886,10077
6.7,-4.769385,10077
6.47,-6.6012354,10077
6.39,-2.2848659,10077
6.13,-1.1816987,10077
6.09,-3.826443,10077
5.99,-4.5548573,10077
5.99,-3.5829523,10077
5.94,-2.2520738,10077
5.92,-5.6256537,10077
5.91,-2.4141996,10077
5.89,-3.587481,10077
5.87,-4.257515,10077
5.87,-5.95248,10077
5.82,-2.6251156,10077
5.82,-0.6595644,10077
5.82,-1.8003972,10077
5.76,-4.520288,10077
5.75,-0.8764042,10077
5.73,-3.7463465,10077
5.72,-2.73241,10077
5.69,-2.8096497,10077
5.68,-0.4478325,10077
5.68,-2.6871793,10077
5.66,-1.892353,10077
5.66,-2.2454257,10077
5.66,-1.3906641,10077
5.65,-0.4869362,10077
5.63,-4.113515,10077
5.6,-3.8716595,10077
5.59,-2.579604,10077
5.56,-3.0018408,10077
5.56,-6.573565,10077
5.56,-1.8638469,10077
5.55,-0.008931089,10077
5.53,-4.323354,10077
5.51,-2.8512404,10077
5.51,-2.5899503,10077
5.49,0.23299113,10077
5.47,-5.599572,10077
5.45,-3.7864223,10077
5.45,-5.207069,10077
5.45,-3.0522964,10077
5.44,-1.3782022,10077
5.44,-0.5784759,10077
5.42,-1.227195,10077
5.42,-0.8463737,10077
5.38,-5.707689,10077
5.37,-1.7285055,10077
5.35,-5.56265,10077
5.31,-5.113317,10077
5.3,-4.8697953,10077
5.3,-2.4209592,10077
5.25,-6.7204256,10077
5.25,-0.53520757,10077
5.25,-5.692427,10077
5.22,-1.5508097,10077
5.22,0.16383028,10077
5.22,-2.4818234,10077
5.22,-1.8496952,10077
5.2,-2.9067104,10077
5.19,-3.9464555,10077
5.16,-1.2161334,10077
5.15,-5.222376,10077
5.12,-1.238208,10077
5.06,-0.17725664,10077
5.04,-0.1653575,10077
5.03,-0.4767895,10077
4.99,-7.011675,10077
4.98,1.0043418,10077
4.97,-5.6421366,10077
4.94,0.71892613,10077
4.9,1.5727007,10077
4.9,-1.5966198,10077
4.9,-4.922868,10077
4.9,0.86524874,10077
4.9,0.86524874,10077
4.9,-0.9002102,10077
4.9,-4.5095816,10077
5.92,-2.2135408,6878
5.06,0.23026791,6878
5.0,-1.912616,6878
8.7,-2.1093554,6935
6.45,-1.1635045,6935
6.0,1.6966792,6935
5.55,2.4543056,5605
5.23,-3.1737907,5605
5.19,2.7583406,5605
5.06,-6.9662886,5605
6.27,1.1370398,16656
7.11,1.574417,9565
6.37,3.0262556,9565
6.43,0.08680422,17364
6.36,0.7712338,17364
6.25,-0.6678218,17364
6.21,-0.74701864,17364
6.08,0.771839,17364
6.03,-2.2662086,17364
5.82,-0.41744557,17364
5.77,-3.5107358,17364
5.7,0.65522087,17364
5.46,-2.9264116,17364
5.44,-1.161229,17364
5.44,-2.631581,17364
5.43,-3.2655673,17364
5.36,-2.8228054,17364
5.3,-0.763918,17364
5.17,-2.4589097,17364
5.14,-2.9144146,17364
5.08,-1.8229747,17364
5.08,-2.9845512,17364
5.08,-3.2385247,17364
5.08,-1.2227576,17364
5.08,-4.6325345,17364
5.08,-2.8809237,17364
4.6,-3.5343647,17364
5.65,2.1096323,12967
7.16,-0.86579627,14644
11.0,-1.4363383,15345
10.6,-4.093454,15345
9.54,1.0732156,15345
9.36,-1.7359192,15345
8.91,0.31279576,15345
8.77,2.2667816,15345
7.36,2.960575,15345
6.53,3.3458407,16948
4.96,-5.2633486,537
6.66,3.7504752,1043
7.24,-3.4118807,8153
7.35,-1.5841285,17656
5.37,5.2582307,16169
5.34,0.7621785,16169
5.26,-0.014941484,16169
4.9,-0.52887714,16169
4.89,-1.0238639,16169
4.81,-2.2547894,16169
6.5,-5.4349184,15809
6.48,2.0298717,15809
5.46,0.4780935,15809
7.4,-0.08059576,3146
7.12,1.876259,2604
7.04,2.0768902,2604
6.82,1.5853517,2604
6.8,0.43965918,2604
6.75,0.86691856,2604
6.64,-0.12209053,2604
6.57,0.8750124,2604
6.31,-1.8243445,2604
6.24,0.37605172,2604
6.1,-1.5755097,2604
6.08,-1.914462,2604
5.96,-2.4324152,2604
5.96,-2.6333442,2604
5.75,-3.807437,2604
5.6,-3.526525,2604
5.58,-2.934173,2604
5.54,-3.1287894,2604
5.44,-5.1627936,2604
5.2,-5.7022896,2604
6.58,-0.0015575252,4716
6.41,0.7956451,4716
6.21,-0.92640203,4716
6.02,1.1699562,4716
5.64,0.7246198,4716
7.26,0.9005474,11692
7.1,3.0312006,11692
6.86,0.23371059,11692
6.8,0.001519829,11692
6.76,0.6843762,11692
6.72,-0.2681363,11692
6.67,-0.34980318,11692
6.52,-0.77242213,11692
6.5,-3.1848116,11692
6.46,-0.2296434,11692
6.4,-2.8243337,11692
6.37,-3.9005396,11692
6.36,-6.1327157,11692
6.6,-4.4452124,17024
6.13,-4.2987413,13410
6.08,-3.913004,13410
7.38,-2.5940528,6000
6.89,-0.3188263,6000
6.68,-3.776459,6000
6.32,2.4185686,6000
6.21,-1.4049562,6000
6.11,-2.5209816,6000
5.05,-3.3830183,5948
7.37,-6.663891,8167
6.07,-4.952324,8167
6.01,-7.7976584,8167
5.9,-2.8786566,8167
10.66,2.6885052,10639
10.0,1.6727755,10639
9.54,1.8970846,10639
8.68,-1.3423727,10639
8.6,4.1592364,10639
7.68,1.512823,10639
8.2,-2.2069325,3328
8.2,1.7512211,3328
8.2,1.7334373,3328
8.1,3.1691966,3328
7.6,3.5843549,3328
7.5,1.3517913,3328
7.3,-0.5537515,3328
7.1,1.978486,3328
7.0,2.9304438,3328
6.8,2.8452106,3328
6.7,-0.52054536,3328
6.7,-1.8004241,3328
6.7,1.2902659,3328
6.6,-1.4162017,3328
6.5,-0.44493696,3328
6.5,-0.3422656,3328
6.5,-0.05163383,3328
6.4,-0.79185176,3328
6.1,1.5366392,3328
5.5,1.7417566,3328
5.81,2.2995217,659
5.62,3.9113734,659
5.13,-1.4490774,659
6.16,2.103951,2399
5.05,-2.2016227,11442
4.93,-2.3003135,11442
4.71,-0.8336006,11442
4.62,0.63983953,11442
4.6,-3.1022375,11442
4.48,-4.002421,11442
4.2,-3.8997111,11442
8.05,2.5439239,6231
7.42,2.1997838,6231
7.19,2.8875637,6231
7.19,-3.6005795,6231
7.16,2.3396358,6231
7.03,-1.0002486,6231
6.72,-0.11334347,6231
6.7,-1.5253099,6231
6.5,-0.54953223,6231
6.45,-2.5772898,6231
6.42,1.1564895,6231
6.24,-3.214982,6231
6.21,-1.1973191,6231
6.2,0.53342944,6231
6.07,-3.3763173,6231
6.06,-4.1052027,6231
6.58,-1.641999,2732
8.82,0.8616807,9354
8.77,-0.19968617,9354
8.74,0.50718516,9354
8.72,0.96220887,9354
8.54,1.2277174,9354
8.37,1.6260906,9354
8.25,1.4189878,9354
8.12,-0.39985996,9354
7.85,-2.3384202,9354
7.75,-0.20751289,9354
7.69,0.9510558,9354
7.58,-2.8948934,9354
7.57,-3.1342132,9354
7.45,-5.6316524,9354
9.23,3.3335547,7155
8.53,2.71751,7155
8.45,3.5985672,7155
7.55,-4.613806,7155
7.5,-4.068171,7155
7.36,-1.2371746,7155
7.72,-0.4679388,12538
8.7,4.317902,1564
8.3,-1.7876235,1564
8.1,-1.1157908,1564
8.1,0.80996853,1564
8.05,-0.70765185,1564
7.85,-1.3579513,1564
7.75,-2.0679426,1564
7.66,1.6730179,1564
7.66,-1.3140539,1564
7.64,-1.1202248,1564
7.64,-1.5460331,1564
7.44,-0.84491354,1564
7.42,-1.4265869,1564
7.41,0.1537309,1564
7.41,1.4492979,1564
7.4,-2.1372297,1564
7.36,-1.6815152,1564
7.28,-0.37825763,1564
7.28,0.7624811,1564
7.25,-1.1232334,1564
7.24,-1.7748086,1564
7.22,-2.0988693,1564
7.17,-0.77852744,1564
7.17,-2.6790538,1564
7.14,-0.61242825,1564
7.09,-1.429542,1564
7.05,-3.7931514,1564
6.94,-2.290281,1564
6.93,-1.9976236,1564
6.9,0.73039484,1564
6.88,-1.7645828,1564
6.87,-0.8993395,1564
6.85,-2.5600688,1564
6.79,-0.7552316,1564
6.71,-3.8409073,1564
6.7,-1.1394396,1564
6.67,-2.4097636,1564
6.57,-1.0173802,1564
6.55,-1.8127685,1564
6.53,-1.8421694,1564
6.49,-1.2174426,1564
6.39,-3.4080439,1564
6.38,-3.9504964,1564
6.34,-0.2517051,1564
6.33,0.24178705,1564
6.32,-2.956435,1564
6.29,-0.6849656,1564
6.28,-1.002031,1564
6.19,-0.6032979,1564
6.18,0.72692764,1564
6.1,-1.0169868,1564
6.07,-0.7431199,1564
5.94,0.8082374,1564
5.89,-3.3022509,1564
5.32,-2.5694914,1564
8.05,1.9793357,17421
8.92,-2.6928115,5921
7.49,-7.623064,6632
9.4,1.2663586,834
9.22,1.2665782,834
9.0,0.919283,834
8.74,-1.586316,834
8.74,-0.7039035,834
8.62,-0.30188146,834
8.49,0.40947515,834
8.44,0.48653483,834
8.19,-1.2778,834
8.18,-1.4268988,834
8.15,2.4248033,834
8.09,0.40947515,834
8.0,0.101540364,834
7.7,2.6623979,834
7.66,0.25039643,834
7.66,-1.4605569,834
7.51,-1.6313419,834
7.46,-1.8008567,834
7.38,-1.1183348,834
7.05,-1.8114967,834
6.66,-2.05492,834
6.46,-0.5324471,834
6.14,-1.9707751,834
5.89,-1.0570071,834
5.7,-1.754932,834
5.55,-2.045588,834
5.51,-1.2935485,834
5.09,-1.9436746,834
9.3,-2.1101778,5366
5.94,-4.8238993,5366
6.3,-1.6562922,2176
5.52,-5.3471813,2176
7.85,-0.4833607,16114
7.46,0.13560876,16114
7.44,-2.3142357,16114
7.42,-0.34361663,16114
7.16,-5.2162504,16114
7.16,-0.7741313,16114
7.13,-0.46799383,16114
7.11,-0.62765867,16114
7.06,-0.77077895,16114
6.96,0.84264666,16114
6.92,1.8391598,16114
6.8,-2.607403,16114
6.75,-3.9834104,16114
6.72,0.15437555,16114
6.68,0.5678663,16114
6.57,-3.7386513,16114
6.52,-4.1100407,16114
6.52,-2.6247394,16114
6.51,-1.2444799,16114
6.46,-1.4863576,16114
6.4,-1.5043422,16114
6.4,-3.8156345,16114
6.38,-0.64427805,16114
6.29,-2.367587,16114
6.24,-3.0819547,16114
6.12,-2.7139843,16114
6.12,-2.2478724,16114
6.05,-4.001928,16114
6.04,-1.1831064,16114
5.96,-2.171014,16114
5.85,-6.885154,16114
5.77,-0.6336566,16114
5.72,-4.9166665,16114
5.68,-6.3542705,16114
5.66,-1.1213259,16114
5.62,-1.760892,16114
5.58,0.79936886,16114
5.57,-2.3806458,16114
5.52,-4.1692014,16114
5.46,-1.8073971,16114
5.4,-2.7739184,16114
5.36,-1.8535148,16114
5.32,-3.1912208,16114
5.2,-4.42831,16114
5.05,-2.3253536,16114
7.11,2.0165792,11393
5.89,-2.993121,11393
4.75,0.45640346,11393
8.86,3.2355387,11608
7.84,2.0381675,11608
7.34,0.30403557,11608
7.23,-0.5351177,11608
7.18,3.0247428,11608
7.07,1.348342,11608
7.05,2.2111104,11608
7.04,2.007577,11608
4.1,-0.9675564,15848
5.24,-5.3671846,12042
4.86,4.271438,12042
6.54,-0.4198174,132
6.11,-7.002382,132
6.09,-2.0112138,132
8.46,0.73844427,912
8.27,-2.503742,912
8.25,1.4903729,912
8.12,-0.3964467,912
8.09,-2.884405,912
8.09,-1.9787194,912
8.08,-2.9293807,912
8.05,-2.6870534,912
8.03,-1.9633567,912
8.02,0.5053534,912
7.98,-3.0200791,912
7.96,1.004437,912
7.96,-2.9813018,912
7.89,-2.917209,912
7.84,-1.6635596,912
7.77,-2.561228,912
7.75,-1.4324943,912
7.54,-1.9131734,912
7.43,1.2062138,912
7.38,0.48722005,912
7.32,-2.3128488,912
7.24,0.6000194,912
7.16,-2.6189258,912
7.15,-2.1993184,912
6.99,-3.0748312,912
6.94,-1.2387428,912
6.84,-0.6825013,912
5.46,0.8906608,912
6.84,1.9363338,7951
6.82,0.33469865,7951
6.71,4.9710445,7951
6.38,4.9847655,7951
6.25,-1.7470198,7951
6.21,3.0243526,7951
6.09,-1.3802762,7951
6.0,1.4979327,7951
5.78,1.5365695,7951
5.75,4.5432067,7951
5.56,3.115246,7951
5.5,3.6627634,7951
5.46,-1.0492321,7951
5.34,-4.608289,7951
8.4,0.31593886,13052
7.29,4.4422855,13052
6.95,1.280278,14722
6.13,-0.9364347,980
9.52,5.3317347,456
9.39,5.5008783,456
9.36,3.173211,456
9.29,3.4446437,456
9.26,6.654718,456
9.25,4.0436926,456
9.14,5.612202,456
9.12,4.4522166,456
9.11,4.952822,456
9.1,3.129237,456
9.03,4.9029593,456
9.0,-4.3745756,456
9.0,3.5229452,456
9.0,2.2663307,456
8.96,7.336497,456
8.92,1.7658565,456
8.92,5.4563956,456
8.82,4.1625757,456
8.82,4.245608,456
8.7,4.2244234,456
8.64,-4.621542,456
8.64,5.9205966,456
8.55,2.2322872,456
8.41,1.9019979,456
8.41,5.4331746,456
8.32,0.40987968,456
8.27,2.4144976,456
8.09,2.658827,456
8.0,3.143147,456
8.7,-1.0272506,3600
5.03,3.9110053,8454
7.8,-2.522971,296
7.05,3.055892,9796
6.4,-4.9607306,9796
5.75,-0.1292617,14435
7.48,1.6324762,3309
7.37,1.8118458,3309
7.36,3.9988048,3309
7.21,-0.18032318,3309
7.11,5.2620215,3309
7.1,4.3807755,3309
7.04,2.4603348,3309
6.89,1.0507715,3309
7.06,-2.5958536,3730
7.06,-0.12107644,3730
7.05,3.2220392,3730
6.96,-3.3840418,3730
6.66,-0.15747982,3730
6.62,-3.3127027,3730
6.55,-1.4840941,3730
6.48,-2.4703083,3730
6.42,0.14627337,3730
5.97,-1.5011773,3730
5.77,-2.869529,3730
5.73,-1.0431769,3730
5.72,-1.093346,3730
5.47,-0.55322343,3730
5.39,0.9282781,3730
5.26,-2.896029,3730
5.2,-0.8587821,3730
8.96,4.3604527,15165
8.27,1.0734173,15165
7.47,2.7019086,15165
6.92,1.8745838,15165
6.66,1.1732833,15165
6.3,0.26441717,15165
5.66,-1.5755845,15165
5.54,-2.3954682,15165
4.77,-1.6550864,15165
4.23,-3.860291,15165
7.85,-1.3321556,15790
7.64,0.7303848,15790
7.6,-3.350715,15790
7.43,-4.107589,15790
7.43,-4.929322,15790
7.28,1.631293,15790
7.06,-4.728381,15790
7.02,-3.8912497,15790
6.57,-0.5351428,15790
5.4,1.1893567,4644
5.07,-3.3913603,4644
9.07,-3.1981518,9030
8.68,-0.42434594,9030
8.63,2.2757232,9030
8.1,0.38110906,9030
7.67,-1.7779719,9030
7.54,-2.1123552,9030
7.46,-3.604436,9030
7.39,-1.6202167,9030
6.97,-2.325388,9030
6.9,-1.5181466,9030
6.49,-0.89997274,9030
7.1,3.3431578,15398
7.0,3.3626947,15398
7.0,7.1694713,15398
6.7,5.408603,15398
6.52,3.4545555,15398
6.4,3.5604053,15398
6.4,3.2867875,15398
6.3,3.4865458,15398
6.22,2.303817,15398
6.22,4.259221,15398
6.16,0.08184133,15398
6.16,3.9787571,15398
6.16,2.0121548,15398
6.1,2.9278543,15398
5.8,5.3457723,15398
5.0,-0.48568606,7451
6.8,-4.876391,10536
8.11,-0.37174982,4729
8.08,1.4494731,7366
5.58,-0.21295181,4201
6.64,-0.9930887,13388
6.89,-3.9126637,13701
6.48,-1.0876577,7148
5.07,0.24183589,7148
5.03,-0.87761706,7148
6.8,-2.2257178,4215
6.52,4.729043,4215
6.5,-3.6940553,4215
6.36,3.169695,4215
6.0,-0.60730475,4215
5.82,-3.1657832,4215
5.72,2.9614756,4215
5.66,-0.5871964,4215
5.64,1.3767684,4215
5.29,1.3746401,4215
5.28,5.0466228,4215
5.22,2.2767053,4215
5.21,-0.8090836,4215
5.21,3.4506516,4215
5.1,-0.22716996,4215
5.04,3.5513554,4215
4.99,1.2660452,4215
4.75,-4.2971134,4215
4.68,-2.7680266,4215
4.62,0.023092203,4215
4.45,-2.0799224,4215
4.38,1.2595458,4215
4.38,-0.019116238,4215
4.29,-2.4991913,4215
4.26,-4.6210866,4215
4.24,3.6947303,4215
4.18,-0.050000526,4215
8.52,-1.9289254,851
8.26,0.67687416,851
8.22,-0.9092347,851
8.21,-0.1311709,851
8.05,0.70889646,851
7.85,1.0555222,851
7.75,-2.2435534,851
7.72,0.054290943,851
7.62,-1.7100074,851
7.6,-2.7609131,851
7.42,1.0968614,851
7.4,-4.494576,851
7.33,-2.8433015,851
7.12,-1.5937924,851
6.74,-2.9096358,851
6.7,-2.0884237,851
6.55,-3.0588028,851
6.43,-2.1769753,851
6.43,-3.5111885,851
6.38,-1.7954983,851
6.31,-2.6553109,851
6.73,2.0818467,17142
4.82,-3.4861896,17142
8.82,-1.1959436,13238
8.72,2.1348233,13238
8.54,1.352037,13238
8.49,0.73577243,13238
8.32,-0.2286016,13238
8.31,-0.5757933,13238
8.27,-0.28289148,13238
8.21,0.047752827,13238
8.2,-1.8874081,13238
8.19,-0.63942164,13238
8.14,-0.3298835,13238
8.13,0.036600366,13238
8.12,-0.12893343,13238
7.92,1.2530882,13238
7.87,-0.9329134,13238
7.84,-0.2849115,13238
7.83,-0.50665593,13238
7.72,-0.053434346,13238
7.55,-0.23837095,13238
7.46,-0.7145939,13238
7.38,0.48799038,13238
7.28,-0.5405502,13238
7.26,-1.9997104,13238
7.22,-0.19777137,13238
7.21,-1.3725837,13238
7.2,-2.7837217,13238
7.1,-2.435528,13238
7.08,0.9664084,13238
7.07,-0.092264555,13238
7.0,-4.2774043,13238
7.0,0.34426695,13238
6.99,1.4500549,13238
6.92,-0.081694454,13238
6.92,-1.3037939,13238
6.89,-0.41766348,13238
6.83,-1.3896923,13238
6.82,-0.54236114,13238
6.82,-1.2977263,13238
6.81,0.1058526,13238
6.81,-0.22953424,13238
6.75,-0.7009033,13238
6.66,0.43535537,13238
6.65,1.5252079,13238
6.46,-0.10406993,13238
6.39,-3.470712,13238
6.36,1.0568645,13238
6.31,0.07773834,13238
6.3,0.66809267,13238
6.26,-3.2238643,13238
6.21,-2.711708,13238
6.2,-0.592025,13238
6.17,-0.30772516,13238
6.17,-1.2518597,13238
6.15,-1.3173596,13238
6.11,-0.30113626,13238
6.03,-1.0602548,13238
6.03,-0.9076309,13238
5.96,-1.4606802,13238
5.93,-4.3111095,13238
5.82,-1.4462336,13238
5.79,-1.5615946,13238
5.76,1.2506765,13238
5.71,-2.945307,13238
5.2,-4.020803,13238
4.93,0.08484152,13238
4.88,-2.1852093,13238
4.38,0.63835967,13238
4.75,-0.7455461,14178
9.14,2.1098354,9669
7.05,-1.2227852,14444
10.89,3.1607912,6163
10.89,-0.41684276,6163
10.8,0.726418,6163
10.7,-6.061258,6163
10.7,-3.4301152,6163
10.62,-3.7892914,6163
10.62,-1.351606,6163
10.6,-2.1808481,6163
10.48,2.787142,6163
10.43,1.6061726,6163
10.4,-3.5943959,6163
10.37,-4.7751226,6163
10.31,0.95648956,6163
10.31,-2.286452,6163
10.3,-1.307378,6163
10.28,-3.0644388,6163
10.25,-3.294759,6163
10.18,0.10920768,6163
10.17,-2.2052035,6163
10.15,2.1515853,6163
10.14,-6.424676,6163
10.09,1.2871727,6163
10.07,-3.0306258,6163
10.06,-2.284474,6163
9.96,2.6101449,6163
9.96,1.6887859,6163
9.96,-2.4395406,6163
9.96,-4.3711967,6163
9.96,-0.3102806,6163
9.89,-2.9058118,6163
9.85,-1.0203334,6163
9.85,-2.7437382,6163
9.82,-0.14355135,6163
9.82,-4.4081635,6163
9.77,-3.8599448,6163
9.72,-0.8435369,6163
9.72,-2.7216551,6163
9.66,-4.252417,6163
9.47,1.0584391,6163
9.4,-1.7344619,6163
9.33,-3.291316,6163
9.23,-0.79281634,6163
9.21,-3.43074,6163
9.18,-3.2555919,6163
9.17,-1.4435365,6163
9.02,0.57449424,6163
8.96,-3.9303763,6163
8.85,-1.5773295,6163
8.82,-3.138688,6163
8.82,0.47668087,6163
8.82,0.14274615,6163
8.82,1.596748,6163
8.82,-0.054647833,6163
8.8,-3.522977,6163
8.74,0.6354677,6163
8.72,-0.34471706,6163
8.7,-1.6050409,6163
8.7,-4.3822265,6163
8.68,-2.5986102,6163
8.64,-2.769396,6163
8.64,-1.4885246,6163
8.62,-2.938139,6163
8.51,-2.4406044,6163
8.48,-2.1379864,6163
8.48,-3.0581279,6163
8.47,-2.4755673,6163
8.46,-1.7625072,6163
8.42,-2.1176794,6163
8.41,-3.253473,6163
8.4,-2.6505466,6163
8.38,-3.6909754,6163
8.34,-1.5538136,6163
8.34,-0.8983265,6163
8.32,-3.6511395,6163
8.3,-1.3521914,6163
8.3,0.030994605,6163
8.28,-3.7062426,6163
8.28,0.29148823,6163
8.27,-1.4776621,6163
8.26,-4.9826455,6163
8.25,-1.9800326,6163
8.24,-0.9084787,6163
8.24,-3.7339942,6163
8.22,-3.8091533,6163
8.19,-1.1834344,6163
8.18,-4.540242,6163
8.18,-3.3940299,6163
8.17,-4.715815,6163
8.16,-1.0194061,6163
8.14,-0.7475251,6163
8.12,-4.5409565,6163
8.12,-0.44698152,6163
8.12,-3.3609247,6163
8.12,-3.0947726,6163
8.12,-4.0409527,6163
8.1,-0.6556988,6163
8.09,-0.93998355,6163
8.09,-5.248678,6163
8.08,-2.8221736,6163
8.08,-3.522977,6163
8.08,-0.15838134,6163
8.08,-2.8241231,6163
8.06,-2.7998116,6163
8.05,-3.5440712,6163
8.05,-0.066784844,6163
8.04,-1.2986438,6163
8.01,-0.19771501,6163
8.01,-1.824566,6163
7.99,0.1765067,6163
7.52,2.4746873,4764
7.4,1.6937977,4764
4.62,-0.43773055,1413
6.3,-3.773158,17548
5.16,2.6450057,17548
6.23,-5.251371,16883
8.52,1.7864128,1163
8.3,2.0573466,1163
8.22,1.8711509,1163
8.15,-3.4677486,1163
8.1,1.7106427,1163
8.1,-6.1079,1163
8.05,-5.5493426,1163
7.82,2.8955207,1163
7.8,1.987017,1163
7.8,1.729822,1163
7.75,0.18290284,1163
7.7,-1.0903152,1163
7.68,2.025731,1163
7.66,-5.551772,1163
7.66,2.2887967,1163
7.44,-5.5379972,1163
7.43,-5.3716927,1163
7.36,-3.980536,1163
7.36,1.8970652,1163
7.28,0.6503536,1163
7.26,1.9784025,1163
7.19,-2.5227418,1163
7.11,1.9625633,1163
6.83,2.4939091,1163
8.82,1.5829458,9130
9.15,-0.90601796,4755
9.05,-2.6013682,4755
8.92,2.280174,4755
8.92,2.280174,4755
8.8,1.8386794,4755
8.8,-2.9504569,4755
8.77,2.851205,4755
8.68,2.7534492,4755
8.64,3.9464684,4755
8.59,1.6885138,4755
8.52,1.4788778,4755
8.41,-0.19259885,4755
8.29,-0.9994051,4755
8.29,1.791467,4755
7.63,1.0769864,4755
6.84,-1.3044798,4755
6.81,-3.794621,4755
6.68,2.671322,4755
6.63,-1.7972565,4755
6.59,-2.4519966,4755
6.58,0.9029255,4755
6.49,-3.1972945,4755
6.33,-0.30644876,4755
6.19,-3.401044,4755
7.82,-5.1745014,9422
7.6,1.4069728,9422
8.92,2.962711,11116
8.67,-5.544105,11116
6.36,-5.611744,11116
6.19,-6.1797824,11116
5.9,-6.563247,11116
8.92,6.118608,13124
8.3,-2.5204067,14886
7.58,4.0046525,13645
6.38,0.48741215,9311
5.68,-1.6314495,9311
5.47,3.2975674,9311
5.46,-0.30830875,9311
5.2,-2.8527136,9311
6.57,-0.52036446,2516
6.22,0.62052727,10321
5.92,-0.3585289,10321
4.4,-4.2019296,10321
5.82,1.3913113,7637
5.41,-1.0372288,7637
8.46,-0.6919554,5045
8.44,1.4428917,5045
8.4,1.083072,5045
8.05,1.852265,5045
8.0,1.9099394,5045
7.96,-0.08509132,5045
7.92,-0.08509132,5045
7.85,-0.6815619,5045
7.82,-0.08509132,5045
7.8,0.80029446,5045
7.77,1.7388467,5045
7.75,1.1087013,5045
7.62,2.685984,5045
7.6,2.7246003,5045
7.58,0.111752726,5045
7.58,0.111752726,5045
7.52,0.111752726,5045
7.48,-1.4670216,5045
7.46,2.6079938,5045
7.41,-1.9523073,5045
7.34,1.0244349,5045
7.33,2.354613,5045
7.28,-0.96385896,5045
7.24,4.9598236,5045
7.21,-2.5355635,5045
7.1,0.3939091,5045
7.05,-0.14873841,5045
7.05,1.1581569,5045
6.6,-0.79513186,5045
6.55,0.44707763,5045
6.51,-3.5684721,5045
6.48,1.685494,5045
6.47,1.5497448,5045
6.47,1.8578748,5045
6.42,-1.7046136,5045
6.41,2.900983,5045
6.26,0.038242184,5045
6.24,0.40955186,5045
6.22,-1.4427181,5045
6.19,-2.05352,5045
6.15,-2.5893853,5045
6.01,1.9412137,5045
5.85,0.77562773,5045
5.8,-2.2869432,5045
5.64,0.483005,5045
5.58,-0.6086046,5045
5.37,3.4704242,5045
5.37,2.4317846,5045
5.27,1.7153237,5045
4.96,0.72258115,5045
4.75,-0.4670565,5045
9.0,2.842534,16763
9.0,4.4032164,16763
9.0,2.2831547,16763
8.4,-1.2843599,16763
7.72,1.9770864,16763
7.68,1.9285271,16763
7.38,-3.449908,16763
7.19,3.735316,16763
6.89,1.6751802,16763
6.82,3.452668,16763
6.81,0.11414022,16763
6.68,4.403722,16763
6.43,3.8469124,16763
6.39,-2.8616824,16763
6.21,0.7173028,16763
6.11,1.6751802,16763
5.96,0.08238024,16763
5.83,0.63949597,16763
5.72,0.08238024,16763
7.5,-1.2748206,14477
7.16,-3.5622215,14477
6.66,3.0488439,14477
6.64,-8.233449,14477
6.36,0.36457688,14477
6.82,4.2196717,5582
6.01,4.988078,11704
9.29,-3.5530708,7403
9.29,-3.3104398,7403
8.9,2.0684528,7403
8.49,1.5957488,7403
8.49,1.0065767,7403
8.48,-3.2677956,7403
8.36,1.6886209,7403
8.24,0.9916107,7403
8.07,0.8069181,7403
8.04,1.0968072,7403
7.99,0.092450574,7403
7.94,0.21955523,7403
7.85,0.6588765,7403
7.77,0.26392618,7403
7.68,-2.175471,7403
7.57,-0.054235503,7403
6.75,-3.0964663,7403
5.12,-4.9398313,7403
5.89,-0.09808441,769
7.31,-3.9769588,14665
6.96,-2.4680269,14665
6.92,-3.8713536,14665
5.5,-1.0888841,16543
8.1,2.3629305,12529
8.05,-0.8300168,12529
7.92,0.8558329,12529
7.21,-0.7034451,12529
7.2,-0.93551177,12529
5.11,-3.5219495,10999
6.85,-1.758983,5440
7.4,-2.0927837,5749
7.8,-1.987341,7419
7.64,4.859615,7419
7.64,4.167004,7419
7.47,0.1198869,7419
7.39,5.3030653,7419
7.33,-1.7098821,7419
7.29,2.1554608,7419
7.25,1.2180154,7419
7.07,-0.4471872,7419
6.8,1.1554304,7419
6.77,-1.2028774,7419
6.64,-0.32446343,7419
6.64,1.2034531,7419
6.37,-3.1440616,7419
6.24,-0.75185394,7419
6.21,-2.5751371,7419
6.08,-1.683781,7419
5.96,-2.7901165,7419
5.89,-0.68047774,7419
5.85,1.5077686,7419
5.85,-5.6305294,7419
5.82,-0.1527003,7419
5.8,-2.3178134,7419
5.8,-1.7252958,7419
5.77,-2.1079528,7419
5.7,-1.9058378,7419
5.68,-2.1157796,7419
5.64,3.4317143,7419
5.62,-0.8958053,7419
5.54,-3.892309,7419
5.52,-2.5273185,7419
5.4,-4.7783923,7419
4.44,3.463413,11996
4.12,-3.7422364,11996
7.58,-0.36376458,11529
6.62,-1.1886708,11529
8.46,3.9478683,12694
8.15,-1.5810193,12694
8.1,0.93510115,12694
8.09,2.2687318,12694
8.08,3.3103352,12694
8.05,3.2928276,12694
8.03,1.2890775,12694
8.02,1.5726506,12694
8.01,-0.122010395,12694
7.86,4.390296,12694
7.81,1.4291159,12694
7.81,2.035513,12694
7.71,3.8668704,12694
7.66,0.89676774,12694
7.63,-0.04767301,12694
7.61,1.5511924,12694
7.54,-0.085464805,12694
7.44,3.1065438,12694
7.41,3.6419766,12694
7.38,3.9024575,12694
7.19,1.3001415,12694
6.79,0.33372772,12694
6.71,-0.18124107,12694
6.64,5.190848,12694
7.07,-0.26330262,10479
6.39,0.15071437,5765
6.32,0.297599,13462
10.3,5.5228343,14335
6.21,5.0575056,6592
6.16,2.942257,6592
6.05,1.0095823,6592
5.92,4.1111717,6592
5.8,-1.3509485,6592
5.66,3.8043926,6592
5.64,-1.0315644,6592
5.34,1.0053087,6592
5.28,3.6511526,6592
5.23,1.6932561,6592
5.18,0.010981336,6592
5.14,-0.9531862,6592
5.09,-0.39421666,6592
5.05,1.9045128,6592
9.04,3.8653035,3014
9.01,4.9028764,3014
8.89,0.9877235,3014
8.82,3.5089664,3014
8.8,1.7543374,3014
8.8,5.395286,3014
8.77,5.2234936,3014
8.7,3.9466789,3014
8.68,1.5932163,3014
8.68,4.223704,3014
8.66,3.7787762,3014
8.64,-1.8582233,3014
8.6,3.5810702,3014
8.6,0.72515684,3014
8.48,4.5693984,3014
8.22,3.4825876,3014
8.21,3.9144313,3014
7.92,-1.8837185,3014
7.75,-3.4857159,3014
7.55,-4.413206,3014
6.89,-3.9408646,3014
6.82,-2.0337472,3014
7.2,-0.94147915,92
7.0,-0.94132227,92
5.56,2.5404632,8302
7.4,2.1614587,237
6.73,-0.95629704,13604
8.52,2.128776,10185
7.96,0.13895804,10185
7.85,-0.6942553,10185
7.72,-0.17284784,10185
7.41,0.20023099,10185
7.34,-2.7994857,10185
7.07,2.932507,10185
7.02,-0.53798455,10185
6.96,2.177149,10185
6.92,2.4420693,10185
6.86,-0.09969497,10185
6.8,1.7330109,10185
6.8,-0.5530407,10185
6.8,2.4420693,10185
6.72,2.561552,10185
6.68,0.24724662,10185
6.62,-4.0120425,10185
6.55,0.28921148,10185
6.55,0.5546221,10185
6.51,2.9603095,10185
6.47,0.19026539,10185
6.4,3.8563623,10185
6.28,0.41513625,10185
6.26,-2.0706568,10185
6.26,-2.0594325,10185
6.24,0.87003523,10185
6.21,0.877658,10185
6.19,2.4498906,10185
6.14,-0.68947417,10185
6.14,-1.9260055,10185
6.11,-0.22341341,10185
6.0,-0.6234167,10185
6.0,2.2830744,10185
5.82,2.6192975,10185
5.8,-2.9148505,10185
5.77,2.989648,10185
5.72,2.989648,10185
5.62,1.2273308,10185
5.36,1.933024,10185
5.29,0.77588016,10185
5.03,-0.24670109,10185
4.8,-2.366599,10185
4.18,8.715949,4642
7.64,1.6957185,11449
7.55,0.7471542,11449
7.42,1.7905537,11449
7.0,-0.36589897,11449
6.9,-2.1612124,11449
6.39,0.08965936,11449
6.34,-2.411311,11449
6.23,0.92543566,11449
6.14,-0.28234246,11449
6.09,-2.3341715,11449
5.81,-1.9941919,11449
5.78,-2.940279,11449
5.71,-4.0959153,11449
5.7,-1.0724902,11449
5.62,-2.9727297,11449
5.56,-4.0243897,11449
5.49,-1.8106906,11449
5.49,-1.5787214,11449
5.45,-1.8691388,11449
5.4,-2.332606,11449
5.2,-4.128095,11449
5.02,-3.0315971,11449
4.86,-1.6927094,11449
4.82,-1.6106147,11449
4.12,-1.0373412,11449
8.15,4.0379386,10004
7.8,1.6255702,10004
7.8,4.124809,10004
7.72,2.795301,10004
7.62,2.6209662,10004
7.52,2.4176614,10004
7.42,0.861633,10004
7.39,1.5624387,10004
7.32,1.3287386,10004
7.3,5.090396,10004
7.09,2.772302,10004
7.05,0.97540945,10004
6.93,1.890452,10004
6.8,5.192282,10004
6.3,1.6204433,10004
6.01,2.248321,10004
5.73,2.781135,10004
5.69,1.8088976,10004
5.63,1.8364445,10004
8.47,1.0273072,6258
8.43,-0.12150695,6258
8.41,0.43349355,6258
8.38,1.1632097,6258
8.38,1.0273072,6258
8.36,0.13699329,6258
8.3,2.1110249,6258
8.3,1.5214843,6258
8.29,0.6843909,6258
8.28,1.9400846,6258
8.28,-0.3257705,6258
8.28,0.051247686,6258
8.27,0.03503943,6258
8.27,1.628355,6258
8.27,1.5225747,6258
8.26,0.8728587,6258
8.25,1.9341749,6258
8.25,-0.5950481,6258
8.24,-0.9694836,6258
8.24,0.7880942,6258
8.24,-0.06669786,6258
8.24,-0.20850962,6258
8.21,1.6336647,6258
8.21,-1.2091705,6258
8.2,0.05793138,6258
8.19,0.051247686,6258
8.19,0.07946388,6258
8.19,2.865313,6258
8.19,-0.12288898,6258
8.18,0.6843909,6258
8.17,2.2219458,6258
8.17,-0.26764488,6258
8.15,-0.43296432,6258
8.15,-0.26834166,6258
8.15,-0.18408206,6258
8.15,2.1110249,6258
8.15,2.5248973,6258
8.15,-0.3913266,6258
8.14,1.0843277,6258
8.14,0.8728587,6258
8.1,0.2552287,6258
8.1,1.1595954,6258
8.1,-1.7249607,6258
8.1,0.6256001,6258
8.07,1.5503075,6258
8.07,-0.43296432,6258
8.07,2.2219458,6258
8.07,-0.63631594,6258
8.07,1.0442119,6258
8.07,-0.978105,6258
8.07,1.1595954,6258
8.06,0.6335159,6258
8.05,0.31400895,6258
8.05,-0.45162123,6258
8.05,1.0364466,6258
8.05,1.0442119,6258
8.02,0.31400895,6258
8.01,-1.4652803,6258
8.01,-0.6757593,6258
8.0,-1.5367644,6258
8.0,2.133361,6258
8.0,-1.4642999,6258
8.0,1.1419922,6258
7.99,-0.12288898,6258
7.99,1.4840835,6258
7.99,-1.5709366,6258
7.98,-0.6314718,6258
7.98,1.5883802,6258
7.97,-1.6427948,6258
7.97,-0.6979602,6258
7.97,2.261007,6258
7.97,-2.3831732,6258
7.96,1.0843277,6258
7.96,0.25774547,6258
7.96,-0.55966413,6258
7.96,1.4331626,6258
7.95,-0.16990015,6258
7.95,0.037040018,6258
7.95,-0.049947333,6258
7.94,0.17506728,6258
7.94,-0.4832106,6258
7.94,-3.5267406,6258
7.94,-0.18408206,6258
7.93,-0.5843171,6258
7.93,-0.88012606,6258
7.93,-0.42032886,6258
7.92,-1.5367644,6258
7.92,-0.85975116,6258
7.92,0.78831524,6258
7.91,-1.6427948,6258
7.91,-1.736549,6258
7.9,-0.48677292,6258
7.9,-1.5709366,6258
7.9,-0.12430033,6258
7.89,-0.031135295,6258
7.89,-0.6979602,6258
7.88,-1.6799681,6258
7.87,-2.5233595,6258
7.84,-0.614035,6258
7.84,-1.2873747,6258
7.83,-0.8289563,6258
7.79,-0.9204765,6258
7.79,1.9377121,6258
7.78,-0.9204765,6258
7.75,-1.4367119,6258
7.75,3.132932,6258
7.74,0.7811293,6258
7.74,-2.697455,6258
7.73,0.34007114,6258
7.72,1.4407837,6258
7.7,1.4004127,6258
7.7,-1.9195011,6258
7.65,0.7811293,6258
7.65,-2.3831732,6258
7.64,4.123386,6258
7.63,-1.2586199,6258
7.62,-1.7830604,6258
7.62,0.64183074,6258
7.62,-1.2586199,6258
7.62,2.0175638,6258
7.58,4.123386,6258
7.52,-1.3821898,6258
7.51,2.9419472,6258
7.5,-2.4248586,6258
7.49,-2.697455,6258
7.47,-0.4871943,6258
7.47,4.4795065,6258
7.42,2.6424801,6258
6.82,-1.3734231,2551
5.82,4.117551,2551
5.39,-1.5431142,2551
5.16,-0.8176564,2551
9.3,6.179379,8225
8.96,7.7070346,8225
8.96,2.031413,8225
8.92,7.99758,8225
8.89,6.012295,8225
8.8,-0.43486544,8225
8.66,7.9429936,8225
8.52,5.828609,8225
8.44,0.20624077,8225
8.28,3.6467373,8225
8.24,4.173896,8225
8.19,3.9334512,8225
8.17,4.4103103,8225
8.12,5.717178,8225
8.09,2.2182643,8225
7.95,0.060550354,8225
7.89,7.541931,8225
7.58,0.52157104,8225
5.77,-0.624833,3321
7.72,1.0604206,493
7.68,1.8397754,493
7.64,1.0272666,493
7.64,2.0450637,493
7.52,-0.038526267,493
7.48,0.2409141,493
7.42,-1.0308193,493
7.42,0.08863587,493
7.4,-2.9248197,493
7.36,-0.6452066,493
7.35,-0.6942744,493
6.96,-5.696925,493
7.18,-1.7365571,5872
6.29,0.6290596,5321
8.0,-2.7860863,9700
8.0,-4.279634,9700
8.0,0.8509468,9700
7.96,-2.524568,9700
7.89,-3.6094668,9700
7.85,-1.7311846,9700
7.77,-1.9609653,9700
7.75,-1.000317,9700
7.58,1.1119442,9700
7.55,-0.9362524,9700
7.51,-0.54318774,9700
7.31,-0.08968298,9700
7.31,0.107209854,9700
7.25,-3.3989627,9700
7.24,0.65681463,9700
7.21,2.1740973,9700
7.11,0.47308105,9700
7.1,-1.8092148,9700
7.03,-1.9952253,9700
6.98,-2.128933,9700
6.97,-1.3430634,9700
6.94,0.15646282,9700
6.89,-2.8686895,9700
6.87,-3.788605,9700
6.72,1.295716,9700
6.58,-3.1654665,9700
6.41,0.47606957,9700
6.37,-2.4940765,9700
6.33,-3.7723067,9700
6.28,-2.1953871,9700
6.2,-3.9742906,9700
6.15,1.014098,9700
5.52,0.7645744,9700
5.46,0.7645744,9700
9.0,4.298299,3075
5.43,0.5436344,4643
5.05,-4.6055574,4643
8.68,4.056597,9526
8.32,2.6503634,9526
8.26,2.7010062,9526
8.24,3.6201432,9526
8.15,3.807702,9526
8.01,5.898505,9526
7.92,-1.9307023,9526
7.85,4.645831,9526
7.81,1.7667618,9526
7.68,0.7118242,9526
7.62,1.0787984,9526
7.6,5.238244,9526
7.39,6.4705443,9526
7.05,5.069709,9526
6.94,2.8783796,9526
6.92,0.7083384,9526
6.24,1.6518519,9526
6.02,2.0966065,9526
5.88,1.3068321,9526
4.49,-5.998422,1658
4.47,-2.0971296,1658
4.38,-4.5374045,1658
4.37,-3.5372403,1658
4.3,-4.8631434,1658
4.21,-4.981929,1658
4.18,0.018698946,1658
4.14,-2.8636992,1658
4.09,-8.4692545,1658
4.08,-8.488547,1658
4.05,-5.2888083,1658
9.15,-1.3041852,4787
7.06,-0.7438383,4787
6.74,-3.3694975,4787
6.74,-1.4768792,4787
6.27,-1.5442799,4787
5.66,-0.86247194,4787
5.62,0.8766588,4787
5.33,-1.8167481,4787
5.91,-1.7521318,17283
5.79,-1.7521318,17283
5.66,-2.7944124,17283
5.14,-4.010662,17283
5.13,-4.010662,17283
6.04,-0.36869612,519
5.36,0.13076505,17107
7.75,3.9916995,12909
7.55,-1.2481283,12909
7.43,0.8865923,12909
7.55,-3.1353528,6572
8.0,1.2612822,7652
8.52,4.849099,2522
8.15,4.4821534,2522
8.05,3.1779437,2522
7.66,0.61460066,2522
7.62,4.091123,2522
7.52,-1.3659446,2522
7.26,1.3602405,2522
7.13,-0.036317874,2522
7.1,1.7618216,2522
7.07,-0.70279473,2522
7.03,2.4574723,2522
7.01,0.9892095,2522
6.72,1.9971107,2522
6.19,-1.7232251,2522
7.51,-2.8346233,1506
8.0,-0.06427564,9047
6.5,6.7694635,5730
5.15,1.9648744,15257
7.92,-1.0772171,13427
7.77,-0.31131998,16222
7.68,0.6522136,16222
7.68,0.04105989,16222
7.58,0.20389766,16222
7.5,-0.99346346,16222
7.5,1.091776,16222
7.42,-1.5575669,16222
7.25,-3.5138245,16222
7.14,-0.10617262,16222
7.13,-0.30775458,16222
7.11,-1.317034,16222
6.96,-1.2343527,16222
6.92,0.46417338,16222
6.92,-0.82389385,16222
6.92,1.51005,16222
6.89,0.5302023,16222
6.82,0.48719472,16222
6.8,1.8503226,16222
6.68,-4.3327603,16222
6.68,-0.36196256,16222
6.66,1.7043706,16222
6.66,0.46645302,16222
6.64,0.77611977,16222
6.62,1.3772808,16222
6.62,2.3279989,16222
6.58,-2.3829322,16222
6.52,0.67902,16222
6.52,-4.0052032,16222
6.51,0.22277936,16222
6.48,-4.495802,16222
6.48,-0.9463164,16222
6.47,1.303416,16222
6.43,-2.2218585,16222
6.37,0.90704197,16222
6.36,0.56183285,16222
6.35,-0.11603256,16222
6.35,0.33402267,16222
6.33,-0.16187146,16222
6.32,0.21810386,16222
6.3,-0.4554922,16222
6.22,0.4795155,16222
6.21,-1.8913946,16222
6.21,0.75841105,16222
6.15,-0.33172846,16222
6.1,-1.5955423,16222
6.1,0.39146203,16222
6.01,1.8343023,16222
6.01,-3.2820146,16222
5.96,1.3891488,16222
5.92,0.44371504,16222
5.89,0.26185557,16222
5.89,-0.15633515,16222
5.8,-0.3005128,16222
5.66,-2.4961228,16222
5.64,-1.6512814,16222
5.62,-1.3176614,16222
5.62,3.2209,16222
5.55,-0.9104021,16222
5.55,-0.3549034,16222
5.5,-1.7754893,16222
5.42,-0.7173517,16222
5.4,0.51408976,16222
5.38,-0.42940944,16222
5.34,-3.042062,16222
5.33,0.2906747,16222
5.28,1.6948509,16222
5.28,1.9856478,16222
5.24,-4.4544578,16222
5.16,1.9421147,16222
5.15,1.0956248,16222
5.0,-2.6110287,16222
5.0,2.4628265,16222
4.72,0.30546457,16222
4.64,-1.4901067,16222
4.62,-4.630307,16222
4.62,0.97919554,16222
4.57,0.13972759,16222
4.36,-2.7613592,16222
4.36,-0.052429795,16222
4.85,-1.0375491,16194
7.47,4.6926384,4904
7.39,1.8182981,13188
5.32,5.7039785,12748
4.58,0.8574539,12748
7.11,2.0679247,845
6.74,1.3047636,845
6.68,0.77427876,845
6.6,1.3047636,845
6.59,0.02674162,845
6.58,0.02674162,845
6.52,1.2727824,845
6.5,1.873887,845
6.42,1.496401,845
6.4,1.7439067,845
6.38,1.873887,845
6.36,3.2117891,845
6.15,1.496401,845
6.1,1.8534287,845
6.05,0.77427876,845
6.04,-0.4658311,845
5.88,1.2727824,845
5.86,-0.4658311,845
5.76,-3.8751814,845
8.59,0.43450058,97
8.28,-1.301138,97
8.0,-2.2934394,97
8.0,-1.1795869,97
7.82,-0.97887766,97
7.62,2.2431576,97
7.27,-0.2806658,97
7.12,0.9581135,97
6.75,3.5884252,97
6.29,-1.9688362,97
5.19,-6.377114,97
7.66,4.333886,1364
6.3,-1.6061481,11542
5.85,0.7986366,11542
8.4,3.6174712,6891
6.29,-3.2741823,6891
6.23,-0.6740446,6891
6.14,-1.9376777,6891
6.02,-0.37813348,6891
8.52,-1.2184017,2143
8.15,2.7637904,2143
8.1,1.2908791,2143
8.05,2.0368893,2143
8.0,-5.3729954,2143
8.0,3.6248913,2143
8.0,2.5987928,2143
8.0,-0.18385193,2143
7.96,0.68245655,2143
7.89,-3.4295866,2143
7.82,-1.613132,2143
7.66,-2.8054461,2143
7.46,-3.0949833,2143
7.46,-3.5033898,2143
7.4,1.0971178,2143
7.33,-0.7296322,2143
7.31,1.0613083,2143
7.28,2.555845,2143
7.26,1.1472119,2143
7.22,-4.4393783,2143
7.05,-0.65392846,2143
7.05,0.9616235,2143
7.04,-0.40776902,2143
6.85,-2.08562,2143
6.68,2.7333202,2143
6.57,0.16624165,2143
6.35,-0.40479806,2143
5.9,1.4000912,2143
8.48,-0.4757819,430
8.0,3.2434313,15676
7.7,4.3336368,15676
7.52,4.81213,15676
7.52,3.2279828,15676
7.4,4.3429275,15676
7.3,1.8875028,15676
7.22,4.105885,15676
7.22,-1.2902223,15676
7.16,3.922693,15676
7.16,4.392029,15676
7.16,3.3352625,15676
7.16,3.178973,15676
7.16,4.6603503,15676
7.16,0.90770245,15676
6.82,1.4298167,15676
6.7,4.8800316,15676
6.7,2.019725,15676
6.66,3.8678744,15676
6.64,2.201249,15676
6.64,2.6653626,15676
6.62,2.7123685,15676
6.52,0.0054186545,15676
6.52,1.365124,15676
6.52,3.2026625,15676
6.52,4.217897,15676
6.52,4.343733,15676
6.4,4.420489,15676
6.4,3.4089444,15676
6.4,3.7649395,15676
6.3,0.859286,15676
6.3,4.1552215,15676
6.22,4.0505953,15676
6.16,4.218505,15676
6.16,3.4899158,15676
6.1,4.4372783,15676
6.0,0.94025654,15676
6.0,-1.7323408,15676
5.96,4.329147,15676
5.92,1.1725799,15676
5.68,-0.224302,15676
5.64,-1.5807514,15676
5.58,1.2863101,15676
5.48,-0.06541334,15676
5.0,0.9457404,15676
7.36,3.8532336,2077
6.0,3.5267327,2891
4.6,-3.9894736,2891
8.38,3.9723208,14838
8.08,4.8779635,14838
7.77,3.313141,14838
7.52,3.3603904,14838
7.34,4.549926,14838
7.31,4.12717,14838
7.28,1.7520652,14838
7.09,2.9904063,14838
7.01,3.4116232,14838
6.72,4.0540104,14838
6.66,3.705846,14838
6.62,3.9568937,14838
6.55,3.754418,14838
6.28,3.8800366,14838
6.2,2.937843,14838
6.1,3.8518646,14838
6.1,2.714875,14838
6.02,4.9444327,14838
6.01,3.8312633,14838
5.85,2.3884783,14838
5.71,2.678302,14838
5.6,2.0605855,14838
5.55,4.599481,14838
5.52,3.2509005,14838
5.51,4.1046333,14838
5.43,0.71360254,14838
5.39,1.0380613,14838
5.39,-1.4386151,14838
5.38,1.7439727,14838
5.37,-2.9989743,14838
7.11,-0.5128897,6686
9.05,0.08907108,5371
9.28,2.8920417,7684
9.24,0.8683555,7684
9.14,1.612659,7684
8.8,5.6183734,7684
8.72,5.6183734,7684
6.03,0.3224825,15065
6.4,2.4070885,3466
6.3,2.7084463,3466
6.3,1.6161596,3466
6.3,2.6375673,3466
6.3,-0.56556845,3466
6.1,1.5330327,3466
6.0,1.2103717,3466
5.8,-0.56556845,3466
5.8,1.5725389,3466
5.8,1.2672818,3466
5.7,0.8425236,3466
5.7,2.4070885,3466
5.6,0.1537168,3466
5.5,-3.6588795,3466
4.9,-4.667546,3466
5.98,2.7585032,11848
5.65,3.3042474,11848
5.35,1.8372009,11848
5.17,1.2684065,11848
7.45,-2.1189919,13971
7.24,1.6154089,13971
7.09,-4.4739995,13971
6.86,1.1918653,13971
6.75,-0.8710581,13971
6.57,-3.2761283,13971
6.36,-0.022036362,13971
6.33,-3.1840892,13971
6.05,-1.7161161,13971
5.66,-1.5777433,13971
8.82,1.8121077,12885
8.6,1.1113524,12885
8.54,-0.34528294,12885
8.49,0.75133944,12885
8.47,0.67803884,12885
8.28,-0.7101447,12885
8.18,0.67803884,12885
8.05,1.1113524,12885
7.8,0.026582673,12885
7.73,-3.2149837,12885
7.71,-1.8362945,12885
7.59,0.16102526,12885
7.57,-1.8362945,12885
7.29,-3.9112608,12885
6.67,-5.8368936,12885
6.2,-4.7245326,12885
7.38,-7.9542503,10401
7.3,-2.8916545,10401
7.19,-5.8207836,10401
7.1,-3.6975217,10401
7.05,-2.124482,10401
7.04,-3.3650758,10401
7.03,-3.330969,10401
6.98,-1.7039458,10401
6.95,-2.4410937,10401
6.69,-2.0897799,10401
7.97,1.8612454,14588
6.28,-3.1007435,14588
6.22,0.22384217,701
5.92,-0.10420766,701
5.54,5.6386137,701
4.33,1.5931388,701
7.19,1.8046273,13265
4.82,-0.14116937,616
4.5,-0.6593287,616
4.34,-1.5298465,616
4.8,-1.6663138,15840
5.92,-4.6168222,16434
5.52,1.9776677,4149
9.14,-1.0189388,8013
9.12,0.8676437,8013
9.02,-0.47900718,8013
8.92,-1.8736256,8013
8.9,0.28983945,8013
8.89,-1.8736256,8013
8.88,-1.155686,8013
8.87,-0.7707461,8013
8.85,-1.5612978,8013
8.84,-2.8631215,8013
8.82,-3.3914428,8013
8.8,0.9281415,8013
8.79,-4.2282887,8013
8.79,0.14740983,8013
8.79,-1.9305817,8013
8.78,-2.1155548,8013
8.77,-0.5807896,8013
8.76,-1.139327,8013
8.74,-1.5246094,8013
8.73,0.1277234,8013
8.72,-0.64120656,8013
8.7,0.5076329,8013
8.7,-0.4793785,8013
8.69,-2.2131128,8013
8.68,-0.1817545,8013
8.68,0.068871535,8013
8.67,-1.1702054,8013
8.66,-0.64120656,8013
8.66,-4.1483107,8013
8.66,-1.1497365,8013
8.66,-1.2002162,8013
8.66,0.12483857,8013
8.66,-0.37677497,8013
8.65,-1.1716154,8013
8.64,-1.2519231,8013
8.64,-3.1054869,8013
8.64,-1.8967547,8013
8.64,-2.555213,8013
8.63,-1.8867989,8013
8.62,-3.7465966,8013
8.62,-0.4749712,8013
8.6,0.16857141,8013
8.6,-2.8736088,8013
8.59,-4.400749,8013
8.59,-0.44420633,8013
8.58,-3.3506484,8013
8.58,-0.45477557,8013
8.57,0.6155441,8013
8.57,-1.0951868,8013
8.56,-0.21781468,8013
8.55,0.7890158,8013
8.55,-0.3682283,8013
8.55,-0.030666683,8013
8.55,0.7558991,8013
8.55,-0.08290417,8013
8.54,-1.2183262,8013
8.54,-1.4514344,8013
8.54,-0.5882682,8013
8.54,-0.6710474,8013
8.54,-2.8736088,8013
8.54,-0.88246214,8013
8.54,-0.99982256,8013
8.54,-3.4871843,8013
8.54,0.04305432,8013
8.53,-2.801135,8013
8.53,-3.0171962,8013
8.52,0.13999411,8013
8.52,0.05740671,8013
8.51,-1.2590941,8013
8.51,-0.46003383,8013
8.5,-2.2395692,8013
8.49,-2.0849776,8013
8.48,0.7259489,8013
8.46,0.06505581,8013
8.44,-1.3596128,8013
8.44,-0.23958668,8013
8.44,-0.71116453,8013
8.43,-0.07620796,8013
8.43,0.1001355,8013
8.42,-1.2616532,8013
8.4,-1.761124,8013
8.4,-0.44420633,8013
8.39,-0.99915534,8013
8.39,0.8519564,8013
8.38,-1.8380287,8013
8.38,-2.128497,8013
8.38,-1.7302347,8013
8.38,-0.54454345,8013
8.37,-1.580168,8013
8.37,-2.3841124,8013
8.36,-0.62100744,8013
8.36,-2.0906038,8013
8.36,-0.95495075,8013
8.35,-0.2817554,8013
8.35,-2.9600742,8013
8.34,0.4826451,8013
8.34,-1.642227,8013
8.32,-1.44219,8013
8.32,-1.4197942,8013
8.31,-0.8123244,8013
8.3,-0.5882682,8013
8.29,0.11669118,8013
8.29,-1.8193218,8013
8.28,-1.4197942,8013
8.28,-1.3588824,8013
8.28,-0.50856805,8013
8.27,-0.8161554,8013
8.27,-0.19375551,8013
8.27,-1.716636,8013
8.27,-1.6067613,8013
8.26,-2.3381596,8013
8.26,0.1170036,8013
8.26,-4.415145,8013
8.25,-0.6285772,8013
8.25,-0.6621408,8013
8.25,-1.361158,8013
8.25,-0.17928964,8013
8.24,-0.16548294,8013
8.23,-1.3103983,8013
8.23,-1.2162697,8013
8.22,-2.725253,8013
8.22,-0.61533576,8013
8.22,-1.3596128,8013
8.22,-0.5994595,8013
8.22,-0.2910688,8013
8.21,-2.1471667,8013
8.21,-3.815297,8013
8.21,-1.5001965,8013
8.21,-3.0192633,8013
8.21,-0.26605532,8013
8.2,-1.1105621,8013
8.2,-4.3422747,8013
8.2,-0.91830206,8013
8.19,-0.03647861,8013
8.18,1.1451435,8013
8.18,0.47139668,8013
8.18,-1.1525062,8013
8.16,-2.6396616,8013
8.16,-1.3748715,8013
8.15,-2.7591703,8013
8.15,-0.71991605,8013
8.15,-1.4720626,8013
8.14,-1.2283354,8013
8.14,-2.5104191,8013
8.14,-1.2870044,8013
8.13,-2.1271455,8013
8.13,-1.5450784,8013
8.13,-1.8729768,8013
8.12,-0.849211,8013
8.12,-0.72295034,8013
8.12,-1.1155939,8013
8.12,-1.2318058,8013
8.11,-1.8133641,8013
8.11,-0.79051775,8013
8.1,0.2473157,8013
8.1,-0.5421397,8013
8.1,0.17548609,8013
8.1,-1.1479158,8013
8.1,-2.5546732,8013
8.1,-1.026799,8013
8.09,-1.243935,8013
8.09,-3.1677709,8013
8.08,0.01399155,8013
8.08,-1.3605571,8013
8.07,0.3038276,8013
8.07,-0.43950787,8013
8.07,-0.441529,8013
8.06,-1.8786609,8013
8.06,-0.25223905,8013
8.06,-2.1271455,8013
8.06,-1.1525062,8013
8.06,-1.506926,8013
8.05,-3.3442922,8013
8.04,-1.3395953,8013
8.03,-0.8611504,8013
8.02,-1.8786609,8013
8.01,-0.35428178,8013
8.01,-0.99985397,8013
8.0,-0.09623452,8013
8.0,-1.0212023,8013
7.99,-1.6093957,8013
7.99,-3.4871843,8013
7.98,-1.2283354,8013
7.98,0.6093747,8013
7.98,-0.27154508,8013
7.97,-3.4785335,8013
7.96,-0.15882543,8013
7.96,-3.2749572,8013
7.96,-1.0475707,8013
7.96,-1.185675,8013
7.96,1.2559623,8013
7.95,-0.7865421,8013
7.95,-1.3273869,8013
7.95,-1.7002044,8013
7.94,-3.3134143,8013
7.93,-2.1888585,8013
7.93,-0.66721606,8013
7.91,-1.7505952,8013
7.9,-1.4663494,8013
7.9,-1.7035228,8013
7.9,-0.42470923,8013
7.9,0.70331067,8013
7.89,-0.651512,8013
7.88,-1.4864995,8013
7.87,0.74225765,8013
7.87,-1.5967011,8013
7.86,-2.9248824,8013
7.85,0.61574244,8013
7.84,-0.33621404,8013
7.84,-0.5973759,8013
7.83,-0.35030913,8013
7.83,-2.9874108,8013
7.82,-0.022213701,8013
7.82,-3.1988337,8013
7.82,-0.6390421,8013
7.81,-1.9422576,8013
7.81,-2.3768208,8013
7.8,-1.5247234,8013
7.79,-1.2391294,8013
7.79,-2.0477803,8013
7.78,0.029947527,8013
7.78,-2.0375655,8013
7.77,-0.31646743,8013
7.76,-0.6209437,8013
7.75,-2.779259,8013
7.75,-0.34651643,8013
7.75,1.0447683,8013
7.74,-1.665924,8013
7.74,-0.02303332,8013
7.74,-2.486972,8013
7.74,-1.9026507,8013
7.72,-3.9390864,8013
7.72,-1.8865734,8013
7.7,-0.12642777,8013
7.7,-0.61533576,8013
7.7,-0.3960811,8013
7.7,-1.3281012,8013
7.69,0.4978639,8013
7.69,-1.9642838,8013
7.67,-0.6756447,8013
7.65,-3.301088,8013
7.65,-1.5978955,8013
7.63,0.46265215,8013
7.62,-4.0628505,8013
7.61,-0.90397906,8013
7.61,-2.1142797,8013
7.59,-1.827611,8013
7.58,-3.4921243,8013
7.58,0.4978639,8013
7.58,-0.64192194,8013
7.58,-0.3010872,8013
7.57,-2.2708623,8013
7.57,-2.82723,8013
7.55,-1.8236288,8013
7.54,-0.122495614,8013
7.54,-0.72334117,8013
7.54,-1.18121,8013
7.53,-1.6653478,8013
7.52,-0.4149605,8013
7.52,0.25112906,8013
7.52,-3.115701,8013
7.51,-3.2318497,8013
7.49,-2.7645752,8013
7.49,-2.6655438,8013
7.48,-1.747653,8013
7.46,-3.1256568,8013
7.45,0.7558991,8013
7.45,-1.1685548,8013
7.44,-1.5704458,8013
7.44,-4.144136,8013
7.44,0.7432935,8013
7.43,-1.0217019,8013
7.43,-1.0217019,8013
7.43,-1.4914448,8013
7.42,0.44458896,8013
7.42,-3.363683,8013
7.41,0.9578867,8013
7.41,-0.5807896,8013
7.4,1.057952,8013
7.39,-3.9048817,8013
7.39,-0.12512338,8013
7.38,0.6093747,8013
7.37,-0.9060598,8013
7.37,0.15380567,8013
7.34,-3.6496603,8013
7.32,-1.6656767,8013
7.31,-4.843818,8013
7.3,-2.1388402,8013
7.29,-1.4329295,8013
7.27,0.74571484,8013
7.25,-3.4230778,8013
7.25,-0.6386347,8013
7.25,-0.45294467,8013
7.24,-1.4465872,8013
7.24,-1.964483,8013
7.23,-1.5918765,8013
7.22,0.08998936,8013
7.21,-0.8161554,8013
7.21,-1.1956302,8013
7.2,-0.927236,8013
7.2,-2.768649,8013
7.19,0.006049864,8013
7.19,1.0523237,8013
7.19,-1.2642369,8013
7.18,-1.5409008,8013
7.17,-2.9785717,8013
7.17,0.7313488,8013
7.17,-0.11434244,8013
7.16,0.022752464,8013
7.16,-1.2931267,8013
7.15,0.3978361,8013
7.14,-4.0443473,8013
7.13,-2.3879402,8013
7.13,0.2553653,8013
7.12,-0.1930987,8013
7.11,-1.2953256,8013
7.11,-0.954138,8013
7.11,-0.122495614,8013
7.09,-4.220304,8013
7.06,0.5223897,8013
7.01,-0.8996253,8013
7.01,-1.1650963,8013
7.01,-3.851984,8013
7.0,-0.9060598,8013
7.0,-0.4430896,8013
6.97,-1.0938698,8013
6.92,-1.1927097,8013
6.89,-3.1791518,8013
6.88,-0.526442,8013
6.87,-6.4301233,8013
6.87,-1.8781126,8013
6.86,-0.69555986,8013
6.84,-0.117640026,8013
6.83,-0.61227655,8013
6.82,-4.2069893,8013
6.81,-3.4655309,8013
6.81,-2.6729772,8013
6.81,-3.6885557,8013
6.8,-1.4107552,8013
6.76,-0.4143344,8013
6.75,-0.60469353,8013
6.75,-2.7918649,8013
6.71,-2.0004613,8013
6.62,-0.60300046,8013
6.6,-4.155628,8013
6.57,-4.0547595,8013
6.57,-3.9635108,8013
6.47,-3.6903923,8013
6.46,-0.024664767,8013
6.4,-2.0730689,8013
6.34,0.25945204,8013
6.22,-4.213173,8013
6.07,-2.7205644,8013
6.04,-3.4919827,8013
8.1,-0.8024929,3925
7.54,2.5641067,3925
7.47,2.8300245,3925
7.4,3.3198488,3925
7.32,-0.66770273,3925
6.75,2.6673315,3925
6.69,4.769889,3925
6.66,-2.2649868,3925
6.59,4.74346,3925
6.45,1.7760339,3925
6.41,-0.8660524,3925
6.36,-0.1470271,3925
6.34,-2.5816019,3925
6.23,-1.9227238,3925
6.09,-0.30004644,3925
5.52,-0.8514202,3925
5.36,3.8878427,3925
5.1,-2.421402,3925
6.7,1.143896,16530
6.52,-1.3305947,16530
6.4,-0.78428483,16530
6.22,-2.2681518,16530
6.16,-2.0567453,16530
6.16,0.11578319,16530
6.05,-0.88004404,16530
6.0,-0.71740043,16530
6.0,-3.5352209,16530
5.35,-0.19747853,16530
4.55,-2.7376325,16530
8.09,-5.1288357,6960
7.98,-4.277292,6960
7.12,-5.8371916,6960
7.05,-6.175587,6960
6.96,-5.5841413,6960
9.24,-1.3521335,4953
9.13,2.9246223,4953
8.96,-5.521635,4953
8.89,2.0912642,4953
8.8,-4.3203354,4953
5.89,-3.85834,6552
8.4,-1.3723524,16474
8.4,3.463826,16474
8.22,1.1965979,16474
7.89,-1.18274,16474
7.89,1.4915149,16474
7.82,1.8955882,16474
7.52,2.604439,16474
7.28,-3.8205137,16474
7.28,-0.061526485,16474
7.22,1.2192512,16474
7.05,3.721737,16474
6.89,-1.1853284,16474
6.82,6.013102,16474
6.52,-4.188488,16474
6.42,2.8876584,16474
6.0,-1.3714337,16474
5.77,-4.1238284,16474
5.54,-2.149916,16474
4.81,1.4858861,16474
4.7,-2.82935,16474
4.51,-2.4140613,16474
8.52,5.645525,3450
8.22,-0.71850747,3450
7.6,-0.78985566,3450
7.5,-2.113208,3450
7.11,5.017445,3450
5.38,-1.620353,2406
7.93,4.050892,14333
7.56,5.7580805,15005
7.7,-1.0520107,9718
6.89,-1.23077,15765
6.27,0.3489314,15765
6.0,2.2758462,15765
5.82,2.2758462,15765
5.8,-6.1839094,15765
5.75,2.2758462,15765
5.68,-6.1839094,15765
5.54,2.2758462,15765
8.89,1.4793628,14388
8.82,1.7055594,14388
8.44,-0.1748446,14388
8.42,-1.0025859,14388
8.41,-1.6567292,14388
8.23,2.475455,14388
8.17,-0.7709447,14388
8.02,-1.9750594,14388
7.96,-1.8337438,14388
7.94,1.9895519,14388
7.92,0.12360261,14388
7.77,-3.6050434,14388
7.7,1.3354445,14388
7.66,0.76939076,14388
7.64,0.18806344,14388
7.46,-0.38895723,14388
7.41,3.1382444,14388
7.39,-1.1987168,14388
7.32,0.4194035,14388
7.18,0.45019245,14388
6.82,-0.19061139,14388
6.8,-1.6246939,14388
6.24,-0.55561066,14388
6.17,-4.8813777,14388
5.92,-2.2960196,14388
5.8,-1.8427548,14388
5.77,0.7733379,14388
5.35,0.7375741,14388
4.8,-2.928543,14388
4.8,-1.0504925,14388
4.77,-4.5409107,14388
7.43,4.139159,174
4.12,-5.044264,17316
4.09,-0.26044416,17316
8.0,0.5692757,5732
7.85,1.6232519,5732
7.7,-2.4776485,5732
7.66,2.2685194,5732
7.48,1.9852346,5732
7.43,-0.331472,5732
7.36,1.5693489,5732
7.31,2.66544,5732
7.14,-1.4626269,5732
7.1,-1.7175975,5732
7.08,-1.6143025,5732
6.5,-0.88874876,5732
6.28,-0.8257118,5732
6.24,3.126759,5732
6.07,-2.8372521,5732
9.4,0.4779728,6546
9.3,-2.0262005,6546
9.05,-2.5144527,6546
9.05,-2.5144534,6546
9.0,-1.5706192,6546
8.7,-3.3307903,6546
8.52,-1.2270052,6546
8.52,-3.2503037,6546
8.4,-0.99597543,6546
8.4,-2.655688,6546
8.22,-2.6387472,6546
8.1,-3.1655324,6546
8.0,0.008110702,6546
8.0,-1.9579563,6546
7.3,-0.42605945,16880
7.3,0.38770178,16880
7.1,2.7709396,15225
6.6,2.2036376,15225
6.52,1.9725183,15225
6.48,3.1895993,15225
6.38,0.12840977,15225
6.36,-1.1592816,15225
6.35,0.026346914,15225
6.34,-0.67767054,15225
6.31,-0.74843585,15225
6.3,-2.1736312,15225
6.24,-3.790381,15225
6.22,3.2830486,15225
6.14,-1.9091637,15225
6.1,-0.61674017,15225
5.55,-4.0734153,15225
5.47,-0.5413896,15225
5.01,1.0729011,15225
4.88,-1.5150189,15225
4.84,-2.1035495,15225
8.64,1.7139503,9402
8.62,-0.32657295,9402
6.39,-1.0715431,9402
5.09,3.2669353,17397
8.04,4.9382644,467
7.75,0.5534655,467
7.52,4.875292,467
7.46,2.7336695,467
7.44,4.611136,467
7.42,0.06445078,467
7.42,3.8556185,467
7.37,0.1067471,467
7.37,4.411856,467
7.18,3.0507078,467
6.82,-0.81248385,467
6.67,0.68843985,467
6.65,5.9928093,467
6.63,-4.042426,467
6.47,-0.475403,467
6.36,1.0589186,467
6.31,4.821857,467
8.09,3.5793822,5395
7.1,1.351477,5395
6.8,1.6382343,5395
6.64,0.38877556,5395
6.62,-3.7404315,5395
6.55,-1.8291235,5395
6.55,0.17804539,5395
6.38,1.6962054,5395
6.34,1.1556045,5395
6.3,2.2595365,5395
6.29,1.2960612,5395
6.15,1.3543233,5395
5.39,-0.7670448,5395
5.3,-0.5596582,5395
8.0,-0.15612909,6054
8.0,-2.969887,6054
8.0,-0.7426442,6054
8.0,-0.6744836,6054
8.0,-1.1065383,6054
8.0,-2.4081838,6054
8.0,-2.9698868,6054
8.0,-4.7337384,6054
8.0,-2.0381002,6054
8.0,-3.817135,6054
8.0,-2.1925702,6054
8.0,-2.1313956,6054
6.38,5.3223963,1491
8.1,3.7309089,2608
5.37,-5.40131,2608
5.11,-3.81373,2608
4.09,-2.757337,2608
4.07,-0.8194886,2608
4.04,-1.2648426,2608
4.03,-4.057858,2608
9.0,5.751089,17352
8.52,0.44682336,17352
6.0,0.7890929,13925
5.12,-2.2811573,2802
4.66,4.5504823,10326
5.22,-3.0473094,15846
5.16,1.3404391,15846
5.16,3.5023599,15846
4.75,1.6897985,15846
4.72,0.5162746,15846
4.66,0.5003875,15846
4.52,-2.1908484,15846
4.4,0.5017668,15846
6.57,-1.4269695,4224
5.35,2.4069421,16363
4.7,4.8741226,16363
6.38,3.7254615,7318
9.05,-5.3521166,11615
6.85,0.63237214,16672
6.68,-5.918075,16672
6.3,-4.2331576,16672
9.05,3.6808066,347
8.66,5.5141144,347
8.15,0.85215545,347
7.82,1.2669971,347
7.14,-0.88896674,347
7.01,-0.8319061,347
5.82,-3.1584234,347
6.3,-3.3640652,8542
5.16,0.94089115,5841
7.2,0.025880456,13279
5.57,1.7398411,5602
5.37,-4.0060544,5602
5.01,0.7430087,5602
6.85,3.369879,2301
6.8,4.440016,2301
6.77,-0.5214761,2301
6.68,2.7325563,2301
6.66,1.6142277,2301
6.66,2.316703,2301
6.66,3.859356,2301
6.64,3.1841123,2301
6.57,1.8772763,2301
6.55,1.4462984,2301
6.52,2.056977,2301
6.46,1.5293026,2301
6.43,0.9275172,2301
6.37,-3.392995,2301
6.25,0.71284306,2301
6.19,0.12575394,2301
6.13,3.369879,2301
5.77,2.3353574,2301
5.72,3.1841123,2301
4.41,1.9753054,5227
4.24,-3.2609181,5227
4.16,0.44018087,5227
5.85,3.7277784,1748
7.16,-0.25869682,10795
7.2,-0.26347777,9363
7.05,-2.2224576,6336
6.85,5.00662,6336
6.72,5.3510633,6336
6.41,1.4113977,6336
6.05,-1.7417097,6336
6.03,5.8053975,6336
8.82,-2.627528,2753
8.7,3.8751335,2753
8.52,-2.6275287,2753
8.4,3.6813934,2753
8.4,0.97102594,2753
8.22,1.9981874,2753
8.0,0.5839752,2753
7.89,1.9393102,2753
7.8,0.97102594,2753
7.77,1.5999429,2753
7.77,1.7538573,2753
7.72,-0.89491975,2753
7.68,1.9393102,2753
7.6,3.2153375,2753
7.52,3.3281114,2753
7.4,3.28691,2753
7.1,-0.15086615,2753
7.06,1.6431311,2753
7.0,3.6813939,2753
6.82,0.5424621,2753
9.39,1.5551224,2366
8.8,2.5671935,2366
8.41,2.771295,2366
8.41,4.240523,2366
8.3,6.7150183,2366
8.28,0.28100693,2366
7.43,1.4411399,2366
6.82,1.8165884,11300
6.7,0.5340562,11300
4.6,-2.7027147,11300
9.0,4.3370066,15479
8.52,2.5260704,15479
8.4,3.0576065,15479
7.7,2.06311,15479
7.4,-2.2795646,15479
7.3,-2.809022,15479
7.24,0.09304215,12778
7.18,-0.3327807,12778
7.14,-0.9690665,12778
7.12,-7.4235673,12778
7.1,-1.5081526,12778
7.1,-1.7331159,12778
7.0,-4.478818,12778
6.96,-3.4175336,12778
6.94,-2.869836,12778
6.94,-6.8277946,12778
6.94,-4.7301416,12778
6.87,-0.969067,12778
6.87,-3.3261447,12778
6.86,-2.1737459,12778
6.83,-4.7301416,12778
6.8,-3.0122766,12778
6.74,-0.82606983,12778
6.74,-3.9215882,12778
6.73,-4.53355,12778
6.73,-0.33278096,12778
6.72,0.9852727,12778
6.69,-4.7301407,12778
6.66,-4.461677,12778
6.64,-5.4489803,12778
6.61,-3.9634774,12778
6.57,-1.5470318,12778
6.51,-4.1095595,12778
6.5,-6.5063853,12778
6.48,-0.36056703,12778
6.43,-2.730393,12778
6.37,-1.7124742,12778
6.34,-4.9824667,12778
6.29,-1.1901852,12778
6.28,-4.2150235,12778
6.17,-0.44919294,12778
6.16,-2.0593038,12778
6.14,-3.38854,12778
6.12,-4.2496896,12778
6.06,-2.337628,12778
6.05,-5.236482,12778
6.04,-3.0276296,12778
6.01,-1.7028282,12778
5.99,-2.6766555,12778
5.93,0.4017713,12778
5.92,-1.2168813,12778
5.91,-6.2568645,12778
5.87,-4.5568075,12778
5.86,-0.25312808,12778
5.8,0.3937497,12778
5.79,-2.4418406,12778
5.78,0.64771307,12778
5.58,-3.3947172,12778
5.55,-0.0020359084,12778
5.4,-3.9905128,12778
5.13,2.988135,12778
5.11,-1.8500644,12778
5.1,-2.2224817,12778
4.93,-2.7009532,12778
4.93,-3.2577314,12778
4.89,-0.14582181,12778
4.72,-4.8851085,12778
4.51,-2.9775276,12778
4.26,-1.2911842,12778
4.0,-2.2455451,12778
7.85,3.910621,7992
7.64,2.4693959,7992
7.51,0.8198487,7992
7.38,-1.2722703,7992
7.24,-1.5892799,7992
7.16,-0.38922548,7992
7.02,-2.2324743,7992
6.29,-5.8269477,7992
10.0,2.6424,8106
10.0,2.3878767,8106
9.7,3.1420398,8106
9.7,2.49147,8106
9.7,1.8734906,8106
9.7,3.0251405,8106
9.7,3.1064332,8106
9.52,3.127825,8106
9.52,3.0345988,8106
9.52,2.502855,8106
9.52,2.261177,8106
9.52,3.4149928,8106
9.52,2.923126,8106
9.52,3.2153149,8106
9.52,2.641287,8106
9.52,1.9299266,8106
9.52,2.8587637,8106
9.52,2.7953985,8106
9.4,2.708368,8106
9.4,3.0917315,8106
9.4,2.9352846,8106
9.4,2.5729945,8106
9.4,-1.2265549,8106
9.4,2.772106,8106
9.4,2.78376,8106
9.4,3.1420393,8106
9.3,3.1359293,8106
9.3,3.2359562,8106
9.3,2.4440224,8106
9.3,1.6602838,8106
9.3,2.7408676,8106
9.3,2.7741032,8106
9.3,-1.7708052,8106
9.22,2.7202613,8106
9.22,2.8766863,8106
9.22,2.5887275,8106
9.15,1.6446785,8106
9.15,1.5646311,8106
9.15,3.0192983,8106
9.15,1.5897499,8106
9.14,2.9070375,8106
9.13,1.3495497,8106
9.1,3.3653066,8106
9.1,3.130343,8106
9.1,3.3455753,8106
9.05,2.797935,8106
9.05,3.1836312,8106
9.05,3.885307,8106
9.05,2.911446,8106
9.0,0.3205375,8106
9.0,2.0322626,8106
9.0,2.9173036,8106
9.0,2.9159644,8106
9.0,3.0879703,8106
8.96,2.305886,8106
8.96,1.4968892,8106
8.96,3.009033,8106
8.92,2.7971275,8106
8.92,-0.5412629,8106
8.89,-1.0442325,8106
8.89,3.240244,8106
8.85,3.2801378,8106
8.85,2.2850797,8106
8.85,2.8884962,8106
8.85,1.9941238,8106
8.85,2.6906855,8106
8.85,3.0066872,8106
8.82,3.236616,8106
8.82,1.9434342,8106
8.82,2.9159644,8106
8.8,3.2024457,8106
8.8,3.3367686,8106
8.77,-0.6816385,8106
8.77,-0.31608945,8106
8.77,3.8622842,8106
8.77,1.8707036,8106
8.72,-1.6435137,8106
8.72,-1.3451568,8106
8.7,-0.0015447214,8106
8.7,-2.5398037,8106
8.68,2.772663,8106
8.64,0.24860495,8106
8.64,-2.5513825,8106
8.62,2.6498528,8106
8.6,3.102535,8106
8.6,3.5035472,8106
8.6,0.37720618,8106
8.6,3.1669204,8106
8.59,-2.1322577,8106
8.59,3.3645923,8106
8.59,-2.8628232,8106
8.59,-3.4668872,8106
8.59,-0.9286124,8106
8.57,2.455281,8106
8.55,-2.5408695,8106
8.55,-0.45327452,8106
8.54,1.6147902,8106
8.52,-0.6303761,8106
8.52,2.9133363,8106
8.51,-1.3689023,8106
8.51,-1.631771,8106
8.49,-0.41480187,8106
8.48,-0.0903838,8106
8.48,-2.0673804,8106
8.48,2.3827453,8106
8.46,-2.0696676,8106
8.44,0.03646007,8106
8.44,-1.7686471,8106
8.43,-0.09359201,8106
8.43,-3.022014,8106
8.42,-1.5712405,8106
8.42,-0.5043373,8106
8.41,-1.6857195,8106
8.4,-2.6425135,8106
8.39,-1.2547388,8106
8.39,-0.9851264,8106
8.39,0.35306874,8106
8.38,-3.5124776,8106
8.38,-0.43284363,8106
8.37,-2.3299434,8106
8.37,-2.651499,8106
8.36,-1.2258782,8106
8.35,-0.46604693,8106
8.35,1.2682791,8106
8.34,-1.2477045,8106
8.32,1.4675634,8106
8.32,-1.4735799,8106
8.29,-3.5514247,8106
8.28,-1.1516834,8106
8.28,-1.7968204,8106
8.27,-1.656052,8106
8.27,-2.1071427,8106
8.27,-2.2056458,8106
8.26,-1.4130557,8106
8.26,-2.452502,8106
8.26,-0.039028652,8106
8.25,-1.6705849,8106
8.25,-1.6665685,8106
8.25,-2.1826887,8106
8.24,-1.5655961,8106
8.24,-1.5093597,8106
8.24,0.74725777,8106
8.24,-1.3666532,8106
8.22,-1.7650877,8106
8.21,-2.5907774,8106
8.21,0.34014943,8106
8.2,-2.2903783,8106
8.2,-2.7052164,8106
8.19,-1.4460601,8106
8.19,-1.811487,8106
8.16,-1.1546597,8106
8.15,-1.183756,8106
8.15,-2.8575788,8106
8.15,-2.048417,8106
8.14,-1.701245,8106
8.14,-1.9078171,8106
8.14,-0.60140955,8106
8.13,-2.030808,8106
8.13,-0.1520246,8106
8.12,-0.06781812,8106
8.11,-2.105171,8106
8.11,-0.21138337,8106
8.11,-1.50925,8106
8.1,-2.4591074,8106
8.08,-1.3664664,8106
8.08,0.48979658,8106
8.07,-1.1166813,8106
8.05,-0.5792381,8106
8.03,-2.4932618,8106
8.02,-2.0358007,8106
8.0,-1.1520079,8106
8.0,-1.9874271,8106
7.99,-2.058716,8106
7.99,-2.5156295,8106
7.97,-0.82894653,8106
7.97,-2.066717,8106
7.93,-1.894138,8106
7.92,-1.6753422,8106
7.85,-1.9703426,8106
7.84,-2.2987435,8106
7.84,-2.9562335,8106
7.8,-2.4262702,8106
7.8,-1.4389755,8106
7.77,0.54554,8106
7.69,-2.7347682,8106
7.62,-1.3106538,8106
7.61,-2.739481,8106
7.61,-2.9589064,8106
7.61,-2.8806288,8106
7.55,-2.2161539,8106
7.52,-2.542098,8106
7.52,-1.0701118,8106
7.46,-2.7584925,8106
7.41,0.23244044,8106
7.39,-1.6161895,8106
7.29,-0.2657473,8106
7.27,-0.9862713,8106
7.01,-1.2849576,8106
6.36,-1.1097058,8106
6.06,1.8627242,8106
7.38,-0.7424609,1834
7.04,-0.17970529,1834
7.92,2.836633,1759
7.89,2.5037644,1759
7.82,2.6736114,1759
7.82,2.657465,1759
7.8,1.7122123,1759
7.77,2.1064901,1759
7.77,1.8948072,1759
7.77,2.735153,1759
7.75,2.5511022,1759
7.68,1.0390995,1759
7.66,0.62993014,1759
7.64,-1.6721551,1759
7.38,0.27514043,1759
7.26,-3.445069,1759
7.15,-1.5009954,1759
7.01,-1.072232,1759
6.96,1.6564385,1759
6.7,-2.8002992,1759
5.14,-2.1222723,1759
6.0,-5.5143447,14214
5.66,0.09699968,14570
5.19,2.8184173,624
4.66,-2.6356657,624
7.44,4.7646875,1227
7.07,-3.297084,1227
6.43,0.62743264,1227
5.56,0.99523836,1227
8.7,-1.4733188,13402
7.68,1.7542245,13402
7.62,0.5195774,13402
6.96,2.6700447,13402
6.89,0.12577417,13402
6.49,-1.8776431,13402
6.2,1.3226918,13402
6.02,-0.88072145,13402
6.57,1.57828,3678
6.55,1.5782802,3678
6.55,0.7994533,3678
6.52,0.50679034,3678
6.52,1.8705786,3678
6.52,0.3904607,3678
6.4,0.688901,3678
6.4,0.68889976,3678
6.4,2.8548658,3678
6.35,0.5067898,3678
6.32,-2.711974,3678
6.32,0.7994532,3678
6.31,0.39046085,3678
6.3,0.5809119,3678
6.11,-0.72557396,3678
6.1,1.1199185,3678
6.05,-0.7255738,3678
6.0,-0.94381434,3678
6.0,-2.2657254,3678
6.0,1.8490016,3678
5.96,-2.2657263,3678
5.96,1.849003,3678
5.92,0.7520835,3678
5.92,-0.03642635,3678
5.72,-0.2922902,3678
5.7,1.1799978,3678
5.7,0.7520835,3678
5.68,0.96777,3678
5.68,2.1902678,3678
5.6,-0.8932342,3678
5.55,1.379283,3678
5.52,1.03664,3678
5.5,1.3792828,3678
5.48,2.1902683,3678
5.47,-1.3641827,3678
5.42,-0.019940214,3678
5.41,-0.14539936,3678
5.4,0.8476881,3678
5.39,1.1199197,3678
5.28,1.1804882,3678
5.24,0.629645,3678
5.16,-0.28489366,3678
5.05,0.5910042,3678
4.8,-2.5460112,3678
4.93,0.14965564,3009
4.71,-0.76503956,3009
4.62,0.879093,3009
4.58,-1.1087459,3009
7.17,4.0856214,5323
5.25,0.73399794,1843
5.89,-3.5196087,1672
8.7,6.428668,1992
8.52,6.5449224,1992
8.52,5.9224195,1992
8.52,6.151483,1992
8.52,6.879422,1992
8.52,6.328089,1992
8.52,0.35979939,1992
8.52,4.5783777,1992
8.52,5.5056915,1992
8.52,5.581394,1992
8.4,4.8096547,1992
8.4,5.2022433,1992
8.4,5.084231,1992
8.3,6.294297,1992
8.3,0.82511157,1992
8.3,0.37536356,1992
8.3,5.7488575,1992
8.22,0.9562441,1992
8.22,5.3416533,1992
8.15,5.6950674,1992
8.15,5.4854608,1992
8.15,6.18597,1992
8.15,2.95523,1992
8.1,6.3778543,1992
8.05,2.5599809,1992
8.0,1.4200233,1992
7.96,5.645357,1992
7.89,5.238365,1992
7.68,4.312645,1992
7.1,-3.2306623,1992
6.7,-4.0080924,1992
6.17,3.3995745,1992
6.1,1.7236944,1992
8.44,3.1694658,16475
7.8,0.6309315,16475
7.62,0.39544386,16475
7.58,2.7591326,16475
7.1,-0.48237282,16475
7.0,3.3518937,16475
6.85,1.1382347,16475
6.8,-4.5475564,16475
6.77,1.2375638,16475
6.4,0.53694767,16475
6.25,0.08801898,16475
5.85,0.37502164,16475
5.77,-1.3399886,16475
5.62,0.14972863,16475
9.52,2.8372471,17518
9.4,1.9624759,17518
9.4,1.9191734,17518
9.4,3.049676,17518
9.3,3.9089189,17518
9.3,0.4549145,17518
9.3,5.4706326,17518
9.15,5.9356847,17518
9.15,3.9442246,17518
9.15,1.9438461,17518
9.1,5.546536,17518
9.1,6.384794,17518
9.1,6.0571957,17518
9.1,4.0307765,17518
8.92,5.4011497,17518
8.89,3.6126337,17518
8.89,3.823025,17518
8.85,6.816677,17518
8.77,5.951738,17518
8.66,4.8368583,17518
8.62,2.7709806,17518
8.49,4.2115684,17518
8.39,2.369964,17518
8.3,1.2006644,17518
8.28,4.7223864,17518
8.15,3.5574265,17518
7.82,1.8473483,17518
7.12,2.4702783,17518
6.42,-0.80608976,10481
7.16,-0.80759054,5447
9.29,-3.8837497,10641
7.95,1.905228,10641
8.05,-1.1429955,16680
7.7,1.4291236,16680
7.68,1.0357522,16680
7.6,-0.15184522,16680
7.54,-2.7011876,16680
7.5,0.91954464,16680
7.48,-0.50375694,16680
7.47,-5.217486,16680
7.46,-0.7670597,16680
7.46,-5.9954343,16680
7.43,-5.4955764,16680
7.34,0.53877544,16680
7.32,-4.0746794,16680
7.26,0.009002879,16680
7.12,-5.260079,16680
7.09,-2.0389721,16680
7.07,-4.2732396,16680
7.03,-0.9720921,16680
6.8,0.7157066,16680
6.73,-4.8663125,16680
6.69,-0.9647743,16680
6.56,-2.4839833,16680
6.52,-2.670233,16680
6.41,-1.2134374,16680
6.4,-4.8246036,16680
6.16,-0.11477952,16680
6.16,-2.6901143,16680
6.15,-3.0029895,16680
5.96,-4.112916,16680
5.72,-4.827399,16680
5.64,-5.443981,16680
5.58,-6.3380246,16680
4.81,-5.0684934,16680
4.74,-5.075565,16680
4.35,-2.5130234,16680
6.92,3.1026921,13048
6.02,2.4209273,13048
5.85,-4.773937,13048
6.22,-1.358833,17391
6.22,-3.1352484,17391
5.92,-2.3919344,17391
5.6,-3.7268739,17391
5.6,-5.6661777,17391
5.6,-2.8063436,17391
5.3,-3.9304657,17391
4.82,-2.8493934,17391
4.7,-3.2500784,17391
4.7,-3.705582,17391
4.7,-3.4715502,17391
4.52,-2.039141,17391
4.4,-3.3378458,17391
5.96,3.1924849,15523
7.1,2.8839552,234
4.64,0.12828556,2528
7.28,3.8067236,1365
5.55,-1.0410627,11377
9.0,1.1236153,17655
9.0,-1.1147709,17655
9.0,0.209811,17655
8.7,2.026057,17655
8.7,0.08297091,17655
8.7,0.14139888,17655
8.7,1.0266111,17655
8.7,-2.383367,17655
8.7,-0.5541171,17655
8.52,-1.2192954,17655
8.52,2.144729,17655
8.52,-1.3553852,17655
8.3,0.92716026,17655
8.1,0.7125459,17655
8.1,1.4889964,17655
7.22,-1.687303,17655
7.16,1.2633916,17655
6.8,0.8406999,17655
6.64,0.71817684,17655
6.57,-0.28472444,17655
6.46,-0.6964592,17655
6.43,-0.3238404,17655
6.1,-0.3867054,17655
5.96,-0.07585637,17655
5.77,0.49041623,17655
8.0,3.83939,857
7.82,4.396638,857
7.78,0.9569398,857
7.77,4.227737,857
7.68,3.9055054,857
7.54,0.051331677,857
7.52,-1.0194219,857
7.47,4.046091,857
7.39,-1.6236211,857
7.39,4.116863,857
7.39,1.9797875,857
7.26,1.4069378,857
7.23,-0.80184686,857
7.1,-1.1145178,857
7.08,1.0357097,857
7.07,0.022842932,857
6.86,-3.442671,857
6.72,-0.98679155,857
6.64,-3.414735,857
6.63,-1.5759525,857
6.59,1.4108733,857
6.57,-0.41231164,857
6.55,-2.7168834,857
6.54,-3.9296446,857
6.5,0.62141156,857
6.49,-1.2232519,857
6.4,0.8642017,857
6.36,-1.5437946,857
6.31,-0.80772704,857
6.31,1.2220079,857
6.3,-1.9505311,857
6.23,-0.97375596,857
6.15,-0.49431387,857
6.11,-3.496038,857
6.1,-5.690716,857
6.1,-1.7954775,857
6.05,-2.6104953,857
6.0,-2.2217703,857
6.0,2.221751,857
5.98,-3.178552,857
5.92,-3.741271,857
5.86,-4.305517,857
5.75,-3.1845105,857
5.71,1.4254471,857
5.39,-4.7066555,857
5.5,-7.102913,3210
7.36,-5.261941,13852
9.0,-0.15683752,5099
8.7,-1.3728487,5099
8.7,1.3251673,5099
8.3,1.7766215,5099
8.3,-1.0810556,5099
8.15,1.4408163,5099
8.1,1.5636263,5099
8.0,2.3823478,5099
7.7,0.89131427,5099
7.66,0.8913138,5099
7.54,2.8252814,5099
7.09,0.11463227,5099
6.57,-1.2627217,5099
6.48,-1.3133305,5099
6.16,1.6967177,5099
5.96,0.7233546,5099
7.65,2.9954572,11229
7.45,4.616509,11229
6.84,2.395762,11229
6.52,1.099182,11229
6.29,2.2609098,11229
6.2,1.6669039,11229
6.07,-0.30728462,11229
6.07,1.3213017,11229
6.07,0.8289823,11229
6.02,-0.1097781,11229
5.49,-0.52667266,11229
5.45,0.5713118,11229
5.45,-0.79915386,11229
5.33,-1.4316769,11229
5.27,-1.1485841,11229
5.02,-1.8622507,11229
4.63,-1.6677134,11229
7.92,-0.24876511,5428
7.75,-1.2010082,5428
7.6,-2.8395073,5428
7.6,0.023173884,5428
7.55,-0.44045016,5428
7.54,0.4879899,5428
7.46,0.4535147,5428
7.24,-1.0928954,5428
7.23,-0.103161305,5428
7.07,0.06335477,5428
7.05,-0.5210367,5428
7.03,-3.6926851,5428
7.01,-1.0161707,5428
6.96,0.5001279,5428
6.96,0.43586704,5428
6.96,-0.4938729,5428
6.89,-0.053234085,5428
6.89,-0.2487647,5428
6.85,-0.53887045,5428
6.82,-1.0549972,5428
6.8,-0.43304318,5428
6.77,0.29979864,5428
6.77,0.38514385,5428
6.75,-2.3360276,5428
6.7,-1.2329566,5428
6.66,0.555631,5428
6.64,-3.5882127,5428
6.55,-2.8188462,5428
6.54,-1.6518589,5428
6.52,-1.914317,5428
6.43,-4.756518,5428
6.43,-1.865633,5428
6.35,-0.117389,5428
6.29,-1.6016817,5428
6.09,-0.5500774,5428
6.01,-2.7621622,5428
6.32,3.6230824,17182
5.12,-5.6042223,17182
9.52,-0.26802608,3955
9.52,5.640057,3955
9.52,3.962301,3955
9.4,-0.1305862,3955
9.22,-1.1266749,3955
9.1,0.5201612,3955
9.1,4.9061456,3955
9.0,0.12808174,3955
8.96,1.911251,3955
8.74,-0.30036676,3955
8.74,0.06723363,3955
8.64,0.019101743,3955
8.54,-0.22710934,3955
8.52,0.88794357,3955
8.51,-0.73878235,3955
8.47,-1.0093843,3955
8.28,0.012669355,3955
8.0,-0.749609,3955
7.98,-1.610302,3955
7.97,6.33569,3955
6.06,0.17621955,9567
5.87,1.7254089,9567
4.94,-2.5972755,9567
8.52,-3.1774077,1473
6.44,-1.546203,1473
8.15,0.67826,17045
8.15,3.5510836,17045
9.46,5.0171633,14531
8.4,-5.791205,12725
6.48,-2.8563087,12725
6.4,-3.6683328,12725
6.38,-1.5482212,12725
6.06,-2.757722,12725
5.9,-2.9655588,12725
5.53,-5.981714,12725
5.32,-3.6539102,12725
5.22,-2.8563092,12725
5.07,-7.017984,12725
9.0,-0.5212975,13234
9.0,-4.870587,13234
8.7,0.7113549,13234
8.7,-1.3017218,13234
8.7,3.3813746,13234
8.52,0.7113554,13234
8.52,1.1159694,13234
8.52,0.9013205,13234
8.52,-1.0563145,13234
8.3,0.42149478,13234
8.22,-0.58409876,13234
8.0,1.1509073,13234
8.0,-0.9289873,13234
7.96,0.14116582,13234
7.96,-0.34143123,13234
7.96,0.7105879,13234
7.89,-0.043429755,13234
7.85,-4.247116,13234
7.77,-2.8947325,13234
7.75,-0.78662485,13234
7.72,-3.4680228,13234
7.72,-0.29627424,13234
7.7,-3.9369416,13234
7.57,-2.4449866,13234
7.46,0.22586083,13234
7.43,-0.60795224,13234
7.3,1.7220165,13234
7.28,0.7113552,13234
7.26,-5.428017,13234
7.02,0.7113554,13234
5.22,-3.6524627,13234
4.4,0.1817883,3776
7.0,0.58163565,14009
7.0,-2.6656966,14009
7.0,1.0357141,14009
7.0,1.172233,14009
7.0,-4.002733,14009
7.0,-2.3113651,14009
7.0,-0.059338197,14009
9.3,-0.40697476,8704
8.15,-0.7765897,8704
8.12,-0.7969662,8704
8.07,-1.3227074,8704
7.92,1.6673473,8704
7.8,-1.9562044,8704
7.75,3.8867047,8704
7.65,-3.921181,8704
7.63,-1.9562051,8704
7.6,-5.5564103,8704
7.59,-1.227406,8704
7.58,-2.6603968,8704
7.56,2.0754669,8704
7.54,-2.8726857,8704
7.54,-3.5448937,8704
7.53,-4.8602586,8704
7.45,-2.396216,8704
7.28,-7.833733,8704
7.14,-0.7758097,8704
6.84,0.13111305,8704
6.83,2.2848196,8704
6.82,1.9012121,8704
6.68,1.3354958,8704
6.67,3.8582306,8704
6.66,3.7985995,8704
6.65,2.6466892,8704
6.59,-2.8416538,8704
6.54,3.1813605,8704
6.53,4.376258,8704
6.52,3.893688,8704
6.44,2.2388856,8704
6.44,4.3373013,8704
6.44,-1.2356529,8704
6.44,3.964538,8704
6.43,5.1748877,8704
6.42,-0.9298856,8704
6.42,-0.90359104,8704
6.38,-0.08113868,8704
6.38,4.2928734,8704
6.38,-0.72592103,8704
6.33,3.9237332,8704
6.29,1.3224753,8704
6.22,3.3607538,8704
6.2,2.7881732,8704
6.15,2.9799654,8704
6.05,2.1015365,8704
6.05,-5.2852454,8704
5.96,2.0645182,8704
5.92,3.2340324,8704
5.89,1.3597375,8704
5.89,0.06565519,8704
5.8,2.5893865,8704
5.6,3.6336658,8704
5.47,4.274039,8704
8.47,2.067218,9087
8.31,-0.0781033,9087
8.15,0.47305757,9087
8.11,1.9278213,9087
8.09,2.3920953,9087
8.07,0.97184837,9087
7.99,2.647475,9087
7.95,0.44306546,9087
7.78,1.4877021,9087
7.76,0.32689577,9087
7.75,1.8736554,9087
7.73,0.97559077,9087
7.7,1.8109664,9087
7.66,1.8999393,9087
7.62,-5.2638435,9087
7.54,-0.107075475,9087
7.26,-1.4802948,9087
7.14,-2.1032207,9087
7.04,-4.1489434,9087
6.92,-0.53411394,9087
6.91,-4.2551084,9087
6.8,-4.233764,9087
6.8,-1.1303606,9087
6.72,-2.9896746,9087
6.72,-2.603669,9087
6.72,-1.3487434,9087
6.68,-2.2190843,9087
6.66,-3.460131,9087
6.62,-4.0550084,9087
6.51,-3.2075577,9087
6.45,-0.7900159,9087
6.42,-5.532618,9087
6.32,-1.1036657,9087
6.01,1.14668,9087
5.82,-2.5441754,9087
6.89,1.7447803,3563
5.47,-2.283512,3563
5.39,-5.064807,3563
4.82,3.3105884,15488
9.7,2.5432148,13119
7.58,-6.9922833,3784
8.15,0.27239016,3178
7.96,2.4464982,3178
7.7,1.5593745,3178
7.6,1.0233082,3178
7.55,1.2407174,3178
7.54,2.3438752,3178
7.41,-0.3229238,3178
7.35,-0.39884278,3178
7.21,2.35454,3178
7.18,2.271843,3178
7.11,0.76624,3178
7.02,0.61303777,3178
6.95,1.2871938,3178
6.93,-1.0954328,3178
6.79,1.1389965,3178
6.79,1.4201912,3178
6.78,0.2555974,3178
6.74,1.1773481,3178
6.7,-0.5694621,3178
6.43,0.11701708,3178
6.43,-0.361635,3178
6.42,0.067278445,3178
6.42,-0.8142119,3178
6.39,-1.2700953,3178
6.33,0.56780237,3178
6.28,0.5493211,3178
6.24,-5.0668373,3178
6.22,-2.128692,3178
6.21,-1.3077574,3178
6.17,-0.38310817,3178
6.16,1.3291792,3178
6.01,-1.418921,3178
5.75,0.5079605,3178
5.71,-0.604061,3178
5.71,-3.8531911,3178
5.64,-1.6766783,3178
5.59,-0.69267464,3178
5.36,0.15021911,3178
5.34,-4.786067,3178
5.31,-3.7424242,3178
4.98,-2.4934006,3178
4.68,-4.5454473,3178
4.62,-0.98147464,3178
4.61,-1.9485031,3178
4.61,-3.7563663,3178
8.3,-5.656745,513
7.89,3.4277837,513
7.7,-0.9558695,513
7.4,-1.6416751,513
7.4,-0.952306,513
7.3,-3.2009792,513
7.2,-0.15170655,513
7.2,5.4695134,513
6.9,5.1154013,513
6.8,-0.7015708,513
6.4,-0.18689778,513
5.5,-0.28833494,513
5.3,0.7660776,513
8.52,1.3639375,10465
8.3,2.808172,10465
5.66,-2.2939632,10465
6.41,-4.275641,11912
6.1,-0.7636084,6834
5.28,-2.4162288,6834
8.15,0.8452717,4658
8.1,2.3474648,4658
7.52,1.6872945,4658
7.43,-0.14201343,4658
7.14,0.06866894,4658
7.11,-0.10233622,4658
7.05,1.6218535,4658
6.89,0.4767033,4658
7.6,-3.0857582,9033
8.43,4.967668,14253
9.22,0.556599,10501
9.15,0.556599,10501
9.15,1.086157,10501
9.0,1.7982047,10501
9.0,0.91301525,10501
8.89,0.9918559,10501
8.89,0.551824,10501
8.89,1.5496314,10501
8.6,1.4756495,10501
8.49,-2.0466442,10501
8.14,-1.6593103,10501
8.2,1.5657879,12345
9.89,-0.29826814,13268
9.64,-0.032886278,13268
9.37,-2.7261512,13268
9.18,-0.32421753,13268
8.99,6.4222074,13268
8.51,-1.8377153,13268
8.5,-1.8377153,13268
8.48,2.1815808,13268
8.2,-0.51288223,13268
8.2,-0.7954489,13268
8.17,1.7753431,13268
8.16,0.61090714,13268
8.13,-3.6633108,13268
7.86,-1.2657187,13268
7.78,0.6434138,13268
7.77,0.59556454,13268
7.72,0.2858496,13268
7.54,-1.2996155,13268
7.44,1.7565726,13268
7.3,-1.4057794,13268
7.23,-4.3303814,13268
7.13,0.20596594,13268
6.91,1.5896887,13268
6.41,-1.9791282,13268
4.96,0.2145893,15709
4.05,-0.55870324,15709
7.64,1.9246528,12072
8.22,1.5815805,3153
6.7,0.6954408,4554
6.9,0.97712356,4887
6.6,-1.3916768,4887
6.5,-0.8665534,4887
5.7,-5.7273903,4887
6.2,4.1070547,8435
5.85,-1.0257434,276
5.19,-6.7559695,276
5.12,-0.791082,276
5.05,-1.9472269,276
7.65,3.1707683,2956
7.77,-0.25812182,5698
7.7,0.76673424,5698
8.0,-1.1304605,12785
7.92,-0.30829856,12785
7.85,-4.4493837,12785
7.82,1.1671432,12785
7.77,0.4318193,12785
7.75,1.7679003,12785
7.72,-1.0104287,12785
7.72,-0.63567376,12785
7.58,-1.5673442,12785
7.58,3.2348404,12785
7.57,-0.28443798,12785
7.55,0.23738283,12785
7.52,-0.34781882,12785
7.47,-0.66076237,12785
7.43,-1.2656662,12785
7.37,-0.22249621,12785
7.28,0.40378645,12785
7.21,1.5013169,12785
7.19,0.2378188,12785
6.82,3.4056513,12785
6.57,-0.84780806,12785
9.0,-1.6203326,10928
5.77,-1.766339,10928
5.4,-8.763868,10928
8.05,-2.1695583,11956
8.78,1.993976,6723
8.72,0.80320364,6723
8.28,2.5868099,6723
8.19,2.0464382,6723
8.14,4.723683,6723
7.97,-0.9938409,6723
7.95,3.2968473,6723
7.94,1.1086677,6723
7.9,3.9107065,6723
7.89,1.9409817,6723
7.84,3.6790195,6723
7.83,-0.27771384,6723
7.8,3.2190673,6723
7.79,1.3068212,6723
7.79,2.8873684,6723
7.77,1.6661327,6723
7.74,3.136283,6723
7.71,1.6234796,6723
7.71,-2.3281283,6723
7.67,1.0438561,6723
7.67,2.0644875,6723
7.67,-2.0652735,6723
7.67,1.0902753,6723
7.65,-0.9335267,6723
7.62,0.73141104,6723
7.59,-2.690579,6723
7.53,0.9385258,6723
7.42,1.6195626,6723
7.37,-0.3014236,6723
9.52,-1.7831229,6283
9.52,1.3624091,6283
9.52,-0.6397947,6283
9.52,-3.7444236,6283
9.52,-1.6139654,6283
9.52,2.6890082,6283
9.52,1.0902162,6283
9.12,0.61039037,6283
6.38,-1.5871392,485
6.57,3.5465884,7353
6.06,-0.6549919,7353
4.26,-2.9844396,7353
6.94,-2.098615,9742
9.0,3.7942507,6026
9.0,1.4290297,6026
8.7,4.736884,6026
8.7,2.0566657,6026
8.52,3.049003,6026
8.52,3.1432667,6026
8.52,2.8814664,6026
8.52,0.71235806,6026
8.52,-0.15430307,6026
8.4,5.3624125,6026
8.4,-2.8403153,6026
8.4,2.9581952,6026
8.4,-1.1092769,6026
8.4,2.9112606,6026
8.3,4.1497817,6026
8.22,-4.7277393,6026
8.1,3.1237948,6026
8.1,3.381662,6026
8.05,4.297132,6026
8.0,-1.6030563,6026
7.96,-1.6252832,6026
7.96,-1.4563707,16250
7.39,1.146413,16250
7.28,1.0587184,16250
7.17,-0.44857553,16250
6.92,1.5501513,16250
6.72,-0.12728569,16250
6.21,-2.0791745,16250
5.36,-2.6068525,16250
5.43,-5.1363072,3502
7.96,-1.2425998,1507
6.75,0.4842772,12170
6.72,-2.345091,12170
6.51,-1.0407747,12170
6.28,0.13040596,12170
6.2,-5.471655,12170
6.16,-4.3693194,12170
6.1,-0.1505276,12170
6.07,0.5296959,12170
6.02,-3.277346,12170
5.96,-0.80278873,12170
5.92,-2.059843,12170
5.92,-4.2027955,12170
5.89,0.33020777,12170
5.89,-2.3224354,12170
5.72,-2.3075323,12170
5.64,0.68853706,12170
5.64,0.34355798,12170
5.62,0.64516145,12170
5.57,-0.6570754,12170
5.54,-1.9540062,12170
5.54,-1.0821747,12170
5.52,-2.701348,12170
5.52,-4.1089654,12170
5.52,0.33320883,12170
5.42,-0.6966551,12170
5.39,-0.21001604,12170
5.28,-0.21001604,12170
4.7,3.0952961,12170
6.92,0.16755438,7023
5.07,-2.0642123,140
8.1,5.225552,5424
8.0,4.3038397,5424
7.96,5.128161,5424
7.92,-0.9400497,5424
7.82,3.202791,5424
7.41,0.4939273,5424
7.34,4.7512846,5424
7.24,0.484344,5424
7.19,0.024865463,5424
7.13,-0.2581744,5424
7.1,-1.8364081,5424
6.48,-0.2684686,14705
5.7,2.4132645,14705
5.37,-0.47525814,14705
7.52,1.3252813,270
7.47,2.9164627,270
7.4,2.1134362,270
7.06,0.7639251,270
6.6,-2.0680873,270
6.51,0.78393906,270
5.85,1.4598366,270
5.8,0.24995121,270
5.22,-0.51632065,270
5.12,-0.22410643,270
6.45,-2.1357157,13958
8.7,0.2687307,6101
8.7,0.700392,6101
8.7,0.22454664,6101
8.7,0.20032302,6101
8.52,-0.68566,6101
8.52,1.2438178,6101
8.52,1.5108889,6101
8.52,1.2841873,6101
8.4,0.946788,6101
8.4,0.8840086,6101
8.4,-0.20509803,6101
8.4,-0.58634394,6101
8.3,0.8389017,6101
8.3,0.8793463,6101
8.3,0.44495258,6101
8.22,1.1798223,6101
8.15,0.17639503,6101
8.15,0.7079182,6101
8.1,1.906458,6101
8.1,-0.35868093,6101
8.05,-1.1430079,6101
8.05,-0.3838172,6101
8.05,0.071837105,6101
8.05,-0.097554944,6101
8.0,0.54743063,6101
7.96,1.179153,6101
7.92,0.3387403,6101
7.92,1.0359714,6101
7.92,-0.098718844,6101
7.92,1.6341637,6101
7.92,1.1293715,6101
7.89,-0.43772048,6101
7.89,1.4220766,6101
7.89,1.3849323,6101
7.89,-0.014776804,6101
7.85,1.6341637,6101
7.85,0.52046597,6101
7.85,1.1356629,6101
7.85,0.36982375,6101
7.85,0.098518126,6101
7.85,0.56537795,6101
7.85,0.36492693,6101
7.82,0.64051855,6101
7.82,1.2937425,6101
7.8,1.1558253,6101
7.8,0.78498125,6101
7.77,-0.16264346,6101
7.75,1.3543599,6101
7.75,-0.80295515,6101
7.75,-0.34432456,6101
7.72,0.9555146,6101
7.72,-0.45045686,6101
7.72,-0.55329806,6101
7.72,1.4651253,6101
7.7,1.7800196,6101
7.7,0.48179483,6101
7.7,0.6199194,6101
7.68,1.385374,6101
7.68,0.71707726,6101
7.66,1.4651855,6101
7.64,-0.26838377,6101
7.64,-0.048713457,6101
7.62,1.3975345,6101
7.62,-0.8731499,6101
7.62,0.08356031,6101
7.6,0.60384506,6101
7.6,0.5920846,6101
7.6,-1.2173569,6101
7.58,0.35480252,6101
7.58,0.53640515,6101
7.58,1.9228055,6101
7.58,-0.0761853,6101
7.58,1.4437569,6101
7.58,-0.09471639,6101
7.55,1.5133498,6101
7.54,0.9886041,6101
7.54,1.8484647,6101
7.54,0.43308517,6101
7.5,1.2968088,6101
7.5,0.062307984,6101
7.5,0.16574329,6101
7.5,-0.248407,6101
7.46,1.1791228,6101
7.44,1.4253578,6101
7.44,0.323513,6101
7.44,-0.29018664,6101
7.44,-0.27725515,6101
7.44,-0.26979157,6101
7.41,1.1948305,6101
7.4,1.2120191,6101
7.4,0.16742054,6101
7.39,0.68328625,6101
7.38,1.4458944,6101
7.38,-0.7738604,6101
7.36,-0.15721697,6101
7.35,-0.10278382,6101
7.35,1.3907079,6101
7.33,0.5600331,6101
7.33,0.96670145,6101
7.31,-0.32738954,6101
7.25,1.7825896,6101
7.24,0.061379828,6101
7.24,0.099370606,6101
7.23,0.12026165,6101
7.23,-1.3148535,6101
7.19,0.4382078,6101
7.17,-0.22151574,6101
7.17,0.5266456,6101
7.16,0.63432753,6101
7.16,0.33394885,6101
7.16,0.5677006,6101
7.12,-1.3262305,6101
7.12,-0.2833295,6101
7.11,-0.16905493,6101
7.1,0.6217569,6101
7.06,1.6341637,6101
7.06,0.2171072,6101
7.05,-0.5878249,6101
7.05,0.41291615,6101
7.05,0.36332816,6101
7.04,-0.8329479,6101
7.03,-0.54822147,6101
7.02,0.96679157,6101
7.01,-0.9820892,6101
7.01,1.8484647,6101
7.01,-0.29300454,6101
7.01,1.2968524,6101
6.99,1.510529,6101
6.96,-0.25898108,6101
6.9,-1.0673263,6101
6.9,-0.50516224,6101
6.9,0.08958827,6101
6.89,-2.7855585,6101
6.89,0.18740797,6101
6.87,0.4063566,6101
6.83,-3.1199765,6101
6.81,1.8484647,6101
6.81,-0.44991463,6101
6.8,0.4320941,6101
6.76,1.4326972,6101
6.76,0.6093707,6101
6.71,-0.9331696,6101
6.7,-1.2054983,6101
6.67,1.1511658,6101
6.65,0.174835,6101
6.61,-1.1400486,6101
6.6,0.9401095,6101
6.59,1.3600863,6101
6.59,-0.688225,6101
6.53,0.076671876,6101
6.49,-0.3660689,6101
6.49,0.76669157,6101
6.43,0.73714286,6101
6.41,-2.365704,6101
6.38,-0.881057,6101
6.34,-0.084465005,6101
6.25,0.44578138,6101
6.23,0.8322083,6101
6.19,-0.22101235,6101
6.16,1.512717,6101
6.1,-1.0025636,6101
6.06,-0.57763356,6101
6.06,-1.3659556,6101
6.05,0.1490157,6101
6.03,-0.8643135,6101
6.02,-0.9467755,6101
6.01,-0.046432994,6101
5.99,-1.0936266,6101
5.71,-0.40374583,6101
5.0,0.6467453,6101
5.55,7.81557,6084
5.54,2.7939088,6084
5.46,6.459643,6084
5.33,0.13130039,6084
5.1,0.82069534,6084
5.08,4.1245484,6084
4.85,-0.35467967,6084
4.7,-0.2728473,6084
4.12,-0.41778594,6084
6.37,1.572485,8640
8.22,-8.01683,7630
7.21,-6.35455,7630
7.12,-0.9845398,7630
7.08,-7.082706,7630
6.99,-5.5204473,7630
6.98,-5.745084,7630
6.97,-5.0051537,7630
6.86,-6.4430757,7630
6.82,-3.170022,7630
6.81,-4.4954867,7630
6.69,-4.0527234,7630
6.65,-9.807316,7630
6.41,-3.21462,7630
6.39,-4.0638223,7630
6.23,-3.3397017,7630
6.15,-2.9478076,7630
6.03,-3.8640401,7630
6.03,-7.7338033,7630
6.02,-8.112835,7630
5.77,-1.8826163,7630
5.75,-5.3107314,7630
5.72,-6.0476003,7630
5.6,-10.391629,7630
5.57,-6.897204,7630
5.31,-7.780168,7630
5.24,-4.516506,7630
5.1,-0.9036273,7630
5.02,-3.998915,7630
4.86,-5.4299474,7630
4.8,-4.3347445,7630
4.78,-1.6057903,7630
4.73,-4.4269323,7630
4.71,-0.71630037,7630
4.71,-3.459532,7630
4.69,-1.7230636,7630
4.57,-3.6530259,7630
4.5,-5.718969,7630
7.04,3.8424883,8742
6.9,3.820198,8742
6.88,-0.15281123,8742
6.54,-5.579727,8742
8.62,1.3162715,7738
6.27,-2.9154646,877
9.4,-1.8460807,10265
6.96,-3.2402468,5460
7.85,-1.3081204,14931
5.52,4.9559684,2282
6.55,2.6974614,13907
6.0,2.4237304,6887
5.55,2.4389942,6887
7.66,5.013694,8683
7.62,-0.890869,8683
7.57,1.4895442,8683
7.27,3.4838238,8683
6.7,1.7168547,8683
6.55,1.8406522,8683
6.52,1.7936344,8683
6.42,3.367469,8683
6.41,3.0279481,8683
6.2,1.0017477,8683
6.14,0.44822735,8683
6.1,-0.16390797,8683
5.92,-1.7741398,8683
5.9,2.6434608,8683
5.89,4.1249247,8683
5.85,0.67801875,8683
5.84,-0.98541766,8683
5.81,0.5874301,8683
5.7,2.67318,8683
5.63,1.0268668,8683
5.5,0.11236442,8683
5.47,5.013694,8683
5.3,0.898582,8683
6.62,0.18443036,15157
7.14,-2.2388973,17329
6.71,-5.992338,13858
7.72,-4.1891356,13473
6.94,5.2825994,13465
6.24,3.7021825,1382
7.82,2.320086,7985
7.7,2.6971996,7985
7.62,2.0437481,7985
7.5,2.0825255,7985
7.44,-1.4341012,7985
7.28,3.1887605,7985
7.21,0.24922088,7985
7.05,2.6883235,7985
6.96,3.091402,7985
6.87,2.8729079,7985
6.79,-0.1474873,7985
6.22,-3.9402263,7985
5.91,3.1886573,7985
5.81,-1.0853181,7985
8.1,-3.5770965,6731
8.08,-6.1937613,6731
8.0,-1.4707382,6731
7.96,-1.0327327,6731
7.89,-5.480684,6731
7.89,-6.8209643,6731
7.37,-6.82574,6731
7.28,-1.4978174,6731
7.24,0.13073114,6731
7.22,-0.83276546,6731
7.0,-2.4004865,6731
6.96,-4.002548,6731
6.89,1.0172336,6731
6.85,-4.788205,6731
6.8,1.0169579,6731
6.8,-2.8325164,6731
6.75,1.1094606,6731
6.66,-6.186462,6731
6.57,-8.05074,6731
6.57,-0.317425,6731
5.77,-1.8749579,6731
5.7,-6.251755,6731
5.62,-3.2641332,6731
5.6,-2.4313433,6731
5.55,-3.6955998,6731
5.43,-2.4016478,6731
5.4,-0.021897497,6731
5.32,-4.64754,6731
5.31,-1.8016878,6731
5.07,-4.347139,6731
5.03,-1.423365,6731
5.0,0.025893748,6731
4.85,-3.3929958,6731
4.77,-4.6806455,6731
4.64,-5.208453,6731
4.44,-3.7294528,6731
7.05,-1.2710817,509
10.0,-0.9521691,5397
9.1,1.9127146,5397
8.85,3.5271852,5397
8.55,-0.77232134,5397
8.51,-4.6488643,5397
7.64,2.7487602,12157
7.5,1.9077623,12157
7.01,1.461918,10486
5.7,-1.7414812,14003
5.0,-1.5667386,17564
5.0,-0.92295647,17564
4.55,1.161706,1117
6.46,-4.0714316,17619
8.9,2.8581197,9063
8.46,4.7040663,9063
8.21,3.1157265,9063
8.15,2.4315424,9063
8.12,3.6361368,9063
8.1,2.8677573,9063
7.95,0.24472085,9063
7.92,-1.2135388,9063
7.72,-1.6250448,9063
7.7,0.45342487,9063
7.61,2.3514333,9063
7.5,-1.581653,9063
6.91,0.9098423,9063
6.53,-1.8578469,9063
6.51,-0.92466146,9063
6.38,-3.2733328,9063
8.7,-0.18344906,8071
8.4,-5.745282,8071
8.33,-0.49259934,8071
8.23,-0.44401193,8071
8.14,-7.5521674,8071
7.98,-0.30574661,8071
7.97,-0.643439,8071
7.97,-2.0781877,8071
8.66,5.7272906,1644
8.6,1.1380514,1644
8.55,3.7691765,1644
8.54,4.0918875,1644
8.41,5.2868943,1644
8.32,4.3995667,1644
7.82,-4.2053494,1644
7.75,0.25943357,1644
7.75,-1.4138186,1644
7.58,0.13173851,1644
7.54,3.4714377,1644
7.31,1.6481568,1644
8.62,0.48296165,1710
8.14,-2.5106921,1710
6.75,-2.5106921,1710
6.52,2.2544274,1424
7.47,2.1093702,1656
5.4,-2.6775696,1656
5.16,-4.815114,1656
5.05,1.9895812,1656
4.72,-5.0387173,1656
4.72,-4.887778,1656
4.54,-3.6083841,1656
4.28,-4.838982,1656
4.21,-1.7538192,1656
4.16,-2.2582283,1656
6.79,4.402072,5553
5.46,-2.3330173,16807
8.1,1.228006,1538
5.75,2.1086197,1538
7.52,-4.9205995,5190
5.58,4.2811007,11406
5.23,0.03458119,11406
5.06,1.1412128,11406
4.77,-0.10011945,11406
