y_true,y_pred,assay_id
8.0,-8.255729,13227
8.0,0.3070728,13227
8.0,3.0694919,13227
7.8,0.00031701569,13227
7.7,9.494278,13227
7.7,-5.6572857,13227
7.7,3.9843862,13227
7.64,9.636703,13227
7.6,-0.07533645,13227
7.6,3.3372,13227
7.6,-1.5843807,13227
7.6,-0.17200634,13227
7.5,-3.4685416,13227
7.5,-5.5716457,13227
7.5,-4.0555363,13227
7.5,2.75378,13227
7.5,-7.6933494,13227
7.5,-7.8192706,13227
7.4,0.4653044,13227
7.4,-4.4992604,13227
7.4,-11.008682,13227
7.4,-6.792264,13227
7.3,-0.15556291,13227
7.3,-7.923431,13227
7.3,-3.5786774,13227
7.3,1.6363317,13227
7.2,-4.0555363,13227
7.2,3.930794,13227
7.2,7.20776,13227
7.1,-7.275212,13227
7.1,-8.009577,13227
7.1,0.84533525,13227
7.0,6.140179,13227
7.0,-7.154401,13227
7.0,-3.0725763,13227
6.8,-5.679889,13227
6.8,-3.7166405,13227
6.7,-4.845741,13227
6.4,-10.398529,13227
6.1,-7.4099436,13227
5.9,-6.1634083,13227
5.6,-6.9694085,13227
5.5,-13.416504,13227
5.4,-7.7683606,13227
5.2,-12.291562,13227
8.1,3.9107275,8760
8.4,-2.7950008,17807
8.22,-6.580356,17807
8.15,0.09292063,17807
8.05,6.952062,17807
8.05,-0.03349613,17807
8.0,-10.406713,17807
8.0,6.05544,17807
7.96,-0.7008389,17807
7.92,3.1638317,17807
7.92,1.9730889,17807
7.89,0.59863406,17807
7.85,-1.417847,17807
7.82,4.6869097,17807
7.6,-9.674962,17807
7.57,-10.428958,17807
7.37,7.8085027,17807
7.23,-11.185395,17807
7.09,-6.0399337,17807
6.73,2.4651227,17807
6.04,7.5643387,17807
5.48,10.372364,17807
4.75,-6.653657,17807
8.15,-0.18924803,8066
7.85,-1.2495793,8066
6.44,-8.637028,8066
6.01,1.85759,8066
5.5,-0.4795098,8066
5.48,-9.515839,8066
5.16,-3.5677686,8066
4.88,-1.5404928,8066
4.28,-7.957388,8066
7.89,1.7069397,3750
7.82,7.279528,3750
7.66,-0.25697833,3750
7.52,6.0790024,3750
7.51,5.2380733,3750
7.4,-3.0021572,3750
6.0,-5.861194,14169
4.7,-9.636546,14169
5.97,-8.436023,12988
7.64,-1.9895732,16710
7.24,0.13976377,16710
9.52,-7.8335876,7780
8.92,0.7358344,7780
8.92,14.194828,7780
8.68,-6.654534,7780
7.85,-12.020483,7780
7.77,6.1410255,7780
7.52,8.703854,7780
7.41,-14.512432,7780
6.65,-5.7364006,7780
6.26,0.807128,7780
6.05,-4.25376,7780
5.23,-12.403168,7780
5.01,1.4812101,7780
8.05,1.4946452,887
7.82,4.126999,887
7.55,-3.5807843,887
7.48,-0.45213747,887
7.21,16.649591,887
7.09,-5.0579467,887
6.89,1.0866618,887
6.68,-11.104019,887
6.67,-3.727803,887
6.55,-2.9763186,887
6.45,-10.682539,887
6.38,13.058068,887
6.02,7.6042895,887
5.33,-1.5963523,887
5.0,-6.929382,887
7.58,10.685297,3722
7.24,1.575487,3722
7.16,0.18442829,3722
6.96,3.175643,3722
6.54,1.3944216,3722
6.48,-14.574839,3722
6.41,5.228172,3722
6.31,0.18442829,3722
6.17,0.50924677,3722
6.0,3.6321156,3722
5.92,-4.2452807,3722
5.66,-3.4588718,3722
5.44,-3.4588718,3722
5.69,0.31413138,4315
4.58,-0.37659362,4358
4.47,-0.9420959,4358
9.7,6.2174835,6915
9.7,4.3336363,6915
9.52,0.7088978,6915
9.52,12.4345875,6915
9.4,2.5769117,6915
9.4,-2.0100226,6915
9.3,8.152728,6915
9.22,6.025272,6915
9.22,2.8336902,6915
9.22,1.3518484,6915
9.22,4.079395,6915
9.15,8.928657,6915
9.15,2.5503175,6915
9.15,2.7140434,6915
9.1,-4.932711,6915
9.1,5.0139685,6915
9.05,0.98708916,6915
9.05,-3.152733,6915
8.92,4.678445,6915
8.92,11.066934,6915
8.89,-3.7364552,6915
8.57,-15.343982,6915
8.49,1.2911013,6915
8.41,-4.093575,6915
8.37,5.4627457,6915
8.32,-0.12941071,6915
7.77,-1.9513605,6915
7.0,-4.6574297,6915
7.17,-4.247848,14798
6.76,3.4578836,14798
9.6,14.065795,4757
9.55,9.237054,4757
9.52,14.176866,4757
9.51,13.783847,4757
9.38,14.582645,4757
9.11,14.557645,4757
8.92,14.802359,4757
8.6,13.228615,4757
7.92,8.4669485,4757
7.21,-4.5599537,4757
7.17,-5.9840612,4757
6.88,4.2261662,4757
6.8,1.0364496,4757
6.8,-1.546964,4757
6.76,-0.27810705,4757
6.76,5.4024043,4757
6.66,-5.338359,4757
6.66,0.4037244,4757
6.5,0.022993483,4757
6.49,-5.1235533,4757
6.49,6.7820716,4757
6.49,6.4327526,4757
6.49,-2.9689188,4757
6.43,6.3571625,4757
6.43,-0.12498216,4757
6.43,5.8898787,4757
6.38,0.09795329,4757
6.38,-0.45136,4757
6.29,-1.2802138,4757
6.17,5.8287296,4757
6.17,8.086976,4757
6.14,1.2327394,4757
6.14,-0.82388026,4757
6.0,-6.9442415,4757
5.75,-17.525759,4757
5.51,-6.1548877,4757
4.92,-1.5388055,4757
6.91,2.191788,4374
7.5,4.1587443,8961
7.1,4.395885,8961
7.1,0.7054749,8961
7.1,3.966128,8961
7.0,-0.45134798,8961
6.9,-1.893047,8961
6.9,-2.528186,8961
6.9,2.838868,8961
6.8,-1.4207562,8961
6.8,-4.6707716,8961
6.8,0.9442698,8961
6.8,0.70509773,8961
6.7,-2.339502,8961
5.6,5.5339127,8961
5.6,-1.5810311,8961
5.6,0.45905986,8961
5.5,-1.1259158,8961
6.4,-2.322407,15351
6.34,-4.6936235,15351
6.3,-6.559173,15351
6.3,2.8386955,15351
6.28,8.689574,15351
6.22,-2.4873948,15351
6.12,-5.2902308,15351
6.1,-9.362433,15351
6.04,7.871415,15351
6.0,-0.24472202,15351
6.0,5.990515,15351
5.96,6.2743573,15351
5.96,1.4272709,15351
5.92,-6.8449244,15351
5.92,10.159836,15351
5.77,-2.3876455,15351
5.75,13.315309,15351
5.72,3.0913093,15351
5.7,-3.5934718,15351
5.64,-0.8644075,15351
5.6,-2.3393059,15351
5.58,0.8498351,15351
5.52,14.755165,15351
5.5,-10.675731,15351
5.48,-8.962669,15351
5.32,-0.019872699,15351
5.23,6.9102206,15351
5.22,-1.9056025,15351
5.19,7.60469,15351
5.17,-0.22909172,15351
5.17,4.0556526,15351
5.14,-6.554714,15351
5.1,2.5888562,15351
4.92,2.256073,15351
4.82,-7.906741,15351
4.82,-4.13776,15351
4.75,-7.3255363,15351
4.7,-7.7234516,15351
4.57,5.275865,15351
4.07,-3.0865984,15351
6.29,-4.879565,10071
7.22,0.6534314,7317
4.98,0.85280615,4385
7.09,8.540623,11526
6.4,-3.3811562,11526
5.37,0.6434147,11526
5.0,2.486709,7497
8.55,1.9301953,7573
8.32,1.9301953,7573
8.02,-5.193761,7573
7.25,4.168118,7573
7.1,-0.34264076,7573
7.04,0.06792858,7573
7.04,-0.932101,7573
7.0,4.9716964,7573
6.92,3.071968,7573
6.84,-1.405172,7573
6.76,3.110868,7573
6.74,-4.4071326,7573
6.73,5.3604918,7573
6.73,7.172845,7573
6.62,5.347388,7573
6.5,7.465832,7573
6.45,0.4645937,7573
6.45,-4.488043,7573
6.44,3.2297094,7573
6.38,1.9301953,7573
6.33,3.901042,7573
6.32,2.5127401,7573
6.18,-3.4103343,7573
6.18,4.145721,7573
6.18,-3.6174407,7573
6.12,0.6677757,7573
6.07,5.1664605,7573
4.25,3.098755,12686
7.6,15.127664,1954
7.32,15.858925,1954
7.14,13.019023,1954
7.08,13.942908,1954
6.89,9.49983,1954
6.75,9.087572,1954
6.64,9.842919,1954
6.52,-9.013883,1954
6.5,5.340384,1954
6.48,-13.62567,1954
6.45,-5.6821923,1954
6.37,0.6336091,1954
6.35,8.573325,1954
6.34,5.299058,1954
6.34,3.1455727,1954
6.3,-0.2507529,1954
6.27,10.562786,1954
6.16,3.0965421,1954
6.13,-0.4551839,1954
6.07,-1.5746691,1954
6.07,7.402271,1954
6.03,4.701567,1954
5.95,-2.7688909,1954
5.84,0.12059307,1954
5.82,-0.29292744,1954
5.75,-0.121384084,1954
5.64,-8.864419,1954
5.39,-5.703611,1954
5.37,-11.142551,1954
5.36,-5.5561657,1954
5.31,-5.731089,1954
5.1,-12.72393,1954
6.97,0.9902024,12973
7.47,0.95795465,4728
4.46,10.446555,5415
4.4,5.081564,5415
4.37,-2.7124927,5415
4.32,-2.3457816,5415
4.77,-4.7737756,4494
4.56,5.1940913,4494
5.34,4.4245014,4096
6.92,-1.1351818,11515
6.22,-6.3795996,6652
6.16,6.0381737,6652
6.1,-6.9629455,6652
5.98,1.212144,6652
5.97,-0.34980088,6652
5.88,-10.074442,6652
5.84,-8.859155,6652
5.73,-10.84448,6652
5.7,-4.6486773,6652
5.69,-5.024538,6652
5.68,-7.5191374,6652
5.61,-0.6807364,6652
5.2,-0.45071772,2797
4.5,0.37357765,2797
6.15,0.6098938,3356
8.4,3.2553275,11051
7.54,1.4813975,9120
5.77,0.8762708,1349
6.74,0.9155011,4602
6.64,5.8114047,7959
6.26,15.720481,7959
5.91,-2.4135747,7959
5.82,1.2886794,7959
5.82,-5.4016337,7959
5.2,-0.21391034,7959
8.19,6.4212236,15204
8.14,8.401669,15204
8.09,13.031891,15204
7.92,-5.712175,15204
7.92,1.9662519,15204
7.66,-4.36863,15204
6.9,-4.4715195,15204
6.74,4.447721,15204
6.72,3.3586857,15204
5.5,4.4871097,3475
7.55,12.7056875,9425
7.5,-10.403832,9425
7.23,12.7056875,9425
7.08,11.016581,9425
7.03,6.2300935,9425
7.02,7.4737873,9425
6.98,7.315898,9425
6.97,11.016581,9425
6.97,10.1958275,9425
6.96,9.433462,9425
6.74,9.053242,9425
6.73,-4.129325,9425
6.69,0.18858267,9425
6.6,2.1904995,9425
6.51,9.897817,9425
6.38,5.1459675,9425
6.31,0.18858267,9425
6.22,6.123628,9425
6.19,-1.229493,9425
6.16,4.953084,9425
5.59,1.0804967,9425
5.18,-5.8458652,9425
4.73,-0.72650933,9425
4.38,-8.917618,9425
7.92,-2.497823,1035
7.89,-3.1974306,1035
6.8,2.905849,1035
5.48,2.020047,12939
5.08,-5.9427476,12939
5.29,16.315775,309
4.77,-0.5404581,309
4.47,-9.782184,309
6.39,-6.159203,16804
5.26,4.950534,13014
5.17,-1.1274477,13014
6.01,-3.9389582,2908
6.01,5.1766005,2908
6.28,1.2319885,6483
6.43,1.3799701,3883
7.7,2.8960629,10830
9.52,6.708988,11245
9.44,5.2694545,11245
9.41,13.9370985,11245
9.34,7.7375665,11245
9.21,6.4326816,11245
9.14,8.264554,11245
9.1,4.924943,11245
9.0,7.8565173,11245
8.96,2.6002007,11245
7.75,-13.716234,11245
7.66,-14.728582,11245
7.6,-10.828164,11245
7.43,-8.261644,11245
6.93,-1.1204051,13433
7.66,-0.82874525,10068
6.51,0.06373595,10068
5.89,-0.8971641,10068
5.63,-4.015627,10068
5.55,2.0454226,10068
5.4,3.5760667,10068
5.22,-4.2630124,10068
5.07,4.517533,10068
4.91,4.4281864,10068
4.84,-1.4412225,10068
4.84,1.392315,10068
7.24,4.3061166,14723
8.89,9.971041,5402
5.81,9.571169,5402
5.5,3.4556599,5402
5.32,9.718898,5402
5.27,-9.203077,5402
5.04,-5.5504465,5402
5.02,12.3517,5402
4.92,-7.0368032,5402
4.9,3.5838573,5402
4.82,-5.103662,5402
4.82,-5.9283442,5402
4.82,-2.0510566,5402
4.75,-1.3044206,5402
5.5,7.832323,4500
5.2,-2.3585315,4500
4.93,-10.957951,4500
5.9,6.2165475,1243
5.49,3.928401,1243
5.44,3.8610168,1243
5.41,4.2782345,1243
5.38,4.9840426,1243
5.24,0.26429468,1243
5.17,-0.6841519,1243
5.11,-1.8242152,1243
5.09,-0.3111841,1243
4.96,-3.5837493,1243
4.91,-3.865428,1243
4.86,-5.694194,1243
4.84,-2.2595346,1243
4.68,-10.472097,1243
4.61,-8.474614,1243
4.6,-9.460299,1243
4.57,-10.799368,1243
4.5,-11.859558,1243
7.0,2.1064844,12483
7.0,-3.542621,12483
7.0,0.73309284,12483
7.0,-0.96961856,12483
7.92,0.95109075,2649
7.82,0.95109075,2649
8.72,8.997851,8114
8.7,10.042452,8114
8.62,7.184391,8114
8.57,7.643285,8114
8.46,8.212566,8114
7.96,2.1354086,8114
7.62,-5.8846936,8114
7.62,0.9990243,8114
7.58,-5.6809926,8114
7.58,1.270893,8114
7.52,-4.7221403,8114
7.51,-1.1808981,8114
7.5,3.9374774,8114
7.28,8.455767,8114
7.27,-1.5273993,8114
7.01,-4.16326,8114
6.47,1.1441694,8114
6.3,-3.1909187,8114
6.11,-3.0296984,8114
5.64,-8.797413,8114
5.57,-1.5894643,8114
5.96,2.163174,16606
7.03,4.5971465,13094
6.99,0.45735815,13094
6.68,5.0255713,13094
6.17,7.5431075,13094
5.97,1.0572817,13094
5.94,3.7952788,13094
5.83,-0.9480927,13094
5.71,-1.8973284,13094
5.51,-1.642426,13094
5.35,8.879466,13094
5.22,-4.070033,13094
5.03,-5.4204774,13094
8.4,2.3580372,14616
7.68,-3.1039824,17383
7.5,1.1652819,17383
7.38,-8.708079,17383
7.32,-0.23897189,17383
7.3,5.6096272,17383
7.23,7.748556,17383
6.92,-5.2248006,17383
6.83,3.7894456,17383
6.68,8.022191,17383
6.65,3.8040943,17383
6.56,1.5034637,17383
6.38,0.7270064,17383
6.33,-3.3769426,17383
6.32,-3.583905,17383
6.19,2.7324915,17383
6.15,-5.8382006,17383
6.01,1.1705705,17383
5.83,-6.352821,17383
5.49,-7.2166643,17383
5.34,0.48106214,17383
5.34,-4.478566,17383
5.23,-1.9410474,17383
5.11,-0.5117097,17383
4.84,-4.394753,17383
6.52,1.1799536,2614
8.7,6.0611954,11231
8.7,2.5914261,11231
8.7,1.8728714,11231
8.52,-2.5350957,11231
8.52,-0.786201,11231
8.52,0.69344765,11231
8.4,-8.090728,11231
8.3,4.558116,11231
8.3,-2.2778618,11231
8.3,-3.4412196,11231
8.3,2.1295912,11231
8.3,9.401039,11231
8.15,8.45335,11231
8.05,8.543276,11231
7.96,0.18332307,11231
7.36,-7.05134,11231
5.33,10.694197,17540
5.02,-8.97492,17540
8.6,1.8506297,14549
8.22,1.6970682,2572
7.81,0.22741954,4731
7.85,-7.290529,15242
7.8,3.3168056,15242
7.48,6.8345375,15242
7.42,-4.9062157,15242
7.28,-0.5500539,15242
7.14,-0.90277565,15242
7.07,-6.858433,15242
6.95,0.73333746,15242
6.94,2.3221192,15242
6.93,-5.0948725,15242
6.91,-7.1397667,15242
6.79,-4.3872385,15242
6.75,-8.926854,15242
6.74,-5.8621593,15242
6.52,4.982501,15242
6.38,7.5090036,15242
6.34,-7.3843646,15242
6.2,15.026114,15242
6.13,1.6469272,15242
5.93,17.649662,15242
5.84,12.564776,15242
5.81,12.805192,15242
5.8,4.614634,15242
5.72,1.6469272,15242
5.56,7.7598143,15242
5.55,4.276623,15242
5.53,1.6469272,15242
5.38,8.75228,15242
5.3,-7.6447277,15242
5.05,16.788296,15242
4.82,1.7622083,15242
4.81,-0.80674726,15242
4.66,6.0530396,15242
4.59,11.614392,15242
4.04,6.0530396,15242
6.39,0.52270174,17091
8.15,2.6112661,719
8.66,-1.6843375,3245
9.3,5.228532,12148
7.88,-1.3195732,12148
7.8,5.9919887,12464
7.8,7.648572,12464
7.6,2.0307763,12464
7.43,6.083674,12464
7.41,7.2471304,12464
7.4,4.172329,12464
7.14,3.7275958,12464
7.05,-0.74964195,12464
6.81,-0.9297772,12464
6.75,0.53256357,12464
6.28,2.7062397,12464
6.18,-5.5637937,12464
6.08,-11.843787,12464
5.85,-7.314462,12464
5.73,-6.171417,12464
7.92,-1.2430464,11579
7.82,-2.666159,11579
7.72,-2.1893952,11579
7.5,-4.4039855,11579
7.19,-4.3076763,11579
7.05,-2.2189062,11579
7.03,-1.2430464,11579
6.92,-1.5743241,11579
6.92,-2.7628317,11579
6.82,-1.2430464,11579
6.8,-0.47814336,11579
6.48,2.4254303,11579
6.47,-7.220196,11579
6.44,-6.689614,11579
6.44,-1.2430464,11579
6.42,-8.064108,11579
6.37,-8.064108,11579
6.24,-3.83377,11579
6.24,7.614396,11579
5.89,-9.826291,11579
5.89,-13.355867,11579
5.8,-4.883305,11579
5.77,-2.7628317,11579
5.68,-1.0096468,11579
5.6,-2.3725188,11579
5.57,-8.983033,11579
5.55,-7.5818906,11579
5.41,-11.221128,11579
5.38,-6.097207,11579
5.34,-10.466118,11579
5.29,-11.584262,11579
5.03,5.52017,11579
4.89,-15.411285,11579
4.77,-3.2959971,11579
4.75,-6.2343802,11579
4.46,-4.5658317,11579
7.14,-0.51979923,3258
7.48,16.359583,8733
7.41,14.588494,8733
7.3,8.663336,8733
7.24,20.433754,8733
7.2,12.219244,8733
7.12,16.976885,8733
7.11,12.27503,8733
7.1,12.487055,8733
7.03,12.328505,8733
6.96,16.94083,8733
6.96,8.384755,8733
6.92,11.532828,8733
6.92,8.663336,8733
6.72,13.371039,8733
6.66,12.8325405,8733
6.47,10.550314,8733
6.46,5.71054,8733
6.41,17.594545,8733
6.38,-5.8648815,8733
6.33,3.1872106,8733
6.33,0.69662935,8733
6.29,8.930387,8733
6.24,3.2829986,8733
6.19,-0.5091607,8733
6.15,-0.8421863,8733
6.06,6.9938335,8733
6.03,-6.733262,8733
6.0,-1.0715358,8733
5.96,2.3615718,8733
5.89,-5.5149717,8733
5.85,-4.2926717,8733
5.85,-8.774484,8733
5.82,0.36713374,8733
5.8,-0.7099218,8733
5.77,4.254412,8733
5.75,-9.777837,8733
5.68,-7.5219674,8733
5.68,-8.774484,8733
5.66,-8.774484,8733
5.62,-0.38696176,8733
5.6,-7.9559774,8733
5.55,-6.2380643,8733
5.55,-6.2370453,8733
5.51,-5.0973663,8733
5.5,1.2628597,8733
5.38,-11.117165,8733
5.36,0.5575985,8733
5.29,-6.075756,8733
5.14,-9.123805,8733
5.11,1.2177289,8733
5.1,-8.774484,8733
5.05,-11.93628,8733
5.05,-7.5219674,8733
5.03,-15.460536,8733
4.96,-13.1184,8733
4.89,-11.51578,8733
4.85,-18.903057,8733
6.15,9.50709,3163
6.1,-2.7830143,3163
6.05,-5.505622,3163
5.96,9.225067,3163
5.8,-10.082426,3163
5.52,3.119934,3163
8.1,3.0186727,10677
7.68,-0.038819354,10677
7.54,-1.0977513,10677
7.39,1.8854259,10677
6.85,-1.482347,10677
7.89,0.09619814,8596
7.25,0.09619814,8596
8.1,-2.4090276,7777
8.1,3.891485,7777
8.05,-4.4483614,7777
8.0,2.5354893,7777
7.7,3.7830184,7777
7.7,2.2150333,7777
7.3,-7.087011,7777
7.1,-10.054559,7777
7.05,-12.968895,7777
6.96,-11.805811,7777
6.72,-11.256384,7777
5.68,-8.766608,7777
6.93,7.445079,6169
6.76,10.032776,6169
6.5,-4.591561,6169
6.44,8.917559,6169
6.32,2.8037262,6169
6.07,-10.407163,6169
8.91,-5.2241607,14055
8.85,3.0207045,14055
8.68,-1.2653053,14055
8.6,-6.4914045,14055
8.14,4.0002832,14055
7.82,-1.0795074,14055
7.8,4.826375,14055
7.04,-0.18795061,9726
7.3,-0.54835266,7013
5.48,-3.9174778,2730
6.6,3.9110487,3464
6.4,3.0643091,3464
6.3,5.6095266,3464
6.2,6.6612043,3464
6.1,5.4565573,3464
6.0,-0.2081519,3464
5.9,-0.04380596,3464
5.9,-2.2791252,3464
5.9,3.9110487,3464
5.9,3.8064911,3464
5.9,-1.595329,3464
5.4,-0.7784515,3464
5.2,-4.9357953,3464
5.1,-11.760591,3464
8.11,2.1483045,6645
7.68,0.6001052,1344
6.97,0.9853459,2433
9.52,4.520297,10931
7.21,3.2636213,10931
6.77,-0.521872,10931
5.77,-2.9891675,10931
5.66,-8.734834,10931
5.62,-11.505602,10931
5.27,-8.475074,10931
5.15,10.381553,10931
4.57,-3.643333,10931
7.36,11.596869,12571
6.56,-4.1204815,12571
6.01,-1.5046909,12571
5.64,-4.4219737,12571
5.28,-1.4556644,12571
5.27,4.7439613,12571
5.12,1.4085832,12571
5.06,-1.6721154,12571
7.68,-0.07198035,17588
6.32,5.521732,12612
8.15,3.3708324,11800
8.05,8.936995,3003
8.0,2.7974455,3003
7.4,3.007171,3003
5.9,4.526596,12379
5.55,12.510716,12379
5.16,-3.6917865,12379
5.13,-0.45188352,12379
6.85,0.86765134,17700
8.05,2.941024,6778
7.85,-0.4017364,6538
7.82,3.26313,6538
5.68,0.64779747,3741
7.54,1.1854156,12664
5.7,-4.6832423,5614
5.52,14.284668,5614
5.28,-0.42349857,5614
6.37,5.0749874,11521
5.31,-1.9614235,11521
7.47,2.9221408,13654
6.52,-2.413041,13654
7.0,3.930264,7590
7.0,3.392205,7590
7.0,4.069847,7590
7.0,2.907936,7590
7.0,6.065458,7590
7.0,-1.0678731,7590
7.0,-1.9548191,7590
7.0,0.31328866,7590
7.0,-1.6957271,7590
7.0,2.8522828,7590
7.0,4.2057323,7590
7.0,4.243361,7590
7.0,-0.4749031,7590
7.0,5.0662417,7590
7.0,4.3819203,7590
7.0,0.13146661,7590
7.0,1.7221332,7590
7.0,3.5234756,7590
7.0,0.62367,7590
7.0,0.113534644,7590
7.0,-4.1150913,7590
7.0,1.1013461,7590
7.0,7.055234,7590
7.0,-0.12183009,7590
7.0,3.7417984,7590
7.0,2.9162447,7590
7.0,4.4795237,7590
7.0,5.15724,7590
6.0,9.501068,7590
6.0,5.429801,7590
6.0,-3.5363235,7590
6.0,2.5819774,7590
6.0,-12.850741,7590
6.0,3.0398867,7590
6.0,-1.7667477,7590
6.0,1.7318044,7590
6.0,-5.191945,7590
6.0,3.2927601,7590
6.0,3.6698403,7590
6.0,-9.295153,7590
4.0,1.5109382,1428
7.33,2.2681034,9616
6.4,-5.883637,3405
4.97,4.5398383,11850
8.7,8.093807,15328
8.22,-4.981617,15328
8.05,5.203271,15328
7.92,-1.8562014,15328
7.85,6.0973825,15328
7.7,-2.273758,15328
7.24,-2.5137124,15328
7.23,-0.51479757,15328
7.21,12.76783,15328
7.21,-5.813306,15328
7.19,2.5478194,15328
7.19,-1.0654899,15328
7.19,-7.930788,15328
7.17,2.917674,15328
7.15,-5.528845,15328
7.14,15.20192,15328
7.13,7.1839414,15328
7.07,1.1766185,15328
7.07,1.3163162,15328
7.05,12.321091,15328
7.02,-8.896902,15328
7.01,-4.615843,15328
6.97,-7.5708737,15328
6.97,9.889844,15328
6.94,-5.0706778,15328
6.88,1.3163162,15328
6.71,1.3163162,15328
6.69,4.547303,15328
6.67,5.708273,15328
6.6,10.413225,15328
6.57,6.134326,15328
5.95,14.615564,15328
5.95,1.7663083,15328
6.85,3.247446,461
6.8,8.415446,461
6.7,-4.6379395,461
6.14,-5.461653,461
6.07,3.4481318,461
5.96,-5.1494317,461
5.96,-12.032356,461
5.3,-6.31823,461
5.25,7.4729424,461
8.29,1.4461787,14524
6.48,9.735123,4950
6.33,7.0015564,4950
6.12,-0.8778883,4950
9.1,-0.37525013,6171
8.89,8.046162,6171
8.89,0.08505724,6171
8.85,-11.197107,6171
8.85,-12.813484,6171
8.82,5.772641,6171
8.8,-0.5258712,6171
8.8,-4.7614326,6171
8.74,4.5676622,6171
8.74,-3.1533005,6171
8.74,7.0483127,6171
8.74,4.7898703,6171
8.7,8.438053,6171
8.68,8.248315,6171
8.66,-10.361638,6171
8.64,0.8595007,6171
8.62,-2.531203,6171
8.54,-3.1058187,6171
8.51,2.4716065,6171
8.51,-0.13671851,6171
8.43,-5.1328535,6171
8.43,-0.5883707,6171
8.41,-9.550895,6171
8.41,-7.2417927,6171
8.38,-5.4120836,6171
8.36,2.2845511,6171
8.36,-1.8363396,6171
8.34,-2.658252,6171
8.32,-10.517843,6171
8.3,4.7888074,6171
8.28,6.01432,6171
8.27,-2.4218056,6171
8.26,9.227545,6171
8.26,2.3294663,6171
8.22,2.0936606,6171
8.21,2.2766669,6171
8.19,-1.4679112,6171
8.19,-3.4276326,6171
8.18,-7.408354,6171
8.15,-8.903556,6171
8.1,-3.9443922,6171
8.09,-13.079959,6171
8.07,3.433998,6171
8.07,0.3944337,6171
8.01,-3.247374,6171
7.96,1.3205543,6171
7.96,-6.5054965,6171
7.96,-1.3669764,6171
7.92,0.38740376,6171
7.89,8.93956,6171
7.85,4.3057923,6171
7.82,-0.9979368,6171
7.8,-4.244292,6171
7.66,-7.682883,6171
7.6,3.1542504,6171
7.58,-1.1689576,6171
7.57,-0.72153026,6171
7.55,-7.2502794,6171
7.52,-0.38467622,6171
7.48,0.93405,6171
7.46,5.469906,6171
7.29,9.147881,6171
7.4,2.4427233,14675
7.8,-0.23863176,13758
7.42,0.9134072,13758
7.19,-0.89980716,13758
6.46,-1.394247,13758
6.2,8.37712,13758
6.14,2.8248773,13758
4.55,3.0094616,11474
7.1,-4.1132073,733
5.89,-4.6783423,733
5.85,-9.171184,733
5.6,-4.927673,733
5.28,2.1060307,733
5.22,-4.5157604,733
5.12,14.865661,733
5.02,2.0482807,733
5.01,14.215098,733
9.5,12.1639385,4616
9.1,3.6576724,4616
9.0,4.1733747,4616
9.0,5.3138723,4616
8.8,9.551628,4616
8.8,8.748548,4616
8.6,9.191902,4616
8.4,4.1994824,4616
8.3,10.068466,4616
8.3,-3.293094,4616
8.2,-0.35473964,4616
8.0,-0.57548535,4616
8.0,0.08354155,4616
7.8,7.3501244,4616
7.7,0.42563558,4616
7.5,-2.2592065,4616
7.4,5.0332294,4616
7.4,0.50461805,4616
7.3,0.24581909,4616
7.3,-1.9516809,4616
7.0,7.478746,4616
6.9,0.15999037,4616
6.7,-3.9578636,4616
6.5,2.937412,4616
6.2,-3.6239738,4616
5.4,-4.7811627,4616
5.1,-7.218125,4616
7.75,8.372061,8813
7.6,2.3536909,8813
7.47,0.04074538,8813
7.42,4.8107257,8813
7.39,-1.540116,8813
7.38,0.99858296,8813
7.36,4.1392536,8813
7.33,-1.1064919,8813
7.24,-2.2957978,8813
6.71,-3.732237,8813
6.82,-16.161512,1837
6.8,13.396505,1837
6.77,14.897575,1837
6.08,12.49336,1837
5.85,16.354738,1837
5.72,14.398105,1837
5.64,-2.672503,1837
5.6,-12.072815,1837
5.58,13.120205,1837
5.51,-9.949883,1837
5.5,9.619387,1837
5.47,10.2464,1837
5.35,-11.227729,1837
5.34,-10.071431,1837
5.29,-6.239267,1837
8.7,7.777651,16549
8.0,5.1906857,16549
7.8,-3.637741,16549
7.8,2.857526,16549
7.8,2.8319123,16549
7.75,6.9159603,16549
7.7,-3.0329235,16549
7.7,9.164041,16549
7.7,-0.9117409,16549
7.7,-2.2550056,16549
7.7,-7.040862,16549
7.64,8.714268,16549
7.6,7.888249,16549
7.52,-5.253151,16549
7.39,4.3421307,16549
7.37,2.6297917,16549
7.06,4.3077493,16549
7.01,2.6633809,16549
6.96,-11.722377,16549
6.89,1.4359683,16549
6.89,4.6082153,16549
6.89,-3.8920782,16549
6.89,6.496514,16549
6.89,5.0126753,16549
6.8,-5.6134152,16549
6.77,-7.5198307,16549
6.72,4.413019,16549
6.7,-9.667746,16549
6.66,3.0118043,16549
6.66,1.2696239,16549
6.6,-9.534103,16549
6.55,-2.862974,16549
6.54,-7.9800205,16549
6.5,-4.0280232,16549
6.46,-4.482934,16549
6.3,-0.08376285,16549
6.23,4.9951982,16549
6.08,8.859573,16549
6.04,11.866202,16549
5.23,0.19055934,16549
4.95,2.1406448,16549
9.43,0.32666242,10651
9.16,5.1915855,10651
8.51,-6.61297,10651
8.43,-8.1574745,10651
8.3,-0.5241918,10651
8.23,0.49512845,10651
8.21,-0.39965785,10651
7.89,-7.7669005,10651
7.78,-5.4243436,10651
7.73,4.2459445,10651
7.7,-8.747777,10651
7.68,-6.5562263,10651
7.36,5.005638,10651
7.32,-0.44616276,10651
5.03,0.9073325,12188
8.15,3.7277787,11130
7.85,-9.041406,11130
7.58,-7.0389557,11130
7.52,6.4108796,11130
7.42,1.2008697,11130
7.35,3.1561878,11130
7.33,-0.8621474,11130
6.8,1.6816659,11130
6.72,9.320469,11130
6.67,-3.875999,11130
6.6,4.399012,11130
6.46,-3.9197643,11130
6.41,-1.405003,11130
6.32,8.559241,11130
6.31,2.9441967,11130
6.04,3.1463103,11130
5.67,-2.9997957,11130
5.43,-5.613949,11130
5.13,-0.48884374,11130
4.06,-0.27507558,11130
8.43,1.8251613,9473
9.02,2.835821,8116
8.95,1.0446622,8116
8.89,1.5495337,8116
8.89,0.69334924,8116
8.85,1.1013621,8116
8.81,0.2679103,8116
8.62,1.471018,8116
8.6,2.1419933,8116
8.57,2.0400186,8116
8.56,-0.3664544,8116
8.56,1.733786,8116
8.53,1.8761811,8116
8.49,0.523244,8116
8.43,-6.6562624,8116
8.4,4.324075,8116
8.39,0.66154295,8116
8.29,-1.274862,8116
8.24,3.20363,8116
8.07,5.5029464,8116
7.99,-0.03132352,8116
7.99,3.7642086,8116
7.93,2.2838264,8116
7.91,-4.075243,8116
7.89,5.212509,8116
7.82,-0.4339064,8116
7.77,0.018847,8116
7.75,4.8957763,8116
7.68,2.7824311,8116
7.61,1.1492244,8116
7.46,-3.5336282,8116
7.45,0.9757209,8116
7.45,-3.9015653,8116
7.43,-1.7619358,8116
7.34,-0.8199494,8116
7.32,4.1676493,8116
7.2,2.9760478,8116
7.15,-3.313281,8116
7.11,-1.8904698,8116
6.83,3.2147973,8116
6.82,-1.584834,8116
6.79,-1.9745915,8116
6.54,1.8145789,8116
5.75,0.48214334,2699
8.1,1.5562567,11761
7.72,-1.2821406,11761
4.26,-5.363153,12013
7.28,0.20754322,17814
7.07,-1.2994945,17814
6.84,4.278274,17814
6.68,1.0406227,17814
6.63,1.0406218,17814
6.48,0.28717414,17814
6.16,-3.8984535,17814
6.04,4.2007384,17814
7.08,0.37926644,4817
6.98,0.37388203,4817
7.66,2.0738342,1385
9.51,15.204779,5637
9.34,16.241571,5637
9.11,10.590456,5637
9.02,6.4401293,5637
9.02,10.915019,5637
9.0,13.420886,5637
8.96,9.139026,5637
8.89,10.440727,5637
8.74,10.606297,5637
8.72,10.918973,5637
8.72,11.049927,5637
8.68,5.0100403,5637
8.64,11.2914915,5637
8.64,9.754242,5637
8.6,11.687798,5637
8.54,6.4603753,5637
8.38,11.590233,5637
8.37,3.567235,5637
8.36,13.44427,5637
8.3,12.691955,5637
8.29,11.267192,5637
8.28,-0.23984636,5637
8.04,7.838127,5637
8.03,4.588076,5637
7.99,2.2014134,5637
7.94,-2.7652986,5637
7.94,12.991955,5637
7.87,3.4342892,5637
7.87,1.667733,5637
7.86,5.7714787,5637
7.83,-17.70868,5637
7.78,-15.246967,5637
7.74,3.8451152,5637
7.73,-2.3005881,5637
7.7,-1.8944486,5637
7.7,-0.6026694,5637
7.57,-5.6097913,5637
7.47,-6.905354,5637
7.42,-10.704496,5637
7.38,-0.70124674,5637
7.37,-10.460499,5637
7.25,-14.457417,5637
7.12,-1.2248836,5637
7.1,-3.215304,5637
6.99,8.02739,5637
6.9,-7.3808293,5637
6.85,-15.88143,5637
6.38,-17.200735,5637
6.06,5.5031,5637
5.37,0.9680167,6009
5.12,1.1327518,6009
4.85,2.4951284,6009
4.85,-1.8124722,6009
4.77,-1.9593685,6009
4.39,-10.740916,6009
4.25,-2.3026774,6009
4.16,-8.265183,6009
5.46,0.91339684,14197
8.52,2.2479005,17856
8.52,3.9714038,17856
8.4,-2.59332,17856
8.4,6.2743473,17856
8.4,-2.2443237,17856
8.3,0.29903108,17856
8.3,-0.15758522,17856
8.3,-5.67986,17856
8.22,-7.758876,17856
8.15,2.1669242,17856
8.1,6.2109213,17856
8.05,2.23033,17856
8.05,7.1583385,17856
8.0,-2.2623866,17856
8.0,3.6860504,17856
8.0,3.9293098,17856
7.92,2.9029007,17856
7.85,2.6129396,17856
7.8,1.9543345,17856
7.8,-8.346799,17856
7.8,7.036804,17856
7.75,-2.1140478,17856
7.7,5.175489,17856
7.6,-8.210978,17856
7.46,-9.145661,17856
7.46,2.4242938,17856
7.4,3.5798233,17856
7.34,5.5394154,17856
7.25,6.0752606,17856
7.23,0.31752622,17856
7.21,-4.5613995,17856
7.17,2.8320267,17856
7.14,-2.5064929,17856
7.12,3.553439,17856
7.05,0.7587118,17856
6.82,7.189229,17856
6.66,4.848299,17856
6.6,1.6962925,17856
6.57,-10.00611,17856
6.5,2.5252755,17856
6.28,3.6440341,17856
6.16,-3.8114436,17856
5.7,0.06072825,17856
5.48,1.2788948,17856
5.35,1.0202478,17856
5.35,-1.4101923,17856
7.92,0.5493382,6344
6.87,2.1275146,6344
6.68,-3.8271184,6344
6.77,3.2591493,15122
6.33,-1.0039937,15122
6.2,7.491678,9625
5.5,4.3343616,9625
5.4,3.4345868,9625
5.4,-6.253008,9625
5.4,4.334362,9625
5.4,7.106191,9625
5.3,2.8310056,9625
5.3,5.9512143,9625
5.3,8.06494,9625
5.2,4.0234714,9625
5.1,5.1873302,9625
5.0,6.7200007,9625
4.8,4.332687,9625
4.6,-4.2230163,9625
4.6,-6.632415,9625
4.5,0.89155716,9625
6.78,3.807292,6433
6.04,4.9813013,6433
5.28,0.32638067,9239
8.52,7.2394166,16404
8.29,-1.929231,16404
8.25,3.770067,16404
8.17,-4.749242,16404
8.1,4.006439,16404
8.09,-2.6817865,16404
8.09,-7.077027,16404
8.06,-0.14924496,16404
8.04,5.661091,16404
7.96,-3.8542304,16404
7.89,-3.1637056,16404
7.89,-0.18815425,16404
7.89,-0.38301927,16404
7.85,-3.0289938,16404
7.82,-1.5055736,16404
7.7,1.2657,16404
7.58,5.561478,16404
7.58,-5.283466,16404
7.52,-2.2300115,16404
7.51,1.6626645,16404
7.51,-5.9610662,16404
7.47,5.3289247,16404
7.43,3.0067801,16404
7.28,-0.6989159,16404
7.04,-2.28664,16404
7.03,-7.810584,16404
6.96,1.9029913,16404
6.92,1.2165064,16404
6.89,-3.1863348,16404
6.8,5.722677,16404
6.68,-2.409558,16404
6.62,-8.006592,16404
5.4,2.5426223,894
9.0,-0.8660018,6143
9.0,5.6225705,6143
9.0,-2.8868568,6143
9.0,9.954492,6143
9.0,-11.987703,6143
9.0,3.6639035,6143
9.0,-0.31436273,6143
9.0,4.611304,6143
9.0,-0.3143629,6143
8.7,-1.0239898,6143
8.7,-9.276287,6143
8.7,-2.3394454,6143
8.7,11.4545765,6143
8.7,-3.7157652,6143
8.7,8.997396,6143
8.7,1.3885863,6143
8.7,11.204095,6143
8.7,7.5535374,6143
8.7,-3.5797641,6143
8.7,-6.338981,6143
8.7,-8.73254,6143
8.7,-5.7913218,6143
8.52,5.690648,6143
8.52,3.6639035,6143
8.52,-1.7910867,6143
8.4,-4.9667697,6143
8.4,5.690648,6143
8.4,-8.613865,6143
8.4,4.279939,6143
8.4,-6.2774763,6143
8.3,0.5157686,6143
8.3,-9.81851,6143
8.3,3.798305,6143
8.3,10.192272,6143
8.3,3.941371,6143
8.3,6.0713973,6143
8.3,10.249108,6143
8.22,-14.0805855,6143
8.22,-9.665252,6143
8.15,9.644067,6143
8.15,6.4868507,6143
8.15,-14.153626,6143
8.1,3.105267,6143
8.1,-5.502303,6143
8.1,-11.107383,6143
8.1,-10.497029,6143
8.1,-12.165587,6143
8.05,-3.018567,6143
8.0,0.29328263,6143
7.96,-7.1900597,6143
7.96,6.51318,6143
7.89,6.571273,6143
7.85,-3.7982218,6143
7.85,4.72801,6143
7.82,1.201999,6143
7.82,7.766847,6143
7.8,10.488034,6143
7.8,-4.0031476,6143
7.8,-12.1108265,6143
7.75,-4.183582,6143
7.75,-11.8614235,6143
7.75,-7.986739,6143
7.75,6.619893,6143
7.72,-5.6358843,6143
7.7,-10.936952,6143
7.68,-3.4789188,6143
7.66,-7.8540897,6143
7.62,-4.43836,6143
7.58,-4.183582,6143
7.57,8.383045,6143
7.55,-4.003148,6143
7.5,5.1235094,6143
7.48,-5.701337,6143
7.47,8.302402,6143
7.39,-3.0766025,6143
7.35,1.2444829,6143
7.3,-13.160579,6143
7.28,-10.464912,6143
7.26,5.62257,6143
7.17,-9.107048,6143
7.16,11.4545765,6143
7.14,-6.866198,6143
7.1,-6.1436725,6143
6.96,8.336212,6143
6.7,3.702737,6143
6.66,5.3820095,6143
6.56,-13.153841,6143
6.29,8.3024025,6143
6.23,6.1817207,6143
6.17,8.436652,6143
6.1,6.4718823,6143
5.99,3.27022,6143
5.96,-2.0670447,6143
5.7,6.093117,6143
6.55,2.139611,11646
9.64,-0.3874636,17543
9.46,8.175089,17543
9.29,5.269635,17543
9.14,4.5966754,17543
9.02,-5.493812,17543
8.92,10.602348,17543
8.46,2.054518,17543
8.29,14.99122,17543
8.27,10.788407,17543
8.12,-4.7648134,17543
7.99,2.3653734,17543
7.88,10.292383,17543
7.82,5.999542,17543
7.79,11.377996,17543
7.62,3.216972,17543
7.6,6.3493037,17543
7.46,1.8184676,17543
7.46,5.3781185,17543
7.38,5.6456904,17543
7.32,3.555815,17543
7.26,2.1733217,17543
7.05,-1.2328799,17543
6.75,0.89360636,17543
6.65,2.2696204,17543
6.63,-11.850317,17543
6.61,0.4117873,17543
6.58,-10.087281,17543
6.5,-2.0881538,17543
6.47,8.18128,17543
6.36,2.2362342,17543
6.15,7.034155,17543
6.08,-12.051034,17543
6.06,-8.107739,17543
5.89,-1.6498042,17543
5.39,-3.5168648,17543
5.14,-2.845551,17543
6.0,4.367288,2896
4.6,-1.3975054,2896
6.02,9.355233,883
5.88,6.061536,883
5.78,6.7381716,883
5.74,7.973269,883
5.69,1.9542683,883
5.65,-0.2212029,883
5.64,1.1692628,883
5.6,6.2860856,883
5.58,4.9363017,883
5.57,3.8691835,883
5.54,4.481076,883
5.39,6.6005034,883
4.46,-8.446962,883
6.66,-1.4093329,11253
6.13,-2.4900064,11253
5.85,11.500701,11253
5.58,4.2280145,11253
5.35,-4.7826056,11253
5.33,-5.164704,11253
5.25,-13.614004,11253
5.25,-0.64463,11253
5.1,-4.177158,11253
5.04,-3.819192,11253
5.03,12.410483,11253
8.15,-11.041324,1651
7.97,6.0776014,1651
7.77,-8.815163,1651
7.75,-8.063189,1651
7.28,-15.16893,1651
6.95,12.07182,1651
6.86,12.027397,1651
6.68,-2.5044277,1651
6.67,-8.952361,1651
6.61,-11.517177,1651
6.58,2.902636,1651
6.5,-7.515878,1651
6.49,-1.5925152,1651
6.36,-7.0002375,1651
6.27,-11.647551,1651
6.27,6.465531,1651
6.2,-16.689259,1651
6.18,-5.620556,1651
6.17,-16.91538,1651
6.15,-9.916853,1651
6.14,-15.492926,1651
6.09,-12.125632,1651
6.09,-7.1330037,1651
6.07,-16.3336,1651
6.01,-14.512251,1651
5.9,1.7083172,1651
5.86,18.161728,1651
5.7,20.5687,1651
5.62,7.628682,1651
5.61,8.457522,1651
5.55,-5.289454,1651
5.33,-1.060069,1651
5.08,-0.6921022,1651
6.22,0.0014626356,9521
5.0,2.6389992,10128
7.76,8.400406,6939
7.67,5.029738,6939
7.45,2.96189,6939
8.15,4.8106475,11379
7.32,3.6685228,11379
6.75,1.078375,12045
5.92,-5.415475,12045
9.22,8.493851,1291
9.0,-1.0822852,1291
9.0,8.423866,1291
9.0,9.56185,1291
9.0,4.6263533,1291
9.0,4.027499,1291
9.0,0.40567738,1291
9.0,0.104153365,1291
8.7,-3.3261924,1291
8.4,-1.9020106,1291
8.4,-0.61366665,1291
8.3,-7.667736,1291
8.22,-4.4955964,1291
8.22,-3.1629755,1291
8.1,-4.495595,1291
8.1,-7.8186836,1291
7.85,-5.512256,1291
7.77,-1.0075798,1291
7.75,-8.375595,1291
7.7,-6.6315193,1291
7.6,-9.602004,1291
7.46,1.612498,1291
7.34,-10.016363,1291
7.26,-11.6414585,1291
7.17,-3.3261924,1291
7.6,9.755873,808
7.58,9.509733,808
7.5,6.120851,808
7.35,0.7189634,808
7.1,2.4381478,808
6.7,2.1297593,808
6.63,2.1512418,808
6.61,2.509347,808
6.19,-8.178802,808
6.18,0.44533157,808
5.92,-9.986711,808
5.75,-9.938321,808
5.63,-1.8199065,808
5.62,-12.728771,808
5.6,-3.4972003,808
5.54,-12.289276,808
5.54,-11.413863,808
5.46,-9.873127,808
5.42,-12.243597,808
5.42,-8.875602,808
5.41,-8.640702,808
5.36,-11.934543,808
5.17,-9.520447,808
8.4,5.707778,3469
8.15,1.8645991,3469
8.05,7.832245,3469
8.0,5.2438216,3469
7.96,2.9926257,3469
7.89,6.744476,3469
7.8,1.4385517,3469
7.77,3.9891536,3469
7.68,2.353125,3469
7.66,2.6180124,3469
7.62,0.2369771,3469
7.57,6.9305105,3469
7.57,0.5598068,3469
7.46,-8.705422,3469
7.37,6.252432,3469
7.29,-5.640859,3469
7.28,5.0282574,3469
7.2,0.6359798,3469
7.16,4.6201205,3469
7.0,-7.707745,3469
6.98,9.852241,3469
6.38,9.119682,3469
5.24,1.6868789,1403
5.96,-2.1303155,7242
7.89,11.9417,15791
7.55,6.639106,15791
7.38,-12.707482,15791
7.3,-7.534827,15791
7.28,13.368854,15791
7.17,8.029149,15791
7.16,9.050411,15791
7.11,-2.1841009,15791
7.02,-5.6246586,15791
7.01,-3.4227047,15791
7.0,-4.2253904,15791
6.95,-17.03647,15791
6.92,4.4346437,15791
6.84,1.2935101,15791
6.62,0.77089,15791
6.03,-6.423154,15791
6.8,2.4585283,13675
5.54,-1.5832822,13675
8.4,5.220746,2113
8.22,-10.299647,2113
8.22,-7.6743445,2113
8.15,-6.50344,2113
8.1,-1.7698694,2113
8.0,0.32660842,2113
7.92,-7.3149185,2113
7.89,6.125682,2113
7.77,-1.5965587,2113
7.7,-4.994431,2113
7.57,0.39666754,2113
7.47,-5.708604,2113
7.43,1.8964406,2113
7.4,4.0137343,2113
7.35,-0.7388385,2113
7.3,-3.8977065,2113
7.1,-6.5875735,2113
7.0,5.470653,2113
7.0,7.384477,2113
6.92,1.9851418,2113
6.92,1.416722,2113
6.89,-1.6330693,2113
6.85,2.1943789,2113
6.82,-1.5249379,2113
6.76,-0.27363464,2113
6.75,-0.73172647,2113
6.75,0.3104376,2113
6.7,3.4214973,2113
6.64,4.0871806,2113
6.64,5.040282,2113
6.64,-1.6781554,2113
6.57,-0.08138706,2113
6.07,5.67785,2113
6.05,3.7436635,2113
5.48,0.34369573,2113
8.89,1.6685214,12258
8.52,2.0128562,12258
8.37,5.3357306,12258
8.08,7.8794,12258
7.89,1.3515439,12258
7.85,-3.2577586,12258
7.62,0.0027075121,12258
7.57,-0.5264141,12258
7.55,-1.9315991,12258
7.54,6.0287733,12258
7.52,-1.1397797,12258
7.41,7.6148086,12258
7.37,-3.2426517,12258
7.29,5.3834486,12258
7.24,3.7809248,12258
7.17,8.68615,12258
6.77,3.603503,12258
6.76,-6.8017507,12258
6.62,-1.752033,12258
6.44,-1.6927793,12258
6.41,-3.5795786,12258
5.79,-9.991084,11600
5.79,-8.958701,11600
5.79,-8.208937,11600
5.79,-9.486111,11600
5.79,-4.752882,11600
5.79,-10.053099,11600
5.79,-10.948762,11600
5.79,-0.22824445,11600
5.79,-1.6975508,11600
5.79,-2.9875178,11600
5.79,1.5666338,11600
4.11,-7.9314165,2325
7.89,12.5716095,16930
7.75,2.2777429,16930
7.66,8.87647,16930
7.64,8.408206,16930
7.58,7.8520217,16930
7.51,6.5032206,16930
7.5,5.947564,16930
7.47,-8.709295,16930
7.46,-1.8740795,16930
7.44,-1.5352067,16930
7.42,9.174505,16930
7.39,2.9252505,16930
7.37,4.388748,16930
7.37,3.563727,16930
7.28,4.890049,16930
7.27,3.5312154,16930
7.22,1.4361837,16930
7.16,4.890047,16930
7.12,-5.7095985,16930
6.96,-3.515893,16930
6.92,-2.5224905,16930
6.77,-13.229821,16930
6.75,-14.969608,16930
6.72,-8.320309,16930
6.72,-10.220441,16930
6.6,10.053786,16930
6.16,-7.083511,13100
6.16,4.448404,13100
6.27,1.5671269,1526
4.6,1.6214787,16470
8.52,-6.836725,11255
8.3,10.742138,11255
8.05,11.907125,11255
7.85,1.8829839,11255
7.85,4.269557,11255
7.7,0.36923933,11255
7.57,2.0929465,11255
7.21,8.435985,11255
7.19,-0.48159838,11255
6.5,2.467442,11255
5.09,-5.8581653,11255
8.51,1.920045,9656
8.47,3.0976152,9656
10.43,-10.077795,5857
6.82,-6.2440867,5857
6.48,0.23640874,5857
6.03,3.2274165,5857
6.02,3.326579,5857
5.79,-0.08448396,5857
5.32,8.740605,5857
5.28,4.5848885,5857
5.92,4.5219636,5599
5.52,-2.927042,5599
5.2,-10.284862,5599
7.32,3.4052677,6767
6.3,0.61194026,6767
8.86,3.6972363,13443
8.68,1.5588785,13443
8.62,20.209074,13443
8.39,5.101123,13443
8.3,1.5649443,13443
8.21,1.9056762,13443
8.13,20.209074,13443
8.04,11.335452,13443
8.03,22.721094,13443
7.92,21.151764,13443
7.9,22.58119,13443
7.87,21.151758,13443
7.2,-1.2250099,13443
6.95,-12.84048,13443
6.9,5.537934,13443
6.85,5.5326886,13443
6.73,6.0195465,13443
6.66,-12.383275,13443
6.61,3.0569792,13443
7.21,-2.0908,7997
7.3,2.8645709,2566
4.7,4.7271376,16553
4.7,0.6946405,16553
5.48,-1.2473541,15420
5.05,-0.7199845,15420
4.05,5.066167,15420
5.31,0.8329443,5225
6.15,-0.42126772,16933
4.02,-3.488998,15716
3.52,-9.935853,15716
7.33,6.000281,7256
6.85,-0.54690164,7256
6.0,0.058882993,7256
4.8,-5.1659484,7256
6.66,3.579964,14795
7.12,-0.03490263,7358
8.1,-0.5418463,5992
5.27,-2.482189,353
5.82,1.0927976,15485
8.3,8.591625,1051
8.22,2.1385815,1051
8.1,9.994955,1051
8.0,6.973212,1051
8.0,14.518927,1051
7.68,-1.5067911,1051
7.2,2.2824535,1051
7.08,4.9611173,1051
6.92,2.8563488,1051
6.85,6.8454704,1051
6.55,-5.225352,1051
6.38,-12.05518,1051
6.24,-0.5961138,1051
6.22,2.2703817,1051
6.21,-9.431283,1051
5.85,1.1659838,1051
5.85,-13.316685,1051
5.6,-0.35278106,1051
5.25,-0.3608162,1051
8.8,0.48262322,3838
8.6,11.627229,7307
8.27,9.024138,7307
8.2,8.026361,7307
8.17,8.655389,7307
8.12,8.1990795,7307
8.09,8.655388,7307
8.05,8.199079,7307
8.02,9.788167,7307
7.92,7.821312,7307
7.92,10.775257,7307
7.92,7.4721804,7307
7.89,7.444155,7307
7.89,9.788167,7307
7.7,1.6491996,7307
7.58,3.9149942,7307
7.54,7.075304,7307
7.5,2.6118,7307
7.43,-0.36223173,7307
7.25,1.4223205,7307
7.2,-8.424775,7307
7.17,-2.0071383,7307
7.16,3.443093,7307
7.12,1.9915835,7307
7.08,0.20104846,7307
7.0,2.1590543,7307
6.89,9.391766,7307
6.8,-11.555907,7307
6.6,-13.070951,7307
6.55,-12.835776,7307
6.43,-11.8455,7307
6.33,-14.350273,7307
6.26,-13.5949335,7307
6.0,-13.052255,7307
6.54,3.535478,16346
5.96,0.5902541,16346
7.04,1.6010188,14709
6.97,-2.0003126,14709
6.46,12.68988,14709
6.38,11.408766,14709
6.38,-1.7467633,14709
6.33,3.5529416,14709
6.32,-12.9509325,14709
6.3,-4.2841325,14709
6.29,0.8992446,14709
6.25,6.319501,14709
6.24,8.989018,14709
6.17,4.4191494,14709
5.61,-16.428297,14709
5.58,-8.523944,14709
9.0,0.4523548,4965
7.8,2.3131676,273
7.7,3.3438358,273
7.66,3.4284875,273
7.66,-0.70526665,273
7.6,0.06945995,273
7.6,-2.4521086,273
7.4,-3.5712209,273
7.31,-6.998066,273
7.03,-3.727161,273
6.71,-5.065734,273
6.7,1.7860348,273
6.58,-1.7470063,273
6.23,1.1245227,273
6.19,-3.1189485,273
5.43,-1.2086716,273
7.31,-0.90331566,5993
7.91,0.7346431,4565
5.55,0.78554976,3126
6.62,-2.0815938,16000
9.12,3.1759849,3904
5.52,3.216616,2348
5.62,16.02049,8723
5.06,-5.5763516,8723
4.75,-6.012058,8723
4.6,1.1940274,8723
7.62,2.0606956,6148
6.7,10.195044,6562
6.58,8.000717,6562
6.22,4.369043,6562
5.9,-0.09592351,6562
5.84,-2.0421445,6562
5.38,-0.5998877,6562
5.3,0.1948121,6562
5.22,-4.6688805,6562
5.18,-5.629164,6562
5.18,0.4228037,6562
5.13,-0.6768183,6562
5.07,-8.2473,6562
5.03,-6.37958,6562
5.02,-7.916742,6562
4.97,-5.2754917,6562
4.96,-6.885928,6562
4.91,-8.993212,6562
4.82,-6.96499,6562
4.67,-9.52923,6562
4.59,-7.9180365,6562
4.57,-8.514455,6562
6.42,2.603381,2525
6.06,0.16219905,3239
6.86,-0.0058226334,3544
7.46,1.1142174,6396
7.33,-7.052154,6396
7.28,-7.9690914,6396
7.27,-4.6091886,6396
7.21,-2.0951412,6396
7.21,4.0836315,6396
7.21,-7.087682,6396
7.18,-9.073414,6396
7.15,0.18690825,6396
7.14,-8.905462,6396
7.11,-4.170557,6396
7.05,4.2806153,6396
7.04,-5.009019,6396
7.04,-1.4202925,6396
7.03,-2.712258,6396
7.01,1.4707171,6396
6.96,-2.7448852,6396
6.92,-8.905675,6396
6.92,0.54585886,6396
6.9,-1.1204308,6396
6.9,-2.3357742,6396
6.87,3.1330187,6396
6.87,-6.109135,6396
6.86,-3.7921922,6396
6.84,-1.4714153,6396
6.84,-4.805193,6396
6.82,-1.3489224,6396
6.78,-4.3056736,6396
6.74,-7.9126563,6396
6.73,-2.4711401,6396
6.67,-8.848829,6396
6.56,-1.3988729,6396
6.47,-6.8771253,6396
6.46,-1.8460833,6396
6.34,-13.008305,6396
6.32,2.5344856,6396
6.3,-0.7134247,6396
6.1,17.624216,6396
6.05,14.334439,6396
5.85,1.2283413,770
7.21,2.6327777,5301
7.11,0.4996915,5301
7.09,4.135601,5301
6.99,0.26472265,5301
6.94,2.1983418,5301
6.91,-1.567828,5301
6.89,2.7027493,5301
6.84,-0.2963925,5301
6.8,0.44403058,5301
6.71,-1.4637308,5301
6.71,-2.2807662,5301
6.7,-3.235959,5301
6.67,-3.7468274,5301
6.66,-0.421102,5301
6.51,-6.50914,5301
6.36,-7.786187,5301
6.33,-5.268847,5301
6.3,-6.961899,5301
6.25,-7.8570914,5301
6.1,-9.391597,5301
7.19,0.64847827,5452
8.22,1.6294538,9186
8.21,1.2939224,9186
6.63,1.4006091,9712
7.82,3.7978623,12361
7.48,4.079065,12361
7.34,2.703202,12361
6.99,0.17079847,12361
6.51,-9.919314,12361
7.96,5.3434515,1831
7.75,3.3276474,1831
9.74,7.3940225,15223
9.72,1.2845682,15223
9.72,10.162138,15223
9.66,2.5934758,15223
9.55,5.5886884,15223
9.46,1.1404282,15223
9.36,4.49669,15223
9.25,10.619016,15223
9.19,5.7542553,15223
9.11,10.412459,15223
9.03,0.6611626,15223
9.0,0.14404185,15223
8.96,-8.612777,15223
8.92,-0.8674102,15223
8.92,-0.27583954,15223
8.89,10.347634,15223
8.82,2.4883595,15223
8.82,0.7266759,15223
8.77,4.5452275,15223
8.77,12.710984,15223
8.74,3.7958565,15223
8.74,-1.9226286,15223
8.55,-7.9042816,15223
8.51,-2.1540287,15223
8.41,8.638623,15223
8.19,1.0552492,15223
8.09,6.4597144,15223
8.05,-7.157982,15223
7.57,-9.220193,15223
6.93,-8.530131,15223
6.4,0.34833503,12326
9.05,0.8462508,2093
8.7,1.7495297,2093
8.52,-6.934962,2093
8.3,1.7324078,2093
8.1,-0.549772,2093
7.92,-7.298771,2093
6.89,7.127242,2093
6.56,-3.4681206,2093
5.93,-1.3466233,2093
8.52,-0.6812528,14872
7.62,8.735997,12724
7.53,-3.2548757,12724
7.32,-0.34851676,12724
7.24,-5.7269015,12724
7.19,-4.0443296,12724
7.16,-6.685762,12724
7.1,-8.8615465,12724
7.1,5.92361,12724
7.04,-5.298124,12724
7.01,5.6526284,12724
7.0,-2.350385,12724
6.99,-6.129938,12724
6.9,-1.1699557,12724
6.86,-8.808652,12724
6.83,-2.0927806,12724
6.75,11.311039,12724
6.6,-1.6232989,12724
7.96,10.634287,11272
7.85,-3.178356,11272
7.64,1.4662911,11672
7.51,-1.2940934,11672
8.7,2.6501439,5150
7.89,7.0364356,5150
7.19,-7.9590006,5150
5.82,-2.9080954,5150
5.17,-4.939055,5150
8.4,8.926557,4514
8.22,3.0622733,4514
8.2,-3.7664194,4514
8.0,4.124202,4514
8.0,-6.643264,4514
8.0,1.6340041,4514
8.0,11.716203,4514
8.0,-0.71423274,4514
8.0,12.186112,4514
8.0,-2.6883242,4514
7.89,12.51102,4514
7.8,-2.4189975,4514
7.6,-7.684634,4514
7.5,0.3579996,4514
7.5,-1.1626774,4514
7.2,-5.573269,4514
7.1,-3.9859874,4514
6.7,-6.6178174,4514
6.4,-5.28314,4514
6.3,6.1907034,4514
6.2,-5.820806,4514
5.6,1.6182356,4514
5.4,-7.069097,4514
9.3,3.5309386,9902
5.64,3.268815,8479
8.72,4.595962,9281
8.28,1.3109748,9281
8.14,0.16745202,9281
7.97,-2.222226,9281
7.94,-2.429827,9281
7.93,2.5154803,9281
7.9,-2.346841,9281
7.84,2.634701,9281
7.81,1.6488254,9281
7.58,2.8890631,9281
7.44,0.018912256,9281
7.11,4.4948454,9281
7.03,-2.0753803,9281
6.97,2.265122,9281
6.89,-1.5132438,9281
6.78,-7.979117,9281
6.71,-5.2607474,9281
6.7,-0.24428606,9281
6.36,-1.017534,9281
5.94,-3.391354,9281
5.72,-4.230523,9281
8.92,1.438712,12632
9.0,-0.6038122,17664
8.14,2.1602874,4941
8.28,3.7839053,6618
8.52,5.7686977,6319
8.15,1.559301,6319
8.05,0.06524283,6319
7.96,2.18314,6319
7.89,1.2385625,6319
8.52,-12.828705,14212
8.52,8.642872,14212
7.1,-0.81943065,14212
9.48,17.428034,9441
9.41,-1.1416022,9441
9.39,-3.9328372,9441
9.31,-0.007887616,9441
9.29,-10.698212,9441
9.28,-5.832992,9441
9.27,-6.9975905,9441
9.24,-1.3995355,9441
9.24,-7.7853956,9441
9.21,2.7693021,9441
9.17,3.0386114,9441
9.13,-7.3619304,9441
9.09,-6.280845,9441
9.07,-6.3554964,9441
8.8,-5.321614,9441
8.68,-5.4685783,9441
8.66,-2.0472515,9441
8.64,5.950504,9441
8.6,-6.2752132,9441
8.42,-3.2103324,9441
8.4,-4.2360735,9441
8.38,0.61208266,9441
8.37,-6.43155,9441
8.33,-5.6619363,9441
8.19,5.699712,9441
8.0,5.545876,9441
7.82,-2.5344656,9441
7.47,1.6419009,9441
7.1,6.0781164,9441
7.0,7.7191696,9441
5.06,0.94527924,9441
6.24,3.3006978,14566
6.94,-0.5679922,4302
8.32,-0.6593951,6248
7.81,-0.57702833,6248
7.74,5.4845085,6248
7.72,6.375512,6248
7.69,5.3990245,6248
7.64,-1.4898612,6248
7.62,-9.903705,6248
7.62,-8.289641,6248
7.59,10.065053,6248
7.58,-5.705801,6248
7.57,0.22947413,6248
7.57,4.021882,6248
7.54,-7.5481553,6248
7.54,-10.351044,6248
7.52,-10.736299,6248
7.52,-6.41893,6248
7.52,8.49504,6248
7.51,-1.2928871,6248
7.5,-9.9409685,6248
7.5,-1.1621386,6248
7.5,2.392956,6248
7.44,-3.3732438,6248
7.44,-1.0771961,6248
7.43,0.25167194,6248
7.43,3.1517746,6248
7.43,4.8767805,6248
7.43,-7.7731285,6248
7.43,-2.7463846,6248
7.42,-1.5876079,6248
7.41,-7.479866,6248
7.41,-8.583974,6248
7.4,-0.7899328,6248
7.4,-16.023678,6248
7.4,-8.699443,6248
7.38,1.3549538,6248
7.38,2.1587703,6248
7.37,-9.249305,6248
7.36,3.440569,6248
7.35,-3.514747,6248
7.35,4.0433245,6248
7.35,2.5136898,6248
7.34,5.8489585,6248
7.34,-7.3748646,6248
7.34,5.7798867,6248
7.34,1.9425961,6248
7.34,6.6097836,6248
7.34,6.8499093,6248
7.33,-3.2716005,6248
7.33,7.7833323,6248
7.33,0.9742375,6248
7.32,3.9511108,6248
7.32,0.9959347,6248
7.32,-9.086632,6248
7.31,4.1196623,6248
7.31,1.7340763,6248
7.31,1.4644128,6248
7.3,-9.806935,6248
7.3,-0.3730337,6248
7.29,6.522484,6248
7.29,4.8701234,6248
7.29,4.9602985,6248
7.28,-2.40839,6248
7.28,-6.699779,6248
7.28,2.4923537,6248
7.28,-1.6817279,6248
7.28,1.9562565,6248
7.27,3.3892078,6248
7.27,-3.6705513,6248
7.26,-1.43967,6248
7.26,2.0797522,6248
7.25,-0.3428258,6248
7.25,-8.22383,6248
7.24,4.4506927,6248
7.24,-7.9254804,6248
7.24,-6.3813267,6248
7.24,-0.3881265,6248
7.24,-6.9373407,6248
7.24,-0.10441357,6248
7.24,-9.283001,6248
7.24,6.7726097,6248
7.24,-6.782356,6248
7.24,4.241929,6248
7.23,0.09532164,6248
7.23,2.5838842,6248
7.23,4.1541758,6248
7.23,-7.8357577,6248
7.22,2.716564,6248
7.22,7.365172,6248
7.21,-12.328734,6248
7.21,7.6575785,6248
7.21,2.9816499,6248
7.2,0.12659027,6248
7.2,-3.0289958,6248
7.2,-3.7560296,6248
7.2,1.2154906,6248
7.2,7.4617586,6248
7.2,-2.1300151,6248
7.2,4.3812714,6248
7.2,2.242339,6248
7.2,1.0188276,6248
7.19,-13.944599,6248
7.19,-6.1432657,6248
7.19,5.9220524,6248
7.19,8.1437435,6248
7.19,4.2682276,6248
7.19,-0.5900909,6248
7.19,-5.5062313,6248
7.19,-13.215742,6248
7.19,-10.684868,6248
7.19,4.0149865,6248
7.18,-6.2423453,6248
7.18,-2.7279215,6248
7.18,-6.782356,6248
7.18,2.24702,6248
7.18,-13.217411,6248
7.17,-2.198928,6248
7.17,9.018302,6248
7.17,-4.8865824,6248
7.17,7.4262466,6248
7.17,8.353584,6248
7.17,-4.3064537,6248
7.17,0.06029291,6248
7.17,-7.5417953,6248
7.16,7.464541,6248
7.16,8.014769,6248
7.16,6.8631454,6248
7.16,6.772609,6248
7.16,-0.33458638,6248
7.15,-2.9847476,6248
7.15,6.269237,6248
7.15,2.0318763,6248
7.14,0.3406357,6248
7.14,-1.723834,6248
7.14,1.410471,6248
7.14,-5.9614544,6248
7.14,3.648608,6248
7.13,-0.4364851,6248
7.13,3.1678832,6248
7.13,-0.46015936,6248
7.12,-5.372605,6248
7.12,1.9117562,6248
7.11,-14.718109,6248
7.11,-2.852227,6248
7.11,1.4326454,6248
7.11,4.9626083,6248
7.1,4.0245905,6248
7.1,0.71040714,6248
7.1,0.20883814,6248
7.1,4.891235,6248
7.09,7.991929,6248
7.09,0.4376591,6248
7.09,1.4555202,6248
7.09,-7.505542,6248
7.09,4.0446863,6248
7.08,9.396651,6248
7.08,-5.683526,6248
7.08,7.4764695,6248
7.07,-0.6547172,6248
7.07,5.6556354,6248
7.07,10.390538,6248
7.07,-2.9766357,6248
7.07,7.126427,6248
7.07,6.2645597,6248
7.07,-5.4134574,6248
7.06,-7.4014378,6248
7.05,-2.8208776,6248
7.05,-6.2986803,6248
7.05,0.45556206,6248
7.04,-2.1775587,6248
7.04,7.3180532,6248
7.04,-4.04498,6248
7.04,6.6252604,6248
7.04,-2.9933856,6248
7.04,4.9700685,6248
7.04,3.5045347,6248
7.03,-3.0373023,6248
7.03,-5.8333297,6248
7.02,10.786407,6248
7.02,2.5816987,6248
7.02,4.5098424,6248
7.01,7.4324093,6248
7.01,-6.137851,6248
7.01,8.293889,6248
7.01,-8.851833,6248
7.01,-4.372396,6248
7.0,-1.1401031,6248
7.0,-4.962264,6248
7.0,3.685147,6248
7.0,-2.8181694,6248
7.0,-12.7219,6248
7.0,-12.666702,6248
7.0,-13.16636,6248
6.99,4.1150594,6248
6.99,0.55392236,6248
6.98,-3.2123156,6248
6.98,1.1732241,6248
6.97,0.3761577,6248
6.97,4.2494807,6248
6.97,-4.271807,6248
6.97,-7.4420257,6248
6.97,-0.5159152,6248
6.97,0.6969754,6248
6.97,2.791629,6248
6.96,1.9805181,6248
6.96,-4.2598486,6248
6.96,2.5231597,6248
6.96,1.1070875,6248
6.96,-0.11070626,6248
6.96,-6.5069413,6248
6.96,-10.035976,6248
6.96,3.9846299,6248
6.96,-6.243669,6248
6.96,-6.2168846,6248
6.96,6.072377,6248
6.95,-5.429637,6248
6.95,-2.1865568,6248
6.95,6.8808317,6248
6.94,-2.2586634,6248
6.94,0.31707257,6248
6.94,-0.6122958,6248
6.94,4.130209,6248
6.94,0.6693116,6248
6.94,3.407492,6248
6.93,-4.356731,6248
6.93,7.3932643,6248
6.93,5.436491,6248
6.93,-2.7839508,6248
6.92,0.75694275,6248
6.92,0.94276905,6248
6.92,7.378523,6248
6.92,5.6151547,6248
6.92,9.168763,6248
6.92,6.690208,6248
6.92,6.3252845,6248
6.92,3.1393747,6248
6.91,-4.601909,6248
6.91,12.099379,6248
6.91,2.9370492,6248
6.91,-13.750682,6248
6.91,6.914822,6248
6.91,-3.7121012,6248
6.9,1.7100788,6248
6.9,6.3929186,6248
6.9,9.442093,6248
6.9,2.836145,6248
6.9,6.281888,6248
6.9,7.644578,6248
6.9,10.588147,6248
6.89,7.096334,6248
6.89,3.9996345,6248
6.89,-8.572668,6248
6.88,5.9461203,6248
6.88,3.0801392,6248
6.88,2.7384975,6248
6.87,3.1393747,6248
6.87,4.0008388,6248
6.87,5.7789793,6248
6.87,2.6139367,6248
6.87,6.4899936,6248
6.87,2.4044561,6248
6.87,3.7027192,6248
6.86,4.689374,6248
6.86,-15.324617,6248
6.86,-9.489023,6248
6.86,-3.2041256,6248
6.85,6.6505065,6248
6.85,8.185226,6248
6.85,-3.2451746,6248
6.85,-11.296235,6248
6.85,8.042716,6248
6.84,3.626549,6248
6.84,6.981847,6248
6.84,-2.5483253,6248
6.84,6.4605346,6248
6.84,5.073276,6248
6.83,-2.5054884,6248
6.83,-2.505488,6248
6.83,-1.9711171,6248
6.83,0.2386679,6248
6.83,5.6681423,6248
6.83,6.9343185,6248
6.82,8.269392,6248
6.82,10.659721,6248
6.82,-6.687852,6248
6.82,-0.5339249,6248
6.81,1.9985701,6248
6.81,3.3230283,6248
6.81,8.441771,6248
6.81,3.6060388,6248
6.81,7.4901114,6248
6.81,3.8916028,6248
6.8,5.8742285,6248
6.8,2.501774,6248
6.8,1.9771802,6248
6.8,0.5045866,6248
6.8,3.4300115,6248
6.8,5.8505383,6248
6.8,1.6677637,6248
6.8,2.1951573,6248
6.79,-0.17413875,6248
6.79,1.6781645,6248
6.79,3.6199172,6248
6.79,0.88038504,6248
6.79,5.884994,6248
6.79,-3.6631231,6248
6.79,0.1420249,6248
6.79,3.3892078,6248
6.79,9.818603,6248
6.79,-2.961695,6248
6.79,0.37198094,6248
6.78,-4.2826495,6248
6.78,7.271104,6248
6.78,4.582938,6248
6.77,9.58081,6248
6.77,6.5849085,6248
6.77,-1.626701,6248
6.76,-2.5733936,6248
6.76,6.471821,6248
6.76,5.1201468,6248
6.76,8.933138,6248
6.76,-11.035196,6248
6.76,0.20655319,6248
6.75,-8.572668,6248
6.75,-6.433239,6248
6.75,7.839847,6248
6.75,2.5722606,6248
6.75,3.526007,6248
6.75,7.0765376,6248
6.75,9.987198,6248
6.74,5.7385893,6248
6.74,-6.265635,6248
6.74,-2.6670942,6248
6.74,-3.8968825,6248
6.74,-3.5284426,6248
6.73,-16.096344,6248
6.73,5.7231035,6248
6.73,-6.460981,6248
6.73,-11.296235,6248
6.73,-1.5698597,6248
6.73,-5.037315,6248
6.72,-5.535257,6248
6.72,0.8601969,6248
6.72,-0.612296,6248
6.72,0.012238239,6248
6.71,-0.61229527,6248
6.71,2.6229362,6248
6.71,-8.487842,6248
6.71,1.7530292,6248
6.7,5.1826835,6248
6.7,10.628678,6248
6.7,1.9461678,6248
6.7,0.6969758,6248
6.7,6.0340614,6248
6.7,-12.350206,6248
6.7,7.9461484,6248
6.7,3.1883543,6248
6.69,-0.0015365584,6248
6.69,-1.0673674,6248
6.69,7.0103745,6248
6.69,-1.9899658,6248
6.69,10.53416,6248
6.69,7.088604,6248
6.69,3.626549,6248
6.68,4.5745163,6248
6.68,-1.9088058,6248
6.68,1.0251318,6248
6.68,-3.3731077,6248
6.67,7.302032,6248
6.67,1.5414456,6248
6.67,6.03905,6248
6.67,-5.485942,6248
6.67,0.96515125,6248
6.67,3.5594852,6248
6.67,-9.248826,6248
6.66,-0.40833816,6248
6.66,1.5822625,6248
6.66,8.610353,6248
6.65,4.379879,6248
6.65,0.24280366,6248
6.65,-3.926034,6248
6.65,6.498678,6248
6.65,-9.809544,6248
6.65,-6.8226347,6248
6.64,-4.6423683,6248
6.64,0.37198064,6248
6.64,8.595723,6248
6.63,-4.0108366,6248
6.63,-0.30932975,6248
6.63,-8.57267,6248
6.63,-3.4952304,6248
6.63,6.700955,6248
6.63,6.8499084,6248
6.63,-3.1605775,6248
6.63,7.8325424,6248
6.62,3.299955,6248
6.62,3.0128615,6248
6.62,8.755209,6248
6.62,5.803314,6248
6.62,5.9514165,6248
6.61,-9.189152,6248
6.61,10.477428,6248
6.61,-3.8365033,6248
6.61,0.1370422,6248
6.6,-1.7035465,6248
6.6,5.678083,6248
6.6,5.7877216,6248
6.6,6.4385614,6248
6.6,-4.657611,6248
6.59,-13.28523,6248
6.59,-1.319176,6248
6.58,4.923581,6248
6.58,2.983511,6248
6.58,7.644577,6248
6.57,0.37198094,6248
6.57,5.893749,6248
6.57,6.9807158,6248
6.57,3.2360978,6248
6.57,-0.53140825,6248
6.57,1.70513,6248
6.56,-3.8365035,6248
6.56,2.7490792,6248
6.56,-12.576401,6248
6.56,0.94026035,6248
6.55,-6.6906815,6248
6.55,3.8940861,6248
6.55,4.8878074,6248
6.55,0.8593265,6248
6.55,4.6797175,6248
6.54,2.9020536,6248
6.54,9.383586,6248
6.54,5.489105,6248
6.54,10.505691,6248
6.53,3.6043503,6248
6.53,-1.9808367,6248
6.53,1.0425514,6248
6.52,4.102094,6248
6.52,6.9548025,6248
6.51,5.1122723,6248
6.51,8.765437,6248
6.51,2.5245168,6248
6.51,-12.925075,6248
6.51,-11.971075,6248
6.51,2.1506608,6248
6.5,6.450756,6248
6.49,-8.071969,6248
6.49,0.45366088,6248
6.49,2.3344266,6248
6.49,6.9667153,6248
6.49,1.8328997,6248
6.48,8.1834,6248
6.48,6.870168,6248
6.48,-1.4574329,6248
6.48,-10.792265,6248
6.48,3.5132363,6248
6.47,-6.804475,6248
6.47,3.8648965,6248
6.47,0.9976839,6248
6.47,2.441781,6248
6.47,3.9943726,6248
6.46,3.594093,6248
6.46,1.5180387,6248
6.46,1.5841119,6248
6.46,6.471157,6248
6.46,5.295375,6248
6.46,6.42207,6248
6.46,3.1853468,6248
6.45,9.246707,6248
6.45,5.3592997,6248
6.45,-1.9711161,6248
6.45,-13.363284,6248
6.45,6.9617844,6248
6.45,6.8499084,6248
6.45,4.815713,6248
6.45,6.744851,6248
6.44,4.219934,6248
6.44,3.587679,6248
6.44,-0.09471171,6248
6.44,7.3626976,6248
6.44,5.3271055,6248
6.43,6.045545,6248
6.43,-4.1885247,6248
6.43,-6.772153,6248
6.43,1.7271837,6248
6.43,8.022874,6248
6.42,-13.025959,6248
6.42,8.563057,6248
6.42,-11.680312,6248
6.41,-0.8836587,6248
6.41,6.5532837,6248
6.41,6.0289974,6248
6.4,-6.2885685,6248
6.4,3.3491127,6248
6.4,0.16769162,6248
6.4,-5.5362506,6248
6.39,0.47771412,6248
6.39,8.4043,6248
6.39,6.77721,6248
6.38,-10.692973,6248
6.38,5.408449,6248
6.38,1.4906068,6248
6.38,3.8061976,6248
6.38,-0.9608133,6248
6.38,-0.6035733,6248
6.37,-0.91098225,6248
6.36,5.150134,6248
6.36,-8.244197,6248
6.36,-6.445199,6248
6.36,0.8489935,6248
6.35,3.434024,6248
6.35,-6.020105,6248
6.34,-7.041864,6248
6.34,6.363862,6248
6.34,1.4998966,6248
6.33,1.7832556,6248
6.33,-0.34132037,6248
6.33,0.6059514,6248
6.33,5.007758,6248
6.33,2.349757,6248
6.33,6.670643,6248
6.32,-0.83360374,6248
6.32,4.233357,6248
6.32,4.8114314,6248
6.31,5.488459,6248
6.31,7.1565084,6248
6.3,-2.1309278,6248
6.3,3.0724704,6248
6.3,-5.8359084,6248
6.3,-11.353827,6248
6.29,3.6230938,6248
6.29,-3.6948855,6248
6.28,-2.0072584,6248
6.28,0.45024014,6248
6.27,5.188048,6248
6.27,-15.070791,6248
6.27,-12.275235,6248
6.26,5.0733685,6248
6.26,0.3501557,6248
6.26,-3.7737467,6248
6.25,11.356681,6248
6.25,3.9761574,6248
6.24,3.9701636,6248
6.24,-5.6978955,6248
6.24,6.877579,6248
6.23,3.8391314,6248
6.23,7.545396,6248
6.22,-4.170328,6248
6.22,-5.1815176,6248
6.22,-4.645065,6248
6.22,7.442047,6248
6.2,9.029442,6248
6.2,1.6022198,6248
6.19,6.917032,6248
6.19,3.0941868,6248
6.19,-3.907741,6248
6.18,-15.698275,6248
6.18,5.9851108,6248
6.18,5.739977,6248
6.17,1.7921189,6248
6.11,10.009164,6248
6.11,5.8487363,6248
6.08,5.2699237,6248
6.06,9.430796,6248
6.03,8.924223,6248
6.03,7.244835,6248
6.01,-6.6405206,6248
5.99,-8.725333,6248
5.93,1.5755143,6248
5.9,-0.302105,6248
5.89,4.6874123,6248
5.88,-1.9130303,6248
5.87,4.292166,6248
5.74,5.8435965,6248
5.66,5.535031,6248
5.51,2.8115935,6248
7.82,-1.3289748,12462
7.82,2.9288855,12462
7.57,8.219,12462
5.92,7.389844,15700
5.92,-5.5603995,15700
5.8,-13.616604,15700
5.77,-8.124888,15700
5.75,-3.1342633,15700
5.4,5.9629884,15700
5.31,5.0016055,15700
5.1,16.377836,15700
4.85,-8.8918915,15700
4.82,-7.0950885,15700
4.66,-6.150685,15700
8.37,11.893207,948
8.32,6.3729706,948
8.2,0.027449083,948
8.14,12.46099,948
7.85,13.226829,948
7.46,-5.223443,948
7.26,7.1806316,948
7.14,0.5121798,948
7.07,12.757737,948
7.07,6.7888947,948
6.82,0.61721474,948
6.8,-1.7639234,948
6.77,2.494454,948
6.77,-4.628916,948
6.77,-3.6037176,948
6.62,-10.242239,948
6.43,-0.31070298,948
5.89,-9.780136,948
5.85,-10.976591,948
5.22,-6.0403514,948
8.15,11.423144,15407
7.6,11.157952,15407
7.52,9.627624,15407
7.46,-7.3112807,15407
7.17,-0.3238873,15407
7.0,1.1631649,15407
6.9,-7.4233594,15407
6.73,-0.70692897,15407
6.35,-7.1418405,15407
6.17,-3.1870782,15407
8.7,3.89415,6241
8.1,9.52469,6241
7.77,1.0115851,6241
7.66,1.8904113,6241
7.43,3.7029488,6241
7.41,1.5818911,6241
7.24,2.2374692,6241
6.93,-1.6977828,6241
6.86,3.3728302,6241
6.58,9.307089,6241
6.57,1.3063884,6241
6.4,3.621117,6241
6.18,5.5722666,6241
8.52,3.6672802,3432
8.1,-2.9526591,3432
7.96,8.339443,3432
7.82,5.4912558,3432
7.8,3.4486058,3432
7.41,3.5853572,3432
7.16,2.5200176,3432
6.97,-9.156333,3432
6.82,-5.322788,3432
6.81,1.0954338,3432
6.54,5.5934143,3432
6.46,2.4890068,3432
6.35,-5.1070514,3432
6.13,-3.833875,3432
5.58,-0.311189,3432
5.52,-2.8860226,3432
10.3,0.8425524,8198
10.2,2.691572,8198
10.1,4.018579,8198
9.7,-7.8409543,8198
9.49,-1.203179,8198
9.49,-2.302618,8198
9.4,0.346394,8198
9.4,4.115425,8198
9.3,-4.1878843,8198
9.3,-3.972859,8198
9.2,1.1820287,8198
9.2,0.3847011,8198
9.1,8.357886,8198
9.1,0.3167398,8198
9.0,-4.8697977,8198
9.0,2.4038763,8198
8.7,4.520249,8198
8.3,-8.009699,8198
8.96,9.04503,9426
8.4,-4.373249,9426
8.4,4.4080577,9426
8.08,6.881898,9426
8.07,7.034312,9426
8.06,9.045029,9426
8.05,6.6870513,9426
8.0,2.7728133,9426
7.68,4.8605075,9426
7.6,7.6417556,9426
7.57,8.144912,9426
7.49,5.6430597,9426
7.43,-5.810836,9426
7.4,12.082042,9426
7.33,5.4948983,9426
7.27,-4.702859,9426
7.11,0.91422033,9426
7.02,3.903153,9426
6.9,12.082041,9426
6.8,7.4248033,9426
6.66,-7.8334775,9426
6.49,0.119079694,9426
6.34,-2.0063603,9426
5.58,1.9401731,9426
6.48,0.6420994,2123
6.8,0.40629184,5130
6.77,-0.168225,5130
6.7,0.6874316,5130
6.64,0.25411698,5130
6.52,-2.189113,5130
6.5,-2.0649276,5130
6.35,0.6927875,5130
6.24,5.640231,5130
6.21,-1.8114364,5130
6.17,7.147565,5130
6.14,7.5290403,5130
6.14,7.237982,5130
6.12,5.2468452,5130
6.02,5.919944,5130
5.92,-10.035847,5130
5.83,3.8163352,5130
5.64,-4.1588583,5130
5.6,-5.0584373,5130
5.49,1.6519039,5130
8.46,7.3106003,15702
8.0,4.5711203,15702
7.96,5.0899267,15702
7.82,1.9091728,15702
7.72,3.0362875,15702
7.46,-6.28778,15702
7.4,-3.6251862,15702
7.28,-2.9893267,15702
7.28,-3.425287,15702
7.24,5.825831,15702
7.21,-5.425971,15702
7.05,4.83768,15702
7.02,3.859502,15702
7.02,7.481558,15702
6.8,0.9842196,15702
6.7,-8.3212385,15702
6.66,1.3797354,15702
6.6,2.9548066,15702
6.5,-9.622355,15702
5.96,3.0016327,15702
5.92,0.17541876,15702
5.66,3.2046592,15702
5.92,7.959866,8411
5.91,9.599078,8411
5.91,13.150789,8411
5.75,4.4723573,8411
5.73,7.180873,8411
5.73,6.695801,8411
5.72,8.5991535,8411
5.64,13.74121,8411
5.62,-1.3247812,8411
5.51,3.6999898,8411
5.5,6.786186,8411
5.47,7.367488,8411
5.46,0.2186688,8411
5.43,10.508279,8411
5.41,7.212983,8411
5.41,-6.2131834,8411
5.39,8.083988,8411
5.39,-2.8608706,8411
5.38,-9.524538,8411
5.37,8.616541,8411
5.36,-3.3809516,8411
5.34,-6.575056,8411
5.31,8.894832,8411
5.3,-9.317892,8411
5.27,1.3132885,8411
5.25,5.637272,8411
5.21,-8.156662,8411
5.21,3.4798143,8411
5.21,-4.025206,8411
5.21,4.2071705,8411
5.17,-1.2960031,8411
5.16,1.8838423,8411
5.1,-7.2938614,8411
5.06,-3.7409723,8411
5.04,-2.3776147,8411
5.01,6.809532,8411
4.98,4.594178,8411
4.96,9.130646,8411
4.94,-9.270573,8411
4.8,-16.371407,8411
4.58,-9.441123,8411
4.43,-9.970728,8411
4.38,1.5664164,8411
7.16,1.462932,12649
6.14,6.2506185,1514
6.0,4.57513,1514
4.96,-6.1246142,1514
5.69,1.4974031,2278
5.3,3.2777069,16186
6.18,-1.8888524,16020
5.85,2.6607614,16020
5.62,6.1334567,16020
4.66,5.5815425,16020
4.28,-5.4836698,16020
5.52,-0.7308481,7061
9.68,-0.6307945,8977
9.54,11.584196,8977
9.41,4.057124,8977
9.13,-6.272112,8977
8.0,-0.5454435,8977
7.66,-1.4665368,8977
7.32,-2.4607425,8977
7.92,7.152715,15544
7.4,0.1055079,15544
6.52,4.3020325,15544
6.48,4.745427,15544
6.38,-1.4745724,15544
5.96,0.27030492,15544
4.34,-15.675755,15544
7.0,2.3066916,1847
6.26,1.1315706,13338
7.92,11.4178095,16386
7.89,5.792409,16386
7.75,3.1587632,16386
7.64,6.7538557,16386
7.62,3.1359046,16386
7.5,12.414932,16386
7.33,11.044775,16386
7.26,11.14047,16386
7.21,14.22977,16386
7.09,9.248559,16386
6.7,-0.005440536,16386
6.7,4.050438,16386
6.6,9.252497,16386
6.54,2.5195804,16386
6.3,4.1390667,16386
6.28,-6.3043,16386
6.17,5.1553545,16386
6.09,-3.196604,16386
6.03,-1.0473429,16386
5.96,3.953307,16386
5.92,-6.7215605,16386
5.85,-1.9981157,16386
5.82,-0.9777052,16386
5.72,-6.4000406,16386
5.62,-10.747127,16386
5.22,-10.609976,16386
9.7,13.939211,7994
9.7,10.618106,7994
9.7,13.939212,7994
9.4,13.594391,7994
9.22,13.4984455,7994
9.22,11.692722,7994
9.15,11.692719,7994
9.15,10.3379345,7994
9.0,7.4919443,7994
8.7,5.5771284,7994
8.52,4.197177,7994
8.52,-2.509559,7994
8.52,4.7340975,7994
8.52,8.914563,7994
8.4,6.255733,7994
8.4,0.048613116,7994
8.4,3.2171183,7994
8.3,5.3242626,7994
8.3,0.63579106,7994
8.3,6.0602474,7994
8.22,4.6230083,7994
8.22,-1.9868671,7994
8.15,-3.0137753,7994
8.1,10.045717,7994
8.05,13.939211,7994
7.96,4.301775,7994
7.92,3.7045872,7994
7.92,13.939214,7994
7.89,7.862907,7994
7.85,-2.1686027,7994
7.85,-1.983338,7994
7.85,5.541366,7994
7.85,3.2378836,7994
7.82,1.198281,7994
7.82,10.68415,7994
7.8,1.6250074,7994
7.77,13.59439,7994
7.75,-1.9868671,7994
7.75,-0.16379803,7994
7.72,5.516899,7994
7.72,8.79513,7994
7.7,-2.1324568,7994
7.7,-1.5049578,7994
7.68,13.498446,7994
7.68,11.692722,7994
7.66,3.6015244,7994
7.62,1.6250061,7994
7.62,-1.2078637,7994
7.6,2.953374,7994
7.58,2.0744545,7994
7.57,11.692719,7994
7.48,2.4272532,7994
7.48,-7.172069,7994
7.47,3.990146,7994
7.46,-2.1310675,7994
7.43,-8.123216,7994
7.43,-2.9315107,7994
7.41,-1.2085378,7994
7.39,-0.43669084,7994
7.39,-5.9636364,7994
7.38,0.67859834,7994
7.37,0.7104265,7994
7.36,0.9350474,7994
7.33,6.0046206,7994
7.33,-2.5751317,7994
7.28,-7.1330576,7994
7.28,-1.6613339,7994
7.28,-2.261599,7994
7.25,1.4464146,7994
7.24,-8.300599,7994
7.22,0.87907827,7994
7.21,8.914565,7994
7.21,0.94373965,7994
7.21,-4.395831,7994
7.2,-6.255707,7994
7.18,-4.6039166,7994
7.17,4.7340975,7994
7.16,-1.9540476,7994
7.14,-15.519652,7994
7.13,2.3254116,7994
7.12,-0.20639525,7994
7.12,-2.2908611,7994
7.12,-3.364607,7994
7.11,2.0604167,7994
7.11,2.2440128,7994
7.1,0.87907773,7994
7.1,-0.047674593,7994
7.09,-7.7323256,7994
7.09,-6.918729,7994
7.07,2.1706247,7994
7.06,-3.5264747,7994
7.04,-7.1922765,7994
7.02,1.631037,7994
7.02,-2.924246,7994
7.01,-0.092705,7994
6.98,-1.1190604,7994
6.98,-13.131526,7994
6.97,-15.572108,7994
6.96,5.5771294,7994
6.96,-5.4049416,7994
6.93,6.060247,7994
6.93,-0.7376453,7994
6.92,6.255733,7994
6.92,-0.6056587,7994
6.9,-8.502429,7994
6.88,-12.745951,7994
6.88,-13.268965,7994
6.87,3.217118,7994
6.87,4.075981,7994
6.87,4.1971765,7994
6.84,-2.108217,7994
6.83,-5.092512,7994
6.81,-13.443556,7994
6.8,-15.040041,7994
6.8,0.04861315,7994
6.78,-12.975162,7994
6.73,-15.484836,7994
6.73,-1.0755888,7994
6.72,-6.9147034,7994
6.7,-11.833121,7994
6.69,1.9444189,7994
6.66,-2.9873285,7994
6.61,5.3242626,7994
6.59,-11.846572,7994
6.59,-7.8649945,7994
6.57,-14.318838,7994
6.56,-15.771874,7994
6.54,-1.9868656,7994
6.54,-13.614417,7994
6.51,-3.013775,7994
6.49,-1.983338,7994
6.45,-7.4261274,7994
6.43,-17.339901,7994
6.43,-13.266256,7994
6.43,-7.172067,7994
6.42,-4.3030486,7994
6.41,-15.757772,7994
6.39,-14.732718,7994
6.39,-15.3158865,7994
6.38,-16.753977,7994
6.37,-13.658026,7994
6.37,-15.766104,7994
6.37,-14.46423,7994
6.35,-0.31514734,7994
6.33,-14.198765,7994
6.3,-10.060196,7994
6.27,-2.8472028,7994
6.2,-7.7323256,7994
6.15,-13.90284,7994
6.12,-16.95006,7994
6.12,-15.634962,7994
6.08,-13.266256,7994
6.08,-6.6880774,7994
6.08,-14.288136,7994
6.02,-15.135511,7994
6.0,-14.318837,7994
6.0,-16.191683,7994
5.97,-7.7119217,7994
5.96,-13.268965,7994
5.96,-11.530898,7994
5.96,-5.724092,7994
5.96,-15.484836,7994
5.95,-16.114353,7994
5.95,-13.131526,7994
5.92,-15.572108,7994
5.92,-15.040041,7994
5.91,-15.548492,7994
5.9,-10.060196,7994
5.88,-15.511904,7994
5.87,-12.745951,7994
5.86,-15.519652,7994
5.86,-13.443554,7994
5.85,1.2162123,12238
7.62,0.011814368,12628
9.41,3.0228703,14114
8.6,0.10254016,14114
8.2,-0.47466153,12715
6.96,7.09634,17854
6.92,-3.767244,17854
6.5,-3.3545215,17854
9.0,0.060813513,1792
9.0,10.830725,1792
9.0,-0.87364936,1792
8.7,3.76171,1792
8.7,11.270479,1792
8.7,14.106863,1792
8.7,-2.008123,1792
8.52,11.614799,1792
8.52,-7.071525,1792
8.52,-8.032981,1792
8.3,6.8393126,1792
8.22,9.738753,1792
8.22,1.4392338,1792
8.22,-4.620037,1792
7.96,5.6455956,1792
7.8,12.66178,1792
7.75,5.033396,1792
7.68,5.8589516,1792
7.66,1.9257966,1792
7.51,0.74197423,1792
7.48,-16.703999,1792
7.06,14.106863,1792
6.98,11.005311,1792
6.91,1.6257807,1792
6.73,-20.369379,1792
6.45,0.22792384,1792
6.37,1.7066172,1792
9.0,-8.52465,7771
8.7,0.683943,7771
8.15,-2.6181917,7771
8.06,2.7337441,7771
7.82,-10.929872,7771
7.82,-13.6938925,7771
7.7,0.86746377,7771
7.52,3.2713873,7771
7.52,-7.7584643,7771
7.52,-6.028885,7771
7.47,-2.6738937,7771
7.4,4.288896,7771
7.3,5.0282893,7771
7.1,-8.258092,7771
7.1,2.4117231,7771
7.1,-2.5763726,7771
7.05,1.3628217,7771
6.8,-11.709121,7771
6.66,3.6030664,7771
6.52,-9.212169,7771
6.4,-0.73929703,7771
6.38,-2.0531373,7771
6.26,-5.1616645,7771
6.21,0.34733593,7771
6.14,-11.9629755,7771
6.1,1.5812153,7771
6.08,-13.048589,7771
6.05,-1.609713,7771
5.99,-1.6753454,7771
5.92,-4.84907,7771
5.82,1.7047408,7771
5.82,0.92126054,7771
5.75,-9.641757,7771
7.92,-8.013301,7101
7.44,4.773235,7101
7.15,-11.037264,7101
6.46,-11.892675,7101
6.25,-4.0077777,7101
6.16,-13.521641,7101
8.28,-2.2921638,10786
8.28,1.2239105,10786
8.46,2.953648,6160
8.33,0.85329837,6160
9.05,2.0307307,10309
9.0,13.902921,10309
8.52,2.9642537,10309
8.41,1.8326362,10309
8.15,12.566624,10309
8.0,-6.57659,10309
7.46,8.252876,10309
7.24,-0.77818066,10309
5.82,-12.655385,10309
5.52,-20.979252,10309
8.0,-0.97461563,15492
8.0,0.45373964,15492
7.7,2.0633256,15492
7.7,0.93121,15492
7.4,3.2535655,15492
7.3,-0.31208465,15492
7.22,3.9007132,15492
7.16,-0.33009857,15492
7.16,-8.783997,15492
7.16,-8.273088,15492
7.1,2.2256153,15492
7.1,4.379143,15492
7.1,10.366094,15492
7.05,-14.516311,15492
7.05,-6.017914,15492
7.05,2.8805463,15492
7.05,-6.6239038,15492
7.05,1.7316371,15492
7.0,5.1172047,15492
7.0,3.413944,15492
7.0,2.266514,15492
6.89,11.810575,15492
6.85,-9.851059,15492
6.82,-7.396637,15492
6.77,-8.266365,15492
6.75,-1.5446872,15492
6.75,17.393608,15492
6.72,-2.6066902,15492
6.7,0.30878258,15492
6.57,11.739741,15492
6.54,-5.2455077,15492
6.54,9.531101,15492
6.52,6.4375796,15492
6.51,-8.381658,15492
6.48,4.8238573,15492
6.42,-2.6459484,15492
6.41,-1.9147435,15492
6.31,-12.104671,15492
6.29,-15.613144,15492
6.26,4.104443,15492
6.21,-10.59003,15492
6.19,-12.993973,15492
6.19,-10.853104,15492
6.16,-11.978633,15492
6.11,9.8302965,15492
6.09,1.8059715,15492
6.07,-18.490702,15492
5.89,-12.770714,15492
5.86,-9.1314335,15492
5.84,-11.546469,15492
5.82,7.3380632,15492
5.81,-10.410063,15492
5.57,-15.294442,15492
5.49,-16.432627,15492
5.34,-17.868114,15492
5.22,-15.233116,15492
4.99,-4.09706,15492
4.99,-19.666805,15492
4.96,-16.397907,15492
4.88,-2.0780602,15492
4.68,4.0265827,15492
7.8,5.8428903,11499
7.4,-0.34396163,11499
9.3,4.069198,6426
8.77,12.781161,6426
8.31,0.8314593,6426
7.96,-0.9051707,6426
7.72,-7.2782793,6426
7.68,-4.805816,6426
5.09,-0.6058776,1094
5.2,-0.741503,10244
7.0,-9.351873,8028
4.82,10.264439,8028
9.4,9.661762,3272
9.3,10.144531,3272
9.0,3.9872243,3272
8.85,5.465676,3272
8.85,5.926469,3272
8.77,4.566072,3272
8.44,0.088678,3272
8.44,2.0138168,3272
8.35,-0.0013430296,3272
8.19,-0.5150207,3272
8.12,-2.064868,3272
8.08,4.255451,3272
8.07,0.14174229,3272
8.04,1.2528915,3272
7.96,0.6817843,3272
7.2,-4.8468475,3272
6.7,-9.030748,3272
6.63,-8.457654,3272
6.55,-7.5669274,3272
8.24,8.176249,14645
7.89,-7.220162,14645
7.57,-10.91536,9166
5.77,2.1451128,2621
4.75,1.8816904,4854
6.0,-9.352457,15820
5.1,2.7867694,15820
4.8,3.6826355,15820
4.3,3.1916544,15820
4.19,-1.346035,15820
7.66,4.220075,13943
9.52,4.577894,7929
9.1,6.2670164,7929
9.0,4.112267,7929
9.0,-0.19446969,7929
8.7,6.416827,7929
8.7,6.6955466,7929
8.7,4.4771166,7929
8.4,-1.3033031,7929
8.4,3.807855,7929
8.15,5.8791804,7929
8.05,3.7641468,7929
9.0,3.330626,3468
8.7,2.7998478,3468
8.7,1.3489313,3468
8.52,3.53987,3468
8.52,2.8071826,3468
8.4,3.086618,3468
8.4,2.7552326,3468
8.3,2.324574,3468
8.3,0.06274204,3468
8.3,0.18324094,3468
8.3,3.8717453,3468
8.3,0.97100663,3468
8.15,3.2318156,3468
8.15,-1.1945655,3468
8.0,1.3861519,3468
8.0,-1.4082296,3468
7.92,-1.0242339,3468
7.92,-2.349188,3468
7.89,1.312026,3468
7.68,-3.043835,3468
7.64,-1.4082313,3468
7.58,-5.3441887,3468
7.57,-4.8294764,3468
7.55,-4.449032,3468
7.35,-8.202101,3468
7.14,-4.986158,3468
7.08,-12.7102375,3468
6.1,-15.172143,3468
5.38,-13.839932,3468
5.96,2.1749082,16235
9.0,-0.8912458,14471
8.77,3.7513633,14471
8.7,0.91803706,14471
8.7,6.9978848,14471
8.24,1.9303806,14471
8.89,-1.6646998,9863
8.8,-8.369054,9863
8.6,-3.476066,9863
8.6,-7.8903227,9863
8.6,-8.387108,9863
8.2,-12.025335,9863
8.2,-3.2814386,9863
7.1,0.08735882,9863
6.9,-10.543384,9863
6.1,-6.1574917,9863
7.05,0.43807387,9713
6.42,-11.202976,123
6.41,5.326154,123
6.17,-8.378865,123
5.89,-2.8326006,123
5.8,-3.3304427,123
5.64,-4.3965874,123
5.64,-10.96913,123
5.62,-7.0774817,123
5.58,-2.8035395,123
5.44,0.35044762,123
5.43,-3.2982497,123
5.42,-4.701575,123
5.35,-7.2580767,123
5.3,-7.6847596,123
5.28,-7.869485,123
5.28,-9.402544,123
5.27,-10.699743,123
5.26,-3.2078133,123
5.24,-4.611201,123
5.18,-2.8869188,123
5.09,-7.9941664,123
5.05,-6.5116777,123
5.04,-3.5860467,123
5.03,-11.258921,123
4.85,-2.8069859,123
4.62,-2.6813931,123
4.48,-11.527266,123
4.31,-4.359542,123
4.19,-4.2998323,123
4.09,-6.426267,123
4.06,-10.298999,123
8.0,-2.1046488,7276
8.0,7.0026417,7276
7.89,2.291618,7276
7.8,2.090904,7276
7.8,-0.8020953,7276
7.7,1.9444207,7276
7.7,10.130555,7276
7.6,-18.375586,7276
7.6,-7.036751,7276
7.5,-4.3314977,7276
7.5,1.2166573,7276
7.5,-6.7900286,7276
7.5,-12.380021,7276
7.4,11.244971,7276
7.4,-5.456806,7276
7.4,2.6624217,7276
7.3,9.779314,7276
7.3,-6.2323995,7276
7.3,-20.240566,7276
7.2,-3.2900784,7276
7.2,5.2665954,7276
7.1,-4.1760716,7276
7.1,-1.1343424,7276
7.0,-0.48347455,7276
6.89,10.643721,7276
6.89,-1.3308451,7276
6.89,10.453022,7276
6.8,-10.946209,7276
6.8,7.67004,7276
6.7,5.0423465,7276
6.6,5.6408443,7276
6.6,3.3761396,7276
6.5,4.7170467,7276
6.4,6.2179117,7276
6.2,-1.6503628,7276
6.1,1.3046786,7276
6.0,-7.5197606,7276
5.89,-4.076517,7276
5.8,-11.9897785,7276
5.6,0.813234,7276
5.6,-8.379633,7276
5.6,0.1427338,7276
5.5,-6.391876,7276
5.3,1.0083762,7276
8.22,-2.7677994,5530
6.91,-11.520939,5530
6.87,7.265044,5530
4.59,3.4405248,139
6.74,0.57714224,14123
5.42,2.0726697,3737
9.8,7.361346,14371
8.4,-3.7281497,14371
8.15,-3.5862067,14371
8.12,5.58277,14371
8.1,2.5471828,14371
8.07,6.9897118,14371
8.07,8.46269,14371
8.03,7.527378,14371
7.96,7.325405,14371
7.72,-11.166983,14371
7.72,6.305865,14371
7.66,10.839438,14371
7.56,1.6226923,14371
7.42,2.3317251,14371
7.39,4.178832,14371
7.32,-2.5392487,14371
7.28,-14.716664,14371
7.28,-20.362803,14371
6.54,4.592019,14371
5.85,-1.5950508,17400
5.77,6.05211,17400
8.57,10.06666,12091
7.37,-7.7950053,12091
6.95,5.1555457,12091
6.84,8.192615,12091
6.83,-7.301815,12091
6.81,9.960154,12091
6.63,-2.9702394,12091
5.51,-0.6796569,8449
5.2,-4.484097,8449
4.64,-0.084145844,8449
4.26,5.5527453,8449
8.22,8.456104,13783
6.05,6.5440316,13783
5.62,-3.454154,13783
8.1,3.6439583,4462
8.1,3.5708435,4462
7.89,0.88062096,4462
7.6,8.398829,4462
7.26,1.2633145,4462
7.2,5.4199886,4462
7.16,0.9765551,4462
7.11,4.4828196,4462
6.92,-7.145039,4462
6.92,2.4206529,4462
6.75,0.108868,4462
6.66,0.72469574,4462
6.28,-3.9901512,4462
6.08,-10.667149,4462
5.96,4.116304,4462
5.82,1.1419116,4462
5.62,-11.031344,4462
5.44,-13.63881,4462
8.12,3.195368,9055
7.6,-6.293826,16559
7.22,-7.3655643,16559
7.21,-1.172667,16559
7.16,-3.7557,16559
7.12,-6.389691,16559
7.09,2.3712933,16559
7.04,-7.755198,16559
6.96,1.8972019,16559
6.96,-3.0411382,16559
6.85,-3.835715,16559
6.8,-2.4486032,16559
6.72,-6.7630935,16559
6.7,4.863216,16559
6.64,-1.8858032,16559
6.64,-10.312481,16559
6.6,-0.13982418,16559
6.58,-6.471634,16559
6.48,9.614497,16559
6.43,4.983138,16559
6.41,4.690084,16559
6.15,-17.898424,16559
6.14,5.0504885,16559
6.12,-7.230187,16559
6.02,-5.885615,16559
5.96,-3.6354012,16559
5.89,-10.380887,16559
5.82,-11.263457,16559
5.57,-5.397807,16559
5.32,-4.4979935,16559
4.96,-4.629468,16559
4.96,7.672169,16559
5.77,7.1245933,4521
5.64,3.559665,4521
5.35,2.9933178,4521
4.8,-12.481198,4521
4.47,6.8889194,4521
4.33,1.1287104,4521
7.5,0.59712756,14463
9.15,-8.285803,17040
8.82,-0.50284314,17040
8.6,0.5620879,17040
8.15,8.160024,17040
5.81,-1.1852452,17040
5.4,12.101176,17040
5.25,0.083249494,17040
6.96,7.988203,10956
6.82,-15.550574,10956
6.66,-9.223051,10956
6.43,0.5320851,10956
6.39,0.22622228,10956
6.36,-2.2688274,10956
6.19,-3.4521182,10956
5.98,-2.5011387,10956
5.77,-8.432268,10956
4.28,-3.4444668,6395
4.18,10.135484,6395
4.09,2.3690445,6395
8.1,-4.6511326,9224
7.77,3.0015247,9224
7.72,-3.0511801,9224
7.54,0.5842981,9224
7.31,-3.1796339,9224
7.28,-1.9347222,9224
7.11,1.7301844,9224
6.55,0.5842981,9224
6.17,1.9189595,9224
6.15,8.581199,9224
6.21,0.43678874,31
7.96,-1.6818111,13735
7.24,1.9028296,13735
6.93,1.5702791,13735
6.54,-8.574554,13735
6.53,-8.501314,13735
6.44,-0.16025808,13735
6.35,-5.5605817,13735
5.14,-6.4132504,13735
7.16,-2.6215203,15890
6.57,15.543703,15890
7.72,6.9163127,12110
7.7,6.752876,12110
7.66,-8.044525,12110
7.6,6.899002,12110
7.58,2.3664114,12110
7.52,4.680556,12110
7.47,4.723519,12110
7.44,0.8326582,12110
7.25,8.555126,12110
7.21,1.0023891,12110
7.04,8.007847,12110
7.03,4.854389,12110
6.94,2.2976475,12110
6.69,-3.0325556,12110
6.68,-8.079075,12110
5.0,1.9988836,9858
7.92,7.915621,10118
6.57,-1.8549563,10118
6.45,0.69451404,10118
6.29,-4.615524,10118
5.68,-7.2217298,10118
5.57,0.81525993,10118
7.72,9.314118,1774
7.44,13.929295,1774
7.16,2.1441257,1774
7.15,12.512706,1774
7.13,3.951311,1774
7.11,9.15221,1774
7.09,2.6994393,1774
7.02,12.235693,1774
6.99,8.181581,1774
6.85,-4.8201885,1774
6.82,8.495471,1774
6.72,-11.2832575,1774
6.5,2.2967858,1774
6.36,3.314698,1774
6.13,1.4739275,1774
6.09,-2.394809,1774
5.75,2.9502537,1774
5.54,-14.329815,1774
5.43,2.7670977,1774
5.27,-0.04005152,1774
5.2,0.24669534,1774
5.19,7.820075,1774
4.44,3.8734033,1774
4.19,-8.730163,1774
8.72,5.9972076,12673
8.7,-0.60130817,12673
8.57,-2.4443905,12673
8.57,5.8297954,12673
8.57,2.1645577,12673
8.35,0.5991151,12673
8.31,-3.995269,12673
8.27,-0.62755567,12673
8.25,1.9096925,12673
8.23,-9.39419,12673
8.12,-1.5768272,12673
8.11,2.2554533,12673
8.1,0.28477713,12673
8.02,3.263298,12673
8.0,-1.2867104,12673
7.91,3.4221563,12673
7.88,9.540118,12673
7.6,-0.86425877,12673
7.54,-0.99112564,12673
7.52,-0.60130817,12673
7.36,-12.251204,12673
7.28,-7.8559113,12673
6.95,-6.853751,12673
6.93,-16.313047,12673
6.79,-6.583668,12673
6.34,-12.740586,12673
6.27,-17.34946,12673
6.22,0.058868643,12673
9.74,15.091949,1337
8.7,8.296109,1337
8.7,13.322137,1337
8.4,13.370581,1337
8.36,12.431292,1337
8.35,11.798747,1337
8.3,10.923666,1337
8.29,11.036696,1337
8.27,9.975309,1337
8.24,14.059166,1337
8.24,14.942932,1337
8.1,8.48473,1337
8.06,8.48473,1337
8.05,12.518814,1337
8.05,1.8861983,1337
8.04,9.707217,1337
8.0,11.350635,1337
8.0,12.154843,1337
8.0,8.981828,1337
7.96,10.445677,1337
7.92,12.740944,1337
7.89,5.9143643,1337
7.82,7.8987346,1337
7.75,7.636938,1337
7.75,10.591091,1337
7.75,8.350024,1337
7.72,0.40292743,1337
7.7,5.330809,1337
7.7,8.724385,1337
7.68,3.9794948,1337
7.64,-0.4303717,1337
7.64,7.748856,1337
7.62,7.577233,1337
7.6,-0.7323894,1337
7.58,10.820441,1337
7.55,7.811983,1337
7.52,5.336297,1337
7.52,4.3817177,1337
7.48,2.5851452,1337
7.48,5.189286,1337
7.47,-2.1676738,1337
7.46,3.3253293,1337
7.43,-2.438614,1337
7.43,-0.87882566,1337
7.43,5.2239485,1337
7.38,1.9893128,1337
7.34,0.23864877,1337
7.33,5.054414,1337
7.33,8.399424,1337
7.32,-0.11175582,1337
7.29,3.9794948,1337
7.28,8.166195,1337
7.25,0.5741777,1337
7.24,4.2161894,1337
7.19,3.4307306,1337
7.17,0.023648966,1337
7.15,-2.6722605,1337
7.12,4.8121743,1337
7.12,7.982872,1337
7.12,1.920343,1337
7.11,-5.5565515,1337
7.09,7.609743,1337
7.07,-0.7323894,1337
7.04,1.3304642,1337
7.02,-11.753582,1337
7.0,2.7093668,1337
6.96,-4.147256,1337
6.95,-2.6460135,1337
6.94,3.0525959,1337
6.93,0.24944258,1337
6.89,-6.071251,1337
6.83,7.662536,1337
6.82,3.2436175,1337
6.79,-4.783844,1337
6.75,-3.0254264,1337
6.72,-4.262922,1337
6.71,2.5851452,1337
6.66,1.5981674,1337
6.61,2.3153439,1337
6.61,-4.261539,1337
6.59,-4.2278967,1337
6.57,3.4268894,1337
6.54,3.476663,1337
6.51,-0.12321757,1337
6.49,1.0859253,1337
6.48,-8.046642,1337
6.42,-3.1501093,1337
6.38,9.814051,1337
6.38,-4.70917,1337
6.36,-5.6015654,1337
6.36,-1.1485504,1337
6.29,-6.9962187,1337
6.29,-4.344469,1337
6.28,-4.279881,1337
6.27,-2.0831199,1337
6.27,-2.1258385,1337
6.26,-2.9915862,1337
6.25,-7.377519,1337
6.22,-8.522195,1337
6.21,-0.2590609,1337
6.15,6.4286094,1337
6.15,-15.629488,1337
6.13,-8.546582,1337
6.1,2.1915581,1337
6.07,-2.3962739,1337
6.07,-9.46584,1337
6.06,-1.9761559,1337
6.06,-6.1340876,1337
6.05,-2.9934676,1337
6.04,-6.211249,1337
6.02,-2.4714074,1337
6.0,-13.691054,1337
6.0,-2.5113173,1337
5.96,-1.5518919,1337
5.96,-1.4461493,1337
5.96,-16.353113,1337
5.95,-8.455444,1337
5.92,4.5020156,1337
5.92,2.318227,1337
5.92,1.446468,1337
5.92,-4.2741423,1337
5.89,-8.223436,1337
5.85,-6.4693565,1337
5.85,-4.783844,1337
5.82,-14.387377,1337
5.82,-7.088996,1337
5.8,-11.622017,1337
5.8,-2.0023315,1337
5.75,-1.7993746,1337
5.7,-6.211249,1337
5.66,-5.3345017,1337
5.64,-6.808672,1337
5.64,-5.5609326,1337
5.62,-3.5474324,1337
5.62,-6.4108906,1337
5.6,-7.144041,1337
5.57,-13.135619,1337
5.47,-8.534296,1337
5.47,-5.967225,1337
5.44,-9.851886,1337
5.37,-10.118361,1337
5.37,-3.5772166,1337
5.36,-2.7121878,1337
5.32,-2.7035608,1337
5.3,-6.3137712,1337
5.28,-6.338628,1337
5.22,-9.671089,1337
5.1,-1.9355056,1337
5.1,-8.358882,1337
5.05,-8.189198,1337
5.04,-12.979966,1337
4.98,-9.450111,1337
4.92,-5.6388702,1337
4.92,-11.096151,1337
4.9,-11.979122,1337
4.89,-14.885337,1337
4.89,-13.795953,1337
4.8,-2.706423,1337
4.77,-12.399875,1337
4.77,-9.805833,1337
4.77,1.962176,1337
4.3,-6.8873596,1337
4.0,-7.0120454,1337
4.0,-0.4150629,1337
4.0,-14.843929,1337
7.0,-2.6708825,14483
6.84,-4.507837,14483
7.5,5.310917,4998
7.35,0.43244004,4998
7.29,6.9659185,4998
7.07,-0.015938748,4998
6.96,-1.9170442,4998
6.64,-5.0884285,4998
7.52,1.1758916,16547
4.84,-0.9639851,242
8.24,-6.127704,9661
8.11,13.179681,9661
7.4,-12.177073,9661
6.82,0.21150677,9661
6.58,12.167875,9661
6.47,14.223617,9661
6.47,-7.7726603,9661
6.04,-16.651876,9661
6.01,-7.7726603,9661
5.85,-2.8888628,9661
6.45,1.0448688,13456
7.51,-6.727793,13839
8.21,-6.444113,351
8.0,7.0974445,351
7.96,11.223892,351
7.6,10.000077,351
7.44,3.2696095,351
7.33,1.6883352,351
6.53,-11.227584,351
6.46,-3.8314703,351
5.59,-14.863054,351
6.73,2.6953387,12384
6.58,-2.492527,12384
6.52,2.1654449,12384
6.43,0.2770775,12384
7.64,2.2690587,6519
7.23,-2.3231652,6519
6.78,0.69452715,6519
5.82,1.1798487,14755
5.57,1.9134152,14451
5.81,0.30722436,3694
5.74,2.7539215,3694
5.68,-8.188186,3694
5.5,-6.8065834,3694
5.47,-0.11201748,3694
5.39,-5.144301,3694
6.43,2.6919973,9688
6.15,-0.64012504,9688
6.73,0.42801985,9719
7.8,3.3591409,9196
7.75,7.6794257,9196
7.6,3.0695648,9196
7.5,2.0525055,9196
7.21,-1.4060637,9196
7.2,-1.0206901,9196
7.17,5.7023277,9196
7.05,5.173326,9196
6.94,14.140408,9196
6.94,-4.501928,9196
6.86,0.38346702,9196
6.79,-2.0662184,9196
6.57,7.209278,9196
6.49,-7.425259,9196
6.39,-2.0208638,9196
6.28,-1.8359619,9196
6.21,-1.2881404,9196
6.16,3.1887844,9196
6.15,10.247208,9196
5.95,-1.4313511,9196
5.48,-1.1908659,9196
5.38,-3.0712852,9196
7.62,4.1124363,17693
6.98,-5.2156653,17693
6.92,-3.6167202,17693
6.89,-7.2653036,17693
6.76,-8.542151,17693
6.58,-7.6696396,17693
7.06,7.0819893,12084
6.67,0.7035749,12084
6.19,3.897233,12084
5.85,-3.1634207,12084
5.78,-3.0343852,12084
7.1,12.091295,13312
6.44,13.716956,13312
6.31,3.2747269,13312
5.55,-4.0905795,13312
5.43,13.2972355,13312
5.39,11.512424,13312
5.38,8.428908,13312
5.21,0.23810202,13312
5.02,-6.4421086,13312
4.87,12.4382515,13312
6.51,4.5027213,6518
6.01,4.002838,6518
5.17,-0.86285424,6518
6.23,0.7670301,10139
5.82,0.7670301,10139
6.13,-4.5929427,10180
6.66,9.919369,14354
6.64,7.693313,14354
6.24,-6.0366983,14354
6.03,11.071017,14354
5.66,8.675672,14354
5.5,-5.797563,14354
5.43,4.9547405,14354
5.28,-10.393097,14354
4.71,-4.663631,14354
6.6,1.3329836,2515
7.05,-0.73441523,4961
6.73,6.310808,4961
6.7,-7.9835668,4961
6.65,-9.825372,4961
6.62,-11.050886,4961
6.36,1.5107948,4961
6.36,-2.0071855,4961
5.8,-1.702473,4961
5.51,-13.995084,4961
5.22,-3.9589913,4961
4.97,-2.5059175,4961
4.92,6.2275476,4961
4.92,-1.5978434,4961
4.75,2.4179516,4961
4.71,1.3877758,4961
4.7,-4.2402196,4961
4.67,-8.790214,4961
4.67,2.7503943,4961
4.61,5.673445,4961
4.61,1.2588761,4961
4.35,-8.143591,4961
4.18,-6.333855,4961
5.43,-0.19267315,9295
6.3,0.99843013,7579
5.89,4.975227,8318
5.22,-8.681209,8318
7.42,0.10928148,11825
7.1,-3.4362206,11825
7.08,2.195525,11825
8.66,-4.8681836,10001
8.42,-5.120262,10001
8.17,13.43351,10001
8.11,-6.8191824,10001
8.1,-5.0232677,10001
8.04,-3.3899248,10001
7.99,1.3144032,10001
7.94,13.788826,10001
7.92,10.118452,10001
7.73,9.272882,10001
7.71,-3.3897066,10001
7.7,-3.3203833,10001
7.68,3.641843,10001
7.62,-8.781928,10001
7.61,2.0230615,10001
7.61,-3.9678864,10001
7.61,-3.6197884,10001
7.59,-0.7817595,10001
7.58,-6.670862,10001
7.55,-10.714045,10001
7.51,-13.75281,10001
7.49,-13.351816,10001
7.49,-6.1001997,10001
7.42,11.71225,10001
7.38,-3.431317,10001
7.38,-3.9177487,10001
7.38,-7.209077,10001
7.35,-1.4256179,10001
7.33,0.3141231,10001
7.29,-7.107919,10001
7.26,3.8343866,10001
7.24,-3.975912,10001
7.23,-2.414724,10001
7.22,3.9020274,10001
7.21,-4.164509,10001
7.18,-5.391479,10001
7.18,-5.853008,10001
7.17,-5.879148,10001
7.17,-8.066884,10001
7.16,4.772027,10001
7.1,-8.386348,10001
7.08,3.0080245,10001
7.02,-3.1878664,10001
7.02,-7.2820697,10001
6.97,1.2087643,10001
6.95,3.6715915,10001
6.9,0.4669818,10001
6.89,-0.5532249,10001
6.89,-7.072704,10001
6.87,0.73875624,10001
6.86,-6.7791286,10001
6.85,-4.346678,10001
6.84,-8.255155,10001
6.8,-2.156469,10001
6.79,-9.675671,10001
6.78,-8.615866,10001
6.78,-12.308857,10001
6.73,-8.569966,10001
6.71,-6.434527,10001
6.66,-9.516263,10001
6.64,-10.65144,10001
6.62,-5.776541,10001
6.62,-6.811611,10001
6.61,4.0855556,10001
6.6,-9.50646,10001
6.6,-13.901958,10001
6.57,-7.8472366,10001
6.57,-8.897933,10001
6.57,-4.304018,10001
6.56,-9.006631,10001
6.53,0.4832535,10001
6.49,-9.265691,10001
6.48,-12.51827,10001
6.45,-10.45519,10001
6.44,-4.9087944,10001
6.41,-3.5265238,10001
6.39,-2.8205538,10001
6.39,-7.5993657,10001
6.36,1.6343763,10001
6.35,-7.6096315,10001
6.35,-8.028232,10001
6.28,-9.835841,10001
6.23,-7.9443545,10001
6.17,-11.632533,10001
6.06,-9.389555,10001
6.05,-7.547226,10001
5.96,-3.946602,10001
5.89,-6.211024,10001
5.79,-6.4558787,10001
5.74,-12.438434,10001
5.73,1.394397,10001
5.59,-8.316783,10001
5.57,-9.065811,10001
5.54,-4.444888,10001
5.53,-5.4403086,10001
5.52,-3.5419254,10001
5.43,-13.800983,10001
5.39,-3.9254777,10001
5.3,-1.4460953,10001
5.3,-7.889738,10001
5.3,-6.6251693,10001
5.3,-6.623601,10001
5.3,-1.5543075,10001
5.3,1.1591086,10001
5.3,-1.699205,10001
5.3,-1.8176141,10001
5.3,1.9841375,10001
5.3,-12.182912,10001
5.3,-5.599599,10001
5.3,1.0748676,10001
5.3,-5.6881065,10001
5.3,-4.621088,10001
5.3,0.47396743,10001
5.3,-5.407958,10001
5.3,-1.4915926,10001
5.3,-6.7417107,10001
5.3,-1.5186764,10001
5.3,-2.6230996,10001
5.3,0.62784827,10001
5.3,-5.351377,10001
10.15,16.302052,5586
10.02,17.236628,5586
10.0,11.323531,5586
9.82,9.523116,5586
9.64,3.65433,5586
9.57,3.2960243,5586
9.52,5.894881,5586
8.99,10.771772,5586
8.89,4.158898,5586
8.77,-15.502501,5586
8.44,-6.731785,5586
7.77,-11.292649,5586
7.46,4.8382816,5586
7.45,4.16238,5586
7.37,-5.091374,5586
7.29,3.2059162,5586
7.14,9.8852005,5586
5.91,-14.145831,5586
5.46,-3.7185938,5586
6.4,4.1046762,10542
5.6,-2.2404978,10542
6.55,1.1541591,11947
6.28,3.766878,9511
6.25,-1.3145008,9511
6.09,-6.2507577,9511
6.05,1.5290575,9511
8.22,2.1644013,14971
9.3,-3.3397474,314
8.43,-1.6301355,314
8.18,7.7974486,314
8.4,3.1693132,4260
6.52,-1.7222722,4260
6.27,2.960657,12688
8.15,10.82996,2248
8.05,5.9848704,2248
7.96,4.3709526,2248
7.8,6.1210275,2248
7.72,7.04776,2248
7.7,8.628586,2248
7.29,2.7168295,2248
7.27,-0.1923103,2248
7.18,-3.3328006,2248
6.94,-4.255616,2248
6.9,-4.4115434,2248
6.3,-6.3487144,2248
6.08,-4.1782165,2248
9.4,3.4587743,12777
9.31,0.5911968,12777
9.08,5.232298,12777
8.77,-5.5695324,12777
8.72,11.108025,12777
8.43,-0.82988286,12777
7.75,6.2727203,12777
7.75,4.455417,12777
7.6,8.121486,12777
7.57,14.586098,12777
6.82,-13.313482,12777
6.21,-8.717588,12777
6.17,-0.6540227,12777
7.17,6.4879947,17783
7.14,1.5368167,17783
7.0,3.214324,17783
6.75,1.0407019,17783
6.7,-0.015724208,17783
6.6,9.416108,17783
6.48,-8.072531,17783
6.47,-2.0972502,17783
6.42,8.323903,17783
6.38,-1.8673258,17783
6.37,-2.0972502,17783
6.35,3.733368,17783
6.35,1.6647452,17783
6.3,-1.4801635,17783
6.3,3.0543935,17783
6.1,-3.2685897,17783
5.89,5.6575847,17783
5.75,0.2594269,17783
5.75,-7.828342,17783
5.68,8.966935,17783
5.39,0.16428852,17783
6.61,-0.34991273,15447
9.0,1.8962388,5596
9.0,1.8283311,5596
8.4,5.3596907,5596
8.4,7.546196,5596
8.15,10.307003,5596
7.96,-14.147701,5596
7.89,4.1150646,5596
7.68,-2.0744302,5596
7.57,-0.039874323,5596
7.54,-14.147701,5596
7.33,-5.647944,5596
7.3,-14.61879,5596
6.92,-11.53197,5596
6.89,-13.527059,5596
6.7,-13.087522,5596
5.71,-14.147701,5596
5.56,-1.4820063,5922
7.82,4.191157,14475
7.48,-3.372462,14475
7.38,-9.725782,14475
4.66,-5.6449656,15509
6.5,0.2711528,9060
7.52,-4.4517965,10198
7.4,5.3458285,10633
6.69,-7.846837,10633
6.46,9.374184,10633
6.23,3.6287966,10633
6.21,2.8410764,10633
6.12,4.582867,10633
5.74,5.9526095,10633
5.72,9.165365,10633
5.62,-7.577363,10633
5.61,-3.3552916,10633
5.37,-9.026366,10633
5.18,-3.2088938,10633
5.12,-5.4554543,10633
5.05,-14.223888,10633
5.01,-8.00158,10633
4.85,-7.3265285,10633
9.15,6.97796,2419
9.0,-5.641554,2419
8.77,-7.744422,2419
8.68,-1.495631,2419
8.4,8.557461,2419
8.22,-4.033968,3076
8.1,-3.529503,3076
8.05,1.1106342,3076
7.89,0.18576492,3076
7.8,-4.9113173,3076
7.77,0.17414974,3076
7.66,-2.0454633,3076
7.58,2.54364,3076
7.58,4.815874,3076
7.58,0.9292553,3076
7.36,2.5798116,3076
7.33,2.4571717,3076
7.31,-7.7597857,3076
7.21,0.25980473,3076
7.2,-5.888164,3076
7.12,-2.8266237,3076
7.12,1.6808517,3076
7.07,-1.8244249,3076
7.06,-0.040646147,3076
6.98,-5.154288,3076
6.96,-1.3592794,3076
6.95,-0.09191476,3076
6.9,3.0559912,3076
6.9,0.030031353,3076
6.85,-4.7283864,3076
6.84,-8.559761,3076
6.7,-2.911942,3076
6.63,-7.7229853,3076
5.36,1.4688259,16002
5.24,10.241554,16002
5.21,-0.7155907,16002
6.58,1.916634,14974
8.52,6.259578,6056
8.3,-3.726125,6056
8.1,-4.42671,6056
7.8,4.5591445,6056
7.68,-1.199911,6056
7.52,-0.13031356,6056
7.1,6.990824,6056
6.51,-6.3051844,6056
8.3,-0.17002341,8492
8.1,2.7146957,11703
6.89,0.94716555,11703
6.3,15.449067,11373
5.77,8.86832,11373
4.77,-7.5517964,11373
6.62,5.0704885,3031
6.12,-1.6596376,3031
6.0,-1.3676836,3031
5.64,-4.0303416,3031
8.08,1.1744447,12340
7.67,8.261164,12340
7.14,-5.9540267,12340
7.77,-2.0875816,4624
7.03,2.0100598,7313
8.59,2.2464805,15133
8.48,1.874524,15133
8.42,-2.994237,15133
7.52,-3.697784,14033
6.84,-0.6400673,16316
4.78,2.133098,12017
7.49,8.220893,11944
7.47,-8.447721,11944
7.42,11.108662,11944
7.36,4.8611503,11944
7.32,-7.036828,11944
7.31,11.247974,11944
7.3,2.365832,11944
7.24,-3.7714183,11944
7.19,0.15358645,11944
7.19,0.90990305,11944
7.18,-0.8343176,11944
7.18,3.8172286,11944
7.16,-1.1334828,11944
7.15,-0.80535877,11944
7.09,-5.1793814,11944
7.07,-5.3301926,11944
7.04,-1.1158817,11944
6.96,5.8393235,11944
6.94,0.29807338,11944
6.91,7.1045265,11944
6.85,8.260279,11944
6.85,3.6196718,11944
6.82,2.4233074,11944
6.61,3.735204,11944
6.59,4.2283597,11944
6.5,-0.76651317,11944
6.47,4.486344,11944
6.41,7.1857624,11944
6.33,-2.2543576,11944
5.92,2.8108475,11944
5.82,-3.430498,11944
5.73,8.635765,11944
5.67,5.55173,11944
5.55,-1.6142344,11944
5.49,2.564672,11944
5.44,-1.1416286,11944
5.38,2.6626282,11944
5.18,-10.805602,11944
5.15,-3.0790365,11944
7.19,-0.053759266,6600
8.3,-2.9867852,13575
5.94,1.7795076,13575
5.76,-0.82668257,13575
5.69,3.9266036,13575
5.46,8.488334,13575
5.43,-2.0852005,13575
5.4,3.5828047,13575
5.28,3.9695718,13575
5.13,-3.0776474,13575
4.81,2.4404538,13575
4.67,-0.78726125,13575
4.66,-1.8648124,13575
4.56,-1.8648124,13575
4.45,-1.8648124,13575
4.23,-0.4139205,13575
9.8,-12.09875,17225
9.77,14.537845,17225
9.55,-6.2174115,17225
9.43,-6.612273,17225
9.38,-4.474811,17225
9.38,-8.740807,17225
9.36,-3.7713819,17225
9.36,-8.397557,17225
9.35,-2.6699092,17225
9.32,7.5865993,17225
9.3,14.206774,17225
9.27,15.341349,17225
9.26,-0.56245935,17225
9.25,13.054243,17225
9.17,7.642619,17225
9.16,5.8108764,17225
9.16,15.30817,17225
9.15,-9.112932,17225
9.14,-1.3064431,17225
9.14,10.844943,17225
9.12,-8.270285,17225
9.12,-11.457897,17225
9.11,-0.04939064,17225
9.11,-2.8508847,17225
9.1,-3.928707,17225
9.09,12.795198,17225
9.04,5.7163506,17225
9.04,16.44129,17225
9.04,-7.082877,17225
9.02,-7.0667624,17225
9.01,-4.385661,17225
8.96,-0.17711595,17225
8.96,8.519844,17225
8.96,12.698217,17225
8.92,6.7475286,17225
8.92,-5.3746624,17225
8.92,-8.718965,17225
8.92,7.4546924,17225
8.84,12.553938,17225
8.82,12.272734,17225
8.82,3.3309512,17225
8.82,2.9785697,17225
8.82,8.369879,17225
8.8,-2.5783138,17225
8.8,0.96713006,17225
8.8,12.868894,17225
8.8,9.783135,17225
8.78,11.855666,17225
8.77,5.8702826,17225
8.77,3.6170607,17225
8.76,3.16832,17225
8.74,12.341376,17225
8.7,2.4355235,17225
8.62,-7.5849037,17225
8.57,-6.648757,17225
8.57,-3.352382,17225
8.57,2.6203296,17225
8.52,7.55974,17225
8.49,4.5315766,17225
8.49,11.296791,17225
8.48,5.1853065,17225
8.46,-1.151823,17225
8.44,6.659063,17225
8.44,-0.8477763,17225
8.43,2.4008744,17225
8.43,1.2128059,17225
8.41,-2.703345,17225
8.38,-4.1994514,17225
8.34,6.0886917,17225
8.32,-3.3194413,17225
8.32,6.0976124,17225
8.31,-6.699679,17225
8.29,-8.054483,17225
8.27,-12.062048,17225
8.27,-3.892753,17225
8.25,-13.619623,17225
8.24,4.019042,17225
8.22,12.2757635,17225
8.18,2.5029736,17225
8.15,1.8458939,17225
8.14,9.054246,17225
8.13,-8.433187,17225
8.1,13.514549,17225
8.1,0.59805787,17225
8.1,9.974494,17225
8.08,-8.079935,17225
8.07,10.455706,17225
8.06,1.3886942,17225
8.05,13.514549,17225
8.04,13.247416,17225
8.0,9.3354225,17225
8.0,8.05333,17225
7.96,3.6169176,17225
7.85,-0.41101575,17225
7.8,-5.6863036,17225
7.7,-0.0749442,17225
7.7,-10.9786005,17225
7.68,0.05065627,17225
7.57,-2.8238668,17225
7.57,-19.19044,17225
7.5,2.4201963,17225
7.46,10.04413,17225
7.4,7.912527,17225
7.39,-3.628185,17225
7.35,-2.2494087,17225
7.35,-11.452923,17225
7.15,12.080963,17225
7.13,-5.074223,17225
7.13,-5.033115,17225
7.1,-10.707,17225
7.09,6.4766207,17225
7.03,4.188115,17225
7.03,1.7098544,17225
6.7,-16.676306,17225
6.27,-4.841156,17225
5.3,-7.4779663,17225
5.28,3.4932058,17225
5.27,-5.1552596,17225
5.2,-9.04892,17225
5.12,-5.244901,17225
5.0,-21.577526,17225
5.0,-9.125923,17225
5.0,-17.621082,17225
5.0,-13.957459,17225
5.0,-13.859361,17225
5.0,-13.524669,17225
5.0,-17.27205,17225
4.99,5.500062,17225
4.97,4.494709,17225
4.96,-12.116243,17225
4.87,8.993565,17225
8.05,1.6473823,16120
8.05,3.6186993,16120
8.05,10.414645,16120
8.0,6.1104364,16120
8.0,-1.1050547,16120
8.0,-1.1049814,16120
7.92,6.2321153,16120
7.89,-3.5695336,16120
7.8,-3.658347,16120
7.8,-9.950879,16120
7.57,-1.2908227,16120
7.39,-4.789946,16120
6.82,-11.669394,16120
6.25,-9.585096,16120
6.0,-2.6341977,16120
7.89,0.6866621,1345
9.22,3.189351,15980
8.7,2.1555164,15980
8.38,2.6116078,15980
8.38,-1.3557332,15980
8.33,3.8520663,15980
8.18,-1.262912,15980
8.0,9.859419,15980
8.0,2.3396163,15980
7.96,-4.763323,15980
7.8,4.3070636,15980
7.77,1.5281892,15980
7.72,0.6479776,15980
7.68,-2.1601071,15980
7.47,0.034450304,15980
7.43,0.94697386,15980
7.38,-4.8636208,15980
7.34,-0.09008006,15980
7.05,-5.9285035,15980
6.36,-1.821112,15980
6.21,2.434273,15980
6.13,5.7585673,15980
6.04,-7.9353166,15980
4.3,-6.5694013,965
4.05,-5.0913672,16915
8.15,4.9987926,5752
7.85,4.432173,5752
7.27,-10.871283,5752
6.77,2.4092515,12262
8.66,6.9170136,6367
8.45,5.0903554,6367
8.22,2.1891756,6367
7.95,-10.04506,6367
7.88,-4.373359,6367
7.59,-0.713179,6367
6.28,1.1241221,992
7.16,-4.2635226,3462
6.9,2.4325254,11301
6.82,2.4991992,11301
9.0,5.403661,8424
8.96,1.634227,8424
8.89,-2.3989234,8424
8.77,8.358992,8424
8.72,4.707088,8424
8.72,1.4832029,8424
8.66,9.617852,8424
8.59,7.524344,8424
8.51,4.707088,8424
8.49,3.3371174,8424
8.31,6.698645,8424
8.25,0.9989674,8424
8.17,7.7844105,8424
8.0,-1.2619158,8424
7.92,0.69482374,8424
7.8,2.7688215,8424
7.66,5.6196465,8424
7.6,9.725187,8424
7.4,5.0779,8424
7.34,7.404938,8424
7.26,1.0014226,8424
7.12,0.98416495,8424
7.12,0.5404616,8424
6.84,7.430938,8424
6.44,-18.429176,8424
5.3,6.9901733,6469
5.3,-1.6407173,6469
4.7,2.3700736,6469
4.7,-12.424829,6469
4.7,-3.4100971,6469
4.7,7.271415,6469
7.3,3.9084792,15528
6.38,3.9084792,15528
7.17,1.3080074,17686
7.17,6.4712234,3556
6.89,1.0427727,3556
6.66,7.2166653,3556
6.24,-0.70599306,3556
6.29,2.5013158,12902
5.56,-2.6134408,12902
5.53,-8.252116,12902
5.52,3.9471705,12902
5.47,1.977519,12902
5.47,7.642067,12902
5.29,2.394806,12902
5.25,-4.5309978,12902
5.21,-2.060503,12902
5.19,2.8691478,12902
5.18,1.5256815,12902
5.15,3.3743358,12902
5.13,-5.0758395,12902
5.12,2.9847174,12902
5.1,0.38883743,12902
5.1,-5.5017357,12902
5.07,-5.812756,12902
5.0,-1.0798798,12902
4.95,-3.6698842,12902
4.91,3.1375754,12902
4.75,3.1072497,12902
4.64,-4.387709,12902
4.61,1.5941161,12902
7.96,3.6185164,7869
7.51,0.07443597,7869
7.5,-2.8208256,7869
7.32,-9.288978,7869
7.14,-0.5677746,7869
7.07,-5.2907476,7869
6.88,-0.8839641,7869
6.41,8.196006,7869
7.89,1.9527146,5427
6.49,-4.2449727,5427
5.95,1.9044312,5427
5.53,9.119751,5427
5.46,-11.508667,2931
5.28,-13.814816,2931
5.25,-15.37256,2931
5.17,-1.3002058,2931
5.08,4.248155,2931
5.07,-4.4061294,2931
5.01,-11.0036,2931
4.64,-4.5657225,2931
4.58,-11.986674,2931
4.31,-11.383226,2931
4.14,-2.625393,2931
4.13,7.573208,2931
4.08,-8.680893,2931
10.0,1.2477531,11831
8.52,11.524581,8989
8.52,7.2765923,8989
8.52,4.7826033,8989
8.3,7.8715615,8989
8.3,9.704026,8989
8.15,2.4573238,8989
8.15,8.4153,8989
8.15,8.966183,8989
8.1,7.739339,8989
8.05,7.701038,8989
8.05,5.398677,8989
8.05,4.810668,8989
8.05,3.7065463,8989
7.92,7.0695434,8989
7.72,4.210165,8989
7.72,2.5743213,8989
7.68,2.0264218,8989
7.68,4.673388,8989
7.68,2.4503746,8989
7.66,1.736598,8989
7.64,-4.340335,8989
7.52,4.9220366,8989
7.48,-1.2746991,8989
7.46,-3.6527603,8989
7.17,-3.8041165,8989
7.02,-2.2154295,8989
6.87,0.004943981,8989
6.84,-2.2887084,8989
6.8,-5.0217614,8989
6.73,-0.7666355,8989
6.71,-4.602276,8989
6.68,-4.2433686,8989
6.59,-4.1459093,8989
6.59,-9.101583,8989
6.58,-0.51447815,8989
6.51,-4.419926,8989
6.5,0.087879784,8989
6.35,-5.4126415,8989
6.05,-11.372354,8989
6.0,-4.0878725,8989
5.0,2.3746865,893
10.08,-0.68917996,10172
7.39,4.1123223,8367
7.18,-3.1597476,8367
6.29,1.1812166,11634
5.8,2.464862,11634
5.54,-9.533519,11634
5.46,3.1187956,11634
5.29,-1.7052376,11634
5.11,-9.868384,11634
7.13,1.0940115,17248
6.85,-0.74086344,17248
7.92,0.051551666,13954
4.73,1.566714,16554
4.08,2.9726655,16554
8.52,8.95487,11427
7.43,4.407097,11427
7.38,2.2856636,11427
5.09,-5.7573795,11427
6.64,1.7079488,12565
5.96,-2.5306857,11605
5.94,6.375582,11605
5.28,-3.1283484,6937
5.25,5.5073733,6937
5.77,4.1812882,1648
5.77,5.8027368,1648
5.57,4.8122363,1648
5.54,0.88719356,1648
5.35,1.9452566,1648
5.31,0.16693985,1648
5.31,-1.8985744,1648
5.31,-1.3320997,1648
5.28,-0.25294852,1648
5.22,1.8903931,1648
5.16,-1.0392121,1648
5.11,-0.1855254,1648
4.64,-4.1563253,1648
6.7,0.35881808,5311
6.57,10.622457,5311
6.07,-5.823797,5311
8.05,9.144158,11003
7.85,6.912708,11003
7.7,8.228976,11003
7.7,2.5055525,11003
7.62,4.113612,11003
7.62,2.1659377,11003
7.44,9.682181,11003
7.38,10.001921,11003
7.32,3.105998,11003
7.24,3.3683183,11003
7.17,3.408792,11003
6.95,4.0969896,11003
6.85,-8.711056,11003
6.82,-1.1081734,11003
9.7,6.2666736,7758
9.7,0.17221826,7758
9.7,7.2593474,7758
9.7,4.991637,7758
9.4,6.792738,7758
9.4,11.0494175,7758
9.3,2.6244586,7758
9.22,8.37474,7758
9.15,-7.329983,7758
9.15,4.620108,7758
9.05,-9.793728,7758
9.0,4.1581926,7758
9.0,4.127214,7758
9.0,-1.7724451,7758
9.0,7.968596,7758
8.52,9.620205,7758
8.52,8.395967,7758
8.4,7.027442,7758
8.26,2.3635812,7758
7.89,-8.325578,7758
7.47,8.4840765,7758
7.46,10.978065,7758
7.42,6.362853,7758
7.0,8.472922,7758
6.98,5.796345,7758
6.82,5.0842586,7758
6.72,7.2352953,7758
6.68,4.61519,7758
6.55,8.4840765,7758
6.52,9.377765,7758
6.5,-4.8586545,7758
6.46,0.7821075,7758
6.24,7.027442,7758
6.17,1.5364277,7758
5.94,-15.761476,7758
5.9,2.232228,7758
5.75,8.343467,7758
5.66,9.178518,7758
7.51,-1.9339858,8582
7.75,12.033824,8540
7.36,-4.5757346,8540
7.11,6.050125,8540
6.97,7.1617484,8540
6.86,2.8136556,8540
6.47,0.9144912,8540
6.33,-4.7905684,8540
6.28,-2.9785712,8540
8.68,15.33466,9209
8.64,5.909632,9209
8.64,11.766609,9209
8.12,4.9488387,9209
8.09,5.568176,9209
7.83,4.3547664,9209
7.81,4.9488387,9209
7.75,-0.5573991,9209
7.7,0.753578,9209
7.64,1.4976517,9209
7.61,7.4759464,9209
7.56,-2.4808416,9209
7.55,0.6726913,9209
7.53,6.6837997,9209
7.47,1.3683984,9209
7.38,0.7749473,9209
7.37,0.5074696,9209
7.32,-0.19519667,9209
7.28,-4.207726,9209
7.27,5.7260275,9209
7.22,-3.898277,9209
7.21,-0.5226636,9209
7.2,-1.3857784,9209
7.18,0.7749473,9209
7.13,2.3509705,9209
7.12,-2.2868946,9209
7.11,-2.2930934,9209
6.98,1.4914813,9209
6.89,-5.1043215,9209
6.65,-1.8630314,9209
6.48,-0.5226636,9209
6.41,1.5740398,9209
6.22,-5.232696,9209
5.99,-6.76034,9209
5.91,-7.0732045,9209
5.84,-5.080816,9209
8.44,6.247903,9100
8.3,10.941461,1269
8.22,12.191795,1269
8.22,8.560516,1269
8.1,5.546217,1269
8.0,9.872266,1269
7.89,2.8998706,1269
7.8,2.0005434,1269
7.8,6.5318995,1269
7.6,3.564189,1269
7.4,2.2003956,1269
7.3,-4.860573,1269
7.1,-4.45634,1269
6.9,-3.0301306,1269
7.37,7.883723,7568
7.37,-11.850673,7568
7.11,-2.1094375,7568
7.07,-6.157676,7568
7.06,-10.236149,7568
6.82,4.146637,7568
6.77,2.9098768,7568
6.75,0.42021134,7568
6.75,-12.336259,7568
6.75,-3.1976235,7568
6.72,1.5899659,7568
6.72,4.043629,7568
6.21,-0.82585,7568
6.2,-2.1781278,7568
6.12,-10.771383,7568
6.1,-10.642361,7568
6.07,-5.5078993,7568
6.04,3.4141014,7568
6.0,-2.098259,7568
6.0,0.008373695,7568
5.92,-1.6338558,7568
5.66,-6.965742,7568
5.47,-7.0769763,7568
5.08,3.2987933,7568
4.92,3.046727,7568
4.92,-7.0769763,7568
6.5,-5.5611844,2750
6.17,1.1191571,11179
5.66,0.5114546,11179
6.79,-10.2269745,14806
5.6,0.8220569,3743
6.64,1.9176015,8359
7.92,3.7462833,6473
4.17,-0.36843497,10727
6.73,10.20212,13504
6.32,-11.4944105,13504
7.07,5.8387675,17435
6.85,-1.8643895,17435
7.24,2.2436554,9409
7.17,-0.997092,9409
7.0,2.8350244,4381
6.45,8.483036,4381
6.04,-5.373479,4381
6.18,-8.215577,2535
8.52,-3.8549073,12174
8.52,-3.8549073,12174
8.4,-1.0250024,12174
8.3,2.2242906,12174
7.7,-9.130657,12174
7.52,1.3490266,12174
7.52,-9.130657,12174
7.5,5.814434,12174
7.4,7.3277416,12174
7.1,-0.562085,12174
7.08,-9.130657,12174
6.7,5.007273,12174
6.52,1.451511,12174
6.52,0.5124016,12174
6.1,9.038206,12174
5.85,-4.2091928,12174
9.37,1.4706231,6895
9.17,2.8928826,6895
7.34,-2.1715,4935
6.95,-3.9532256,4935
6.92,-1.6941332,4935
6.23,-3.5166292,4935
4.49,1.0229813,9675
9.2,7.5403967,8847
9.1,3.6415577,8847
9.1,-0.86369437,8847
9.1,-4.5493393,8847
9.0,-4.5493393,8847
9.0,7.5403967,8847
8.8,-0.86369437,8847
8.6,3.4959295,8847
8.6,5.12795,8847
8.5,-0.9660947,8847
8.4,-5.6087756,8847
8.4,6.2487717,8847
8.4,-0.9660947,8847
8.1,3.4959295,8847
8.0,-2.6786523,8847
7.9,-0.8496488,8847
7.7,-3.9842777,8847
7.7,-4.338479,8847
7.92,9.328473,1750
4.82,-5.890325,1750
4.48,-5.7223134,1750
4.29,-5.890325,1750
5.15,-4.2922773,180
5.96,8.919774,6085
5.89,8.8494005,6085
5.58,-0.60223055,6085
5.33,0.05400197,6085
4.92,-2.7388952,6085
4.89,-9.789056,6085
4.85,-0.23814438,6085
4.83,1.3065472,6085
4.82,-1.3655485,6085
6.8,-0.56400883,5276
6.72,-7.3825855,5276
6.2,4.0524697,25
5.57,3.214103,25
5.36,-11.17016,25
4.8,-6.283267,25
9.0,4.845512,2859
9.0,-2.100251,2859
8.7,0.13351889,2859
8.52,-5.91704,2859
8.4,-2.1931021,2859
8.4,10.718096,2859
8.3,0.4413866,2859
8.22,-6.163459,2859
7.89,6.018095,2859
7.16,-1.5424666,2859
5.47,3.013816,4166
5.28,-0.8208833,9260
4.96,8.856812,9260
10.26,1.8291715,7934
10.26,1.699073,7934
10.26,-2.6286604,7934
10.26,7.2537208,7934
10.26,-1.6534083,7934
10.26,-6.106138,7934
10.26,-8.0708475,7934
10.26,-7.0017815,7934
10.26,2.0870123,7934
10.26,4.0340104,7934
10.26,-3.286326,7934
10.26,-8.750078,7934
10.26,-17.149391,7934
10.26,7.070037,7934
10.26,3.264187,7934
10.26,-2.5664682,7934
10.26,-6.036043,7934
10.26,-0.8746368,7934
10.26,-0.49685133,7934
10.26,0.8765673,7934
10.26,-9.836536,7934
10.26,-3.938098,7934
10.26,-6.2076774,7934
10.26,2.459677,7934
10.26,-4.8013353,7934
10.26,-10.597469,7934
10.26,3.9188297,7934
10.26,-2.9992344,7934
10.26,-0.99427056,7934
10.26,0.9687335,7934
10.26,-9.370475,7934
10.26,-7.8189874,7934
10.26,2.4050195,7934
10.26,4.8578324,7934
10.26,-5.37519,7934
10.26,-3.758891,7934
10.26,3.7313142,7934
10.26,1.9500139,7934
10.26,5.053884,7934
10.26,4.4197626,7934
10.26,0.9687335,7934
10.26,0.41729504,7934
10.26,0.27048072,7934
10.26,-4.701575,7934
10.26,3.5298617,7934
10.26,3.8179204,7934
10.26,-7.9880395,7934
10.26,-3.0022757,7934
10.26,1.2418606,7934
10.26,5.133135,7934
10.26,4.0609264,7934
10.26,-8.817493,7934
10.26,-3.5239716,7934
10.26,-6.0771613,7934
10.26,-6.2322893,7934
10.26,3.8352602,7934
10.26,2.5962663,7934
10.26,-14.25769,7934
10.26,-10.619635,7934
10.26,-2.6048987,7934
10.26,-2.55133,7934
10.26,1.965184,7934
10.26,-4.604983,7934
10.26,-1.1269456,7934
10.26,-4.2093983,7934
10.26,-5.559503,7934
10.26,1.586861,7934
10.26,3.3948576,7934
10.26,-10.619635,7934
10.26,-0.6367498,7934
10.26,3.3948576,7934
9.3,-10.619635,7934
9.26,-17.03177,7934
9.26,-5.9814105,7934
9.26,-1.3184174,7934
9.26,-2.8953116,7934
9.26,-6.4802027,7934
9.26,-3.0329566,7934
9.26,-4.3315835,7934
9.26,2.423234,7934
9.26,7.4072094,7934
9.26,-15.870059,7934
9.26,1.9681406,7934
9.26,0.042885132,7934
9.26,-5.21497,7934
9.26,-2.2657409,7934
9.26,8.81056,7934
9.26,-4.845627,7934
9.26,2.7010677,7934
9.26,-4.571881,7934
9.26,-2.1527913,7934
9.26,-10.734156,7934
9.26,-4.325469,7934
9.26,-2.0656478,7934
9.26,-6.5241413,7934
9.26,4.889927,7934
9.26,-0.5068898,7934
9.26,1.7563162,7934
9.26,0.60973716,7934
9.26,-3.2980258,7934
9.26,-2.8771296,7934
9.26,-2.0537302,7934
9.26,3.0063083,7934
9.26,0.34335387,7934
9.26,-3.3663392,7934
9.26,0.72151077,7934
9.26,-4.367617,7934
9.26,-7.8303723,7934
9.26,-6.690767,7934
9.26,2.6479647,7934
9.26,0.31560552,7934
9.26,-13.382568,7934
9.26,-0.16223696,7934
9.26,8.508385,7934
9.26,-3.5361285,7934
9.26,5.205013,7934
9.26,-1.3108356,7934
9.26,0.94589937,7934
9.26,0.65747344,7934
7.39,-12.3478155,7934
7.31,-20.953331,7934
7.26,-16.206007,7934
7.12,-15.002052,7934
4.02,2.6354516,17836
5.18,0.26249567,1127
7.52,-12.430475,359
7.52,10.189311,359
7.52,19.552727,359
7.4,-3.7382638,359
7.4,1.8427085,359
7.4,13.808997,359
7.4,-13.93687,359
7.3,17.069174,359
7.3,21.566645,359
7.3,-1.4278148,359
7.3,0.9467584,359
7.3,8.8145275,359
7.22,6.4687304,359
7.22,-14.469095,359
7.22,17.30171,359
7.0,15.411679,359
6.96,-12.612869,359
6.7,11.012558,359
6.7,-9.940284,359
6.4,6.668381,359
6.22,10.8148775,359
5.4,0.8807163,359
8.0,5.7759733,11765
7.89,2.2919567,11765
7.75,13.132559,11765
7.36,11.781738,11765
7.28,-2.5585806,11765
7.24,-0.29153967,11765
7.21,1.9234428,11765
7.17,-4.1590385,11765
7.14,5.064776,11765
7.11,1.0205613,11765
7.09,-5.9056325,11765
7.03,-16.878529,11765
6.96,8.335508,11765
6.96,-0.39231306,11765
6.92,-2.2436912,11765
6.89,-10.196856,11765
6.89,-15.919474,11765
6.85,5.203357,11765
6.75,5.044736,11765
6.7,-0.7331679,11765
6.68,6.1302304,11765
6.58,-15.423006,11765
6.52,-4.60646,11765
6.48,-8.79158,11765
6.4,-10.363869,11765
6.39,0.3513278,11765
6.39,1.5326315,11765
6.38,-17.019182,11765
6.19,9.178407,11765
6.18,-6.468365,11765
6.1,6.06188,11765
5.96,-3.3162994,11765
5.92,0.8558226,11765
5.75,-2.8589923,11765
5.57,6.006561,11765
5.57,0.022450555,11765
5.52,-17.459246,11765
5.43,-5.2774563,11765
5.3,-16.077652,11765
6.47,3.7859218,10897
6.24,8.237695,10897
5.62,7.4689264,10897
5.54,1.1330084,10897
5.49,7.90725,10897
5.43,-3.569578,10897
5.29,1.6800935,10897
5.22,-2.5591495,10897
5.16,0.732015,10897
5.14,-6.623791,10897
5.04,3.201185,10897
4.99,-6.47184,10897
4.98,-1.929341,10897
4.84,-10.347795,10897
4.79,-5.7212644,10897
4.76,-13.774621,10897
4.69,-12.549338,10897
4.6,-15.242125,10897
6.34,2.3874853,1492
8.1,-0.27684018,13952
7.66,9.287374,11366
7.28,-1.2268672,11366
6.75,0.95464027,11366
5.8,2.0564675,16377
7.1,1.2120214,1864
6.28,6.1252327,1864
6.91,9.610466,13868
6.82,-2.231594,13868
6.75,-8.638131,13868
6.61,-14.373645,13868
6.38,0.8743209,13868
6.35,-7.8674364,13868
8.0,8.405808,15159
7.0,11.620523,15159
5.96,5.672491,15159
5.6,6.5365286,15159
5.34,-11.528689,15159
5.03,-1.525262,15159
5.0,-7.5696445,15159
6.25,-12.84958,16151
6.07,2.9289281,16151
5.97,-4.2648516,16151
5.9,-5.931684,16151
5.84,-11.304764,16151
5.79,-12.71803,16151
5.78,-7.319328,16151
5.75,-5.673367,16151
5.73,-14.033126,16151
5.72,-8.143805,16151
5.67,0.04330181,16151
5.6,-1.9481931,16151
5.47,-5.455747,16151
5.43,-10.18515,16151
8.22,0.5976574,4094
6.54,1.3725513,13978
5.44,2.4616172,16550
4.95,2.2263837,16550
6.56,3.003017,1818
8.7,8.283181,17645
8.7,10.429844,17645
8.52,5.2769327,17645
8.52,5.42012,17645
8.52,5.2769327,17645
8.52,9.237053,17645
8.4,4.5644116,17645
8.3,5.315518,17645
8.22,5.2769327,17645
8.0,5.362922,17645
7.96,7.0902934,17645
7.92,7.924777,17645
7.89,2.3816977,17645
7.82,5.362922,17645
7.75,5.362922,17645
7.72,8.598425,17645
7.57,5.8187056,17645
7.44,-0.7302516,17645
7.43,-0.9698155,17645
7.39,-2.477009,17645
7.06,3.07816,17645
6.99,4.022809,17645
6.8,1.8696207,17645
6.74,-1.6166496,17645
6.67,1.2306322,17645
6.41,-2.5435002,17645
6.4,-7.962197,17645
6.31,-6.4819703,17645
5.91,-12.002864,17645
5.65,-6.926513,17645
6.58,2.5742218,15638
6.17,2.2117136,15185
5.3,1.5184153,16526
7.26,6.390321,6742
6.83,6.8031445,6742
6.77,9.52299,6742
6.67,11.101953,6742
6.52,4.1565423,6742
6.45,5.459568,6742
6.45,-1.0232304,6742
6.42,7.1937747,6742
6.34,7.575097,6742
6.23,0.7106539,6742
6.21,3.7917867,6742
6.2,8.725102,6742
6.19,-3.8453243,6742
6.04,-1.1584139,6742
6.01,11.513669,6742
5.82,5.750036,6742
5.71,-6.9105735,6742
5.69,9.369509,6742
5.61,7.7851996,6742
5.53,2.192022,6742
5.08,2.9377403,6742
6.96,4.2599764,2090
6.89,6.6605697,2090
6.89,5.647877,2090
6.89,2.7218807,2090
6.82,5.647877,2090
6.8,-1.6451218,2090
6.8,0.31557152,2090
6.77,-0.6960003,2090
6.75,-0.09236397,2090
6.66,2.7981396,2090
6.62,-8.252556,2090
6.6,3.4879024,2090
6.55,-0.014323606,2090
6.55,-0.7780419,2090
6.54,-2.388788,2090
6.5,-4.558545,2090
6.5,6.5043902,2090
6.5,1.6684207,2090
6.41,-8.7198925,2090
6.23,-2.7590244,2090
6.07,4.837934,2090
6.04,-1.74878,2090
6.02,8.78682,2090
5.67,1.685837,2090
5.22,0.79793715,13073
5.16,2.640805,13073
4.48,-8.529515,5983
4.4,-5.8267612,5983
8.7,0.46337223,8757
8.52,1.8639014,8757
8.0,1.3282347,3786
7.35,-1.8034847,3786
6.72,4.3216047,3786
9.22,-1.7165936,457
6.57,1.7347025,1839
5.3,-7.2528315,5145
8.92,4.213133,4383
8.85,5.7340865,4383
8.85,-8.608743,4383
8.82,-2.017003,4383
8.57,4.994744,4383
8.54,-1.2408382,4383
8.44,-6.0916443,4383
8.37,5.1635227,4383
8.31,-3.217272,4383
8.3,5.3944306,4383
8.29,1.8353276,4383
8.26,-0.28388476,4383
8.21,-0.6565221,4383
8.11,4.266454,4383
8.06,0.47438878,4383
7.92,3.7611313,4383
7.89,4.414702,4383
7.7,2.4901478,4383
7.66,-4.465939,4383
7.43,2.600051,4383
7.35,0.53636295,4383
7.32,3.3960242,4383
7.26,-0.23919794,4383
6.99,3.2704399,4383
6.78,-11.680462,4383
7.0,-0.61296064,13313
7.0,-2.7287214,13313
8.7,2.921847,10010
8.4,-7.8996935,10010
8.4,-3.7227485,10010
8.4,-5.974115,10010
8.4,-1.3463454,10010
7.89,4.09687,10010
7.68,-9.391161,10010
8.1,5.87637,16670
8.1,-9.787591,16670
7.82,-4.3487372,16670
7.77,-8.223306,16670
7.68,10.123905,16670
7.66,0.7372308,16670
7.6,7.612393,16670
7.52,-6.353444,16670
7.52,1.8373827,16670
7.5,-2.5967274,16670
7.43,-8.666651,16670
7.39,-3.9492633,16670
7.34,2.1741905,16670
7.32,-5.457376,16670
7.3,6.9415,16670
7.29,-1.537631,16670
7.28,1.1617593,16670
7.26,-1.9594467,16670
7.25,0.857705,16670
7.25,6.267619,16670
7.21,-1.7401437,16670
7.18,-4.320472,16670
7.12,0.10967471,16670
7.08,-1.075672,16670
6.77,-6.686884,16670
6.39,1.8946214,16670
6.22,1.0558529,16670
6.22,-8.867917,16670
9.3,1.204848,8042
9.3,9.168515,8042
9.3,11.969688,8042
9.3,-1.8694214,8042
9.22,-4.4609413,8042
9.22,-4.4609413,8042
9.22,12.335531,8042
9.22,-1.1891028,8042
9.22,-0.96791595,8042
9.15,0.2730334,8042
9.15,-1.5187736,8042
9.15,4.2253094,8042
9.1,-1.8173771,8042
9.1,-1.8173771,8042
9.1,4.3342433,8042
9.05,-4.193787,8042
9.05,1.8131919,8042
9.05,-2.8818882,8042
9.0,-1.3848691,8042
9.0,-6.977542,8042
9.0,3.181934,8042
9.0,0.58888364,8042
9.0,-4.8670588,8042
9.0,-1.886749,8042
9.0,0.6103158,8042
9.0,5.502597,8042
9.0,-2.3538382,8042
9.0,-1.1262734,8042
8.96,-2.1119366,8042
8.96,-0.68753535,8042
8.96,1.8480773,8042
8.96,7.1077714,8042
8.92,-3.285405,8042
8.92,-2.051074,8042
8.92,-1.886749,8042
8.92,-4.8670588,8042
8.92,2.0285861,8042
8.89,-2.0019224,8042
8.89,-5.776699,8042
8.89,-4.0678716,8042
8.89,1.2831992,8042
8.85,-2.4225018,8042
8.82,-8.358294,8042
8.82,0.73581886,8042
8.82,2.8331988,8042
8.82,6.151664,8042
8.8,-4.102212,8042
8.8,3.7102828,8042
8.8,-3.2812338,8042
8.77,-2.4206815,8042
8.74,6.2648044,8042
8.74,0.38236237,8042
8.7,2.4973516,8042
8.7,0.64157176,8042
8.66,5.1071134,8042
8.64,-1.0884486,8042
8.6,-1.2036982,8042
8.6,3.9051435,8042
8.54,1.0675764,8042
8.52,-0.045709748,8042
8.51,-2.8786387,8042
8.47,1.594307,8042
8.44,-7.0862885,8042
8.43,0.52319694,8042
8.4,1.31915,8042
8.36,-5.149436,8042
8.35,-0.8692776,8042
8.3,-3.330629,8042
8.29,5.793052,8042
8.08,-4.798105,8042
7.86,1.066101,8042
7.8,-0.61451787,8042
7.6,-6.610321,8042
4.48,-5.550122,14731
8.52,6.3909893,15147
8.3,0.51066744,15147
8.3,-1.4457403,15147
8.15,-0.70126617,15147
7.92,1.8619778,15147
7.92,8.465606,15147
7.85,5.317477,15147
7.82,0.6792885,15147
7.75,3.940511,15147
7.75,3.1271544,15147
7.75,7.2633843,15147
7.64,3.9959767,15147
7.55,0.88359666,15147
7.32,7.318542,15147
7.27,7.914201,15147
7.21,0.66251314,15147
7.19,6.3714294,15147
7.14,4.93978,15147
7.11,-1.214897,15147
6.91,4.1932163,15147
6.9,-0.7557265,15147
6.69,-9.079313,15147
6.53,7.325583,15147
6.42,6.2733927,15147
5.26,4.2809906,15147
8.22,4.6895866,13336
8.82,2.9292705,7211
8.77,0.9593493,7211
8.39,8.158634,7211
7.7,-1.0647538,7211
7.54,1.601649,7211
7.52,7.442473,7211
7.41,2.0108314,7211
7.39,1.6680046,7211
7.31,5.6038218,7211
7.29,-4.521316,7211
7.12,3.7762034,7211
7.02,3.167153,7211
6.92,0.86879706,7211
6.64,6.407285,7211
6.36,1.1476808,7211
6.09,-4.2568107,7211
5.58,-6.8788176,7211
8.31,6.8597383,5259
6.25,-5.5496783,5259
5.47,2.7777963,15410
5.68,9.29794,15957
5.55,0.3403868,15957
5.47,4.196282,15957
5.28,4.766662,15957
5.27,2.7025468,15957
7.68,10.866494,4196
7.64,12.547186,4196
6.89,-3.9744282,4196
6.82,-2.674526,4196
6.77,-7.400066,4196
6.62,-10.4891,4196
9.0,2.6634426,7942
9.0,-0.7351727,7942
9.0,-2.3751955,7942
9.0,4.431889,7942
9.0,0.20639367,7942
9.0,1.3478212,7942
9.0,0.2899761,7942
9.0,-2.7499673,7942
8.7,-2.8557584,7942
8.7,1.934861,7942
8.7,5.040163,7942
8.7,9.573723,7942
8.7,1.825563,7942
8.7,3.5216281,7942
8.7,4.2736797,7942
8.7,1.9254531,7942
8.7,3.3450336,7942
8.7,-3.771389,7942
8.7,0.28658718,7942
8.7,-1.2869023,7942
8.7,4.961759,7942
8.7,6.3841047,7942
8.7,-3.421368,7942
8.7,4.0421195,7942
8.7,0.81776094,7942
8.7,3.2342396,7942
8.7,1.7298905,7942
8.7,-5.2978487,7942
8.7,2.755313,7942
8.7,1.6804734,7942
8.7,-7.203425,7942
8.7,6.126798,7942
8.7,-0.36721343,7942
8.52,3.2480645,7942
8.52,-1.310696,7942
8.52,2.2382636,7942
8.52,4.766446,7942
8.52,-12.317258,7942
8.52,4.5599346,7942
8.52,1.8483154,7942
8.52,4.526826,7942
8.52,5.0180073,7942
8.52,-0.48689264,7942
8.52,0.9172043,7942
8.52,1.7646811,7942
8.52,-5.0014515,7942
8.52,7.5151725,7942
8.52,4.5277405,7942
8.52,-8.373153,7942
8.52,1.7819055,7942
8.52,2.0951164,7942
8.52,6.3841047,7942
8.52,-3.8168058,7942
8.52,-6.1271853,7942
8.52,-1.0985717,7942
8.52,1.3998923,7942
8.4,6.002312,7942
8.4,3.95426,7942
8.4,4.270917,7942
8.4,-4.0292134,7942
8.4,1.5003707,7942
8.4,-2.0318248,7942
8.4,3.9071023,7942
8.4,-7.0652723,7942
8.4,1.783587,7942
8.4,-3.4562306,7942
8.4,-5.2647805,7942
8.3,6.3841047,7942
8.3,-0.50882524,7942
8.3,0.0035910467,7942
8.3,-3.8107753,7942
8.3,1.403559,7942
8.3,6.657282,7942
8.3,0.46642593,7942
8.3,0.6423384,7942
8.3,-2.5595927,7942
8.3,-5.224008,7942
8.22,-0.27637237,7942
8.22,-14.372276,7942
8.22,4.499801,7942
8.22,2.6389775,7942
8.22,2.383169,7942
8.15,-17.986347,7942
8.15,3.5388272,7942
8.15,1.4540018,7942
8.15,7.13565,7942
8.1,-0.86939716,7942
8.05,2.8740065,7942
8.05,-6.532903,7942
8.0,-3.0042017,7942
7.96,3.101232,7942
7.85,-3.8075972,7942
7.82,2.3922675,7942
7.77,-3.536595,7942
7.7,2.5386546,7942
7.64,-16.907494,7942
7.55,4.68403,7942
7.52,1.8657326,7942
7.35,-1.044892,7942
7.19,4.812968,7942
7.01,3.737753,7942
6.97,-1.5466923,7942
6.96,2.2756293,7942
6.84,-1.7663939,7942
6.84,-0.7528626,7942
6.33,-5.6752396,7942
6.15,1.5332302,7942
7.96,-1.9427335,9896
9.1,9.714319,13278
9.0,2.008721,13278
8.5,-0.24987014,13278
6.5,-2.3194554,17175
5.66,-6.9800076,17175
5.36,-9.259706,17175
6.18,1.567714,5810
5.92,-2.1924098,5810
5.4,5.0353804,5810
4.6,0.96283495,16724
5.58,6.8224773,6771
5.55,5.5230217,6771
5.55,7.471891,6771
5.36,9.327191,6771
5.31,5.87278,6771
5.08,2.4127412,6771
5.07,5.124166,6771
4.95,-4.2910066,6771
4.93,8.400065,6771
4.79,-7.49549,6771
4.56,-8.118841,6771
4.51,-4.3685274,6771
8.4,-6.3872986,4765
7.43,4.541675,4765
8.62,-0.214394,5535
7.72,2.130171,8104
7.72,1.496597,8104
7.66,5.1995325,8104
7.62,10.189059,8104
7.58,-4.412514,8104
7.58,12.004516,8104
7.54,3.4740741,8104
7.5,9.021182,8104
7.47,1.1329888,8104
7.43,9.830685,8104
7.42,2.9009094,8104
7.38,0.70755756,8104
7.36,2.180767,8104
7.35,0.7929115,8104
7.34,-3.5305421,8104
7.32,-3.2682536,8104
7.31,-0.45770437,8104
7.28,6.1772013,8104
7.28,1.2748564,8104
7.27,0.8066499,8104
7.24,3.0329666,8104
7.22,-3.3938246,8104
7.21,5.2857237,8104
7.21,6.294849,8104
7.21,-2.0479233,8104
7.19,-2.7171662,8104
7.14,-0.14088911,8104
7.13,-0.21798536,8104
7.1,-2.9396927,8104
7.08,1.668302,8104
7.04,4.371735,8104
7.03,6.941289,8104
7.0,-2.1494684,8104
6.96,-2.7773795,8104
6.96,2.2329695,8104
6.96,-2.2941713,8104
6.96,3.5433366,8104
6.89,-6.000621,8104
6.82,-6.406684,8104
6.82,-5.7123656,8104
6.8,-4.7352276,8104
6.8,-1.6857569,8104
6.77,-2.5206914,8104
6.77,5.303876,8104
6.72,3.2167625,8104
6.7,-7.710685,8104
6.7,-0.16831069,8104
6.7,0.49646533,8104
6.64,-2.3550966,8104
6.64,-3.4112198,8104
6.62,-4.184152,8104
6.58,-1.3338455,8104
6.58,-4.1458864,8104
6.54,-1.9794797,8104
6.54,-1.2707512,8104
6.48,-8.867719,8104
6.48,-5.554611,8104
6.46,1.1228151,8104
6.43,-6.0671244,8104
6.43,-3.4851248,8104
6.38,2.0337043,8104
6.37,-3.6716232,8104
6.36,-9.885988,8104
6.32,-8.397266,8104
6.16,-12.344947,8104
6.04,-15.943909,8104
7.47,5.407214,13045
7.46,4.2529554,13045
7.43,7.5458884,13045
7.26,4.4974384,13045
7.2,2.17678,13045
7.03,11.787988,13045
6.96,9.753835,13045
6.77,6.1538024,13045
6.7,6.0834575,13045
6.54,5.1347895,13045
6.52,2.4168184,13045
6.35,-2.3270996,13045
6.34,0.24825871,13045
6.28,-4.4228244,13045
6.24,-1.6647906,13045
6.21,3.5782716,13045
6.19,1.5243473,13045
6.06,-5.113387,13045
6.06,-3.9825149,13045
6.05,-7.1004515,13045
6.02,-0.030867752,13045
5.8,3.5180366,13045
5.77,-2.9893951,13045
5.52,5.2898493,13045
5.12,-1.1325358,13045
5.03,1.8935349,13045
7.0,2.017701,7002
5.41,-1.3420359,7002
5.05,1.4960765,7002
4.92,10.617821,7002
4.8,4.7344413,7002
4.15,-2.9790964,7002
7.55,-5.3853602,17728
8.34,2.0892885,10158
5.44,-1.8179439,17804
8.85,4.0987477,15437
8.82,7.8680987,15437
8.52,7.4990735,15437
8.07,1.6544155,15437
8.02,4.0357094,15437
7.92,-8.030155,15437
7.75,0.01981137,15437
7.7,-5.8114614,15437
7.57,-2.1111548,15437
7.48,-1.7480724,15437
7.38,-1.4465443,15437
7.35,6.4079046,15437
7.28,2.3436573,15437
7.28,-11.110859,15437
7.24,9.66212,15437
7.1,-3.6009881,15437
7.08,-0.8456316,15437
7.07,3.582596,15437
7.0,4.618438,15437
6.8,-0.9184094,15437
6.77,5.881707,15437
6.77,2.8483894,15437
6.64,-6.414722,15437
6.41,7.1518464,15437
6.21,3.7285407,15437
5.34,4.4944882,16844
5.09,-3.6641989,16844
6.72,0.35169607,498
8.05,5.7851963,10655
7.38,5.72077,10655
6.92,5.995513,10655
6.52,-1.5112407,10655
6.02,-2.8055522,10655
5.81,-5.950933,10655
5.58,-6.845921,10655
5.42,-8.485082,10655
5.21,-3.4923253,10655
5.08,-10.006084,10655
5.05,-8.456634,10655
6.04,2.6884177,9804
5.43,8.537331,17219
5.03,-5.5311046,17219
4.7,1.863674,17219
7.22,1.818692,3103
6.04,0.93334156,14553
8.3,2.6728003,414
8.43,10.438047,4170
8.09,11.233045,4170
7.97,5.996011,4170
7.94,12.707549,4170
7.84,12.055132,4170
7.78,7.5941725,4170
7.76,13.413031,4170
7.61,8.451015,4170
7.6,9.847682,4170
7.53,8.093771,4170
7.52,2.4523838,4170
7.49,6.366171,4170
7.44,12.725495,4170
7.42,11.799445,4170
7.39,11.676277,4170
7.36,8.146601,4170
7.36,9.184613,4170
7.32,8.612907,4170
7.2,10.831365,4170
7.05,8.753489,4170
6.82,-3.9102883,4170
6.59,9.989707,4170
6.51,7.155321,4170
5.37,-17.73432,4170
6.2,4.6525936,3261
5.66,4.6046066,3261
5.6,-5.751312,3261
5.11,-8.393475,3261
4.97,-13.16982,3261
4.87,-0.3739037,3261
4.85,-4.1001782,3261
4.67,-0.84626293,3261
6.66,-0.84997666,17114
6.77,-5.203971,15074
6.69,9.017371,10291
5.4,-7.1500382,10291
7.92,22.753904,5127
6.66,10.015936,5127
5.87,0.7005967,5127
5.78,4.2273335,5127
5.7,-10.247487,5127
5.65,13.358315,5127
5.64,-12.483014,5127
5.48,-5.405707,5127
6.96,-3.0315847,17497
7.82,-2.8462563,9056
7.75,11.134157,9056
8.92,2.4398067,10211
6.26,2.482102,16620
6.83,4.157082,3523
7.14,4.4241705,12287
7.02,5.831914,12287
6.57,2.1765754,12287
6.54,0.88238555,12287
6.53,7.911008,12287
6.51,6.2699327,12287
6.51,1.4465263,12287
6.49,-1.4437284,12287
6.48,3.6588805,12287
6.48,0.55012214,12287
6.47,3.8908443,12287
6.42,-2.8773265,12287
6.41,0.46202546,12287
6.31,6.107374,12287
6.26,-5.5781317,12287
6.24,5.0414133,12287
6.23,2.2614753,12287
6.22,6.181645,12287
6.21,0.8796238,12287
6.2,0.32842356,12287
6.19,5.0534253,12287
6.16,-7.5387826,12287
6.1,-2.2744994,12287
6.01,-6.3131514,12287
5.98,-2.6258261,12287
5.75,-3.7657087,12287
5.66,-6.061839,12287
5.63,-0.52112377,12287
5.46,-5.813676,12287
5.42,-3.7301044,12287
5.35,0.7023832,12287
8.7,9.572441,17850
8.7,3.5510685,17850
8.7,-2.4182408,17850
8.7,5.4886785,17850
8.52,3.484683,17850
8.3,-3.0616136,17850
8.3,5.8516273,17850
8.22,0.37932444,17850
8.1,-2.419123,17850
8.1,-2.3749986,17850
8.0,-0.3441935,17850
8.0,0.57062364,17850
7.96,2.9406424,17850
7.89,1.917385,17850
7.85,7.6409264,17850
7.85,1.9299814,17850
7.85,4.9559784,17850
7.82,1.5796905,17850
7.82,7.625307,17850
7.77,3.9158504,17850
7.75,-1.3472434,17850
7.72,0.078415,17850
7.7,4.228924,17850
7.58,0.31965354,17850
7.46,2.652543,17850
7.41,7.558777,17850
7.26,7.255351,17850
7.24,-1.2963227,17850
7.24,-0.41006452,17850
7.13,2.6744244,17850
7.09,5.2368493,17850
7.02,-6.8744903,17850
7.0,-4.6854863,17850
6.89,3.412278,17850
6.85,3.7923882,17850
6.82,5.2724323,17850
6.77,-3.6624653,17850
6.77,-7.673381,17850
6.75,-0.9535259,17850
6.75,5.6761045,17850
6.47,-9.284684,17850
6.42,4.8921156,17850
6.35,-12.455165,17850
5.6,-6.292789,17850
5.0,1.964347,17850
8.05,7.8509398,3778
7.54,4.3417215,3778
7.38,3.9005105,3778
6.72,-8.917802,3778
6.48,-8.917802,3778
6.24,5.291457,3778
5.96,-0.94832265,3778
5.85,7.5853577,3778
5.06,5.314504,3778
5.03,-3.526365,3778
4.85,-7.199316,3778
8.7,7.314768,3080
8.7,5.495478,3080
8.22,-1.627342,3080
8.05,0.8196608,3080
7.92,4.198912,3080
7.82,3.6143816,3080
7.82,2.051018,3080
7.82,-0.34643358,3080
7.72,6.7050376,3080
7.35,-0.5529158,3080
7.27,-0.34643358,3080
7.02,2.2510054,3080
6.97,2.3860292,3080
6.71,-0.34643358,3080
6.41,6.4390545,3080
5.65,-7.2167974,3080
5.49,-5.2148557,3080
5.13,-6.969222,3080
9.22,6.320025,8220
9.1,-3.7760825,8220
8.92,2.1572359,8220
8.85,4.8349595,8220
8.8,1.4936038,8220
8.74,11.927707,8220
8.74,-0.57117033,8220
8.74,1.7210327,8220
8.7,3.3919094,8220
8.64,4.3707876,8220
8.62,3.028364,8220
8.6,1.0213186,8220
8.48,2.607794,8220
8.48,0.7074599,8220
8.47,1.6249841,8220
8.38,11.129261,8220
8.37,3.336337,8220
7.75,6.6219826,8220
7.2,-7.968848,8220
7.04,-1.1090168,8220
6.36,-1.1090168,8220
7.55,0.45188838,5656
5.92,-4.9844007,17889
5.47,3.010784,17889
9.05,2.6794736,12266
6.8,10.853869,3186
6.6,9.342542,3186
6.6,7.591335,3186
6.4,-0.1800903,3186
6.3,8.7544365,3186
6.1,4.1159854,3186
6.0,4.056742,3186
6.0,-0.1985412,3186
5.89,-0.9200514,3186
5.89,5.201768,3186
5.8,-3.3670583,3186
5.7,-1.0110742,3186
5.6,-3.8840024,3186
5.6,2.8617008,3186
5.6,3.3516257,3186
5.5,-13.979963,3186
5.4,-8.3498335,3186
5.4,-12.61411,3186
5.3,-13.289081,3186
5.2,-12.535282,3186
5.1,-6.738632,3186
7.2,-3.1825166,10566
6.68,3.5733173,4180
5.12,1.1519531,4889
4.28,-12.075455,2341
3.81,-2.2920926,2341
3.42,-10.415158,2341
3.4,-4.5872965,2341
3.11,-8.738662,2341
3.04,-5.471434,2341
6.42,15.034958,1882
5.24,20.188835,1882
5.12,-6.673378,1882
7.39,5.3450165,442
7.38,9.461701,442
7.14,7.1697206,442
7.01,5.89053,442
6.92,9.552386,442
6.92,3.25371,442
6.85,-0.33278814,442
6.82,12.872469,442
6.62,7.931947,442
6.55,3.295324,442
6.3,0.9793649,442
6.28,9.050858,442
6.24,-0.7853411,442
6.23,0.9793649,442
6.2,5.1359696,442
6.17,7.249341,442
6.17,4.7058916,442
6.17,9.069569,442
6.12,0.76541024,442
5.96,3.896744,442
5.89,9.389242,442
5.89,-7.1761065,442
5.89,-4.519386,442
5.84,-1.4731451,442
5.71,-1.4731451,442
5.7,5.3224587,442
5.7,-4.648011,442
5.7,-7.476514,442
5.66,-0.48822966,442
5.62,2.762607,442
5.62,-3.6292562,442
5.6,10.397927,442
5.6,-3.3412516,442
5.57,-10.8425,442
5.54,-1.7605928,442
5.33,-5.3468246,442
5.29,-6.046972,442
5.24,2.8414123,442
5.22,-5.786669,442
5.18,-2.194569,442
5.13,-10.472906,442
5.11,7.1912255,442
5.07,-7.829928,442
4.97,0.5214022,442
4.9,-12.031147,442
4.87,-14.530274,442
4.85,-7.580602,442
4.77,-3.1392105,442
6.46,4.733425,2352
8.21,-4.8665915,7871
8.06,4.376762,7871
7.91,0.73873,7871
7.88,0.994488,7871
7.84,0.00010006968,7871
7.8,-6.5268083,7871
7.51,-2.2402117,7871
7.36,-3.6098661,7871
7.28,2.627686,7871
6.73,-2.8136575,7871
7.51,-2.055882,7966
7.3,7.990302,7966
6.81,1.6148089,8636
5.72,2.5760005,9781
5.47,1.6098977,9781
5.2,0.03346136,9781
7.07,-9.331749,17609
8.4,12.593402,1670
8.4,15.633011,1670
8.3,8.895544,1670
8.22,6.7151303,1670
8.22,9.183571,1670
8.22,11.854797,1670
8.15,16.485365,1670
8.05,6.3041472,1670
7.7,-7.2379518,1670
7.7,2.5693996,1670
7.66,9.462839,1670
7.64,-1.6831563,1670
7.47,6.3602433,1670
7.16,-2.3645108,1670
6.44,-3.2431214,1670
6.06,-8.119072,1670
9.52,6.7161474,9218
9.22,4.2009606,9218
9.15,5.7704005,9218
9.15,4.002992,9218
8.77,-3.452952,9218
8.51,4.169788,9218
8.48,1.4838629,9218
8.44,7.5889688,9218
8.17,-6.510339,9218
8.0,2.1070576,9218
7.96,-0.5579829,9218
7.92,8.22427,9218
7.89,2.218747,9218
7.82,-2.055004,9218
7.77,5.5151277,9218
7.44,9.040188,9218
7.4,-2.1613047,9218
7.35,-0.8601717,9218
7.19,-4.1953144,9218
7.19,9.96579,9218
7.09,6.373704,9218
6.92,-1.1245571,9218
6.8,-2.5088904,9218
6.55,0.8400798,9218
6.38,-1.0573018,9218
6.37,-0.13537662,9218
8.04,-1.9151956,13380
7.89,6.042588,13380
7.6,7.7784667,11722
6.9,-4.1243196,11722
6.8,-2.7562952,11722
8.7,-0.43034786,7946
8.7,7.010661,7946
7.51,-0.5597646,16135
6.58,5.558815,16135
6.57,3.215936,16135
6.27,2.0067313,16135
4.6,0.7090326,16738
7.52,-0.18968362,2464
5.43,7.488817,2464
9.28,3.4064448,13260
6.3,-3.1088989,10717
6.16,1.2513914,10717
5.92,-0.262748,10717
5.85,-2.2147717,10717
5.8,-3.3360193,10717
5.55,10.688361,10717
5.54,4.9888277,10717
5.5,-0.302095,10717
4.69,1.1436367,1959
5.75,10.439792,14394
5.31,0.9394771,14394
5.19,-7.2832937,14394
8.0,1.0708733,9468
8.0,3.907291,9468
5.09,2.388216,3051
8.0,14.669866,15615
8.0,3.4273596,15615
7.52,12.922541,15615
7.52,12.922541,15615
7.52,1.6409051,15615
7.4,3.4273596,15615
7.3,7.990735,15615
7.0,9.525621,15615
6.82,9.525621,15615
6.8,12.891014,15615
6.77,-1.116044,15615
6.6,-0.7516813,15615
6.57,12.891014,15615
6.01,-3.8486078,15615
6.0,3.4273596,15615
5.89,-1.430404,15615
5.44,-1.0491191,15615
5.44,-7.166845,15615
5.43,0.4722784,15615
5.32,-2.8688493,15615
5.23,-5.649081,15615
4.8,-3.2735288,15615
4.35,-13.037425,15615
6.7,6.804992,12681
6.52,2.350901,12681
5.8,-3.7192671,12681
5.09,2.0216763,12681
5.02,-4.3805485,12681
7.75,2.3305018,14617
6.22,1.1908246,6905
6.05,-0.1523158,6487
7.52,7.717008,1717
6.7,7.5477095,1717
5.87,-3.6621807,1717
5.53,4.250679,1717
5.34,2.2974384,1717
5.28,-2.9546707,1717
5.08,-7.6277165,1717
4.93,2.3247046,1717
4.89,-8.308098,1717
4.52,-1.3291172,1717
8.06,9.261415,15273
6.46,-17.357315,15273
9.15,6.8527794,11180
9.15,-2.4474595,11180
9.1,6.8527794,11180
8.96,4.031067,11180
8.92,4.031067,11180
8.8,-3.9033928,11180
8.72,5.0712447,11180
8.57,0.49217802,11180
8.54,-0.81257164,11180
8.51,8.185092,11180
8.46,-2.843874,11180
8.44,-6.1891847,11180
8.27,3.1086528,11180
8.25,-3.48554,11180
8.14,-0.028891109,11180
7.95,-3.6961906,11180
7.75,0.83505946,11180
7.75,-1.349539,11180
7.7,3.7794375,11180
7.65,4.5828285,11180
7.59,0.6378439,11180
7.52,4.5459967,11180
7.45,1.3329004,11180
7.44,-5.636259,11180
7.42,-5.4287624,11180
7.03,-7.3567004,11180
6.7,6.8527794,11180
6.2,4.031067,11180
6.97,2.3984933,7892
8.7,3.401367,10982
7.36,1.9538516,11887
7.32,3.5043647,11887
7.19,4.870838,11887
6.86,2.640718,11887
6.18,-5.8905945,11887
5.54,-8.869245,11887
5.02,-7.2897353,11887
4.62,0.8186195,11887
8.7,-0.047367353,1781
7.0,-13.110495,2100
7.0,9.076483,2100
6.82,-7.9893,2100
6.6,14.022667,2100
6.6,11.899646,2100
6.52,-6.31164,2100
6.22,-14.002979,2100
6.22,6.900141,2100
6.12,3.345755,2100
5.82,-7.2905684,2100
5.82,-16.187574,2100
5.82,-8.1333685,2100
5.8,12.895681,2100
5.7,9.755701,2100
5.6,-20.174067,2100
5.6,5.799552,2100
5.52,-16.204891,2100
5.52,-4.7133746,2100
5.52,10.992694,2100
5.46,14.058965,2100
5.4,-1.9137266,2100
5.4,6.687053,2100
5.3,8.827394,2100
5.3,-8.422254,2100
5.22,0.6096413,2100
5.22,-14.554925,2100
5.16,-19.277536,2100
5.16,4.8478446,2100
5.1,-7.059865,2100
5.1,14.643569,2100
5.1,7.9511557,2100
5.05,-4.7044396,2100
5.05,-2.8561654,2100
5.03,10.319571,2100
4.98,-1.0126635,2100
4.96,-9.239218,2100
4.96,-11.844064,2100
4.96,-10.414221,2100
4.96,-8.840741,2100
4.96,-1.0126635,2100
4.92,-13.190951,2100
4.92,-1.4823476,2100
4.92,-11.552853,2100
4.92,-4.556793,2100
4.89,-3.3493235,2100
4.89,8.715326,2100
4.85,-13.5424185,2100
4.82,-10.972489,2100
4.82,-9.57049,2100
4.8,6.2791,2100
4.8,7.929114,2100
4.8,11.864733,2100
4.75,-3.2165868,2100
4.72,-14.613855,2100
4.72,-3.7774098,2100
4.7,5.4283967,2100
4.7,1.2280061,2100
4.35,0.32726273,2100
4.32,-1.5900439,2100
4.3,-17.325558,2100
4.3,-18.69431,2100
4.29,4.037878,2100
4.26,-18.693243,2100
4.05,-16.977991,2100
5.2,0.88523567,14925
8.52,-1.1483333,5628
8.6,-0.09978007,13305
6.46,6.3472137,16896
6.39,1.18601,16896
6.2,5.4143095,16896
6.15,-2.4971635,16896
6.15,5.3290315,16896
6.07,2.2320983,16896
6.07,4.20138,16896
6.05,6.6283045,16896
6.05,9.358024,16896
5.97,6.2008147,16896
5.95,0.9205027,16896
5.88,1.1177553,16896
5.84,3.2680185,16896
5.83,-6.9396563,16896
5.7,7.523788,16896
5.58,-9.002786,16896
5.52,-10.211069,16896
5.52,-7.357211,16896
5.47,-7.5981884,16896
5.46,3.6310682,16896
5.46,-12.0304985,16896
5.4,5.9731503,16896
5.3,-0.5664753,16896
5.75,1.0355482,15938
6.87,-4.130174,2950
6.82,-4.419412,2950
8.7,-1.1439362,11087
8.46,15.467295,445
7.92,11.586213,445
7.29,2.3722112,445
6.96,1.7536991,445
6.46,-8.636894,445
6.35,-13.037631,445
6.7,4.697357,12578
7.29,0.5931029,4735
9.0,4.3225527,7695
8.22,3.6560738,7695
8.1,-4.8253345,7695
8.3,9.147354,11316
7.01,-3.2198985,11316
6.96,1.5091449,11316
6.69,-5.9155817,11316
6.43,-7.408012,11316
6.19,-5.326406,11316
6.06,-12.358714,11316
6.77,-2.2791252,9261
6.39,-4.0792456,9261
6.21,-4.1120977,9261
6.08,2.8249197,9261
5.97,5.350654,9261
5.85,7.5091596,9261
5.72,-7.0850143,9261
8.4,-7.3492765,8616
6.57,7.0400753,8616
8.82,-4.815698,2421
8.62,-1.3593847,2421
8.37,6.019191,2421
8.3,-4.7522717,2421
8.25,3.9950435,2421
8.17,-0.43784913,2421
5.64,3.3956325,10315
8.66,2.5250213,1357
7.64,-1.8628302,17897
6.65,4.851715,17897
5.6,-7.9168725,2662
7.64,1.5192343,14369
7.38,1.8490832,14369
7.29,2.58411,14369
7.28,-1.2383568,14369
7.25,4.401171,14369
7.24,4.084283,14369
7.22,7.7645097,14369
7.12,14.865238,14369
7.11,4.8090534,14369
7.1,4.220438,14369
7.06,3.639524,14369
6.99,5.560596,14369
6.98,-5.3001523,14369
6.98,6.1034546,14369
6.92,4.897125,14369
6.89,9.90506,14369
6.89,3.0184777,14369
6.87,8.223488,14369
6.87,-5.771655,14369
6.85,4.0709624,14369
6.82,2.2614045,14369
6.78,0.058956068,14369
6.74,-8.328252,14369
6.69,-7.7544513,14369
6.68,0.37894383,14369
6.66,-1.7357981,14369
6.6,1.7381898,14369
6.59,4.1538653,14369
6.59,1.5235368,14369
6.57,3.3590794,14369
6.5,2.503713,14369
6.5,5.856811,14369
6.42,-7.163013,14369
6.38,10.46042,14369
6.32,-5.2347507,14369
6.3,-2.9234307,14369
6.02,-5.3561864,14369
6.0,-8.512637,14369
5.75,-7.0025864,14369
5.57,-0.37857452,14369
9.3,1.1392779,9217
6.79,0.095884725,6967
7.51,15.620481,17812
7.31,14.308504,17812
7.2,14.878631,17812
6.65,13.803118,17812
6.41,10.762308,17812
5.78,-4.4316907,17812
5.68,-6.345708,17812
5.46,14.308504,17812
5.46,4.198282,17812
5.2,-2.338969,17812
4.79,-5.0426064,17812
4.78,-5.2002707,17812
4.78,-7.1580935,17812
4.7,-12.019741,17812
4.45,-10.265312,17812
7.68,-0.030079547,3087
7.44,2.264778,3087
7.44,-1.4568136,3087
7.08,-5.2043324,3087
6.93,-4.5133624,3087
6.82,-6.4069257,3087
6.78,1.0868312,3087
6.75,8.843503,3087
6.74,-2.6314747,3087
6.66,3.285513,3087
6.65,-0.38330987,3087
6.61,-7.0554004,3087
6.57,-3.2950637,3087
6.56,4.1480193,3087
6.47,4.4338284,3087
6.43,2.0109854,3087
6.4,-4.68041,3087
6.4,-1.5972903,3087
6.36,-3.6503258,3087
6.11,-2.7039635,3087
6.07,1.3783998,3087
6.07,-4.5134096,3087
6.0,5.544892,3087
5.97,-3.5928428,3087
5.94,-8.075138,3087
5.93,-2.9334447,3087
5.66,-4.0444336,3087
5.66,-2.4567244,3087
5.64,8.5116005,3087
5.62,-6.018066,3087
5.59,1.332987,3087
5.56,-2.230268,3087
5.54,-1.9061784,3087
5.54,-5.46871,3087
5.47,-10.372403,3087
5.24,-4.465804,3087
5.17,1.6141573,3087
5.07,-2.84773,3087
5.04,-7.7775774,3087
9.0,4.179364,7709
8.4,6.968553,7709
8.0,1.0207615,7709
7.3,-3.9614043,7709
7.24,-0.06313669,7709
8.4,6.996085,2829
6.97,1.329849,2829
6.63,-4.6350055,2829
6.6,-2.4719808,2829
6.32,-0.12022266,2829
6.85,2.108243,15565
6.4,2.108243,15565
5.96,8.168945,11735
5.35,11.837425,11735
4.97,-0.22863637,11735
4.41,-6.0462074,11735
4.41,-3.9285674,11735
4.34,-9.060889,11735
4.28,-3.8787389,11735
4.25,-8.768126,11735
4.25,-8.335439,11735
4.23,1.6937245,11735
4.21,-5.9870906,11735
4.18,-10.754288,11735
4.0,-5.0268703,11735
5.55,-0.6071273,6234
5.29,-0.5453165,6234
6.85,2.89044,12798
5.7,-8.717755,2663
7.35,1.2729512,9958
8.17,11.674524,8084
7.79,-2.3634207,8084
7.59,10.836335,8084
7.34,-3.2366767,8084
6.97,-2.3219717,8084
6.81,1.9019341,8084
7.46,0.05278222,4581
6.68,1.4081715,10742
5.51,3.8050025,5121
4.63,-0.84745693,5121
4.31,-8.038609,15626
4.87,-3.2874153,6235
4.76,-9.471399,6235
4.74,4.608909,6235
4.68,3.8368385,6235
4.65,5.064184,6235
4.57,-2.6435647,6235
4.51,5.28882,6235
8.4,2.3766131,10850
8.0,3.197862,12817
6.1,1.7345926,10834
5.77,-1.9946877,10834
5.1,-4.408471,13477
5.01,-1.5496869,13477
4.98,1.1185483,13477
4.91,2.1137657,13477
4.87,-1.9174179,13477
6.19,-4.0464892,10313
4.26,1.6593795,11380
7.43,0.36623478,8243
9.4,3.861571,5351
9.22,0.22472036,5351
9.22,2.9198332,5351
9.15,5.401682,5351
8.96,6.656844,5351
8.89,0.7531555,5351
8.82,3.9795465,5351
8.52,6.656844,5351
8.4,4.2933,5351
8.37,-0.2720171,5351
8.3,5.864102,5351
8.22,4.3542876,5351
8.22,-2.666291,5351
8.22,2.7516367,5351
8.1,0.6582232,5351
8.05,-3.3666732,5351
8.0,-5.337253,5351
7.82,-0.8138447,5351
7.8,9.597484,5351
7.8,3.559247,5351
7.75,-1.2361798,5351
7.54,-1.5148896,5351
7.48,0.072237805,5351
7.26,-2.3676825,5351
7.24,1.9869677,5351
7.23,2.109569,5351
7.16,2.3023221,5351
7.15,0.29677224,5351
6.69,6.656844,5351
6.44,-5.7705626,5351
5.52,-2.5298493,5351
5.0,0.3549302,7476
6.73,-1.0848804,17021
5.4,7.869098,3819
4.89,-2.0655506,3819
4.7,-8.590332,3819
4.57,-0.117914215,3819
6.84,7.425335,17282
6.67,-1.8617957,17282
6.45,-1.8617957,17282
7.96,12.823935,5899
7.75,2.5461109,5899
7.44,-1.6512921,5899
7.17,5.322586,5899
7.07,-3.6154978,5899
6.45,-7.8691077,5899
6.35,-3.9198544,5899
6.33,-0.57894325,5899
6.21,-1.6512921,5899
5.77,8.77378,5899
6.96,-2.6492074,17500
6.38,3.7342372,17500
4.66,-9.641601,4525
4.0,-5.2066975,4525
5.2,6.4772787,12089
5.0,-0.21999633,12089
7.46,-0.61455363,14543
7.19,-0.8588313,12722
7.09,-7.822504,12722
6.99,-8.816736,12722
6.93,5.880355,12722
6.71,-10.774223,12722
6.69,-7.156801,12722
6.66,-9.548981,12722
6.46,-10.310826,12722
6.35,7.9845304,12722
8.5,5.9111733,12259
8.2,6.0597105,12259
8.2,5.6591535,12259
8.1,4.5618887,12259
8.1,5.9111733,12259
8.1,2.4416745,12259
8.0,-1.217869,12259
8.0,-3.317081,12259
8.0,-1.5368419,12259
7.9,0.103652716,12259
7.9,5.0135555,12259
7.9,2.2266681,12259
7.9,4.4878926,12259
7.9,-2.7476077,12259
7.9,-3.1657095,12259
7.9,8.572319,12259
7.8,5.580991,12259
7.8,2.4416745,12259
7.2,5.1080585,12259
7.2,4.105844,12259
6.7,-6.687511,12259
8.8,-9.192102,8849
8.72,3.1310205,8849
8.72,-6.1838627,8849
8.59,1.5866336,8849
8.31,-4.918318,8849
8.17,3.542039,8849
7.96,-2.9189625,8849
7.93,-2.5436327,8849
7.89,-1.5110767,8849
7.66,-2.5253873,8849
7.46,3.1826196,8849
7.26,3.0358272,8849
6.72,1.7705826,8849
6.56,-4.488727,8849
6.46,0.5316658,2945
6.46,3.029662,7174
9.3,-0.9150272,287
9.0,1.0691853,287
9.0,2.1438687,287
9.0,2.9608724,287
9.0,2.9533648,287
9.0,-3.3597362,287
9.0,4.6352825,287
8.7,6.2537494,287
8.7,4.806984,287
8.7,3.3931792,287
8.7,2.8220198,287
8.52,3.0967445,287
8.4,2.418087,287
8.4,4.4061685,287
8.22,2.469812,287
8.22,5.3561144,287
8.22,4.8463364,287
8.1,4.542456,287
8.1,1.2776351,287
8.0,3.0030925,287
7.89,-1.7573358,287
7.89,5.628042,287
7.89,1.8423088,287
7.89,3.0042348,287
7.6,4.1478086,287
7.6,2.0982468,287
7.5,3.0480838,287
7.5,3.1950822,287
7.4,5.9065127,287
7.3,-1.3865497,287
7.3,3.7433403,287
7.2,-0.96271855,287
10.0,-6.8152046,879
8.77,0.11284785,879
7.8,-5.0578785,879
5.89,-8.40556,2164
4.77,7.9218707,2164
6.1,0.57311285,15401
6.75,9.467812,2568
6.47,-2.233407,2568
6.07,-9.792826,2568
8.15,1.9424745,8571
7.36,-4.999331,5129
7.02,10.059273,5129
6.81,20.555273,5129
6.65,-13.61759,5129
6.14,-13.470903,5129
9.28,6.954696,14258
9.22,6.83179,14258
9.04,11.007993,14258
8.6,1.5465132,14258
8.6,7.9517927,14258
8.51,-0.25939316,14258
8.4,9.68965,14258
8.35,4.113871,14258
8.22,6.7599173,14258
8.2,0.12356393,14258
7.86,5.191245,14258
7.83,1.7261821,14258
7.58,7.714807,14258
7.5,2.671227,14258
7.48,-1.0657617,14258
7.42,0.35617203,14258
7.12,-4.380656,14258
6.43,-14.713076,14258
5.2,1.1936445,4865
8.87,-7.09704,8939
8.7,2.6666214,8939
8.52,2.6666214,8939
8.3,-0.4909446,8939
8.22,2.1778533,8939
7.36,2.201037,8939
6.83,2.6666214,8939
6.69,2.361153,6322
5.7,3.1615767,12512
5.7,-0.31087843,12512
5.45,7.025933,12512
5.4,2.7613363,12512
5.16,0.32402968,12512
4.99,-3.4808896,12512
4.81,9.167554,12512
6.27,-0.8995433,10746
6.16,1.4896705,10746
6.65,3.9991934,6149
10.64,10.736757,6422
10.63,12.609099,6422
10.61,5.5290747,6422
10.58,12.656134,6422
8.92,5.1944675,6422
8.87,2.6898043,6422
8.84,-2.2350085,6422
8.84,0.55464727,6422
8.81,0.3638231,6422
8.8,-0.63723254,6422
8.78,-0.36344478,6422
8.77,-0.20277318,6422
8.77,0.5288624,6422
8.77,-0.13493621,6422
8.74,-0.4204531,6422
8.72,2.9027636,6422
8.67,0.1035839,6422
8.62,-5.545182,6422
8.6,1.233977,6422
8.6,0.06915561,6422
8.57,-4.6593747,6422
8.56,-0.27595282,6422
8.54,-0.23256136,6422
8.53,4.103151,6422
8.53,-1.4429474,6422
8.52,-0.11351654,6422
8.52,-1.869622,6422
8.51,-0.23256136,6422
8.51,-0.86712193,6422
8.51,-2.430589,6422
8.49,0.55464727,6422
8.48,1.2435725,6422
8.44,-3.3820026,6422
8.43,-2.5552847,6422
8.39,-7.9003925,6422
8.37,-0.89399666,6422
8.36,-1.0167397,6422
8.35,-3.9670208,6422
8.32,-4.7304506,6422
8.32,3.6418495,6422
8.31,-2.5824914,6422
8.3,-0.08236887,6422
8.28,-1.7894796,6422
8.28,-2.3548806,6422
8.28,-0.20277318,6422
8.27,0.8097474,6422
8.26,-1.6009525,6422
8.23,0.06915561,6422
8.23,-5.875819,6422
8.23,-1.375806,6422
8.22,-11.177772,6422
8.22,-2.1963074,6422
8.2,-5.2539816,6422
8.19,-2.7529848,6422
8.19,1.0656797,6422
8.19,6.742459,6422
8.19,-0.07373489,6422
8.17,1.2611372,6422
8.16,-4.706489,6422
8.16,-7.935659,6422
8.16,-0.89399666,6422
8.15,-3.1717746,6422
8.14,-2.327844,6422
8.13,-6.9624147,6422
8.13,3.0782588,6422
8.13,-6.026182,6422
8.12,-2.707998,6422
8.11,-2.6007318,6422
8.11,-3.9742866,6422
8.1,-1.7104602,6422
8.08,-4.977244,6422
8.08,6.866376,6422
8.07,0.48711616,6422
8.06,-2.2839015,6422
8.05,-5.4773865,6422
8.04,-6.2417054,6422
8.02,-6.197843,6422
8.01,-2.5705128,6422
8.0,-0.40394524,6422
7.98,0.017804857,6422
7.98,-4.2739344,6422
7.98,-1.3442246,6422
7.97,-1.7965311,6422
7.97,-4.6618695,6422
7.97,-2.8399484,6422
7.97,-3.0842457,6422
7.96,-6.5902157,6422
7.96,-2.0650196,6422
7.96,-2.5552847,6422
7.96,-6.943668,6422
7.95,-5.808873,6422
7.94,-3.3523717,6422
7.94,-0.89399666,6422
7.93,-6.613269,6422
7.92,-2.6282227,6422
7.92,-1.3813392,6422
7.9,-3.2574732,6422
7.9,-3.0729637,6422
7.89,-8.600656,6422
7.88,-1.375806,6422
7.87,-4.53707,6422
7.86,-1.6826494,6422
7.86,-4.3035874,6422
7.84,-0.15465891,6422
7.84,-2.5168674,6422
7.84,-3.6769803,6422
7.84,-5.4834332,6422
7.83,-2.8846452,6422
7.83,-9.287226,6422
7.79,-2.010252,6422
7.79,-3.8621979,6422
7.78,-6.0085692,6422
7.78,-0.8296375,6422
7.76,-6.3893976,6422
7.76,-4.2393928,6422
7.75,-6.412769,6422
7.75,-6.468647,6422
7.72,-3.4733188,6422
7.71,-0.71519464,6422
7.71,-0.35352677,6422
7.7,-2.5071964,6422
7.7,-8.229788,6422
7.69,-3.243192,6422
7.68,-6.9624147,6422
7.66,-9.76167,6422
7.66,-4.6637964,6422
7.65,-12.529123,6422
7.64,-3.6914709,6422
7.64,-9.845554,6422
7.64,-6.9067383,6422
7.63,-4.6593747,6422
7.37,-7.870966,6422
7.35,-5.167225,6422
8.47,2.514039,5310
8.02,-2.6901538,5310
7.92,1.8267001,5310
7.54,-6.7609243,5310
7.29,-2.6057055,5310
7.27,3.6950884,5310
6.78,-2.91101,5310
6.68,-4.2502127,5310
6.49,-2.1670845,5310
6.29,-12.740273,5310
6.12,-3.7992446,5310
5.95,-5.969012,5310
5.93,-4.416166,5310
5.85,-4.259869,5310
5.83,-8.143386,5310
5.7,-9.098567,5310
5.65,-0.5044215,5310
5.52,-3.7800887,5310
8.37,-0.8518168,5955
4.8,11.621795,17455
4.57,-3.100379,17455
4.37,-7.3050575,17455
4.36,3.5393713,17455
4.33,-0.8022361,17455
7.68,0.2600295,10623
5.81,-9.864615,15546
8.22,8.334072,11517
6.77,-0.9477016,11517
6.68,-1.2145014,11517
8.29,3.3677518,10160
8.52,3.9981463,1718
7.89,-3.3878646,16856
5.5,-0.9910081,16856
5.37,-3.4509547,16856
5.0,0.5858148,16856
4.75,-0.35484186,16856
4.54,-4.11496,16856
8.43,10.731268,13518
8.29,7.885263,13518
8.09,6.668985,13518
8.0,9.379576,13518
7.99,8.876979,13518
7.96,0.23494665,13518
7.91,5.9160213,13518
7.78,8.289726,13518
7.7,5.3109217,13518
7.7,5.3922415,13518
7.05,-2.169372,13518
6.97,-7.0659423,13518
6.89,-5.117334,13518
6.83,1.9126831,13518
6.75,-5.0766096,13518
6.61,-2.41422,13518
6.54,-1.6993538,13518
7.05,12.4425,17
6.94,10.951496,17
6.79,9.081411,17
6.76,9.132984,17
6.73,12.067386,17
6.53,8.129879,17
6.53,7.6001906,17
6.2,9.109705,17
6.17,-1.8657718,17
6.17,-1.3078263,17
6.13,5.224448,17
6.13,-3.2462337,17
6.1,1.6461251,17
6.08,2.3745568,17
6.04,0.9907085,17
5.96,-2.9122872,17
5.95,-1.5896939,17
5.88,-3.572824,17
5.74,3.8181863,17
5.71,-4.6091237,17
5.62,-5.4925127,17
5.57,-9.969785,17
5.55,-11.134897,17
5.54,-3.0427945,17
4.95,-18.114622,17
6.19,13.936368,11398
6.07,-0.6596392,11398
5.77,-5.0750747,11398
5.36,4.0572257,11398
7.52,-0.8138666,16594
8.05,-2.6827517,9878
8.68,0.29832226,12455
6.51,-2.9977968,2222
6.34,8.819869,2222
7.11,3.0600934,16359
6.89,1.8310668,16359
6.72,8.271488,16359
6.44,0.9943929,16359
6.33,-0.10815298,16359
5.92,6.908006,16359
5.89,3.3498175,16359
5.77,-1.4863236,16359
5.75,1.3707489,16359
5.57,4.173254,16359
5.51,-0.029412236,16359
5.39,8.583033,16359
5.31,4.7698646,16359
5.16,-2.1929832,16359
4.7,-7.4959464,10064
7.2,-5.281947,4923
7.2,11.532325,4923
6.75,-4.1618834,4923
9.3,4.1392307,15605
9.0,1.7843691,15605
9.0,-0.50746113,15605
8.7,1.7299393,15605
8.52,11.852015,15605
8.3,4.104976,15605
8.0,-3.496083,15605
7.77,6.4332223,15605
7.22,0.24746245,15605
4.64,10.025853,15605
7.0,-3.553223,14096
6.29,5.0218563,14096
6.22,4.0755806,14096
7.75,4.139917,17717
7.35,3.0409992,17717
5.9,9.164774,12314
5.7,7.3714523,12314
5.55,-7.1532693,12314
5.22,-3.427046,12314
5.16,-3.427046,12314
5.03,4.1649165,12314
5.0,11.052387,12314
4.95,3.4983013,12314
4.89,-6.6029077,12314
4.81,0.4713841,12314
4.39,1.7200401,703
5.11,-3.4957774,10345
8.4,9.915171,2312
8.05,4.0252,2312
7.52,7.3986998,2312
6.96,-2.249573,2312
6.77,-0.29261294,2312
6.72,2.0630698,2312
6.6,-1.1118453,2312
6.28,-0.7988346,2312
5.77,-6.3467445,2312
5.68,-6.401595,2312
5.6,-3.6270735,2312
5.58,1.7168514,2312
5.55,-1.3873922,2312
5.31,-4.8984637,2312
4.96,-6.818121,2312
4.82,-7.8649373,2312
5.0,1.547037,2548
8.22,3.061929,12389
7.23,15.191026,16061
6.82,16.433676,16061
6.22,9.682219,16061
5.7,9.651125,16061
5.57,0.19366255,16061
5.47,-5.461211,16061
5.31,-16.638054,16061
5.16,-2.8941638,16061
5.16,-4.218052,16061
4.75,-10.074804,16061
7.8,-3.1283433,9462
8.82,2.4461734,10962
6.55,-3.1621194,7218
8.52,10.571476,17308
8.3,11.381509,17308
8.3,17.306648,17308
7.96,11.6187,17308
7.89,1.3351352,17308
7.77,14.157181,17308
7.75,3.2577293,17308
7.72,6.321043,17308
7.7,1.4461577,17308
7.68,8.333079,17308
7.66,-5.2788215,17308
7.64,5.833127,17308
7.41,-1.1217723,17308
7.1,-11.466443,17308
7.8,-2.2070653,6975
8.7,0.14559795,5376
8.0,5.639533,5376
9.0,-7.490804,9396
8.96,-5.071494,9396
8.66,-0.9988819,9396
8.64,2.309862,9396
8.41,-8.811096,9396
8.3,-9.685484,9396
8.08,4.0951695,9396
6.3,-7.490804,9396
8.3,9.996733,6118
8.11,10.831833,6118
8.11,15.541599,6118
8.11,12.665493,6118
8.1,10.024205,6118
8.07,6.4591084,6118
8.05,14.850031,6118
8.04,14.788345,6118
8.03,11.0676985,6118
8.03,11.001263,6118
8.01,10.043559,6118
8.0,4.129896,6118
7.99,13.504369,6118
7.97,15.677737,6118
7.97,12.142226,6118
7.96,9.584654,6118
7.95,9.58336,6118
7.94,5.2569723,6118
7.92,-2.5577648,6118
7.92,12.882392,6118
7.92,11.998716,6118
7.9,12.924246,6118
7.9,15.3500805,6118
7.89,11.93054,6118
7.89,14.542889,6118
7.89,11.289276,6118
7.89,10.607491,6118
7.88,13.562541,6118
7.87,7.919866,6118
7.87,10.704562,6118
7.87,10.146661,6118
7.85,15.160632,6118
7.85,13.743675,6118
7.85,7.734855,6118
7.85,6.8252273,6118
7.84,13.141524,6118
7.83,16.113228,6118
7.82,1.8676102,6118
7.82,14.759577,6118
7.81,11.543174,6118
7.8,10.004771,6118
7.8,16.401272,6118
7.77,-2.2839258,6118
7.75,6.995918,6118
7.75,15.309705,6118
7.74,6.93873,6118
7.73,14.141601,6118
7.72,13.943493,6118
7.72,15.872772,6118
7.7,13.040587,6118
7.68,10.690866,6118
7.67,13.4079895,6118
7.66,13.212198,6118
7.62,14.070217,6118
7.61,15.921331,6118
7.6,11.962732,6118
7.6,13.318431,6118
7.57,5.9456134,6118
7.57,7.499113,6118
7.57,10.349507,6118
7.55,-8.263013,6118
7.54,15.092245,6118
7.5,6.8903937,6118
7.5,11.682939,6118
7.5,12.412113,6118
7.49,7.2383795,6118
7.49,4.10965,6118
7.47,9.902237,6118
7.46,10.587441,6118
7.45,13.552355,6118
7.43,6.1325107,6118
7.43,11.216068,6118
7.43,5.000752,6118
7.42,9.048918,6118
7.41,13.000784,6118
7.41,10.404091,6118
7.41,9.754255,6118
7.39,10.104018,6118
7.38,8.285311,6118
7.37,4.450517,6118
7.35,6.1614447,6118
7.35,10.220844,6118
7.32,7.4619975,6118
7.32,11.171089,6118
7.31,12.273895,6118
7.3,13.314254,6118
7.3,10.929381,6118
7.29,14.192832,6118
7.29,9.965624,6118
7.26,-1.4412119,6118
7.26,8.528086,6118
7.23,6.0364647,6118
7.23,12.313633,6118
7.23,9.214092,6118
7.22,7.698897,6118
7.21,14.899882,6118
7.2,-4.346152,6118
7.2,4.1650467,6118
7.19,6.127426,6118
7.17,11.270079,6118
7.13,1.5532389,6118
7.13,0.4934988,6118
7.11,6.866193,6118
7.1,6.82689,6118
7.09,2.4135754,6118
7.09,8.864187,6118
7.08,5.104634,6118
7.08,6.0348177,6118
7.06,6.558514,6118
7.05,9.906864,6118
7.04,-14.672188,6118
7.03,6.07043,6118
7.03,8.493045,6118
7.02,2.423291,6118
7.02,-11.496214,6118
7.01,10.634686,6118
7.0,4.8841033,6118
6.96,-1.1603029,6118
6.96,4.857264,6118
6.96,14.285658,6118
6.96,3.3473454,6118
6.95,-5.6205044,6118
6.94,12.440377,6118
6.93,10.391018,6118
6.92,-4.555036,6118
6.92,12.162406,6118
6.9,11.273774,6118
6.89,12.872458,6118
6.89,10.609129,6118
6.89,-2.4609122,6118
6.89,1.8619212,6118
6.88,10.712633,6118
6.86,4.224523,6118
6.85,-2.3516436,6118
6.85,5.756347,6118
6.85,11.905758,6118
6.85,-1.3466599,6118
6.85,12.646245,6118
6.84,11.888806,6118
6.82,6.477886,6118
6.82,2.1181936,6118
6.82,7.2005835,6118
6.82,4.54302,6118
6.82,5.0662622,6118
6.82,2.180394,6118
6.8,4.382251,6118
6.8,4.7749376,6118
6.77,7.3844023,6118
6.77,-6.416655,6118
6.77,-0.61547273,6118
6.77,0.93141335,6118
6.77,10.617751,6118
6.76,3.6075869,6118
6.75,2.9226885,6118
6.75,10.643086,6118
6.75,9.630315,6118
6.75,9.781498,6118
6.72,5.0746794,6118
6.72,10.106059,6118
6.71,-0.35660872,6118
6.7,-4.593918,6118
6.7,-13.884248,6118
6.68,-4.5248976,6118
6.66,13.965396,6118
6.66,0.1825593,6118
6.64,-4.726892,6118
6.64,-2.7090595,6118
6.63,5.6797056,6118
6.63,-4.9523354,6118
6.62,0.72097045,6118
6.62,10.083436,6118
6.62,1.2723683,6118
6.62,0.57987064,6118
6.62,1.4539307,6118
6.58,2.5067463,6118
6.58,9.619799,6118
6.58,3.8550696,6118
6.58,-1.0147885,6118
6.57,1.0867033,6118
6.57,0.58268476,6118
6.57,7.141178,6118
6.57,1.60554,6118
6.57,7.9348283,6118
6.57,-10.061261,6118
6.55,-1.1001433,6118
6.55,10.3462925,6118
6.54,4.2106795,6118
6.53,-19.938076,6118
6.52,5.01037,6118
6.51,-4.147895,6118
6.5,9.441029,6118
6.5,-15.213,6118
6.48,10.722995,6118
6.48,10.831264,6118
6.48,7.5782824,6118
6.48,-3.0966306,6118
6.47,4.609878,6118
6.47,6.6423755,6118
6.47,3.304226,6118
6.47,-0.7362536,6118
6.47,12.380371,6118
6.46,-3.659452,6118
6.46,-2.0424387,6118
6.46,-5.0921965,6118
6.46,7.1384506,6118
6.45,7.6111574,6118
6.44,9.94559,6118
6.42,-11.212485,6118
6.41,3.2591367,6118
6.4,-0.8760921,6118
6.4,9.565071,6118
6.39,-7.1329837,6118
6.38,2.299062,6118
6.38,6.1556845,6118
6.37,-7.056944,6118
6.36,-12.364005,6118
6.35,5.520745,6118
6.35,-5.1251817,6118
6.34,0.4924451,6118
6.34,-4.912215,6118
6.34,4.3736324,6118
6.33,1.2699666,6118
6.32,3.7984426,6118
6.32,7.6301174,6118
6.3,-1.4953107,6118
6.28,-9.054722,6118
6.28,-3.429323,6118
6.25,-1.3976665,6118
6.24,0.19126779,6118
6.24,-8.526407,6118
6.24,-6.1713934,6118
6.23,7.4156713,6118
6.23,-9.937808,6118
6.23,4.3243356,6118
6.22,-5.133927,6118
6.21,11.280527,6118
6.2,0.6151679,6118
6.19,-3.2162752,6118
6.19,-13.804058,6118
6.19,15.955698,6118
6.17,-11.067345,6118
6.17,9.301537,6118
6.17,-4.4918303,6118
6.16,-21.953531,6118
6.16,-15.124716,6118
6.15,-8.596451,6118
6.12,-10.441321,6118
6.1,8.89579,6118
6.09,-1.8263525,6118
6.09,-3.768424,6118
6.08,-12.390385,6118
6.07,-11.721653,6118
6.03,1.0678797,6118
6.02,-8.764284,6118
6.02,-0.6883056,6118
6.01,4.040207,6118
6.0,10.282937,6118
6.0,-2.529705,6118
5.96,0.051063117,6118
5.92,0.90568435,6118
5.92,-11.043411,6118
5.89,-19.700314,6118
5.89,-15.794339,6118
5.87,-0.48612085,6118
5.86,-19.119776,6118
5.86,-8.863627,6118
5.82,-22.465784,6118
5.79,4.3030295,6118
5.68,1.2195444,6118
5.66,-15.215079,6118
5.58,-12.858026,6118
5.57,-18.638159,6118
5.42,-11.169832,6118
5.29,-20.277952,6118
5.25,-3.529099,6118
5.19,-0.44367024,6118
5.07,-13.43719,6118
9.0,1.2030214,3157
5.43,-4.4759083,7774
5.39,3.279581,7774
5.01,-4.600312,7774
5.0,0.7831698,7774
4.82,-2.7953384,7774
4.55,-9.748519,7774
9.0,-11.1624365,12372
8.25,1.6644181,12372
8.2,3.9905188,12372
8.1,6.6967387,12372
7.98,-2.288141,12372
7.96,9.0279665,12372
7.85,2.1949344,12372
7.83,10.585239,12372
7.82,-0.4215368,12372
7.81,3.9771802,12372
7.76,-5.48322,12372
7.75,-2.1285098,12372
7.62,2.4044266,12372
7.49,-4.6293626,12372
7.43,5.615001,12372
7.42,0.5773734,12372
7.33,0.43446827,12372
7.25,0.79514843,12372
6.87,-5.49467,12372
6.83,5.699222,12372
6.83,-2.0314538,12372
6.67,-4.4596715,12372
4.88,-2.2104597,1955
7.89,-6.84498,6210
7.82,-4.39386,6210
7.75,-7.300844,6210
7.64,-6.321846,6210
7.6,-4.230359,6210
7.55,-7.9045124,6210
7.51,-13.295528,6210
9.05,0.22533157,10604
8.85,1.7702445,10604
8.74,2.1122842,10604
8.74,-2.2405672,10604
8.72,-0.7274202,10604
8.64,1.8610991,10604
8.51,2.1195257,10604
8.44,5.853613,10604
8.44,0.8998661,10604
8.43,1.6332119,10604
8.42,2.69085,10604
8.35,3.2595103,10604
8.28,-1.4466845,10604
8.12,2.1195257,10604
8.06,0.85805327,10604
7.96,-2.6163533,10604
7.64,4.312729,10604
7.29,4.2201686,10604
6.98,-0.66388935,10604
5.89,1.7702445,10604
5.89,-3.640374,10604
5.14,1.1446086,10604
6.48,0.4095979,3308
5.91,-6.4253945,12311
4.99,6.6096897,1663
4.97,3.7543046,1663
4.85,1.6380678,1663
4.64,-3.5404587,1663
4.6,-9.278674,1663
4.56,-11.103719,1663
4.53,-8.673431,1663
4.37,-14.887296,1663
4.23,-12.777437,1663
4.08,0.66652334,1663
7.44,1.3723973,4088
8.3,11.406846,16017
7.7,-1.0147974,16017
7.62,1.81761,16017
7.55,-5.943327,16017
7.43,2.2750695,16017
7.19,-2.8054984,16017
7.03,-7.8921657,16017
9.24,6.284519,17319
9.22,3.37742,17319
9.15,3.7636237,17319
9.05,4.8555202,17319
9.01,4.1329675,17319
8.72,7.404138,17319
8.59,7.737427,17319
8.51,1.8081986,17319
8.47,5.528859,17319
8.46,7.097288,17319
8.4,4.002471,17319
8.4,-3.386809,17319
8.32,1.9664208,17319
8.17,-0.38244885,17319
8.1,4.50839,17319
8.09,-4.277707,17319
8.05,-0.23366165,17319
7.95,-2.9135587,17319
7.81,-4.3853583,17319
7.79,-0.8941058,17319
7.66,3.1311796,17319
5.98,-9.183867,17319
7.12,12.452112,6223
6.47,-6.6142454,6223
6.26,5.806623,6223
5.37,-5.8232903,6223
8.15,2.743053,15134
8.0,-1.6424541,15134
7.3,2.921941,15134
7.02,0.5325712,15134
7.0,2.6369805,15134
6.82,2.116694,15134
6.72,0.6307543,15134
6.66,-1.2293603,15134
6.63,-4.7612534,15134
6.62,4.513511,15134
6.57,1.9347976,15134
8.68,8.375577,1235
9.3,10.126417,5269
9.0,-2.6064436,5269
8.54,7.0870676,5269
8.47,7.0870676,5269
8.44,10.126417,5269
7.97,7.0870676,5269
7.81,6.3511763,5269
7.58,10.126417,5269
7.32,-4.1294813,5269
7.28,0.4302175,5269
7.23,-7.327612,5269
6.82,-11.122929,5269
6.8,-11.732684,5269
6.79,-10.125225,5269
7.85,6.2373037,16332
6.57,0.866245,16332
5.77,-2.377044,16332
5.14,4.0764117,10176
7.6,5.788067,10043
7.39,-1.0565548,10043
7.21,3.1901996,10043
7.07,-0.061617058,10043
6.84,1.2800466,10043
6.37,-1.0849665,10043
6.29,3.5948908,10043
5.96,0.5799932,10043
5.85,6.1021996,10043
5.65,5.2558184,10043
6.33,7.3121395,3495
6.22,10.381343,3495
5.32,-3.3597205,3495
5.11,-7.0411873,3495
6.52,11.985598,1705
6.17,-8.650271,1705
5.12,-8.650271,1705
7.75,11.81982,2523
7.52,2.4627411,2523
7.39,7.887783,2523
7.39,10.013765,2523
7.21,-2.2842793,2523
7.14,0.22182187,2523
7.07,-1.6138724,2523
6.96,0.19652,2523
6.92,-5.0627785,2523
6.89,-4.0696955,2523
6.85,-3.2904239,2523
6.75,5.0368705,2523
6.66,5.1135373,2523
6.12,-9.430931,2523
7.96,0.10939713,663
7.82,10.536653,663
7.75,9.654968,663
7.55,6.4478908,663
7.46,4.422984,663
7.3,-4.539047,663
7.29,6.677437,663
7.28,-5.2467628,663
7.1,4.0748405,663
7.06,8.604538,663
7.02,1.7655785,663
7.0,-1.4310701,663
6.89,2.577284,663
6.89,8.790433,663
6.85,-1.7100017,663
6.85,10.783216,663
6.72,-0.54414546,663
6.72,-5.719408,663
6.72,2.6009233,663
6.54,-2.3203015,663
6.48,3.9497588,663
6.4,3.0080733,663
6.28,-6.2086825,663
6.2,-10.521083,663
6.17,4.2931376,663
5.92,-4.0455313,663
5.82,-3.860705,663
5.75,-12.631463,663
5.7,-6.246862,663
5.7,-5.2586718,663
5.58,12.157127,663
5.57,8.738758,663
5.21,1.6376764,663
5.07,-16.353773,663
4.92,-15.32433,663
4.8,-11.36786,663
4.24,-4.6604657,663
4.18,-5.135042,663
4.06,-11.250611,663
7.35,9.778095,11319
6.69,-3.1601408,11319
5.15,-2.498248,11319
4.69,1.1038743,17060
7.34,3.9987085,924
7.75,2.4271977,12112
7.66,4.5931625,12112
7.6,1.4773682,12112
5.96,0.5605967,3048
7.56,10.135126,16513
7.34,4.729556,16513
7.3,-4.776474,16513
7.27,-5.248412,16513
7.12,8.638836,16513
7.1,-1.0645729,16513
6.99,0.13450205,16513
6.96,-5.26941,16513
6.95,-0.29558298,16513
6.95,-6.6425204,16513
6.87,6.506431,16513
6.72,-0.6831015,16513
6.7,-4.820417,16513
6.43,-4.4793863,16513
6.42,-9.586702,16513
6.07,12.060856,16513
5.83,0.04006977,16513
5.5,5.1020575,16513
5.36,5.3152156,16513
8.42,-1.5362078,8379
7.82,8.352965,11307
7.77,3.154635,11307
7.21,-4.628675,11307
7.12,11.141321,11307
6.26,5.9163265,11307
5.82,-5.100998,11307
5.33,3.1465042,8456
7.7,2.5231462,5757
7.7,3.79739,5757
7.52,3.577537,5757
7.3,-1.0094694,5757
7.1,3.1049836,5757
7.05,-2.157335,5757
7.05,-0.8358353,5757
6.96,1.0599283,5757
6.96,7.4946427,5757
6.64,-0.7650182,5757
6.57,6.6699176,5757
6.54,-0.28736472,5757
6.5,3.7089074,5757
6.48,-9.724971,5757
5.96,-1.9954892,5757
5.66,6.12936,5757
5.36,-0.8358353,5757
5.3,-10.337933,5757
5.22,-6.6423798,5757
5.0,5.1790185,5757
5.32,2.553039,16398
6.46,2.0253284,13637
7.02,0.5840344,6892
6.88,4.6510963,6892
5.91,-3.1259096,6892
5.37,-4.3525906,6892
7.59,-1.5498935,5372
6.85,10.662455,14756
6.11,-10.364814,14756
5.96,4.699856,14756
5.96,3.2040083,14756
5.89,1.2497915,14756
7.0,2.7651932,13824
6.0,-3.0365508,15335
6.0,-9.563719,15335
5.0,-7.292145,15335
5.0,-9.143981,15335
5.0,2.1472394,15335
5.0,0.2061088,15335
4.3,2.1256125,15335
4.3,-6.91183,15335
6.25,5.5988994,14541
7.34,-4.329228,8085
7.25,2.1401088,8085
6.96,-4.984377,8085
5.55,-2.369209,8085
5.02,-9.001305,8085
4.39,7.7884626,8085
4.0,3.3726213,8085
7.46,3.6984096,12145
8.59,1.0356095,12975
7.66,2.0788202,2074
7.46,-9.614029,14815
7.85,-1.3374865,15033
7.29,2.8276556,5731
4.98,-5.696655,9132
8.22,9.649841,17368
8.05,7.603587,17368
7.8,10.263065,17368
7.66,7.837141,17368
7.64,9.542504,17368
7.6,6.758122,17368
7.57,8.407148,17368
7.54,3.9984963,17368
7.51,8.689836,17368
7.4,4.4807544,17368
7.37,10.822842,17368
7.35,9.808234,17368
7.33,6.758122,17368
7.23,-10.247675,17368
7.17,6.690801,17368
7.14,10.591355,17368
7.11,4.667239,17368
7.03,8.133369,17368
6.99,4.2352057,17368
6.86,4.7480764,17368
6.81,2.4206429,17368
6.6,6.3786,17368
6.53,7.5018044,17368
6.27,-7.6885314,17368
5.45,-10.371583,17368
5.22,5.258291,7215
4.97,-0.27955827,7215
4.73,4.6026864,7215
7.7,-7.107943,15553
7.48,5.150347,15553
7.0,-0.09232105,7588
7.0,7.0465417,7588
7.0,4.833732,7588
7.0,7.0923176,7588
7.0,7.2925887,7588
7.0,-2.9310937,7588
7.0,-6.8890305,7588
7.0,-0.4603644,7588
7.0,-9.358631,7588
7.0,-2.2388911,7588
7.0,-1.650799,7588
7.0,0.5248358,7588
7.0,-0.2002016,7588
7.0,5.7038445,7588
7.0,10.952711,7588
7.0,-2.619755,7588
7.0,1.2278134,7588
6.0,7.3839526,7588
6.0,-6.5800943,7588
9.17,1.9943196,14906
9.05,-2.569071,14917
9.7,0.40854973,9337
5.6,0.72129554,17036
6.77,4.3223023,17004
6.37,-2.0262423,17004
7.52,1.9278709,12908
7.24,3.9886286,12908
6.99,-14.792894,12908
6.66,3.7441788,5781
6.41,-1.5252589,5781
5.67,-1.4575908,2239
8.38,7.080051,13945
7.69,-2.5808988,13945
7.62,0.85427946,13945
7.48,1.2292571,13945
7.37,2.8908906,13945
6.92,-0.008920635,13945
6.87,-1.0003082,13945
6.01,6.495056,13945
8.7,-0.67089677,8381
8.4,4.6153693,8381
8.1,4.4447155,8381
7.7,8.120058,8381
7.39,6.0840955,8381
7.33,-5.4237328,8381
7.0,-2.8305535,8381
6.92,5.758409,8381
5.72,-17.45723,8381
5.5,-3.6128764,8381
5.48,-4.8589864,8381
5.47,-6.067326,8381
5.4,-1.1869831,8381
5.15,3.4807289,8381
5.0,0.31765243,8381
4.77,-1.9037334,8381
4.7,6.639091,8381
4.62,1.4413868,8381
4.57,-3.7267082,8381
4.55,-8.055394,8381
4.55,0.9804416,8381
4.52,-7.375232,8381
4.51,-13.768071,8381
6.0,1.2559245,13906
9.3,5.809179,14104
8.29,-4.630413,14104
9.74,15.762692,2906
9.64,-6.409253,2906
9.57,6.742635,2906
9.57,-2.1126313,2906
9.55,1.1804323,2906
9.54,5.766158,2906
9.29,-8.067382,2906
9.29,1.569888,2906
9.17,-13.623001,2906
8.84,1.4997685,2906
8.7,-16.534983,2906
8.66,-19.054981,2906
7.9,9.133471,2906
7.76,-11.314277,2906
7.61,-2.4813654,2906
7.43,2.8850975,2906
7.29,12.895021,2906
5.0,2.9658487,7488
5.37,-2.8511298,17412
5.22,4.830396,17412
8.1,11.66548,1418
6.92,-2.842146,1418
5.3,-6.664714,1418
5.08,1.08649,1418
9.7,11.568717,13328
9.7,-4.92658,13328
9.4,11.362283,13328
8.12,-5.920739,13328
7.57,7.1379185,796
7.55,8.133004,796
7.39,3.425705,796
7.32,3.6253233,796
7.23,7.387297,796
7.22,11.192894,796
7.21,2.4237516,796
7.2,2.7638803,796
7.19,0.07836998,796
7.11,10.871196,796
7.05,1.7902272,796
7.05,0.3742992,796
6.92,-1.5850989,796
6.89,-0.38318247,796
6.79,-1.6808099,796
6.58,8.654457,796
6.57,0.6870365,796
6.52,12.424769,796
6.39,1.5835927,796
6.36,9.439011,796
6.3,0.14649126,796
6.29,4.3864865,796
6.28,-3.327917,796
6.19,0.37956724,796
6.17,0.7704792,796
6.1,-6.646318,796
5.72,-4.6030245,796
5.68,-1.3009232,796
5.38,-9.587685,796
5.32,5.506922,796
5.1,5.71907,796
8.0,6.268515,15451
7.92,5.218637,15451
7.3,-10.478849,15451
6.8,-10.478849,15451
4.5,-10.478849,15451
4.47,-10.478849,15451
6.43,1.3062884,14534
9.3,3.59768,7868
9.1,5.144649,7868
9.0,5.175855,7868
8.46,2.6066303,7868
8.34,3.4945505,7868
8.29,4.04913,7868
7.96,2.9453032,7868
7.92,-7.3265915,7868
7.52,1.4596177,7868
7.07,0.41003242,7868
8.77,4.7169123,14289
8.52,3.2311547,14289
7.89,2.0825043,14289
7.7,3.5785499,14289
7.43,3.5186107,14289
7.37,-5.6764255,14289
7.32,2.658006,14289
7.28,-10.349865,14289
7.11,4.107527,14289
7.08,-0.59559363,14289
7.08,3.964125,14289
7.04,-0.71512204,14289
6.89,2.1761365,14289
6.89,3.2329705,14289
6.77,-3.6305518,14289
6.77,1.7062399,14289
6.62,2.6550252,14289
6.62,-3.1510577,14289
6.5,2.3475053,14289
6.46,-13.198274,14289
6.33,-14.649243,14289
6.25,2.1800082,14289
6.15,-2.3459678,14289
5.85,3.4634416,14289
4.77,1.192539,13181
8.05,6.0644155,4709
7.85,8.699094,4709
7.64,8.45614,4709
7.27,0.745316,4709
7.14,7.173022,4709
5.75,-3.15082,4709
5.39,-0.3949229,4709
5.0,-4.030977,4709
4.43,-12.599426,4709
4.0,3.5074105,4709
4.0,2.3177805,4709
4.0,-12.812594,4709
8.77,9.931394,5377
7.62,-1.2588813,5377
7.25,-1.7318991,5377
7.06,-6.8487654,5377
6.97,-1.8511213,5377
6.92,-2.8682065,5377
6.83,-6.5176783,5377
6.74,-6.518055,5377
6.48,-2.5095427,5377
6.45,-5.666375,5377
6.32,-4.8322043,5377
6.24,6.359054,5377
6.11,6.1143064,5377
6.04,-0.947093,5377
5.88,-3.5629,5377
5.3,-0.6128057,13826
5.22,-15.130048,13826
4.96,15.57488,13826
4.8,-11.627648,13826
4.72,1.1392696,13826
4.07,2.0209754,13826
3.39,-8.095294,13826
5.68,-8.279333,8303
8.3,0.9328807,10619
9.0,11.349625,6277
8.52,8.709144,6277
8.52,11.310561,6277
8.4,10.715376,6277
8.22,5.0343304,6277
8.15,11.429994,6277
8.0,-1.9687221,6277
8.0,-0.38112706,6277
7.96,12.485956,6277
7.96,3.641382,6277
7.92,5.0343304,6277
7.89,-2.2803574,6277
7.85,-0.58914167,6277
7.82,-6.3494062,6277
7.8,-2.2803574,6277
7.77,0.08636643,6277
7.7,-4.465005,6277
7.66,-4.026582,6277
7.64,-10.578599,6277
7.64,-1.1930482,6277
7.62,-9.1927,6277
7.58,-0.38112706,6277
7.58,-8.680102,6277
7.58,-6.624587,6277
7.57,10.247314,6277
7.54,-10.513261,6277
7.46,-10.796912,6277
7.46,-2.1799884,6277
7.42,0.0940093,6277
7.39,9.211176,6277
7.38,-7.1549892,6277
7.38,-6.5651507,6277
7.37,-2.5319834,6277
7.37,13.8772,6277
7.37,0.5840302,6277
7.36,5.8860826,6277
7.31,-8.405588,6277
7.3,-3.488301,6277
7.29,-3.878284,6277
7.29,-0.5631384,6277
7.25,-13.588422,6277
7.24,-4.838498,6277
7.24,-2.2803574,6277
7.24,9.067579,6277
7.22,5.2594547,6277
7.22,-1.2375458,6277
7.21,-2.4476428,6277
7.2,-5.122904,6277
7.18,0.022107627,6277
7.17,1.2960507,6277
7.17,-0.38112706,6277
7.16,-2.7876692,6277
7.16,-7.08194,6277
7.16,-3.9306197,6277
7.15,-5.106997,6277
7.15,-1.565121,6277
7.15,8.45821,6277
7.15,4.4875703,6277
7.13,-4.2716656,6277
7.12,-7.628269,6277
7.11,4.6842823,6277
7.11,-1.1631756,6277
7.11,-2.4575655,6277
7.1,-5.8286157,6277
7.05,-8.025476,6277
7.03,-7.24145,6277
6.94,-10.369607,6277
6.92,-10.185341,6277
6.91,-2.3586555,6277
6.91,-9.237931,6277
6.89,-5.5663757,6277
6.88,-7.3986316,6277
6.88,3.8834815,6277
6.84,-2.8248813,6277
6.84,-9.687288,6277
6.83,-8.191274,6277
6.76,-1.0896081,6277
6.75,3.562216,6277
6.72,-4.28255,6277
6.71,2.1963587,6277
6.71,-6.3010345,6277
6.66,-8.831715,6277
6.63,3.414254,6277
6.61,1.3276725,6277
6.58,-4.351894,6277
6.56,-0.9256939,6277
6.54,-2.556847,6277
6.52,-11.112865,6277
6.52,-4.5197635,6277
6.47,-1.9672526,6277
6.37,-11.218975,6277
6.33,-3.7988327,6277
6.3,5.8203607,6277
6.27,5.898741,6277
6.18,-4.831592,6277
6.18,-10.140168,6277
6.16,-3.0006318,6277
6.03,-8.405427,6277
6.0,0.29844686,6277
5.99,-12.751926,6277
5.71,-7.6722693,6277
5.52,-5.7618413,6277
5.0,-8.627107,6277
6.72,-1.8900505,4555
7.46,1.6934854,422
7.07,-0.2636157,9743
5.92,12.841919,15645
5.55,11.037763,15645
5.51,11.037763,15645
5.46,8.717313,15645
4.89,9.348732,15645
4.8,9.348732,15645
4.65,-1.0918201,15645
4.47,11.260267,15645
4.43,5.9425216,15645
4.43,-7.1180253,15645
4.43,-4.6531253,15645
4.41,11.260267,15645
4.25,2.289393,15645
7.99,-1.4006014,5866
4.57,2.8731573,1023
6.8,0.3774436,902
5.0,1.4813403,2888
5.0,-2.0077229,2888
6.89,1.9809753,5047
9.0,1.330121,13196
9.0,6.978142,13196
8.7,8.35283,13196
8.7,6.4671326,13196
8.7,1.2257987,13196
8.7,7.084163,13196
8.7,1.7413255,13196
8.7,3.8029087,13196
8.52,5.662413,13196
8.4,3.9920833,13196
8.4,6.705531,13196
8.3,4.711519,13196
8.3,1.9783965,13196
8.3,-0.061860923,13196
8.3,1.520281,13196
8.3,-0.03615481,13196
8.22,0.9967269,13196
7.92,-2.3582008,13196
7.85,-6.1987367,13196
7.7,-1.5909272,13196
7.62,-5.04119,13196
7.52,-7.57893,13196
7.51,-4.36816,13196
7.1,-5.495079,13196
7.0,4.454365,13196
6.77,-8.848283,13196
6.0,4.8153257,13196
5.97,-9.819467,13196
4.61,2.4628546,9004
6.26,2.40275,6106
5.38,-1.3292567,7564
5.37,2.000065,7564
7.75,8.173767,450
7.09,8.3553295,450
7.0,10.82122,450
6.71,7.096489,450
6.64,8.428897,450
6.57,2.654046,450
6.46,11.17869,450
6.29,8.173767,450
6.28,-0.7694382,450
6.26,1.760251,450
6.22,-4.944489,450
6.21,11.885246,450
6.15,9.237889,450
6.14,2.8822107,450
5.86,6.004966,450
5.74,10.570789,450
5.71,-4.944489,450
5.68,-8.646085,450
5.56,6.4420033,450
5.41,-7.678564,450
5.39,-6.091714,450
5.37,7.269678,450
5.37,9.5241,450
5.36,1.760251,450
5.34,-0.7694382,450
5.33,-8.646085,450
5.27,8.7903805,450
5.25,8.053617,450
5.02,-6.091714,450
7.76,2.9851067,8997
7.6,2.1212015,8997
7.41,1.2563953,8997
6.76,4.6963863,8997
6.75,2.413271,8997
6.72,3.614958,8997
6.66,-2.8916187,8997
6.65,5.5613675,8997
6.46,5.661078,8997
6.19,0.59562266,8997
6.18,4.0431604,8997
6.01,1.9978338,8997
6.01,5.951677,8997
5.82,-4.2974405,8997
5.81,-9.278355,8997
5.67,4.553538,8997
5.29,7.330268,8997
5.25,0.90105826,8997
5.25,5.0727286,8997
9.1,-0.1731611,15258
8.0,2.9853992,15258
7.25,4.2114635,15258
7.24,-7.4257216,15258
6.98,-4.2394376,15258
6.86,5.194637,15258
6.7,-0.9675289,15258
6.46,14.34918,15258
6.36,3.6754887,15258
6.23,-5.330482,15258
6.12,0.45133153,15258
6.08,5.028084,15258
5.39,-1.1698029,15258
5.31,3.6868258,15258
5.26,-0.5044291,15258
5.23,0.9249873,15258
5.16,-6.9667025,15258
5.1,-0.19312823,15258
5.0,-4.8157763,15258
4.0,-2.2076888,15258
8.28,8.556219,14164
8.19,0.40796638,14164
8.52,9.9275055,16240
8.4,6.439244,16240
8.4,3.0460763,16240
8.22,7.101254,16240
8.0,-5.479265,16240
8.0,8.057305,16240
7.92,6.1407223,16240
7.85,6.9195585,16240
7.66,0.40889716,16240
7.55,-6.9334736,16240
7.43,-0.44807404,16240
7.13,8.5278425,16240
6.88,-1.4334096,16240
6.79,-8.020721,16240
6.74,1.830535,16240
6.22,6.509373,16240
6.16,-1.475704,16240
5.41,-10.282946,16240
5.37,-1.5349003,16240
9.0,10.121634,7848
9.0,11.152545,7848
9.0,-3.9641914,7848
9.0,-0.87511784,7848
9.0,4.150071,7848
9.0,-3.9641914,7848
9.0,-3.9641914,7848
9.0,11.490838,7848
9.0,-5.633021,7848
8.7,1.0394886,7848
8.7,6.155245,7848
8.52,1.4009533,7848
8.4,-1.7534344,7848
8.3,4.212399,7848
7.16,0.2605454,10870
8.82,-6.700464,12505
7.44,-4.78737,2215
7.28,-6.0154266,2215
7.23,6.427951,2215
7.21,1.7586395,2215
7.1,1.7907295,2215
7.09,-3.839828,2215
7.07,6.1451735,2215
7.02,1.3861619,2215
7.0,8.472253,2215
6.96,2.8672314,2215
6.95,15.273088,2215
6.95,6.976363,2215
6.93,6.2472982,2215
6.92,5.9192696,2215
6.78,-0.6098961,2215
6.76,3.571489,2215
6.75,-2.559284,2215
6.64,7.8498774,2215
6.53,-2.4914055,2215
6.48,4.0415106,2215
6.16,7.3363557,2215
5.78,-5.6133995,2215
5.73,2.472849,2215
5.0,-1.055009,2215
5.71,2.7780545,4146
8.7,8.468583,2814
8.7,7.222775,2814
8.52,12.244197,2814
8.52,7.505908,2814
8.4,5.2538557,2814
8.4,3.8794293,2814
8.4,-1.5930209,2814
8.4,11.525757,2814
8.4,1.8737739,2814
8.3,0.6855403,2814
8.3,3.4631882,2814
8.3,-2.422413,2814
8.22,4.6572843,2814
8.22,6.124394,2814
8.15,-4.359163,2814
8.15,11.353541,2814
8.1,-2.3450065,2814
8.1,7.3438525,2814
8.05,5.7502966,2814
8.05,-1.129354,2814
8.05,2.3113387,2814
8.0,6.507103,2814
7.96,-1.6883117,2814
7.92,2.1466856,2814
7.85,-0.88850504,2814
7.85,-5.387579,2814
7.85,7.3022,2814
7.82,1.9207352,2814
7.82,3.8820584,2814
7.8,4.3285055,2814
7.8,-3.2391453,2814
7.8,-3.6769943,2814
7.77,0.21107128,2814
7.77,-1.313318,2814
7.57,2.5920398,2814
7.46,8.881945,2814
7.42,-0.6969038,2814
7.19,-7.536167,2814
7.16,-5.321061,2814
7.04,-4.2345834,2814
4.85,-4.5163794,11622
4.82,2.654412,11622
4.58,6.8244505,11622
4.52,-2.7917287,11622
7.85,0.012869985,9959
6.0,0.7113003,17190
5.16,6.4616485,17190
4.16,-10.748327,17190
4.0,-10.803847,17190
9.0,-1.2849786,10255
7.46,10.988544,7756
6.66,-2.7741354,7756
6.43,1.2995198,16268
7.62,-5.313145,4236
7.29,0.074997365,4236
7.25,-6.432068,4236
8.3,1.7640263,17643
9.1,12.98787,17048
9.0,13.6395035,17048
9.0,11.242723,17048
8.4,12.550409,17048
8.3,2.7462058,17048
8.3,12.292473,17048
8.3,0.27210012,17048
8.3,11.029939,17048
8.22,8.1718025,17048
8.15,8.195003,17048
8.15,1.852322,17048
8.15,2.1134686,17048
8.15,1.7745578,17048
8.15,0.97165155,17048
8.1,2.3199291,17048
8.1,9.961186,17048
8.05,7.7555795,17048
7.96,-6.021436,17048
7.96,3.13382,17048
7.92,4.517049,17048
7.85,11.027642,17048
7.8,-2.9981306,17048
7.75,-0.5308914,17048
7.75,-4.906683,17048
7.72,5.3375926,17048
7.7,16.86274,17048
7.7,2.5165849,17048
7.68,8.581518,17048
7.66,-6.4525,17048
7.62,9.3774395,17048
7.58,15.371377,17048
7.57,0.1818347,17048
7.55,13.50568,17048
7.46,-2.9399524,17048
7.44,6.061453,17048
7.41,6.468284,17048
7.38,2.0279655,17048
7.37,2.1383193,17048
7.28,14.813016,17048
7.25,-8.785506,17048
7.24,15.530948,17048
7.23,17.46363,17048
7.16,14.977337,17048
7.15,11.148346,17048
7.13,14.9871235,17048
7.12,12.435409,17048
7.1,13.161412,17048
7.09,14.489497,17048
7.08,-0.806077,17048
7.07,14.243733,17048
7.06,11.625744,17048
7.04,-0.920098,17048
7.03,16.154432,17048
7.03,12.932552,17048
7.0,-12.446677,17048
7.0,6.7170916,17048
6.98,8.258783,17048
6.96,3.314955,17048
6.96,8.094864,17048
6.91,15.453184,17048
6.9,7.2415705,17048
6.88,4.0734425,17048
6.87,12.209209,17048
6.87,6.519247,17048
6.86,17.41896,17048
6.85,15.250642,17048
6.85,14.720576,17048
6.85,15.880317,17048
6.84,8.642808,17048
6.83,8.884045,17048
6.82,15.38535,17048
6.82,9.326476,17048
6.81,-6.4468584,17048
6.79,11.652595,17048
6.79,1.9866948,17048
6.77,-6.0558066,17048
6.76,5.638966,17048
6.73,-2.2632542,17048
6.73,-5.7080317,17048
6.71,13.681568,17048
6.71,13.254627,17048
6.69,-0.49372822,17048
6.67,2.4204714,17048
6.67,13.88786,17048
6.67,10.694434,17048
6.67,0.2920652,17048
6.63,12.348045,17048
6.63,16.847654,17048
6.62,-4.6111903,17048
6.61,-11.1273775,17048
6.6,11.111716,17048
6.6,-7.4385567,17048
6.59,9.884683,17048
6.59,15.81215,17048
6.54,-1.2044457,17048
6.54,-4.165636,17048
6.52,-2.846154,17048
6.5,10.8173895,17048
6.5,-6.731727,17048
6.48,-1.334306,17048
6.47,6.1479435,17048
6.45,-10.413315,17048
6.43,16.696756,17048
6.42,11.368308,17048
6.41,-7.697596,17048
6.41,1.1935514,17048
6.39,4.6591697,17048
6.39,-10.85259,17048
6.38,12.008717,17048
6.37,-3.5688386,17048
6.37,-8.860717,17048
6.35,-7.784814,17048
6.35,-8.644615,17048
6.34,4.9560146,17048
6.33,17.120089,17048
6.32,6.6238613,17048
6.32,11.544465,17048
6.3,-6.6138153,17048
6.29,-10.678707,17048
6.28,-11.923609,17048
6.28,-15.096164,17048
6.27,1.8785602,17048
6.16,-4.462406,17048
6.16,-18.466702,17048
6.15,8.9506855,17048
6.08,2.8767984,17048
6.07,-13.676822,17048
6.0,7.349252,17048
5.9,-8.893621,17048
5.85,-10.512662,17048
5.85,-6.2726717,17048
5.83,14.14783,17048
5.8,-6.596563,17048
5.64,-18.752123,17048
5.63,-14.402272,17048
5.58,-19.310858,17048
5.57,-18.06478,17048
5.55,-12.2522135,17048
5.45,-10.443272,17048
4.64,-19.666592,17048
4.64,-10.988795,17048
4.64,3.5246232,17048
4.64,-15.904413,17048
4.64,-14.967035,17048
8.68,8.917655,6221
8.62,-0.12484533,6221
8.59,7.1918564,6221
8.52,2.221068,6221
8.36,6.2000237,6221
8.35,5.0949216,6221
8.34,5.1862574,6221
8.33,3.398122,6221
8.2,4.454452,6221
8.07,2.4957707,6221
7.98,6.0054097,6221
7.78,5.903559,6221
7.74,7.000814,6221
7.73,6.200025,6221
7.72,4.791525,6221
7.69,6.626277,6221
7.5,8.8722725,6221
7.44,6.464434,6221
7.28,0.28999278,6221
7.14,6.4900303,6221
6.92,5.0298247,6221
6.59,-4.0975986,6221
6.33,6.2000246,6221
6.07,-19.092281,6221
5.75,-5.98184,6221
5.27,3.9083164,404
8.1,6.6721683,12954
7.9,-0.71666384,12954
7.9,6.06055,12954
7.8,1.9031085,12954
7.7,0.4757671,12954
7.5,1.3437008,12954
7.5,-1.412751,12954
7.5,3.365339,12954
7.5,-0.965966,12954
7.4,1.4874711,12954
7.1,3.0222468,12954
7.1,2.334968,12954
7.0,2.9255784,12954
6.7,-9.3735695,12954
6.7,-3.0987206,12954
6.6,-6.159384,12954
6.5,-7.882045,12954
6.5,-3.0243106,12954
6.3,-4.5022616,12954
6.3,-4.237695,12954
6.1,-2.1752322,12954
5.8,-7.311486,12954
5.6,-11.657665,12954
8.05,1.6300825,2778
7.96,5.7369223,2778
7.85,9.098873,2778
7.77,5.9442477,2778
7.75,5.9546595,2778
7.7,5.9442477,2778
7.6,1.7664596,2778
7.54,-7.9446383,2778
7.5,0.8391469,2778
7.44,0.09775241,2778
7.42,6.620271,2778
7.41,5.4958963,2778
7.39,2.5343897,2778
7.28,3.7194154,2778
7.27,5.7369223,2778
7.24,7.4106817,2778
7.16,-4.083036,2778
7.12,3.7194154,2778
7.03,5.495898,2778
6.96,7.942076,2778
5.85,2.6640627,14754
8.85,6.68081,8413
8.77,7.803563,8413
8.72,8.028375,8413
8.68,10.101619,8413
8.62,10.579961,8413
8.62,12.1294985,8413
8.59,4.071443,8413
8.46,0.23229101,8413
8.44,8.295155,8413
8.43,8.498918,8413
8.43,7.0357385,8413
8.41,8.644524,8413
8.21,10.105424,8413
8.14,9.901233,8413
8.06,9.674694,8413
8.03,2.0618913,8413
7.92,2.9735787,8413
7.92,3.8841183,8413
7.85,2.7869318,8413
7.72,6.5927143,8413
7.7,10.952398,8413
7.7,-8.011504,8413
7.58,6.0368643,8413
7.29,1.3611237,8413
7.11,-1.6471003,8413
6.92,-0.27736926,8413
6.84,-0.29246268,8413
6.7,-5.102345,8413
6.5,-6.4773936,8413
6.5,-2.3842418,8413
6.4,-5.4022045,8413
6.26,-1.0246191,8413
5.85,-5.793894,8413
5.74,8.516907,8413
5.71,-1.9297391,8413
5.65,2.9416552,8413
5.62,8.686511,8413
5.34,-6.5920258,8413
5.32,5.3609233,8413
5.19,-7.5640936,8413
5.17,8.616033,8413
4.96,-3.4797523,8413
4.69,-9.386039,8413
4.67,-5.89783,8413
4.66,-11.009712,8413
4.41,-5.29342,8413
4.34,10.123034,8413
6.98,3.8866081,2197
6.92,-3.57638,2197
8.41,0.16326803,4033
7.57,2.317069,13620
6.6,3.4415977,3118
6.38,4.660057,3118
6.38,-0.26045138,3118
6.21,0.067577645,3118
5.7,-5.971948,3118
5.56,-2.8474267,3118
10.0,-0.81988126,14362
9.7,3.7356894,14362
9.7,2.2105725,14362
9.7,2.558812,14362
9.52,0.9813147,14362
6.64,13.343105,4593
6.6,4.6123905,4593
6.6,10.456715,4593
6.54,3.2417638,4593
6.54,5.9782186,4593
6.48,6.0352936,4593
6.03,-7.224435,4593
5.96,-6.8629365,4593
6.87,0.3132285,10229
6.65,3.9490924,10229
6.21,0.8302344,10229
6.08,-6.830919,10229
7.46,4.877612,2361
7.24,1.7875751,2361
7.07,1.5343349,2361
6.92,7.5693555,2361
6.81,0.101499036,2361
6.63,0.8570975,2361
6.46,0.1377821,2361
6.43,4.403166,2361
6.34,0.5127792,2361
6.06,5.301946,2361
8.22,9.518326,4988
8.0,1.2993191,4988
8.0,10.015087,4988
7.85,3.8291848,4988
7.77,6.859331,4988
7.64,-6.064645,4988
7.62,-2.6389694,4988
7.2,-4.755712,4988
7.07,-1.9614263,4988
6.96,3.3828378,4988
6.96,-8.873723,4988
6.92,5.08842,4988
6.57,3.1849523,4988
6.1,-1.0754147,4988
5.73,-8.8263035,4988
6.06,-1.7339267,1964
7.06,0.7982088,6727
5.37,-4.2545285,17584
6.33,2.4379106,3766
6.82,1.9368998,15188
5.7,3.2678704,15188
5.6,12.819904,15188
5.57,11.058739,15188
5.44,-0.3119409,15188
5.1,-9.485528,15188
5.05,-12.29012,15188
4.4,-10.310788,15188
7.85,-0.744844,11647
7.11,7.0337477,11647
5.88,-5.1873593,11647
5.48,5.081571,11647
6.36,3.668361,755
9.15,12.42462,3643
8.7,-2.2453017,3643
8.52,1.1933085,3643
8.22,-5.9466667,3643
8.05,-1.2333655,3643
8.0,-8.798841,3643
7.82,12.936371,3643
7.39,2.4568715,3643
7.36,-0.2142479,3643
7.04,5.9341664,3643
6.82,3.4602349,3643
6.8,-4.1271334,3643
6.72,-2.2632775,3643
6.57,1.3663923,3643
6.44,-2.046018,3643
6.42,-4.7320333,3643
6.3,-9.115654,3643
6.28,0.20203798,3643
5.89,-0.9556416,3643
7.75,-0.5813872,16022
7.6,-2.0950878,16022
7.58,-4.1291785,16022
7.57,-1.004163,16022
6.82,-4.9284124,16022
6.42,-4.056706,16022
6.34,4.9978523,16022
6.34,-7.5143814,16022
6.22,-1.561252,16022
6.14,-13.533704,16022
6.11,-6.954749,16022
5.96,-10.627623,16022
5.6,-5.674939,16022
5.6,5.1083474,16022
5.29,-8.42964,16022
5.23,-1.0463583,16022
5.02,1.8922539,16022
5.02,-5.6550927,16022
4.96,3.8555365,16022
8.5,9.733087,13529
7.7,14.248954,13529
7.7,14.529505,13529
7.5,9.334184,13529
7.4,10.403396,13529
7.4,9.868137,13529
7.3,8.570137,13529
7.2,-2.7634895,13529
7.2,9.334185,13529
7.1,0.06040523,13529
7.0,-0.18489422,13529
7.0,-3.4758778,13529
7.0,8.354973,13529
7.0,7.2897067,13529
7.0,14.529505,13529
7.0,7.690035,13529
6.9,8.558934,13529
6.9,7.3267584,13529
6.8,10.240437,13529
6.8,6.242257,13529
6.7,9.868137,13529
6.6,4.001977,13529
6.6,-6.533716,13529
6.5,-5.304877,13529
6.5,4.4846177,13529
6.4,6.721446,13529
6.2,8.570137,13529
6.2,-9.64072,13529
6.1,0.4085068,13529
5.8,-1.2414943,13529
4.9,-12.842112,13529
7.1,-0.40032074,4400
6.5,6.3567667,4496
6.41,2.5213041,4496
5.22,-6.7347975,4496
4.58,-14.9548435,4496
8.54,-5.316333,7656
8.54,-1.7337168,7656
8.51,4.977683,7656
8.41,-3.1888525,7656
8.36,-2.8767657,7656
8.28,7.54264,7656
8.27,-1.5725915,7656
8.25,11.396651,7656
8.25,-2.3253329,7656
8.21,6.272909,7656
8.2,-11.0622425,7656
8.19,-2.3336837,7656
8.18,0.790115,7656
8.13,4.664652,7656
8.11,-3.030502,7656
8.07,4.2121315,7656
8.02,-5.4190965,7656
8.02,1.5109984,7656
8.02,0.5719918,7656
8.01,3.1135166,7656
8.01,-5.57387,7656
7.97,-12.118144,7656
7.97,-5.1844816,7656
7.95,4.184962,7656
7.95,-8.755491,7656
7.95,3.4551518,7656
7.94,-11.154365,7656
7.91,6.0970464,7656
7.89,-3.3278973,7656
7.88,8.799616,7656
7.88,3.4314137,7656
7.87,7.5167794,7656
7.86,9.53295,7656
7.86,-1.5981444,7656
7.86,-6.583225,7656
7.85,-3.172105,7656
7.84,-7.215441,7656
7.83,7.574676,7656
7.82,9.91062,7656
7.82,-4.7943954,7656
7.82,2.5240197,7656
7.81,4.596343,7656
7.8,-5.4085355,7656
7.78,-1.9712309,7656
7.77,4.674906,7656
7.75,4.8385262,7656
7.75,9.768196,7656
7.74,-3.1855345,7656
7.74,-2.2444365,7656
7.73,-4.4407244,7656
7.7,0.83855444,7656
7.7,-14.424067,7656
7.69,0.73010653,7656
7.68,-2.1624782,7656
7.67,-7.794869,7656
7.66,-4.7661133,7656
7.65,9.974107,7656
7.63,-13.129915,7656
7.62,0.4270485,7656
7.61,3.2651393,7656
7.58,-9.6027355,7656
7.58,7.900698,7656
7.58,3.1606913,7656
7.54,-9.466436,7656
7.54,1.4877653,7656
7.54,-4.087609,7656
7.53,-0.14512077,7656
7.52,0.9551192,7656
7.51,-0.114730634,7656
7.5,3.7653508,7656
7.48,4.085408,7656
7.48,-9.712131,7656
7.47,-7.0359907,7656
7.44,-2.6259086,7656
7.44,3.0654094,7656
7.43,7.537222,7656
7.42,2.390024,7656
7.42,-3.11004,7656
7.41,-9.14487,7656
7.41,-5.567158,7656
7.4,-7.466062,7656
7.4,-6.923826,7656
7.39,3.1786263,7656
7.38,3.982053,7656
7.38,2.5937812,7656
7.37,1.880576,7656
7.37,3.4243903,7656
7.35,5.008463,7656
7.34,-0.94194865,7656
7.33,-1.1549267,7656
7.29,8.350688,7656
7.29,7.842319,7656
7.29,-2.0999966,7656
7.26,-1.0810342,7656
7.25,-0.0012013977,7656
7.23,8.910269,7656
7.22,3.535247,7656
7.21,0.51242405,7656
7.19,-5.7142744,7656
7.19,6.5280094,7656
7.18,3.305512,7656
7.17,-7.279933,7656
7.17,3.9034374,7656
7.17,5.7147193,7656
7.15,1.4120487,7656
7.13,-0.4384177,7656
7.1,-12.513698,7656
7.08,-1.2177355,7656
7.08,3.2897108,7656
7.08,-1.7649503,7656
7.06,-2.2176921,7656
7.05,3.5180423,7656
7.03,-8.843835,7656
7.03,-3.921851,7656
7.03,-5.4662137,7656
7.02,0.056759175,7656
7.01,-9.06578,7656
7.01,-0.9940558,7656
7.0,-7.5659037,7656
7.0,-4.395578,7656
6.99,3.9004796,7656
6.99,0.38577408,7656
6.98,0.04822342,7656
6.98,-9.388478,7656
6.97,8.886512,7656
6.97,-0.0814207,7656
6.96,-6.2414927,7656
6.93,8.095005,7656
6.91,3.1675053,7656
6.88,-4.2381177,7656
6.86,3.6466773,7656
6.86,-4.644135,7656
6.83,0.9467986,7656
6.83,-3.8412347,7656
6.79,-3.0103786,7656
6.79,4.5641932,7656
6.76,-6.4031878,7656
6.75,3.7983208,7656
6.75,3.4148736,7656
6.75,-1.5082786,7656
6.75,-0.16630967,7656
6.75,-5.1043444,7656
6.74,5.420716,7656
6.74,-4.032635,7656
6.73,-2.2068071,7656
6.73,-1.619671,7656
6.72,-4.1347723,7656
6.7,-6.9064994,7656
6.7,-7.281962,7656
6.7,5.097602,7656
6.69,-5.856094,7656
6.68,-3.7202394,7656
6.64,-2.3721702,7656
6.6,-4.601995,7656
6.57,-4.780177,7656
6.57,2.8956287,7656
6.55,-7.9876285,7656
6.54,1.0068322,7656
6.52,7.672729,7656
6.47,-3.1894417,7656
6.46,-15.965678,7656
6.45,6.758138,7656
6.39,-3.0256882,7656
6.38,3.4818888,7656
6.37,-7.8015246,7656
6.37,7.3366747,7656
6.32,-3.1929395,7656
6.3,-1.6272541,7656
6.28,1.133114,7656
6.28,-4.314867,7656
6.27,6.01616,7656
6.19,3.359687,7656
6.11,-3.3796453,7656
6.04,8.332,7656
6.02,5.4196043,7656
6.01,-0.9934782,7656
5.97,3.8072412,7656
5.96,2.5925753,7656
5.91,-0.28849968,7656
5.89,-7.0578938,7656
5.8,-5.389835,7656
5.78,-5.121019,7656
5.76,-8.731846,7656
5.73,8.175422,7656
5.67,1.7628611,7656
5.62,3.113968,7656
5.62,1.6894614,7656
5.58,-10.577995,7656
5.51,-5.5018134,7656
5.51,0.2583124,7656
5.5,4.5270786,7656
5.48,1.6904087,7656
5.48,2.8673413,7656
5.37,1.8774331,7656
5.36,-4.484781,7656
5.31,-5.6737075,7656
5.29,-5.3618903,7656
5.19,1.4839495,7656
5.19,-6.4434643,7656
5.13,-5.8101897,7656
5.05,4.0110283,7656
5.04,2.3104713,7656
5.01,0.5691248,7656
5.01,7.366121,7656
5.01,1.4143407,7656
5.01,-10.322774,7656
5.0,3.869951,7656
8.95,4.561973,7978
8.6,9.907381,7978
8.57,7.3124714,7978
8.27,-0.37354806,7978
7.41,1.0358292,7978
7.24,-2.6524944,7978
6.44,10.9363165,11869
6.27,8.464639,11869
5.6,-5.004307,11869
8.7,-0.5082407,8488
6.05,3.2400594,2358
9.85,-1.4195886,11027
9.85,-1.8508325,11027
9.66,-1.0392828,11027
9.6,0.7297127,11027
9.52,5.349399,11027
9.43,-3.7587075,11027
9.31,-4.623536,11027
9.27,2.4622905,11027
9.04,-9.269725,11027
8.92,-0.35745397,11027
7.03,-4.4841986,17298
6.05,-0.25049084,11633
6.92,-2.68277,9659
6.2,7.0578876,9659
6.16,2.56196,9659
5.84,5.231241,9659
5.7,-0.23936543,9659
5.56,3.726367,9659
5.53,0.90104085,9659
5.48,-2.4168262,9659
5.45,6.4575706,9659
5.41,-5.572882,9659
5.33,-4.1681547,9659
5.33,-0.8192549,9659
5.32,-3.0587485,9659
5.32,5.391989,9659
5.18,-2.4558043,9659
5.03,-4.298851,9659
4.93,1.2618352,9659
4.92,-7.0525775,9659
4.59,-10.042283,9659
4.4,7.086211,9659
5.19,-4.6145225,1921
6.52,5.84622,7342
6.44,5.6377964,7342
6.18,7.3532653,7342
6.17,7.159152,7342
6.07,-7.122845,7342
6.02,1.594694,7342
5.99,-0.87476987,7342
5.83,-7.3491163,7342
5.78,5.6422253,7342
5.75,5.8462205,7342
5.71,-7.3491173,7342
5.71,6.4558516,7342
5.41,1.5946928,7342
5.04,-10.313133,7342
10.52,7.164283,6284
9.89,5.207696,6284
9.64,4.213543,6284
9.55,0.5358063,6284
9.49,0.36423054,6284
9.35,5.45039,6284
9.35,6.105964,6284
9.33,0.933933,6284
9.32,-1.8098141,6284
9.25,-0.66173834,6284
9.14,-1.4496012,6284
8.92,4.4025545,6284
8.92,-2.144726,6284
8.85,5.3362784,6284
8.8,2.4803731,6284
8.8,-0.61376023,6284
8.7,4.182347,6284
8.57,3.3517587,6284
8.55,-2.7298012,6284
8.55,4.906496,6284
8.52,1.3091353,6284
8.48,6.0539236,6284
8.48,4.19309,6284
8.46,0.556977,6284
8.39,2.7968686,6284
8.29,4.1930904,6284
8.19,6.0704556,6284
8.12,1.6923125,6284
8.11,-3.2565913,6284
8.1,3.5262518,6284
8.08,5.6531515,6284
8.05,4.815195,6284
8.04,5.139802,6284
8.01,2.4184763,6284
8.0,0.53724945,6284
7.96,1.6822592,6284
7.96,2.0575168,6284
7.96,2.8705876,6284
7.92,-2.3064148,6284
7.89,0.8817151,6284
7.89,-1.8331577,6284
7.89,0.25979373,6284
7.82,1.3609781,6284
7.8,-0.33943883,6284
7.75,1.9826708,6284
7.72,0.7295552,6284
7.68,5.1007705,6284
7.68,0.8817151,6284
7.68,1.7488098,6284
7.58,1.2269627,6284
7.57,2.483601,6284
7.48,3.8682706,6284
7.43,2.4809108,6284
7.42,2.4196064,6284
7.36,-2.3726642,6284
7.33,-0.6491051,6284
7.21,1.4670317,6284
7.17,-6.1515436,6284
7.16,-0.6411631,6284
7.11,-1.2059413,6284
7.0,1.5268977,6284
6.84,-4.409396,6284
6.75,-0.7613004,6284
6.7,-7.8656607,6284
6.5,-11.116742,6284
5.96,1.4904096,6825
7.85,-1.0152836,605
7.35,4.912677,605
6.75,-1.4745785,605
6.68,-8.333044,605
6.54,-1.5862744,605
6.5,-5.2965593,605
6.46,6.7807107,605
5.89,-6.1456385,605
9.52,5.0987167,8248
9.1,7.1694274,8248
8.66,4.677099,8248
8.48,5.6960063,8248
8.38,3.6274278,8248
8.27,1.4703814,8248
8.25,7.2134743,8248
8.19,5.2442603,8248
8.1,2.3223605,8248
7.8,1.1595627,8248
7.76,-0.97482747,8248
7.67,2.338905,8248
7.64,-2.5510619,8248
7.39,-4.459873,8248
7.23,-8.203469,8248
7.1,-4.430411,8248
7.0,-6.502884,8248
8.09,0.66302454,9957
9.0,-0.5607276,6268
9.0,-1.4031042,6268
8.92,-1.9535074,6268
8.89,6.7448354,6268
8.72,-5.6107945,6268
8.72,11.754667,6268
8.7,-9.861545,6268
8.7,-6.8973002,6268
8.7,5.320711,6268
8.7,11.259721,6268
8.59,0.96613777,6268
8.55,8.655557,6268
8.42,0.8847717,6268
8.4,-2.2677667,6268
8.4,0.1877324,6268
8.4,11.600928,6268
8.4,9.969105,6268
8.39,2.486848,6268
8.36,10.531417,6268
8.28,2.6544545,6268
8.24,-2.2899995,6268
8.23,11.754667,6268
8.1,4.9778476,6268
7.82,-2.4550605,6268
7.77,-0.9431862,6268
7.72,-1.6145091,6268
7.52,2.1109278,6268
7.52,-2.6221578,6268
7.52,1.325408,6268
7.4,7.295444,6268
7.22,-8.543276,6268
7.19,-5.441883,6268
7.16,-4.5806284,6268
7.1,-0.30745143,6268
6.85,1.7528417,6268
7.15,0.63385874,15334
9.96,2.5548491,16082
9.6,2.2777638,16082
9.52,1.6376206,16082
9.52,1.6536907,16082
8.64,-0.16490306,16082
8.59,-7.302872,16082
8.0,0.21258664,16082
7.92,3.1142988,16082
7.92,1.1626747,16082
7.89,1.8389878,16082
7.77,3.0396101,16082
7.57,-1.2745755,16082
7.52,0.6569379,16082
7.52,-8.974875,16082
7.47,3.0244277,16082
7.35,0.04920205,16082
7.32,-2.8511682,16082
7.23,3.8212872,16082
7.21,3.5333977,16082
7.1,-1.1533803,16082
6.96,-5.0891886,16082
6.92,3.7973878,16082
6.28,1.0340762,16082
6.19,3.7711172,16082
5.61,1.7789974,5910
6.16,-2.2874246,7586
5.66,9.201237,7586
4.77,-0.2200296,7586
8.62,1.328833,17294
6.59,9.653027,17294
6.07,9.919518,17294
5.57,-1.8528063,17294
8.4,-1.9523267,15724
7.6,0.58838856,10021
6.02,3.462113,5374
5.92,3.462113,5374
8.22,-2.39823,15736
8.1,11.184784,15736
8.0,3.2101104,15736
8.0,8.776787,15736
7.4,-2.1910138,15736
7.4,10.182213,15736
7.4,8.160527,15736
7.4,-0.4101977,15736
7.22,-3.3426313,15736
7.22,6.818639,15736
7.22,-1.7666974,15736
7.0,2.1960952,15736
6.82,2.4037921,15736
6.52,5.7084217,15736
6.52,0.7644435,15736
6.1,-4.516456,15736
5.82,-4.0812526,15736
5.57,-5.5655966,15736
5.54,-5.561289,15736
6.4,6.745932,17191
6.4,9.303397,17191
6.4,-1.2001369,17191
6.22,8.902208,17191
6.1,12.103208,17191
6.05,-8.580867,17191
6.0,2.2388227,17191
6.0,0.023276303,17191
5.52,12.317571,17191
5.4,8.96213,17191
5.16,0.2843426,17191
4.7,6.2577224,17191
4.3,-8.979116,17191
4.22,-10.321756,17191
5.4,1.5031108,15607
9.85,12.183891,11145
9.82,10.46483,11145
8.38,-2.474174,11145
8.38,-5.4144115,11145
8.33,-3.9879584,11145
7.47,11.39963,11145
6.82,3.3257668,11145
6.0,-17.925135,11145
8.15,1.9139174,1229
7.09,3.2108,1229
5.37,-5.600455,651
6.03,-0.38445345,17025
8.23,0.6109939,13944
7.09,2.2047534,12683
6.68,-4.2123504,12683
6.68,2.2047534,12683
8.0,-0.96548796,17713
8.92,12.264443,1280
8.68,-3.1105297,1280
8.43,9.19599,1280
8.42,10.756025,1280
8.29,-7.3027563,1280
8.2,12.930454,1280
9.1,6.7801147,8246
8.34,9.349055,8246
8.04,4.6945286,8246
7.82,1.6070884,8246
7.7,6.569515,8246
7.64,7.1021447,8246
7.6,7.849908,8246
7.53,-2.5432036,8246
7.26,3.2053182,8246
7.24,1.2284291,8246
6.99,0.65061224,8246
6.54,-7.1918244,8246
6.41,-4.887609,8246
6.36,-3.1865938,8246
6.1,-4.0136876,8246
6.09,-9.267039,8246
6.02,0.8283049,8246
8.3,4.0342197,9374
8.3,4.9651093,9374
7.82,-5.0627923,9374
8.2,8.972722,3720
7.8,1.9512436,3720
7.7,-0.24380659,3720
7.7,6.149253,3720
7.6,2.3767693,3720
7.6,-0.70420116,3720
7.6,4.110798,3720
7.4,-0.3100848,3720
7.1,3.2991955,3720
7.0,3.0817358,3720
7.0,0.20079386,3720
6.9,-9.693994,3720
6.8,-13.329241,3720
6.8,-9.250724,3720
6.6,-8.230395,3720
6.2,3.195053,3720
4.98,-5.2316365,15287
6.51,0.49532092,993
8.05,0.27949825,16841
4.43,6.306764,4275
4.22,-15.563431,4275
6.1,3.5380926,16599
6.07,4.7721972,16599
5.66,1.141624,16599
5.64,-0.09530249,16599
5.3,-3.912943,16599
6.14,-0.3133703,13162
7.0,0.7157318,4989
6.24,10.49977,4989
6.19,1.801187,4989
5.64,10.692188,4989
5.55,-0.2681279,4989
5.42,-3.1674788,4989
5.37,3.693802,4989
4.58,-2.2393968,4989
4.55,-2.3221576,4989
4.46,3.5785077,4989
4.09,5.4934044,4989
4.02,-3.2838612,4989
4.0,5.227576,4989
5.96,7.3054953,8647
5.64,4.0423493,8647
5.41,-4.4727407,8647
5.39,0.9170239,8647
5.35,2.3675113,8647
5.28,-6.677522,8647
5.16,11.426599,8647
5.13,-0.92212737,8647
4.92,7.3007855,8647
4.89,-0.38354084,8647
4.75,-3.745182,8647
4.28,-3.1102414,8647
4.13,-6.077232,8647
5.57,1.0525807,6818
6.89,20.63634,3408
6.21,-9.978549,3408
5.1,3.5719814,3408
7.35,2.2767286,12121
8.35,-3.6737962,13288
7.51,3.7771182,13288
7.51,-4.871497,13288
7.48,1.7362012,13288
7.48,-7.272542,13288
7.47,1.0997187,13288
7.03,0.4233418,13288
6.89,-6.245597,13288
6.39,1.0997187,13288
6.28,1.9592313,13288
6.22,1.2308359,10785
6.3,-6.567383,15489
5.77,-10.49379,15489
5.37,-1.6402901,15489
4.58,-8.93387,15489
4.4,5.3557777,15489
6.55,-3.543359,11267
7.39,3.0530334,17859
6.8,-2.4694853,17859
6.64,2.9728124,17859
6.32,7.406421,17859
6.22,3.0530334,17859
6.14,3.6326017,17859
5.77,0.60594416,17859
5.75,-6.546624,17859
5.72,-11.939261,17859
5.48,-6.0852227,17859
5.39,2.1676188,17859
5.0,-14.608125,17859
4.91,-12.180059,17859
7.68,0.69944346,12547
9.4,3.568462,16779
9.37,-2.3934386,16779
9.37,7.603654,16779
9.37,-3.3856263,16779
9.52,-5.1949215,10192
8.85,-4.5824423,10192
8.25,0.97324836,10192
8.24,0.70568144,10192
8.18,2.4022663,10192
8.08,0.6602317,10192
7.96,-2.632174,10192
7.55,0.8973013,10192
8.0,1.9858449,9266
8.0,0.5560249,9266
8.3,13.076322,1888
8.1,10.528415,1888
7.89,6.9411907,1888
7.7,6.800256,1888
7.58,-2.0900652,1888
7.52,-0.65756065,1888
7.0,2.1937587,1888
6.96,0.035226215,1888
6.72,0.59412956,1888
6.7,1.9479353,1888
6.6,-1.9225723,1888
6.5,-2.50231,1888
6.47,2.8647804,1888
6.33,0.9463445,1888
6.32,-0.0025955746,1888
6.21,1.208014,1888
6.07,-7.4475956,1888
5.64,-2.0451863,1888
5.64,-3.6120887,1888
5.5,-5.183879,1888
5.44,-4.3562474,1888
5.43,-1.8858445,1888
5.39,-7.452196,1888
5.21,-5.619414,1888
7.0,-3.6228285,11239
4.66,4.2985196,15648
7.96,-0.13437419,13270
7.89,-4.7578263,13270
7.88,-5.1960163,13270
7.84,0.2133115,13270
7.74,11.704791,13270
7.65,11.999642,13270
7.41,6.2284904,13270
7.37,-1.7903615,13270
7.36,5.002337,13270
7.34,-6.185065,13270
7.18,-1.0637234,13270
6.91,5.002337,13270
6.81,-2.8227627,13270
6.75,8.496777,13270
6.61,-15.683403,13270
6.59,-6.719739,13270
6.55,-5.254109,13270
6.19,-10.086912,13270
9.0,-1.2906743,11578
8.68,-2.7599602,11578
8.52,-2.812748,11578
8.47,-5.26631,11578
8.19,-3.9918225,11578
7.96,-1.2906743,11578
7.96,-3.6295671,11578
7.89,-5.9744644,11578
7.85,-1.5395578,11578
7.52,-1.2906743,11578
7.5,4.8573956,11578
7.4,-7.581458,11578
7.4,-5.0160255,11578
7.4,-5.717737,11578
7.36,-6.6055017,11578
7.34,-6.6055017,11578
7.33,-1.2906743,11578
7.27,0.7008225,11578
7.14,-13.86666,11578
7.11,-3.9918225,11578
6.96,-7.642771,11578
6.92,9.06631,11578
6.89,-13.217354,11578
6.85,-9.727995,11578
6.66,-1.4089345,11578
6.4,0.224148,11578
6.34,-7.909734,11578
6.31,-11.59017,11578
6.31,-8.794808,11578
6.3,-8.603752,11578
6.14,-9.222451,11578
6.09,-3.9149053,11578
5.7,4.1679616,11578
5.68,-3.7266312,11578
5.66,-5.4860992,11578
4.82,-2.5368683,11578
4.52,-14.779722,11578
6.96,-4.4345818,11592
5.96,13.415962,11592
4.98,1.3376664,11592
8.15,2.4252207,1409
9.29,11.131341,12863
9.27,8.097106,12863
9.15,8.667757,12863
9.13,5.9682174,12863
9.03,2.6078055,12863
8.85,10.601637,12863
8.74,8.822423,12863
8.54,3.4355175,12863
8.47,11.893148,12863
8.46,7.289054,12863
8.4,14.663622,12863
8.32,10.524824,12863
8.17,0.5316869,12863
7.89,-4.5315714,12863
7.89,-5.2184014,12863
7.8,-5.603137,12863
7.69,7.5394263,12863
7.68,-8.06393,12863
7.64,-4.7284017,12863
7.58,4.107864,12863
7.58,-0.9704275,12863
7.54,7.5278726,12863
7.43,4.502749,12863
7.22,-6.217889,12863
7.16,-5.7361665,12863
7.0,-1.3035425,12863
6.78,-11.604767,12863
6.68,-10.585742,12863
6.45,-9.051541,12863
6.34,12.517193,12863
6.15,-7.085024,12863
5.62,-8.778261,12863
5.49,-4.0804005,12863
5.45,-10.559508,12863
6.19,-3.3755646,2751
5.89,5.8960724,5500
5.7,-2.0533397,5500
5.7,1.9028938,5500
5.68,3.4761143,5500
5.64,1.3019586,5500
5.64,-6.28846,5500
5.94,-8.988088,13696
5.08,1.5818392,16723
7.22,2.0156064,2226
6.86,4.593399,2226
6.34,0.6925542,2226
4.98,-4.2667465,14183
4.81,1.601391,12940
4.6,0.14920932,12940
8.78,-7.0828147,3289
8.53,4.649671,3289
8.34,-3.8565862,3289
8.27,-0.2122199,3289
8.08,-12.064293,3289
8.03,0.5384985,3289
7.87,-8.096587,3289
7.73,0.11793502,3289
7.65,8.860081,3289
7.64,-1.4465209,3289
7.6,-0.3137603,3289
7.58,-0.5328731,3289
7.5,3.15706,3289
7.48,9.803802,3289
7.47,-0.7744992,3289
7.46,5.3620467,3289
7.37,3.6707602,3289
7.33,13.360066,3289
7.27,8.439861,3289
7.19,-7.283975,3289
7.16,0.7443874,3289
7.05,8.581594,3289
6.96,2.8079658,3289
5.5,-1.045033,3289
8.52,9.095025,4008
8.52,-0.061461944,4008
8.52,10.370146,4008
8.52,8.1609125,4008
8.4,7.8560143,4008
8.4,0.8238066,4008
8.4,2.8223617,4008
8.3,5.6260514,4008
8.22,5.3344235,4008
8.22,3.915614,4008
7.77,8.587041,4008
7.7,-4.1875772,4008
7.6,1.6290883,4008
7.43,-4.267552,4008
7.18,0.6882324,12711
7.8,5.1763186,12788
7.75,-0.31047353,12788
7.74,-2.2316706,12788
7.65,11.349209,12788
7.61,-5.5065846,12788
7.59,0.41938376,12788
7.46,-0.16217923,12788
7.26,5.588872,12788
7.1,8.519964,12788
7.09,-1.9794383,12788
7.02,4.93333,12788
6.83,2.2944112,12788
6.48,1.4512829,12788
9.0,-13.36733,11885
6.96,7.5994415,11885
6.11,0.8227954,2110
8.4,8.593881,10889
8.22,10.437576,10889
8.22,0.96711123,10889
8.15,6.422673,10889
8.15,7.6460276,10889
8.15,5.2374916,10889
8.13,1.979597,10889
8.05,-4.2609997,10889
8.05,-4.205598,10889
8.05,2.5905037,10889
7.89,5.643629,10889
7.82,3.9773474,10889
7.8,-6.8015585,10889
7.77,9.685919,10889
7.77,2.0066023,10889
7.72,1.644024,10889
7.7,5.9022384,10889
7.7,-1.3643929,10889
7.68,1.6634163,10889
7.66,3.6608787,10889
7.6,5.281444,10889
7.58,2.5915701,10889
7.58,-1.2255696,10889
7.52,4.228006,10889
7.51,1.943042,10889
7.5,3.2309844,10889
7.5,11.176879,10889
7.47,0.52264154,10889
7.43,-2.8732476,10889
7.42,2.3956404,10889
7.34,7.0323243,10889
7.31,2.7640738,10889
7.29,4.685546,10889
7.19,4.413698,10889
7.16,-0.8341017,10889
7.16,-2.5487156,10889
7.07,-1.8150109,10889
6.98,0.32316175,10889
6.95,4.8480086,10889
5.16,3.456321,16228
4.82,-1.4595879,16228
6.55,0.6772386,3966
6.57,8.612162,1599
6.33,11.556351,1599
6.15,0.96366274,1599
5.82,-9.426464,1599
5.7,5.178727,1599
5.62,2.2879863,1599
5.58,-0.23394337,1599
5.52,2.8837337,1599
5.52,-0.83216804,1599
5.51,4.869287,1599
5.3,-1.4346373,1599
5.28,-6.1892834,1599
5.24,-6.479254,1599
5.12,-3.7322066,1599
5.06,1.7781836,1599
5.0,1.3743814,1599
4.92,0.52103966,1599
4.88,-10.736684,1599
4.85,-1.3468895,1599
4.84,-1.3883442,1599
4.82,-8.405371,1599
4.79,-7.968146,1599
4.67,-8.494927,1599
4.64,-5.2638154,1599
4.63,-12.433413,1599
4.57,-8.323444,1599
4.57,-5.4058514,1599
4.46,-5.685854,1599
4.33,-1.689865,1599
4.32,-6.400554,1599
5.72,-15.04721,958
4.76,-1.5923334,8397
8.0,-0.9545782,16001
6.01,-0.5302612,9991
7.34,3.1570184,2078
5.0,2.1522167,1258
6.02,-10.629108,5267
5.76,-2.94431,5267
5.68,1.109574,5267
4.98,-2.64835,5267
4.85,-6.5220885,5267
4.8,-7.831607,5267
4.34,4.6750574,16141
5.64,15.44211,1267
4.29,-10.5074625,1267
4.05,-4.8660583,1267
5.05,0.81324315,17168
7.15,-1.2920152,2786
8.53,7.7743273,12139
8.43,7.7743273,12139
8.36,-2.3980267,12139
8.35,8.87613,12139
8.05,2.8970485,12139
7.96,-6.0912147,12139
7.55,-5.8084474,12139
7.55,0.62029326,12139
7.54,2.8970485,12139
7.35,-2.0474725,12139
7.24,-2.9378836,12139
7.24,-0.17462137,12139
7.2,-4.4248705,12139
7.08,-4.6246104,12139
7.06,-3.7864225,12139
7.05,-4.375576,12139
7.05,-7.968222,12139
7.05,0.62029326,12139
7.03,1.6115787,12139
6.82,-5.168025,12139
6.82,-9.502071,12139
6.79,-6.2288427,12139
6.76,-5.626505,12139
6.75,-2.2908752,12139
6.63,-12.898387,12139
6.61,7.7743273,12139
6.5,-6.0912147,12139
6.33,-13.817113,12139
6.3,-14.2979355,12139
6.29,-13.249696,12139
6.18,-8.75891,12139
6.15,-9.008854,12139
6.12,-8.568553,12139
6.09,-4.4248705,12139
5.97,-11.139574,12139
5.59,-1.972633,12139
5.45,-11.246385,12139
5.15,-14.32823,12139
7.4,9.929584,10464
7.1,-6.05783,10464
6.32,-0.21590292,10464
6.24,7.616491,10464
5.72,-17.2175,10464
5.0,3.9898365,15990
6.92,2.9293556,13718
6.62,-1.5700474,13718
6.37,-13.401037,13718
5.44,9.367153,13718
6.92,-3.885501,13417
7.42,5.856625,803
5.67,5.3406796,7969
6.44,1.1614656,11548
7.54,3.5158412,8465
8.4,7.6619062,7016
8.3,5.3945265,7016
8.22,-1.1691284,7016
8.22,0.63100135,7016
8.05,-9.012178,7016
8.05,-1.4162676,7016
7.89,-6.5995083,7016
7.39,2.4467552,7016
6.26,-2.22878,4806
6.16,-2.0206008,4806
9.77,1.2377367,3680
5.04,1.4387708,4721
8.13,3.9296658,13534
8.06,3.9296658,13534
7.71,5.624787,13534
7.55,3.4856095,13534
7.47,-3.2182586,13534
7.0,7.7087755,13534
7.52,1.3032087,2625
8.72,1.5563655,10587
8.68,1.0790547,10587
8.64,1.1398659,10587
8.52,1.5406791,10587
8.48,1.0036925,10587
8.42,7.3136935,10587
8.4,-6.4736967,10587
8.38,5.5532417,10587
8.36,1.0109383,10587
8.35,-2.2532787,10587
8.24,2.0819097,10587
8.16,2.0342176,10587
8.05,-6.5529785,10587
7.83,-2.527789,10587
7.61,2.9554622,10587
7.54,4.435816,10587
7.33,-9.550103,10587
7.28,6.416782,10587
7.26,11.614577,10587
7.2,-5.186481,10587
7.07,4.853297,10587
6.38,-0.15400213,10587
6.01,3.430007,10587
8.0,-3.7713313,13640
6.11,-7.5389843,7098
6.11,-6.551011,7098
5.98,-6.013748,7098
5.86,-5.6750784,7098
5.83,-6.1573844,7098
5.52,-4.477807,7098
5.43,-5.689406,7098
7.7,-1.0787477,17068
8.4,2.2758157,4229
7.51,1.9839765,10281
9.23,-6.378735,10522
9.19,-4.600413,10522
9.19,-7.408467,10522
7.62,-0.25876242,12705
6.8,-5.654033,3757
6.68,7.5000525,3757
6.5,-3.9516234,3757
6.42,3.6483552,3757
6.39,9.760621,3757
6.36,7.532758,3757
6.3,-8.247779,3757
6.26,5.701421,3757
6.26,4.910688,3757
6.23,1.9984394,3757
6.18,1.2470534,3757
6.09,-1.0091755,3757
5.97,4.039497,3757
5.96,-1.1400739,3757
5.93,3.4629362,3757
5.88,4.8768926,3757
5.86,-0.068644166,3757
5.8,-1.2450871,3757
5.64,-2.432979,3757
5.4,-11.926876,3757
5.38,-2.4605293,3757
5.3,1.1580521,3757
5.28,-6.2281237,3757
5.26,0.31550342,3757
5.25,2.7457726,3757
5.2,-1.1512504,3757
5.12,-2.8019173,3757
5.06,-4.783204,3757
5.04,1.2537161,3757
7.36,2.6661267,6910
6.66,-7.922126,6910
6.11,6.521027,604
5.8,1.0018624,604
5.77,-0.3068276,604
5.36,-8.587736,604
8.0,14.619048,5783
5.77,-13.234524,5783
8.9,-0.8561165,8471
7.3,2.6901329,8471
8.49,-0.19165108,12453
8.7,-1.4856018,10277
8.4,3.909936,10277
7.96,6.499901,10277
7.82,3.0672297,10277
7.17,-7.9746823,10277
7.17,-8.032985,10277
7.07,-7.370315,10277
7.01,2.2534347,10277
6.96,4.23159,10277
6.89,7.2566886,10277
6.89,5.0180755,10277
6.82,2.4986844,10277
6.77,-6.2025013,10277
6.77,-3.686143,10277
6.6,0.5323287,10277
6.52,-10.912947,10277
6.41,-5.166657,10277
6.41,-1.8375509,10277
6.39,-3.2042136,10277
6.39,-5.7241035,10277
6.36,-8.688288,10277
6.28,-5.2176213,10277
6.11,0.7391619,10277
6.08,-1.4555045,10277
6.06,-7.0222235,10277
5.8,1.718035,10277
5.72,-9.665702,10277
5.62,-7.551712,10277
5.52,-4.6795034,10277
5.33,-5.2516294,10277
5.31,-7.784784,10277
5.96,-15.062072,11597
8.68,-0.050432514,2402
8.55,3.7114131,2402
8.48,12.589811,2402
8.39,7.1386886,2402
8.37,-3.704535,2402
8.34,-1.2609925,2402
8.29,3.3844364,2402
8.24,-3.5842512,2402
8.11,3.2771258,2402
8.1,-0.55357593,2402
8.09,-9.521118,2402
8.08,5.693718,2402
8.08,-3.3193657,2402
8.03,-3.2855878,2402
8.03,4.0719204,2402
7.96,3.0127938,2402
7.96,-1.5304605,2402
7.96,-4.3106656,2402
7.92,-0.41046134,2402
7.92,-0.0974437,2402
7.92,-1.7797252,2402
7.89,-1.4690756,2402
7.82,-3.376887,2402
7.82,-6.395391,2402
7.8,6.2001896,2402
7.77,2.6707468,2402
7.72,1.4748313,2402
7.7,7.6845493,2402
7.66,0.059475627,2402
7.58,-10.9554615,2402
7.54,2.1701553,2402
7.52,-5.3061543,2402
7.39,-3.666738,2402
7.26,-5.3315578,2402
7.22,-2.885166,2402
6.92,1.3483374,2402
6.14,3.2738278,2402
4.6,1.3253384,16718
7.44,1.0632991,16648
6.63,5.355112,2599
6.06,-5.2549686,2599
6.04,-4.754917,2599
5.88,-7.609476,2599
5.81,-4.479627,2599
5.18,-9.798008,2599
6.46,0.067732796,1196
5.82,4.300727,16027
4.7,-12.677685,16027
4.01,-6.8687396,16027
5.42,-0.56126857,647
7.72,2.1065168,5544
8.7,2.7832139,5633
8.59,1.6080943,5633
8.4,-3.326042,5633
8.36,-3.6687922,5633
8.0,-1.5743555,5633
7.6,-5.137843,5633
7.28,-4.334464,5633
8.23,1.3204653,12425
7.75,0.3367241,12425
7.7,2.8118484,12425
7.68,3.0294852,12425
7.63,0.9126217,12425
7.4,6.368453,12425
7.39,3.2265234,12425
7.38,3.4145186,12425
7.35,1.2131249,12425
7.3,-1.8791058,12425
7.26,4.839193,12425
7.17,4.5987287,12425
6.98,4.2795906,12425
6.61,0.10053371,12425
4.22,-2.1259367,5346
5.43,2.5070508,16223
8.82,4.1372433,14800
8.8,7.10758,14800
8.38,0.8616356,14800
8.37,2.4779618,14800
8.21,1.6220459,14800
7.72,1.20799,14800
7.63,-6.3395033,14800
7.55,-4.702587,14800
7.49,-7.1413293,14800
7.25,0.37174428,14800
7.24,-4.818563,14800
7.05,1.8680977,14800
6.85,1.8680977,14800
6.78,0.23107535,14800
8.4,5.3390107,13044
8.22,4.269127,13044
8.05,6.280485,13044
7.92,2.676234,13044
7.89,4.980266,13044
7.85,-5.2037196,13044
7.85,3.0777745,13044
7.62,-1.0150048,13044
7.6,4.015094,13044
7.58,7.031165,13044
7.55,5.2673693,13044
7.44,-3.54692,13044
7.44,-5.853527,13044
7.4,-7.30214,13044
7.4,1.6840626,13044
7.18,-3.656262,13044
7.06,-0.07216891,13044
6.96,-2.4720004,13044
6.77,5.083157,13044
6.48,1.8565855,13044
6.06,0.81330705,13044
5.96,-4.0918736,13044
5.75,-2.476465,13044
7.07,4.8990164,7913
6.8,2.8789735,7913
6.66,3.0893033,7913
6.62,4.173152,7913
6.47,-1.2165779,7913
6.47,-0.45932102,7913
6.46,1.1795573,7913
6.42,0.24501485,7913
6.29,2.6529245,7913
6.28,1.5570188,7913
6.12,-1.356439,7913
6.07,-1.466981,7913
6.06,-2.0696344,7913
6.06,2.3991146,7913
6.0,-0.12813744,7913
8.92,6.251972,7778
8.02,1.3191426,7778
8.0,1.9874989,7778
7.96,1.3129324,7778
7.96,0.66365427,7778
7.89,-0.33134136,7778
7.75,1.0127583,7778
7.72,2.6467166,7778
7.72,2.1877472,7778
7.55,0.85844946,7778
7.54,0.088664874,7778
7.48,1.9369187,7778
7.47,1.2998655,7778
7.47,1.7892331,7778
7.42,3.6362915,7778
7.37,7.843493,7778
7.33,0.07691996,7778
7.28,2.164408,7778
7.25,4.5441523,7778
7.17,3.1280277,7778
7.82,2.5624173,5545
7.06,-0.89369947,2712
6.83,-2.318733,2712
6.71,-4.441234,2712
6.62,-5.0929193,2712
6.54,-3.456684,2712
6.41,0.009448924,2712
6.09,2.4618485,2712
6.08,2.4028234,2712
5.83,-7.645235,2712
5.62,6.027309,2712
5.55,0.81576496,2712
5.5,-0.03724432,2712
5.43,-6.799064,2712
8.7,6.5438795,10970
7.71,-0.8113226,10970
6.84,-3.068264,10970
6.68,-2.454446,10970
6.6,-1.1109,10970
5.16,-2.642047,1938
5.1,2.2442424,4158
5.64,-13.110325,17538
5.4,10.082898,17538
8.74,3.1420918,1356
8.7,7.5857897,4461
8.7,3.3332047,4461
8.3,-0.20810802,4461
8.3,6.749407,4461
8.1,3.473725,4461
8.05,4.683278,4461
7.92,3.539484,4461
7.7,3.0991046,4461
7.66,0.90362036,4461
7.55,4.0713496,4461
7.5,1.3313775,4461
7.46,-0.73730356,4461
7.34,5.3023133,4461
7.3,14.054643,13101
6.6,-7.300369,13101
6.81,-1.5205237,8387
6.0,4.2992034,8387
8.7,1.5000969,248
7.05,-0.3476363,248
6.8,3.6275938,6920
6.3,4.028986,6920
6.0,-0.3144826,6920
6.0,-2.685792,6920
6.0,0.56743366,6920
5.77,-6.027323,6920
5.0,-8.93275,6920
6.35,2.3417778,3081
9.2,7.384422,9613
9.15,10.260122,9613
8.68,1.2195511,9613
8.68,6.0553994,9613
8.49,3.014717,9613
8.0,-11.691291,9613
6.0,-0.5219472,2874
4.31,-3.349492,15243
4.12,-2.5803463,15243
7.8,-2.6700115,12167
7.35,4.9655256,12167
7.28,7.2413073,12167
6.17,0.87496585,12167
5.21,-4.3088865,12167
5.66,-9.519988,4423
5.58,-2.3205523,4423
5.43,-7.8381944,4423
5.32,-4.8944235,4423
5.15,-3.7373798,4423
6.58,-2.1038356,3307
5.13,-7.5505686,12011
8.36,9.854393,11191
8.05,-4.281749,11191
8.04,4.368097,11191
8.0,-4.2817483,11191
7.96,0.674157,11191
7.92,-3.7456753,11191
7.92,11.582194,11191
7.92,0.1007611,11191
7.89,1.5371588,11191
7.89,-3.6524389,11191
7.85,1.5371602,11191
7.82,5.3401546,11191
7.82,8.207074,11191
7.82,8.207075,11191
7.77,-1.1543504,11191
7.77,2.4716942,11191
7.75,0.06878133,11191
7.7,8.547703,11191
7.54,0.6556244,11191
7.28,3.1853223,11191
7.19,8.328465,11191
8.51,2.566858,5589
7.88,-1.1994449,5589
7.51,-5.340108,7963
7.21,0.97015375,7963
7.11,-9.64743,7963
6.58,10.484909,7963
5.7,3.404131,5907
7.0,8.300827,14430
4.79,-5.552401,14430
9.22,0.18771523,13006
6.38,-7.017277,13006
6.11,3.7861676,13006
7.75,-1.5775963,4492
5.7,0.48079562,8452
5.66,4.5416975,8452
7.52,6.4028296,12292
7.35,-2.2185302,12292
7.28,0.73291993,12292
7.25,1.7345327,12292
7.12,0.6968907,12292
7.1,-2.7442214,12292
7.06,2.2055368,12292
7.0,1.9315462,12292
6.12,4.0762835,12064
8.1,3.1754055,8612
4.84,-4.9700384,12009
5.68,-0.65958154,17525
5.31,-2.4908018,17525
5.01,-3.8207555,17525
4.77,17.869345,17525
4.7,8.863529,17525
4.37,-1.3705404,17525
4.34,-5.7438664,17525
5.38,1.7537317,496
5.19,6.596227,496
5.16,-0.4437601,496
5.11,-15.886097,496
4.87,11.526395,496
4.86,5.001881,496
4.85,4.3144994,496
4.74,4.2645416,496
6.75,-2.6850727,15262
6.64,-6.800851,15262
6.52,-10.902359,15262
6.44,-8.407832,15262
6.33,-0.30547073,15262
6.17,-5.060304,15262
6.16,-6.5123034,15262
5.96,-7.5881424,15262
5.96,-2.0730894,15262
5.82,6.409339,15262
5.82,-5.2166166,15262
5.82,-5.817833,15262
5.75,-5.204626,15262
5.68,-7.3543625,15262
5.41,-6.26462,15262
5.25,-8.309361,15262
5.14,-4.626921,15262
5.06,-4.629924,15262
5.06,-6.8067317,15262
4.16,0.3180549,15262
4.0,-2.8831322,15262
8.12,6.265323,5848
7.8,3.7630353,5848
7.75,4.181709,5848
7.72,3.6534464,5848
7.7,6.147293,5848
7.66,8.339238,5848
7.64,-2.4519753,5848
7.64,6.6989036,5848
7.6,8.080006,5848
7.58,9.865378,5848
7.57,7.5551467,5848
7.51,-2.004856,5848
7.43,0.7978157,5848
7.42,5.8745112,5848
7.39,7.257346,5848
7.39,5.065963,5848
7.3,4.696168,5848
7.3,1.1805004,5848
7.24,4.820367,5848
7.19,-6.717009,5848
6.62,-5.657338,5848
6.55,-8.674301,5848
6.03,-13.930122,5848
6.0,-13.381706,5848
7.82,1.95423,11817
5.78,1.1728734,17659
7.19,0.35609615,11278
6.71,4.933365,11278
6.64,2.2709157,11278
6.61,2.2709157,11278
6.36,2.16777,11278
6.36,-5.3724804,11278
6.35,4.933366,11278
6.3,-0.38512468,11278
6.28,5.403173,11278
6.27,2.16777,11278
6.15,1.8379164,11278
5.86,-0.20198268,11278
5.7,-0.20198296,11278
5.44,-2.5772116,11278
5.26,-2.5772123,11278
5.24,-3.146353,11278
5.23,-2.1797721,11278
5.22,5.946788,11278
5.44,12.69477,16272
5.32,10.449321,16272
5.16,3.089637,16272
5.0,5.901963,16272
4.86,0.8366897,16272
4.8,-0.34454367,16272
4.57,6.0432105,16272
4.56,1.2800181,16272
4.49,0.55667067,16272
4.47,-6.706923,16272
6.58,5.804933,8012
6.17,-3.0703428,8012
5.97,-1.8725071,8012
5.26,-5.1611414,8012
4.48,4.176227,8012
8.3,4.5005546,2194
8.3,6.9142337,2194
8.22,4.392501,2194
8.05,9.296317,2194
7.89,3.767185,2194
7.85,5.3493433,2194
7.77,-0.3621857,2194
7.7,4.279608,2194
7.52,1.8783476,2194
7.02,2.3280923,2194
6.96,-3.7326307,2194
6.82,-7.176669,2194
6.75,0.25316688,2194
6.58,-11.834016,2194
6.46,1.1054473,2194
4.64,-7.8029003,1876
4.55,1.2934524,1876
4.4,-2.4896653,1876
4.4,-1.6295283,1876
8.7,8.353317,17898
8.3,-2.5268955,17898
8.3,7.1891613,17898
7.22,5.1332603,17898
6.47,0.465875,17898
6.3,5.128072,17898
6.19,4.223478,17898
4.77,0.62274456,16403
7.01,1.6061133,667
8.22,1.3972831,6282
8.0,-5.1879263,6282
8.0,-8.072829,6282
8.0,4.445638,6282
8.0,4.0139923,6282
7.85,0.43703553,6282
7.82,5.2026367,6282
7.8,0.8260926,6282
7.8,-3.7206023,6282
7.77,8.572755,6282
7.75,-2.7557476,6282
7.72,1.4935075,6282
7.68,-4.051546,6282
7.64,4.261282,6282
7.6,2.6542404,6282
7.52,-1.2131859,6282
7.51,-2.2429967,6282
7.46,1.1740217,6282
7.39,-4.0305915,6282
7.37,-0.83797663,6282
7.31,3.2297566,6282
7.23,1.215712,6282
7.17,-0.5908506,6282
7.06,-3.1672976,6282
7.03,-11.640075,6282
7.01,-4.23078,6282
7.0,-0.91881335,6282
6.96,-5.4978375,6282
6.96,-7.765389,6282
6.92,-2.658998,6282
6.89,-1.6422222,6282
6.85,2.7512298,6282
6.8,-2.1355217,6282
6.77,-5.2031817,6282
6.64,1.0827194,6282
6.5,3.3203084,6282
6.34,0.71614575,6282
6.28,-7.623684,6282
6.24,-1.5955033,6282
6.14,-2.5967875,6282
6.13,-9.6827755,6282
5.58,-7.279094,6282
5.25,-3.5437555,6282
5.0,-4.617432,6282
4.77,3.0594747,6282
7.0,8.6037,13415
6.96,2.7501595,13415
6.96,-7.5004334,13415
6.72,-5.9156747,13415
6.7,1.9525505,13415
6.7,5.823232,13415
6.58,8.6037,13415
6.57,0.33328995,13415
6.52,-2.046218,13415
6.51,-1.7913805,13415
6.44,0.38822758,13415
6.37,-4.2498803,13415
6.36,1.4066801,13415
6.3,-2.1149127,13415
6.21,5.0075436,13415
6.06,1.9171635,13415
5.96,4.3285317,13415
5.96,1.8621345,13415
5.72,1.8621336,13415
5.62,-6.1615887,13415
5.62,-5.738398,13415
5.57,-5.034531,13415
5.52,3.3881075,13415
5.42,1.9171635,13415
9.74,-7.7885966,7698
9.6,-7.765558,7698
9.42,-11.973991,7698
9.38,10.949818,7698
9.23,8.568225,7698
9.22,10.92141,7698
9.22,6.7115803,7698
9.21,-11.7483425,7698
9.2,5.824943,7698
9.19,-3.7916417,7698
9.15,-2.2208304,7698
9.15,5.409215,7698
9.11,8.439877,7698
9.05,-8.692503,7698
8.96,1.3865446,7698
8.96,-0.9848036,7698
8.89,-2.2208302,7698
8.89,1.3865458,7698
8.85,-0.5801624,7698
8.8,-2.6659596,7698
8.74,-8.606745,7698
8.74,7.909774,7698
8.74,-0.5801624,7698
8.72,10.949818,7698
8.72,3.9041498,7698
8.72,3.4837005,7698
8.72,14.017393,7698
8.7,1.0717019,7698
8.7,-12.151538,7698
8.68,-7.7885966,7698
8.68,4.203263,7698
8.66,-1.8050138,7698
8.6,4.5166864,7698
8.59,-4.745857,7698
8.52,1.3899329,7698
8.47,-7.124542,7698
8.44,3.702841,7698
8.43,-6.036075,7698
8.42,-2.6063771,7698
8.4,10.097099,7698
8.4,-0.8966604,7698
8.37,3.6478362,7698
8.36,8.752148,7698
8.36,5.823968,7698
8.32,-1.985584,7698
8.32,-5.155237,7698
8.31,6.23841,7698
8.3,-3.7916422,7698
8.29,6.4764743,7698
8.28,5.116864,7698
8.27,-9.014054,7698
8.23,-22.54051,7698
8.22,-12.816626,7698
8.21,0.7760632,7698
8.18,3.4810536,7698
8.14,3.4837003,7698
8.13,3.1252282,7698
8.12,9.311575,7698
8.1,9.318288,7698
8.1,9.671459,7698
8.1,0.35105705,7698
8.09,-12.929697,7698
8.09,-0.18480793,7698
8.09,-7.8748317,7698
8.07,-7.7885966,7698
8.06,11.432966,7698
8.05,-13.32054,7698
8.05,-0.40246978,7698
8.04,5.7986016,7698
8.03,-20.315226,7698
8.03,6.0325546,7698
8.0,5.404521,7698
8.0,10.9498205,7698
8.0,3.0929546,7698
7.96,-20.441557,7698
7.96,-5.7354984,7698
7.96,-4.9876575,7698
7.96,-7.1427026,7698
7.96,-4.0213513,7698
7.96,-1.2905117,7698
7.92,2.1201663,7698
7.92,-1.4028811,7698
7.92,2.1201673,7698
7.89,-9.753048,7698
7.85,-3.6961055,7698
7.85,1.3865458,7698
7.85,-10.983844,7698
7.82,-2.220831,7698
7.82,-5.2500587,7698
7.8,-18.141817,7698
7.8,5.6452885,7698
7.77,-3.8759491,7698
7.77,6.474302,7698
7.76,10.92141,7698
7.75,-2.7292259,7698
7.75,2.0200295,7698
7.75,5.72902,7698
7.72,6.150589,7698
7.72,-2.540223,7698
7.72,-18.71113,7698
7.72,-2.2991962,7698
7.7,-12.335482,7698
7.7,-21.525486,7698
7.7,-10.174163,7698
7.68,3.483702,7698
7.68,3.67276,7698
7.68,3.3943963,7698
7.68,-2.2016408,7698
7.68,-10.743193,7698
7.66,-9.074066,7698
7.64,-13.029188,7698
7.64,-20.614561,7698
7.62,6.8225994,7698
7.6,-6.29173,7698
7.6,8.246241,7698
7.59,5.1584663,7698
7.58,5.7900376,7698
7.58,5.379865,7698
7.58,-10.828794,7698
7.58,-6.581451,7698
7.57,-1.4580269,7698
7.57,-21.171982,7698
7.57,0.27639323,7698
7.52,9.136935,7698
7.52,-0.064776786,7698
7.52,1.222236,7698
7.52,-13.199626,7698
7.5,-10.924598,7698
7.5,7.0634723,7698
7.47,-0.58158743,7698
7.47,3.4810536,7698
7.47,-21.293985,7698
7.46,-6.0252414,7698
7.44,-12.534367,7698
7.41,5.382444,7698
7.41,-0.4829807,7698
7.41,-8.185307,7698
7.4,0.9575919,7698
7.39,-14.955393,7698
7.39,0.7751915,7698
7.37,5.723859,7698
7.36,6.0325556,7698
7.36,3.5443761,7698
7.35,-8.306886,7698
7.34,0.36014807,7698
7.32,-2.1650107,7698
7.29,-0.78780437,7698
7.28,-7.622718,7698
7.28,-4.4373584,7698
7.27,-0.6747069,7698
7.24,-15.435907,7698
7.22,-1.5281525,7698
7.21,7.124997,7698
7.18,-9.041573,7698
7.17,-3.8366346,7698
7.16,0.24977428,7698
7.12,1.3506792,7698
7.1,5.409213,7698
7.08,-9.560599,7698
7.08,4.2568703,7698
7.07,-6.949971,7698
7.06,-0.72320527,7698
7.06,-9.266869,7698
7.05,-1.418678,7698
7.03,-4.062736,7698
7.02,2.8088906,7698
7.02,5.4105186,7698
7.02,-4.2977877,7698
7.01,4.921038,7698
6.97,-4.3083415,7698
6.97,-7.9927063,7698
6.96,1.5717343,7698
6.96,-11.202969,7698
6.96,-3.7622197,7698
6.94,2.8290277,7698
6.92,-4.3334365,7698
6.9,-13.150139,7698
6.85,-14.439377,7698
6.85,-6.415076,7698
6.84,-15.643471,7698
6.84,-3.137237,7698
6.82,5.4647474,7698
6.82,-4.1422887,7698
6.81,-3.271389,7698
6.81,-3.8799417,7698
6.8,5.229772,7698
6.8,-0.8966611,7698
6.8,-0.90492445,7698
6.77,5.3353376,7698
6.75,9.319409,7698
6.72,-2.8768098,7698
6.72,-9.933078,7698
6.66,-9.640702,7698
6.66,-14.3841095,7698
6.62,-12.378698,7698
6.62,2.276483,7698
6.57,2.9812183,7698
6.57,-10.398892,7698
6.54,-7.575696,7698
6.54,-1.6296362,7698
6.52,-2.512789,7698
6.5,-17.98342,7698
6.47,-16.900557,7698
6.46,-5.5830894,7698
6.43,-9.9704485,7698
6.4,-12.379885,7698
6.37,-16.457676,7698
6.3,3.4810529,7698
6.3,-2.6207082,7698
6.27,-15.645786,7698
6.27,-5.032311,7698
6.24,-11.603627,7698
6.21,-1.4258602,7698
6.17,-17.203615,7698
6.05,-7.1510077,7698
6.05,3.2525647,7698
6.05,-8.306886,7698
5.96,-12.378698,7698
5.96,-0.8966611,7698
5.92,2.1201668,7698
5.89,-3.6952763,7698
5.89,-19.35138,7698
5.8,-6.0223536,7698
5.77,-19.733017,7698
5.75,5.6751285,7698
5.75,-19.371954,7698
5.66,-19.37448,7698
5.64,-4.9968033,7698
5.6,-13.749809,7698
5.48,3.2709117,7698
5.48,-19.269768,7698
5.39,-4.8149495,7698
5.34,-20.878407,7698
5.22,-17.91502,7698
5.2,-11.351098,7698
5.16,-5.765149,7698
5.11,-1.6339974,7698
6.02,1.0814006,12195
6.39,2.1566484,12836
4.6,3.172161,17449
4.58,9.31037,17449
4.44,-7.211451,17449
4.43,-6.627925,17449
6.33,2.8605928,5469
6.0,1.9764382,3583
5.39,1.1505258,776
8.78,-10.604375,5467
8.59,-10.663066,5467
8.46,-7.044865,5467
8.34,-10.362905,5467
8.12,-2.7073064,5467
8.01,20.19959,5467
8.0,-6.803172,5467
7.92,-9.017557,5467
7.89,-7.9619975,5467
7.87,-3.071536,5467
7.81,-4.0160685,5467
7.76,-9.233891,5467
7.71,-10.441794,5467
7.69,-5.690312,5467
7.67,-5.5832543,5467
7.64,-8.381279,5467
7.58,-10.187976,5467
6.0,0.44554392,10415
6.1,2.7028236,5578
9.52,-5.687951,8134
9.3,-7.4415236,8134
8.64,2.6641529,8134
8.52,1.3336077,8134
8.48,-0.4461188,8134
8.37,2.5233142,8134
8.24,-7.8525524,8134
8.22,-7.3451476,8134
8.14,-1.8271514,8134
8.13,3.8046317,8134
8.06,-10.604578,8134
8.04,-0.86897475,8134
7.96,-3.9301732,8134
7.66,-2.4654894,8134
7.58,-5.604465,8134
7.57,-0.30272543,8134
7.17,8.650532,8134
7.12,-2.8778174,8134
7.42,10.323158,6100
7.39,2.6990616,6100
7.35,8.3453045,6100
7.3,10.119882,6100
7.27,9.796969,6100
7.26,8.851771,6100
7.25,9.07456,6100
7.18,6.3419533,6100
7.15,2.699062,6100
7.11,4.9525447,6100
7.1,6.825672,6100
7.1,3.2418797,6100
7.08,3.6816087,6100
7.08,4.9888973,6100
7.06,6.8750987,6100
7.06,5.2404814,6100
7.05,1.3234954,6100
7.03,8.858538,6100
7.02,8.942056,6100
7.01,1.9343482,6100
6.97,8.297767,6100
6.97,11.122486,6100
6.94,6.224769,6100
6.9,4.5499134,6100
6.9,4.1868134,6100
6.89,8.47015,6100
6.89,7.7820263,6100
6.88,11.285421,6100
6.87,9.651558,6100
6.87,11.26226,6100
6.87,0.71216595,6100
6.87,6.6970844,6100
6.85,-0.15010715,6100
6.83,9.015335,6100
6.83,9.751824,6100
6.82,7.4628778,6100
6.81,5.7504835,6100
6.81,11.800827,6100
6.8,2.6990623,6100
6.8,9.528246,6100
6.79,3.0146265,6100
6.78,6.435707,6100
6.76,10.293926,6100
6.72,6.228212,6100
6.71,5.198772,6100
6.7,9.232215,6100
6.7,9.754826,6100
6.69,13.582119,6100
6.69,4.940205,6100
6.68,11.823235,6100
6.68,4.494759,6100
6.67,3.71611,6100
6.66,5.470558,6100
6.64,4.1089664,6100
6.63,2.152915,6100
6.6,4.3887515,6100
6.6,8.793901,6100
6.6,8.262032,6100
6.6,11.958973,6100
6.6,10.869562,6100
6.6,10.451351,6100
6.6,9.8883295,6100
6.6,9.706409,6100
6.59,4.0724463,6100
6.59,9.293571,6100
6.58,8.256428,6100
6.57,3.0531647,6100
6.57,1.76341,6100
6.56,5.9323573,6100
6.55,-7.420092,6100
6.51,6.8900886,6100
6.49,7.9494286,6100
6.49,4.4374533,6100
6.48,9.310013,6100
6.46,9.131248,6100
6.45,5.3041306,6100
6.45,2.548006,6100
6.45,5.309784,6100
6.45,9.063301,6100
6.45,6.568443,6100
6.44,-17.040712,6100
6.43,4.1338625,6100
6.43,10.610698,6100
6.38,7.1326075,6100
6.38,4.8527207,6100
6.37,7.2450075,6100
6.36,4.2414384,6100
6.35,6.601139,6100
6.34,-0.6210862,6100
6.34,8.405815,6100
6.33,6.0739455,6100
6.33,-4.2966337,6100
6.32,5.2958965,6100
6.32,-7.02145,6100
6.31,5.626016,6100
6.31,4.1275353,6100
6.3,4.5895863,6100
6.3,3.8991516,6100
6.29,7.3784065,6100
6.29,9.733388,6100
6.28,3.8299534,6100
6.28,9.96259,6100
6.26,13.916695,6100
6.26,9.213922,6100
6.23,5.5486403,6100
6.23,7.6396546,6100
6.23,9.066015,6100
6.2,6.9293456,6100
6.18,2.7773573,6100
6.18,2.9592588,6100
6.18,7.333456,6100
6.18,-1.6179491,6100
6.18,6.2512717,6100
6.18,-5.5379167,6100
6.17,4.5338917,6100
6.16,8.486095,6100
6.16,3.1439373,6100
6.16,5.6396537,6100
6.16,11.184416,6100
6.16,4.590123,6100
6.16,-2.0885983,6100
6.16,4.852722,6100
6.14,4.8527203,6100
6.13,6.112641,6100
6.12,-10.452028,6100
6.12,5.320321,6100
6.12,2.8067925,6100
6.11,5.0129642,6100
6.11,7.0940304,6100
6.11,7.231977,6100
6.11,6.9997168,6100
6.11,9.698168,6100
6.11,0.06548101,6100
6.1,-3.7642982,6100
6.1,6.975393,6100
6.08,3.1679442,6100
6.08,0.9701979,6100
6.07,2.7833395,6100
6.07,2.5453684,6100
6.07,4.5121,6100
6.07,7.4559784,6100
6.07,-3.2925684,6100
6.07,2.4688785,6100
6.06,8.755775,6100
6.05,7.103503,6100
6.03,6.3142276,6100
6.03,-1.667597,6100
6.02,7.1978335,6100
6.02,-0.41468784,6100
6.02,6.0912337,6100
6.02,7.216059,6100
6.02,-2.5750442,6100
6.02,11.253746,6100
6.01,5.081923,6100
6.01,2.1672428,6100
6.01,-4.605639,6100
6.0,1.755267,6100
5.95,6.4259577,6100
5.84,3.432562,6100
5.0,2.5284991,6100
5.0,1.4058528,6100
5.0,-11.537788,6100
5.0,-3.8387845,6100
5.0,5.645773,6100
5.0,5.0067673,6100
5.0,6.8749976,6100
5.0,-0.44382098,6100
5.0,3.5032094,6100
5.0,1.947347,6100
5.0,-4.9065876,6100
8.27,-1.2806382,4703
8.7,-1.3755459,5381
8.36,6.04375,5381
8.31,1.8651394,5381
8.06,3.3868272,5381
8.03,3.341554,5381
7.84,0.25831455,5381
7.82,8.989047,5381
7.75,-0.5831071,5381
7.64,0.48493224,5381
7.56,-2.6812656,5381
7.5,0.70745337,5381
7.35,0.71251374,5381
7.27,-0.71679544,5381
7.2,-3.1686895,5381
7.16,3.4979372,5381
7.14,-2.0895686,5381
7.11,-0.9778737,5381
7.07,1.5703019,5381
7.02,0.6531495,5381
6.9,6.5213776,5381
6.89,1.7619554,5381
6.88,-0.35201532,5381
6.8,-0.44616124,5381
6.74,6.111301,5381
6.67,-0.035349052,5381
6.46,0.02989291,5381
6.44,1.3218399,5381
6.2,-9.811201,5381
6.61,2.0844262,12054
5.9,2.4399905,12054
9.6,0.70619726,5240
8.24,3.2852075,13365
7.96,-0.6865645,13365
7.68,9.356292,8942
6.85,1.5487862,8942
5.73,-1.5507181,8942
5.64,-6.5864964,8942
5.24,-3.4387963,8942
7.46,0.13437296,15404
7.19,6.216191,5811
6.8,9.75985,5811
6.68,-11.48102,5811
6.5,0.6853522,5811
5.5,-2.8924513,5811
5.4,-11.444086,5811
4.6,-9.844662,212
8.48,3.7990394,8861
8.38,2.0485823,8861
8.3,1.1287988,8861
8.29,-2.382151,8861
8.29,6.095318,8861
8.12,3.177638,8861
8.02,5.747888,8861
7.92,1.6608303,8861
7.78,-0.8118223,8861
7.72,6.0651364,8861
7.65,-11.345692,8861
7.37,-0.22746214,8861
6.84,-2.0086052,8861
6.0,-3.079923,8861
8.1,-1.4791073,10734
8.0,5.1450377,10734
7.9,2.680009,10734
7.9,-2.539884,10734
7.9,-2.239141,10734
7.9,0.014900799,10734
7.8,6.9156046,10734
7.8,-4.55103,10734
7.7,-1.2520686,10734
7.7,8.163139,10734
7.7,-0.059951928,10734
7.7,4.2908354,10734
7.7,0.8338628,10734
7.7,-1.477919,10734
7.7,2.8037157,10734
7.6,5.8118486,10734
7.6,-1.9018868,10734
7.6,2.5171728,10734
7.6,-9.754738,10734
7.5,-8.810896,10734
7.4,3.4969904,10734
7.4,1.6300749,10734
7.4,2.0375893,10734
7.3,2.7909386,10734
7.2,5.4053116,10734
7.2,-2.1878421,10734
7.12,5.2529383,7542
6.79,-2.402765,7542
6.67,5.233793,7542
6.59,2.8257196,7542
6.47,0.73048294,7542
6.19,1.2838804,7542
7.95,1.9975055,6621
6.78,3.4831574,9403
6.5,-3.3753731,9403
6.64,-0.038548086,11518
6.28,0.70000696,11518
5.09,-5.1086974,11518
8.72,2.1440036,3015
8.59,3.8116887,3015
8.55,2.9538412,3015
8.54,4.331916,3015
8.52,3.014295,3015
8.52,5.8525443,3015
8.51,2.474032,3015
8.39,2.0084093,3015
8.26,0.4813553,3015
8.15,1.1127964,3015
8.15,2.271129,3015
8.11,0.8796735,3015
8.06,-2.2594285,3015
7.68,-2.7486904,3015
7.68,-2.6013582,3015
7.48,1.8852912,3015
7.47,-4.116447,3015
7.44,1.7229799,3015
6.29,-7.2522273,3015
6.05,-10.342481,3015
6.02,-10.051361,3015
5.64,-11.181228,3015
8.1,-2.6391544,7884
7.92,7.444275,7884
7.92,-1.8743106,7884
7.92,6.115555,7884
7.8,5.954559,7884
7.8,3.1403553,7884
7.77,-11.58698,7884
7.75,0.76826024,7884
7.75,6.853923,7884
7.72,8.609877,7884
7.72,2.6602683,7884
7.64,0.94413286,7884
7.64,7.1012263,7884
7.57,7.424491,7884
7.52,2.2534456,7884
7.5,8.402907,7884
7.5,-8.352824,7884
7.48,2.4289105,7884
7.48,6.315806,7884
7.47,8.404628,7884
7.46,6.0022454,7884
7.44,-0.90175295,7884
7.42,5.5490675,7884
7.42,11.275794,7884
7.4,9.331465,7884
7.38,8.713756,7884
7.38,8.336485,7884
7.36,-3.9145567,7884
7.35,-6.8294225,7884
7.35,1.8047894,7884
7.33,-10.358131,7884
7.31,5.09175,7884
7.31,-0.6876685,7884
7.31,-9.871312,7884
7.3,9.09053,7884
7.3,3.741851,7884
7.27,5.9622083,7884
7.26,8.619428,7884
7.24,0.49452513,7884
7.22,-1.1146082,7884
7.21,-4.185408,7884
7.2,7.7499595,7884
7.2,-9.569534,7884
7.19,-4.0215054,7884
7.17,-4.096751,7884
7.17,1.7944771,7884
7.16,5.4249125,7884
7.14,6.9842653,7884
7.14,-7.954386,7884
7.12,6.3964343,7884
7.02,3.1403546,7884
7.02,-6.6121044,7884
7.02,-6.8491645,7884
6.99,7.0641994,7884
6.99,6.836954,7884
6.99,-12.36167,7884
6.99,0.718877,7884
6.98,-6.7922673,7884
6.97,6.8208027,7884
6.96,1.186042,7884
6.96,-20.096199,7884
6.93,-4.328106,7884
6.93,0.66085434,7884
6.92,3.644856,7884
6.92,7.570585,7884
6.92,3.4515448,7884
6.89,10.974023,7884
6.89,2.7128963,7884
6.89,-0.724467,7884
6.88,3.4657936,7884
6.87,-4.6075788,7884
6.84,9.972746,7884
6.83,2.719246,7884
6.8,8.51997,7884
6.79,5.0684233,7884
6.78,3.1344707,7884
6.77,10.2108135,7884
6.76,-13.877688,7884
6.76,7.175375,7884
6.76,12.153793,7884
6.75,-5.6326504,7884
6.73,4.235181,7884
6.73,5.949092,7884
6.72,4.9130826,7884
6.72,4.844584,7884
6.7,-13.158213,7884
6.7,6.2305903,7884
6.69,5.1653757,7884
6.68,10.375848,7884
6.68,11.295937,7884
6.66,-2.3640752,7884
6.66,5.4287224,7884
6.66,6.208742,7884
6.66,-3.6891842,7884
6.63,7.4244914,7884
6.57,-5.5504575,7884
6.53,8.462206,7884
6.53,0.30425265,7884
6.5,-7.7071886,7884
6.29,-14.856674,7884
6.26,-3.4738038,7884
6.21,-21.429842,7884
6.19,5.627354,7884
6.16,5.017701,7884
5.95,-8.170078,7884
5.92,8.590674,7884
5.87,-7.8252573,7884
5.86,-9.109429,7884
5.81,-12.113235,7884
5.75,-20.637283,7884
5.32,-1.2102363,7884
7.08,0.99598956,282
6.51,0.57059765,282
5.42,-1.2414653,282
5.33,-5.888901,282
5.32,0.12900011,282
5.18,0.8235576,282
5.16,1.0932246,282
5.12,-1.7013004,282
5.1,-1.1873533,282
5.03,-3.909506,282
4.96,-0.32473463,282
4.58,0.4426278,282
4.48,-0.78014576,282
4.39,0.6662847,282
4.35,0.67475647,282
4.34,1.2197756,282
4.34,-1.4722483,282
4.28,0.1104327,282
4.07,-5.4095187,282
4.04,-4.2192035,282
9.62,14.772015,4756
9.29,12.39822,4756
9.22,13.1983,4756
9.17,7.893622,4756
9.16,11.6294155,4756
9.15,11.863633,4756
9.0,13.617966,4756
9.0,9.033868,4756
8.6,13.707897,4756
8.52,11.1553755,4756
7.47,10.949019,4756
7.38,6.411347,4756
7.09,-7.378183,4756
7.05,-5.9579444,4756
6.92,-1.4169804,4756
6.48,-3.4735813,4756
6.23,-1.8120136,4756
6.22,0.92102385,4756
6.22,-6.480403,4756
6.09,6.4637794,4756
6.09,4.3816347,4756
6.07,-1.3683051,4756
6.07,2.387548,4756
5.98,6.32922,4756
5.98,4.519431,4756
5.85,-6.424694,4756
5.85,-2.756348,4756
5.84,-1.6156443,4756
5.84,-0.2342495,4756
5.68,5.316601,4756
5.68,7.162738,4756
5.48,-0.73899394,4756
5.48,-2.1930838,4756
6.8,-1.0974199,3160
6.77,7.0083513,3160
6.64,-1.1493423,3160
6.46,-1.1491636,3160
5.82,-9.213187,3160
5.82,-4.3176956,3160
5.58,-0.1156583,3160
5.48,-0.4976338,3160
5.38,-10.1171465,3160
5.24,1.6517849,3160
5.2,-9.592263,3160
5.2,-8.453149,3160
5.14,-2.0664747,3160
5.07,-2.774128,3160
5.06,-0.5821523,3160
5.03,1.2975427,3160
4.85,-1.4344863,3160
4.81,0.28448987,3160
4.63,0.4081511,3160
7.58,4.7731194,14281
7.35,-2.9978662,4579
4.0,-1.2502947,10378
6.24,-0.23686181,14995
6.06,1.3591967,9070
7.92,0.51558256,14412
7.21,-0.0012478707,17017
7.11,2.9586205,17017
7.55,-5.1322227,12997
7.85,5.9534273,1450
6.66,8.209231,1450
6.58,-6.515132,1450
6.57,4.181303,1450
6.41,6.953609,1450
6.21,-4.1996937,1450
6.03,7.773893,1450
5.35,2.0869534,1450
5.19,5.541501,1450
4.57,1.6879649,1450
7.08,1.795251,8860
7.07,9.295329,8860
7.07,3.3901448,8860
7.06,4.220473,8860
6.96,10.7671585,8860
6.96,4.9692283,8860
6.96,3.2019434,8860
6.94,5.5726395,8860
6.63,8.071088,8860
7.65,6.670255,13259
6.19,-4.524693,13259
6.25,2.1656404,12567
7.85,2.8857355,5104
8.92,-3.9845607,7792
8.72,5.536987,7792
8.66,-1.350677,7792
8.37,0.8045326,7792
8.4,8.984869,410
8.3,7.8723917,410
7.48,-4.033565,410
6.96,-0.89711833,410
6.16,0.40945566,410
6.09,-5.68126,410
5.8,-4.512521,410
5.6,8.269524,410
9.52,-0.49875888,1735
9.3,11.436301,1735
9.1,-0.8243821,1735
9.1,-5.5905952,1735
9.0,16.704584,1735
8.96,6.83531,1735
8.85,14.025001,1735
8.85,8.655068,1735
8.85,4.934698,1735
8.8,3.7728748,1735
8.7,-8.306447,1735
8.7,13.685348,1735
8.64,4.277944,1735
8.62,-4.6322513,1735
8.57,-10.373696,1735
8.52,0.6152007,1735
8.4,3.3114524,1735
8.4,-0.22731112,1735
8.38,-3.8086543,1735
8.37,-5.3804617,1735
8.3,7.2209287,1735
8.28,-5.0745864,1735
8.24,-2.8906763,1735
7.85,-8.989843,1735
7.8,1.353146,1735
7.52,-7.5265408,1735
7.42,-7.586491,1735
7.37,-6.600321,1735
7.28,-7.883715,1735
7.03,-7.452432,1735
6.75,-13.430151,1735
6.62,-0.2774251,1735
8.15,9.045716,6077
8.15,7.826782,6077
8.05,8.741266,6077
8.05,6.07146,6077
8.0,9.170465,6077
7.85,1.2771553,6077
7.7,6.5243254,6077
7.51,1.9179987,6077
7.5,9.835473,6077
7.27,-4.7408285,6077
7.06,-2.7794833,6077
6.61,-5.523423,6077
6.58,1.7633675,6077
6.28,2.174337,6077
6.28,1.290051,6077
6.22,-6.3981857,6077
6.06,-0.49918908,6077
5.98,-1.9583343,6077
5.92,-3.0944247,6077
5.89,2.588914,6077
5.09,-0.8500988,6077
5.55,0.5237838,3006
6.75,9.425911,16252
6.4,5.3082805,16252
6.3,10.053676,16252
6.22,6.828642,16252
6.16,-2.3558288,16252
6.03,-7.146927,16252
5.98,-1.2719103,16252
5.92,-6.404124,16252
5.85,-8.669359,16252
5.55,-3.5394142,16252
5.47,-8.446303,16252
5.26,-9.731124,16252
5.13,0.17477524,16252
5.04,-4.36446,16252
4.9,-2.9381084,16252
4.85,-5.798305,16252
4.78,-4.5753975,16252
9.4,3.6978416,8165
9.06,-0.13752165,8165
8.82,1.068204,5177
8.21,4.8257017,5177
8.19,-0.45137912,5177
7.72,2.1577232,5177
6.89,7.507441,5177
9.0,-0.19718017,8781
9.0,5.445432,8781
8.7,13.789353,8781
8.7,13.229866,8781
8.7,6.247837,8781
8.7,-1.5951132,8781
8.7,-2.8407512,8781
8.7,3.7384381,8781
8.7,-1.1198597,8781
8.52,12.889168,8781
8.52,4.955849,8781
8.4,12.742451,8781
8.22,11.99801,8781
8.22,-18.524933,8781
8.15,10.829854,8781
8.15,11.068865,8781
8.1,15.66548,8781
8.05,-5.805671,8781
6.53,-16.108038,8781
5.67,-14.258299,8781
5.48,2.504106,8781
5.47,-11.37045,8781
7.28,4.157806,6942
4.98,-1.3121362,10973
4.7,-7.7736416,10973
4.7,-11.0000305,10973
4.7,-6.79594,10973
4.7,-9.464051,10973
4.7,7.017987,10973
4.7,-3.3864365,10973
4.7,-6.437627,10973
4.7,-3.5565329,10973
4.7,-0.3995656,10973
4.7,-1.760049,10973
4.7,-3.6324584,10973
4.7,-0.59108865,10973
4.7,1.8361377,10973
4.7,0.49550438,10973
4.7,-3.37019,10973
4.7,-1.3354862,10973
4.7,-2.5697587,10973
6.82,0.6040667,1662
5.89,2.2505853,1662
5.66,3.2139165,1662
5.39,-10.451084,1662
5.16,0.7059665,1662
4.89,9.716401,1662
4.68,1.0529522,1662
4.55,-9.60722,1662
4.34,1.911364,1662
4.25,6.832425,1662
6.8,-2.537385,5411
6.75,7.459568,5411
6.35,-9.773033,5411
6.3,7.496598,5411
6.3,-15.617148,5411
6.16,7.701955,5411
5.92,-6.9798303,5411
5.9,3.7327404,5411
5.8,-10.7637615,5411
5.78,6.127741,5411
5.6,1.734347,5411
5.52,3.7031431,5411
5.52,5.61767,5411
5.5,3.9770195,5411
5.37,-2.0246284,5411
5.37,-11.017902,5411
5.3,2.7062092,5411
5.3,-4.0264115,5411
5.25,-12.670903,5411
5.2,4.477684,5411
4.96,3.2121096,5411
4.9,6.713857,5411
4.74,-9.957947,5411
5.5,-2.8533678,11338
6.72,2.3245192,5188
6.85,3.2145617,579
6.58,-0.95754653,579
6.51,4.323153,579
6.32,4.6815543,579
6.26,3.3198853,579
6.18,-6.7442074,579
6.12,-10.455568,579
6.07,5.626366,579
6.05,-10.123196,579
6.02,2.655473,579
5.94,-7.9472976,579
5.75,4.744123,579
5.65,6.797837,579
4.91,1.701449,579
4.91,9.362777,579
4.87,2.438645,579
4.65,1.8101326,579
4.51,-0.10588279,579
5.33,5.1635323,5616
5.29,-6.354727,5616
5.27,-1.4423035,5616
6.0,-5.139074,15484
5.6,7.555815,15484
5.3,7.2376323,15484
5.0,-2.851256,15484
5.0,-6.767529,15484
4.3,3.7625828,15484
5.28,-6.0648117,15298
5.24,-4.597879,15298
5.19,2.4449067,15298
5.18,-1.8173279,15298
5.0,-8.529766,15298
4.85,-1.3299924,15298
4.55,-1.8511462,15298
4.46,-4.0934687,15298
4.44,-2.8325,15298
4.41,3.5022216,15298
4.4,-9.223103,15298
4.31,-9.649751,15298
4.3,-5.8637304,15298
4.3,2.7345927,15298
4.3,-4.872372,15298
4.3,-5.0065293,15298
4.3,-6.6470394,15298
4.3,-6.4304905,15298
4.3,2.8889148,15298
4.3,-9.137206,15298
4.3,-10.163988,15298
4.29,-7.8108015,15298
4.6,1.2102376,16728
7.4,-1.1964003,15925
6.19,-1.8673916,15925
6.09,3.868563,15925
6.06,3.6807947,15925
6.02,3.1767027,15925
5.94,-6.32188,15925
5.89,3.4703283,15925
5.87,-4.050819,15925
5.21,3.2824943,15925
5.02,-3.1898208,15925
5.0,9.2348385,15925
4.93,4.65934,15925
4.79,-8.130403,15925
4.63,-5.444689,15925
4.54,-7.7408476,15925
8.52,1.0252148,17347
7.11,1.898641,6926
5.6,-0.6232184,6598
6.14,-0.47428125,14914
6.66,2.4506621,4676
6.34,2.761492,3117
5.95,3.7865307,3117
5.66,-1.5599087,3117
5.64,-2.017292,3117
4.92,-4.6659718,3117
5.84,-2.2050056,4586
5.74,-0.336145,4586
5.61,-2.404492,4586
5.42,-1.2926067,4586
5.41,4.369689,4586
5.33,-4.461493,4586
5.23,3.845108,4586
5.12,-1.234357,4586
4.88,-1.5907816,4586
4.83,8.274544,4586
4.52,-7.2058096,4586
5.96,3.2055411,6832
9.52,4.401707,8152
9.3,0.10449386,8152
9.22,1.8664514,8152
9.1,3.6090837,8152
9.1,5.0176497,8152
9.05,-0.15351266,8152
9.05,1.0301834,8152
9.05,3.0663774,8152
8.92,-1.317102,8152
8.92,0.7874479,8152
8.89,0.57687384,8152
8.89,2.782786,8152
8.85,-0.43985248,8152
8.82,4.5344977,8152
8.77,1.7372003,8152
8.74,5.8277516,8152
8.7,0.94414747,8152
8.62,2.3985825,8152
8.6,-0.41760334,8152
8.41,0.40257293,8152
8.37,0.53195536,8152
8.35,3.485622,8152
8.33,4.66487,8152
8.3,-6.5330396,8152
8.3,4.8260756,8152
8.28,3.7911031,8152
8.26,2.0443144,8152
8.26,-2.8728595,8152
8.19,3.065892,8152
8.18,0.009721001,8152
8.02,1.386565,8152
7.97,4.5639524,8152
7.7,5.6328964,2831
7.7,-1.9392893,2831
7.0,0.76815933,2831
6.52,-3.3376245,2831
6.52,-5.7173767,2831
8.05,5.5178485,16289
7.64,-4.4422197,16289
6.44,-0.22792993,5322
6.7,4.263656,1649
6.36,4.929883,1649
6.36,0.14903551,1649
6.34,5.546025,1649
6.07,0.38535544,1649
6.07,2.6812181,1649
6.04,1.3547883,1649
5.92,2.356383,1649
5.85,0.043803435,1649
5.72,-0.4096383,1649
5.68,2.7312415,1649
4.96,-3.6239765,1649
4.82,3.107797,1649
5.72,-8.5712185,8968
5.6,-5.137141,8968
5.52,14.226163,8968
5.13,-2.409026,8968
4.8,-10.592524,8968
4.68,3.7482991,8968
4.62,-5.853589,8968
4.57,1.1953171,8968
4.22,-11.631559,8968
8.3,-6.8249397,15241
8.09,-5.7637863,15241
8.05,11.871476,15241
7.62,-7.351965,15241
8.15,7.8067307,6629
7.92,13.2506275,6629
7.89,12.173344,6629
7.89,7.8067307,6629
7.85,14.753618,6629
7.77,13.581808,6629
7.16,8.682019,6629
6.85,7.8067307,6629
6.75,-0.10970658,6629
6.51,8.682019,6629
6.41,-5.4677267,6629
6.26,-0.1979272,6629
6.08,-3.1423147,6629
6.04,-0.9367688,6629
5.85,-20.246101,6629
5.77,-0.21541113,6629
5.15,-23.773302,6629
4.16,2.6208475,17312
9.15,12.692866,13299
8.82,17.925678,13299
8.49,3.215275,13299
8.23,7.194259,13299
8.0,11.331035,13299
7.89,3.1855404,13299
7.86,6.2346992,13299
7.85,-11.713876,13299
7.78,6.1598477,13299
7.44,-0.66465807,13299
7.0,1.4650298,13299
6.93,-0.514117,13299
6.88,-6.55851,13299
6.73,-5.996856,13299
6.56,-10.912513,13299
6.5,-0.3367958,13299
6.49,-4.9338174,13299
6.49,-0.29777166,13299
6.43,-1.8717755,13299
6.38,1.2193182,13299
6.36,-2.978189,13299
6.32,-4.091555,13299
6.26,-6.211494,13299
6.21,-8.783891,13299
6.13,2.74195,13299
6.1,-5.970405,13299
6.1,-7.797639,13299
6.09,-8.604789,13299
6.06,-8.155703,13299
5.87,-8.614233,13299
5.82,-8.885047,13299
5.73,-9.280419,13299
5.68,-6.4397764,13299
5.45,-8.506064,13299
7.84,1.2678595,7896
6.68,2.4394047,1961
6.33,2.5485857,8297
5.39,-5.9854364,8297
8.23,5.4095473,7681
8.23,2.429705,7681
8.06,6.564943,7681
8.03,4.5458746,7681
7.92,0.6692393,7681
7.86,2.2818904,7681
7.85,3.1792529,7681
7.85,-5.95568,7681
7.82,0.677351,7681
7.71,-2.3311546,7681
7.61,0.72779506,7681
7.35,3.7207463,16639
6.04,-3.2438402,16639
7.48,5.237723,6042
6.73,4.327986,6042
6.58,4.8566456,6042
6.08,-1.7549698,6042
5.9,3.6560946,6042
5.74,-3.3916497,6042
5.33,-5.149164,6042
4.84,-12.809525,6042
5.29,3.6190042,700
5.02,1.2202847,700
4.72,-4.373851,700
4.7,-1.7720339,700
4.52,-6.004487,700
7.19,14.269773,15341
7.05,11.5055275,15341
5.16,-1.2392547,15341
4.27,-7.0361996,15341
4.26,-6.7842007,15341
4.19,-8.358745,15341
7.34,0.3634984,11063
6.79,-0.18288375,16743
5.02,-0.6029217,5176
5.9,3.2143614,946
7.75,2.0508125,3941
8.05,-0.9770588,15694
7.8,3.9425766,15694
7.54,-5.2654734,15694
7.52,6.040265,15694
7.37,-4.053412,15694
7.17,-2.1782494,15694
7.12,-1.7304811,15694
6.92,-8.575327,15694
6.75,-1.1294018,15694
6.7,-7.7847133,15694
6.48,4.632034,15694
6.21,3.9428556,15694
8.4,9.835547,1070
7.68,8.663597,1070
7.41,4.3690596,1070
7.33,6.421508,1070
7.25,4.1764216,1070
7.25,5.9079447,1070
7.24,3.4790719,1070
7.11,4.129178,1070
6.97,-0.31116474,1070
6.93,2.6407838,1070
6.7,3.9110162,1070
6.44,1.3888397,1070
6.4,-2.4463763,1070
6.31,0.9498961,1070
6.28,1.2025744,1070
6.22,0.30958033,1070
6.19,-0.6543978,1070
6.13,-2.1055288,1070
6.04,-1.811318,1070
6.02,-0.59423554,1070
5.97,-1.3947906,1070
5.91,-6.7083254,1070
5.91,-0.79144835,1070
5.9,-2.8431633,1070
5.89,-4.509501,1070
5.88,-2.0912404,1070
5.86,-2.8870518,1070
5.85,-1.0402881,1070
5.81,-1.8705956,1070
5.78,-1.2017393,1070
5.77,-0.090122044,1070
5.36,-2.4066522,1070
5.27,-2.1479855,1070
5.21,-7.4296055,1070
5.14,-2.2285445,1070
5.12,-6.2240953,1070
6.93,2.5632308,3143
7.43,-5.7484245,5969
7.15,-4.4238367,5969
7.04,0.721346,5969
6.83,9.611734,5969
6.74,3.7162228,5969
6.6,1.9696287,5969
6.55,13.6252775,5969
6.45,15.461034,5969
6.39,4.447711,5969
6.38,-3.6611054,5969
6.33,9.286406,5969
6.21,-1.5523248,5969
6.2,10.523632,5969
6.03,14.936265,5969
5.98,9.733609,5969
5.7,5.9123063,5969
5.66,7.2489233,5969
5.23,-4.847137,5969
4.93,-3.1363544,5969
4.91,-8.305657,5969
4.85,-4.7118015,5969
4.67,-6.4252496,5969
4.65,-9.925588,5969
4.65,-5.2991357,5969
4.53,-8.250246,5969
4.5,-7.051693,5969
4.36,-9.187592,5969
4.3,-7.7432113,5969
4.15,-7.4738374,5969
4.05,-3.125474,5969
8.38,10.521246,13615
8.35,-0.12600899,13615
8.29,11.04236,13615
8.26,12.356541,13615
8.22,4.469438,13615
8.04,8.440094,13615
7.84,0.1400238,13615
7.77,5.270465,13615
7.46,3.1640341,13615
7.25,-1.8723377,13615
7.14,-0.38967627,13615
7.06,-0.676502,13615
7.04,0.2537093,13615
6.89,-0.51177675,13615
6.72,-4.792952,13615
6.68,-12.004993,13615
6.45,-9.584334,13615
6.31,-5.8815393,13615
6.15,-1.2446463,13615
6.12,-10.890253,13615
6.0,-10.53814,13615
5.83,-11.299207,13615
5.82,-10.521837,13615
5.69,-8.247923,13615
5.62,-13.082672,13615
5.27,-11.808539,13615
5.26,-3.3012047,13615
5.07,-9.584334,13615
7.96,-2.3738763,9053
7.62,-2.3738763,9053
7.4,-1.161121,9053
7.35,-2.3738763,9053
6.96,-3.272655,9053
6.74,6.3859186,9053
6.62,3.1303,9053
6.62,3.0700724,9053
6.54,-0.4771064,9053
6.5,-0.5801816,9053
6.48,-1.524229,9053
6.43,-1.524229,9053
6.38,-0.2177475,9053
6.32,-3.578568,9053
6.25,-7.5262947,9053
6.23,-2.1418316,9053
6.17,-4.167199,9053
6.08,-8.774282,9053
6.08,-2.005115,9053
5.83,-6.9226713,9053
5.74,-3.5280373,9053
5.65,-9.20066,9053
5.56,0.015429172,9053
5.52,-2.3738763,9053
5.37,-6.8160486,9053
5.31,-2.596674,9053
4.86,-6.9226713,9053
4.74,5.5196395,9053
4.65,-8.553642,9053
7.58,1.3083066,3095
6.57,2.1114693,8432
7.06,1.8500502,6379
5.8,3.6981387,63
8.03,1.1577469,10705
7.7,1.4902449,10705
7.85,-1.5142747,16947
7.51,3.7681599,9808
7.35,1.8685725,7312
7.47,1.84487,12306
5.3,1.3566401,8299
5.3,-7.101463,8299
6.77,10.528944,13946
6.72,7.12788,13946
6.64,-0.5674667,13946
6.64,3.6834097,13946
6.58,11.854125,13946
6.48,8.433416,13946
6.33,-2.592795,13946
6.24,-5.862246,13946
6.21,6.9558206,13946
6.16,-0.4639271,13946
6.15,11.190104,13946
6.1,6.4328785,13946
6.05,13.93758,13946
6.0,3.3161619,13946
5.92,1.4603997,13946
5.92,-0.70372176,13946
5.89,-7.044359,13946
5.82,4.0499673,13946
5.8,14.161288,13946
5.8,-0.053559024,13946
5.68,3.8374732,13946
5.66,-7.7820053,13946
5.58,-2.8962815,13946
5.47,5.746229,13946
5.21,6.7612677,13946
7.92,3.729095,17824
7.43,-0.022214461,2782
6.0,3.359229,16642
5.49,-2.0769486,16642
8.7,-6.800475,5678
8.3,-16.832165,5678
8.15,-1.1879017,5678
7.89,2.9114156,5678
7.7,1.7981868,5678
7.57,3.5463202,5678
7.4,5.931054,5678
7.36,2.9696817,5678
7.33,0.15607952,5678
7.23,-2.8627636,5678
7.21,-4.0926456,5678
7.17,3.7322788,5678
7.15,-6.970144,5678
7.1,2.6744037,5678
7.07,6.905232,5678
7.0,-0.36077705,5678
6.82,1.6594855,5678
6.77,-1.708444,5678
6.75,0.81844866,5678
6.75,-6.8175044,5678
6.66,2.7856476,5678
6.55,-0.037966758,5678
6.51,3.9149325,5678
6.43,0.5538274,5678
6.41,-2.8830261,5678
6.39,-0.63217556,5678
6.16,-3.313261,5678
5.68,1.6303321,5678
5.66,-12.029358,5678
5.62,-1.270725,5678
6.94,-0.2318116,10526
6.1,-3.4584956,5200
5.11,10.030517,5200
4.96,-7.199943,5200
4.83,4.2176924,5200
4.8,-1.768102,5200
7.13,2.6919124,8707
7.28,-1.5623659,10527
5.14,-0.7353138,1711
5.55,-8.780519,15774
5.6,1.5594497,11090
5.5,2.566814,11090
5.5,-3.8372865,11090
5.67,2.1291802,7464
5.35,1.0851071,14973
8.05,9.965167,1016
7.17,3.285927,1016
6.98,10.309354,1016
6.77,14.232203,1016
5.21,-8.658449,1016
4.87,-10.094989,1016
9.52,-9.161279,13591
9.52,-6.017787,13591
9.4,-0.7781412,13591
5.02,1.5448669,16280
6.65,3.185822,13436
6.48,4.3380127,13436
7.92,-4.063337,3964
7.82,-3.64611,3964
7.66,-1.9219759,3964
7.62,0.022241373,3964
7.5,1.1237581,3964
7.48,0.24597609,3964
7.46,-1.5592724,3964
7.42,6.30375,3964
7.4,-1.3663254,3964
7.37,-2.8992724,3964
7.34,2.1128666,3964
7.3,-6.9965463,3964
7.27,-6.77884,3964
7.23,0.39636242,3964
7.2,-8.905073,3964
7.11,-5.052757,3964
7.1,-4.7748256,3964
6.96,-1.1275971,3964
6.92,5.790952,3964
6.77,-0.07006156,3964
6.6,1.8698183,3964
6.19,-0.63540524,3964
6.19,-1.6998421,3964
5.96,1.2713537,3964
5.85,-2.435417,3964
8.7,-21.587582,4558
8.4,11.405089,4558
8.22,8.20734,4558
8.22,11.405089,4558
8.15,-8.777695,4558
8.05,8.20734,4558
7.85,-8.000149,4558
7.8,-8.000149,4558
7.6,-8.000149,4558
7.58,-8.000149,4558
7.36,-8.000149,4558
7.25,-8.000149,4558
7.25,11.50039,4558
7.06,6.4305143,4558
7.05,-11.353043,4558
6.6,0.86816937,4558
6.5,4.62738,4558
6.49,-0.1233983,4558
6.46,-19.528175,4558
6.36,-19.624302,4558
6.35,2.5616305,4558
6.32,6.215638,4558
6.32,11.405089,4558
6.28,-17.323965,4558
6.19,1.3484259,4558
6.11,10.40091,4558
6.0,2.6070597,4558
5.85,-4.959073,4558
5.84,12.9257345,4558
5.06,1.2711486,4558
7.35,1.5662031,6043
6.9,5.2390614,6043
6.54,-0.24720699,6043
7.41,0.17607276,12373
7.05,-0.44069645,12373
6.78,4.226427,12373
6.51,-3.5695508,12373
6.18,2.2225578,4570
8.22,0.5026761,16199
8.15,-1.9431274,16199
8.15,-14.750549,16199
8.15,11.531202,16199
8.05,4.612916,16199
7.92,-1.6689376,16199
7.85,7.6363277,16199
7.82,-0.49514687,16199
7.75,7.5343285,16199
7.72,-1.0901369,16199
7.7,3.9946024,16199
7.54,10.947916,16199
7.52,-8.41832,16199
7.52,-8.533251,16199
7.47,2.4108279,16199
7.47,1.8137033,16199
7.33,4.453435,16199
7.22,-1.3277551,16199
7.08,-2.7535713,16199
7.05,-4.5058346,16199
7.02,8.924622,16199
6.68,-6.772663,16199
6.6,-8.013188,16199
6.58,10.267979,16199
6.54,-2.1856494,16199
6.5,4.9722505,16199
6.43,-2.5319312,16199
6.22,1.5434779,16199
6.16,-9.551953,16199
6.09,-8.581336,16199
6.03,3.5590837,16199
6.03,-4.308684,16199
6.01,-9.765585,16199
6.0,-5.5700016,16199
5.95,-4.751187,16199
5.66,-5.106398,16199
5.41,-10.7684965,16199
5.22,-6.999458,16199
5.15,-6.0777006,16199
4.72,-1.298438,16199
4.65,-0.2739153,16199
4.47,-15.177301,16199
4.33,-13.330013,16199
7.23,4.738339,8887
7.15,7.746091,8887
7.12,1.4148717,8887
6.77,0.20460115,8887
6.64,-3.2616243,8887
6.29,-2.313915,8887
5.78,6.208564,4962
4.85,4.5784626,4962
4.77,-2.4159358,4962
4.62,-10.272434,4962
4.26,1.1217122,4962
4.1,-2.7879384,4962
6.7,-5.813943,549
5.4,2.8035004,549
6.02,6.967176,1703
5.19,3.6100671,1703
5.9,3.2160149,3062
4.7,-2.5159934,3062
4.7,1.0255543,3062
4.7,1.0160208,3062
4.6,2.5488794,3062
8.3,1.2344835,2676
7.4,11.312409,17267
7.37,16.75944,17267
7.32,15.786291,17267
7.17,7.567264,17267
7.1,9.305747,17267
7.08,10.360109,17267
7.04,-2.0291865,17267
7.01,5.437534,17267
6.94,-7.71501,17267
6.89,9.925063,17267
6.85,8.030586,17267
6.84,5.0064898,17267
6.75,7.1268325,17267
6.73,5.2719755,17267
6.73,5.3139277,17267
6.72,-1.2561604,17267
6.72,-5.9156394,17267
6.65,-3.711556,17267
6.64,-5.7282968,17267
6.55,3.272501,17267
6.08,-2.0291865,17267
8.05,2.252868,910
7.21,8.731574,910
7.07,8.902397,910
6.96,12.103596,910
6.83,12.674004,910
6.82,-3.5677502,910
6.72,0.93488866,910
6.56,-5.0027285,910
6.46,9.300354,910
6.44,-0.5933772,910
6.44,-8.469951,910
6.44,-0.6634751,910
6.27,10.1877775,910
6.23,9.848731,910
6.2,9.042284,910
6.03,7.063224,910
6.02,6.674974,910
5.85,-10.84915,910
5.84,-3.4628036,910
5.79,10.341893,910
5.73,-8.940716,910
5.7,-9.460362,910
5.64,-1.9983801,910
5.41,-12.272008,910
8.38,-1.5489011,14682
6.92,0.74252385,10955
6.77,-13.811123,10955
6.77,0.20788969,10955
6.72,-4.287184,10955
6.66,-4.5546713,10955
6.58,5.368992,10955
6.55,-2.5275853,10955
6.54,2.3203025,10955
6.47,7.914649,10955
6.39,-9.275767,10955
6.38,-7.026264,10955
6.32,-7.5884533,10955
6.31,-5.1014576,10955
6.24,12.650905,10955
6.13,7.1949563,10955
6.02,0.958687,10955
5.96,2.829759,10955
5.84,4.0489655,10955
5.72,0.93904954,10955
5.71,4.393815,10955
4.28,-4.7775455,15671
4.27,2.1834006,15671
4.14,-0.84307605,15671
4.12,2.6587698,15671
4.09,-4.959402,15671
8.36,1.7542789,9833
7.58,2.1935806,14791
7.68,0.5331752,2828
7.55,2.3983724,2828
7.55,-3.5888171,2828
7.52,-5.3955655,2828
7.5,5.6110578,2828
7.46,-6.076682,2828
7.46,2.1940584,2828
7.39,2.9755876,2828
7.36,-6.049712,2828
7.35,7.714522,2828
7.29,1.1642059,2828
7.16,4.6244817,2828
7.09,-1.285177,2828
7.04,1.9823048,2828
7.03,-3.1041703,2828
6.93,-1.8439766,2828
6.84,4.418053,2828
6.81,1.3224488,2828
6.79,-1.3502352,2828
6.76,0.4338985,2828
6.75,1.9129347,2828
6.71,-3.6071937,2828
6.58,2.4036648,2828
6.55,-1.0607567,2828
6.44,-6.8239055,2828
6.36,1.5231515,2828
6.12,3.6805172,2828
5.96,1.5024086,2828
8.15,0.5151272,5662
7.6,9.174517,16486
7.0,-1.1241285,16486
7.0,2.7397192,16486
6.96,-7.761802,16486
6.96,-9.39379,16486
6.82,7.78261,16486
6.8,2.137813,16486
6.42,0.21597351,16486
6.34,0.48490614,16486
6.19,2.7251055,16486
6.0,1.5775613,16486
6.0,1.3164622,16486
5.97,-1.2626501,16486
5.84,-6.6667986,16486
5.81,4.527054,16486
5.8,-2.6939015,16486
5.33,-2.4475026,16486
5.0,-3.2441788,16486
5.0,-8.261155,16486
4.0,-14.715795,16486
5.03,2.5141943,12275
9.7,4.9877367,11037
9.7,13.502007,11037
9.7,11.141657,11037
9.22,2.7161145,11037
9.15,8.063922,11037
9.15,0.40813172,11037
9.15,7.5086236,11037
8.52,6.028296,11037
8.4,6.509937,11037
8.4,5.707353,11037
8.3,6.4029684,11037
8.3,3.7573586,11037
8.15,7.1064663,11037
7.58,1.0174447,11037
7.5,4.0456753,11037
7.39,-1.0219855,11037
7.34,-1.9345399,11037
7.33,0.39780033,11037
7.31,-5.4121647,11037
7.31,0.5076928,11037
7.22,-3.1119237,11037
7.17,-3.8470457,11037
7.09,-0.9075299,11037
7.02,-8.827059,11037
6.88,1.9178752,11037
6.72,1.9744645,11037
6.41,1.951463,11037
6.28,-6.325713,11037
6.18,9.083539,11037
9.14,8.022444,6029
8.85,-2.8778892,6029
8.66,3.469286,6029
8.23,-6.147983,6029
8.1,-11.329356,6029
7.97,4.237119,6029
7.79,4.7218976,6029
7.73,6.739524,6029
7.53,-9.020579,6029
6.76,4.5642924,6029
6.73,-10.708835,6029
5.99,4.4233236,6029
7.82,2.6679397,5565
5.62,1.7459432,8754
7.22,-0.24688822,9559
5.18,1.3871815,16442
5.1,-0.639018,16442
4.96,-2.2746353,16442
4.87,-1.0169009,16442
4.78,9.172166,16442
4.5,0.028889034,16442
4.44,-1.1675974,16442
4.27,-8.8662195,16442
7.63,-4.357224,14241
6.0,-0.9258842,15898
6.92,-2.1200898,562
8.41,0.3304924,10250
6.82,7.347221,17579
4.08,-14.218399,17579
8.64,12.649698,12247
6.18,-7.02764,12247
8.31,-2.918603,8103
8.31,10.43229,8103
8.27,11.594168,8103
8.2,8.709545,8103
8.07,3.4640634,8103
8.05,9.03327,8103
8.05,5.851781,8103
8.02,-1.4343463,8103
7.96,6.088705,8103
7.89,-1.8535521,8103
7.85,7.4897747,8103
7.85,-3.4274178,8103
7.82,2.3182278,8103
7.8,2.620239,8103
7.8,3.3958383,8103
7.77,-2.9777415,8103
7.75,-4.237749,8103
7.75,-6.7785,8103
7.75,0.74659765,8103
7.75,4.2527485,8103
7.72,2.5028653,8103
7.66,1.126757,8103
7.66,4.6860733,8103
7.66,-0.026475158,8103
7.64,-3.8190753,8103
7.62,5.0353203,8103
7.62,2.652479,8103
7.55,1.6106845,8103
7.55,0.82504547,8103
7.52,2.854941,8103
7.5,1.8177949,8103
7.48,-2.6980774,8103
7.48,0.59000677,8103
7.47,1.1345739,8103
7.43,0.18142411,8103
7.43,2.8082185,8103
7.43,-7.019378,8103
7.42,-3.8724773,8103
7.41,-0.31552,8103
7.39,0.88560814,8103
7.39,-2.8397076,8103
7.38,-4.0632997,8103
7.37,-1.64988,8103
7.37,-3.1798933,8103
7.37,0.75124556,8103
7.35,-4.6750813,8103
7.3,-1.3205043,8103
7.27,-1.5095397,8103
7.25,-3.3296754,8103
7.24,1.4715662,8103
7.23,-4.242941,8103
7.2,0.19358467,8103
7.17,-1.9790677,8103
7.14,1.203111,8103
7.14,-5.553123,8103
6.92,-4.978879,8103
6.8,-4.3344684,8103
6.72,-1.9506247,8103
6.62,-6.287293,8103
6.54,-6.601292,8103
6.46,-10.371098,8103
6.44,-9.0496025,8103
6.39,-9.447596,8103
6.31,-7.3942604,8103
6.27,-12.902877,8103
6.7,10.091637,3803
5.5,5.6433525,3803
8.4,19.619993,17307
8.3,14.578793,17307
8.3,17.510628,17307
8.15,18.95963,17307
8.15,17.322351,17307
8.0,19.101795,17307
7.96,19.180248,17307
7.92,20.937227,17307
7.92,16.381357,17307
7.85,17.777517,17307
7.85,15.765549,17307
7.75,17.470892,17307
7.68,8.976438,17307
7.64,11.1445875,17307
7.64,15.350245,17307
7.62,16.86547,17307
7.57,15.038066,17307
7.44,12.841413,17307
7.43,18.46499,17307
7.37,14.560234,17307
7.3,12.789285,17307
7.25,14.4095955,17307
7.21,10.589015,17307
7.19,10.8281145,17307
7.15,9.521076,17307
7.14,10.659428,17307
6.99,8.377297,17307
6.94,14.779197,17307
6.94,4.374802,17307
6.78,4.94179,17307
6.67,2.6729906,17307
6.53,10.054612,17307
6.47,-1.3915075,17307
6.1,-14.265599,17307
5.58,-13.260445,17307
5.35,-9.983109,17307
4.83,-4.245494,17307
4.63,-17.475351,17307
6.05,1.8480299,8817
7.3,4.084097,15613
6.41,5.6059284,15613
6.4,4.825974,15613
6.4,6.2439756,15613
6.22,11.100121,15613
6.05,8.496385,15613
6.0,2.1587868,15613
5.4,-5.633648,15613
5.22,-10.593744,15613
5.03,-0.75983393,15613
6.0,8.2589245,12953
5.0,3.7793925,12953
4.8,3.8817003,12953
4.7,0.9011858,12953
4.6,0.9990566,12953
4.6,-14.957778,12953
4.4,-11.715833,12953
4.3,2.4377859,12953
4.3,3.9239833,12953
4.1,-11.136995,12953
4.0,3.7739518,12953
7.29,0.5171759,14484
6.82,-4.6114483,14484
7.77,2.9227433,11260
7.57,-4.9755125,11260
7.55,6.4910865,11260
7.36,2.9122868,11260
7.35,2.2447798,11260
7.31,-3.7366586,11260
7.3,-4.9619327,11260
7.21,2.402814,11260
7.14,-8.398145,11260
7.11,2.7696295,11260
7.01,-3.4808567,11260
7.01,-7.821157,11260
6.92,-3.4882135,11260
6.7,-0.82697016,11260
6.7,-9.79791,11260
6.64,3.1055918,11260
6.62,-5.170368,11260
6.5,-0.6478362,11260
5.92,-3.4706626,11260
5.19,-7.821157,11260
7.02,-0.9314268,11630
5.3,3.334217,11782
4.31,-0.94554585,11782
6.3,0.1867381,17020
8.52,-1.1681246,17674
7.6,7.4615474,1714
7.35,6.042428,1714
7.3,2.6591978,1714
7.29,6.177837,1714
7.2,6.854274,1714
7.2,-4.8006124,1714
7.13,2.2809181,1714
7.12,-3.7276137,1714
7.1,-5.2187357,1714
7.09,7.634728,1714
7.07,7.051422,1714
7.06,4.6850576,1714
7.04,-6.348799,1714
7.03,7.634728,1714
6.72,5.1609507,1714
6.71,8.592287,1714
6.7,3.1240804,1714
6.66,2.566085,1714
6.51,4.985505,1714
6.7,3.5173724,8292
5.37,-8.981331,8292
5.08,-7.3025675,8292
4.7,-6.8428035,8292
4.68,-10.463193,8292
10.52,2.749517,17320
9.7,0.3962748,17320
9.3,7.7058606,17320
9.3,4.783197,17320
9.22,11.626575,17320
8.52,-10.73448,17320
7.72,5.7327037,17320
7.28,-5.8760047,17320
7.21,-8.902298,17320
6.57,4.162145,1046
5.44,-4.5657086,4183
5.34,3.3439183,4183
5.0,-8.46275,4183
4.82,-0.5842148,4183
4.82,-0.5842148,4183
4.7,-3.9095888,4183
4.62,-2.7221234,4183
4.6,3.9676192,4183
4.6,4.500424,4183
4.58,1.3577433,4183
4.54,-1.5453116,4183
4.54,2.853574,4183
4.31,-8.193199,4183
7.5,3.2897363,8037
7.28,-3.7116337,8037
7.04,11.542984,8037
6.96,8.8553705,8037
6.89,-1.9867132,8037
6.89,2.301496,8037
6.77,12.671674,8037
6.75,-5.7547965,8037
6.57,-0.5469361,8037
6.16,5.2558064,8037
6.05,-8.067911,8037
6.05,4.2444997,8037
6.04,0.33827373,8037
6.04,3.081908,8037
5.89,5.772748,8037
5.66,-9.80299,8037
5.75,9.278651,10319
5.43,-0.16646504,10319
7.5,-16.730879,9167
7.21,10.496817,9167
6.87,2.0970733,9167
6.37,5.146559,11507
6.15,-2.3215277,11507
6.29,0.346165,16444
9.0,8.261238,2630
8.0,9.84878,2630
8.0,7.9717784,2630
7.96,8.978259,2630
7.68,11.233444,2630
7.29,9.33803,2630
7.27,2.9498184,2630
7.25,6.190189,2630
6.89,3.242486,2630
6.72,-3.436769,2630
6.51,-6.562031,2630
5.85,-8.43489,2630
7.58,6.598771,16515
7.35,4.5954227,16515
7.17,2.5622861,16515
7.05,3.2234466,16515
6.96,1.0031921,16515
6.89,2.2268312,16515
6.89,1.8208674,16515
6.85,-2.4067547,16515
6.77,0.9758267,16515
6.72,0.27989018,16515
6.7,6.598771,16515
6.68,0.53817517,16515
6.66,2.849976,16515
6.62,-8.478758,16515
6.46,-5.7915516,16515
6.3,-4.3408084,16515
6.15,-5.4287877,16515
6.11,3.9133244,16515
6.0,-4.3542633,16515
8.96,0.35118306,14309
8.82,14.415633,14309
8.7,8.129055,14309
8.64,-4.01696,14309
8.31,-7.790288,14309
7.99,-4.3196707,14309
7.76,-4.324973,14309
7.05,-12.464703,14309
6.92,-10.669018,14309
6.92,0.4581557,14309
6.86,-18.792995,14309
5.71,-0.3059397,14309
4.52,-7.86912,14309
9.3,5.711566,9428
9.05,7.189264,9428
8.96,2.33127,9428
8.74,2.3398852,9428
8.41,9.960426,9428
8.41,3.4083922,9428
7.48,-6.866961,9428
7.46,1.352602,9428
7.36,5.770156,9428
7.34,1.3670235,9428
7.31,1.7944068,9428
7.21,3.430099,9428
6.85,2.4481885,9428
6.58,1.5100923,9428
6.48,1.6512064,9428
4.14,1.335158,17587
7.2,8.424969,3043
7.1,5.6084437,3043
6.9,4.7597303,3043
6.7,-2.7142193,3043
6.6,3.7452607,3043
6.4,1.0187224,3043
6.4,6.7732906,3043
6.2,1.9972838,3043
6.0,3.1926453,3043
6.0,6.7840657,3043
5.9,4.9847755,3043
5.9,4.29184,3043
5.6,3.1453078,3043
5.6,-3.642735,3043
5.5,-1.3693383,3043
5.4,-2.359516,3043
8.2,3.82347,17425
7.82,0.9502238,6893
6.96,6.234137,6893
6.25,0.38081825,6893
6.16,-4.1504908,6893
8.81,12.117035,4942
8.09,5.548587,4942
7.06,0.5327533,4942
6.75,-2.1266177,4942
9.0,10.793665,17237
9.0,10.278567,17237
8.4,8.037249,17237
8.4,5.631864,17237
8.4,8.065833,17237
8.22,8.092794,17237
8.1,3.0010989,17237
8.05,1.937056,17237
8.05,6.4149585,17237
8.0,10.0615225,17237
8.0,10.092505,17237
7.85,10.201398,17237
7.82,9.517935,17237
7.82,3.9922163,17237
7.77,7.548591,17237
7.75,4.455217,17237
7.72,5.691855,17237
7.7,3.6602418,17237
7.55,-3.0500972,17237
7.39,6.168481,17237
7.35,-2.1758487,17237
7.32,2.6961246,17237
7.25,-1.5898165,17237
7.12,-1.2834098,17237
6.82,-7.478545,17237
6.82,-5.7950754,17237
6.68,-5.806391,17237
6.31,-6.439518,17237
6.11,-8.187084,17237
6.02,-15.785889,17237
5.96,-8.428085,17237
5.7,-11.427584,17237
5.46,-13.603779,17237
6.07,-2.6451473,5676
7.19,12.1872225,16391
6.55,1.260423,16391
6.52,2.4490626,16391
6.49,-13.275441,16391
6.48,12.332047,16391
6.41,1.260423,16391
5.93,-4.8695316,16391
5.76,-1.5116308,16391
5.73,12.332047,16391
5.68,-7.973959,16391
5.34,-6.205481,16391
5.27,-6.016839,16391
4.8,-6.27258,16391
4.75,-13.275441,16391
4.62,-1.0150006,16391
4.34,-7.7250094,16391
7.5,6.388644,12239
7.23,-0.34389007,12239
7.0,10.31098,14585
7.0,-6.6856318,14585
6.72,-2.9895484,5875
6.32,0.05936713,2683
4.53,-10.892268,4534
6.14,2.6140983,16443
9.0,8.41205,7726
9.0,11.439352,7726
9.0,12.527349,7726
9.0,-1.753905,7726
9.0,6.9493403,7726
9.0,17.261116,7726
9.0,11.630831,7726
9.0,4.3368764,7726
8.7,9.8706045,7726
8.7,-3.938148,7726
8.52,3.3687005,7726
8.52,1.5900537,7726
8.52,-3.324103,7726
8.52,2.2197351,7726
8.4,-2.7272613,7726
8.4,-0.43751466,7726
8.4,-5.647712,7726
8.3,-3.2627678,7726
8.22,-6.069178,7726
8.22,1.9860215,7726
8.22,2.8396626,7726
8.15,3.576857,7726
8.15,-6.526004,7726
8.15,-2.9473083,7726
8.1,-4.9716806,7726
8.1,-0.5634344,7726
8.1,0.74608403,7726
8.1,-5.2389426,7726
8.05,-2.94731,7726
7.96,-8.695194,7726
7.96,-9.179506,7726
7.96,2.1733263,7726
7.96,-8.523066,7726
7.92,-5.3453627,7726
7.92,-7.9308248,7726
7.92,-7.239333,7726
7.92,3.8570135,7726
7.89,-8.452468,7726
7.85,-7.210088,7726
7.8,-7.978674,7726
7.8,-4.9657373,7726
7.8,-4.457963,7726
7.8,-5.646498,7726
7.77,-4.070482,7726
7.77,-11.460366,7726
7.72,-7.9308243,7726
7.72,-8.676146,7726
7.7,-13.112445,7726
7.7,-3.4854805,7726
7.7,-1.2639501,7726
7.66,-5.929927,7726
7.64,-3.5438483,7726
7.64,-3.2627695,7726
7.62,-7.0285645,7726
7.62,-6.2450037,7726
7.58,-8.621724,7726
7.57,-7.210088,7726
7.57,-11.370838,7726
7.47,-10.094718,7726
7.47,-6.553887,7726
7.4,-10.594382,7726
7.39,-6.515965,7726
7.37,-14.79468,7726
7.36,-9.993424,7726
7.77,2.887815,16978
7.05,4.208105,9080
6.75,7.182965,9080
6.7,5.148508,9080
6.58,0.3000314,9080
6.48,0.14239384,9080
5.46,5.4348574,9080
6.1,0.8307269,17121
7.32,3.0954506,11823
5.32,-0.6969111,14271
7.0,0.0839338,11977
7.0,1.3474677,11977
7.0,1.8834891,11977
7.0,-0.0457413,11977
9.4,5.738117,16293
9.4,7.0785503,16293
9.15,3.3158844,16293
8.96,2.5664256,16293
8.96,3.1161351,16293
8.82,5.3360467,16293
8.74,-2.035117,16293
8.66,5.696222,16293
8.64,8.3374405,16293
8.6,8.508233,16293
8.6,7.3001356,16293
8.55,4.8334746,16293
8.52,5.4401298,16293
8.52,6.5955725,16293
8.49,6.506969,16293
8.46,-4.048688,16293
8.46,4.2557197,16293
8.43,4.166347,16293
8.39,5.2708526,16293
8.37,5.000156,16293
8.34,1.865796,16293
8.33,-9.144067,16293
8.29,4.5462933,16293
8.27,2.01445,16293
8.26,2.7710044,16293
8.25,7.8841305,16293
8.24,3.7424688,16293
8.21,7.241019,16293
8.18,4.0302877,16293
8.14,7.4537754,16293
8.12,0.46946955,16293
8.11,5.7113657,16293
8.1,2.726268,16293
8.08,5.7543235,16293
8.06,-1.5520867,16293
8.06,2.1831744,16293
8.04,-8.041278,16293
8.04,5.884267,16293
8.02,0.47154564,16293
8.01,5.995789,16293
7.96,3.311255,16293
7.96,5.6011114,16293
7.93,-10.322795,16293
7.91,-3.1499841,16293
7.91,-2.4120011,16293
7.87,-0.6830309,16293
7.85,6.5990615,16293
7.84,7.5594177,16293
7.84,6.8275867,16293
7.82,-7.7099395,16293
7.81,1.4071983,16293
7.78,1.7710515,16293
7.75,-2.437611,16293
7.75,3.684943,16293
7.75,1.2585495,16293
7.74,0.5734986,16293
7.71,-7.979785,16293
7.7,0.93978107,16293
7.67,-4.8656507,16293
7.65,0.98975575,16293
7.62,5.7695146,16293
7.61,6.850952,16293
7.6,0.22853495,16293
7.58,3.0626,16293
7.48,-9.822104,16293
7.42,-0.5666649,16293
7.37,4.3863683,16293
7.33,1.323379,16293
7.26,-2.1493452,16293
7.26,-0.633305,16293
7.08,7.1914797,16293
7.08,-5.039978,16293
6.7,-0.77513367,16293
6.54,1.9573439,16293
6.26,-7.326396,16293
7.58,5.8962927,6741
7.58,5.0307803,6741
7.29,3.460842,6741
7.09,0.79164183,6741
6.96,2.8933604,6741
6.79,-6.075251,6741
6.73,2.8256674,6741
6.71,4.92122,6741
6.68,4.186661,6741
6.32,2.069109,6741
6.2,-2.0353484,6741
6.16,4.7477756,6741
6.09,-3.246461,6741
6.08,4.250629,6741
6.04,0.71017724,6741
5.95,-4.3478107,6741
5.67,1.423966,6741
5.49,2.6120803,6741
5.31,3.232561,6741
5.07,-8.120896,6741
5.06,4.937817,6741
4.88,-0.029183824,6741
9.3,3.36176,1667
9.22,0.47456014,1667
9.05,-2.6488376,1667
8.3,0.47273538,1667
7.22,-7.5503397,1667
5.29,-0.052688234,1667
4.92,6.0173035,1667
4.78,-0.678233,1667
4.74,-2.5124772,1667
4.07,-2.7339447,1667
4.01,-9.665222,1667
6.99,2.9428365,13913
8.3,11.138494,12746
7.82,11.795196,12746
7.4,11.22771,12746
7.28,6.603326,12746
7.22,7.413811,12746
6.82,4.366218,12746
6.6,7.523067,12746
6.47,-0.3093414,12746
6.31,1.876685,12746
6.17,1.5251582,12746
6.1,-1.9093622,12746
6.06,-0.60125667,12746
6.01,-0.07328551,12746
5.96,0.92769456,12746
5.82,-0.044059474,12746
5.56,-3.603211,12746
5.05,-10.525502,12746
5.01,-9.468149,12746
8.1,0.39683798,5131
8.0,-4.6822333,5131
8.0,-11.547131,5131
7.16,-6.0166836,5131
7.16,-11.519477,5131
6.89,-9.587958,5131
6.82,-7.383816,5131
6.8,-3.0906022,5131
6.75,-5.8012834,5131
6.52,-8.252722,5131
6.19,-12.658987,5131
6.15,3.1063457,5131
6.08,-6.6205482,5131
6.0,7.6262856,5131
6.0,-1.095542,5131
5.8,-7.2016306,5131
5.7,0.11135298,5131
5.7,-3.1526294,5131
5.7,-5.835411,5131
5.7,1.3169268,5131
5.7,1.0076748,5131
5.52,5.222192,5131
5.52,4.109949,5131
5.4,-9.485058,5131
5.3,8.011135,5131
5.22,-1.5404874,5131
5.22,5.335269,5131
5.16,-5.3277984,5131
5.1,8.777679,5131
5.0,-1.427479,5131
5.0,10.218335,5131
4.96,-4.9018736,5131
4.72,-2.828293,5131
4.64,7.658913,5131
4.43,4.886845,5131
7.79,7.7613173,7383
6.78,0.7551506,7383
6.76,-8.496637,7383
6.75,0.01170078,7383
6.71,8.514639,7383
6.41,-7.4327345,7383
6.27,4.7279277,7383
6.15,4.9803514,7383
6.96,-4.196386,13752
6.51,-5.5586157,13752
6.04,0.7086923,13752
5.0,5.9820104,614
4.75,-2.000728,614
5.85,7.706045,8011
5.54,1.1590549,8011
4.67,-0.43563312,8011
4.51,7.7060423,8011
4.23,-5.318324,8011
6.85,-1.8346137,4684
6.77,-7.276457,4684
6.62,8.8937435,4684
6.52,-6.5958467,4684
6.43,-3.5937178,4684
6.23,3.0523763,4684
6.2,-4.339557,4684
6.14,0.2507626,4684
6.13,-3.3212318,4684
5.9,8.529311,4684
5.89,-10.980626,4684
5.67,-3.0422277,4684
5.61,-8.4868355,4684
5.52,9.3055725,4684
5.39,-4.72741,4684
8.85,10.484713,14108
8.37,-5.415914,14108
7.34,-12.389822,14108
6.22,5.118302,16528
5.7,-4.960747,16528
5.64,1.8226874,16528
5.4,0.23496714,16528
5.37,4.738232,16528
4.7,-5.304429,16528
4.0,-4.876133,16528
8.3,9.589722,11331
8.2,9.410336,11331
8.1,6.676936,11331
8.1,6.955621,11331
8.1,3.2230413,11331
8.1,8.001663,11331
8.0,5.9082108,11331
8.0,3.6260242,11331
8.0,7.8156586,11331
7.8,7.0630665,11331
7.7,4.325328,11331
7.7,5.763246,11331
7.7,9.335842,11331
7.7,-1.1683085,11331
7.7,6.3168674,11331
7.7,6.6495247,11331
7.7,0.12879017,11331
7.6,7.181311,11331
7.6,0.23385364,11331
7.5,7.351777,11331
7.1,2.4133658,11331
6.9,0.37840542,11331
6.8,-9.265997,11331
6.8,0.35324782,11331
6.7,-11.260507,11331
6.0,-3.6464138,11331
5.7,-11.21455,11331
5.5,-12.963011,11331
6.38,0.57696486,1563
9.89,-3.2854753,14932
9.0,-1.6309973,161
8.7,5.329821,161
8.7,12.412578,161
8.7,1.4724568,161
8.7,2.28512,161
8.7,7.1351743,161
8.52,-2.9146695,161
8.4,-5.3981376,161
8.22,2.28512,161
8.05,-3.8324301,161
7.96,-10.463169,161
7.75,-3.5574954,161
7.44,-4.1859517,161
7.43,-9.017887,161
5.33,0.0015310878,17606
6.0,10.452592,4597
5.64,3.0208225,4597
5.29,-0.3065234,4597
5.24,-5.6530967,4597
5.13,-0.45748016,4597
5.01,3.9633558,4597
4.92,-5.6530967,4597
5.66,6.9028463,3028
5.07,6.256529,3028
4.91,-8.511568,3028
4.64,-1.7675277,3028
7.64,-4.404173,12351
7.62,3.1809485,12351
7.47,6.4358687,12351
6.8,-3.8654222,12351
5.48,-12.404471,12351
6.23,1.6363684,12646
7.14,-0.57956254,6583
8.54,0.69831777,14405
6.74,2.5799804,11110
6.32,-10.091087,11110
6.16,6.504778,1212
5.8,-4.3708625,1212
5.64,-3.7798424,1212
5.47,21.473198,1212
5.44,15.421897,1212
5.44,16.0956,1212
5.32,-9.216209,1212
5.3,16.172228,1212
5.1,-9.986159,1212
5.08,3.539912,1212
5.07,-6.976482,1212
5.04,1.1555101,1212
5.0,-12.783324,1212
4.96,-1.881331,1212
4.89,11.236164,1212
4.85,-9.84684,1212
4.72,7.8673315,1212
4.58,13.008904,1212
4.57,-4.7003465,1212
4.41,20.72211,1212
10.3,11.497136,3184
10.0,11.378629,3184
9.7,9.893791,3184
9.7,10.866087,3184
9.52,2.237245,3184
9.52,5.7417603,3184
9.3,6.446834,3184
9.3,2.9472518,3184
9.3,3.1834955,3184
9.22,6.3111863,3184
8.52,-0.7757948,3184
8.52,4.490408,3184
8.52,1.8201205,3184
8.52,-2.9689705,3184
8.3,2.746407,3184
8.1,-15.572538,3184
8.0,6.2039814,3184
7.6,-1.9775445,3184
7.3,-9.605413,3184
7.1,-5.6532454,3184
6.8,-4.1085544,3184
6.5,-11.883206,3184
6.4,-12.205087,3184
6.1,-13.016458,3184
6.1,-6.7329607,3184
7.28,-5.5948343,4907
7.12,8.4108,4907
5.66,9.152725,4907
5.24,-9.503646,4907
8.7,-5.7560587,7908
8.7,-2.733114,7908
8.7,-1.7818701,7908
8.4,4.9498086,7908
8.4,0.0659948,7908
8.3,-2.7504408,7908
8.3,2.2955804,7908
8.3,-2.7953627,7908
8.15,2.3659375,7908
8.15,6.015767,7908
8.1,8.18176,7908
8.05,-0.3734481,7908
8.05,-0.51513875,7908
8.05,-6.0626554,7908
8.0,-3.1596215,7908
7.96,3.3743591,7908
7.96,2.7878826,7908
7.92,-1.9368616,7908
7.89,3.8673847,7908
7.82,1.9399637,7908
7.82,-2.8385737,7908
7.8,-0.25805256,7908
7.77,2.4471045,7908
7.77,6.34328,7908
7.68,-2.3185844,7908
7.57,-0.27427107,7908
7.55,-3.187501,7908
7.33,-0.70869094,7908
7.32,-1.0085692,7908
7.22,-1.863547,7908
7.21,-7.888419,7908
7.16,0.49520856,7908
9.0,0.68121314,7722
8.81,-0.9984485,7722
8.78,1.9878381,7722
8.66,-3.9417303,7722
8.13,1.9514229,7722
7.83,-7.2383423,7722
7.79,-0.9617618,7722
7.72,0.8719402,7722
7.61,4.984596,7722
7.48,0.8719402,7722
7.44,2.8815618,7722
7.38,-5.303696,7722
7.37,-6.617271,7722
7.32,-2.1775699,7722
7.32,4.6660337,7722
7.31,-0.96176255,7722
7.29,-1.9207076,7722
7.25,-4.2028913,7722
7.22,5.601887,7722
7.22,0.11219987,7722
7.22,-1.9149306,7722
7.19,-3.4886978,7722
7.19,3.6902492,7722
7.15,-3.4585207,7722
7.12,5.023516,7722
7.1,-2.1304867,7722
7.08,1.806508,7722
7.06,4.6541266,7722
7.05,5.0819554,7722
7.05,-5.4232645,7722
7.01,4.0762663,7722
6.99,6.067101,7722
6.99,-3.519688,7722
6.97,-3.6200328,7722
6.96,0.19655609,7722
6.94,4.4743733,7722
6.93,0.19655609,7722
6.89,-6.4016867,7722
6.85,-4.630424,7722
6.82,0.49231094,7722
6.8,2.0285058,7722
6.8,-3.655535,7722
6.75,-2.6562736,7722
6.73,3.4905517,7722
6.73,-5.0067854,7722
6.72,1.6682798,7722
6.71,-5.87222,7722
6.68,0.51461107,7722
6.67,-6.565576,7722
6.66,-8.970086,7722
6.64,-0.67453945,7722
6.61,-0.30860928,7722
6.59,-1.4159828,7722
6.58,-0.17950074,7722
6.58,-0.8940902,7722
6.57,-2.7775223,7722
6.55,-2.032711,7722
6.54,-0.27943182,7722
6.51,2.9296768,7722
6.46,3.4674456,7722
6.46,-0.82192504,7722
6.43,-1.3985081,7722
6.39,-8.700385,7722
6.39,-5.3585057,7722
6.36,-8.132109,7722
6.35,-5.1768336,7722
6.34,-6.092073,7722
6.32,-4.01824,7722
6.31,3.7144773,7722
6.23,-3.5699809,7722
6.22,4.8381233,7722
6.22,-3.0766401,7722
6.21,3.350118,7722
6.21,1.4993944,7722
6.2,0.019500315,7722
6.18,-3.6200328,7722
6.16,-3.8084505,7722
6.08,-2.1481197,7722
6.05,-7.712937,7722
6.04,-6.646547,7722
6.02,-1.4279369,7722
5.98,-4.9955587,7722
5.9,-6.6825757,7722
5.86,2.1949794,7722
5.71,-1.7922457,7722
5.46,1.1000296,7722
6.52,3.127113,1912
6.83,0.7148117,3984
6.63,-3.8567665,4316
7.89,-9.429921,5789
6.7,7.736079,5789
6.51,4.6475205,5789
6.44,3.238543,5789
5.07,-6.3034472,1570
4.52,-5.602173,1570
6.16,-2.6043975,3122
5.93,5.4333234,3122
5.84,6.4045315,3122
5.82,-2.48967,3122
5.63,-0.8627779,3122
5.42,4.3989515,3122
5.34,-4.8876734,3122
5.31,-1.8501742,3122
5.18,-10.32234,3122
5.04,-5.121504,3122
5.0,-0.011960712,3122
4.89,-8.475763,3122
4.83,0.82687795,3122
5.04,-1.9967141,8308
9.46,3.269197,6753
8.6,3.860942,6753
7.77,-1.7489887,6753
7.77,-0.6712942,6753
7.14,10.763447,11354
6.0,-6.8514585,11354
5.92,5.312453,11354
5.04,2.8747523,11354
8.82,-0.84024745,580
6.53,2.930137,2039
8.47,-9.99177,5389
7.17,-7.84252,5389
7.04,-8.322567,5389
6.99,-8.369572,5389
6.99,-10.009481,5389
6.79,-6.8462777,5389
6.64,3.4374967,5389
6.53,-0.82656115,5389
6.51,3.4607058,5389
9.4,8.414898,9244
8.74,8.371906,9244
8.43,-5.735753,9244
8.36,3.5049827,9244
8.27,-7.7903223,9244
8.2,8.371906,9244
8.16,-2.3855307,9244
8.13,9.56949,9244
8.12,13.9672165,9244
7.92,-5.735753,9244
7.89,9.56949,9244
7.82,9.56949,9244
7.82,-10.746768,9244
7.75,13.9672165,9244
7.64,8.371908,9244
7.62,13.9672165,9244
7.57,3.5049844,9244
7.55,-7.790323,9244
7.44,-2.3855307,9244
7.44,-2.385532,9244
7.41,9.56949,9244
7.4,8.371906,9244
7.28,-1.8562646,9244
7.19,-1.8562654,9244
7.14,-2.3855307,9244
7.13,13.9672165,9244
7.1,-1.8562646,9244
6.98,3.5049827,9244
6.92,-12.498679,9244
6.86,3.5049827,9244
6.7,-1.8562646,9244
6.65,-12.498682,9244
8.7,-9.787449,12972
7.34,2.897296,12972
7.48,1.0491275,13751
9.0,1.2242743,5409
9.0,0.4156122,5409
9.0,1.4490137,5409
8.52,1.9086977,5409
8.1,-9.8214035,5409
8.05,-0.24104634,5409
7.92,-5.8593397,5409
7.8,-0.80216724,5409
7.7,1.1390803,5409
7.17,-0.7769579,5409
7.15,-5.4715066,5409
7.14,-5.698057,5409
7.07,-1.6626765,5409
6.88,-2.494188,5409
6.67,1.8236054,5409
6.66,9.201134,5409
6.48,-5.8101215,5409
6.43,1.0431685,5409
6.21,4.6288404,5409
6.16,-5.433762,5409
6.02,6.267587,5409
6.01,-4.538659,5409
5.97,-1.310287,5409
5.54,4.848647,5409
8.49,11.478101,6094
8.44,5.390287,6094
8.4,5.6430626,6094
8.4,-0.55015075,6094
8.37,7.1871467,6094
8.37,5.3294115,6094
8.34,10.682166,6094
8.32,16.746912,6094
8.27,1.5701424,6094
8.26,-1.0327882,6094
8.26,5.6561193,6094
8.26,3.3435817,6094
8.25,0.5631363,6094
8.22,7.3332148,6094
8.21,2.310092,6094
8.2,9.332593,6094
8.12,-0.077691466,6094
8.08,4.1845613,6094
8.08,4.589839,6094
8.07,4.2972565,6094
8.07,-1.4573991,6094
8.07,13.636401,6094
8.04,1.8066872,6094
8.03,4.426713,6094
8.0,5.2555747,6094
8.0,2.9391458,6094
8.0,0.68165815,6094
7.96,10.260348,6094
7.92,10.469639,6094
7.92,-2.5584664,6094
7.92,3.1183045,6094
7.92,4.9402485,6094
7.92,2.8610957,6094
7.92,13.8924885,6094
7.85,-2.5641906,6094
7.85,1.5063645,6094
7.82,2.446133,6094
7.82,-1.6778351,6094
7.82,10.462255,6094
7.8,4.384839,6094
7.8,-0.8230442,6094
7.8,2.150868,6094
7.77,3.2617118,6094
7.77,0.07537805,6094
7.77,3.150043,6094
7.75,3.5611072,6094
7.75,-1.4911265,6094
7.72,8.364861,6094
7.72,-5.898571,6094
7.7,1.220806,6094
7.7,8.839901,6094
7.7,-1.0859727,6094
7.68,-2.9922454,6094
7.68,3.2736442,6094
7.68,1.2657014,6094
7.68,3.1322467,6094
7.68,-1.8509575,6094
7.66,0.90490425,6094
7.66,1.5969722,6094
7.66,-4.4728727,6094
7.64,6.5600266,6094
7.64,5.3648224,6094
7.64,-1.34381,6094
7.6,-0.2537385,6094
7.58,-1.5085671,6094
7.58,14.493282,6094
7.58,-1.9251562,6094
7.58,0.2905786,6094
7.57,-1.6320508,6094
7.55,1.037682,6094
7.55,-2.3566601,6094
7.54,5.153839,6094
7.54,-2.68812,6094
7.51,-1.256481,6094
7.51,-3.4693677,6094
7.5,-6.600722,6094
7.47,-1.6370895,6094
7.44,-0.26929662,6094
7.43,-9.394546,6094
7.42,-2.3620818,6094
7.42,1.374788,6094
7.41,-2.1779578,6094
7.41,-0.09921859,6094
7.4,-3.6992085,6094
7.4,-1.4041804,6094
7.38,1.0377342,6094
7.32,4.563484,6094
7.25,-3.8400202,6094
7.24,1.1806347,6094
7.19,-11.556553,6094
7.18,-3.631671,6094
7.17,-8.441549,6094
7.11,0.28022677,6094
7.07,-3.7623098,6094
6.96,-5.375065,6094
6.96,-0.52451813,6094
6.75,-10.15954,6094
6.7,-4.81775,6094
6.7,-9.731224,6094
6.66,-4.212244,6094
6.58,-11.171245,6094
6.5,-2.4115946,6094
6.46,-0.30602634,6094
6.41,-11.732089,6094
6.29,-7.888632,6094
6.27,-4.939223,6094
5.72,-14.947146,6094
5.86,2.1898322,11298
5.58,-0.16411768,11298
5.51,-17.587578,11298
5.4,-3.807358,11298
8.41,6.6261277,4351
8.17,6.4927855,4351
8.07,1.9576954,4351
8.07,2.512544,4351
7.99,4.1204133,4351
7.91,6.3740273,4351
7.88,0.63921535,4351
7.84,1.3861902,4351
7.8,3.7022388,4351
7.74,1.5997751,4351
7.7,-4.2796,4351
7.62,5.0492325,4351
7.27,-9.79562,4351
10.1,16.51895,525
9.7,13.2273855,525
9.52,10.770988,525
9.49,6.394991,525
9.47,13.695861,525
9.35,1.2720104,525
9.28,9.095604,525
9.21,-0.21368684,525
9.08,3.9025981,525
9.0,-0.5545102,525
8.96,4.220045,525
8.85,9.910007,525
8.82,-4.5564775,525
8.7,6.5721483,525
8.68,2.4459236,525
8.15,-4.865035,525
8.02,14.857982,525
7.66,0.45097494,525
7.34,-12.039534,525
5.61,-15.465687,525
7.51,1.5105674,7845
7.16,0.35667685,5748
5.7,2.598386,17691
8.0,7.9620066,15449
7.3,6.112357,15449
6.51,-13.177155,15449
6.32,-0.7498095,15449
5.72,-13.177155,15449
4.6,-13.177154,15449
9.0,-5.572224,10189
8.34,-4.536844,10189
8.07,2.0698535,10189
7.86,7.56145,10189
7.85,2.2356322,10189
7.84,3.0672724,10189
7.8,-0.022397172,10189
7.58,1.962625,10189
7.37,-4.46851,10189
7.16,5.2269917,10189
9.64,-2.735354,11167
9.54,-7.7376184,11167
9.43,7.205202,11167
9.4,6.0916867,11167
9.39,-7.451011,11167
9.29,-1.0204197,11167
9.29,-8.055043,11167
9.24,6.2672586,11167
9.19,8.493928,11167
9.11,8.388277,11167
9.07,8.388279,11167
9.07,4.6350384,11167
9.0,-1.5851405,11167
8.92,8.366003,11167
8.89,7.9901857,11167
8.8,-3.9933026,11167
8.72,3.0232418,11167
8.72,-2.2679808,11167
8.74,17.07642,448
8.44,21.704775,448
8.24,-3.2414942,448
8.09,-8.594096,448
7.62,-9.356288,448
7.33,-16.059109,448
6.92,-12.529511,448
6.7,0.90592426,448
6.4,-3.7979438,448
6.28,-13.456255,448
8.61,1.1127476,4718
8.33,-0.7882838,4718
8.24,2.429614,4718
8.2,8.811868,4718
8.16,6.5786295,4718
8.04,6.4336934,4718
7.47,-1.081617,4718
7.11,-8.344943,4718
10.15,-7.0710087,13973
10.1,7.416355,13973
10.05,1.8420326,13973
9.92,2.366939,13973
9.82,5.2952814,13973
9.66,2.4307632,13973
9.57,4.609288,13973
9.55,3.6043847,13973
9.39,6.7374763,13973
9.37,0.89411914,13973
9.17,-4.122538,13973
7.11,-5.73671,9302
6.96,5.374525,9302
6.72,0.42396846,9302
6.51,2.8904405,9302
6.26,2.5437727,9302
6.24,1.1830393,9302
6.09,-3.1408396,9302
6.03,2.1053026,9302
5.96,-9.78887,9302
5.96,0.51402915,9302
5.89,3.7317526,9302
5.7,-9.803121,9302
5.52,-3.1408396,9302
5.07,-6.929914,9302
5.58,1.3703997,6501
8.92,12.27467,6134
8.85,4.8086324,6134
8.55,-6.6909537,6134
8.51,-8.537008,6134
8.49,3.103999,6134
7.7,-3.145752,6134
6.45,0.9524171,10409
4.39,0.3732666,2472
9.16,-3.6400716,3296
8.96,3.429896,3296
5.22,-1.6432581,6105
5.16,1.7073256,5282
8.4,5.001441,3063
8.4,-2.7527416,3063
8.15,3.170214,3063
7.96,-3.2966108,3063
7.75,7.15845,3063
7.58,-0.115258425,3063
7.52,10.169758,3063
7.52,9.106853,3063
7.52,2.396128,3063
7.4,5.0183005,3063
7.28,-4.22848,3063
7.24,-2.17265,3063
7.11,-4.2478547,3063
7.1,-4.289324,3063
7.0,-1.4005858,3063
6.92,-1.0253141,3063
6.75,-8.294617,3063
6.62,-5.1797996,3063
6.6,2.3184137,3063
6.57,6.900571,3063
6.37,-6.59324,3063
6.34,-3.134885,3063
4.82,-6.1389027,3063
6.77,-2.8096414,17218
6.3,2.5561898,17218
5.7,-7.440264,9576
5.35,1.0658176,9576
5.3,-0.5149144,9576
10.0,10.568483,6310
9.22,7.0888042,6310
9.15,7.4837894,6310
9.15,8.365526,6310
9.0,10.391131,6310
8.92,7.3520455,6310
8.89,-3.2403939,6310
8.89,7.8621416,6310
8.85,9.14937,6310
8.85,9.964055,6310
8.68,5.516686,6310
8.66,6.2816224,6310
8.59,8.517314,6310
8.57,-2.174812,6310
8.54,8.402503,6310
8.42,8.690092,6310
8.39,2.400273,6310
8.37,4.182252,6310
8.37,5.329833,6310
8.27,0.14191002,6310
8.24,5.0686483,6310
8.21,5.259476,6310
8.09,9.13664,6310
7.96,0.95212406,6310
7.9,7.779739,6310
7.87,3.3743672,6310
7.87,-1.2896152,6310
7.76,1.4528089,6310
7.76,2.2341464,6310
7.7,3.7214684,6310
7.6,2.249154,6310
7.52,-3.0590029,6310
7.45,-0.40691176,6310
7.43,0.5422214,6310
7.34,3.3158457,6310
7.33,1.0168889,6310
7.2,3.7858422,6310
7.16,-6.043096,6310
7.14,-3.2979863,6310
7.12,-0.21356414,6310
7.11,1.1013005,6310
7.08,1.6512922,6310
7.01,-4.443255,6310
6.98,-5.6832666,6310
6.97,-4.4042,6310
6.64,-5.4152555,6310
6.62,1.0869638,6310
6.6,-8.435982,6310
6.59,0.86519593,6310
9.7,3.4156816,5350
9.52,0.24870369,5350
9.4,6.115729,5350
9.4,5.2272773,5350
9.3,2.7497375,5350
9.05,0.6437424,5350
9.0,6.115729,5350
8.85,3.517357,5350
8.8,0.60448486,5350
8.7,6.3987784,5350
8.7,-1.2512298,5350
8.7,-2.9541292,5350
8.7,-3.3073893,5350
8.52,2.0723395,5350
8.52,0.82237047,5350
8.52,-2.0062125,5350
8.52,-4.3381786,5350
8.52,4.277227,5350
8.52,9.709201,5350
8.4,2.2588317,5350
8.4,4.228365,5350
8.15,-1.0143353,5350
8.15,3.4258602,5350
8.1,0.72604346,5350
7.96,1.4948901,5350
7.96,0.23377062,5350
7.82,1.51903,5350
7.82,-3.1320827,5350
7.6,6.115729,5350
7.36,-5.2995296,5350
6.9,-2.5792775,5350
8.4,-5.03879,10676
6.47,1.3318678,3241
6.07,-2.837586,4238
6.24,-0.3737911,5356
4.35,3.6859758,15205
7.52,1.9592962,5654
6.85,-4.5812755,5654
6.82,-4.873362,5654
6.7,6.0642395,5654
6.66,8.787302,5654
6.66,3.1416757,5654
6.64,3.4922392,5654
6.62,2.045861,5654
6.57,-1.6128659,5654
6.57,-5.0396304,5654
6.57,9.839737,5654
6.52,-5.000864,5654
6.51,2.4599752,5654
6.39,0.6712188,5654
6.35,-1.9210336,5654
6.34,-4.7605214,5654
6.33,8.718497,5654
6.33,-4.6589813,5654
6.33,7.9120855,5654
6.33,1.0358279,5654
6.33,2.4113765,5654
6.32,-0.14975151,5654
6.3,-3.056129,5654
6.28,-5.414692,5654
6.26,-7.9012146,5654
6.24,6.936681,5654
6.22,-9.6820135,5654
6.19,0.75581425,5654
6.15,-5.046744,5654
6.15,-2.9952838,5654
6.1,-0.038413763,5654
6.1,-5.0396304,5654
6.09,5.5643363,5654
6.05,-8.073191,5654
6.0,-2.0598981,5654
5.96,0.039553393,5654
5.82,0.68279,5654
5.77,0.010148539,5654
5.75,-11.294691,5654
8.3,0.907944,16790
8.1,7.1529746,16790
8.05,8.471926,16790
7.96,3.0019743,16790
7.7,7.2909403,16790
7.7,9.701182,16790
7.46,7.8223104,16790
6.85,1.5034908,16790
6.78,10.502552,16790
6.71,14.032626,16790
6.51,3.3981516,16790
6.31,6.0034685,16790
6.25,-9.401769,16790
6.12,0.25281835,16790
6.1,-6.5974846,16790
5.7,-8.891679,16790
5.62,-13.04025,16790
5.46,-11.572829,16790
8.48,8.6955805,1826
8.35,6.4236155,1826
8.34,6.0510263,1826
8.22,6.540096,1826
8.22,6.4236145,1826
8.21,6.4236155,1826
8.05,-3.7715487,1826
8.0,-11.204241,1826
7.96,1.052413,1826
7.8,-1.4157833,1826
7.55,-2.2895558,1826
4.86,2.5929348,16523
7.05,-3.69161,11453
7.04,0.67532843,11453
6.91,-1.720518,11453
6.54,-2.449678,11453
6.19,1.5993946,11453
6.18,1.0563693,11453
6.14,-1.1865036,11453
6.11,0.7676292,11453
6.07,2.8585474,11453
6.04,4.4746547,11453
6.04,-0.4945923,11453
5.95,1.0774605,11453
5.94,2.0251698,11453
5.91,-0.6930152,11453
5.91,3.0779681,11453
5.9,1.5203716,11453
5.89,1.1537155,11453
5.88,-5.4222555,11453
5.8,-3.196508,11453
5.74,-4.948874,11453
5.69,-2.6722727,11453
5.58,-5.2643695,11453
8.96,1.3917072,14150
5.29,-7.2339864,3394
5.23,2.0156927,3394
6.16,2.0275831,5507
8.18,0.6900837,7846
8.1,3.1124308,7846
7.72,3.4038944,7846
7.63,-4.251521,7846
7.45,-4.625844,7846
6.97,-7.2521105,7846
9.22,-3.0115924,17001
9.0,-3.6545808,17001
9.0,5.083641,17001
9.0,5.083642,17001
8.7,2.9825468,17001
8.0,7.827806,17001
7.68,-0.6826549,17001
7.51,10.652492,17001
7.36,-11.729452,17001
7.3,-3.8849032,17001
7.22,5.9372535,17001
7.19,0.28166437,17001
7.17,6.535178,17001
7.1,-8.791441,17001
6.82,2.330234,17001
6.8,-5.7053804,17001
6.72,-4.842329,17001
6.68,-2.10483,17001
6.64,4.0786653,17001
6.62,-13.836808,17001
6.5,-11.036992,17001
6.28,-5.675831,17001
6.14,1.5766605,17001
6.12,-4.99087,17001
6.1,-7.7346587,17001
6.04,-3.2226465,17001
5.96,-12.554102,17001
5.96,-10.819378,17001
5.92,-6.944985,17001
5.89,-6.427474,17001
5.72,1.011315,17001
5.7,-10.076565,17001
9.15,6.2575064,6167
9.15,4.251045,6167
9.1,-2.1701827,6167
9.05,-1.626652,6167
9.05,-1.641818,6167
9.0,0.2373549,6167
9.0,1.6567355,6740
8.4,-3.3081167,16203
7.64,2.7089748,16203
7.17,7.5799246,16203
5.27,2.3344247,8550
5.88,-2.338198,7195
7.29,4.578024,1989
7.21,7.659115,1989
7.17,-0.07822187,1989
7.05,16.673985,1989
6.83,14.697053,1989
6.43,0.9837974,1989
6.38,13.64555,1989
6.22,12.164569,1989
6.04,-8.193844,1989
5.86,-5.100012,1989
5.76,-8.370383,1989
5.62,-10.421756,1989
5.62,-3.783418,1989
5.54,-15.193006,1989
5.46,-8.95348,1989
5.43,-2.6018035,1989
5.37,-12.514941,1989
5.19,-10.995799,1989
5.06,-12.651265,1989
5.03,-5.3261795,1989
6.52,5.548632,15545
6.41,-5.946203,15545
6.4,1.9354019,15545
6.01,-8.743828,15545
6.0,-2.8078935,15545
5.8,-8.960438,15545
5.8,-8.544292,15545
6.65,1.7156901,1978
6.47,3.6335375,6450
6.32,-1.0650303,6450
6.25,-1.983426,6450
5.49,-12.38384,6450
8.7,4.3163233,11332
8.6,7.9864316,11332
8.6,0.37360907,11332
8.6,5.1419597,11332
8.5,7.5989885,11332
8.5,5.640037,11332
8.5,5.9500837,11332
8.5,4.2239766,11332
8.4,5.3235283,11332
8.4,5.077343,11332
8.4,-0.9074605,11332
8.3,-1.5008968,11332
8.2,4.4940333,11332
8.1,7.578286,11332
8.1,4.913542,11332
8.0,5.6386876,11332
7.9,0.87237775,11332
7.9,4.1900883,11332
7.8,5.3535724,11332
7.6,5.521399,11332
7.6,-0.56861216,11332
7.5,2.75336,11332
7.5,-11.430426,11332
7.2,0.79340744,11332
7.2,-11.984833,11332
6.6,-2.9595063,11332
6.0,-14.699647,11332
5.6,-10.977094,11332
6.91,1.8945843,12095
6.46,3.8663821,12095
6.3,-3.942966,12095
5.26,5.8817673,12095
10.0,-2.6204655,5080
9.7,0.80332714,5080
9.4,-0.5681122,5080
9.3,2.5851634,5080
9.0,-3.4034243,5080
8.3,-2.5074518,5080
8.22,4.936656,5080
7.58,-6.049376,5080
7.47,3.7271378,5080
7.41,-12.516376,5080
7.02,-12.106853,5080
7.02,2.5946162,5080
6.72,5.918914,5080
10.22,4.7023106,454
10.15,-3.0953186,454
10.15,5.1989746,454
9.92,9.765313,454
9.7,5.223261,454
9.7,5.153999,454
9.6,4.7023106,454
9.4,-1.5786064,454
9.4,1.3504041,454
9.35,7.3341913,454
9.0,-1.5786064,454
9.0,-9.84234,454
9.0,-10.034388,454
8.82,-4.1154957,454
8.74,-1.3440325,454
8.59,5.279676,454
8.52,-5.982083,454
8.0,-9.641867,454
7.96,0.020550046,454
7.93,-1.5034142,454
7.71,1.7346027,454
7.65,-3.565509,454
7.58,-0.67407936,454
7.4,-2.5108259,454
7.34,-4.53948,454
7.33,-3.5195513,454
7.24,-3.3225408,454
7.12,-3.0196607,454
7.07,-5.6187143,454
6.97,-8.659563,454
6.96,-7.500255,454
6.94,-3.89396,454
6.89,-4.3274665,454
6.84,-3.9268198,454
6.82,-4.853042,454
6.69,-7.599463,454
6.62,-1.314906,454
6.61,-3.2609215,454
6.3,-8.956888,454
6.19,-5.8047285,454
6.1,-0.259224,454
6.08,-11.601948,454
5.9,-4.835866,454
5.75,-4.8530436,454
5.68,-7.538127,454
5.46,3.929958,10033
5.33,1.8468786,10033
4.89,-3.0944123,10033
4.75,-2.3875837,10033
4.06,-2.1480443,10033
4.54,1.4754783,15783
8.18,3.584101,8370
7.85,11.674922,8370
7.51,5.4436693,8370
7.37,5.5409985,8370
7.25,-4.874901,8370
7.07,0.19761774,8370
6.9,-1.0690695,8370
6.77,-3.1014552,8370
6.69,0.15348218,8370
6.67,-5.1105704,8370
6.55,-4.1248465,8370
6.46,-0.9621114,8370
5.55,-4.077476,17877
5.54,1.4243073,17877
5.28,10.529712,17877
5.25,-5.985322,17877
5.22,-0.70222,17877
5.19,-2.5889175,17877
4.96,-6.0677896,17877
4.89,-7.884933,17877
4.85,-3.2173269,17877
4.68,-0.60169077,17877
4.57,-8.324751,17877
4.39,-7.5063205,17877
4.26,-6.0138793,17877
4.19,-10.661352,17877
4.17,-8.132704,17877
4.17,-7.7801194,17877
4.08,3.8257082,17877
9.07,-3.600807,2339
9.07,-6.367609,2339
9.05,6.6219096,2339
8.81,-0.9636895,2339
8.74,6.4443865,2339
8.72,-1.1135838,2339
8.6,-1.2638866,2339
8.53,-5.0190744,2339
8.48,0.311687,2339
8.4,1.2560599,2339
8.32,7.7325583,2339
8.3,7.004385,2339
8.27,2.2595959,2339
8.26,10.522805,2339
8.18,-4.167359,2339
8.17,6.854874,2339
8.12,-10.527282,2339
8.02,6.0257225,2339
8.02,5.2650323,2339
7.99,3.082365,2339
7.98,1.4861588,2339
7.91,-8.8373165,2339
7.89,8.664501,2339
7.88,-4.4679494,2339
7.78,5.268084,2339
7.72,6.1197605,2339
7.4,-2.4484363,2339
7.34,9.214355,2339
7.22,0.024666913,2339
7.14,-2.3045259,2339
7.12,2.0181239,2339
6.55,1.3437788,2339
6.17,-4.6089563,2339
5.91,-9.66332,2339
5.37,-5.6838512,2339
7.51,-7.761843,648
6.85,12.158589,648
6.28,2.6310782,2058
8.42,-3.2539682,12334
7.92,6.5755353,12334
7.05,-4.2559867,12334
7.28,3.3166862,8402
8.05,8.052812,1066
7.96,-0.20706093,1066
7.8,4.2324924,1066
7.7,6.020584,1066
7.57,4.184182,1066
7.51,-1.3892797,1066
7.37,3.930642,1066
7.34,6.1899366,1066
7.31,-0.28626585,1066
7.27,1.3913418,1066
7.25,-2.2800417,1066
7.19,-2.2139292,1066
7.16,-1.6299286,1066
7.08,8.341575,1066
6.92,-5.796136,1066
6.89,-1.0308291,1066
6.86,3.3807185,1066
6.82,7.9421225,1066
6.72,-1.250049,1066
6.61,0.41272292,1066
6.58,0.75144166,1066
6.46,-1.998727,1066
6.42,-3.736497,1066
6.39,-0.45527843,1066
6.37,-0.46636266,1066
6.35,-3.0626955,1066
6.35,4.95911,1066
6.32,-1.1927663,1066
6.32,-1.2960757,1066
6.09,-3.0246415,1066
6.07,-1.150468,1066
6.04,-0.090489134,1066
6.04,0.45979464,1066
5.74,-2.0388904,1066
5.73,-1.7465305,1066
5.71,-3.0678322,1066
5.42,-7.993335,1066
7.66,2.8646562,4105
7.46,0.9336566,4105
7.4,5.538504,4105
7.32,5.5608587,4105
7.28,-2.561431,4105
7.28,0.9336566,4105
7.17,-3.392901,4105
7.0,0.2679634,4105
6.65,0.93365604,4105
7.09,1.831868,3125
7.07,4.2035313,5635
6.96,-3.4987726,5635
6.92,-3.5483475,5635
6.55,-1.8178389,5635
6.44,7.8078995,5635
5.66,6.1029186,5635
5.89,1.5793325,2232
4.16,-0.3142231,2703
4.0,-2.4563208,2703
6.76,3.2372055,9489
6.7,-1.5971831,9489
6.65,2.6022577,9489
8.05,5.778638,10675
6.8,-0.92955303,10675
6.44,4.7770653,10675
6.35,3.6969361,10675
6.33,4.0792937,10675
6.27,1.1122986,10675
6.18,3.5148027,10675
5.09,-1.7027149,10675
9.3,-1.5725367,17073
5.54,1.3636304,12194
8.05,-2.3607457,2445
7.52,4.0642962,2445
7.51,10.048354,6414
7.4,0.7828375,6414
7.31,9.500986,6414
7.24,0.9352522,6414
7.18,7.1959114,6414
7.18,6.3595266,6414
7.16,4.437905,6414
7.13,9.023651,6414
6.89,8.877037,6414
6.41,-5.8521943,6414
6.22,-8.757762,6414
8.59,6.7208633,16287
8.32,6.720863,16287
7.96,-5.5640764,16287
7.57,-1.1881932,16287
6.62,6.7208633,16287
6.55,3.8283076,16287
6.21,-9.393846,16287
6.18,-1.0857682,16287
6.09,-0.053953726,16287
6.0,-6.0153584,16287
6.0,-2.1578054,16287
5.96,-5.154384,16287
5.89,-6.762113,16287
5.82,-7.053246,16287
5.68,5.1259527,16287
5.64,-3.8975666,16287
5.62,-1.7349423,16287
5.58,-4.081731,16287
5.55,4.781026,16287
5.54,-3.857478,16287
5.52,-4.720587,16287
5.33,1.3176779,16287
5.3,-7.650124,16287
5.28,0.16146429,16287
5.27,-4.839993,16287
5.16,1.9088078,16287
5.13,0.2964116,16287
4.75,4.9022374,16287
4.72,-0.24830338,16287
8.62,3.5384204,6341
8.19,4.5073276,6341
8.04,4.424158,6341
7.82,1.2711271,6341
7.77,-9.585648,6341
7.68,2.4913752,6341
7.51,-11.640059,6341
7.26,0.80705523,6341
7.24,-9.536691,6341
7.21,0.08833877,6341
6.94,-9.198767,6341
6.85,4.2176986,6341
6.75,-6.908597,6341
6.52,-10.908873,6341
6.5,-8.379634,6341
6.49,-14.224703,6341
8.36,6.4934864,16669
7.43,10.565195,16669
7.15,3.868966,16669
6.01,-4.9582148,16669
5.66,10.018995,16669
5.4,2.1764297,16669
6.38,2.0167334,14626
8.57,2.6063647,1805
10.7,3.2601776,77
10.4,2.830913,77
10.3,0.8277979,77
10.05,2.830913,77
9.82,-6.1397247,77
9.66,1.5365674,77
9.64,2.986581,77
9.48,-2.8293126,77
9.41,0.109136984,77
9.33,-2.5901692,77
9.32,-3.2811012,77
9.25,-4.608582,77
9.24,0.6393236,77
9.07,0.20181802,77
9.06,0.6593419,77
8.94,-2.2167788,77
8.92,4.6067934,77
8.82,0.8140944,77
8.68,5.4819527,77
8.62,0.29514036,77
8.54,1.8154838,77
8.51,-1.4693339,77
8.46,1.3081317,77
8.41,-2.8293126,77
8.4,-0.9372164,77
8.39,4.8604746,77
8.36,-0.5295905,77
7.8,-5.9916945,77
7.74,-6.7023873,77
7.17,-2.4188561,77
7.17,-6.126366,77
7.16,-12.480699,77
6.36,-7.7508183,77
6.01,-0.7505228,77
8.74,5.633746,12828
8.57,0.48136565,12828
8.37,-2.662943,12828
8.17,1.2816132,12828
7.16,2.3491998,9041
8.96,-0.7640115,11119
8.49,3.348993,11119
8.19,0.44655445,11119
8.17,5.7393074,11119
8.17,1.8363298,11119
8.05,3.1974294,11119
8.0,4.4375176,11119
7.94,6.730438,11119
7.94,6.009326,11119
7.93,8.427578,11119
7.89,6.043904,11119
7.71,0.25104773,11119
7.7,3.3680358,11119
7.68,3.0978642,11119
7.59,3.1260426,11119
7.57,7.1196523,11119
7.51,1.1892672,11119
7.26,0.22256249,11119
8.4,7.321832,16241
8.1,7.7932396,16241
8.0,5.4734097,16241
8.0,5.050275,16241
8.0,2.825222,16241
7.68,5.8320174,16241
7.52,7.4224553,16241
7.37,7.695911,16241
7.36,-3.9282384,16241
7.33,-3.7557824,16241
7.29,0.45861167,16241
7.0,-0.6276926,16241
6.67,-5.3470497,16241
6.46,-1.0037798,16241
6.24,2.018083,16241
5.58,6.3960075,16241
5.52,-2.0028656,16241
5.5,0.22142723,16241
5.3,-11.339458,16241
8.4,5.3384857,9791
8.34,-6.7788463,9791
8.32,-6.087797,9791
7.81,-4.3917327,9791
7.71,-9.623859,9791
7.68,-10.638697,9791
7.48,-12.605578,9791
7.38,-5.5810003,9791
7.35,-4.397104,9791
7.16,-4.429705,9791
7.11,-6.5415106,9791
7.06,-16.704458,9791
7.03,-18.147268,9791
7.01,-8.923823,9791
6.68,-16.174343,9791
6.63,-6.0029254,9791
6.45,5.3384857,9791
6.35,-13.02394,9791
6.22,-0.81275666,9791
6.2,-6.458856,9791
6.17,-3.844482,9791
6.13,-9.949877,9791
6.09,-4.6559486,9791
5.92,-2.699636,9791
5.82,-8.417972,9791
5.75,0.6317809,9791
5.39,-9.476328,9791
5.37,-17.076954,9791
5.11,-4.397104,9791
8.92,-0.8676808,5566
8.8,5.7434664,5566
8.55,1.512941,5566
8.54,13.420741,5566
8.51,13.235868,5566
8.37,-2.1342144,5566
8.28,8.166812,5566
8.25,1.3165693,5566
8.17,-1.2701361,5566
8.14,-2.7789028,5566
5.26,21.211512,12894
5.1,-15.865302,12894
4.89,-2.9588168,12894
7.0,-3.4915957,15113
7.0,4.4237247,15113
7.0,-2.978219,15113
5.24,1.4648541,17131
8.92,7.3281407,7337
7.63,16.463896,7337
7.06,-1.9438119,7337
6.87,-1.9632989,7337
6.85,5.115195,7337
6.75,2.6180913,7337
6.75,7.124343,7337
6.74,4.9458704,7337
6.7,-1.1713767,7337
6.69,4.7672095,7337
6.65,7.220478,7337
6.44,6.0773168,7337
6.44,3.5519404,7337
6.3,-2.6438797,7337
6.08,-0.47631454,7337
5.92,-10.069616,7337
5.8,-2.5902457,7337
5.29,-10.56485,7337
7.22,5.350308,13282
7.14,-4.5367346,13282
7.1,-3.415756,13282
7.1,-4.5367346,13282
8.64,-0.35746622,13143
7.02,2.0385177,13143
7.05,1.4081372,443
5.47,2.9543524,443
4.95,1.217207,443
4.88,-1.0445154,443
6.42,1.1424929,15027
8.24,2.6074357,14221
9.48,12.221694,15167
9.47,0.28212416,15167
8.04,3.0543728,15167
8.0,9.637966,15167
7.97,-1.4416313,15167
7.97,2.1653688,15167
7.9,11.033202,15167
7.76,9.729209,15167
7.63,1.59137,15167
7.61,1.4031059,15167
7.21,-3.358578,15167
6.78,-3.1412022,15167
6.39,5.748491,15167
6.31,-10.618001,15167
6.22,-9.2095785,15167
6.06,4.231222,15167
8.0,-0.006489451,6177
7.96,-0.34247392,6177
7.92,-5.13812,6177
7.75,2.5964634,6177
7.7,1.0605526,6177
7.68,3.6664298,6177
7.68,1.3564345,6177
7.66,-0.41672423,6177
7.64,2.7138803,6177
7.58,3.432267,6177
7.58,-3.009795,6177
7.58,-3.8624089,6177
7.57,-5.262463,6177
7.57,4.9556246,6177
7.55,-0.47268146,6177
7.52,2.8699982,6177
7.52,-4.261254,6177
7.52,-0.4816075,6177
7.5,-7.114924,6177
7.47,2.1913035,6177
7.46,-1.384247,6177
7.44,-0.7265395,6177
7.4,0.3447091,6177
7.38,-7.404551,6177
7.37,-0.5135556,6177
7.37,1.3610975,6177
7.36,-3.378506,6177
7.35,2.443461,6177
7.32,1.8115457,6177
7.31,3.876102,6177
7.31,4.852596,6177
7.31,-3.6385262,6177
7.3,4.322719,6177
7.29,5.212944,6177
7.24,1.1334928,6177
7.23,-5.0445604,6177
7.22,0.2328834,6177
7.19,3.8574743,6177
7.19,-0.05700622,6177
7.16,-6.699302,6177
7.14,2.092626,6177
7.14,-1.9702474,6177
7.12,-5.6433287,6177
7.08,-0.82205254,6177
7.08,-1.9565632,6177
7.08,0.20872879,6177
7.07,-0.8408935,6177
7.06,-5.8976984,6177
7.06,5.012531,6177
7.06,-0.55868137,6177
7.06,-6.01735,6177
7.06,-6.333641,6177
7.05,4.7064447,6177
7.02,-0.5355915,6177
7.01,-0.028609429,6177
7.0,1.329026,6177
7.0,-3.060912,6177
7.0,3.6429858,6177
7.0,1.4875023,6177
6.97,-2.9281182,6177
6.96,-6.0570526,6177
6.96,5.3033447,6177
6.96,0.9232135,6177
6.92,-0.95827985,6177
6.92,4.1185703,6177
6.92,-4.1410713,6177
6.89,-2.1042547,6177
6.89,1.2992648,6177
6.89,-0.14005783,6177
6.85,-4.427974,6177
6.82,-1.1410613,6177
6.8,-5.2655573,6177
6.8,-0.09730548,6177
6.77,2.4330351,6177
6.75,4.5794363,6177
6.72,-5.756565,6177
6.7,-2.798799,6177
6.7,-5.2496133,6177
6.7,-3.7446108,6177
6.6,-4.431288,6177
6.54,7.6792517,6177
6.52,2.9777408,6177
6.52,-7.131943,6177
6.46,-0.33264315,6177
6.46,-6.1753387,6177
6.4,3.6697485,6177
6.38,4.554221,6177
6.35,2.5596533,6177
6.33,0.8620661,6177
6.32,-3.0630836,6177
6.31,2.1758492,6177
6.26,-1.1449813,6177
6.14,-6.093157,6177
6.12,-4.5878615,6177
6.12,4.577424,6177
6.01,0.4643943,6177
5.96,2.0628967,6177
5.78,-2.4228687,6177
5.74,-0.25285903,6177
5.51,3.3529074,6177
5.48,1.637803,6177
5.33,7.6429553,6177
5.25,-5.2386084,6177
6.92,5.7966313,6738
6.89,-4.3734126,6738
6.68,6.4365835,6738
6.68,1.1769391,6738
6.52,0.57958096,6738
6.51,0.81969094,6738
6.4,1.74247,6738
6.39,3.6604092,6738
6.36,-0.91943824,6738
6.35,4.456302,6738
6.35,6.043003,6738
6.34,2.150729,6738
6.33,8.652041,6738
6.29,-5.0078597,6738
6.28,0.95066166,6738
6.22,-0.3455108,6738
6.21,-1.1900078,6738
6.14,-0.67010003,6738
6.0,-1.5849254,6738
5.98,-2.820056,6738
5.96,-10.994791,6738
5.95,0.8679643,6738
5.94,-4.5741477,6738
5.93,-1.3112661,6738
5.92,-1.6880418,6738
5.92,-16.855597,6738
5.82,-6.0389323,6738
5.82,0.8355131,6738
5.8,3.2208307,6738
5.78,-3.0748587,6738
5.77,-7.82873,6738
5.76,1.1536216,6738
5.71,0.26247147,6738
5.71,1.3671224,6738
5.64,1.6739951,6738
5.64,3.916528,6738
5.59,-0.6730501,6738
5.59,-6.282329,6738
5.53,1.8822877,6738
5.5,-8.013378,6738
5.5,-0.20019248,6738
5.49,0.31269932,6738
5.46,3.624817,6738
5.46,0.59940064,6738
5.43,-0.5888962,6738
5.41,3.7270873,6738
5.39,-2.634135,6738
5.38,3.8618088,6738
5.37,-3.452106,6738
5.37,1.125665,6738
5.33,-0.85873324,6738
5.32,-7.8894396,6738
5.32,-1.0381911,6738
5.31,-0.41443408,6738
5.28,4.7203903,6738
5.28,-1.6888679,6738
5.25,1.6223898,6738
5.25,-2.532575,6738
5.23,1.5006471,6738
5.19,-2.3605247,6738
5.16,-6.396543,6738
5.12,-0.43669856,6738
5.08,-13.475367,6738
4.86,1.5113025,6738
4.82,-0.19937018,6738
4.67,-2.1977367,6738
6.8,-1.1827905,16382
7.99,0.5636706,12698
7.77,2.1511085,12698
8.59,0.8421863,6013
8.07,-2.4659455,6013
8.0,5.205685,6013
7.89,1.3771014,6013
7.86,0.83459955,6013
7.79,3.1202657,6013
7.54,5.4996285,6013
7.48,2.5574012,6013
7.4,-2.085486,6013
7.29,-1.9702867,6013
7.2,-1.5944017,6013
6.96,1.522467,6013
9.1,0.3251544,14522
8.05,-5.3560543,12969
7.72,6.1186414,12969
7.62,14.762574,12969
7.54,-2.0595138,12969
7.52,-9.094922,12969
7.52,6.1186414,12969
7.47,0.95213187,12969
7.41,9.3137455,12969
7.23,-2.4818094,12969
7.22,-4.470588,12969
7.21,-11.372859,12969
6.42,4.4043627,12969
4.9,3.9640236,14297
7.47,0.7132586,15723
9.85,-13.818671,5648
9.82,-0.79339665,5648
9.66,-5.580915,5648
9.44,-7.779725,5648
9.32,16.803116,5648
8.66,3.423147,5648
8.34,3.9620984,5648
7.88,1.6079342,5648
7.2,2.2373395,5648
7.0,-5.8071675,5648
6.14,-6.2625036,5648
5.89,-2.9949386,2719
5.82,-1.6142576,2719
8.0,7.4893093,12507
8.0,-0.11418771,12507
8.0,15.630749,12507
8.0,-15.133226,12507
8.0,-5.2036567,12507
8.0,-0.5406903,12507
8.0,-9.887746,12507
8.0,-13.456689,12507
8.0,6.31699,12507
8.0,5.9521027,12507
8.0,7.5475264,12507
8.7,3.302934,3429
8.3,2.6280692,3429
7.92,1.9612623,3429
7.82,1.2596688,3429
5.98,-2.3640115,3429
9.0,-0.19298196,7641
9.0,-7.328371,7641
9.0,5.5212913,7641
9.0,0.07778356,7641
9.0,1.8793099,7641
9.0,-9.716137,7641
9.0,-1.1360799,7641
9.0,0.24127641,7641
9.0,-7.081893,7641
9.0,3.5072732,7641
9.0,4.5098934,7641
9.0,4.7329483,7641
9.0,-0.6365529,7641
9.0,-1.720038,7641
9.0,-1.3783394,7641
9.0,9.150637,7641
9.0,5.34729,7641
9.0,0.51623005,7641
9.0,4.7844973,7641
9.0,6.1083813,7641
9.0,-7.8463635,7641
9.0,6.0766516,7641
9.0,-3.0849872,7641
9.0,-3.6068785,7641
9.0,0.7108276,7641
9.0,0.81822944,7641
9.0,0.28133607,7641
9.0,7.8325067,7641
9.0,6.232396,7641
9.0,-6.0323977,7641
9.0,1.7753937,7641
9.0,-0.8237448,7641
9.0,2.1324875,7641
9.0,8.37497,7641
9.0,7.843774,7641
9.0,8.573875,7641
9.0,9.337668,7641
9.0,-2.9346895,7641
9.0,-3.1447935,7641
9.0,-0.23308942,7641
9.0,2.893653,7641
9.0,9.769178,7641
9.0,2.267543,7641
9.0,7.5987797,7641
9.0,-4.1507325,7641
9.0,4.4008,7641
9.0,-4.6590776,7641
9.0,-1.1400082,7641
9.0,1.0133376,7641
9.0,-4.4569774,7641
9.0,3.7485166,7641
9.0,2.1125195,7641
9.0,-5.378253,7641
9.0,-2.9885743,7641
9.0,2.0261512,7641
9.0,7.246734,7641
9.0,1.1501135,7641
9.0,0.33439273,7641
9.0,-9.229984,7641
9.0,1.2235712,7641
9.0,-2.715911,7641
9.0,-0.41091046,7641
9.0,1.4375795,7641
9.0,-1.6297336,7641
9.0,0.94944847,7641
9.0,-1.311849,7641
9.0,-0.70015943,7641
9.0,0.6999612,7641
9.0,0.23430619,7641
9.0,4.4424973,7641
9.0,2.2351966,7641
9.0,-3.4711747,7641
9.0,1.5290829,7641
9.0,4.968733,7641
9.0,3.744592,7641
9.0,-1.3684869,7641
9.0,4.9910564,7641
9.0,5.075447,7641
9.0,-5.4318175,7641
9.0,7.0700803,7641
9.0,7.886638,7641
9.0,3.590411,7641
9.0,3.0891166,7641
9.0,1.8810537,7641
9.0,-1.0164392,7641
9.0,-0.04611614,7641
9.0,8.328238,7641
9.0,5.5967336,7641
9.0,5.728826,7641
8.7,-2.87135,7641
8.7,0.6931302,7641
8.7,1.1071492,7641
8.7,-6.21377,7641
8.7,5.511086,7641
8.7,3.0228298,7641
8.7,-0.70672035,7641
8.7,-2.7971256,7641
8.7,4.5122547,7641
8.7,-4.0336676,7641
8.7,0.29757333,7641
8.7,4.1179547,7641
8.7,4.2202816,7641
8.7,0.2921498,7641
8.7,-2.5208337,7641
8.7,1.4425577,7641
8.7,-2.906224,7641
8.7,-1.4082664,7641
8.7,2.5720885,7641
8.7,9.359951,7641
8.7,2.3926601,7641
8.7,-4.876882,7641
8.7,-3.4390624,7641
8.7,-2.0139837,7641
8.7,4.621812,7641
8.7,3.5366483,7641
8.7,2.9081447,7641
8.7,6.175409,7641
8.7,-7.2667904,7641
8.7,-0.18887174,7641
8.7,-4.5601716,7641
8.7,-3.5984955,7641
8.7,-1.35,7641
8.7,3.9113276,7641
8.7,4.9725795,7641
8.7,4.4823093,7641
8.7,-1.7463205,7641
8.7,-1.253742,7641
8.7,-4.105217,7641
8.7,2.0950267,7641
8.7,-1.2798123,7641
8.7,-7.3835535,7641
8.7,2.272997,7641
8.7,3.0688763,7641
8.7,1.70027,7641
8.7,3.8985965,7641
8.7,-4.0556855,7641
8.7,4.9322166,7641
8.7,1.3195678,7641
8.7,4.20359,7641
8.7,2.3254466,7641
8.7,4.211834,7641
8.7,2.258933,7641
8.7,3.4835901,7641
8.7,3.8983707,7641
8.7,2.8172836,7641
8.7,5.113042,7641
8.7,0.114449054,7641
8.7,-2.7981198,7641
8.7,2.3240666,7641
8.7,4.316891,7641
8.7,3.0674837,7641
8.7,-1.4994665,7641
8.7,2.633236,7641
8.7,-2.2697818,7641
8.7,-4.026088,7641
8.7,-6.350316,7641
8.7,-2.2834241,7641
8.7,4.2173386,7641
8.7,2.5038743,7641
8.7,-1.6513754,7641
8.7,4.0632024,7641
8.7,3.660711,7641
8.7,7.8341694,7641
8.7,3.073297,7641
8.7,4.424454,7641
8.7,5.283146,7641
8.7,1.5374343,7641
8.7,1.9386493,7641
8.7,-0.3896919,7641
8.7,-1.0146359,7641
8.7,6.9354067,7641
8.7,4.6712723,7641
8.7,0.35551712,7641
8.7,2.198844,7641
8.7,1.55254,7641
8.7,-5.160744,7641
8.7,2.7918828,7641
8.7,5.0888243,7641
8.7,1.1055129,7641
8.7,9.169271,7641
8.7,0.29036793,7641
8.7,8.777843,7641
8.7,2.8324661,7641
8.7,-0.80373687,7641
8.7,-1.0146363,7641
8.7,4.608131,7641
8.7,-2.0104659,7641
8.7,-1.4400873,7641
8.7,-3.78146,7641
8.7,-3.0088732,7641
8.7,0.85850865,7641
8.7,6.401284,7641
8.7,1.7143937,7641
8.7,-3.4583316,7641
8.7,5.5415397,7641
8.7,2.787585,7641
8.7,5.5541825,7641
8.7,5.882489,7641
8.7,-1.0772848,7641
8.7,5.352313,7641
8.7,2.5801787,7641
8.7,2.1594398,7641
8.7,0.27116728,7641
8.7,-1.9661487,7641
8.7,2.6925437,7641
8.7,0.0142188715,7641
8.7,-2.6388316,7641
8.7,-0.8413174,7641
8.7,4.470514,7641
8.7,-1.8476639,7641
8.52,1.9910494,7641
8.52,-1.1051128,7641
8.52,5.7860575,7641
8.52,-6.3396983,7641
8.52,-3.6145265,7641
8.52,3.073148,7641
8.52,-2.554201,7641
8.52,9.177825,7641
8.52,-2.015104,7641
8.52,0.8063653,7641
8.52,-4.5408454,7641
8.52,-1.264197,7641
8.52,0.7860861,7641
8.52,-0.3692635,7641
8.52,0.01203834,7641
8.52,-2.3729978,7641
8.52,7.0000024,7641
8.52,0.7623991,7641
8.52,5.1072345,7641
8.52,1.9715184,7641
8.52,1.0651386,7641
8.52,4.1251135,7641
8.52,-0.26505277,7641
8.52,5.5107684,7641
8.52,7.226313,7641
8.52,1.101733,7641
8.52,7.6286716,7641
8.52,-2.9844592,7641
8.52,2.7983215,7641
8.52,3.9843736,7641
8.52,4.6350384,7641
8.52,-1.2651646,7641
8.52,-1.7579057,7641
8.52,-3.2032993,7641
8.52,4.277873,7641
8.52,-6.2082777,7641
8.52,-8.734908,7641
8.52,5.4039183,7641
8.52,-10.012366,7641
8.52,2.302402,7641
8.52,4.3153157,7641
8.52,7.7748575,7641
8.52,7.3792562,7641
8.52,6.7394147,7641
8.52,4.623592,7641
8.52,3.2230597,7641
8.52,6.5776362,7641
8.52,5.1625514,7641
8.52,3.2114234,7641
8.52,3.235252,7641
8.52,5.5600977,7641
8.52,8.858047,7641
8.52,4.637248,7641
8.52,-4.155197,7641
8.52,-2.0149252,7641
8.52,2.506582,7641
8.52,5.1522765,7641
8.52,-0.8876962,7641
8.52,-1.6553228,7641
8.52,1.9910756,7641
8.52,4.205441,7641
8.52,-2.823248,7641
8.52,-0.12936862,7641
8.52,-0.70898116,7641
8.52,1.673343,7641
8.52,0.15460727,7641
8.52,-0.44333562,7641
8.52,0.47610787,7641
8.52,3.6659968,7641
8.52,-2.0656195,7641
8.52,7.06742,7641
8.52,0.95673853,7641
8.52,8.449913,7641
8.52,3.005041,7641
8.52,-1.8945018,7641
8.4,-2.9186502,7641
8.4,-2.3653774,7641
8.4,3.012779,7641
8.4,-2.4426405,7641
8.4,-0.46478072,7641
8.4,0.10694068,7641
8.4,2.9464133,7641
8.4,0.3662176,7641
8.4,0.15622082,7641
8.4,6.413741,7641
8.4,-3.6052237,7641
8.4,-0.7000032,7641
8.4,5.184629,7641
8.4,-1.2387758,7641
8.4,5.972986,7641
8.4,5.2087474,7641
8.4,2.923967,7641
8.4,5.1447926,7641
8.4,3.9698892,7641
8.4,-5.086367,7641
8.4,-3.7513874,7641
8.4,-0.95166534,7641
8.4,-5.238182,7641
8.4,-2.085987,7641
8.4,4.4900517,7641
8.4,1.9192702,7641
8.4,-0.6390712,7641
8.4,-1.2878592,7641
8.4,5.3022175,7641
8.4,7.8052025,7641
8.4,-8.850323,7641
8.4,1.2849066,7641
8.4,-4.40368,7641
8.4,3.0261605,7641
8.4,5.523038,7641
8.4,1.0124604,7641
8.4,1.4798719,7641
8.4,-3.3384106,7641
8.4,-2.829711,7641
8.4,-3.2566166,7641
8.4,1.1474694,7641
8.4,4.2609825,7641
8.4,7.259924,7641
8.4,7.7887564,7641
8.4,0.28307128,7641
8.4,-0.19456185,7641
8.4,9.313938,7641
8.4,0.54238164,7641
8.4,-3.103661,7641
8.4,-8.165961,7641
8.4,0.6974236,7641
8.4,7.8814936,7641
8.4,1.3212128,7641
8.4,-0.67222816,7641
8.4,0.89432395,7641
8.4,-1.6476539,7641
8.4,1.1797311,7641
8.4,2.1382563,7641
8.3,3.7142596,7641
8.3,5.8134217,7641
8.3,2.382021,7641
8.3,8.104517,7641
8.3,5.5872602,7641
8.3,-2.884907,7641
8.3,-0.47501126,7641
8.3,-2.761974,7641
8.3,4.8656373,7641
8.3,-0.31158018,7641
8.3,5.024919,7641
8.3,1.0975751,7641
8.3,5.365623,7641
8.3,4.676917,7641
8.3,-2.9687629,7641
8.3,-3.757207,7641
8.3,0.11177386,7641
8.3,0.6787593,7641
8.3,-6.0519786,7641
8.3,0.5358173,7641
8.3,-2.5148911,7641
8.3,-4.160503,7641
8.3,3.696276,7641
8.3,9.327501,7641
8.3,3.4895647,7641
8.3,-4.536499,7641
8.3,0.9269409,7641
8.3,2.792167,7641
8.3,-2.362318,7641
8.3,-6.4823523,7641
8.22,-2.5950289,7641
8.22,4.7314405,7641
8.22,3.4674048,7641
8.22,-13.122163,7641
8.22,-6.8132553,7641
8.22,-9.06862,7641
8.22,3.7905262,7641
8.22,-0.8457658,7641
8.22,-4.7602386,7641
8.22,1.977801,7641
8.22,-0.36735502,7641
8.22,-3.1499481,7641
8.22,3.490647,7641
8.22,-5.966986,7641
8.22,-2.3093832,7641
8.22,2.4158995,7641
8.22,3.534476,7641
8.22,-2.2262907,7641
8.22,4.0888658,7641
8.22,-0.65933967,7641
8.22,-1.4487759,7641
8.22,-1.2334008,7641
8.22,2.1810126,7641
8.15,-0.5538654,7641
8.15,0.57085544,7641
8.15,-0.5055749,7641
8.15,-0.86560273,7641
8.15,-0.834606,7641
8.15,2.0281293,7641
8.15,8.06003,7641
8.15,0.71594113,7641
8.15,0.36228663,7641
8.15,3.070595,7641
8.15,2.6960728,7641
8.15,1.2436458,7641
8.15,0.54221225,7641
8.15,5.226481,7641
8.15,0.63032186,7641
8.15,-4.9461365,7641
8.15,-0.7367571,7641
8.15,0.7496332,7641
8.15,-7.4158373,7641
8.15,-2.8155003,7641
8.15,-6.126491,7641
8.1,0.58258796,7641
8.1,-3.0056171,7641
8.1,-4.3649063,7641
8.1,-10.070565,7641
8.1,1.668208,7641
8.1,-3.2090757,7641
8.1,-1.2034886,7641
8.1,-0.8049832,7641
8.1,-2.3556237,7641
8.1,-1.2923427,7641
8.1,2.8575964,7641
8.1,3.7878754,7641
8.1,-2.149088,7641
8.05,7.587092,7641
8.05,3.8847704,7641
8.05,-2.6814563,7641
8.05,6.1949263,7641
8.05,-0.43852526,7641
8.05,-1.4944124,7641
8.05,2.8279457,7641
8.05,5.053586,7641
8.05,0.9217216,7641
8.05,0.8473573,7641
8.05,-0.28260645,7641
8.05,0.45183283,7641
8.05,4.9261484,7641
8.05,3.1591449,7641
8.05,6.641506,7641
8.0,-1.2642877,7641
8.0,-4.978711,7641
8.0,-0.9180772,7641
8.0,-7.9215055,7641
8.0,-6.295887,7641
8.0,2.6468513,7641
8.0,5.175072,7641
7.96,5.369681,7641
7.96,7.1067905,7641
7.96,-1.7195072,7641
7.96,-2.1711328,7641
7.96,-7.2738714,7641
7.96,-2.0178132,7641
7.92,-2.7749422,7641
7.92,0.8935065,7641
7.92,2.4215593,7641
7.92,-1.8268856,7641
7.92,-2.038113,7641
7.92,7.5267797,7641
7.89,4.693037,7641
7.89,-2.790752,7641
7.89,6.3096833,7641
7.89,-15.264939,7641
7.89,-1.1290387,7641
7.89,-1.8543673,7641
7.89,2.1802642,7641
7.89,3.3283582,7641
7.89,-4.7876782,7641
7.89,6.7800784,7641
7.89,4.8939886,7641
7.85,3.5197585,7641
7.85,-1.9880412,7641
7.85,2.5258608,7641
7.85,-4.555664,7641
7.85,3.6989653,7641
7.85,-0.4205636,7641
7.82,0.24290222,7641
7.82,3.2419896,7641
7.82,1.377714,7641
7.82,-2.4117727,7641
7.82,-7.6653566,7641
7.82,-5.6487036,7641
7.8,2.6465418,7641
7.77,-1.8507764,7641
7.77,-0.24841867,7641
7.77,3.6547108,7641
7.77,-0.37794766,7641
7.77,-1.3336728,7641
7.75,-8.697794,7641
7.75,-4.919998,7641
7.72,-1.1524786,7641
7.72,-15.15649,7641
7.72,-6.6834507,7641
7.7,-0.44439957,7641
7.7,-4.4777837,7641
7.7,6.2759886,7641
7.7,-0.48101175,7641
7.68,0.407136,7641
7.68,-3.4653137,7641
7.66,-1.4741313,7641
7.64,-4.8277073,7641
7.64,-3.8658316,7641
7.64,-0.6039584,7641
7.64,-1.6158799,7641
7.62,4.908287,7641
7.62,-3.8555195,7641
7.6,-5.713373,7641
7.6,6.524973,7641
7.6,2.64322,7641
7.58,4.658578,7641
7.58,-0.77269554,7641
7.58,-1.0995239,7641
7.57,-1.0156281,7641
7.57,-4.0552955,7641
7.55,-14.375585,7641
7.54,4.1002607,7641
7.54,-15.961689,7641
7.52,3.040109,7641
7.51,-2.8616688,7641
7.5,-8.593923,7641
7.48,0.51709104,7641
7.48,4.4153595,7641
7.46,-4.327519,7641
7.44,0.8069789,7641
7.4,7.6784554,7641
7.4,-13.440097,7641
7.39,-0.7847176,7641
7.39,6.8934755,7641
7.39,-14.551871,7641
7.36,0.6598556,7641
7.35,8.366844,7641
7.33,-13.33089,7641
7.32,-10.751247,7641
7.31,-13.028842,7641
7.31,-1.424304,7641
7.3,-8.429178,7641
7.3,2.1689677,7641
7.3,5.548254,7641
7.3,3.1434932,7641
7.27,2.0807276,7641
7.26,-5.4416957,7641
7.26,3.7139003,7641
7.25,-3.820441,7641
7.25,-13.647514,7641
7.25,-10.4318,7641
7.24,0.867848,7641
7.24,0.13804425,7641
7.23,8.860094,7641
7.23,-0.01656244,7641
7.21,-5.234066,7641
7.19,-0.47841388,7641
7.19,-10.528485,7641
7.17,-0.72878844,7641
7.16,-0.9726417,7641
7.14,-1.696624,7641
7.13,-6.860464,7641
7.09,7.616041,7641
7.08,3.4146338,7641
7.06,-11.050548,7641
7.06,-8.958855,7641
7.06,-7.594889,7641
7.02,-5.5205994,7641
7.02,-9.030604,7641
7.0,-10.700242,7641
6.98,-2.9294517,7641
6.97,0.6070831,7641
6.94,-15.152814,7641
6.94,-15.961723,7641
6.93,-11.643176,7641
6.92,-1.7341081,7641
6.89,-2.3161573,7641
6.85,-8.332493,7641
6.79,-13.922128,7641
6.77,-14.184999,7641
6.71,-11.78387,7641
6.7,-3.002109,7641
6.7,-3.9487228,7641
6.66,-3.632142,7641
6.64,-12.782852,7641
6.61,-3.5163999,7641
6.57,1.1578132,7641
6.57,-17.004593,7641
6.56,-1.8347615,7641
6.55,-5.309125,7641
6.54,-11.295686,7641
6.53,-11.166144,7641
6.5,6.402213,7641
6.42,-2.372271,7641
6.36,-6.4043503,7641
6.35,2.9866812,7641
6.34,-12.328727,7641
6.3,-15.374805,7641
6.28,-14.777321,7641
6.26,1.8980244,7641
6.26,-0.83893186,7641
6.24,-15.180362,7641
6.24,0.6819203,7641
6.23,6.610395,7641
6.22,-11.542492,7641
6.17,-0.4424792,7641
6.08,-11.091136,7641
6.08,-1.1524022,7641
6.01,-5.560858,7641
6.01,-2.4389188,7641
5.95,-15.372105,7641
5.94,0.06662397,7641
5.85,-1.0420738,7641
5.85,-6.2049103,7641
5.85,8.121322,7641
5.81,-14.857567,7641
5.74,-14.798642,7641
5.7,4.464607,7641
5.7,0.0007728478,7641
5.7,-5.869642,7641
5.7,-15.905317,7641
5.7,-10.163759,7641
5.7,-14.695473,7641
5.7,-6.367518,7641
5.7,-7.1690702,7641
5.7,-6.664852,7641
5.67,-1.1594151,7641
5.66,0.32703662,7641
5.65,-14.780922,7641
5.65,1.0304437,7641
5.58,-3.4558349,7641
5.54,-17.356388,7641
5.38,-3.2935882,7641
5.16,4.113814,7641
5.0,-4.756327,7641
5.0,-11.236978,7641
5.0,-10.895479,7641
5.0,-9.902685,7641
5.0,-5.447426,7641
5.0,-10.522666,7641
5.0,0.65556115,7641
5.0,-8.53291,7641
4.82,-10.776573,7641
4.82,-10.233914,7641
7.75,10.614656,361
7.52,10.563744,361
7.0,2.921869,361
6.7,3.7111266,361
6.4,-7.2910624,361
5.68,-13.926107,361
5.4,-13.51514,361
8.03,-2.252895,11195
7.61,3.171911,11195
7.44,-0.39414337,11195
6.51,3.1719103,11195
6.49,-2.252895,11195
6.48,8.157887,11195
6.36,8.98184,11195
6.47,1.1022183,1411
7.11,14.711572,10298
6.96,5.3865113,10298
6.38,4.6708727,10298
6.38,-4.1583242,10298
6.35,9.489424,10298
6.32,3.213019,10298
6.08,-2.3431678,10298
6.0,0.42963043,10298
5.88,-2.8826206,10298
5.85,-1.4244106,10298
5.82,-1.6770922,10298
5.45,-7.838633,10298
5.44,-6.315265,10298
5.35,-4.7953753,10298
5.29,-1.3753877,10298
5.27,-3.7012947,10298
5.2,-12.849111,10298
4.79,-8.289563,10298
8.4,0.87935567,16016
8.4,-2.6861348,16016
8.15,0.09035696,16016
8.05,3.2318234,16016
7.96,-10.379581,16016
7.82,2.529175,16016
7.72,-1.9288615,16016
7.7,2.2339566,16016
7.52,-3.824462,16016
7.41,-0.6269472,16016
7.35,-9.052849,16016
7.26,-2.0686533,16016
7.16,-6.336121,16016
7.16,1.2478664,16016
7.1,-10.650468,16016
7.06,-0.18392545,16016
7.05,-1.2088002,16016
7.05,-3.9325032,16016
7.05,-10.046646,16016
7.0,-9.292219,16016
6.96,-0.4929973,16016
6.91,-6.750326,16016
6.7,6.169764,16016
6.57,1.746338,16016
6.54,-0.35544342,16016
6.52,-10.14838,16016
6.51,-2.4028504,16016
6.48,-8.798409,16016
6.25,3.8121722,16016
6.18,-1.3786391,16016
6.16,0.27409795,16016
5.76,-11.294277,16016
5.75,2.5021815,16016
5.7,-11.980161,16016
5.52,-5.547486,16016
5.51,2.9634597,16016
5.5,-15.520332,16016
5.49,-5.2414174,16016
5.37,4.8089447,16016
5.36,-2.4402606,16016
5.25,-1.5883538,16016
5.14,-9.393616,16016
4.64,-11.375778,16016
7.96,-1.0229408,16501
7.89,-6.992203,16501
7.89,10.97019,16501
7.85,-8.288223,16501
7.8,8.8414545,16501
7.58,-21.234676,16501
7.54,-1.9263766,16501
7.54,15.1542635,16501
7.52,-20.12006,16501
7.48,6.70488,16501
7.43,-14.773504,16501
7.43,4.695741,16501
7.42,-19.844955,16501
7.41,-11.439508,16501
7.4,-9.958143,16501
7.4,-9.066974,16501
7.3,-12.315551,16501
7.26,-15.962136,16501
7.17,-15.442934,16501
7.01,-6.571011,16501
6.95,-16.429901,16501
6.86,-7.194529,16501
6.81,2.9898548,16501
6.79,6.102852,16501
6.78,-6.4153476,16501
6.71,-4.159968,16501
6.23,-7.871106,16501
5.02,10.935854,2437
5.0,11.324671,2437
4.97,9.942548,2437
4.88,-2.8366792,2437
4.77,-12.9645405,2437
6.68,0.53820145,3981
7.51,-7.0229883,14222
8.15,16.665434,4078
7.92,12.697598,4078
7.75,14.463711,4078
7.75,3.6875956,4078
7.42,11.4215765,4078
7.38,-2.6955574,4078
7.26,8.66418,4078
7.03,10.001993,4078
6.95,9.887985,4078
6.9,10.319903,4078
6.86,-3.1100962,4078
6.75,-3.2697723,4078
6.39,-0.881798,4078
6.29,-7.4002457,4078
6.22,3.580545,4078
6.08,-8.348774,4078
6.06,-0.022194333,4078
6.05,-9.55404,4078
5.94,5.2846336,4078
5.17,-12.867539,4078
5.05,-11.624145,4078
6.77,6.508486,10227
6.64,11.911148,10227
6.55,1.379548,10227
6.52,13.839216,10227
6.51,6.1868067,10227
6.42,-1.6625788,10227
6.41,-0.47224462,10227
6.41,-8.444398,10227
6.38,-3.301697,10227
6.34,2.1142228,10227
6.32,5.024772,10227
6.21,-8.390134,10227
7.8,2.6939018,13225
7.96,1.7246889,2489
7.3,15.912402,15186
7.0,12.518166,15186
6.3,6.5361896,15186
6.1,-2.9391916,15186
6.0,-4.394623,15186
5.7,-3.0415914,15186
5.4,-5.7117133,15186
5.3,1.0774376,15186
5.1,-12.514487,15186
5.1,-10.391416,15186
5.05,-11.664649,15186
4.82,-10.4165945,15186
4.75,-8.55525,15186
4.64,-14.557716,15186
4.48,-9.495111,15186
5.75,-0.34804407,3018
4.75,0.072259195,6334
4.74,-0.31582266,6334
4.73,-3.2992108,6334
4.61,-1.9402555,6334
4.6,2.9855878,6334
4.59,1.0649717,6334
4.26,-1.6327779,6334
8.0,0.8852668,9663
8.0,-8.670142,9663
8.0,-14.002039,9663
6.82,4.228577,17245
5.05,-3.966648,17245
5.0,1.73991,17245
4.89,2.2555997,17245
4.3,-1.4420451,17245
6.1,-0.90474105,8921
10.0,4.176828,9649
9.49,4.676063,9649
9.38,7.447566,9649
9.0,1.6586145,9649
8.82,7.7959313,9649
8.62,-3.1988838,9649
8.4,-1.5867077,9649
8.3,1.0491349,9649
7.14,-1.1019459,9649
6.77,-7.4637947,9649
6.24,-2.5472882,9649
7.77,-0.82810485,16432
7.0,6.8160014,16432
6.96,4.3403254,16432
6.96,11.817606,16432
6.85,-8.410707,16432
6.77,11.264178,16432
6.68,12.883114,16432
6.6,-5.3810873,16432
6.57,-9.509531,16432
6.47,5.2298074,16432
6.44,12.50409,16432
6.37,-11.211984,16432
6.33,3.7738013,16432
6.29,5.8861012,16432
6.24,3.473593,16432
6.07,13.7041855,16432
6.04,8.346922,16432
5.89,7.7167544,16432
5.8,14.960133,16432
7.77,8.237999,2362
7.64,0.92367756,2362
7.41,3.4475458,2362
7.36,-1.9645342,2362
7.34,-1.6909145,2362
7.21,4.7689304,2362
7.16,-2.131303,2362
7.02,-4.556397,2362
6.99,0.08233231,2362
6.98,2.5158,2362
5.61,1.9285494,3530
5.55,1.0833967,11043
5.19,-10.551743,14915
5.39,1.8381357,11645
7.44,-1.7242655,11911
7.72,11.966296,17049
7.66,-6.021578,17049
7.64,-6.8131227,17049
7.57,1.030371,17049
7.52,0.3861863,17049
7.51,6.8206344,17049
7.47,8.319102,17049
7.46,-6.021577,17049
7.37,8.319102,17049
7.18,1.9147817,17049
7.11,-0.19950515,17049
7.1,6.820635,17049
6.92,-3.791288,17049
6.92,6.06668,17049
6.89,-12.447048,17049
6.85,7.5817766,17049
6.75,4.5735693,17049
6.7,-3.3266134,17049
6.46,4.8105884,17049
6.13,-4.9386334,3350
5.99,11.596375,3350
5.9,-9.566064,3350
8.15,-2.844659,7897
7.02,9.801744,7897
7.58,8.130513,10110
7.33,5.2446632,10110
7.12,-2.5223951,10110
6.92,-4.5311394,10110
9.0,0.26486313,16904
8.42,-2.3971057,12775
7.7,3.239575,15432
6.02,-7.4638023,15432
5.89,-5.4572124,15432
5.81,-7.6991057,15432
5.78,3.239575,15432
5.32,-7.7619977,15432
5.26,-10.835173,15432
8.7,15.3522835,4051
8.4,4.213307,4051
8.22,9.806207,4051
8.1,6.319812,4051
8.05,7.6224165,4051
8.05,-20.685106,4051
8.0,7.782605,4051
7.96,-2.507795,4051
7.89,0.380555,4051
7.89,-2.2075045,4051
7.82,14.784054,4051
7.8,-23.140144,4051
7.77,9.036249,4051
7.72,7.9363027,4051
7.7,15.282831,4051
7.68,2.1052494,4051
7.66,-16.395443,4051
7.58,-6.421735,4051
7.58,1.6496912,4051
7.52,14.419246,4051
7.46,6.994928,4051
7.4,-6.227496,4051
7.3,15.291315,4051
7.28,4.789606,4051
7.18,-14.396606,4051
7.16,5.755699,4051
7.16,-5.551287,4051
7.13,-0.35195446,4051
7.03,-10.934797,4051
7.02,2.086385,4051
6.55,-4.0563335,4051
6.41,-1.1650542,4051
7.41,-0.22894652,14121
7.89,11.338303,9411
7.42,-1.3670609,9411
6.8,16.173412,15180
6.8,8.558142,15180
6.64,16.555084,15180
6.58,15.193188,15180
6.52,13.87325,15180
6.52,7.4345236,15180
6.52,9.69809,15180
6.47,14.003696,15180
6.47,8.92536,15180
6.4,9.413864,15180
6.4,8.372679,15180
6.3,13.355065,15180
6.3,12.382242,15180
6.3,-6.812972,15180
6.22,8.391876,15180
6.16,6.4367785,15180
5.89,1.2400482,15180
5.89,5.2644796,15180
5.7,5.264479,15180
5.64,1.4458512,15180
5.64,1.2826433,15180
5.62,-11.596429,15180
5.62,1.2400479,15180
5.52,-13.68649,15180
5.46,6.6647544,15180
5.22,6.6647534,15180
5.1,3.7662575,15180
4.89,-5.7575636,15180
4.89,-11.544186,15180
4.85,-14.156438,15180
4.46,6.4367766,15180
4.4,-17.728708,15180
5.6,-7.2045918,17754
5.5,0.72793007,17754
5.4,4.3192167,17754
5.4,-5.0447736,17754
5.3,5.294501,17754
5.2,-0.08931306,17754
5.1,1.9910501,17754
5.1,2.8324697,17754
5.0,-2.6926668,17754
5.0,1.7074338,17754
5.0,4.874758,17754
4.9,7.7094946,17754
4.9,0.12896714,17754
4.9,-2.1918812,17754
4.8,7.492163,17754
4.8,-10.26668,17754
4.7,3.001539,17754
4.6,5.020321,17754
8.85,2.8920987,11218
7.17,-5.011283,11218
9.82,3.49841,6237
9.8,-1.0675946,6237
9.8,6.633592,6237
9.77,9.612364,6237
9.74,-0.11164238,6237
9.71,9.660933,6237
9.66,10.330936,6237
9.65,2.2052026,6237
9.65,7.0406265,6237
9.65,2.7563546,6237
9.63,8.462872,6237
9.63,3.4984097,6237
9.63,-4.895441,6237
9.63,3.7180138,6237
9.61,5.5569196,6237
9.6,-4.4994645,6237
9.59,6.186408,6237
9.59,-2.6394327,6237
9.58,-2.6394327,6237
9.57,3.3479867,6237
9.56,8.465695,6237
9.54,10.622142,6237
9.54,3.5511582,6237
9.54,4.7444906,6237
9.53,-1.4347463,6237
9.53,7.877749,6237
9.53,-1.7411808,6237
9.52,2.628858,6237
9.52,3.6754348,6237
9.52,2.3618886,6237
9.51,4.408967,6237
9.51,5.6759567,6237
9.51,6.099308,6237
9.5,-2.8719819,6237
9.5,-1.1070116,6237
9.5,11.078487,6237
9.49,-0.29322478,6237
9.49,2.3022463,6237
9.48,4.984556,6237
9.47,-5.0658617,6237
9.47,5.627183,6237
9.47,-1.096225,6237
9.45,10.7820015,6237
9.45,8.097668,6237
9.45,0.23604266,6237
9.44,-1.0222076,6237
9.42,11.260907,6237
9.42,-5.2195244,6237
9.42,3.4228222,6237
9.41,4.1863027,6237
9.41,6.384093,6237
9.4,1.0183918,6237
9.39,11.514286,6237
9.39,0.2787512,6237
9.37,3.5901346,6237
9.37,4.49001,6237
9.37,0.93702835,6237
9.37,4.80393,6237
9.36,-3.3292537,6237
9.36,1.9925741,6237
9.35,4.744867,6237
9.33,2.7979884,6237
9.33,4.6751056,6237
9.33,6.0721397,6237
9.32,4.1198883,6237
9.32,4.085162,6237
9.32,6.026152,6237
9.32,1.7632535,6237
9.31,11.260907,6237
9.31,-0.73596025,6237
9.29,-2.747042,6237
9.29,3.9816382,6237
9.29,-3.707987,6237
9.29,3.276587,6237
9.28,-3.0087845,6237
9.28,3.69724,6237
9.27,7.051785,6237
9.27,7.0517855,6237
9.27,-1.4599154,6237
9.26,-0.93229485,6237
9.26,3.084529,6237
9.26,5.063017,6237
9.25,-2.8319032,6237
9.25,5.230607,6237
9.25,-3.1103308,6237
9.25,-2.6394327,6237
9.24,3.196724,6237
9.23,-12.231705,6237
9.23,3.9221532,6237
9.23,-6.534709,6237
9.23,-0.39061755,6237
9.22,8.348072,6237
9.22,4.7036924,6237
9.22,-1.2876246,6237
9.22,4.973314,6237
9.22,7.938077,6237
9.21,5.5044665,6237
9.21,-0.15245964,6237
9.18,9.612364,6237
9.18,-3.3808897,6237
9.18,7.191841,6237
9.17,-8.981872,6237
9.17,7.2573676,6237
9.16,8.50921,6237
9.15,2.1737847,6237
9.15,0.9638756,6237
9.15,5.3130045,6237
9.14,-6.449355,6237
9.14,2.8573277,6237
9.14,10.171489,6237
9.14,7.8563304,6237
9.13,-4.0956373,6237
9.13,1.24592,6237
9.13,-5.8763566,6237
9.13,10.375497,6237
9.12,-0.99439234,6237
9.12,-3.7438188,6237
9.12,0.3366962,6237
9.12,12.284002,6237
9.11,-5.385554,6237
9.11,-3.0077672,6237
9.11,-1.3832666,6237
9.1,6.9977174,6237
9.1,-8.981872,6237
9.09,7.232814,6237
9.09,8.074177,6237
9.09,-4.983163,6237
9.09,7.8969927,6237
9.08,0.5050531,6237
9.07,2.3157377,6237
9.07,7.572813,6237
9.06,-0.37739685,6237
9.06,16.127895,6237
9.06,-6.381141,6237
9.06,-5.120589,6237
9.05,-7.788541,6237
9.04,11.6338,6237
9.04,5.6424417,6237
9.03,3.986743,6237
9.03,-4.7166224,6237
9.03,10.774922,6237
9.03,-7.3165784,6237
9.03,-2.098734,6237
9.03,1.23944,6237
9.02,7.3614793,6237
9.02,4.8603373,6237
9.02,8.219518,6237
9.01,4.521923,6237
9.01,-4.910202,6237
9.0,2.6688335,6237
9.0,-1.2764385,6237
9.0,0.7945803,6237
9.0,3.6754348,6237
8.99,9.929548,6237
8.98,2.756394,6237
8.98,-3.916806,6237
8.98,-8.627479,6237
8.98,-2.079806,6237
8.97,1.7115473,6237
8.97,3.735091,6237
8.97,3.6950362,6237
8.97,-3.402189,6237
8.97,-7.292283,6237
8.97,7.5154996,6237
8.95,-2.8046741,6237
8.95,0.10249533,6237
8.95,-6.369017,6237
8.95,-0.35354006,6237
8.94,6.289439,6237
8.94,-3.8866026,6237
8.94,-3.351062,6237
8.94,1.2760615,6237
8.93,1.0294689,6237
8.93,-4.9102025,6237
8.92,-4.078519,6237
8.92,-10.596409,6237
8.92,-3.5253627,6237
8.92,5.0729165,6237
8.91,0.8398016,6237
8.9,1.4308426,6237
8.9,5.1232057,6237
8.9,-4.7166243,6237
8.89,-1.8434448,6237
8.89,8.656178,6237
8.89,8.418264,6237
8.89,-8.981872,6237
8.88,-0.35832742,6237
8.88,-10.59103,6237
8.88,-6.3811407,6237
8.88,-6.4595237,6237
8.87,7.8452787,6237
8.87,3.3450968,6237
8.87,0.59860396,6237
8.87,-0.73596025,6237
8.87,7.1935334,6237
8.87,-0.72234964,6237
8.87,-2.6717236,6237
8.86,-1.9649274,6237
8.85,0.08638425,6237
8.85,2.4936476,6237
8.85,6.1311636,6237
8.85,2.3094082,6237
8.85,2.331733,6237
8.84,4.619873,6237
8.84,-5.0278788,6237
8.84,5.4469423,6237
8.84,4.4676814,6237
8.83,13.818523,6237
8.83,1.9925741,6237
8.82,4.075214,6237
8.82,-0.20034738,6237
8.82,-0.81984234,6237
8.81,-4.3073645,6237
8.81,-4.7166243,6237
8.81,-7.403964,6237
8.81,2.1630733,6237
8.81,-3.6649117,6237
8.81,2.1089342,6237
8.81,10.009603,6237
8.81,-1.6083206,6237
8.8,-2.004377,6237
8.8,4.442208,6237
8.8,3.8680973,6237
8.8,8.838738,6237
8.79,7.1092806,6237
8.79,1.5367507,6237
8.79,3.558436,6237
8.79,0.8436047,6237
8.78,6.9962463,6237
8.78,7.572812,6237
8.78,-2.0633986,6237
8.76,10.506311,6237
8.76,4.4664335,6237
8.76,-1.2695829,6237
8.75,2.4249907,6237
8.74,6.6697345,6237
8.74,2.617203,6237
8.73,4.550944,6237
8.73,-1.5893534,6237
8.73,2.0437071,6237
8.72,9.674776,6237
8.72,2.5600064,6237
8.72,6.655809,6237
8.71,-2.6786163,6237
8.71,-1.503014,6237
8.7,0.43073222,6237
8.7,5.782697,6237
8.69,-11.928775,6237
8.69,0.016842026,6237
8.68,9.19778,6237
8.68,-1.3125645,6237
8.67,3.2137332,6237
8.67,-2.4197462,6237
8.67,-0.9455641,6237
8.67,-1.2442392,6237
8.66,2.4278102,6237
8.66,-3.0077672,6237
8.66,9.417635,6237
8.66,-1.7592514,6237
8.64,6.3939233,6237
8.64,-2.5226681,6237
8.63,8.037677,6237
8.63,2.5988698,6237
8.63,8.653297,6237
8.63,0.19306864,6237
8.62,1.2560748,6237
8.61,-2.4063053,6237
8.61,0.54871297,6237
8.61,3.196222,6237
8.61,-1.5443147,6237
8.61,2.4186158,6237
8.61,3.0206592,6237
8.6,0.7333694,6237
8.6,3.6580758,6237
8.6,2.208329,6237
8.59,-0.2044426,6237
8.59,3.3653083,6237
8.59,-3.4822638,6237
8.58,7.525398,6237
8.58,-6.795026,6237
8.58,6.1485214,6237
8.58,8.014847,6237
8.58,2.4186158,6237
8.57,-0.8525699,6237
8.57,-2.5226681,6237
8.57,-2.0526927,6237
8.57,3.415095,6237
8.56,2.3808727,6237
8.56,4.415267,6237
8.56,2.002468,6237
8.56,-7.0437284,6237
8.56,2.7387342,6237
8.55,3.0066135,6237
8.55,1.1710788,6237
8.55,2.9649684,6237
8.55,-3.6610045,6237
8.54,5.872882,6237
8.54,-4.5839105,6237
8.54,-2.4676251,6237
8.54,-2.9003642,6237
8.53,0.61576235,6237
8.53,-2.4009814,6237
8.53,-1.1241285,6237
8.52,4.433009,6237
8.52,1.94531,6237
8.52,5.4798064,6237
8.51,1.2878281,6237
8.51,0.058899622,6237
8.51,9.503775,6237
8.51,3.2398446,6237
8.51,3.3536036,6237
8.5,7.5308504,6237
8.5,-0.99439263,6237
8.49,-0.02708922,6237
8.49,-1.7639834,6237
8.48,7.817797,6237
8.48,0.21609613,6237
8.48,1.3411909,6237
8.48,-0.9413355,6237
8.47,-7.157184,6237
8.47,-1.3973219,6237
8.46,-0.5244113,6237
8.46,1.6343343,6237
8.45,2.4186163,6237
8.45,4.744867,6237
8.45,3.0103319,6237
8.45,5.6940255,6237
8.44,-1.6745669,6237
8.44,-0.91091496,6237
8.44,-3.9527798,6237
8.44,-3.8610787,6237
8.44,-2.6495728,6237
8.44,-0.19906923,6237
8.43,2.146814,6237
8.43,2.7096658,6237
8.43,11.267674,6237
8.42,4.1825724,6237
8.42,4.144744,6237
8.42,4.668945,6237
8.41,1.6957558,6237
8.4,9.391492,6237
8.4,0.4384116,6237
8.39,4.634095,6237
8.38,4.0175586,6237
8.36,-3.8946137,6237
8.36,-3.9977324,6237
8.36,-3.7329013,6237
8.36,-4.563015,6237
8.36,3.5955966,6237
8.35,5.604903,6237
8.35,8.892644,6237
8.35,2.0895293,6237
8.35,-2.0481794,6237
8.35,5.9965324,6237
8.35,-7.400471,6237
8.34,-7.5546474,6237
8.34,-0.8942809,6237
8.34,-2.1413403,6237
8.34,0.6670107,6237
8.33,1.0801464,6237
8.31,0.3031566,6237
8.31,4.0885158,6237
8.31,-7.7261868,6237
8.31,4.1710095,6237
8.29,-0.8141927,6237
8.29,4.18105,6237
8.28,2.256057,6237
8.28,-2.2458844,6237
8.27,2.2093167,6237
8.27,-5.0555925,6237
8.27,4.900711,6237
8.27,5.6424427,6237
8.27,9.243868,6237
8.26,12.678747,6237
8.26,5.093942,6237
8.25,0.42994928,6237
8.25,-0.73460555,6237
8.24,6.8718786,6237
8.24,4.433857,6237
8.23,6.458761,6237
8.23,9.549528,6237
8.23,4.819383,6237
8.23,-0.07080145,6237
8.23,4.766139,6237
8.22,-0.48259485,6237
8.22,4.5376186,6237
8.22,5.481842,6237
8.21,4.6635056,6237
8.21,-11.34796,6237
8.21,4.35736,6237
8.21,5.9407344,6237
8.2,-3.5871928,6237
8.2,6.885838,6237
8.2,-4.048721,6237
8.2,6.1887403,6237
8.19,0.62095106,6237
8.19,-5.182219,6237
8.19,1.6811554,6237
8.18,0.3060993,6237
8.18,2.4907024,6237
8.18,4.7995973,6237
8.18,-9.395315,6237
8.17,-6.4767256,6237
8.17,5.5679255,6237
8.17,9.574649,6237
8.14,3.0121846,6237
8.13,3.855544,6237
8.12,-1.9860475,6237
8.12,0.62415737,6237
8.11,-3.732521,6237
8.11,5.939938,6237
8.09,-5.3331122,6237
8.08,11.260907,6237
8.08,10.032705,6237
8.08,-3.1921668,6237
8.07,1.2897304,6237
8.07,9.085915,6237
8.06,11.337563,6237
8.05,-4.479223,6237
8.05,4.476073,6237
8.04,7.381853,6237
8.03,0.9995508,6237
8.03,2.5740497,6237
8.02,6.8858366,6237
8.01,2.7563543,6237
8.01,-3.9454298,6237
8.01,-1.2467104,6237
8.0,2.8720963,6237
8.0,3.543252,6237
7.99,3.9694345,6237
7.99,4.357398,6237
7.99,-0.44142774,6237
7.99,-6.3062043,6237
7.98,-0.28571877,6237
7.98,-1.1025507,6237
7.97,4.4443374,6237
7.97,-2.3954604,6237
7.97,-0.4247235,6237
7.96,-3.3324375,6237
7.96,5.2467475,6237
7.96,2.8241558,6237
7.96,4.7444906,6237
7.96,-4.379817,6237
7.96,-3.8484318,6237
7.95,3.2829177,6237
7.95,-4.490654,6237
7.94,2.6588378,6237
7.93,2.6881275,6237
7.93,3.5432634,6237
7.93,0.26266655,6237
7.92,-4.328371,6237
7.92,-0.97547895,6237
7.92,-4.4469757,6237
7.9,-0.67729163,6237
7.9,-1.4347457,6237
7.89,-1.117356,6237
7.89,5.39459,6237
7.89,3.6482997,6237
7.88,4.9235578,6237
7.88,-6.0423493,6237
7.87,3.7556937,6237
7.87,1.3662939,6237
7.87,1.4542083,6237
7.87,1.9644492,6237
7.87,4.6080847,6237
7.86,0.995842,6237
7.85,3.950186,6237
7.85,-2.285925,6237
7.84,4.8906264,6237
7.83,4.3539968,6237
7.83,3.0261197,6237
7.83,6.8858366,6237
7.82,3.0679672,6237
7.82,-9.842426,6237
7.82,9.12376,6237
7.82,5.694026,6237
7.82,-0.7002809,6237
7.8,5.8182645,6237
7.79,-6.320042,6237
7.76,-10.9704485,6237
7.76,-1.3049779,6237
7.75,5.8063984,6237
7.73,5.1655664,6237
7.73,10.330936,6237
7.72,-6.0154514,6237
7.71,-3.0740285,6237
7.7,-3.0077677,6237
7.7,10.581903,6237
7.69,2.7240095,6237
7.67,8.062786,6237
7.67,3.2620401,6237
7.66,-0.81984234,6237
7.66,2.8454254,6237
7.65,6.532019,6237
7.65,-0.035069454,6237
7.64,3.00011,6237
7.63,0.17334062,6237
7.63,9.57965,6237
7.63,-2.0119996,6237
7.63,-5.385554,6237
7.62,6.116067,6237
7.62,-2.6394327,6237
7.62,-9.178557,6237
7.62,2.7068284,6237
7.62,-2.3405058,6237
7.61,-4.2215242,6237
7.61,-2.3578815,6237
7.61,5.0189147,6237
7.6,0.9853794,6237
7.59,-1.8922434,6237
7.59,11.400738,6237
7.59,3.5511582,6237
7.59,-6.3086567,6237
7.59,-3.0087845,6237
7.58,-1.7465867,6237
7.57,-8.083217,6237
7.55,-2.399467,6237
7.54,3.4984095,6237
7.53,2.5748794,6237
7.52,-4.559544,6237
7.52,-0.35354042,6237
7.51,-0.15220207,6237
7.51,-1.5281382,6237
7.51,2.9312932,6237
7.5,-4.801734,6237
7.5,-8.019539,6237
7.49,-1.4769306,6237
7.49,-0.8203245,6237
7.49,-2.2713797,6237
7.47,3.6754348,6237
7.47,1.3852985,6237
7.46,10.502815,6237
7.46,3.609886,6237
7.44,-1.663802,6237
7.41,-0.9943918,6237
7.4,-3.5107982,6237
7.4,-7.7263913,6237
7.39,8.033396,6237
7.38,-2.6394327,6237
7.38,1.0183918,6237
7.38,-0.7359603,6237
7.37,-0.37739718,6237
7.37,-4.1689057,6237
7.36,7.789105,6237
7.36,-2.6195536,6237
7.35,7.0901294,6237
7.35,9.324903,6237
7.32,-1.0109233,6237
7.3,-8.963564,6237
7.28,4.0788393,6237
7.27,4.7302427,6237
7.27,-2.2697184,6237
7.27,-1.7307719,6237
7.25,-4.1214023,6237
7.25,1.9977716,6237
7.25,6.207737,6237
7.23,4.776217,6237
7.22,4.2095804,6237
7.22,-4.6052365,6237
7.22,-5.600692,6237
7.18,7.051785,6237
7.18,-9.542163,6237
7.16,-8.369036,6237
7.16,-7.6245704,6237
7.15,-0.06876433,6237
7.15,3.0622885,6237
7.14,-9.856655,6237
7.09,0.8108329,6237
7.07,-9.841924,6237
7.07,6.2706566,6237
7.06,1.03253,6237
7.05,-2.5994956,6237
7.05,9.176591,6237
7.04,3.8895895,6237
7.04,2.8554797,6237
7.04,-7.4360347,6237
7.01,10.894096,6237
6.99,5.7937493,6237
6.98,-1.7309573,6237
6.97,-3.3243196,6237
6.97,-3.9258192,6237
6.95,-1.246711,6237
6.93,2.3078954,6237
6.93,-9.308066,6237
6.91,-4.3808904,6237
6.9,0.3800048,6237
6.89,-1.6417685,6237
6.86,2.3470736,6237
6.86,1.3038461,6237
6.81,-3.9910827,6237
6.8,2.6308556,6237
6.76,-1.5850492,6237
6.71,-4.647577,6237
6.68,-5.7146015,6237
6.63,-0.97402996,6237
6.63,3.3683972,6237
6.6,3.334767,6237
6.6,-5.5178432,6237
6.6,8.890072,6237
6.59,-10.51532,6237
6.51,2.279923,6237
6.49,4.890688,6237
6.46,3.950186,6237
6.45,-1.101221,6237
6.42,-12.69086,6237
6.42,2.8886247,6237
6.34,-0.98017275,6237
6.34,-9.754994,6237
6.32,1.8849962,6237
6.3,1.1698052,6237
6.28,-0.15220237,6237
6.25,-0.842902,6237
6.24,-8.244168,6237
6.21,6.296152,6237
6.19,-7.9792247,6237
6.19,-3.6649122,6237
6.14,5.872882,6237
6.12,-4.304106,6237
6.12,-0.3715873,6237
6.08,-2.2480788,6237
6.05,-5.187611,6237
6.02,-3.109221,6237
5.9,-4.4754696,6237
5.71,6.586358,6237
5.65,-0.96841085,6237
5.64,-0.82032406,6237
5.61,-8.571725,6237
6.93,-2.6814914,3657
6.05,4.886091,3657
6.01,-5.6931624,3657
5.02,8.624396,3657
8.7,1.8249213,9145
8.4,3.2064476,9145
8.36,-2.8474314,9145
8.31,-3.3392859,9145
8.3,5.2499037,9145
8.26,3.7815583,9145
8.21,6.0646257,9145
8.21,2.1457565,9145
8.21,-4.3101797,9145
8.04,1.7032288,9145
8.03,4.8192363,9145
8.01,5.819105,9145
7.98,1.5411974,9145
7.93,2.46513,9145
7.89,-3.2837865,9145
7.86,4.934353,9145
7.84,-0.5107927,9145
7.8,1.1073799,9145
7.78,6.474218,9145
7.68,-1.7285326,9145
7.6,1.4205025,9145
7.55,3.3124545,9145
7.29,4.655798,9145
7.26,6.1325307,9145
7.17,5.3849397,9145
7.06,5.41059,9145
7.02,1.5018803,9145
6.71,-1.8134539,9145
6.64,2.902506,9145
6.64,-4.5259223,9145
7.21,9.581047,13067
6.89,9.635617,13067
5.46,-8.42871,13067
4.26,0.37477523,11415
7.06,3.0277913,6714
7.82,-2.021474,10267
7.57,3.8062456,10267
6.63,-6.027448,10267
6.52,4.9725714,10267
4.46,-3.1223764,17648
6.68,8.561104,1536
6.66,0.041904297,1536
6.25,6.5779676,1536
5.96,-5.780664,1536
5.68,-4.636597,1536
5.68,-4.2989454,1536
5.47,-10.37434,1536
7.21,1.4395754,8577
5.0,-0.1314073,7516
8.55,-8.086063,14001
8.16,0.24828139,14001
8.82,2.66794,10259
8.52,7.4746876,3202
8.52,12.66422,3202
8.52,11.909497,3202
8.52,11.743467,3202
8.4,11.034699,3202
8.4,12.665861,3202
8.4,11.807637,3202
8.4,10.178269,3202
8.3,12.674806,3202
8.22,6.945367,3202
8.15,10.384491,3202
8.1,11.126499,3202
8.05,5.844775,3202
8.0,2.4836807,3202
7.82,-5.9767456,3202
7.8,6.7799664,3202
7.66,-7.695406,3202
7.5,-4.783825,3202
7.29,7.3830833,3202
7.22,-2.6818151,3202
7.17,-2.5352395,3202
7.16,-6.1326838,3202
7.09,1.8130555,3202
7.06,-3.2440252,3202
7.01,-7.729996,3202
6.97,-10.516563,3202
6.92,-1.7606901,3202
6.9,-6.5245204,3202
6.8,-11.007384,3202
6.67,-2.5097194,3202
6.55,4.9054523,3202
6.54,-7.9802136,3202
6.49,-1.8478471,3202
6.2,-8.240927,3202
6.18,-16.631332,3202
5.95,-19.228743,3202
5.71,-6.3953977,3202
5.66,-15.929657,3202
5.31,-10.82924,3202
5.31,-11.192335,3202
5.0,-13.551205,3202
4.7,-16.178154,3202
4.63,-16.31242,3202
8.0,-1.0272967,10858
7.96,-8.289826,10858
7.89,-2.2903829,10858
7.85,-5.98137,10858
7.75,8.417239,10858
7.64,2.977008,10858
7.47,6.1152344,10858
7.47,2.3767898,10858
7.36,0.66577137,10858
7.35,2.5798814,10858
7.3,-0.5832632,10858
7.2,5.1678104,10858
7.07,6.476314,10858
7.0,-6.1803465,10858
6.7,3.1709187,10858
6.7,-6.84484,10858
6.7,4.1119814,10858
6.68,1.6312263,10858
6.57,-4.916088,10858
6.26,-7.315902,10858
6.14,1.1730722,10858
5.64,-6.182903,10858
5.36,-4.8450704,10858
5.09,-4.99007,10858
5.03,-4.408888,10858
5.16,1.4050173,2011
5.15,-0.022271484,2011
4.9,-5.742199,2011
4.61,5.057051,2011
4.38,-7.081559,2011
10.89,8.698465,8003
10.55,-8.640237,8003
10.54,11.294404,8003
10.53,11.933182,8003
10.47,-8.941148,8003
10.42,9.557472,8003
10.4,8.103383,8003
10.34,1.8326498,8003
10.22,5.87065,8003
10.19,6.700966,8003
10.15,12.115804,8003
10.15,12.939584,8003
10.13,9.384664,8003
10.09,12.634714,8003
10.0,-4.601543,8003
10.0,5.558569,8003
10.0,-6.835106,8003
10.0,10.780003,8003
10.0,11.331323,8003
9.92,11.574281,8003
9.8,11.279381,8003
9.75,5.8423514,8003
9.74,-4.898059,8003
9.74,-3.6621854,8003
9.74,5.818348,8003
9.73,7.8020673,8003
9.73,11.889567,8003
9.72,11.259745,8003
9.72,3.540805,8003
9.71,7.8020673,8003
9.7,10.03408,8003
9.7,10.894375,8003
9.7,8.843666,8003
9.7,0.008558716,8003
9.7,1.2603064,8003
9.6,9.557468,8003
9.6,8.9748955,8003
9.59,3.8670747,8003
9.59,5.976197,8003
9.59,9.030979,8003
9.57,-9.834727,8003
9.55,4.043124,8003
9.54,12.466497,8003
9.54,9.971556,8003
9.53,2.9869976,8003
9.52,6.4267387,8003
9.52,2.2510862,8003
9.52,1.5474392,8003
9.52,10.1625185,8003
9.52,-11.668249,8003
9.52,-2.980969,8003
9.49,8.321233,8003
9.48,2.7834086,8003
9.48,3.5408027,8003
9.46,4.5462604,8003
9.46,-1.7400944,8003
9.4,2.9145954,8003
9.4,-10.563929,8003
9.4,5.595614,8003
9.38,4.655842,8003
9.36,-12.584836,8003
9.34,-6.985039,8003
9.33,7.5700026,8003
9.3,-1.7400944,8003
9.3,4.104936,8003
9.29,0.791472,8003
9.29,-8.329212,8003
9.27,-6.085552,8003
9.26,8.22198,8003
9.26,11.62732,8003
9.25,8.950437,8003
9.22,-4.5727386,8003
9.22,-4.33494,8003
9.22,0.7771966,8003
9.2,-4.6714883,8003
9.16,-1.3148365,8003
9.15,-1.7578051,8003
9.15,-3.0519772,8003
9.15,3.857143,8003
9.14,9.390205,8003
9.14,3.5560966,8003
9.1,8.135291,8003
9.1,0.82354486,8003
9.1,-4.1534295,8003
9.08,-12.240145,8003
9.05,11.876225,8003
9.0,0.446051,8003
9.0,-6.157547,8003
9.0,3.2134645,8003
9.0,1.7909559,8003
9.0,5.4849706,8003
9.0,5.4849696,8003
9.0,4.726002,8003
9.0,2.6951418,8003
8.98,7.2346654,8003
8.96,-14.370426,8003
8.92,9.431889,8003
8.92,-1.5621884,8003
8.92,-6.8433046,8003
8.91,5.1671734,8003
8.91,-3.5153089,8003
8.9,-2.7806535,8003
8.89,-8.657452,8003
8.89,-7.521041,8003
8.89,-3.0937562,8003
8.89,5.2127275,8003
8.87,4.9826293,8003
8.87,11.267662,8003
8.86,-2.6836689,8003
8.85,4.6558423,8003
8.82,10.054284,8003
8.8,-5.1408863,8003
8.8,5.77331,8003
8.8,-3.3786306,8003
8.8,-0.6924608,8003
8.8,7.9671307,8003
8.8,8.696558,8003
8.79,0.97943735,8003
8.79,1.8118515,8003
8.78,0.20484778,8003
8.78,1.112394,8003
8.76,4.6558423,8003
8.76,7.6868525,8003
8.75,1.3038372,8003
8.75,-0.8016454,8003
8.74,-0.6122217,8003
8.74,-5.6373076,8003
8.73,4.841309,8003
8.72,-4.2997937,8003
8.7,3.7435563,8003
8.7,2.3029046,8003
8.7,-1.8738946,8003
8.7,-1.8669957,8003
8.7,-0.53615,8003
8.7,-12.340333,8003
8.7,-7.38336,8003
8.67,-10.15302,8003
8.66,-8.657452,8003
8.65,8.696558,8003
8.64,-12.934885,8003
8.64,6.692589,8003
8.63,-0.1645567,8003
8.63,2.9774415,8003
8.61,-11.386843,8003
8.6,-1.2467026,8003
8.6,-3.298318,8003
8.6,-3.629844,8003
8.59,-3.0141654,8003
8.57,-4.196625,8003
8.57,3.7243388,8003
8.57,-3.8473184,8003
8.57,2.8929956,8003
8.57,3.0766063,8003
8.55,-7.159743,8003
8.54,10.2049465,8003
8.51,-8.463888,8003
8.51,-3.6298451,8003
8.51,7.033097,8003
8.51,0.6757538,8003
8.51,-13.125091,8003
8.48,3.5508163,8003
8.47,-6.00533,8003
8.47,-3.629844,8003
8.46,-15.615705,8003
8.45,-0.7117161,8003
8.45,-9.056943,8003
8.43,9.030981,8003
8.42,3.540805,8003
8.4,3.7435565,8003
8.4,2.160858,8003
8.4,1.4699264,8003
8.4,7.8620234,8003
8.39,-9.82026,8003
8.39,-2.064023,8003
8.38,-13.12984,8003
8.37,-3.402016,8003
8.37,-9.306494,8003
8.35,-10.214881,8003
8.34,-4.023088,8003
8.33,-14.150104,8003
8.31,-5.7590895,8003
8.3,5.4849715,8003
8.3,-13.366288,8003
8.29,-5.3410954,8003
8.28,7.4245505,8003
8.27,-8.26175,8003
8.26,-7.1897707,8003
8.23,0.314329,8003
8.23,-4.196625,8003
8.22,3.709883,8003
8.22,0.121802926,8003
8.21,-0.44994444,8003
8.21,-3.0519755,8003
8.2,5.1671743,8003
8.19,1.0143303,8003
8.19,0.37136364,8003
8.17,0.034889773,8003
8.16,-13.000617,8003
8.16,3.206346,8003
8.15,-10.441554,8003
8.12,-9.45503,8003
8.11,-4.6942697,8003
8.11,-0.8846875,8003
8.1,-5.873892,8003
8.09,0.7771963,8003
8.06,-10.352122,8003
8.05,2.339189,8003
8.04,-12.832588,8003
8.02,-12.161615,8003
8.02,-2.9043496,8003
8.0,-6.3415837,8003
7.99,-0.6575337,8003
7.99,2.8009567,8003
7.96,9.266388,8003
7.94,4.140122,8003
7.94,5.030754,8003
7.91,-3.2554502,8003
7.88,-10.738903,8003
7.86,-2.5693836,8003
7.85,-6.3434854,8003
7.84,-1.6742679,8003
7.74,-9.481018,8003
7.74,-9.82026,8003
7.72,1.8749872,8003
7.72,-6.824365,8003
7.71,-4.2698426,8003
7.7,-5.3619804,8003
7.7,0.50754905,8003
7.68,-14.3279915,8003
7.67,3.8709142,8003
7.67,2.414531,8003
7.66,-1.7244338,8003
7.63,-5.944046,8003
7.62,4.956136,8003
7.6,-14.898199,8003
7.6,2.0363429,8003
7.59,9.315577,8003
7.58,0.027100295,8003
7.58,-6.637153,8003
7.55,2.1333108,8003
7.55,-13.366288,8003
7.55,-11.465633,8003
7.51,4.9544477,8003
7.51,-5.0183353,8003
7.47,-13.691788,8003
7.45,3.7210867,8003
7.45,-4.914464,8003
7.44,-2.7041452,8003
7.44,-3.9292612,8003
7.41,0.7050451,8003
7.4,2.5849907,8003
7.4,1.8524809,8003
7.36,-8.506701,8003
7.35,-7.2632937,8003
7.35,-1.4278892,8003
7.33,-6.6371527,8003
7.29,-1.6825958,8003
7.29,-8.379976,8003
7.28,-5.7551928,8003
7.27,-6.0436735,8003
7.27,1.838932,8003
7.24,-3.2499769,8003
7.18,3.0952003,8003
7.17,-11.238789,8003
7.14,-13.372019,8003
7.08,-12.071276,8003
7.08,-12.686835,8003
7.07,-5.170157,8003
7.06,-5.265292,8003
7.04,-6.622723,8003
7.02,-6.3930173,8003
7.01,-3.3420062,8003
7.01,-11.006248,8003
7.0,-3.657314,8003
6.89,-8.5067005,8003
6.88,-6.328171,8003
6.84,0.18517545,8003
6.83,-13.696117,8003
6.79,-8.447025,8003
6.72,-13.696119,8003
6.7,-12.051998,8003
6.67,-11.028483,8003
6.63,0.4015737,8003
6.52,-0.34945735,8003
6.41,-6.3691216,8003
6.38,-17.286854,8003
6.08,3.3296616,8003
6.07,-0.40418673,8003
5.95,-4.1364965,8003
8.52,8.84306,15897
8.4,10.231725,15897
8.3,9.266745,15897
8.3,10.219118,15897
8.22,8.567127,15897
8.22,8.934267,15897
8.22,7.856779,15897
8.15,9.592311,15897
8.1,8.908505,15897
8.1,6.548002,15897
8.05,9.59065,15897
7.85,10.500076,15897
7.82,4.472527,15897
7.68,8.402248,15897
7.6,10.378226,15897
7.34,10.247627,15897
7.29,8.470919,15897
7.27,-2.3064315,15897
7.21,8.570252,15897
7.15,8.895934,15897
7.08,-3.772148,15897
7.02,0.48687822,15897
6.96,7.3900833,15897
6.89,8.535648,15897
6.75,-1.7902242,15897
6.75,3.5103843,15897
6.75,-0.59858036,15897
6.75,8.447469,15897
6.72,7.409498,15897
6.66,8.003495,15897
6.19,-8.347444,15897
6.17,-9.522717,15897
5.92,1.0551494,15897
5.85,-9.619944,15897
5.75,5.813766,15897
5.72,-6.484323,15897
5.54,-7.8844147,15897
5.44,-8.171845,15897
5.18,-14.422724,15897
5.12,-10.322621,15897
5.06,-9.406161,15897
5.0,-11.662672,15897
4.89,-8.478519,15897
4.82,-12.768831,15897
4.7,-13.832853,15897
4.26,-10.998016,15897
7.3,-2.6732388,8564
7.8,10.463727,6434
7.58,7.6562743,6434
7.54,10.463727,6434
7.54,4.0447826,6434
7.51,13.631487,6434
7.5,4.4124627,6434
7.43,7.5787992,6434
7.41,8.382679,6434
7.4,-4.759118,6434
7.35,9.43432,6434
7.32,9.43432,6434
7.32,6.1561775,6434
7.31,13.19483,6434
7.25,0.7359408,6434
7.24,-4.630068,6434
7.23,7.116797,6434
7.23,-5.024084,6434
7.21,-14.217494,6434
7.19,5.6556106,6434
7.16,4.4124637,6434
7.16,7.1167974,6434
7.16,-16.155304,6434
7.16,13.631488,6434
7.13,-0.3269603,6434
7.12,11.671824,6434
7.08,-4.121071,6434
7.05,-10.409104,6434
7.04,1.7799398,6434
7.03,-4.503072,6434
6.96,-0.58621347,6434
6.96,4.7927117,6434
6.92,-2.9773822,6434
6.89,-8.282742,6434
6.85,-0.81026006,6434
6.85,5.6556106,6434
6.82,7.3459806,6434
6.82,0.25676635,6434
6.82,0.9574645,6434
6.8,-10.68823,6434
6.77,4.359318,6434
6.7,1.7318902,6434
6.64,2.041916,6434
6.62,-2.3966389,6434
6.6,-2.8174527,6434
6.57,2.0419166,6434
6.52,1.3711458,6434
6.47,1.3711457,6434
6.47,1.2063562,6434
6.35,-4.615401,6434
6.33,2.041916,6434
6.28,-1.753739,6434
6.09,-6.9631696,6434
6.04,4.8313093,6434
8.92,-7.807926,12819
7.28,-2.0730507,98
6.85,4.2051673,98
6.8,8.220646,98
6.8,1.4538349,98
6.64,4.346562,98
6.28,0.20970492,98
6.0,-6.898514,98
5.92,4.689085,98
5.75,1.7763852,98
4.55,-12.469133,98
7.92,3.1038866,13796
4.4,-0.9518285,1100
4.38,-1.5426172,1100
6.36,1.5379567,8261
8.3,-0.045500483,8783
7.57,1.8585894,8783
7.44,-13.619861,8783
4.3,-0.54972106,15380
6.34,-4.295669,5025
6.62,0.21665184,3622
6.6,7.636252,17280
6.57,8.048178,17280
6.0,-3.6272871,17280
8.0,-0.9444999,6075
8.0,4.774976,6075
7.82,0.24896324,6075
7.8,-1.993659,6075
6.85,8.722406,2692
5.97,-0.38917023,2692
5.65,-4.1466336,2692
5.6,0.42552352,2692
5.56,1.113895,2692
5.52,-6.347542,2692
5.51,-1.9116933,2692
5.45,0.28387856,2692
5.44,-3.4961534,2692
5.42,0.19515482,2692
5.38,-4.3442407,2692
5.33,-4.3913946,2692
5.32,-8.543293,2692
5.31,-5.5183835,2692
5.29,-8.598627,2692
5.23,-2.2264202,2692
5.21,-3.0968559,2692
5.21,0.26889858,2692
5.21,-4.968375,2692
5.2,-8.833525,2692
5.15,-5.8077936,2692
5.15,1.63511,2692
5.13,0.27641836,2692
5.12,-1.4350917,2692
5.09,-0.2761629,2692
5.09,-1.5893174,2692
5.09,-2.458436,2692
5.03,1.2679516,2692
5.0,-1.8443733,2692
4.99,2.6281188,2692
4.99,-1.9016798,2692
4.98,-8.93301,2692
4.98,0.7811276,2692
4.91,-1.3613913,2692
4.88,-2.5246637,2692
4.79,-2.1320674,2692
4.74,-5.487522,2692
8.1,-4.1793766,6155
8.05,-3.024264,6155
8.0,-2.3324857,6155
7.89,-4.8515606,6155
7.82,7.542105,6155
7.82,-0.8532153,6155
7.75,-4.331546,6155
7.72,2.9628577,6155
7.64,-12.202543,6155
7.62,-0.30120304,6155
7.58,-3.4925518,6155
7.57,-7.0110836,6155
7.55,-2.6177723,6155
7.52,1.3982178,6155
7.47,-9.663061,6155
7.37,-5.500135,6155
7.32,-7.7223873,6155
7.24,0.20901376,6155
7.21,-8.262896,6155
7.2,-12.931949,6155
7.19,5.288407,6155
7.18,-5.747058,6155
7.14,3.8314643,6155
7.13,0.014985242,6155
7.12,-1.4160951,6155
7.11,-5.0030513,6155
7.1,0.84064406,6155
7.09,-3.0000236,6155
7.08,-14.12607,6155
7.05,-5.5051165,6155
7.03,-0.024300035,6155
6.97,-11.476886,6155
6.89,3.1443274,6155
6.88,-0.52988815,6155
6.86,4.2516155,6155
6.86,-2.3467689,6155
6.84,2.1042473,6155
6.77,-8.946084,6155
6.66,-5.4493666,6155
6.65,-1.3341408,6155
6.59,-4.189996,6155
6.54,-4.1822004,6155
6.52,0.510556,6155
6.52,2.1012383,6155
6.48,-4.1622305,6155
6.47,3.2488935,6155
6.46,-3.5018613,6155
6.46,-10.877862,6155
6.38,-0.872769,6155
6.34,-7.3148003,6155
6.3,-1.5209668,6155
6.26,-3.9448602,6155
6.25,2.6013858,6155
6.17,-12.781466,6155
6.13,-3.3961995,6155
6.11,3.176677,6155
6.07,-10.491258,6155
6.03,-0.5516448,6155
5.97,-3.6443944,6155
5.96,-9.676643,6155
5.89,-8.076992,6155
5.74,-4.608641,6155
5.73,-5.088917,6155
5.6,-7.3640857,6155
5.6,-2.4952967,6155
5.35,-5.2242756,6155
5.3,-8.706599,6155
6.28,-3.7182305,3458
7.52,-7.4593344,3703
7.4,-0.7206548,3703
6.89,15.915502,3703
6.57,-5.2927446,3703
6.47,4.5672626,3703
6.24,8.093652,3703
6.19,-5.404679,3703
6.13,-6.728303,3703
5.5,2.4581664,3703
5.37,-7.194117,3703
4.82,-4.02059,3703
5.37,-1.8034936,17542
6.77,1.5212778,1833
6.21,2.3856668,1833
6.68,3.3495042,14561
8.35,1.0192581,433
7.39,3.782913,14927
5.67,2.8180103,7465
4.92,2.7422051,4001
7.8,12.227946,10006
7.51,15.238694,10006
7.42,4.4020963,10006
7.2,-7.833648,10006
7.14,3.4680693,10006
7.09,-0.57354707,10006
7.06,7.0309362,10006
7.05,7.9310913,10006
7.03,4.0482526,10006
7.0,13.383421,10006
6.96,12.663975,10006
6.82,3.8822117,10006
6.8,10.842141,10006
6.68,-17.139006,10006
6.68,8.772377,10006
6.62,1.6490571,10006
6.52,-4.1534166,10006
6.5,10.110355,10006
6.47,3.727674,10006
6.39,-0.12822112,10006
6.35,8.959138,10006
6.24,-15.138744,10006
6.24,2.7286892,10006
6.14,0.30828655,10006
6.12,-17.36901,10006
6.01,-14.206739,10006
5.77,-9.170803,10006
5.34,-8.338807,10006
6.17,4.260519,7687
6.0,6.1725025,7687
5.48,-4.6975856,7687
7.64,2.5180264,15044
8.7,-9.358615,17038
8.64,10.669099,17038
8.49,6.715149,17038
8.47,-4.564106,17038
8.46,1.6732179,17038
8.42,12.37803,17038
8.39,4.7361765,17038
8.38,3.6740475,17038
8.35,-4.0219064,17038
8.27,5.3329325,17038
7.89,-2.759983,17038
7.66,-0.996824,17038
7.55,-11.336286,17038
7.47,-7.3389697,17038
7.44,5.7419066,17038
7.41,7.52579,17038
7.28,-7.2652793,17038
7.21,2.8245838,17038
6.96,-2.4789822,17038
6.96,-9.788245,17038
6.89,-3.4640625,17038
6.85,-8.051952,17038
6.8,-4.8973727,17038
6.57,-3.521057,17038
6.48,-4.3370204,17038
5.06,0.40936443,2169
7.49,10.903079,11454
5.82,-1.4654069,11454
5.81,-1.6468933,11454
5.76,-0.9491565,11454
5.66,-1.2829373,11454
5.64,-1.3973541,11454
5.64,-1.1922755,11454
5.59,-1.2315477,11454
8.82,-1.3645505,12928
8.66,1.3884919,12928
8.66,-16.062458,12928
8.55,-1.3643732,12928
8.48,4.2614174,12928
8.36,3.6279974,12928
8.29,-1.3128269,12928
8.19,6.11115,12928
8.07,2.9072442,12928
7.96,3.174963,12928
7.96,7.610432,12928
7.48,-0.9998117,12928
4.66,4.545297,8214
8.67,-0.45655355,7836
8.64,0.99545777,7836
8.19,0.15570068,7836
8.17,-0.18058,7836
7.41,-0.6250073,7836
7.24,0.46096206,7836
5.11,2.5734763,2615
5.68,-1.9914329,15751
7.74,6.4513044,2207
7.7,7.488498,2207
7.6,11.561101,2207
7.45,-1.5407218,2207
7.4,5.1862226,2207
7.39,11.984874,2207
7.39,5.839695,2207
7.36,3.1146736,2207
7.36,7.9793625,2207
7.34,2.7932851,2207
7.28,8.32238,2207
7.23,5.4757395,2207
7.21,12.340283,2207
7.18,4.74364,2207
7.16,8.539058,2207
7.12,1.2863483,2207
6.94,11.195422,2207
6.85,6.110182,2207
6.48,-6.3624234,2207
6.41,-3.979631,2207
6.39,10.236927,2207
6.28,-13.569538,2207
6.25,10.631648,2207
6.22,-4.060579,2207
6.13,-11.830441,2207
5.94,7.675614,2207
5.91,-6.768872,2207
5.75,14.965436,2207
5.58,-5.637185,2207
5.54,-4.8660064,2207
5.23,4.745402,2207
5.18,6.994776,2207
5.15,-11.178345,2207
5.15,3.0054858,2207
5.09,12.713031,2207
5.07,-3.2342937,2207
5.0,-4.421017,2207
9.38,-5.207825,13516
8.7,4.3187733,13516
8.4,6.6915193,13516
8.36,5.074097,13516
8.25,-4.5574455,13516
8.24,7.172634,13516
8.24,4.8762026,13516
8.21,-3.7349527,13516
8.1,0.525612,13516
8.09,6.7387958,13516
8.07,1.8794434,13516
7.91,5.006216,13516
7.9,-2.9312901,13516
7.67,-0.45493886,13516
7.56,6.543376,13516
7.44,1.7031006,13516
7.4,7.927702,13516
7.37,2.6109273,13516
7.24,3.6101525,13516
6.4,-0.76870537,13516
9.0,3.4920335,17424
5.05,-4.2635026,3794
6.24,-2.50262,3371
7.21,0.21392362,12243
9.0,6.6903534,11733
8.1,-1.8963568,11733
8.35,-5.604104,9898
5.66,1.1462986,1202
6.77,1.6668888,12665
4.5,1.0309386,642
7.38,-5.886435,6865
7.37,-18.740969,6865
7.34,-10.122248,6865
7.25,-2.6246667,6865
7.21,-4.7385488,6865
7.05,-12.906831,6865
7.02,-14.787596,6865
6.97,-3.9622726,6865
6.96,-4.7565255,6865
6.95,-10.384906,6865
6.55,-4.5804043,6865
6.51,-6.8793364,6865
6.45,-3.5111387,6865
6.35,-15.477105,6865
6.26,-6.47243,6865
6.11,-11.1127405,6865
8.3,-1.0957521,17891
8.0,1.4956659,17891
7.58,4.440852,12352
7.47,3.17876,12352
7.19,1.6293892,12352
6.58,-10.531075,12352
7.41,5.6284122,2820
7.19,2.3136296,2820
6.79,8.740653,2820
6.69,-12.954562,2820
5.96,6.833774,2820
5.5,-6.7131424,2820
7.05,1.9503188,2638
5.16,-5.6409373,15780
6.0,3.3002698,5726
8.64,4.9349675,7730
7.73,4.9349685,7730
7.72,-2.4464948,7730
7.69,8.430679,7730
7.65,2.826136,7730
7.55,-7.3113656,7730
7.35,8.430678,7730
7.21,1.752505,7730
7.15,-0.73268116,7730
7.08,2.8261378,7730
6.56,3.4730115,7730
6.54,-9.946703,7730
6.52,-0.13372986,7730
6.49,-5.9239655,7730
6.42,-5.9239664,7730
6.36,3.3987994,7730
5.21,-9.724909,7730
6.0,0.05103859,9702
5.75,2.066782,8753
7.16,2.778671,14933
7.51,-9.000148,16224
7.37,-4.0256963,16224
7.36,-10.199654,16224
7.29,-7.429312,16224
7.24,-7.616832,16224
7.19,-0.82374895,16224
7.17,12.496778,16224
7.16,0.6345557,16224
7.07,18.506718,16224
7.06,9.189362,16224
6.77,-6.535205,16224
6.72,-0.38016617,16224
6.66,-8.852409,16224
6.6,-1.4339532,16224
6.54,-10.957111,16224
6.51,-0.4658726,16224
6.46,-12.324442,16224
6.44,-5.5835557,16224
6.42,-1.8790541,16224
6.36,-3.2064545,16224
6.36,4.075818,16224
6.33,-11.930509,16224
6.26,-10.168193,16224
6.25,-11.492609,16224
6.14,-15.044549,16224
6.11,-3.8453174,16224
5.58,-11.83373,16224
5.41,3.4039924,16224
5.25,-12.630775,16224
7.52,10.604916,16652
7.21,9.570392,16652
7.19,7.747095,16652
7.17,8.956274,16652
7.14,5.35536,16652
7.09,-1.6720668,16652
7.08,9.570394,16652
7.07,4.0247574,16652
7.05,4.706617,16652
7.0,-1.2189739,16652
6.92,-0.075692855,16652
6.92,5.475701,16652
6.89,4.617554,16652
6.85,4.1076436,16652
6.8,1.7740912,16652
6.72,2.0551982,16652
6.7,-1.9814496,16652
6.68,0.938861,16652
6.68,-4.3533397,16652
6.6,-4.892349,16652
6.47,-5.6730127,16652
6.4,8.956276,16652
6.37,7.5320067,16652
6.34,-3.2417872,16652
6.31,-3.5952973,16652
6.3,0.48926574,16652
6.24,-6.3502455,16652
6.21,-6.5568123,16652
6.19,-6.677126,16652
6.16,-0.07569494,16652
6.09,-9.070862,16652
5.75,2.7482507,16652
8.7,2.1158786,3123
5.02,-10.684054,17393
4.7,3.123435,17393
6.24,1.6368575,15023
9.64,2.9085855,12876
9.52,0.615069,12876
9.4,-4.6384683,12876
9.4,6.7939634,12876
9.4,7.004354,12876
9.4,8.265623,12876
9.3,7.175541,12876
9.3,7.885232,12876
9.3,-8.809219,12876
9.22,-3.423049,12876
9.15,3.4556565,12876
9.15,1.5328062,12876
9.05,-1.5730312,12876
9.0,5.054687,12876
9.0,-5.15777,12876
8.96,3.4556565,12876
8.96,4.4658203,12876
8.92,5.6391854,12876
8.92,-2.9561958,12876
8.89,6.4457474,12876
8.82,6.681547,12876
8.72,3.4556568,12876
8.72,7.4552865,12876
8.57,0.46320295,12876
8.29,-6.341234,12876
8.21,6.8216166,12876
7.92,8.804694,12876
7.82,4.255841,12876
7.8,4.2412767,12876
7.57,-1.4322954,12876
7.55,-1.8825606,12876
7.2,6.832535,12876
8.22,3.6613033,14629
8.55,6.9388576,4834
8.47,8.978096,4834
8.1,14.073624,4834
7.76,-5.2289433,4834
7.74,0.2608794,4834
7.73,2.529207,4834
7.69,3.7936502,4834
7.59,-1.2282221,4834
7.46,-3.0457397,4834
7.35,-2.8618064,4834
6.57,-1.7804464,4834
6.57,-4.0537515,4834
6.43,-9.152908,4834
6.4,2.6264641,4834
5.98,-3.7675757,4834
5.95,-5.0427585,4834
6.92,-10.923712,16919
6.52,-5.4964423,16919
6.4,5.7721496,16919
6.29,3.4823039,16919
6.28,1.4364082,16919
6.26,3.3135257,16919
6.23,3.1068532,16919
5.38,1.961197,16919
4.39,0.59211135,4277
7.22,-4.3444304,9174
7.18,0.7499529,9174
7.18,-1.1050638,9174
7.13,5.452893,9174
7.13,3.3087485,9174
7.1,5.7249794,9174
7.08,4.9197645,9174
7.07,4.6281443,9174
6.99,3.2654722,9174
6.92,-2.4835799,9174
6.92,1.8712449,9174
6.85,1.8520888,9174
6.7,-0.16450065,9174
6.47,4.066833,9174
6.45,5.1229377,9174
6.35,4.495659,9174
6.34,2.545086,9174
6.28,-3.5827758,9174
6.18,2.1231997,9174
6.16,0.29079065,9174
6.08,-5.494081,9174
6.02,-3.939559,9174
7.8,0.343143,4513
5.41,-2.7152793,16932
5.19,4.0008154,16932
4.66,2.1677592,16558
8.82,2.374514,5819
8.8,6.8264685,5819
8.77,6.744506,5819
8.57,-4.833412,5819
8.36,-6.504468,5819
8.28,4.7851553,5819
6.41,9.037473,5819
6.22,12.1180725,5819
6.16,7.5484786,5819
6.1,0.31493464,5819
6.1,3.6922674,5819
6.0,8.626125,5819
6.0,2.9883385,5819
5.82,-0.6056747,5819
5.77,6.318392,5819
5.72,3.480037,5819
5.7,2.1258705,5819
5.7,4.7365856,5819
5.68,6.244048,5819
5.6,5.744028,5819
5.5,10.412441,5819
5.35,-0.091710515,5819
4.47,0.95210433,9288
4.43,1.7910597,9288
9.0,-4.1551595,6536
8.52,3.352044,6536
8.52,-5.5679913,6536
8.4,-5.18481,6536
8.4,-0.6148819,6536
8.4,-4.650524,6536
8.3,-1.7159085,6536
8.22,-9.342283,6536
8.22,3.6323514,6536
8.22,1.1118611,6536
8.22,1.1118605,6536
8.1,2.1363027,6536
8.05,-3.1794271,6536
8.05,3.9655898,6536
8.0,-1.4335588,6536
7.96,-11.125602,6536
7.85,2.4355545,6536
7.85,1.8164711,6536
7.82,0.4312051,6536
7.7,-5.582841,6536
7.7,0.40337497,6536
7.21,-2.3686812,6536
7.06,1.2056423,6536
6.99,-5.221595,6536
6.88,-3.1959333,6536
5.85,-4.8134937,6536
8.08,3.559593,14319
6.63,-5.380156,14319
8.72,5.220137,11809
8.35,-4.894925,11809
8.07,5.10087,11809
8.02,9.735257,11809
5.97,-1.380932,9452
6.85,5.32946,664
6.46,-3.2195451,664
6.44,-1.4844439,664
6.12,2.2333944,664
6.08,6.220971,664
5.85,5.39342,664
5.77,-2.4846938,664
5.64,6.9690733,664
5.6,-1.3688084,664
5.58,5.2553816,664
5.24,6.045551,664
5.14,-4.834899,664
5.03,1.8262583,664
4.85,-8.933691,664
4.82,-1.1038792,664
4.77,-11.001921,664
4.72,0.13836643,664
4.7,-8.17596,664
4.33,-6.566049,664
4.26,5.032388,664
4.14,-4.523986,664
9.7,5.3742476,14739
9.7,-4.6777472,14739
9.4,10.730802,14739
9.35,5.4910593,14739
9.3,-4.639153,14739
9.3,7.706236,14739
9.1,-3.0415885,14739
8.8,8.337278,14739
8.72,-14.162165,14739
8.41,-2.0388484,14739
8.32,7.73028,14739
8.17,5.1374536,14739
6.99,0.586267,6709
6.7,-2.5928307,16574
6.6,0.43983072,16574
6.6,-1.4900262,16574
6.4,-4.8183365,16574
6.3,-4.372948,16574
6.2,-3.0376396,16574
6.0,-1.5750443,16574
6.0,2.3045838,16574
5.8,-11.071396,16574
5.6,-9.834412,16574
5.5,-7.9230204,16574
5.5,-2.2617185,16574
5.5,3.9679084,16574
5.5,-10.337148,16574
5.68,2.5187616,1629
5.6,3.3394792,1629
5.6,2.454675,1629
5.3,-2.7207077,1629
8.85,4.484738,9929
8.15,2.2886302,9929
7.72,-6.33994,9929
7.64,-10.453863,9929
6.0,15.761293,9929
5.24,-3.0511944,9929
8.22,6.0663195,1918
8.1,-5.531535,1918
8.1,-0.5699916,1918
8.0,-0.32558787,1918
8.0,-1.1538467,1918
7.92,-3.2924907,1918
7.92,-5.310813,1918
7.85,2.6156676,1918
7.66,-8.296815,1918
7.64,-0.4442281,1918
7.62,13.2979,1918
7.58,-5.6079645,1918
7.58,-7.3089843,1918
7.52,2.9954946,1918
7.44,0.8329212,1918
7.32,1.5268742,1918
7.27,-4.549272,1918
7.27,-7.5510373,1918
7.25,-12.358475,1918
7.0,-5.9301124,1918
6.96,3.2194479,1918
6.89,7.157803,1918
6.75,-6.3408628,1918
6.75,-5.13874,1918
6.75,-6.4699736,1918
6.5,4.61662,1918
6.47,8.581161,1918
6.4,2.5401816,1918
6.27,1.6942296,1918
6.25,-5.573198,1918
6.21,-14.437928,1918
6.19,-2.6065855,1918
6.16,-1.4963112,1918
6.13,-4.4229183,1918
5.89,-1.5986128,1918
5.85,6.127093,1918
5.82,-10.4890175,1918
5.8,-5.7472377,1918
5.77,-12.49269,1918
5.68,-4.122528,1918
5.66,-4.493478,1918
5.62,-12.818235,1918
5.62,-0.7377146,1918
5.52,-2.11392,1918
5.45,-11.807676,1918
5.28,-9.989976,1918
5.15,-7.2189093,1918
5.14,-0.46534535,1918
5.0,1.0827724,7449
9.0,9.621159,2808
9.0,6.6675787,2808
9.0,9.248059,2808
9.0,4.149154,2808
8.7,-2.073023,2808
8.7,1.8529385,2808
8.7,7.5987215,2808
8.7,7.210029,2808
8.7,7.718055,2808
8.7,12.057408,2808
8.52,-10.193359,2808
5.17,-2.2572544,8671
6.89,2.717617,14868
6.54,-6.8294754,16914
6.0,-10.505897,16914
5.96,-5.7484274,16914
5.66,-4.890313,16914
5.66,-6.837889,16914
5.6,1.8253392,16914
5.52,-6.976472,16914
5.49,-7.393422,16914
5.35,-7.93926,16914
5.29,-2.8211477,16914
5.24,-7.6743965,16914
5.23,-2.7675736,16914
5.18,-6.8193326,16914
5.15,-11.695588,16914
5.15,-1.8675203,16914
5.0,-8.020928,16914
4.92,1.4783051,16914
4.89,-7.3050046,16914
4.8,-8.724552,16914
4.72,-0.35001954,16914
4.58,0.8696508,16914
4.55,-7.3881087,16914
4.53,-11.255958,16914
4.38,-8.954653,16914
4.33,-3.174989,16914
4.28,8.088694,16914
4.19,-7.8304586,16914
4.06,-2.416923,16914
4.06,-7.246064,16914
5.82,6.69862,17520
5.16,-1.4648476,17520
4.69,5.3471456,17520
4.42,-3.7183926,17520
7.72,3.1085522,4633
7.28,0.04967424,4633
7.26,15.137855,4633
7.24,-5.5567408,4633
7.16,4.6863184,4633
6.98,-1.4083813,4633
6.75,1.6501029,4633
6.59,-5.8201556,4633
6.49,3.317909,4633
6.41,8.426508,4633
6.17,6.0899982,4633
6.11,-7.263715,4633
6.09,-7.055711,4633
5.9,-7.832475,4633
5.58,-3.049913,4633
6.57,1.0460793,9183
5.51,1.6593508,6810
7.08,-8.452956,5594
7.66,1.5773685,5903
7.66,-0.3396436,5903
7.02,1.9565498,5903
5.48,-3.6423547,2734
5.04,-0.9153018,15905
7.48,-1.0818938,10771
9.0,2.6869357,10264
5.7,4.7309165,16954
7.7,4.056352,5253
8.52,3.0418777,2688
7.89,3.0418777,2688
7.89,11.138509,2688
7.8,9.464262,2688
7.8,3.1666875,2688
7.8,5.7413692,2688
7.7,-1.9129502,2688
7.7,-1.2655417,2688
7.51,1.390834,2688
7.4,2.822695,2688
7.4,-3.5012398,2688
7.3,-12.031398,2688
7.2,-9.41688,2688
7.1,4.316175,2688
7.1,0.100307226,2688
7.0,0.19658352,2688
6.89,-4.0276084,2688
6.8,3.0418777,2688
6.8,2.1973157,2688
6.7,-2.3963037,2688
6.7,-5.791415,2688
6.6,-11.206661,2688
6.6,2.5217357,2688
6.4,-3.087254,2688
6.4,-9.424644,2688
6.2,11.216335,2688
6.2,-7.3431115,2688
6.2,1.1185919,2688
6.1,-14.376994,2688
6.0,-6.7297997,2688
5.89,-11.964559,2688
5.89,-10.442703,2688
8.39,2.1088426,1655
7.85,-0.49960935,259
6.48,-4.896728,17799
6.18,-7.9538784,17799
8.1,8.888728,2585
6.87,-8.558385,2585
6.19,-4.968687,2585
5.44,3.1685655,2585
6.62,3.5400448,4495
7.77,-10.526904,4687
7.28,7.6834373,4687
7.12,-0.2717323,4687
7.04,-1.099537,4687
7.02,-2.1987627,4687
6.67,-2.8731089,4687
5.67,-2.2510161,4687
5.07,-4.726344,4687
6.96,10.523871,8990
6.66,3.9954903,8990
6.64,7.0441747,8990
6.59,8.252199,8990
6.57,6.179356,8990
6.43,0.17585832,8990
6.34,4.935812,8990
6.27,2.608315,8990
6.25,4.721078,8990
6.19,0.63769907,8990
6.19,4.619229,8990
6.16,7.0203815,8990
6.11,0.20728604,8990
6.09,1.557783,8990
6.08,1.119852,8990
6.08,4.4595003,8990
6.06,2.3704789,8990
5.86,5.3633137,8990
5.85,-4.495981,8990
5.79,-0.40121764,8990
5.75,1.8763381,8990
5.67,2.529689,8990
5.67,-4.5201635,8990
5.65,-5.6929297,8990
5.59,-3.67584,8990
5.56,-4.497496,8990
5.37,-2.534501,8990
5.36,-5.8870153,8990
5.35,-4.78259,8990
5.27,-7.8866405,8990
5.24,-2.9415588,8990
5.1,-7.6246934,8990
8.22,10.806604,16983
7.96,9.998381,16983
7.92,7.2535458,16983
7.75,5.2802906,16983
7.66,8.730038,16983
7.55,5.771053,16983
7.46,1.3963008,16983
7.43,4.304886,16983
7.3,8.374286,16983
7.04,2.526533,16983
5.52,-9.907819,16983
8.52,0.11778736,1270
7.47,1.6809852,1270
7.28,-4.534679,1270
6.86,13.420336,1270
6.4,-15.503364,1270
6.1,5.794568,1270
5.89,1.547763,1270
5.46,-13.823513,1270
5.05,-1.4520218,1270
4.07,-3.0001514,1270
8.74,3.269584,11745
8.55,2.5878024,11745
8.39,8.550924,11745
8.39,-2.9747045,11745
8.37,7.0336313,11745
7.92,4.303198,11745
7.82,2.683375,11745
7.82,0.19227402,11745
7.77,1.9401244,11745
7.68,-1.5893856,11745
7.47,3.179961,11745
7.46,4.859626,11745
7.4,3.1303067,11745
7.27,4.5067887,11745
7.21,2.2077916,11745
7.2,-1.7883862,11745
7.19,-2.2821958,11745
6.56,2.9116955,11745
8.7,-0.121565565,7878
8.07,3.585038,7878
8.05,3.2049263,7878
7.76,7.938256,7878
7.62,-6.5084767,7878
7.52,-3.5518396,7878
7.51,-0.7830866,7878
7.41,-0.64476717,7878
7.36,1.4938911,7878
7.26,-3.8999977,7878
7.18,3.3018484,7878
7.12,4.402084,7878
7.04,-0.4522434,7878
6.59,4.4935827,7878
6.13,7.2274036,7878
6.17,-1.316895,6955
5.89,3.578814,6955
5.77,3.04132,16560
7.12,-0.5160735,15914
7.12,-3.8536472,15914
7.03,9.061554,15914
6.98,0.9685736,15914
6.87,-0.16907717,15914
6.78,6.989407,15914
6.75,5.575311,15914
6.63,10.286086,15914
6.56,5.7171245,15914
6.41,4.43005,15914
6.25,8.50556,15914
6.21,8.251887,15914
6.13,7.2455263,15914
6.0,-0.15579706,15914
6.0,5.086016,15914
5.98,-3.4115272,15914
5.64,-7.510108,15914
5.62,-6.666434,15914
5.37,-7.0738683,15914
5.28,2.7369916,12284
7.48,-1.3212835,1278
7.18,-1.2004696,1278
6.89,-0.5394729,1278
5.8,1.4363127,1278
8.06,-2.3270268,9540
8.3,1.8037986,5329
8.1,-4.1076727,5329
7.75,-2.9107955,5329
7.75,3.5500162,5329
7.7,-0.5769367,5329
7.55,2.9887812,5329
7.43,2.0264792,5329
7.38,1.5740057,5329
7.16,-0.34617704,5329
7.1,2.764459,5329
6.96,-1.1585393,5329
6.94,0.8165075,5329
6.93,-3.0492105,5329
6.86,-0.13515109,5329
6.69,-4.1076727,5329
6.65,1.0714372,5329
6.41,3.1601417,5329
6.16,-5.147922,5329
6.04,-1.8934188,5329
5.74,6.049413,5329
5.65,-0.2981638,5329
5.63,-0.14629057,5329
10.52,5.250917,11696
9.72,5.250917,11696
9.35,4.853621,11696
8.92,-15.786782,11696
6.55,1.1009634,11696
7.08,3.8548253,12382
6.93,3.0711124,12382
6.61,1.6645604,12382
6.6,-4.8114142,12382
6.53,-0.4676839,12382
8.57,2.373378,1449
8.57,6.6211553,1449
8.54,-0.7547398,1449
8.43,0.3975178,1449
8.42,2.189144,1449
8.4,7.183384,1449
8.4,5.876381,1449
8.12,6.9844255,1449
8.05,3.7871127,1449
8.05,7.0742316,1449
8.03,3.9965937,1449
8.03,4.589296,1449
8.01,3.0563939,1449
7.96,6.5767217,1449
7.92,3.2290747,1449
7.85,3.0022774,1449
7.75,-3.29352,1449
7.72,1.1582695,1449
7.72,-1.5232913,1449
7.7,-6.048861,1449
7.64,5.063282,1449
7.22,-2.8835275,1449
7.21,-4.36147,1449
6.68,-7.4370275,1449
6.64,-5.7146063,1449
6.19,5.0978146,1449
9.0,0.52275497,15430
8.7,6.6674128,15430
8.7,4.1472406,15430
8.7,3.1154842,15430
8.7,0.09532013,15430
8.4,-1.0119852,15430
8.4,0.8537782,15430
8.3,-3.155389,15430
8.1,-0.2529096,15430
8.05,-1.9617772,15430
8.0,-3.4450023,15430
7.55,3.399499,15430
6.67,-3.335643,15430
4.58,-3.7686818,3733
4.3,3.5423605,3733
7.82,2.1113682,14907
4.7,1.2817934,2271
8.0,-1.0148762,3589
7.54,-3.7715073,3589
6.68,1.6634364,3589
6.68,1.6634364,3589
6.13,3.676979,6995
5.24,-1.6998883,6995
4.66,-4.20606,6995
8.26,10.960204,7810
8.26,3.4938118,7810
8.26,1.1868837,7810
8.26,0.5058689,7810
8.26,1.6498566,7810
8.26,5.9398007,7810
8.26,5.2491918,7810
8.26,2.4486237,7810
8.26,3.5318444,7810
8.26,4.568093,7810
8.26,-2.0409513,7810
8.26,9.794328,7810
7.7,2.1182435,7810
7.7,4.8856487,7810
7.7,5.299908,7810
7.26,7.8556323,7810
7.22,-2.6339638,1618
7.77,5.560032,7839
6.99,9.375465,7839
6.67,5.4285703,7839
6.46,-5.0942345,7839
6.42,4.181421,7839
6.35,0.5902364,7839
6.32,-1.4902194,7839
6.31,-4.0295467,7839
6.3,6.3483305,7839
6.3,-6.4376783,7839
6.21,3.5003138,7839
6.2,-1.5128869,7839
6.18,-11.7260685,7839
6.14,-6.5425196,7839
6.13,9.935065,7839
6.09,-9.390781,7839
6.09,2.7955496,7839
6.39,2.5217144,5079
8.49,3.4648716,13533
8.37,3.4648716,13533
8.29,1.13523,13533
7.92,7.9671173,13533
7.83,4.2654085,13533
7.33,-3.5659719,13533
4.1,1.7002063,5069
5.24,-5.4165144,3691
5.22,1.3654928,3691
4.94,4.1345615,3691
7.05,3.165675,14934
5.38,2.212899,4128
6.4,1.709786,14302
4.9,-0.23659687,14302
6.77,2.5096908,14002
6.54,-8.187309,14002
6.38,1.3643683,14002
6.38,-2.875479,14002
6.37,0.5915664,14002
6.31,-1.6800005,14002
6.3,-0.14903241,14002
6.22,-7.2157736,14002
6.16,0.34998316,14002
6.12,-0.09180359,14002
6.02,-1.4758754,14002
6.02,7.2873755,14002
6.0,-1.1257975,14002
6.88,2.417692,9215
6.79,2.441323,9215
6.24,-2.1885529,9215
8.18,-0.042822804,13949
5.76,2.8019903,16596
8.64,10.585671,2642
8.6,0.694558,2642
6.0,-6.9536586,1430
9.0,-2.317014,3549
8.7,16.076263,3549
8.7,-5.8847036,3549
5.3,-5.579645,3077
4.52,-3.0610735,3077
4.52,-7.362782,3077
4.52,1.059433,3077
5.48,1.2466805,11074
4.99,0.11914559,11074
6.21,8.543435,1133
6.07,9.371896,1133
6.03,-11.313903,1133
5.65,9.32703,1133
5.42,6.5076423,1133
8.7,1.5811574,13799
7.43,4.395601,16164
7.4,3.6811433,16164
7.3,4.347391,16164
6.79,4.347391,16164
6.77,4.347391,16164
6.7,-0.28331977,16164
6.6,2.085411,16164
6.38,1.9322836,16164
7.1,1.5791988,15557
6.28,-1.2513036,7255
6.85,0.83648014,8166
6.85,5.534695,8166
6.54,1.2594848,8166
6.52,2.2787347,8166
6.41,3.7275403,8166
6.38,-0.5346485,8166
6.29,-3.2938054,8166
5.83,0.6496345,13342
7.7,10.483505,17375
6.81,6.051007,17375
6.36,-9.468666,17375
5.52,-1.0976006,17375
6.18,0.24241418,2376
8.71,10.114312,9273
8.58,0.495358,9273
8.15,1.0698811,9273
8.08,2.1385634,9273
8.08,-3.6883514,9273
8.01,-7.445247,9273
7.9,-1.1062921,9273
7.79,6.127439,9273
5.2,2.6803315,5466
7.75,1.6991532,6193
6.36,1.5162787,2064
6.9,11.777462,3614
6.11,-11.447677,3614
5.72,-17.038534,3614
5.33,-11.59758,3614
10.0,11.440517,8001
9.52,4.0263944,8001
9.52,11.545922,8001
9.3,8.881645,8001
9.22,2.5144916,8001
9.22,11.440517,8001
9.15,6.0218596,8001
9.15,6.0218596,8001
9.1,8.7458935,8001
9.1,3.4471107,8001
9.05,8.548467,8001
9.05,6.378751,8001
9.0,9.423051,8001
9.0,-3.082592,8001
8.96,3.255156,8001
8.96,1.6902742,8001
8.96,-3.4771504,8001
8.92,3.5627306,8001
8.82,6.0679746,8001
8.82,6.7160563,8001
8.8,0.8951551,8001
8.74,8.80475,8001
8.72,9.991228,8001
8.72,10.725708,8001
8.7,2.4037716,8001
8.7,-4.3964143,8001
8.68,-3.573539,8001
8.66,8.665178,8001
8.62,6.0218596,8001
8.59,-5.7128615,8001
8.57,-3.270439,8001
8.55,-4.548576,8001
8.55,9.810087,8001
8.55,1.6328511,8001
8.52,10.070231,8001
8.44,-2.0122373,8001
8.44,-0.9960509,8001
8.43,6.110869,8001
8.42,0.9204151,8001
8.4,-4.6596556,8001
8.39,-1.925356,8001
8.39,-3.5887458,8001
8.36,3.9960854,8001
8.35,5.1984296,8001
8.34,3.0795264,8001
8.33,-8.26192,8001
8.31,-8.371148,8001
8.28,-0.8101767,8001
8.28,-1.5545517,8001
8.24,2.605643,8001
8.23,-9.720444,8001
8.22,-12.29149,8001
8.21,-7.249011,8001
8.2,1.917157,8001
8.2,0.77288806,8001
8.19,-3.082592,8001
8.17,2.821147,8001
8.16,-3.7966135,8001
8.15,-3.2443912,8001
8.14,8.649744,8001
8.14,4.207241,8001
8.13,-5.493756,8001
8.12,-8.703628,8001
8.12,0.24195424,8001
8.12,-8.354852,8001
8.12,-0.12046241,8001
8.09,-3.8427296,8001
8.09,2.439944,8001
8.08,-1.6033369,8001
8.05,2.3239722,8001
8.03,-5.1786265,8001
7.97,-9.513157,8001
7.92,3.2235558,8001
7.91,-8.903423,8001
7.89,-4.4484987,8001
7.87,-6.3363414,8001
7.85,-8.694412,8001
7.83,-6.646241,8001
7.81,-6.639037,8001
7.8,-9.217846,8001
7.78,-9.041952,8001
7.77,6.9341087,8001
7.75,-10.013525,8001
7.75,-1.8185287,8001
7.72,-13.962902,8001
7.69,-2.1519537,8001
7.63,-10.422119,8001
7.62,4.0944366,8001
7.6,-13.758223,8001
7.54,-13.962902,8001
7.54,-1.3101546,8001
7.47,-9.030936,8001
7.47,-10.301995,8001
7.46,-9.02217,8001
7.44,4.5621967,8001
7.42,-15.618059,8001
7.41,-13.6329365,8001
7.38,-11.150778,8001
7.33,-9.041952,8001
7.3,-4.4110804,8001
7.3,-7.906257,8001
7.29,2.489718,8001
7.26,-8.28754,8001
7.24,-8.8682,8001
7.21,-15.207943,8001
7.03,-7.7373013,8001
7.01,-7.906257,8001
7.0,-12.24792,8001
6.88,-17.702942,8001
6.82,-4.556722,8001
6.69,-12.24792,8001
6.65,-13.113742,8001
6.64,-8.437284,8001
6.61,-1.7466339,8001
6.57,-14.772364,8001
6.55,-12.740379,8001
6.5,-10.960864,8001
6.47,6.444619,8001
6.43,-12.455203,8001
6.22,-14.099874,8001
6.17,-11.92087,8001
5.48,-4.476715,356
7.92,1.3978108,14013
7.68,-3.4347641,7927
7.55,-7.58462,7927
7.22,-0.4553378,7927
7.18,-2.8977056,7927
7.17,-9.361556,7927
7.12,1.2911052,7927
7.11,11.8231,7927
7.04,6.79722,7927
6.98,5.3816867,7927
6.95,-0.7224504,7927
6.91,1.8126453,7927
6.86,4.465663,7927
6.79,15.072701,7927
6.74,4.465663,7927
6.71,-7.249988,7927
6.53,-2.9803257,7927
6.51,8.601882,7927
6.46,5.3816867,7927
6.44,8.895852,7927
6.43,8.435143,7927
6.42,-9.361556,7927
6.42,5.3816867,7927
6.32,-10.431687,7927
6.27,2.9241974,7927
6.12,6.8519707,7927
6.07,-0.15137903,7927
5.99,4.465663,7927
5.88,7.547481,7927
5.82,1.2232016,7927
5.67,8.895852,7927
5.62,6.8519707,7927
7.96,3.6023092,5721
7.66,4.250091,5721
7.57,3.3389614,5721
7.46,0.40644595,5721
7.3,0.7261903,5721
7.24,-4.1929626,5721
6.96,-7.4827285,5721
6.75,-4.552079,5721
6.52,-9.190996,5721
7.7,2.6453974,5568
4.6,-0.12520204,2893
4.6,4.043076,2893
7.06,0.32296503,13690
8.3,6.122589,13230
7.5,5.5720873,13230
7.3,5.7073917,13230
7.3,10.60545,13230
7.1,18.335321,13230
7.0,11.22547,13230
6.89,-8.24331,13230
6.8,18.732815,13230
6.7,2.759327,13230
6.6,-8.796471,13230
6.5,-7.0349264,13230
6.5,3.3093545,13230
6.5,11.561395,13230
6.4,11.763306,13230
6.4,-2.475315,13230
6.4,-5.9799542,13230
6.4,2.7731967,13230
6.3,-6.896129,13230
6.3,0.9893178,13230
6.3,-7.0349264,13230
6.2,0.04586965,13230
6.2,-12.800707,13230
6.2,8.591124,13230
6.1,17.676876,13230
6.1,3.2923458,13230
6.1,-13.720937,13230
6.0,-5.2143326,13230
6.0,-3.262062,13230
6.0,-5.1845193,13230
6.0,0.33323967,13230
6.0,-7.685776,13230
6.0,0.5297992,13230
6.0,-2.7327697,13230
6.0,-8.543058,13230
5.9,-9.439773,13230
5.9,-12.213404,13230
5.8,-17.126558,13230
5.8,-16.03185,13230
5.8,4.487255,13230
5.7,-10.957439,13230
5.7,-9.294012,13230
5.3,-9.477588,13230
5.3,-7.2138333,13230
5.2,-7.057595,13230
5.2,-5.0952024,13230
4.8,-5.3279843,13230
4.6,-10.668922,13230
9.52,5.4705687,1168
8.96,3.6193283,1168
8.89,1.5879494,1168
8.82,-2.309717,1168
8.62,1.5400982,1168
8.6,0.23682696,1168
8.42,5.0429144,1168
8.38,3.6650856,1168
8.28,-1.2001178,1168
5.28,3.575072,2531
4.74,-1.7293695,2531
4.71,-14.837642,2531
4.62,5.954555,2531
6.85,-0.12288606,2780
7.83,1.172383,9757
7.63,5.628086,9757
7.43,10.649684,9757
7.31,7.3660026,9757
7.29,0.6109549,9757
7.04,-0.077012084,9757
6.97,10.202286,9757
6.97,1.9313931,9757
6.74,0.5099729,9757
6.52,-5.3054233,9757
6.21,-9.87311,9757
9.19,1.7297608,10541
5.8,2.6852205,14850
7.92,3.448294,5755
7.8,4.1736507,5755
6.79,-7.7952585,5755
7.7,8.7765045,8885
7.08,0.59306127,8885
6.9,5.7822037,8885
6.7,1.9540974,8885
6.48,3.770904,8885
6.15,-2.378802,8885
9.0,1.8429259,2687
9.0,1.8015784,2687
8.7,3.7507238,2687
8.7,5.078498,2687
8.7,10.450399,2687
8.52,-2.4515302,2687
8.52,2.5507421,2687
8.4,-12.702017,2687
8.22,-1.3859477,2687
8.22,1.8015784,2687
8.1,0.36002934,2687
7.89,-3.5727298,2687
7.89,-0.5533118,2687
7.89,8.307368,2687
7.7,1.7505816,2687
7.6,1.8015784,2687
7.6,0.5740841,2687
7.6,-3.1150951,2687
7.5,-9.399538,2687
7.5,-3.2133484,2687
7.5,3.5662596,2687
7.4,-6.235184,2687
7.4,-4.484141,2687
7.2,-12.546113,2687
7.1,-1.169059,2687
7.1,9.7855015,2687
7.0,-9.124527,2687
7.0,-15.292965,2687
6.6,-7.7713413,2687
6.5,-12.472768,2687
6.4,-7.6709766,2687
6.4,-10.822152,2687
6.0,1.4353836,2687
5.7,0.6114799,2687
6.87,-2.7811506,15016
5.09,1.1112865,11077
6.0,4.440595,3494
5.27,-8.486879,3494
4.66,3.843569,3494
6.88,0.75952077,14349
7.7,2.228895,9321
6.43,4.964493,9321
6.0,0.50108683,9321
5.96,1.7245559,16236
8.3,9.97302,2071
7.33,4.0912147,2071
6.24,-12.019469,2071
6.05,-2.6524117,2071
5.35,-1.7569048,2071
4.87,-2.508351,2071
8.4,0.92818826,7267
8.31,8.368507,6564
8.05,8.136476,6564
7.77,8.363581,6564
7.66,-5.0703096,6564
7.44,4.6562223,6564
7.31,-0.5737343,6564
7.14,-1.3096348,6564
6.86,2.243427,6564
6.75,-2.5628507,6564
6.75,2.3477387,6564
6.7,-4.0148077,6564
6.56,-2.579431,6564
6.56,-5.7496424,6564
6.5,-5.7463512,6564
6.45,2.2342906,6564
6.25,-8.493774,6564
6.1,-2.2502542,6564
6.08,-0.8945783,6564
6.06,2.4649682,6564
6.01,0.14992827,6564
5.68,-2.1720865,6564
5.35,-1.9623607,6564
5.31,-4.787502,6564
5.28,-3.1245234,6564
4.91,-3.1818948,6564
8.2,2.1314218,14262
8.05,-0.9902048,14262
8.05,-3.1338027,14262
8.05,-1.2434059,14262
8.05,0.85071075,14262
8.05,0.98578227,14262
8.05,-1.7019093,14262
8.05,-2.8997786,14262
8.05,2.026266,14262
8.05,-1.9294603,14262
8.05,3.9523745,14262
8.05,0.8738116,14262
8.05,1.4261563,14262
8.05,3.3084042,14262
7.61,-1.9770656,14262
5.47,-11.170696,13926
7.8,-0.3507004,1395
7.03,1.2256445,561
6.16,-7.776741,14173
5.23,3.2859414,14173
9.21,4.2385855,8739
9.08,1.968184,8739
8.77,-10.146335,8739
8.66,-4.361121,8739
8.41,-11.558395,8739
8.31,-3.1384408,8739
8.3,1.1181376,10207
9.34,-0.5851896,9950
7.47,3.803391,950
7.28,-10.237061,950
6.72,-10.335131,13928
6.6,-5.768182,13928
8.54,1.3263594,4732
7.0,0.9554685,13207
6.1,1.7551517,5766
5.69,2.1457403,8280
9.0,-6.039241,3990
8.7,6.462216,3990
8.7,-13.576585,3990
8.7,-10.36634,3990
8.52,5.16793,3990
8.52,-4.4636116,3990
8.52,9.718941,3990
8.52,-15.948155,3990
8.4,-3.4181912,3990
8.3,-7.137867,3990
8.15,11.674591,3990
8.1,0.6887038,3990
8.1,-4.2233934,3990
8.0,10.926208,3990
8.0,-7.1773605,3990
7.85,-4.077382,3990
7.55,10.146893,3990
7.54,-0.16356061,3990
7.42,0.14140952,3990
7.42,0.9632925,3990
7.41,-6.374155,3990
7.34,-3.3374557,3990
7.26,10.237772,3990
7.21,-3.914973,3990
7.04,-2.3359234,3990
6.96,5.4862094,3990
6.92,-6.941211,3990
6.72,-4.3227544,3990
6.64,11.257549,3990
6.62,-8.071881,3990
6.55,-4.344185,3990
6.55,-1.1505156,3990
6.37,10.289311,3990
6.06,12.380615,3990
6.01,-2.853374,3990
5.89,-4.86767,3990
5.4,-0.8333309,3990
5.35,-6.5172267,3990
5.33,10.298799,3990
5.28,-3.3472002,3990
5.24,-11.838443,3990
5.16,3.077579,3990
5.0,1.382605,3990
4.96,-3.864622,3990
5.39,-1.2780576,16156
4.82,-9.124836,16156
4.97,16.714582,1109
4.66,-10.372458,1109
4.6,-4.334848,1109
4.5,4.484291,1109
4.39,-9.746983,1109
4.31,-2.7635949,1109
4.24,-3.338644,1109
9.0,-6.383713,5160
8.92,-0.9172968,5160
8.72,4.110839,5160
8.66,-0.14693126,5160
8.57,0.3308002,5160
8.57,1.3114989,5160
8.49,-2.663093,5160
8.32,0.8330666,5160
8.29,7.371043,5160
8.14,3.2529225,5160
8.0,8.616898,5160
7.58,2.8451757,5160
6.96,-8.503659,5160
6.86,4.3854604,5160
6.75,8.616898,5160
6.68,-8.503659,5160
6.66,-1.3055058,5160
6.48,-1.6352333,5160
6.18,1.0496049,5160
8.4,3.2621932,843
7.96,6.3245907,843
7.89,5.0731144,843
7.77,5.5834837,843
7.77,7.7199397,843
7.62,5.3983116,843
7.6,0.9695016,843
7.58,-0.65736103,843
7.41,9.0856495,843
7.35,-8.681097,843
7.27,2.1163204,843
7.19,-9.671029,843
7.19,-5.5972238,843
7.19,-5.9891057,843
7.15,-3.339914,843
7.14,1.1597972,843
7.09,-1.4064091,843
7.09,-0.38052827,843
7.05,5.7489142,843
7.04,-0.33155763,843
7.02,-0.15784456,843
6.98,-13.066786,843
6.81,-0.7666837,843
6.8,5.005243,843
6.79,4.400039,843
6.78,-0.013930629,843
6.75,-3.3714273,843
6.75,-7.986742,843
6.73,6.883883,843
6.71,-10.754669,843
6.57,-4.496937,843
6.51,4.2174506,843
6.5,-0.47086093,843
6.5,-10.961884,843
6.46,3.2826893,843
6.44,7.643658,843
6.4,8.790395,843
6.33,-3.4873939,843
6.28,2.9441416,843
6.22,5.4441857,843
6.17,11.016335,843
6.15,6.2294836,843
5.52,6.3092766,843
7.52,1.3414291,847
7.52,4.7796416,847
7.4,2.734026,847
7.22,6.3252516,847
7.22,-4.2842245,847
7.1,1.3153481,847
7.05,5.0724754,847
7.05,1.8540926,847
7.0,4.99972,847
6.82,3.6220438,847
6.77,5.4766736,847
6.7,0.4906764,847
6.68,1.0817013,847
6.39,-7.198217,847
6.23,1.5506371,847
5.99,-1.3177288,847
5.72,-2.4704013,8301
4.81,1.2352986,17128
7.52,4.4633307,16184
7.52,1.527261,16184
7.1,-9.110266,16184
6.4,4.097461,16184
6.24,4.949175,16184
6.17,7.93594,16184
6.05,4.9952984,16184
5.72,5.109202,16184
5.57,5.1054845,16184
5.55,4.052444,16184
5.54,0.64099205,16184
5.44,1.9885918,16184
5.26,5.0988946,16184
5.2,3.0442274,16184
4.82,1.5434793,16184
8.92,0.07878098,8124
8.82,3.7804446,8124
8.82,3.2794197,8124
8.82,3.2996142,8124
8.77,3.693735,8124
8.72,3.224027,8124
8.68,4.892685,8124
8.66,4.4134254,8124
8.4,2.6977134,8124
7.68,1.4857422,8124
6.7,4.166006,8124
6.4,0.55808026,929
5.24,1.3947041,13407
6.06,0.024476442,9706
6.27,0.9156662,10715
8.4,5.751625,3788
8.4,1.0885162,3788
8.22,1.4141908,3788
8.22,-0.46356246,3788
8.22,3.7755036,3788
8.0,-3.1580155,3788
8.0,2.5305495,3788
7.96,2.75927,3788
7.89,3.755674,3788
7.85,4.0952444,3788
7.48,-4.019214,3788
7.24,0.9831717,3788
5.52,-1.0151519,17550
7.52,-5.6222286,16078
6.75,9.742122,12493
6.68,9.044861,12493
6.52,-5.2722187,12493
6.5,2.1265004,12493
6.34,10.6404505,12493
6.33,11.553609,12493
6.32,-3.043011,12493
6.28,11.348715,12493
6.17,-8.324486,12493
6.13,-7.081289,12493
6.12,7.5564246,12493
6.04,11.290143,12493
6.0,-3.5658176,12493
5.9,9.191503,12493
5.88,11.0919895,12493
5.69,6.0117483,12493
5.48,-6.136753,12493
5.32,9.306226,12493
5.27,6.563345,12493
5.25,-7.7636404,12493
5.06,-10.9931,12493
4.91,-14.912874,12493
4.82,-16.78522,12493
4.82,-2.7423096,12493
4.78,-9.298587,12493
4.7,-5.6044774,12493
4.6,-3.6991212,12493
4.57,-2.766882,12493
7.35,-2.0882459,11915
7.02,-5.2965364,11915
7.0,3.3017814,11915
6.89,-3.1016757,11915
6.86,-0.8162228,11915
8.3,0.99869883,17507
8.22,7.409895,17507
7.96,9.99638,17507
7.82,6.671949,17507
7.82,2.7289178,17507
7.82,6.1013207,17507
7.8,-10.722047,17507
7.58,-7.498161,17507
7.55,-3.8667126,17507
7.5,-8.610106,17507
7.48,-12.331948,17507
7.48,-12.453066,17507
7.47,-0.99130446,17507
7.28,-5.7859707,17507
7.25,-13.215653,17507
7.12,-10.45676,17507
7.09,-14.39634,17507
6.89,-11.5114155,17507
6.8,-0.9881704,17507
6.75,0.9873035,17507
6.68,-10.846868,17507
6.52,-5.449672,17507
6.52,-14.814817,17507
6.28,-4.9671454,17507
6.04,-5.0083923,17507
5.6,-14.722329,17507
5.37,22.097878,5617
5.29,-10.076299,5617
5.24,-2.0725129,5617
5.11,-14.925643,5617
6.34,-5.0611343,8218
6.06,-5.1791415,3929
6.0,7.813457,3929
9.26,0.21311466,7808
9.19,4.176088,7808
9.12,7.820818,7808
9.0,3.253726,7808
9.0,4.1078386,7808
8.94,0.40628102,7808
8.92,2.9163563,7808
8.92,8.002487,7808
8.89,1.7390273,7808
8.89,-1.6758318,7808
8.89,4.3152995,7808
8.82,6.32754,7808
8.82,7.634174,7808
8.8,2.3432646,7808
8.8,8.262783,7808
8.77,3.7000442,7808
8.77,2.9860475,7808
8.77,2.3418252,7808
8.72,2.7542925,7808
8.7,6.84142,7808
8.7,5.590465,7808
8.7,0.7342811,7808
8.7,4.394583,7808
8.7,4.835845,7808
8.7,1.5892965,7808
8.7,1.981355,7808
8.66,5.3449645,7808
8.6,9.222029,7808
8.54,3.9060578,7808
8.52,8.8123865,7808
8.52,2.4326637,7808
8.52,3.2988524,7808
8.52,6.8498554,7808
8.52,6.0872345,7808
8.52,6.802872,7808
8.52,-0.040661063,7808
8.52,-0.23566484,7808
8.51,4.2338758,7808
8.51,6.094946,7808
8.47,8.921843,7808
8.46,9.179831,7808
8.44,6.6344852,7808
8.42,5.4038615,7808
8.4,6.3642287,7808
8.4,7.976693,7808
8.4,-6.423739,7808
8.4,8.072068,7808
8.4,6.689969,7808
8.3,-8.232447,7808
8.3,3.3800032,7808
8.3,7.4436846,7808
8.3,-6.005234,7808
8.28,2.4217708,7808
8.22,3.6709511,7808
8.22,5.526484,7808
8.22,3.412853,7808
8.22,3.1479256,7808
8.19,8.732491,7808
8.15,3.8778188,7808
8.15,6.225807,7808
8.15,1.6059912,7808
8.15,8.852833,7808
8.15,6.112182,7808
8.15,2.8918135,7808
8.15,4.859319,7808
8.1,-1.1933928,7808
8.1,0.6062776,7808
8.1,5.674233,7808
8.1,3.274925,7808
8.05,3.0055106,7808
8.05,3.2060874,7808
8.05,5.650972,7808
8.05,2.51934,7808
8.05,7.8635244,7808
8.01,3.1522515,7808
8.0,-4.775109,7808
7.96,4.0302706,7808
7.96,9.4028,7808
7.92,4.91387,7808
7.89,-0.15645221,7808
7.89,-3.1131,7808
7.85,7.8281245,7808
7.84,2.3932629,7808
7.7,2.7265582,7808
7.68,3.7308679,7808
7.68,-0.58911055,7808
7.66,3.6977928,7808
7.6,3.8483977,7808
7.52,-0.7240932,7808
7.5,0.5294573,7808
7.49,-1.720947,7808
7.48,5.922505,7808
7.46,6.4273067,7808
7.44,3.043954,7808
7.39,1.0260252,7808
7.39,-3.96092,7808
7.38,-4.2909985,7808
7.37,5.0942082,7808
7.37,2.8836048,7808
7.36,-6.87953,7808
7.34,3.3324535,7808
7.29,2.8906412,7808
7.26,7.7554164,7808
7.09,-5.1747656,7808
7.04,-5.373964,7808
6.99,8.707184,7808
6.94,-1.3858144,7808
6.94,-15.143095,7808
6.89,3.024527,7808
6.88,-2.7744143,7808
6.86,-1.172928,7808
6.84,-3.605673,7808
6.79,-1.2991412,7808
6.74,4.7076187,7808
6.72,10.341029,7808
6.68,0.44973865,7808
6.63,6.4597664,7808
6.59,-4.4482827,7808
6.57,0.36017144,7808
6.44,1.7857968,7808
6.4,6.378974,7808
6.38,-3.3242862,7808
6.29,7.7371097,7808
6.21,4.2924037,7808
6.08,-1.2957877,7808
7.85,0.6449722,6608
7.85,2.5802877,6608
7.85,1.27177,6608
7.85,4.072615,6608
7.82,2.1194537,6608
7.82,3.4653323,6608
7.82,4.1380653,6608
7.8,2.8365526,6608
7.8,3.4958975,6608
7.77,6.1348305,6608
7.77,0.34180844,6608
7.72,2.3729732,6608
7.7,4.336536,6608
7.58,-0.36094284,6608
7.55,2.945255,6608
6.48,-11.363659,6608
5.89,-17.402443,6608
7.45,3.3276584,9247
7.36,5.966367,9247
7.01,-1.9082217,9247
7.0,2.3830163,9247
6.99,-0.45200628,9247
6.87,-0.8201314,9247
6.87,-1.024981,9247
6.86,0.21199837,9247
6.82,-5.8149776,9247
6.64,-2.9290504,9247
6.52,1.7072457,9247
6.38,0.64079285,9247
6.1,-7.7853017,9247
5.85,4.597691,9247
5.82,5.3190966,9247
5.78,4.193929,9247
5.61,-6.2733,9247
4.69,1.2109553,9247
6.36,2.8712833,756
7.62,5.5870414,16987
7.48,5.7415257,16987
7.33,-2.3206303,16987
7.31,-0.15969883,16987
7.14,3.9184668,16987
7.13,2.7064006,16987
7.07,2.6206615,16987
7.05,4.33302,16987
7.0,5.167477,16987
6.89,2.7592127,16987
6.85,2.5549822,16987
6.8,6.3790536,16987
6.71,-2.50602,16987
6.28,1.7860087,16987
6.12,7.4981747,16987
6.03,-1.9145386,16987
5.96,2.8399968,16987
5.96,-3.889993,16987
5.92,1.0207621,16987
5.42,5.957789,16987
5.32,0.60907507,16987
4.7,-0.850034,16987
9.1,6.9292946,6038
8.66,-2.6930153,6038
8.52,11.512943,6038
8.52,4.008675,6038
8.49,6.810293,6038
8.48,9.884009,6038
8.41,4.113494,6038
8.4,6.810293,6038
8.4,11.8302555,6038
8.26,-11.012831,6038
8.06,-19.526066,6038
7.94,5.430824,6038
7.92,8.702097,6038
7.86,-5.559751,6038
7.86,-5.9905143,6038
7.84,-2.9432814,6038
7.8,8.314611,6038
7.8,6.573046,6038
6.84,11.402552,6038
6.6,10.783595,6038
7.64,1.3345932,6582
8.96,0.14306724,16038
6.0,0.55087155,13294
6.72,-5.1232023,10196
7.36,-0.61153215,5869
5.77,2.2435036,16399
4.89,-3.9065387,17583
5.41,1.2502352,3222
6.3,1.5202338,12321
8.15,7.2796674,9490
7.89,0.947972,9490
6.44,-2.6508098,9490
5.06,-0.08351216,17846
8.54,9.504098,1802
7.65,-4.5226326,1802
6.62,2.0054543,1802
5.08,1.659005,1802
9.25,-3.0595999,10508
9.7,-4.6941133,7158
9.3,0.27341846,7158
9.22,-11.559299,7158
8.96,-3.0804818,7158
8.7,-11.392415,7158
8.6,-5.5706553,7158
8.47,-6.567987,7158
8.38,4.1248446,7158
8.34,-4.2829514,7158
8.33,-8.031846,7158
8.33,-7.9960704,7158
8.24,0.024305686,7158
8.14,0.5802374,7158
8.14,-7.026187,7158
8.09,-3.55965,7158
8.05,6.7244368,7158
8.01,0.017128415,7158
8.0,-9.849968,7158
7.97,-3.6341183,7158
7.95,-1.5022713,7158
7.9,-9.245774,7158
7.8,-1.0462561,7158
7.8,-0.97476274,7158
7.76,0.19240385,7158
7.75,2.3799517,7158
7.71,-7.9436903,7158
7.7,1.9577008,7158
7.68,5.2520905,7158
7.64,0.81032497,7158
7.62,3.4508953,7158
7.56,0.9805273,7158
7.52,2.5368671,7158
7.47,-5.2120194,7158
7.45,-3.7668054,7158
7.37,2.6062312,7158
7.35,-2.0773566,7158
7.19,-3.1665645,7158
7.16,3.7641957,7158
7.14,4.312213,7158
7.12,-4.9162016,7158
7.06,5.091339,7158
7.06,-7.8358808,7158
6.4,-2.5079753,7158
6.25,1.5020828,7158
6.23,-6.6441274,7158
5.91,4.821599,7158
5.85,-2.4729273,7158
5.71,-6.936226,7158
5.59,-0.38666454,7158
8.05,2.0559132,9173
7.7,-0.70655143,9173
7.67,-3.1164577,9173
7.28,3.756352,9173
7.28,-0.5858537,9173
7.26,2.0414867,9173
7.18,4.2596154,9173
7.17,4.902205,9173
7.08,-4.2541766,9173
7.04,3.0838096,9173
7.01,0.679538,9173
6.86,3.513314,9173
6.82,3.7368796,9173
6.75,-2.3197093,9173
6.7,1.6624137,9173
6.64,6.0279784,9173
6.63,1.7258393,9173
6.63,-7.1390405,9173
6.61,1.492086,9173
6.35,-4.531847,9173
6.33,-4.8734837,9173
6.28,3.8096607,9173
6.82,3.9517338,9254
7.66,6.000351,8888
7.55,7.645814,8888
7.41,2.832921,8888
7.16,3.255278,8888
6.69,-0.6881714,8888
6.57,-2.8267035,8888
4.67,-6.621413,11978
7.89,-0.9787648,14724
7.75,1.2433972,14724
7.6,5.220389,14724
7.5,1.5222653,14724
7.48,-2.8708024,14724
7.35,1.5960393,14724
7.08,-1.262093,14724
7.05,0.58002996,14724
7.02,0.33558238,14724
6.94,1.2764735,14724
6.74,0.16490752,14724
6.71,1.0104076,14724
6.67,-1.0703561,14724
6.56,-1.9168613,14724
6.54,-2.3609183,14724
6.36,0.7610545,14724
6.24,2.8203926,14724
6.21,1.4939234,14724
6.16,0.8976907,14724
6.16,-0.9787648,14724
6.04,1.8673049,14724
5.75,5.0300674,14724
5.63,-2.5972831,14724
5.61,-3.0422182,14724
5.55,-3.166245,14724
5.53,-3.8972733,14724
5.48,6.527788,14724
5.45,2.9461582,14724
8.4,-5.072372,17647
6.77,2.4168367,7169
5.99,0.7662417,5979
5.7,6.3911405,5979
5.67,10.177654,5979
5.35,-0.045535076,5979
5.02,1.1432948,682
8.68,2.9135346,17633
8.6,0.6225897,17633
8.41,0.5939933,17633
8.28,2.2405202,17633
8.27,2.3729715,17633
7.98,0.6714735,17633
7.76,0.71240294,17633
7.59,1.223857,17633
7.47,-4.1239176,17633
7.38,3.786576,17633
7.34,-4.170142,17633
7.1,5.047054,17633
6.96,-5.7443004,17633
6.77,3.0641289,17633
6.48,1.0733196,17633
7.1,-4.2280707,3016
6.52,1.4719447,10130
5.92,1.857591,7444
6.82,4.994182,17217
5.28,-1.8318353,17217
7.18,-4.04611,3398
6.77,4.7789702,3398
6.77,4.904239,3398
6.4,-0.74194056,3398
6.34,2.3478553,3398
6.28,-2.5033357,3398
6.25,-13.091787,3398
6.23,-9.047698,3398
6.23,-3.1250648,3398
6.14,-12.691297,3398
6.12,8.064568,3398
6.1,-1.6362476,3398
6.08,-8.70118,3398
6.08,2.0011156,3398
6.07,-3.7120023,3398
6.05,-11.238722,3398
6.03,-2.7116766,3398
5.87,5.3906827,3398
5.84,5.5126367,3398
5.83,-10.706704,3398
5.82,-14.593624,3398
5.74,-16.148294,3398
5.72,-5.9165525,3398
5.69,-11.367437,3398
5.69,-0.5931022,3398
5.56,-3.56949,3398
5.45,-8.89761,3398
5.4,-0.6336068,3398
5.39,-5.26877,3398
5.39,-0.30500567,3398
5.06,-7.3465333,3398
8.3,2.6543827,5543
6.32,1.4554037,10040
6.22,1.8094492,10040
6.16,-8.93589,10040
6.12,-5.199733,10040
6.12,-12.031971,10040
6.0,-10.505084,10040
5.92,4.6112623,10040
5.82,-8.40384,10040
5.75,-0.76502466,10040
5.64,5.1536894,10040
5.6,-3.8516989,10040
5.5,-8.735662,10040
5.5,-5.323438,10040
5.47,-3.2825496,10040
5.44,3.9639509,10040
5.29,-0.50028455,10040
5.2,4.0675616,10040
5.1,-4.1004276,10040
5.09,-5.969177,10040
5.07,1.5857238,10040
8.4,2.8775494,13708
8.4,6.0403676,13708
8.4,5.242261,13708
8.22,-0.12600833,13708
8.22,6.928745,13708
8.1,1.1138312,13708
8.1,-1.2301395,13708
8.0,2.495525,13708
7.96,6.351837,13708
7.96,4.9227824,13708
7.85,1.4659364,13708
7.8,3.1060236,13708
7.41,-0.166572,13708
7.24,-1.5066495,13708
7.16,5.6882086,13708
7.08,-1.9975028,13708
7.0,-9.080077,13708
6.89,6.7954774,13708
6.58,5.1564617,13708
6.48,7.2369204,13708
6.4,-5.03589,13708
5.92,4.5490923,13708
5.4,-0.029814154,13708
5.35,5.2877407,13708
4.52,5.5893497,13708
7.33,-17.861776,9998
6.85,7.2125816,9998
9.7,9.179626,2582
9.4,6.9496975,2582
8.15,8.885651,2582
8.1,2.9110587,2582
8.1,-2.0796568,2582
7.92,12.423316,2582
7.66,-1.404216,2582
7.6,0.054824833,2582
7.54,2.578351,2582
7.52,4.9367247,2582
7.51,-1.0464619,2582
7.46,2.8050978,2582
7.41,6.8349214,2582
7.29,1.5051476,2582
7.24,6.967161,2582
7.0,-4.305515,2582
6.89,-4.231465,2582
6.76,-5.0654297,2582
6.76,0.9811319,2582
6.75,-5.881297,2582
6.68,6.542001,2582
6.55,7.6642346,2582
6.34,-4.5537868,2582
6.31,2.823801,2582
6.18,-5.8513727,2582
6.0,-10.142899,2582
5.51,-15.795629,2582
5.21,-14.260553,2582
7.62,3.7090304,420
8.22,5.4273815,3415
8.1,6.3242617,3415
7.92,-9.76872,3415
7.82,5.605822,3415
7.72,5.824115,3415
7.72,4.5948544,3415
7.66,6.1155844,3415
7.58,5.3455915,3415
7.54,4.781051,3415
7.52,2.5829384,3415
7.51,2.1200726,3415
7.5,-0.96920824,3415
7.42,-1.0139003,3415
7.4,3.0043862,3415
7.31,1.840267,3415
7.28,5.1505866,3415
7.17,3.6194022,3415
7.16,0.17277443,3415
7.12,-7.4430957,3415
7.11,7.8552537,3415
7.11,-4.5633326,3415
7.04,0.6590938,3415
6.85,5.775794,3415
6.82,-0.07387639,3415
6.77,4.112187,3415
6.72,-1.7026193,3415
6.51,1.5785357,3415
6.06,-4.080982,3415
5.96,-17.449236,3415
7.98,0.17818402,12707
9.0,-1.3984998,8521
9.0,7.994664,8521
5.38,2.8982666,8864
6.3,5.8293386,5268
5.96,-10.566225,5268
5.65,-17.745836,5268
5.37,5.7514644,5268
5.08,-7.850138,5268
7.89,11.488414,11149
7.85,10.817475,11149
7.72,13.601427,11149
7.7,8.751807,11149
7.21,4.056741,11149
7.19,1.8995882,11149
7.1,14.59678,11149
7.09,-2.6713536,11149
7.09,1.7427481,11149
6.97,-4.811403,11149
6.8,-7.032009,11149
6.62,-0.87472594,11149
6.38,1.6650892,11149
6.25,10.851399,11149
5.51,-4.576889,11149
5.3,3.671964,11149
7.68,12.627609,5807
7.19,9.474555,5807
7.16,10.212909,5807
7.16,-3.1055212,5807
6.96,5.775141,5807
6.96,13.223076,5807
6.64,-1.4365313,5807
6.42,5.798011,5807
6.4,7.2140045,5807
6.16,-7.181147,5807
6.04,-10.729522,5807
6.01,-7.3238115,5807
6.0,-10.729522,5807
5.82,-10.815622,5807
5.8,-17.210884,5807
5.25,-6.519556,5807
5.41,0.1319126,9320
8.4,12.891036,3179
8.3,11.217776,3179
8.3,5.0604506,3179
8.22,10.7039795,3179
8.15,12.95567,3179
8.1,11.343667,3179
8.1,6.3701353,3179
8.0,10.700309,3179
7.96,-0.8008082,3179
7.92,6.380991,3179
7.89,-11.387321,3179
7.89,9.503476,3179
7.85,5.9660993,3179
7.7,-9.663384,3179
7.41,9.829901,3179
7.38,-7.017342,3179
7.34,4.1653285,3179
7.29,-3.2254746,3179
7.24,-5.3646183,3179
7.17,11.501482,3179
7.16,-12.315964,3179
7.12,7.4721093,3179
7.1,-11.089671,3179
7.07,-2.3195558,3179
6.73,-4.660383,3179
6.7,-8.678582,3179
6.69,-8.794388,3179
6.67,1.5249836,3179
6.54,-15.772206,3179
6.52,-18.624655,3179
6.49,-11.523455,3179
6.35,2.8933349,3179
6.2,-8.990257,3179
6.14,-16.412024,3179
6.09,-4.325814,3179
6.02,-10.657873,3179
5.8,-4.3219523,3179
5.71,-8.270797,3179
5.4,-10.60549,3179
5.31,-12.350234,3179
5.31,-16.37174,3179
5.31,-15.570446,3179
5.2,-14.11188,3179
4.61,-15.835657,3179
7.92,1.8573313,4192
7.08,-0.098231055,10469
7.58,-2.648216,8652
5.7,0.091673836,4606
6.0,17.33273,5612
5.39,-8.208451,5612
5.3,-0.3288172,5612
5.19,-17.279024,5612
8.4,7.1263285,16094
6.4,-3.6820154,16094
7.06,2.6877856,13538
8.05,3.0330358,10648
8.05,0.76528776,10648
5.47,-3.0454311,14080
7.7,1.959772,9073
6.86,-0.7953512,6603
8.51,-10.4540615,5392
8.43,-1.6977289,5392
8.38,-4.0557275,5392
8.31,4.893957,5392
8.15,6.522132,5392
8.01,9.710772,5392
7.92,-0.8415443,5392
7.92,-6.0030937,5392
7.92,-1.0693451,5392
7.85,7.37484,5392
7.8,4.893957,5392
7.77,-5.6522746,5392
7.72,4.893957,5392
7.72,0.02474051,5392
7.64,6.522132,5392
7.52,0.02474051,5392
7.46,-4.0557275,5392
7.39,-2.3634274,5392
7.17,-2.5701149,5392
6.34,-2.3634274,5392
6.23,5.9841766,8744
6.21,2.9525084,8744
5.83,-6.380603,8744
5.51,-9.711546,8744
6.26,1.7277615,4896
8.22,5.138503,17105
8.15,11.335519,17105
7.75,5.6982684,17105
7.66,-0.93552655,17105
7.6,6.668405,17105
7.57,12.157264,17105
7.52,2.2532065,17105
7.38,10.309583,17105
7.36,4.9539437,17105
7.12,0.44712237,17105
7.02,3.0772529,17105
6.82,8.110483,17105
6.76,-1.3345405,17105
6.72,-2.1289232,17105
6.69,-1.125621,17105
6.59,-1.0486331,17105
6.36,-4.307598,17105
6.25,5.105955,17105
5.38,-5.2396884,17105
5.28,-9.750808,17105
8.99,2.6635418,10521
8.98,5.4290714,10521
8.7,0.33630437,10521
8.28,1.6863316,10521
8.09,-7.1203175,10521
7.22,16.85768,5621
6.68,0.87439746,5621
6.52,-3.6538665,5621
6.22,-16.008068,5621
7.62,3.5158436,8685
7.5,-0.9724066,8685
7.12,-4.7354136,8685
7.06,-3.0526881,8685
6.05,5.0136924,8685
5.89,-11.689864,8685
8.96,16.248583,8508
8.8,6.714353,8508
8.7,12.2992735,8508
8.6,7.386674,8508
8.55,10.316757,8508
8.52,14.404298,8508
8.47,5.314356,8508
8.33,13.361723,8508
8.18,5.84888,8508
8.07,5.4786906,8508
7.79,7.43812,8508
7.67,-3.9086034,8508
7.58,-7.051076,8508
7.35,-4.5108976,8508
7.3,-4.7426214,8508
7.25,-5.467773,8508
7.25,-8.641927,8508
7.14,0.08958806,8508
7.14,-4.7652164,8508
7.0,0.82970893,8508
7.0,3.8555515,8508
7.0,0.30533767,8508
6.81,-0.11727111,8508
6.6,-11.613679,8508
7.28,14.577523,2009
6.61,-1.1124845,2009
6.44,-0.7521988,2009
6.25,-4.6192884,2009
6.03,2.1139092,2009
5.99,8.357899,2009
5.91,-1.5247325,2009
5.72,-5.186415,2009
5.61,-10.996722,2009
5.57,-4.013442,2009
5.38,-8.858494,2009
5.35,-9.494508,2009
5.32,-10.418651,2009
4.9,-13.7427225,2009
4.83,-8.079246,2009
4.83,-6.6315646,2009
4.74,-10.412358,2009
4.56,-11.617238,2009
4.52,-4.1478796,2009
4.5,-10.265341,2009
4.31,-6.9165144,2009
9.0,-4.145288,1635
9.0,0.50277126,1635
8.7,-4.012487,1635
8.7,-7.5262976,1635
8.52,-4.145288,1635
8.52,-13.423897,1635
8.52,-7.0974374,1635
8.52,-1.9906354,1635
8.52,-3.9068232,1635
8.4,-1.2846828,1635
8.4,0.50277126,1635
8.22,-15.179508,1635
8.22,-4.3626914,1635
8.15,-7.6570454,1635
8.15,0.9443252,1635
8.15,9.829976,1635
8.0,-3.731629,1635
7.96,-1.068334,1635
7.8,-3.9654646,1635
7.75,-10.979965,1635
7.66,10.589034,1635
7.66,3.3450465,1635
7.38,-0.38274148,1635
7.28,3.7459815,1635
6.9,-4.145288,1635
6.58,0.50277126,1635
5.94,5.0959325,192
8.3,3.1035886,13324
8.05,-2.0089254,6846
5.17,8.694028,6846
6.36,4.5176816,738
6.17,-15.237337,738
6.17,-4.0054326,738
6.05,-8.815369,738
6.0,-11.088827,738
5.94,-6.6898346,738
5.91,1.1703273,738
5.89,2.502377,738
5.89,-7.487406,738
5.88,-8.097231,738
5.84,0.15834366,738
5.77,1.593588,738
5.72,-4.4540977,738
5.71,4.371828,738
5.67,1.033094,738
5.64,4.5401926,738
5.64,2.1540568,738
5.51,-5.9842505,738
5.51,-1.4635757,738
5.46,-7.4813676,738
5.42,-3.9250147,738
5.39,1.3299613,738
5.34,-14.008173,738
5.34,-0.45614886,738
5.33,-7.364155,738
5.33,-5.4994555,738
5.22,-0.59231806,738
5.87,-0.14142969,13038
8.26,2.4650805,1361
7.02,1.9851443,7713
5.3,-14.108156,10062
5.0,-10.6268835,10062
5.26,11.195513,5963
5.12,-4.6945677,5963
5.07,-3.894916,5963
4.65,-0.4996583,7604
8.15,3.0148134,2837
5.8,-2.1710112,204
8.89,-8.267174,8063
8.74,-12.812114,8063
8.54,-4.6157174,8063
8.47,-11.675798,8063
8.47,-2.3659124,8063
8.42,3.9403305,8063
8.37,3.3963192,8063
8.15,-2.299146,8063
8.14,2.581088,8063
8.05,7.1709976,8063
8.03,4.3853407,8063
8.0,-8.00095,8063
7.98,-14.685983,8063
7.92,3.6367364,8063
7.85,-0.75363284,8063
7.85,-3.9992874,8063
7.83,-13.374741,8063
7.8,1.6792198,8063
7.8,-1.4426258,8063
7.75,-6.5108805,8063
7.7,1.590442,8063
7.68,-2.939773,8063
7.66,-8.896366,8063
7.66,3.1071973,8063
7.5,-9.106415,8063
7.5,3.4330144,8063
7.48,3.7823184,8063
7.47,5.7628565,8063
7.43,0.33957455,8063
7.35,-5.471719,8063
7.32,-1.558446,8063
7.23,-6.350815,8063
7.21,0.22332135,8063
7.21,2.9963362,8063
7.21,-12.687904,8063
7.18,-6.926644,8063
7.08,0.79862946,8063
7.05,4.838197,8063
7.03,2.2982008,8063
7.01,3.1496084,8063
8.52,2.9325702,16476
7.8,-2.4829342,16476
6.64,-3.668676,15858
6.64,6.4114637,15858
6.52,0.5078304,15858
6.48,-1.3474553,15858
6.28,1.1408349,15858
5.21,1.0497943,15858
5.19,0.092130035,15858
9.7,4.15807,6580
9.3,-1.5552093,6580
9.1,7.3879223,6580
8.89,6.675365,6580
8.8,-0.43999258,6580
8.54,11.002289,6580
8.19,3.4656837,6580
8.17,3.0923324,6580
8.15,-1.5242277,6580
8.02,-3.8918986,6580
8.0,-1.8280305,6580
7.96,3.4187648,6580
7.84,2.1393564,6580
7.75,3.263859,6580
7.72,2.445679,6580
7.68,3.1418333,6580
7.63,6.203373,6580
7.41,-0.7810106,6580
7.11,4.092879,6580
7.03,-1.4241362,6580
7.02,4.843224,6580
6.55,5.3030605,6580
6.07,-7.4740024,6580
6.0,1.6286205,7613
6.0,7.0841885,7613
6.0,5.7111254,7613
6.0,3.2266748,7613
6.0,-1.1268387,7613
6.0,3.0877607,7613
6.0,-0.156248,7613
6.0,-2.5124712,7613
6.0,6.3645177,7613
6.0,6.7775335,7613
6.0,-7.6063666,7613
6.0,-2.7913973,7613
6.0,10.288635,7613
6.0,3.8368914,7613
6.0,5.9999456,7613
6.0,4.7887096,7613
6.0,2.5407445,7613
6.0,2.9211876,7613
6.8,9.465957,3242
5.28,1.2918478,3242
5.08,-3.4017122,3242
4.84,-0.32704404,3242
5.36,0.264149,11071
5.33,-6.4883447,11071
4.63,3.4828227,11071
6.96,3.1682584,11240
7.0,-9.170059,15366
7.0,-7.321457,15366
6.62,-7.6328735,15366
6.39,-14.249065,15366
5.94,-3.2656817,15366
5.68,2.4338388,15366
5.16,-9.531985,15366
5.03,-0.19035023,15366
5.02,-5.381895,15366
4.93,-14.523466,15366
8.06,-2.4498384,15203
7.0,3.0335534,135
5.52,-6.792234,135
5.4,1.5091084,135
8.4,-5.0214157,3071
8.3,-7.6880126,3071
8.22,12.0126705,3071
8.15,0.98802245,3071
8.15,8.628656,3071
8.0,0.3319421,3071
7.92,0.5325605,3071
7.85,1.8901213,3071
7.8,9.5604725,3071
7.77,-4.652528,3071
7.77,1.7749914,3071
7.77,8.242527,3071
7.75,0.21033674,3071
7.72,3.7152267,3071
7.7,-7.9048586,3071
7.68,-7.2934675,3071
7.57,0.7786735,3071
7.46,1.5218853,3071
7.4,-1.6550668,3071
7.37,-1.8939967,3071
7.28,-7.4017944,3071
7.27,6.5325093,3071
7.14,-7.43462,3071
6.85,-6.7110314,3071
5.2,-2.9425683,14
8.82,10.867166,8125
8.77,-2.3294454,8125
8.68,2.8839662,8125
8.55,5.2243223,8125
8.47,2.631034,8125
8.21,2.8097944,8125
6.19,-1.6575832,5183
5.51,6.185115,5183
5.29,-0.58192897,5183
4.62,-0.51665854,5183
6.7,16.186472,380
6.51,2.5177562,380
4.19,-2.2258375,380
7.0,3.359771,13425
4.89,2.879791,2186
4.46,-8.453257,2186
9.4,0.5834956,13284
9.3,-2.456885,13284
9.22,-0.8216796,13284
9.22,3.6666064,13284
9.22,6.0999904,13284
9.15,-4.4241147,13284
9.1,2.1763551,13284
8.89,-0.9953535,13284
8.4,0.1626674,13284
10.15,9.490043,6249
9.7,6.081227,6249
9.68,0.5060646,6249
9.6,6.558487,6249
9.59,5.1001296,6249
9.57,-3.5265627,6249
9.55,6.618798,6249
9.54,3.8461523,6249
9.49,0.351661,6249
9.46,13.513184,6249
9.44,-10.503871,6249
9.41,-7.3095016,6249
9.4,7.6764627,6249
9.35,-0.53838146,6249
9.35,-5.4372916,6249
9.34,-6.0986156,6249
9.34,-2.7408376,6249
9.33,14.768265,6249
9.31,5.025212,6249
9.29,3.8437288,6249
9.28,11.781548,6249
9.28,7.9999313,6249
9.27,2.2296546,6249
9.25,-8.371436,6249
9.25,4.4175153,6249
9.24,4.2601714,6249
9.24,1.746009,6249
9.23,4.3840747,6249
9.23,3.4060462,6249
9.22,-6.34711,6249
9.19,8.006967,6249
9.18,-19.419512,6249
9.17,-8.6818695,6249
9.17,3.1757977,6249
9.17,-6.7169933,6249
9.17,0.45015228,6249
9.17,-9.122375,6249
9.15,-3.6168694,6249
9.15,10.558572,6249
9.14,5.1490126,6249
9.14,9.991066,6249
9.13,7.3200893,6249
9.12,-2.9247534,6249
9.1,-2.5247233,6249
9.1,6.2915115,6249
9.09,1.3377281,6249
9.09,5.010217,6249
9.08,-11.534304,6249
9.06,7.469733,6249
9.06,9.748507,6249
9.06,9.05994,6249
9.05,4.708524,6249
9.05,4.822926,6249
9.04,4.0823116,6249
9.04,-17.276918,6249
9.03,2.4891834,6249
9.03,7.42812,6249
9.02,0.6060349,6249
9.01,0.39008537,6249
9.0,4.4879427,6249
9.0,4.257076,6249
9.0,8.122794,6249
9.0,1.7362955,6249
9.0,1.2791871,6249
9.0,0.511104,6249
9.0,5.2894864,6249
9.0,9.872721,6249
9.0,8.9781275,6249
9.0,4.4524946,6249
9.0,9.368915,6249
9.0,1.5181843,6249
9.0,7.658085,6249
9.0,8.9215145,6249
9.0,2.3845935,6249
9.0,-0.5855717,6249
8.99,6.7209578,6249
8.99,5.7196236,6249
8.96,-7.085187,6249
8.96,3.0454788,6249
8.96,2.5161066,6249
8.95,9.577045,6249
8.94,2.238416,6249
8.94,12.267564,6249
8.93,5.5113025,6249
8.93,7.2335606,6249
8.91,0.56447417,6249
8.91,5.937692,6249
8.9,2.3243644,6249
8.9,4.7716727,6249
8.89,-4.5752106,6249
8.89,-10.711006,6249
8.89,6.133977,6249
8.87,2.9442239,6249
8.87,4.5664916,6249
8.86,1.0737101,6249
8.86,2.0881941,6249
8.86,10.825715,6249
8.85,-4.956028,6249
8.85,11.487291,6249
8.84,3.0745752,6249
8.83,9.341876,6249
8.83,-1.2440569,6249
8.82,2.834766,6249
8.82,1.8794461,6249
8.82,1.8460988,6249
8.82,8.008293,6249
8.82,1.7362955,6249
8.81,8.097655,6249
8.81,7.706532,6249
8.81,12.535841,6249
8.81,-1.9260164,6249
8.8,-10.697548,6249
8.8,13.309899,6249
8.79,13.473432,6249
8.79,3.422609,6249
8.79,5.43093,6249
8.79,-5.641561,6249
8.78,1.0665101,6249
8.78,-9.573479,6249
8.77,12.267565,6249
8.77,6.1647096,6249
8.76,1.5190771,6249
8.76,6.29732,6249
8.75,0.93614924,6249
8.75,-5.0583873,6249
8.74,8.853687,6249
8.74,-1.1858205,6249
8.73,1.68825,6249
8.71,-0.35658276,6249
8.71,-0.51975816,6249
8.7,8.122795,6249
8.7,2.1698499,6249
8.7,2.8961825,6249
8.7,-8.366368,6249
8.7,5.555444,6249
8.7,7.3935885,6249
8.7,2.0278575,6249
8.7,8.2816725,6249
8.7,5.5774875,6249
8.7,2.0807903,6249
8.7,9.917095,6249
8.7,-0.123174444,6249
8.7,-5.9088025,6249
8.7,-5.457102,6249
8.7,16.139433,6249
8.7,13.99734,6249
8.7,2.7214212,6249
8.7,-2.311664,6249
8.7,6.871915,6249
8.7,-1.0487702,6249
8.7,-7.275078,6249
8.7,-0.098581254,6249
8.7,-3.2165272,6249
8.7,-7.0387597,6249
8.7,-5.713703,6249
8.7,-9.3874655,6249
8.7,-7.160636,6249
8.7,7.3480926,6249
8.68,9.4036875,6249
8.68,4.9129267,6249
8.68,7.830614,6249
8.67,4.1820173,6249
8.67,3.6251159,6249
8.67,7.360231,6249
8.66,3.0498612,6249
8.66,-2.191843,6249
8.65,1.9014932,6249
8.65,6.805452,6249
8.65,4.0067525,6249
8.65,-6.8166766,6249
8.64,-0.18799022,6249
8.64,-3.2236848,6249
8.62,7.1880307,6249
8.61,1.0472041,6249
8.61,2.428031,6249
8.6,10.133664,6249
8.6,2.5216396,6249
8.6,5.927051,6249
8.6,6.011655,6249
8.58,-8.702835,6249
8.57,0.21004835,6249
8.57,-8.634632,6249
8.57,-1.5190006,6249
8.57,1.8039815,6249
8.56,10.503419,6249
8.56,-10.152075,6249
8.55,3.9780207,6249
8.55,-6.977048,6249
8.55,-4.446866,6249
8.55,6.2775784,6249
8.55,0.42967242,6249
8.54,-5.6520505,6249
8.54,2.5416791,6249
8.54,5.2471633,6249
8.54,-11.83787,6249
8.53,-0.8291089,6249
8.52,3.4747474,6249
8.52,8.574951,6249
8.52,2.341681,6249
8.52,-2.4315836,6249
8.52,-5.9377713,6249
8.52,-3.2827525,6249
8.52,9.638081,6249
8.52,-10.934052,6249
8.52,0.25902614,6249
8.52,14.413361,6249
8.52,-7.3619103,6249
8.52,16.03126,6249
8.52,6.6109324,6249
8.52,10.292409,6249
8.52,0.18272337,6249
8.52,-0.39321828,6249
8.52,5.909955,6249
8.52,-3.4370222,6249
8.52,-10.735844,6249
8.52,-0.45660782,6249
8.52,-7.9326887,6249
8.52,3.5115812,6249
8.52,4.776007,6249
8.51,0.64474946,6249
8.51,6.651135,6249
8.5,-0.039332505,6249
8.49,2.6520686,6249
8.49,-1.9136714,6249
8.48,3.8397477,6249
8.47,3.55873,6249
8.47,-5.652052,6249
8.47,6.7071943,6249
8.46,-4.1544547,6249
8.46,-12.829647,6249
8.46,6.3061576,6249
8.46,8.551304,6249
8.46,8.103671,6249
8.45,-1.2625422,6249
8.45,-10.426668,6249
8.44,5.481552,6249
8.42,-11.326604,6249
8.42,-0.9918862,6249
8.42,7.1154366,6249
8.42,5.985086,6249
8.42,5.948782,6249
8.41,-1.4309833,6249
8.4,-8.572458,6249
8.4,-7.738567,6249
8.4,-0.53927803,6249
8.4,5.4636326,6249
8.4,4.0630536,6249
8.4,1.6605138,6249
8.4,3.4516745,6249
8.4,10.564802,6249
8.4,-8.366366,6249
8.4,-6.1068697,6249
8.4,11.122736,6249
8.4,16.097841,6249
8.4,7.006688,6249
8.4,2.9398167,6249
8.4,7.572138,6249
8.4,-8.789853,6249
8.4,3.982784,6249
8.4,1.14098,6249
8.4,3.7161021,6249
8.38,3.4416997,6249
8.37,0.9581374,6249
8.36,3.747637,6249
8.36,9.910796,6249
8.36,4.703611,6249
8.36,-8.671307,6249
8.35,-4.7278666,6249
8.35,5.0867586,6249
8.35,8.0494,6249
8.35,10.320509,6249
8.34,-6.050582,6249
8.33,4.8810825,6249
8.33,-14.22482,6249
8.33,4.543129,6249
8.33,0.6183603,6249
8.31,10.412268,6249
8.31,3.7552516,6249
8.31,1.6129462,6249
8.3,-14.400257,6249
8.3,-9.651057,6249
8.3,-1.7147578,6249
8.3,4.776007,6249
8.3,-1.5064808,6249
8.3,3.5155902,6249
8.3,12.319807,6249
8.3,9.422077,6249
8.3,2.083916,6249
8.3,7.1147513,6249
8.3,6.613408,6249
8.3,6.321785,6249
8.3,9.132885,6249
8.3,6.00344,6249
8.3,2.9946232,6249
8.3,-6.9018097,6249
8.3,-3.6406765,6249
8.3,-0.5232629,6249
8.29,10.86645,6249
8.29,-10.697548,6249
8.29,4.853282,6249
8.28,11.30821,6249
8.28,0.5833958,6249
8.27,10.521863,6249
8.26,-1.3744045,6249
8.26,9.991066,6249
8.26,3.55873,6249
8.25,-4.446866,6249
8.24,0.7461615,6249
8.23,6.6424828,6249
8.23,2.8203807,6249
8.23,6.7032285,6249
8.22,-15.072049,6249
8.22,4.5133,6249
8.22,8.147102,6249
8.22,15.543288,6249
8.22,9.613969,6249
8.22,4.1225104,6249
8.22,7.683747,6249
8.22,0.82636774,6249
8.22,5.682696,6249
8.22,-5.6060658,6249
8.22,3.8713503,6249
8.22,3.9429653,6249
8.2,-3.8177826,6249
8.19,9.334344,6249
8.19,5.213937,6249
8.18,10.638715,6249
8.18,-3.0907032,6249
8.17,-3.073512,6249
8.17,8.59848,6249
8.17,-8.877874,6249
8.17,5.2352033,6249
8.16,-3.7521431,6249
8.16,-0.974968,6249
8.16,2.762885,6249
8.15,5.644521,6249
8.15,12.050071,6249
8.15,-0.5589102,6249
8.15,3.294583,6249
8.15,9.82977,6249
8.15,12.846546,6249
8.15,9.991064,6249
8.15,5.9694824,6249
8.15,5.120286,6249
8.15,11.410543,6249
8.15,-0.15346634,6249
8.15,7.0437546,6249
8.14,5.5955048,6249
8.12,-0.16409181,6249
8.12,-0.23184617,6249
8.11,7.080365,6249
8.11,-3.0762012,6249
8.1,4.5325704,6249
8.1,-0.60765064,6249
8.1,1.4821525,6249
8.1,-10.213728,6249
8.1,3.993573,6249
8.1,9.470116,6249
8.1,-2.7891839,6249
8.1,-9.112794,6249
8.1,-3.515176,6249
8.1,3.5274298,6249
8.1,7.7700424,6249
8.1,-13.103469,6249
8.1,-6.781342,6249
8.1,7.5400987,6249
8.1,2.1698508,6249
8.1,4.4632053,6249
8.07,-2.750113,6249
8.07,4.9528503,6249
8.06,5.2580047,6249
8.05,-13.184554,6249
8.05,-8.811704,6249
8.05,4.816301,6249
8.05,-1.4268624,6249
8.05,-4.622455,6249
8.05,0.058498975,6249
8.05,2.4280317,6249
8.05,-1.7734807,6249
8.05,6.0486426,6249
8.05,4.188656,6249
8.03,4.4586363,6249
8.03,0.88111734,6249
8.02,-0.90272284,6249
8.02,7.767503,6249
8.02,2.688213,6249
8.02,-4.086472,6249
8.01,-2.0312855,6249
8.01,4.1356378,6249
8.01,-0.55185586,6249
8.0,2.5792499,6249
8.0,3.4937055,6249
8.0,8.1362,6249
8.0,2.9813297,6249
8.0,0.6872259,6249
8.0,4.1160517,6249
8.0,11.38882,6249
7.99,8.141097,6249
7.98,4.7185817,6249
7.98,8.386534,6249
7.98,7.757429,6249
7.97,6.0728445,6249
7.96,-1.486456,6249
7.96,0.93614924,6249
7.96,4.2967963,6249
7.96,6.988303,6249
7.96,1.7032447,6249
7.96,4.59453,6249
7.96,3.041783,6249
7.95,-2.7820911,6249
7.94,-4.115245,6249
7.94,5.2488985,6249
7.94,7.4642305,6249
7.94,10.791072,6249
7.93,-3.6322541,6249
7.92,-4.4770603,6249
7.92,-8.722839,6249
7.92,6.4092274,6249
7.92,4.3444014,6249
7.92,-1.8766072,6249
7.91,-11.164201,6249
7.9,5.95572,6249
7.89,6.3662205,6249
7.89,5.442743,6249
7.89,5.864812,6249
7.89,7.8019953,6249
7.89,2.3359313,6249
7.89,-1.4617834,6249
7.89,-2.5876687,6249
7.89,-13.659227,6249
7.89,-12.867186,6249
7.88,-0.6063969,6249
7.88,0.8614702,6249
7.87,-3.5596013,6249
7.87,10.925667,6249
7.87,7.4725027,6249
7.86,5.255743,6249
7.86,4.602331,6249
7.85,-0.5006413,6249
7.85,-0.7615621,6249
7.85,-12.885376,6249
7.84,2.515511,6249
7.84,9.382965,6249
7.84,6.3474956,6249
7.82,-3.780763,6249
7.82,7.3164773,6249
7.82,-3.448832,6249
7.82,8.065524,6249
7.8,8.896039,6249
7.8,2.9785564,6249
7.8,3.8441288,6249
7.8,3.8201377,6249
7.8,5.09057,6249
7.8,10.600097,6249
7.8,-8.789278,6249
7.8,1.4442683,6249
7.78,-0.2615298,6249
7.77,12.511397,6249
7.77,8.809414,6249
7.77,-8.068041,6249
7.77,-15.817561,6249
7.77,-4.046112,6249
7.77,-4.359764,6249
7.77,5.299411,6249
7.77,4.71257,6249
7.77,-0.5301229,6249
7.77,-1.0773609,6249
7.77,0.6320015,6249
7.77,4.13345,6249
7.76,3.1051457,6249
7.75,-13.295206,6249
7.75,1.7011253,6249
7.75,-14.348369,6249
7.75,2.169851,6249
7.75,8.125965,6249
7.73,7.2792263,6249
7.72,2.129251,6249
7.72,12.482097,6249
7.71,-2.8818407,6249
7.7,-5.782871,6249
7.7,-5.975423,6249
7.7,-5.652051,6249
7.7,-12.472926,6249
7.68,2.3480847,6249
7.68,5.019909,6249
7.68,8.125296,6249
7.68,5.063932,6249
7.67,-4.3096666,6249
7.66,9.578353,6249
7.66,-8.66656,6249
7.66,-3.464593,6249
7.66,1.1454781,6249
7.64,5.8850284,6249
7.62,-8.137743,6249
7.62,-4.3006287,6249
7.62,-6.255874,6249
7.62,-8.896535,6249
7.62,9.203005,6249
7.62,2.5002272,6249
7.62,0.93614924,6249
7.61,8.598207,6249
7.6,-13.005473,6249
7.59,12.245148,6249
7.58,6.3829994,6249
7.58,-8.4492,6249
7.58,8.123146,6249
7.57,2.7152803,6249
7.56,2.7126396,6249
7.55,7.524313,6249
7.55,3.7711873,6249
7.55,-4.848494,6249
7.55,6.6631837,6249
7.55,5.3589582,6249
7.54,-18.17255,6249
7.54,-6.383074,6249
7.54,4.1886573,6249
7.53,-3.6606638,6249
7.52,-12.224634,6249
7.52,0.91971827,6249
7.52,7.5538707,6249
7.51,-0.35517114,6249
7.51,3.263848,6249
7.51,-12.408285,6249
7.5,-9.684639,6249
7.5,-6.9983444,6249
7.49,10.069341,6249
7.49,6.1695924,6249
7.49,-2.4427032,6249
7.48,-0.12275522,6249
7.48,8.872598,6249
7.48,-2.3491223,6249
7.48,3.7484002,6249
7.48,1.3079338,6249
7.47,-13.06414,6249
7.47,-2.036014,6249
7.47,-5.294836,6249
7.47,-0.8586719,6249
7.41,6.036462,6249
7.41,8.823069,6249
7.4,0.042462785,6249
7.4,-1.115149,6249
7.4,4.5101867,6249
7.39,6.0692043,6249
7.39,-9.985652,6249
7.37,3.151737,6249
7.36,1.8412876,6249
7.36,-11.042414,6249
7.34,11.817741,6249
7.3,-7.2522945,6249
7.3,5.5353847,6249
7.29,-18.256721,6249
7.29,-1.1457235,6249
7.27,7.5260878,6249
7.26,-8.86437,6249
7.25,-4.016901,6249
7.24,-10.349755,6249
7.21,-0.8586719,6249
7.2,-16.786196,6249
7.19,-13.748268,6249
7.18,7.739551,6249
7.17,-2.6587336,6249
7.17,3.257011,6249
7.16,-12.141313,6249
7.14,5.8697248,6249
7.12,-6.5584245,6249
7.12,5.2413683,6249
7.1,-9.784412,6249
7.09,-14.8832035,6249
7.05,-2.7865314,6249
7.05,-13.950781,6249
6.96,-18.20001,6249
6.84,2.9131262,6249
6.79,-14.590628,6249
6.56,1.7329954,6249
4.47,-5.109915,130
5.18,-2.5235682,12281
5.12,-2.7038836,12281
4.81,-1.6566905,12281
4.77,-14.6238785,12281
4.74,1.7888643,12281
4.54,-1.6616772,12281
7.85,8.583303,7040
6.55,-1.9563917,7040
6.45,-1.0847512,7040
6.37,1.4663572,7040
5.8,-1.4276527,7040
5.67,3.2629783,16607
7.77,4.2436686,8553
7.02,2.6549406,8553
6.63,-1.9463702,8553
6.62,-2.1121986,8553
6.59,-1.8167129,8553
6.56,-1.7321777,8553
6.34,6.2274666,8553
6.34,8.666778,8553
5.97,12.427618,8553
5.67,-1.771863,8553
5.64,-1.9364678,8553
5.59,5.8131275,8553
10.59,4.2507157,10445
10.11,2.730739,10445
10.09,0.56102157,10445
10.0,4.290702,10445
9.96,5.3104963,10445
9.8,-1.019355,10445
9.72,6.1271467,10445
9.49,-4.5073934,10445
9.42,-8.06587,10445
9.33,6.0142984,10445
8.92,2.4248793,10445
8.44,-4.964082,10445
8.14,-9.740735,10445
6.46,-12.0687475,14062
6.39,-12.00937,14062
6.21,6.8852434,14062
6.02,-0.4148949,14062
5.75,-14.318334,14062
7.44,2.121547,5761
5.18,0.75801945,10833
7.42,18.470728,5926
6.62,-2.9138453,5926
6.54,-4.639727,5926
6.39,-3.7616477,5926
6.1,0.0831203,13888
6.08,5.37854,3335
5.66,5.1508512,3335
4.57,4.2645965,3335
4.51,5.479006,3335
4.29,3.2827766,3335
4.25,-6.7197924,3335
4.21,-13.613448,3335
4.13,1.6199208,3335
4.12,-3.8568292,3335
4.08,1.1137426,3335
4.08,-14.649682,3335
4.73,-1.0031003,17133
4.47,0.2355645,15769
6.52,1.2944149,15674
6.49,-3.6454268,13599
7.55,0.58150727,3708
7.41,1.970765,3708
7.39,-2.131721,3708
7.28,0.47288924,3708
7.0,2.502504,3708
6.89,1.238362,3708
6.77,0.19331828,3708
6.08,2.7950513,13454
9.4,3.2304602,5352
9.15,3.23046,5352
9.15,0.42452615,5352
9.0,-0.5856458,5352
8.7,0.96026397,5352
8.7,-1.0903466,5352
8.52,0.1416688,5352
8.52,7.816172,5352
8.4,4.7526264,5352
8.4,-3.4185116,5352
8.3,4.387591,5352
8.22,3.48681,5352
8.22,0.338548,5352
8.22,-0.33166236,5352
8.15,3.29571,5352
7.85,3.2304604,5352
7.68,-1.5015248,5352
6.85,1.5227736,5352
6.2,-2.4472446,12998
9.7,-8.89667,10532
9.7,0.30166605,10532
9.52,-1.3271588,10532
9.05,3.2269402,10532
8.85,5.471373,10532
8.8,6.8295374,10532
8.68,-3.6130805,10532
8.64,5.2775617,10532
8.54,-2.4693475,10532
8.35,2.1411085,10532
8.15,-8.969009,10532
8.11,-4.311676,10532
7.96,5.1831856,10532
7.91,3.14785,10532
7.74,-8.203434,10532
7.56,-0.03080267,10532
7.23,6.521718,10532
6.84,4.2805386,10532
6.12,-3.776591,10532
6.86,-5.0255823,14218
7.96,1.3177406,16712
7.62,3.4918284,16712
7.48,6.1823153,16712
7.41,1.6708884,16712
7.38,1.9272573,16712
7.37,3.234917,16712
7.36,2.5419073,16712
7.28,3.20666,16712
7.28,-0.1138525,16712
7.21,0.13871258,16712
7.03,3.0961678,16712
7.0,-1.1673707,16712
6.94,1.6423663,16712
6.93,6.6597996,16712
6.92,5.9678288,16712
6.84,-3.5533416,16712
6.73,0.78794086,16712
6.7,2.9922664,16712
6.67,2.308502,16712
6.38,0.98096544,16712
6.16,-7.095859,16712
5.98,9.431505,16712
5.92,4.619153,16712
5.8,-4.4369984,16712
6.9,-0.5483635,17165
6.0,3.318389,17165
7.11,2.75615,4453
6.95,-2.1262214,4453
4.85,9.420332,11928
4.45,9.420332,11928
4.29,9.420333,11928
3.91,-4.0688148,11928
3.87,-9.459412,11928
3.84,-4.7402687,11928
3.83,-6.8944454,11928
3.6,-6.2023582,11928
3.56,-6.6467776,11928
3.49,-6.742698,11928
3.38,-4.217051,11928
3.36,-3.3690403,11928
3.35,-10.631819,11928
3.24,-6.706519,11928
3.2,-5.392788,11928
2.94,-5.392788,11928
2.85,-5.392788,11928
5.92,-4.6478543,17565
5.85,-5.606869,17565
5.52,-3.213806,2964
8.4,6.8765564,1877
8.15,1.3073212,1877
8.05,0.32906973,1877
8.0,-7.0634394,1877
8.0,-0.2057994,1877
7.7,1.654873,1877
7.7,-0.1630111,1877
7.7,3.4712024,1877
7.52,-9.876753,1877
7.52,4.098503,1877
7.52,1.8959059,1877
7.4,0.06629588,1877
7.3,3.4350724,1877
7.3,-5.9882975,1877
7.3,3.3858187,1877
7.22,-3.1836154,1877
7.22,1.3620344,1877
7.22,-3.9755442,1877
7.2,2.9464746,1877
7.16,4.7891006,1877
7.1,3.573308,1877
7.05,-0.34364137,1877
7.05,4.9592795,1877
7.05,5.3591275,1877
6.77,0.2845551,1877
6.72,3.5009081,1877
6.68,2.8860297,1877
6.16,0.7746615,1877
6.14,2.944125,1877
5.36,5.031331,1877
8.52,-0.18291722,12205
6.94,6.574303,17607
6.37,-3.2051795,17607
9.0,2.4105356,159
7.0,-3.4877732,159
5.68,2.9137714,3374
6.28,-11.10099,16564
6.17,-8.068516,16806
9.05,13.389916,9897
9.0,1.3254955,9897
8.92,9.915773,9897
8.92,1.4730333,9897
8.8,-2.4206526,9897
8.72,-1.9748263,9897
8.72,-4.8607125,9897
8.7,2.5887482,9897
8.68,7.0049396,9897
8.55,-2.8555696,9897
8.44,10.227256,9897
8.39,5.366981,9897
8.34,4.936197,9897
8.21,-1.5976632,9897
8.21,0.5665784,9897
8.13,1.514629,9897
8.12,-16.673056,9897
8.09,-2.1605268,9897
7.99,2.774604,9897
7.89,-4.782892,9897
7.89,5.0473604,9897
7.65,5.065361,9897
7.63,-9.356065,9897
7.44,-4.6690574,9897
7.17,5.0870986,9897
6.88,6.268661,9897
6.54,4.7409797,9897
8.05,6.2572103,5316
6.89,-7.7617974,5316
6.39,-8.825424,5316
6.02,-3.2417326,5316
5.74,-1.4219584,5316
5.73,-9.051383,5316
5.72,-8.6768675,5316
5.68,-6.8775105,5316
5.66,-9.1161375,5316
5.58,-10.741814,5316
5.54,2.8745065,5316
5.46,-8.910244,5316
5.32,-7.352756,5316
5.24,4.470647,5316
5.29,1.927708,15308
9.59,9.035408,5113
9.51,7.4117613,5113
9.49,9.874369,5113
9.48,6.1315837,5113
9.43,8.593634,5113
9.33,9.316755,5113
9.31,7.822578,5113
9.28,7.0838437,5113
9.27,7.234614,5113
9.24,9.856836,5113
9.19,7.741174,5113
9.11,6.612933,5113
9.11,3.8431652,5113
9.09,6.447977,5113
8.84,7.981156,5113
7.92,-10.646215,5113
7.78,-11.102523,5113
7.7,-10.962184,5113
7.52,-9.6743765,5113
7.45,-11.118834,5113
8.4,6.360883,3768
8.22,7.8061757,3768
8.15,8.803045,3768
8.0,7.050158,3768
7.82,6.7313294,3768
7.82,6.963994,3768
7.82,5.252145,3768
7.8,3.729779,3768
7.75,10.404019,3768
7.66,6.1588144,3768
7.62,4.2335505,3768
7.52,3.729779,3768
7.52,4.940194,3768
7.44,6.1915226,3768
7.4,5.816537,3768
7.24,3.0043418,3768
7.0,5.3198266,3768
6.98,0.5510986,3768
6.82,1.4866118,3768
6.75,5.8209906,3768
6.57,0.108557545,3768
6.28,3.7297788,3768
6.24,-1.4024223,3768
6.12,-5.1512494,3768
5.54,-7.363073,3768
5.37,-7.62528,3768
5.09,-13.500577,3768
5.11,-2.9447477,973
5.17,3.2147183,3476
6.69,4.4076486,13023
7.75,9.034306,494
7.75,9.43474,494
7.7,11.882714,494
7.68,2.553926,494
7.66,7.504795,494
7.66,6.561706,494
7.64,2.2093596,494
7.55,-4.105532,494
7.54,-1.2795957,494
7.52,-2.0473127,494
7.43,-4.6109166,494
7.36,-3.623592,494
7.11,-17.591213,494
9.12,-0.3037721,17199
9.09,8.404701,17199
9.04,4.603303,17199
9.0,1.2192696,17199
9.0,3.4156864,17199
8.96,3.3889635,17199
8.96,-0.43689886,17199
8.92,5.9880805,17199
8.85,-1.2308072,17199
8.82,2.2285264,17199
8.82,-2.5867834,17199
8.74,-4.0150447,17199
8.6,-1.6124282,17199
8.59,12.031195,17199
8.59,-2.3376324,17199
8.52,6.476444,17199
8.51,9.026955,17199
8.49,0.8181351,17199
8.43,-0.67441934,17199
8.42,3.523167,17199
8.23,0.9435576,17199
8.19,-5.0399737,17199
8.19,2.9493954,17199
8.19,3.2059321,17199
8.15,-2.6616364,17199
7.8,-3.1172254,17199
7.28,-5.159095,17199
8.48,13.8379135,13576
7.85,-0.12904118,13576
7.24,2.585007,13576
7.04,4.7016735,13576
6.62,6.775027,13576
6.55,2.172515,13576
5.71,4.597647,13576
5.53,-1.2820984,13576
5.27,3.1569257,13576
5.22,-0.2708153,13576
5.16,-0.27081648,13576
5.14,-2.9533021,13576
4.9,1.5330861,13576
4.72,-0.2708153,13576
7.85,14.998783,13310
7.85,9.540935,13310
7.22,-3.3461144,13310
7.1,5.275125,13310
6.82,12.525621,13310
6.68,2.4116426,13310
6.52,-5.2113104,13310
5.1,-0.75119615,15668
6.53,-5.966852,3189
5.66,-1.5699291,3189
5.39,10.0739,3189
5.28,3.8113256,3189
4.4,-3.2409303,12474
8.7,1.0435802,7162
7.17,-5.984583,1150
7.41,8.338875,13176
7.16,-1.8259791,13176
9.62,8.379089,5202
9.44,5.0470057,5202
9.0,4.1142683,5202
8.7,2.309323,5202
8.22,6.887855,5202
8.1,3.1064966,5202
7.8,-0.14514627,5202
7.68,3.1351264,5202
7.0,-16.994282,5202
4.97,-0.49607518,17057
7.42,0.6130578,14539
7.28,7.676797,14539
6.07,-2.3683376,14539
5.21,15.382145,3626
4.73,4.102845,3626
4.52,-5.7914977,3626
4.52,1.9359015,3626
4.52,-0.77631706,3626
6.28,7.650259,15234
5.75,9.131123,15234
5.15,-3.2857754,15234
4.35,-6.789712,15234
4.3,-5.8201895,15234
4.19,-10.532926,15234
4.0,-6.221012,15234
4.0,0.8890412,15234
4.0,3.2738504,15234
6.22,0.25886875,15513
6.22,6.232692,15513
6.1,-6.0732455,15513
6.1,1.295361,15513
6.0,-0.3628479,15513
5.85,3.2816615,15513
5.7,4.3148427,15513
5.7,-1.7460849,15513
5.55,4.039326,15513
5.4,-12.622681,15513
5.4,0.5049166,15513
8.0,2.4466221,2596
7.89,0.94908184,2596
7.62,-2.406687,2596
7.55,2.3687074,2596
7.52,5.040906,2596
8.93,8.986656,6380
8.69,-2.5984316,6380
8.46,-8.719772,6380
7.58,-4.8090005,2082
7.52,-7.3448577,2082
7.5,-1.9064068,2082
7.39,-1.2795506,2082
7.38,-1.545791,2082
7.19,-6.717171,2082
7.17,1.152305,2082
7.16,-0.26613796,2082
7.1,-1.485365,2082
7.06,1.775363,2082
6.92,-6.638593,2082
6.92,-8.776243,2082
6.75,-6.858209,2082
6.66,-2.7802477,2082
6.42,0.18280289,2082
6.42,-2.0715358,2082
6.28,-0.30371624,2082
6.28,-9.932073,2082
6.21,-9.493504,2082
6.12,-0.85368574,2082
6.06,1.6968979,2082
6.0,-4.6295977,2082
5.89,5.263453,2082
5.89,4.2740054,2082
5.85,-0.77441925,2082
5.82,3.470725,2082
5.82,0.3963929,2082
5.8,-0.41978285,2082
5.75,-0.8526845,2082
5.64,4.0184917,2082
5.64,4.6085014,2082
5.6,4.8772993,2082
5.15,1.3848715,2082
7.75,5.0131364,1282
7.29,2.582903,1282
9.7,5.3445525,5856
9.3,0.86447644,5856
9.22,11.736154,5856
9.0,15.4071865,5856
9.0,13.410346,5856
9.0,11.968957,5856
9.0,13.22919,5856
9.0,15.656633,5856
8.89,12.3161955,5856
8.89,7.4371448,5856
8.4,4.873856,5856
8.4,4.492071,5856
8.22,11.4986,5856
8.22,15.260035,5856
8.22,4.6738167,5856
8.2,7.028611,5856
8.1,5.8067102,5856
8.1,1.2663027,5856
8.0,7.4809623,5856
7.8,7.715065,5856
7.8,8.315309,5856
7.5,6.372115,5856
7.5,4.0944953,5856
7.5,-6.7234573,5856
7.4,1.5969374,5856
7.4,-2.4589481,5856
7.4,2.7134025,5856
7.1,3.0498655,5856
7.1,-0.14859197,5856
6.0,-18.263508,5856
8.03,-0.7660595,15095
7.77,0.015353871,6290
7.58,-7.132196,6290
7.46,-7.568804,6290
7.34,1.1912619,6290
7.3,-7.251341,6290
7.3,-2.486052,6290
7.09,0.15937793,6290
7.08,-3.6980388,6290
6.9,-11.87372,6290
6.89,-5.4556613,6290
6.81,-9.146959,6290
6.79,-11.141607,6290
6.79,0.49450594,6290
6.75,1.5690546,6290
6.73,-5.2611437,6290
6.7,-4.5300403,6290
6.7,-8.897732,6290
6.62,0.94541925,6290
6.61,-4.9839764,6290
6.61,-3.1903424,6290
6.6,-5.455662,6290
6.6,-1.0837322,6290
6.58,-10.045456,6290
6.58,-4.4061246,6290
6.58,4.816598,6290
6.57,0.7923253,6290
6.57,-5.455663,6290
6.5,2.5752597,6290
6.49,-0.41249362,6290
6.49,-1.5984752,6290
6.47,-1.5984759,6290
6.46,-5.4952965,6290
6.46,-8.81988,6290
6.45,-7.697989,6290
6.42,-11.432208,6290
6.41,-1.3087384,6290
6.41,-12.710815,6290
6.41,2.575259,6290
6.38,-15.790889,6290
6.38,-10.192495,6290
6.37,-3.7152731,6290
6.35,-1.9949386,6290
6.33,-1.5984759,6290
6.33,-12.218971,6290
6.33,0.58741087,6290
6.32,-7.2686,6290
6.32,-16.665869,6290
6.3,-4.994366,6290
6.29,-4.8556676,6290
6.28,10.678046,6290
6.26,-5.9867835,6290
6.25,-8.411387,6290
6.24,-11.432211,6290
6.23,-4.9661155,6290
6.23,-14.066638,6290
6.22,-11.432208,6290
6.21,-4.8614306,6290
6.21,-2.9764535,6290
6.16,2.5752609,6290
6.15,-2.2615843,6290
6.14,-3.872005,6290
6.13,-4.1520705,6290
6.08,-14.066638,6290
6.07,-3.7925344,6290
6.04,-0.7981339,6290
6.03,-7.875531,6290
5.96,-8.876812,6290
5.95,-7.2865267,6290
5.94,8.558617,6290
5.94,-8.488075,6290
5.92,7.063117,6290
5.87,4.3703,6290
5.86,-9.465988,6290
5.85,1.889374,6290
5.8,3.0279405,6290
5.77,-12.035607,6290
5.76,-15.3588505,6290
5.76,-2.6861365,6290
5.76,-5.477926,6290
5.75,-10.736032,6290
5.73,-5.9985785,6290
5.72,-0.99317,6290
5.71,-8.467788,6290
5.71,-7.162979,6290
5.66,7.556411,6290
5.66,-15.3588505,6290
5.58,1.9360827,6290
5.57,-14.5451145,6290
5.57,8.558617,6290
5.56,-7.6568985,6290
5.52,3.8311276,6290
5.52,-7.1145673,6290
5.51,-11.273528,6290
5.5,0.86840504,6290
5.49,-15.3588505,6290
5.48,6.3421235,6290
5.48,-6.758844,6290
5.45,-2.2981877,6290
5.43,-1.824938,6290
5.42,0.8684038,6290
5.41,5.8113475,6290
5.4,1.3212447,6290
5.38,-6.3097477,6290
5.32,-14.309133,6290
5.32,-1.1913887,6290
5.32,-13.077246,6290
5.31,-5.9192414,6290
5.27,0.8684038,6290
5.27,-10.275046,6290
5.27,-8.173799,6290
5.22,-11.87201,6290
5.16,-8.721186,6290
4.85,-16.95783,6290
4.76,-12.631753,6290
9.14,-5.9723525,15665
8.59,-2.696469,15665
8.14,6.3048015,15665
7.62,-7.002459,15665
7.24,-3.757933,15665
6.98,-5.2069817,15665
5.97,-3.5082402,15665
9.7,5.547926,6021
9.4,8.80781,6021
9.35,5.2088313,6021
9.3,10.1923485,6021
9.26,4.6271257,6021
9.19,4.4411826,6021
9.19,8.722658,6021
9.19,4.225551,6021
9.15,7.5564156,6021
9.15,2.5540617,6021
9.15,0.8131151,6021
9.15,5.238347,6021
9.12,6.3556557,6021
9.1,2.277195,6021
9.1,4.680212,6021
9.1,11.076551,6021
9.05,8.883782,6021
9.02,6.5945964,6021
9.02,8.02415,6021
9.0,3.7227402,6021
9.0,1.30443,6021
9.0,3.9821377,6021
9.0,-2.614464,6021
9.0,0.033240575,6021
8.89,6.398181,6021
8.89,-4.151666,6021
8.85,7.1080523,6021
8.85,2.5425339,6021
8.82,-3.67969,6021
8.82,1.2246124,6021
8.8,2.8833318,6021
8.8,10.716527,6021
8.8,-12.026555,6021
8.72,7.239023,6021
8.7,-5.2972927,6021
8.7,-0.7003094,6021
8.7,3.3511367,6021
8.7,-3.930613,6021
8.7,4.604093,6021
8.7,1.2447698,6021
8.7,6.557999,6021
8.7,3.4139638,6021
8.66,6.4088182,6021
8.64,-1.4364417,6021
8.52,3.2526915,6021
8.52,0.14263774,6021
8.52,0.63257724,6021
8.52,4.7242484,6021
8.52,1.5724733,6021
8.52,5.549123,6021
8.52,-9.909288,6021
8.52,-11.189725,6021
8.48,0.54305387,6021
8.41,4.652713,6021
8.4,6.7606196,6021
8.4,-5.61078,6021
8.4,-7.65534,6021
8.4,0.14263774,6021
8.4,1.572473,6021
8.4,-6.0425315,6021
8.4,6.8738165,6021
8.4,6.6240034,6021
8.36,2.8965826,6021
8.33,7.1986194,6021
8.31,-3.2767713,6021
8.31,3.8177564,6021
8.3,-11.734397,6021
8.3,-6.0425315,6021
8.3,-0.6123888,6021
8.3,-1.2728138,6021
8.3,-10.554638,6021
8.28,3.9685519,6021
8.26,-5.1446414,6021
8.24,-6.520942,6021
8.14,1.6586424,6021
8.1,-5.386795,6021
8.1,4.7878838,6021
8.08,4.7746534,6021
8.06,5.205522,6021
8.05,4.322336,6021
8.03,-3.5711455,6021
8.01,0.14263774,6021
8.0,0.3950911,6021
8.0,0.45075962,6021
8.0,-5.2923326,6021
7.93,0.8429915,6021
7.92,-1.4211775,6021
7.9,-0.21555367,6021
7.89,0.39509195,6021
7.89,-1.5659031,6021
7.85,7.9160647,6021
7.8,-9.794627,6021
7.8,-7.689954,6021
7.8,-13.164666,6021
7.77,8.30963,6021
7.66,-10.554638,6021
7.64,-11.447792,6021
7.58,-3.8400397,6021
7.57,-10.663548,6021
7.52,-11.447789,6021
7.51,-2.878237,6021
7.5,-10.683832,6021
7.47,-8.723323,6021
7.26,1.1548647,6021
7.2,-9.088508,6021
7.16,-8.262267,6021
7.02,-9.904716,6021
6.88,-12.685545,6021
6.86,-13.224557,6021
6.82,-10.9285,6021
6.78,-4.125744,6021
6.75,-9.138407,6021
6.58,-15.911623,6021
6.19,-14.505754,6021
7.64,7.593366,5892
7.21,7.6339774,5892
7.11,6.5125895,5892
6.89,3.0425096,5892
6.8,2.80145,5892
6.72,5.090563,5892
6.7,1.2233437,5892
6.64,-8.749064,5892
6.3,1.5535848,5892
6.29,0.38415968,5892
6.17,-12.395,5892
5.85,-9.4778385,5892
5.54,-8.838173,5892
5.24,-17.35348,5892
6.5,4.7321615,14691
6.14,4.015904,14691
6.1,-1.7755648,14691
6.05,2.3501704,14691
5.67,-0.6307687,14691
5.63,-1.8770571,14691
5.58,-2.3742914,14691
6.1,-2.958712,13091
5.62,-4.515725,13091
4.93,-0.04930836,13091
6.48,-0.43147576,4365
8.09,1.551834,7379
6.7,4.9595413,3465
6.6,3.4211254,3465
6.5,8.116372,3465
6.4,6.020988,3465
6.3,4.6683397,3465
6.3,4.1177673,3465
6.3,-1.5853603,3465
6.3,-2.0502744,3465
6.2,1.2443722,3465
6.2,-0.9453628,3465
6.2,4.9595413,3465
6.2,-2.1522443,3465
5.8,-6.3604465,3465
5.5,-12.29263,3465
7.48,0.2962221,5981
7.11,-2.134046,5981
6.44,-1.845428,5981
6.42,-0.12552091,5981
6.0,0.2962221,5981
5.89,6.104659,5981
5.58,6.905185,5981
5.58,4.704759,5981
5.05,-2.1927989,5981
5.0,1.6116023,5981
9.07,1.9968432,6649
5.31,-0.6244668,16452
5.39,2.1610968,5062
8.57,0.07818965,13140
7.37,3.524467,13140
6.34,4.2894,7909
6.2,-0.2699852,7909
6.03,6.4109635,7909
5.55,-1.7423407,7909
6.02,0.2419987,17781
4.7,5.1682367,2460
6.66,1.8021414,11994
6.32,-0.15829408,16934
4.3,-3.0003083,983
4.03,1.3672811,13704
8.89,-2.5682588,4646
8.02,-2.4937444,4646
7.92,3.8345175,4646
7.89,5.950789,4646
7.85,1.0279188,4646
7.75,-2.8530896,4646
7.75,2.6512136,4646
7.72,0.3981825,4646
7.62,5.6141133,4646
7.6,5.008161,4646
7.58,5.349041,4646
6.54,3.877671,4646
6.57,-2.8607297,9937
6.54,5.3123236,9937
6.52,-8.438899,9937
6.4,-3.931429,9937
6.4,-7.944663,9937
6.36,-3.8600848,9937
6.35,-1.2594775,9937
6.31,10.843129,9937
6.31,-6.7989564,9937
6.28,1.1870782,9937
6.27,9.687949,9937
6.26,-9.394533,9937
6.24,-6.2196326,9937
6.12,1.4061164,9937
6.12,-8.114199,9937
6.12,4.773475,9937
6.1,-0.8547556,9937
6.08,-10.169752,9937
6.08,-7.8835645,9937
6.07,-6.77372,9937
6.07,0.23324646,9937
5.96,-9.996145,9937
5.89,0.22037148,9937
5.77,0.082908764,9937
5.75,-9.212999,9937
5.72,0.57071495,9937
5.72,-9.093007,9937
5.7,-8.5716715,9937
5.64,-10.108046,9937
5.64,-11.142119,9937
5.34,-9.328445,9937
4.92,-14.7391,9937
5.38,-0.091015235,10750
6.57,-8.44261,17498
5.44,-8.943278,11188
5.0,3.1986818,11188
4.92,2.0130389,11188
5.0,2.5419638,9843
6.0,3.3291492,17576
5.92,-7.6386986,17576
5.89,-12.474198,17576
5.72,-7.057758,17576
5.6,6.530605,17576
5.52,9.618097,17576
5.39,5.9384933,17576
5.36,10.512789,17576
5.36,1.8056252,17576
5.16,1.6964794,17576
5.08,-1.9205209,17576
5.07,-16.856724,17576
5.06,-5.859999,17576
8.77,4.7387257,11577
7.9,4.179596,11577
6.9,-7.378964,11577
8.23,4.503355,9419
8.1,4.503752,9419
7.99,0.28539106,9419
7.93,1.1633027,9419
7.69,-0.050088305,9419
7.68,7.845663,9419
7.4,0.48671186,9419
7.16,-2.758043,9419
7.04,0.07379454,9419
7.02,-0.5334163,9419
6.96,3.5450504,9419
6.87,-2.4873455,9419
6.67,-0.1434162,9419
5.74,-5.15163,9419
6.09,1.2223219,7439
6.04,0.30073434,13681
7.3,1.3228985,15501
7.05,7.4004517,15501
6.15,-6.4125667,15501
6.11,-10.220962,15501
6.05,-5.166238,15501
8.35,-3.988137,5879
7.75,0.6206405,5879
7.7,-3.6020586,5879
7.58,-5.5263753,5879
7.5,-8.768662,5879
7.47,2.1814923,5879
7.4,-5.665253,5879
7.39,-1.8624468,5879
7.35,-0.29018608,5879
7.16,3.0952253,5879
7.07,-11.710217,5879
6.64,-6.7517233,5879
6.53,-10.324234,5879
8.3,6.5969048,11004
7.23,9.776432,11004
7.19,7.5328536,11004
7.17,2.4689345,11004
7.1,9.831713,11004
7.05,3.1053617,11004
7.05,10.532516,11004
7.01,3.0535629,11004
6.87,4.2006054,11004
6.85,-4.779496,11004
6.74,1.4233649,11004
6.73,3.7922645,11004
6.59,2.257251,11004
6.34,-1.3820542,11004
6.07,-5.9481025,11004
6.02,-5.450796,14660
6.0,2.1325452,14660
5.82,-2.502274,14660
5.69,-5.450796,14660
5.63,1.9997152,14660
5.59,-3.8611188,14660
5.53,3.9529402,14660
5.51,-3.8611188,14660
5.42,-2.502274,14660
5.36,-5.435446,14660
5.3,-1.5014597,14660
5.26,-3.8611188,14660
5.24,-4.691342,14660
5.13,-4.691342,14660
5.03,-7.8479805,14660
5.01,-2.0880063,14660
7.93,7.674321,6689
7.28,-5.474948,6689
7.2,-3.7211723,6689
7.05,-2.7499058,6689
7.0,-1.0652336,6689
6.94,-1.5308332,6689
6.86,5.669276,6689
6.86,-11.631727,6689
6.79,5.8262258,6689
6.73,-3.1375978,6689
6.67,-8.876974,6689
6.61,-3.1996632,6689
6.45,-1.1206676,6689
6.36,-4.2190576,6689
6.34,-0.7420271,6689
6.34,-0.3130653,6689
6.29,-0.43625295,6689
6.23,-1.5260613,6689
6.08,-3.1747267,6689
6.08,-2.5552661,6689
5.53,0.5890902,2283
9.0,0.84788966,14526
9.0,-0.10238299,16905
6.66,-5.9586267,14238
8.12,10.030329,4119
8.02,1.1465592,4119
7.92,1.4224607,4119
7.85,0.14819323,4119
7.8,-1.9945844,4119
7.8,10.18014,4119
7.72,9.342198,4119
7.72,-1.455177,4119
7.7,4.923914,4119
7.41,1.8761361,4119
6.5,-1.4198402,4119
6.21,1.4690511,4119
5.57,-12.739979,4119
4.88,-16.288643,3617
4.8,7.876209,3617
10.68,3.46902,7296
10.46,1.9626505,7296
10.4,13.221113,7296
9.54,11.170083,7296
9.05,2.5803227,7296
9.0,-0.60330397,7296
8.13,3.1327822,7296
8.12,6.3443737,7296
7.19,-5.780079,7296
6.25,-0.76027083,7296
5.85,4.788323,13441
5.57,4.0708504,13441
8.52,3.5134504,3343
5.92,-1.6819583,3343
8.7,-7.7378335,14008
8.52,-0.5361239,14008
8.52,4.305363,14008
8.4,11.566509,14008
8.4,5.442692,14008
8.4,9.802044,14008
8.4,2.1953893,14008
8.3,6.660491,14008
8.3,8.230725,14008
8.22,2.0240912,14008
8.22,4.3688674,14008
8.15,10.151622,14008
8.15,6.560822,14008
8.15,7.454874,14008
8.15,-7.190217,14008
8.15,-7.861653,14008
8.0,-4.792364,14008
7.96,15.853306,14008
7.8,-10.176155,14008
7.8,7.2632656,14008
7.77,4.001029,14008
7.7,-10.546267,14008
7.66,9.331301,14008
7.64,-11.229782,14008
6.94,12.085972,14008
6.34,9.254059,14008
6.03,-16.98284,14008
8.0,-0.8919955,3660
7.49,-5.6098204,3660
7.26,6.8703127,3660
6.52,-9.680632,17363
6.48,-8.666709,17363
6.16,-9.646563,17363
6.0,-5.588441,17363
6.0,-8.764246,17363
5.96,-2.9194252,17363
5.92,-9.819622,17363
5.92,-9.0993805,17363
5.89,-5.779256,17363
5.89,-1.8000821,17363
5.75,-9.7002735,17363
5.7,-5.4375553,17363
5.37,-10.132124,17363
4.6,-3.260578,17363
7.11,-1.0891185,10801
6.66,0.012476047,4258
6.23,0.54503983,4258
7.0,-8.277279,7601
6.35,2.0360918,7601
4.3,3.9242542,7601
7.1,8.366192,15861
6.89,-9.465434,15861
6.77,14.959381,15861
6.66,9.8850355,15861
6.62,14.011957,15861
6.5,3.8292074,15861
6.5,10.763264,15861
6.36,-8.661855,15861
6.27,-6.6719913,15861
6.26,7.5372586,15861
6.24,11.115458,15861
6.21,14.545292,15861
6.0,7.6515636,15861
5.74,12.094297,15861
5.71,-1.4613891,15861
5.62,0.13370357,15861
9.43,-3.9100564,17360
9.32,11.369367,17360
9.22,0.55210406,17360
9.05,-10.851307,17360
8.89,11.34301,17360
8.89,-10.009027,17360
8.89,-5.2260065,17360
8.42,3.6232884,17360
8.23,-3.515301,17360
7.92,-3.386638,17360
7.82,11.624141,17360
7.66,-7.644657,17360
7.55,-6.600786,17360
6.5,-10.159648,17360
5.82,1.829138,17360
9.22,-2.3059604,6209
9.22,3.3928356,6209
9.15,-0.41467717,6209
9.1,4.7830687,6209
9.0,4.455735,6209
8.89,5.988807,6209
8.85,7.306432,6209
8.85,3.8389695,6209
8.85,5.157837,6209
8.82,4.347961,6209
8.8,9.222159,6209
8.8,8.540299,6209
8.77,6.4184804,6209
8.74,5.027993,6209
8.72,0.5620654,6209
8.7,8.266975,6209
8.66,4.0173383,6209
8.64,1.0791498,6209
8.62,4.5902634,6209
8.62,-2.0389676,6209
8.57,-2.878967,6209
8.54,8.235501,6209
8.49,6.6666117,6209
8.44,-2.6126626,6209
8.44,6.165744,6209
8.43,3.880433,6209
8.42,3.630225,6209
8.42,0.8891628,6209
8.4,0.3186291,6209
8.4,3.762827,6209
8.39,2.0185657,6209
8.3,4.4773755,6209
8.29,0.9149963,6209
8.26,-0.27841848,6209
8.26,3.0531123,6209
8.24,-4.5278897,6209
8.21,6.7151985,6209
8.19,2.8606937,6209
8.19,-5.048441,6209
8.18,0.6448177,6209
8.16,8.264544,6209
8.15,4.5061054,6209
8.14,3.418069,6209
8.14,11.438684,6209
8.12,6.5693707,6209
8.12,-1.5835508,6209
8.11,-0.7872064,6209
8.1,7.5480494,6209
8.07,4.709126,6209
8.07,6.7847195,6209
8.06,5.2951117,6209
8.05,0.17822433,6209
8.04,-2.896034,6209
8.01,4.096787,6209
8.0,5.6740327,6209
7.97,8.121844,6209
7.97,-3.3135536,6209
7.96,2.7620327,6209
7.95,1.3482414,6209
7.95,-0.16517884,6209
7.92,4.618835,6209
7.91,0.75901973,6209
7.9,3.678429,6209
7.87,1.9961439,6209
7.85,0.2944792,6209
7.85,-1.0413359,6209
7.68,7.1962037,6209
7.66,-0.5768424,6209
6.88,-3.4691925,6209
7.08,3.9747887,5013
7.05,2.1945808,5013
6.89,-2.3831193,5013
6.1,0.09082022,3974
6.28,6.303673,7105
4.96,-5.729143,7105
4.94,-1.8105799,7105
4.82,-9.909774,7105
4.79,2.2768614,7105
4.77,-0.6559776,7105
4.7,-8.50288,7105
4.1,-4.0987315,7105
3.99,-11.267914,7105
6.25,4.6520815,15572
5.82,0.2962694,15572
5.73,2.7596717,15572
5.54,5.809341,15572
5.44,-2.1635954,15572
5.42,-0.8865526,15572
5.35,-1.9137625,15572
5.33,-1.5731322,15572
5.33,-0.89842725,15572
5.23,-4.1194053,15572
5.16,-4.337046,15572
5.11,-1.2456558,15572
5.0,-0.7761234,15572
4.72,-0.8097433,15572
4.62,-2.4772255,15572
4.62,2.8410192,15572
8.3,-2.3616638,16900
7.64,0.6666744,2571
5.9,2.085404,889
7.95,3.4578052,12147
7.8,1.5350506,9943
9.57,3.169932,15323
9.41,-6.428097,15323
9.33,-1.6378192,15323
9.0,8.763732,15323
9.0,-8.046835,15323
8.96,-4.605828,15323
8.74,-6.813015,15323
8.68,-1.8687919,15323
8.57,1.8170809,15323
8.1,2.7938347,15323
8.03,-4.352829,15323
7.96,0.42581347,15323
7.96,-6.985949,15323
7.91,-3.7779276,15323
7.9,-1.5967107,15323
7.7,-7.5437517,15323
7.7,0.66733915,15323
7.54,6.4818034,15323
7.46,-5.5805798,15323
7.4,-3.2845876,15323
7.33,-5.6979904,15323
7.32,-3.8576667,15323
7.24,-3.4971933,15323
7.14,-2.05796,15323
7.1,-5.3305483,15323
6.88,-2.7710783,15323
6.83,10.583891,15323
6.8,-7.469588,15323
6.72,-9.0713005,15323
6.58,-6.3499756,15323
6.57,-6.5995426,15323
6.38,0.8651479,15323
6.35,-6.176316,15323
6.34,-6.655458,15323
6.34,-5.5315514,15323
6.27,-2.5640578,15323
6.13,-7.8310485,15323
6.13,6.8609324,15323
6.13,-3.3060808,15323
5.68,-1.7304257,15323
5.39,1.5845948,15323
5.37,0.41419777,15323
8.18,5.6155767,13133
7.68,10.580073,13133
7.26,10.580073,13133
6.92,5.99756,13133
6.82,4.8115826,13133
6.7,4.853756,13133
6.68,-8.7460575,13133
6.68,4.245621,13133
6.66,10.067863,13133
6.55,3.2687256,13133
6.54,1.398336,13133
6.46,1.1904097,13133
6.43,4.010445,13133
6.4,1.3178246,13133
6.39,5.189368,13133
6.38,3.8025112,13133
6.31,7.3383636,13133
6.28,6.6217885,13133
6.24,-3.7415829,13133
6.23,-0.122780055,13133
6.21,4.6278386,13133
6.17,5.6990232,13133
6.08,2.0505824,13133
6.07,0.04100302,13133
5.96,1.7715873,13133
5.96,-0.04463763,13133
5.89,3.1882908,13133
5.82,-1.3656974,13133
5.78,0.95634735,13133
5.78,-2.2612414,13133
5.77,2.661293,13133
5.31,-0.059866097,13133
5.1,-9.513894,13133
4.96,-9.513894,13133
5.03,3.978257,14452
7.24,-1.249402,11143
6.72,4.7803135,11143
6.28,-9.138303,11143
6.2,-3.6286345,11143
5.6,2.216151,11143
5.28,5.648722,11143
8.74,0.8414245,4390
6.34,-2.1267464,13854
6.16,3.5391712,13854
6.16,5.1027765,13854
6.09,2.0640428,13854
5.77,1.4884421,13854
5.75,-9.366447,13854
5.6,-8.02351,13854
5.34,-1.9560748,13854
8.16,3.9440577,8814
7.98,-10.641896,8814
7.85,-10.260996,8814
7.67,-4.118989,8814
7.65,4.862047,8814
8.0,8.968581,16420
7.44,-7.949024,16420
7.23,5.4029794,16420
7.17,6.1475573,16420
6.89,7.6982164,16420
6.85,9.937587,16420
6.16,1.6420441,16420
5.8,6.8594465,3820
5.19,3.0482383,3820
5.07,-6.9121003,3820
4.62,-2.508089,3820
7.8,1.721409,14480
7.29,-0.70105267,14480
7.12,3.6501844,14480
11.0,8.607178,5839
10.72,8.607247,5839
10.59,5.837249,5839
10.48,1.0684525,5839
10.46,3.4962723,5839
10.4,3.4568703,5839
10.3,5.089821,5839
9.8,5.3709583,5839
9.72,1.5171626,5839
9.72,-3.6456356,5839
9.59,5.6445794,5839
8.65,-5.894563,5839
7.12,-1.3620373,5839
5.74,2.3001847,7460
7.02,8.969924,13203
6.27,7.7124014,13203
6.08,-3.6080527,13203
6.04,-2.3590722,13203
5.89,3.4057424,13203
5.89,0.9144759,13203
5.57,1.8248502,13203
5.54,-3.203796,13203
5.19,-11.8603325,13203
5.06,5.3021665,13203
4.98,-4.6144934,1856
7.54,0.5338808,13960
7.22,-0.6996251,6695
7.22,-9.647695,6695
7.22,3.7592626,6695
7.22,-1.3947859,6695
7.1,2.5427928,6695
7.1,1.2537738,6695
7.0,2.3118017,6695
6.7,0.5271059,6695
6.7,1.779317,6695
6.57,-3.1443768,6695
6.4,-12.936931,6695
6.27,-5.201247,6695
6.22,1.1348777,6695
6.17,-1.7997649,6695
6.14,-3.2361515,6695
6.13,1.8926698,6695
6.1,2.725646,6695
5.97,5.8734865,6695
5.96,-0.29413915,6695
5.93,-6.5305943,6695
5.8,-4.6617103,6695
5.0,0.9991771,6695
6.8,3.4424927,2869
7.29,2.0945709,1462
7.99,1.8626124,9410
7.98,-0.4116868,9410
7.97,8.168547,9410
7.87,2.8754456,9410
7.8,0.5846408,9410
7.76,9.734606,9410
7.76,-0.5103816,9410
7.7,-3.5857635,9410
7.69,-1.7764021,9410
7.68,8.558405,9410
7.65,4.9282885,9410
7.56,-7.165822,9410
7.5,5.38089,9410
7.44,-0.7353433,9410
7.42,0.12155363,9410
7.33,4.5806475,9410
7.26,-5.9500856,9410
7.23,13.81546,9410
7.22,1.9314876,9410
7.21,-0.66722006,9410
7.13,9.689173,9410
7.09,3.6510367,9410
7.03,3.6714532,9410
7.0,2.6526513,9410
6.97,-2.517043,9410
6.91,-0.3544578,9410
6.9,-6.8768897,9410
6.82,-5.2042284,9410
6.78,2.5436096,9410
6.78,-0.7200597,9410
6.75,-1.0823972,9410
6.75,-2.6975207,9410
6.73,0.008885075,9410
6.72,3.2356937,9410
6.7,-3.3273313,9410
6.62,-4.4258704,9410
6.54,2.5323198,9410
6.5,-5.1661806,9410
6.45,0.79424554,9410
6.43,-4.0942936,9410
6.41,8.837451,9410
5.96,-4.4284096,9410
5.8,-2.5367396,9410
9.4,5.1616755,7943
9.4,-1.9326019,7943
9.4,-0.03837171,7943
9.3,-1.4993382,7943
9.3,5.6476216,7943
9.22,-1.8996199,7943
6.66,1.174861,7943
7.14,4.38041,5710
5.8,3.3644373,5710
5.39,0.43830562,5710
8.4,6.0156503,15670
7.7,-3.6671796,15670
7.4,2.25839,15670
7.4,2.0473645,15670
7.22,5.9252157,15670
6.92,-10.62662,15670
6.6,-0.45422232,15670
6.51,0.56032574,15670
6.5,-9.5345955,15670
6.44,-0.6976187,15670
6.4,-5.8843813,15670
6.17,1.8619621,15670
6.16,1.1404005,15670
6.06,-3.3944395,15670
5.82,-6.8904567,15670
5.8,-0.73570085,15670
5.6,-3.71141,15670
5.4,-8.176949,15670
4.72,-4.054626,15670
4.4,-6.664341,15670
6.69,3.9876997,8791
6.36,7.479351,8791
6.18,-0.7822681,8791
6.13,3.7824104,8791
5.9,-7.265503,8791
5.89,-5.972543,8791
5.98,2.8266377,7441
5.55,-1.2047051,729
7.33,-1.8001001,2140
6.96,-1.3033917,2140
6.62,-0.26471832,2140
6.38,0.38909656,2140
5.95,0.27998492,2140
5.84,0.5161537,2140
5.76,0.70826024,2140
5.7,4.5278807,2140
5.57,-3.7901475,2140
5.52,-0.26895523,2140
5.5,1.0829972,2140
5.35,2.3842423,2140
5.31,-3.4460328,2140
5.03,-5.2491045,2140
4.99,6.509177,2140
4.8,1.06265,2140
4.73,5.2418966,2140
4.68,5.010955,2140
4.67,-1.9347674,2140
4.6,5.8408227,2140
4.55,-3.1108735,2140
4.42,-0.3762529,2140
9.29,0.37901753,9877
5.69,-3.121075,8189
7.8,17.127337,12470
7.48,8.423818,12470
7.29,5.579994,12470
7.21,4.554984,12470
6.9,7.0749397,12470
6.75,8.135153,12470
6.73,1.7572362,12470
6.68,9.998252,12470
6.66,-0.13535264,12470
6.63,8.519542,12470
6.61,-4.5182657,12470
6.58,-4.1234345,12470
6.56,-8.13117,12470
6.54,-5.8739047,12470
6.45,-5.2931857,12470
6.26,-11.351206,12470
6.16,-12.590119,12470
6.04,-4.0263753,12470
4.42,6.3820634,4274
4.33,-15.747247,4274
8.06,13.193298,4968
6.24,1.3000231,4968
8.4,-4.610131,5479
7.82,6.210528,5479
8.89,2.6474946,4812
8.46,0.9114795,4812
8.15,3.4999385,4812
8.11,9.606652,4812
8.1,7.279763,4812
8.05,5.879582,4812
7.89,8.532821,4812
7.85,2.6581857,4812
7.77,8.532821,4812
7.77,-5.385411,4812
7.72,7.664028,4812
7.55,-6.859592,4812
7.44,-0.13854271,4812
7.42,5.074668,4812
7.31,-2.182992,4812
7.3,7.1791425,4812
7.28,8.637698,4812
7.22,6.0585356,4812
7.8,-1.6538942,1261
7.58,8.828747,1261
6.77,-0.09397252,1261
6.44,9.836353,1261
6.11,9.231856,1261
5.91,1.9689744,1261
7.0,5.801591,289
5.7,-0.09169366,289
5.3,1.5592734,289
5.2,-3.0747154,289
8.32,2.7824824,1807
5.16,0.31620407,13054
5.0,2.9195776,13054
5.44,-1.5072519,10242
7.89,1.5917741,3578
8.43,6.2482634,14864
5.0,5.5983195,2890
4.6,-2.790392,2890
8.07,1.3852885,1587
7.89,3.3105578,11613
6.07,-13.098391,8022
6.05,-6.297957,8022
6.05,-9.645129,8022
5.82,-9.231514,8022
5.6,-1.290353,8022
5.57,4.6470118,8022
4.19,-1.9990447,8022
4.64,10.048586,3775
4.6,-5.3592725,3775
4.56,-9.151422,3775
4.42,4.383172,3775
4.37,-1.7246376,3775
4.32,-8.94736,3775
4.17,-12.453504,3775
4.15,-9.55217,3775
4.13,3.2822614,3775
4.13,0.6157014,3775
4.12,-0.018441338,3775
4.11,-12.088606,3775
5.8,-8.384084,17377
4.12,3.5896575,17377
8.1,4.8834124,1696
6.19,-3.9406977,1696
6.0,-5.350661,1696
8.6,4.0933504,14323
8.57,10.5203285,14323
8.35,0.94711864,14323
7.92,3.2203393,14323
7.64,-5.3212075,14323
7.21,-3.4430764,14323
7.12,1.0423273,14323
7.92,11.549954,5823
7.24,9.0543995,5823
6.97,5.40224,5823
6.68,-14.194793,5823
6.52,-1.2308152,5823
5.24,9.004776,5823
5.52,0.88897073,3912
7.89,-3.4370935,10500
7.8,-4.859327,10500
7.7,-4.5852933,10500
7.35,-6.018697,10500
7.21,-5.258753,10500
7.2,-7.056953,10500
6.97,-10.606399,10500
6.82,1.0547284,10500
6.73,-7.0743732,10500
6.72,-3.6904204,10500
6.51,-6.0208693,10500
6.24,-12.446049,10500
6.14,0.90118635,10500
6.01,-1.990736,10500
5.89,-0.40848982,10500
5.83,-13.069685,10500
5.66,-5.714309,10500
5.56,3.0282235,10500
5.08,-2.8373356,10500
5.08,-6.8556557,10500
7.02,10.244371,1179
6.89,3.235935,1179
6.36,2.4251769,1179
6.33,2.1458683,1179
6.3,0.25140816,1179
6.16,5.288265,1179
6.0,2.7684717,1179
5.99,8.717234,1179
5.89,3.4683485,1179
5.72,0.11291358,1179
5.68,1.17166,1179
5.66,-3.4167001,1179
5.64,-1.1101902,1179
5.47,1.4259553,1179
5.39,1.8357031,1179
5.37,-1.0295762,1179
5.27,1.2290437,1179
5.27,-5.1624894,1179
5.22,3.7227714,1179
5.13,-14.2914,1179
5.08,-3.9426703,1179
5.04,-13.881635,1179
6.24,0.8537404,6729
6.51,0.89193505,10150
8.5,1.5079628,11221
8.4,-2.9555662,11221
8.2,-6.62411,11221
7.9,-4.6154957,11221
7.9,3.6089244,11221
7.9,-2.6055925,11221
7.9,-5.839155,11221
7.9,3.8998122,11221
7.8,3.5586176,11221
7.7,-4.5276723,11221
7.7,-1.7380868,11221
7.6,-3.0850244,11221
7.5,5.0725203,11221
7.5,-11.827,11221
7.4,5.944194,11221
7.1,7.3602743,11221
6.4,0.5561912,11221
4.2,-1.337003,11221
6.58,-15.804346,6593
5.56,-0.4563456,6593
5.46,0.49239576,6593
5.45,-2.4855926,6593
4.99,-1.1737015,6593
6.52,-2.8679078,15068
9.22,1.3359988,1933
9.1,5.0995555,1933
9.1,-1.345768,1933
8.7,-4.0223255,1933
8.7,-6.205673,1933
8.7,6.295132,1933
8.4,6.117374,1933
8.15,0.047262352,1933
8.0,6.336329,1933
7.96,5.1480947,1933
7.92,2.304743,1933
7.44,4.4000387,1933
7.33,16.24037,1933
7.09,-8.075924,1933
6.67,2.2542899,1933
6.44,-6.6823177,1933
6.32,10.224707,1933
6.14,6.2415843,1933
9.05,18.753494,14733
8.34,12.923308,14733
8.16,2.615386,14733
8.12,2.345821,14733
7.8,4.0535054,14733
7.78,-4.0011005,14733
7.39,1.4673123,14733
7.39,-0.25894487,14733
7.36,2.3047178,14733
7.32,0.99253595,14733
7.25,-0.44570628,14733
7.04,-6.771425,14733
6.96,-2.5112152,14733
6.68,1.119336,3132
9.7,0.6835337,10433
9.52,0.4090516,10433
9.4,-6.9716806,10433
9.4,-3.2457635,10433
9.22,2.3061695,10433
9.15,0.80571276,10433
9.05,4.3999205,10433
8.77,2.4381588,10433
5.26,0.37944666,1617
7.7,10.98732,7987
7.68,10.094808,7987
7.57,10.586741,7987
7.5,1.5620509,7987
6.7,-12.198596,7987
8.82,-1.951157,2671
8.4,1.2837789,2671
8.3,2.6966429,2671
8.22,7.435121,2671
8.15,-1.8813777,2671
8.0,7.0192633,2671
7.96,0.9591752,2671
7.85,-6.677696,2671
7.85,-3.670849,2671
7.85,-11.394949,2671
7.77,-7.0429983,2671
7.75,-1.379956,2671
7.6,8.134963,2671
7.57,-7.0429983,2671
7.46,-2.2180588,2671
7.42,-10.6963825,2671
7.19,-15.786859,2671
7.17,10.583762,2671
7.16,-9.348461,2671
7.11,7.3317537,2671
7.1,-0.8184481,2671
7.06,-5.9335904,2671
7.02,-8.22144,2671
6.97,6.844576,2671
6.9,-0.8820876,2671
6.9,-4.1112742,2671
6.88,2.367349,2671
6.79,-5.720584,2671
6.78,6.6222754,2671
6.66,-3.8156435,2671
6.65,0.17570189,2671
6.62,0.75840616,2671
6.58,-0.022139847,2671
6.55,-7.1976604,2671
6.5,-10.64352,2671
6.5,-3.8785026,2671
6.5,-13.6546335,2671
6.47,4.369048,2671
6.43,-3.9223342,2671
6.4,-6.7455907,2671
6.39,5.5731597,2671
6.36,11.240047,2671
6.36,4.589995,2671
6.07,10.539885,2671
6.07,-4.6519427,2671
5.62,-5.4201603,2671
5.58,-4.987429,2671
5.49,-11.701622,2671
5.41,-8.756971,2671
7.48,17.285248,15307
7.47,16.313133,15307
7.41,18.22867,15307
7.4,13.0219145,15307
7.34,17.335487,15307
7.31,15.794218,15307
7.26,17.31035,15307
7.21,12.753814,15307
7.18,14.31669,15307
7.1,16.372866,15307
6.96,16.761803,15307
6.96,13.7386675,15307
6.96,6.047307,15307
6.82,15.979722,15307
6.82,11.133528,15307
6.75,17.611467,15307
6.68,-1.868846,15307
6.5,10.203414,15307
6.43,15.417076,15307
6.37,12.699219,15307
6.35,16.53476,15307
6.27,11.600332,15307
6.24,8.214863,15307
6.16,-6.7635927,15307
6.04,6.631865,15307
6.02,-9.838811,15307
5.89,-3.8958888,15307
5.85,-6.62578,15307
5.82,16.226915,15307
5.78,4.4379935,15307
5.62,11.039915,15307
5.6,-3.854938,15307
5.58,12.890609,15307
5.52,6.4165998,15307
5.5,-11.637331,15307
5.5,3.528032,15307
5.49,-6.666147,15307
5.35,-0.87382036,15307
5.24,-5.1988893,15307
5.18,-5.62442,15307
5.17,-3.995601,15307
4.86,-7.505761,15307
4.85,-15.753009,15307
4.47,14.902178,15307
8.52,7.5188146,13420
8.0,10.399236,13420
8.0,5.3637443,13420
7.92,5.240541,13420
7.85,6.7541437,13420
7.82,8.080013,13420
7.77,0.32779223,13420
7.75,7.3405094,13420
7.72,7.579634,13420
7.68,3.1485457,13420
7.66,9.335138,13420
7.48,2.0668728,13420
7.42,0.67400587,13420
7.4,4.7558527,13420
7.39,4.972772,13420
7.38,6.872978,13420
7.32,3.6777546,13420
7.06,-1.6965883,13420
7.06,-2.8981402,13420
6.97,-2.6098182,13420
6.91,3.050347,13420
6.77,-1.8606261,13420
6.74,-5.134081,13420
6.7,-3.6328826,13420
6.64,0.24734598,13420
6.61,7.460489,13420
6.47,-15.320754,13420
6.42,-5.184038,13420
5.85,-3.1365535,13420
9.74,17.871977,11792
9.68,15.907389,11792
9.46,11.888982,11792
9.3,14.859904,11792
9.14,12.504019,11792
9.1,12.506194,11792
9.1,3.8807633,11792
9.07,4.885762,11792
8.89,3.3906312,11792
8.62,-2.2529354,11792
8.52,3.3247685,11792
8.49,2.9475443,11792
8.33,4.267642,11792
8.21,-4.597975,11792
8.2,-3.0945823,11792
8.03,-0.49382865,11792
7.85,-9.447225,11792
7.8,-11.447525,11792
7.7,3.4060001,11792
7.54,-7.7505374,11792
7.36,-9.848082,11792
7.27,-3.2700014,11792
6.47,-5.833295,11792
8.06,0.29652646,5219
8.0,-11.608343,16971
7.46,3.3567252,16971
7.08,0.64772934,16971
7.1,5.252019,2310
5.9,2.8786201,2310
5.72,-3.0697362,2310
5.65,3.7760828,2310
5.61,1.4910145,2310
5.61,4.9800434,2310
5.54,6.9530935,2310
5.5,3.4780977,2310
5.43,0.70318484,2310
5.3,0.8712549,2310
5.26,-10.93674,2310
5.19,-2.8659992,2310
5.17,-0.013055372,2310
5.09,2.0554478,2310
4.8,-12.293087,2310
4.77,-4.714029,2310
4.7,-9.004501,2310
4.66,-5.7455053,2310
4.5,-2.6909297,2310
4.26,-7.5659184,2310
4.1,-14.970708,2310
7.21,7.4683847,3615
5.5,-15.420042,3615
5.4,-9.33941,3615
5.24,-13.734103,3615
7.7,-9.747607,12760
6.17,6.7279034,6827
5.2,-6.338414,6827
7.64,6.3248425,11824
7.58,10.44465,11824
7.52,5.430299,11824
7.5,2.6962748,11824
7.26,5.9726653,11824
7.16,-1.1237679,11824
7.14,5.1128736,11824
7.07,8.359405,11824
7.0,-5.304007,11824
6.96,6.521844,11824
6.96,-4.8762197,11824
6.92,-4.6111107,11824
6.89,-1.6102134,11824
6.75,-14.2614,11824
6.72,3.448788,11824
6.72,6.79465,11824
6.7,5.3835797,11824
6.64,-3.5706627,11824
6.6,-5.9397087,11824
6.5,-3.9080958,11824
6.36,-10.036569,11824
6.35,0.91502327,11824
6.24,-2.3205285,11824
7.92,-5.350234,11029
7.51,6.435937,11029
7.25,1.8836504,11029
7.16,-0.64732313,11029
7.13,-1.1131296,11029
7.04,-5.7052193,11029
7.02,-2.8007095,11029
7.01,-2.122236,11029
6.97,-1.63815,11029
6.76,-4.801547,11029
6.66,-7.6179705,11029
5.7,0.40685695,10669
8.0,1.4959583,5641
7.92,-3.0378745,5641
7.89,3.449308,5641
7.77,10.192091,5641
7.36,-0.66803193,5641
7.02,-0.8142227,5641
6.24,1.6821581,5641
8.15,1.4986283,5100
7.8,0.04625561,5100
7.33,-6.3218966,5100
7.33,-1.8161857,5100
7.32,-1.2261417,5100
7.27,0.051104482,5100
7.25,6.262836,5100
7.11,-3.6950858,5100
7.04,-1.9047203,5100
7.0,-1.2261417,5100
6.74,-5.4230847,5100
6.65,-4.5338664,5100
6.63,-11.566675,5100
5.36,-9.771057,5100
5.99,-0.9829969,6559
6.79,3.7043934,12350
6.64,-0.23672816,12350
6.54,2.7875726,12350
6.46,3.1808598,12350
6.14,-10.260916,12350
7.4,-4.904657,14403
6.09,7.1932135,14403
5.47,-0.95891285,14403
4.91,2.2935784,14403
7.62,3.8127973,12289
7.58,1.7962162,12289
7.52,1.9659519,12289
7.38,1.1488211,12289
7.37,-0.08756009,12289
7.33,-2.4168074,12289
7.22,0.7325941,12289
7.04,0.07598166,12289
6.63,8.204342,425
6.25,-7.4482455,425
6.16,-6.9276514,425
5.92,-4.653196,425
5.8,-4.7117977,425
5.3,8.109674,425
5.27,-4.9697404,425
6.27,2.6202302,15146
6.6,-0.67786765,6287
6.52,7.3391137,17547
5.4,-14.0059,17547
8.52,8.768496,8963
8.4,-6.9750123,8963
8.3,-2.4959657,8963
7.96,-5.8908043,8963
9.52,-2.324775,8277
9.4,1.5456889,8277
9.15,-5.645981,8277
7.75,-5.815508,8277
7.12,11.804356,8277
6.43,1.4024059,8277
5.79,-12.746639,8277
8.22,4.1234684,15415
7.92,-1.0831362,15415
7.57,0.8081355,15415
7.55,0.87094474,15415
7.5,2.1212003,15415
7.5,3.309773,15415
7.48,0.37539238,15415
7.38,-0.32069153,15415
7.37,-1.3625425,15415
7.36,8.04941,15415
7.36,-2.8188744,15415
7.22,-1.9439449,15415
7.17,2.4058373,15415
7.14,0.8540671,15415
7.06,4.8605256,15415
6.92,4.996014,15415
6.75,-7.053428,15415
6.68,-0.630849,15415
6.66,-8.287808,15415
6.6,-4.5424986,15415
6.57,4.059599,15415
6.54,-12.313567,15415
6.41,4.719567,15415
6.4,1.3050497,15415
6.21,-3.283456,15415
6.18,-0.50139034,15415
6.18,3.0411289,15415
6.12,-8.151748,15415
6.08,-12.20969,15415
6.02,1.0691161,15415
5.92,0.2920543,15415
7.62,2.4062324,372
7.58,0.30376384,372
7.52,4.182016,372
7.46,-3.8939805,372
7.37,-6.6692348,372
7.33,5.9083276,372
7.29,-1.1447306,372
7.24,9.8483925,372
7.19,8.467704,372
7.18,-7.283812,372
7.17,3.5085037,372
7.16,-4.6926064,372
7.13,-4.0946274,372
7.13,-8.479273,372
7.04,6.744112,372
7.0,-2.8830411,372
6.97,-2.7419536,372
6.85,5.5065737,372
6.84,-4.23221,372
6.84,-6.4786277,372
6.55,4.410716,372
6.42,3.4896183,372
6.36,2.943697,372
6.3,-3.8908174,372
6.27,2.1762085,372
6.13,-1.559246,372
5.73,-1.2306275,372
5.69,-3.34832,372
5.68,-5.15188,372
5.16,4.8454823,372
5.13,0.11448845,372
6.15,-0.40617904,17254
5.92,4.4605055,17254
8.22,-0.413155,9913
6.62,-4.2324047,6700
5.24,-0.28759444,3735
5.07,1.9672551,9981
9.05,1.6497422,11308
9.0,-2.7052147,11308
9.0,-1.6488507,11308
8.59,-2.2202282,11308
8.36,6.4859486,11308
7.7,-1.9276052,11308
8.3,1.036311,17134
7.05,11.123569,583
6.25,-0.23189875,583
6.01,-0.26645228,583
5.91,-9.617407,583
5.84,-1.6898961,583
5.76,-1.9593263,583
5.71,-4.0344796,583
5.66,-3.203904,583
5.49,-5.60906,583
5.33,-2.3660893,583
5.24,-7.164073,583
5.17,-0.94519305,583
5.13,-8.627841,583
4.97,-11.712248,583
4.87,-6.1859994,583
4.71,-10.594306,583
4.63,-12.069455,583
4.58,-11.140939,583
4.57,-12.980889,583
4.5,-11.211253,583
4.44,-11.895972,583
4.39,-10.154703,583
9.1,-4.0408025,4428
8.92,0.66683674,4428
8.92,9.373638,4428
8.85,-0.9174896,4428
8.85,-9.346665,4428
8.82,-2.6013446,4428
8.8,7.718795,4428
8.77,5.5365005,4428
8.72,-1.4785743,4428
8.72,-5.0780797,4428
8.72,-1.6278232,4428
8.7,7.7438335,4428
8.7,2.2204318,4428
8.66,4.7476225,4428
8.64,-3.135918,4428
8.62,4.81714,4428
8.59,-1.5015757,4428
8.57,-1.5371109,4428
8.55,-7.1758676,4428
8.46,0.7380316,4428
8.44,2.18256,4428
8.43,-3.0465944,4428
8.43,-7.942816,4428
8.34,0.6226231,4428
8.25,-9.598972,4428
8.24,0.49625224,4428
8.17,-3.972696,4428
8.16,-2.2500255,4428
8.14,-0.8203639,4428
8.0,-7.315803,4428
7.89,4.8294535,4428
7.72,1.9042883,4428
7.64,-7.2087674,4428
8.22,12.71742,8702
8.22,12.559508,8702
8.22,-3.4696813,8702
8.05,-1.270699,8702
8.0,8.381672,8702
7.92,7.911869,8702
7.92,12.360251,8702
7.85,6.8276653,8702
7.82,12.527411,8702
7.82,-5.313721,8702
7.7,13.385024,8702
7.68,2.974951,8702
7.64,-4.4775424,8702
7.62,12.188136,8702
7.6,-8.282707,8702
7.51,-12.139481,8702
7.46,-11.115455,8702
7.25,-2.1090455,8702
7.16,-3.4696813,8702
7.1,-15.025744,8702
7.08,6.544533,8702
7.08,-6.701549,8702
6.85,-1.7485011,8702
6.82,9.755027,8702
6.48,-0.05037399,8702
6.18,-17.444479,8702
5.58,-12.080417,8702
5.17,-2.4429054,8702
7.37,-3.637705,13661
7.56,-4.0187674,5141
10.19,1.3363582,14260
10.12,-2.9098382,14260
9.77,1.7617587,14260
9.76,1.321201,14260
9.73,6.725296,14260
9.35,-1.8936116,14260
8.08,9.433439,538
8.04,7.3657026,538
7.79,1.4196981,538
7.78,3.0978417,538
7.61,-2.2800882,538
8.0,9.809722,15480
8.0,4.6701465,15480
7.92,9.293181,15480
7.4,1.5158585,15480
7.4,4.161846,15480
6.6,-2.53799,15480
6.42,-5.3119097,15480
5.77,-7.640028,15480
6.52,-3.4863248,7672
6.52,-3.6251998,7672
6.52,0.20262614,7672
6.52,-3.1993222,7672
6.52,-10.026189,7672
6.52,-0.28150728,7672
6.52,-4.290928,7672
6.52,5.5551424,7672
6.52,-1.1354996,7672
6.52,5.660872,7672
6.52,-1.8149358,7672
6.52,4.8677816,7672
6.52,-5.6806,7672
6.52,-0.09859897,7672
6.52,-4.0895023,7672
6.52,10.349815,7672
6.52,-3.2436469,7672
6.52,-10.271233,7672
6.52,-8.861807,7672
6.52,-10.942167,7672
6.12,-9.930802,7672
6.12,-2.435795,7672
6.12,-6.554579,7672
6.12,8.895084,7672
6.12,6.942039,7672
6.12,5.7509513,7672
6.12,5.885524,7672
6.12,0.8100985,7672
6.12,1.3606713,7672
5.4,-1.8387548,1766
8.62,2.3482969,11862
8.51,6.6080475,11862
8.51,4.7151937,11862
8.39,6.0900536,11862
8.26,0.18144286,11862
7.85,-4.8655334,11862
7.55,-0.07415499,11862
7.51,2.983847,11862
7.5,1.2017986,11862
7.42,-1.2985209,11862
7.24,-2.2936215,11862
7.06,-3.970932,11862
7.06,-8.395663,11862
7.05,-4.6141167,11862
6.99,-10.693695,11862
6.84,-6.4317675,11862
6.82,-9.902939,11862
6.66,-14.119554,11862
6.64,-12.215054,11862
6.31,-14.835325,11862
6.64,4.7221675,1659
6.38,3.9892209,1659
6.37,4.7221675,1659
5.46,6.039516,1659
5.16,-14.935423,1659
5.01,-7.2639475,1659
5.52,-9.4820795,15222
5.22,-7.554656,15222
4.43,-6.7538633,15222
4.33,-0.31198633,15222
4.26,14.611093,15222
4.22,-2.3791595,15222
4.22,-6.1698856,15222
4.12,-8.922026,15222
4.02,-5.7932224,15222
5.0,2.0145772,406
5.0,3.4851842,406
5.58,3.9517436,12738
5.47,-2.7855911,12738
6.72,2.1096027,3551
6.16,6.183663,3551
7.1,3.4861188,15787
7.0,2.5867229,15787
6.77,6.281499,15787
6.68,-9.408163,15787
6.17,-4.644352,15787
5.42,8.14989,15787
5.36,-3.843455,15787
5.29,-4.1149516,15787
4.77,-9.824012,15787
6.86,-7.1553774,5158
6.61,5.54963,8341
5.2,-6.3328214,8341
6.5,-0.59334815,987
7.77,-0.07779048,173
7.75,3.142414,173
7.54,2.867409,173
7.5,-2.6671298,173
7.22,0.9337227,173
7.2,4.7958703,173
6.72,-0.06339262,173
6.7,-1.1524601,173
6.5,0.32195514,173
5.2,3.1709974,173
5.02,0.17086458,173
7.89,3.2772827,6663
7.85,2.6962688,6663
7.72,-1.5375823,6663
9.22,3.8530593,3704
7.17,-2.7464786,5945
6.69,-3.0913837,5945
6.08,3.9579806,5945
6.0,-0.8398629,10416
8.81,2.5099478,2355
7.22,-0.7806441,4005
6.4,-2.185287,4005
6.19,16.334803,4005
6.09,-1.1605673,4005
6.08,12.695975,4005
6.04,18.616972,4005
6.04,14.870323,4005
5.72,-0.7806441,4005
5.7,5.6045814,4005
5.4,-19.006117,4005
5.39,-0.966464,4005
5.38,-4.976528,4005
5.0,-5.4220824,4005
7.31,2.0068805,10534
6.0,-1.7994524,10236
4.69,1.0750692,14305
7.8,2.00396,9905
8.4,-1.6339861,15148
8.4,-4.1498804,15148
8.05,-5.6699357,15148
8.05,12.174256,15148
7.92,1.2149677,15148
7.52,1.2313449,15148
7.48,-6.57003,15148
7.4,3.158457,15148
7.31,8.612455,15148
7.19,-5.107203,15148
7.17,-1.7114463,15148
7.17,-8.490537,15148
7.09,-5.520159,15148
7.06,-4.4915013,15148
6.72,-10.601139,15148
6.6,3.659199,15148
6.57,10.483093,15148
6.52,1.3423253,15148
6.47,6.584269,15148
6.28,1.8948668,15148
5.82,7.882147,15148
5.24,-1.484715,15148
6.14,-0.68112737,1276
8.7,-6.602756,2643
8.7,1.7152375,2643
8.3,-3.1366253,2643
8.22,-7.259319,2643
8.05,-4.3715496,2643
8.05,-9.474668,2643
8.0,-0.7009609,2643
7.68,-6.042753,2643
7.68,-0.8268477,2643
7.52,-9.936956,2643
7.52,-4.9546194,2643
7.22,-9.709905,2643
7.2,-1.3701283,2643
7.16,-13.240276,2643
6.92,-8.302539,2643
6.92,-8.517732,2643
6.89,-12.783982,2643
6.77,6.8644876,2643
6.75,-0.71825224,2643
6.75,-0.71825224,2643
6.72,-1.6616758,2643
6.47,-4.9403076,2643
6.41,-1.9737468,2643
6.24,-10.5302725,2643
6.2,-3.6912708,2643
6.11,-10.957297,2643
5.99,-2.2018878,2643
5.98,3.407222,2643
5.98,-5.33703,2643
5.9,-1.2034847,2643
5.87,-9.263881,2643
5.8,-2.938057,2643
5.78,-9.158139,2643
5.77,-3.0799427,2643
5.71,-3.6175768,2643
5.7,-0.63880694,2643
5.62,3.0503006,2643
5.61,-6.5742097,2643
5.54,4.112132,2643
5.46,3.3031745,2643
5.08,-6.281124,2643
5.05,-9.708498,2643
4.85,-11.52638,2643
9.1,-0.38379148,12890
9.05,11.529675,12890
8.77,7.889759,12890
8.72,3.6701815,12890
8.56,8.531021,12890
8.51,7.555546,12890
8.43,0.4848712,12890
8.34,-8.693552,12890
8.32,1.2657754,12890
8.31,-4.3966985,12890
8.26,5.8860927,12890
8.24,14.509644,12890
8.17,5.4937916,12890
8.1,11.02443,12890
8.07,4.3559127,12890
8.06,5.599866,12890
8.06,3.704768,12890
7.98,-1.7842041,12890
7.89,-1.6130726,12890
7.78,-6.41026,12890
7.76,-5.556087,12890
7.69,-1.9320713,12890
7.66,-0.86253196,12890
7.59,-3.8082964,12890
7.58,-5.5607834,12890
7.34,2.2147932,12890
7.23,1.4691278,12890
6.82,-12.95742,12890
6.75,-3.4757276,12890
6.73,-0.39091402,12890
6.59,2.1274667,12890
6.4,-6.593613,12890
8.5,-0.5084151,2387
5.92,2.3447666,1494
8.3,2.9265933,13166
4.52,-2.3631454,15711
6.25,2.6816459,4155
4.7,-1.2073194,15171
4.52,6.1949153,15171
4.4,1.931647,15171
4.35,-6.1601033,15171
4.1,4.3679204,15171
4.0,2.819526,15171
4.0,-8.468318,15171
5.57,8.888104,11999
4.8,1.8379626,11999
6.78,2.0009835,9069
8.4,4.1682763,9801
7.5,2.1400669,9801
6.21,0.075990364,9801
5.68,-4.98632,9801
5.55,-8.083696,9801
5.36,-10.633944,9801
5.26,-6.202961,9801
6.51,1.5325449,4366
9.0,-0.5412768,9464
8.96,5.709327,9464
8.89,5.1482577,9464
8.89,-1.3557193,9464
8.82,2.6309412,9464
8.8,5.078165,9464
8.8,-1.2937735,9464
8.7,2.1136148,9464
8.66,3.48305,9464
8.66,4.9115677,9464
8.66,2.0368805,9464
8.64,6.393362,9464
8.62,3.7603245,9464
8.55,0.7894355,9464
8.52,0.05493695,9464
8.35,-0.65720373,9464
8.25,1.4231609,9464
8.21,9.262526,9464
8.13,2.4248326,9464
8.03,-6.13208,9464
5.61,-0.96897894,8300
6.71,1.6603122,10545
5.05,1.1022731,17447
4.85,-8.059001,17447
4.8,-1.870467,17447
4.66,0.64005387,17447
4.64,-8.19971,17447
8.52,11.598925,3674
8.4,6.525648,3674
8.3,-4.0732923,3674
8.22,2.4431264,3674
8.1,4.056432,3674
7.96,4.8887086,3674
7.96,-6.025474,3674
7.7,-4.9361763,3674
7.39,2.445265,3674
7.26,3.7755208,3674
7.2,3.018661,3674
6.93,2.2622917,3674
6.56,-2.8916774,3674
6.54,-1.6979295,3674
6.94,2.160421,13195
4.87,15.951696,3805
4.05,-5.4056168,3805
8.1,12.482353,70
8.05,9.203976,70
7.92,-6.2283745,70
7.8,7.8295236,70
7.8,8.099105,70
7.58,0.49430144,70
7.52,2.4190168,70
7.51,0.49430144,70
7.31,-4.423729,70
7.28,0.92095864,70
7.96,2.494469,10426
5.7,3.2198555,6015
5.3,-0.5575441,6015
5.05,1.6430551,6015
5.05,-6.5846815,6015
4.92,-0.8643186,6015
4.92,-11.361109,6015
4.82,-5.460942,6015
4.82,-3.6778424,6015
4.82,-0.15556188,6015
4.8,-2.2279637,6015
4.8,2.9421732,6015
4.77,-6.173948,6015
4.75,-6.6058264,6015
4.75,-4.31299,6015
4.7,-8.185143,6015
4.7,0.6663102,6015
4.68,-5.043083,6015
4.66,-4.466361,6015
4.64,0.6835829,6015
4.62,-5.316552,6015
4.6,-2.5906878,6015
4.5,5.961855,6015
4.5,-10.203357,6015
4.5,2.3100595,6015
4.47,1.6560106,6015
4.47,-2.841584,6015
4.42,-0.18568124,6015
4.4,0.6293911,6015
4.4,-1.501914,6015
4.38,0.22748855,6015
4.38,2.720165,6015
4.38,0.29581422,6015
4.35,0.8987793,6015
4.35,0.7740384,6015
4.28,1.8806906,6015
4.19,10.045016,6015
8.6,2.036758,7220
8.42,2.5365074,7220
8.19,1.5849799,7220
8.1,1.423894,7220
7.58,4.9097557,7220
7.12,2.7018425,7220
8.46,-1.0565941,11153
8.26,1.2796324,11153
8.26,-4.053624,11153
8.06,10.483206,11153
8.03,-1.8406583,11153
7.92,1.094664,11153
7.75,-4.7116933,11153
7.7,-2.0715525,11153
7.62,-1.6428335,11153
7.6,-5.4460115,11153
7.55,9.212614,11153
7.51,5.9138293,11153
7.41,-1.8406583,11153
7.39,-5.522493,11153
7.31,2.0310016,11153
7.27,-9.178782,11153
7.27,8.82795,11153
7.24,5.105711,11153
7.13,2.1345198,11153
7.1,4.290943,11153
6.82,-1.0388819,11153
6.75,2.9892414,11153
6.43,-16.088663,11153
6.32,-3.3077595,11153
6.12,9.801509,11153
6.07,6.276477,11153
5.92,0.8099869,11153
5.77,8.397186,11153
5.68,0.8099869,11153
5.27,2.2665362,11153
5.89,14.631277,3699
5.89,-7.7996387,3699
5.77,-5.7813916,3699
5.77,-10.092868,3699
5.58,0.3661649,3699
5.55,6.528105,3699
4.75,-6.9276686,3699
5.66,3.4283152,6385
5.36,1.3748367,6385
5.31,3.4283152,6385
5.21,1.3748367,6385
4.92,1.2787677,6385
4.89,1.2787677,6385
4.7,-3.4397397,6385
4.68,0.27636302,6385
4.66,-3.4397397,6385
4.64,0.27636302,6385
5.82,-2.4428842,4337
6.08,0.83202475,11178
5.55,1.6474118,11178
5.28,6.434216,17434
5.21,-1.8334825,17434
5.51,-3.0231187,10107
4.77,4.964959,10107
9.3,2.9561365,6230
9.26,-1.2876929,6230
9.25,4.059514,6230
9.22,-4.6412377,6230
9.17,5.377621,6230
9.17,-1.2496895,6230
9.14,2.2733207,6230
9.13,5.74813,6230
9.13,6.6270294,6230
9.11,3.0376472,6230
9.08,9.6230955,6230
9.03,-2.272251,6230
9.02,3.2035584,6230
9.0,-8.071431,6230
8.99,-0.91809845,6230
8.97,6.5589,6230
8.93,6.306991,6230
8.9,4.3508563,6230
8.79,-1.2274932,6230
8.76,-2.5443246,6230
8.7,4.071334,6230
8.68,2.9351916,6230
8.63,5.9928923,6230
8.62,-4.589877,6230
8.61,-1.2876929,6230
8.56,6.3358088,6230
8.48,5.7632647,6230
8.47,7.555314,6230
8.45,5.571485,6230
8.39,8.064054,6230
8.35,5.0308914,6230
8.32,-4.6412377,6230
8.24,5.571485,6230
8.24,-1.9392151,6230
8.17,3.6796145,6230
8.06,1.3021287,6230
7.93,3.2035584,6230
7.89,6.1571674,6230
7.82,2.9745688,6230
7.8,-1.5058118,6230
7.57,2.909727,6230
7.12,-1.6471937,6230
6.0,6.862399,3869
5.77,-9.616991,3869
5.64,-7.6042566,3869
6.68,-4.5804415,13877
8.52,2.8349886,15483
8.15,3.221947,15483
8.15,2.8675752,15483
7.96,6.0332737,15483
7.57,4.1226764,15483
7.07,-1.4467149,15483
6.92,-7.803028,15483
6.89,2.8441296,15483
6.47,3.2540889,15483
6.42,-5.0384493,15483
5.01,-12.692183,15483
8.78,-1.0649526,9951
7.92,2.6180232,9951
8.7,6.056732,17797
8.52,11.048782,17797
8.4,12.776143,17797
8.3,11.542341,17797
8.22,13.480962,17797
8.22,9.317182,17797
8.1,-1.5435755,17797
8.0,12.818388,17797
7.96,9.554849,17797
7.82,11.64627,17797
7.58,6.6575856,17797
7.34,-15.838761,17797
7.17,-14.843735,17797
7.12,-14.525616,17797
7.0,-15.761659,17797
6.98,-5.811397,17797
6.98,-15.192497,17797
6.98,-13.58617,17797
6.89,-15.455545,17797
6.89,-12.657566,17797
6.82,-17.823442,17797
6.75,-2.312513,17797
6.54,-14.266943,17797
6.06,-16.28203,17797
9.15,-0.4877302,14873
4.52,13.942867,3629
4.52,-0.7905841,3629
4.52,1.5487125,3629
4.52,8.769398,3629
4.52,0.92856437,3629
6.92,8.172152,12737
6.65,9.614282,12737
6.16,5.7876997,12737
6.12,3.3211856,12737
5.93,7.371731,12737
5.81,1.9763492,12737
5.65,2.4298127,12737
5.54,-2.159702,12737
5.45,-9.652538,12737
5.38,11.796994,12737
5.34,2.2440872,12737
5.26,6.093184,12737
5.25,2.246515,12737
5.18,1.1265811,12737
5.17,4.2633033,12737
5.16,7.6868653,12737
5.13,7.1926866,12737
4.99,-4.4547358,12737
4.95,5.1996117,12737
4.87,2.4532907,12737
4.78,3.9460702,12737
4.75,2.854105,12737
4.7,-11.748736,12737
4.7,1.3749549,12737
4.54,-6.864715,12737
8.1,1.420573,14146
7.33,1.5897759,16381
10.0,5.4769745,13050
9.8,2.3084137,13050
8.7,-7.3249655,13050
8.3,-6.2627077,13050
8.2,5.4769745,13050
8.1,-2.4479015,13050
8.1,-9.131851,13050
8.0,-6.3269243,13050
8.0,-6.4774756,13050
8.0,7.503648,13050
8.0,-2.8025146,13050
7.9,0.13471183,13050
7.9,1.9543644,13050
7.6,-7.0917945,13050
7.5,-3.3311923,13050
7.5,-4.5097914,13050
7.4,-0.83706754,13050
6.9,-4.0596323,13050
6.8,-8.743522,13050
6.8,0.02721667,13050
6.6,-0.33182046,13050
6.4,-6.228181,13050
8.52,3.3076916,16180
8.3,3.374598,16180
7.6,1.2895725,16180
7.51,-1.8120321,16180
6.69,5.022954,16180
6.51,-4.5943484,16180
6.32,-10.718158,16180
5.11,6.016189,17567
5.09,-6.2269053,17567
4.71,-4.7323394,17567
4.69,2.3245556,17567
4.68,-11.532814,17567
4.58,2.9119213,17567
4.4,-5.7089396,17567
4.33,9.429551,17567
4.33,-2.9121952,17567
6.97,1.8960841,13940
6.99,-9.88051,13844
6.31,-3.4586475,13844
8.0,-0.75334984,14821
7.8,0.09996176,14821
6.79,4.407936,14821
6.09,3.5742197,14821
6.03,8.676167,14821
5.54,3.7644212,14821
6.98,2.2375913,10081
6.7,-3.1982834,10081
8.82,4.194335,11181
8.48,0.032190386,11181
8.44,-1.4405693,11181
8.39,3.623906,11181
7.68,-0.17780542,11181
7.82,-1.476418,4626
9.3,7.2689857,6531
9.0,13.509112,6531
8.3,4.179614,6531
8.05,3.1617968,6531
7.57,-7.2618303,6531
7.57,-4.901059,6531
7.51,-7.366371,6531
7.5,6.3264723,6531
7.48,-5.1492343,6531
7.47,1.4736651,6531
7.14,1.4821298,6531
6.41,2.3968496,6531
6.06,5.8565893,6531
7.07,-2.735081,9642
7.02,1.2747875,8629
6.62,3.4265256,7926
6.4,1.238347,7926
6.29,0.54036283,7926
7.4,0.5442239,10596
5.69,-1.9582449,13594
7.96,-0.78171486,16083
7.75,2.2639513,16083
7.6,2.1417313,16083
7.47,5.8886313,16083
7.41,1.057729,16083
7.25,2.88158,16083
7.24,2.7113206,16083
6.75,1.8326635,16083
6.52,1.8060555,16083
6.51,1.7187036,16083
6.38,-1.2160853,16083
6.32,4.2274833,16083
5.89,-1.1028469,16083
5.64,1.4899701,16083
5.4,-2.6642096,16083
5.31,-0.53262615,16083
5.19,3.6258209,16083
5.16,-3.266697,16083
8.09,2.022012,13777
5.26,-0.07725291,8389
8.05,1.0317436,15088
6.64,1.6360875,17325
7.92,-1.7126124,4724
7.82,6.5021696,4724
7.52,7.844917,4724
7.52,-10.418259,4724
7.52,-0.8258505,4724
7.33,-5.9520855,4724
7.3,-6.4976234,4724
7.22,2.5420146,4724
7.0,-0.29849738,4724
6.85,3.869797,4724
6.72,-4.362564,4724
6.33,-10.195337,4724
5.68,-4.2572217,4724
5.6,7.844917,4724
5.57,-5.9520855,4724
4.66,-0.8258505,4724
7.2,-2.286967,12369
5.5,5.1341815,12369
6.77,1.0858989,15137
6.4,7.199251,15137
6.34,-6.8358493,15137
5.82,-2.5017571,15137
5.8,2.0597568,15137
5.53,-1.9367433,15137
5.24,-5.2908735,15137
8.4,0.5457773,8019
7.66,7.799583,8019
9.7,6.418738,4132
9.1,3.9288375,4132
8.7,1.3328084,4132
8.55,7.5162487,4132
8.42,-4.726986,4132
8.42,3.621354,4132
8.4,7.7839823,4132
8.4,-0.19552617,4132
8.39,3.464719,4132
8.39,2.5313027,4132
8.3,0.8742863,4132
8.27,1.8021972,4132
8.15,4.61803,4132
8.11,-2.961546,4132
8.11,3.4447522,4132
8.1,3.2942426,4132
8.07,-1.2627738,4132
8.05,0.83256835,4132
7.96,0.6687795,4132
7.89,-2.8249018,4132
7.85,-2.629999,4132
7.64,-5.5135603,4132
7.5,-6.949166,4132
7.47,-6.130494,4132
7.46,-7.0975633,4132
7.39,-5.971426,4132
7.34,-4.3925896,4132
5.53,2.0859563,3148
7.07,0.5390748,7178
5.45,2.2459774,5043
4.86,1.1150786,5043
4.66,-4.452046,5043
4.5,2.4679968,5043
4.32,2.6328192,5043
4.2,3.0843954,5043
6.16,1.7784097,7373
6.05,2.4995725,7373
6.0,-8.696527,7373
5.85,8.010262,7373
5.85,6.4128656,7373
5.77,8.820764,7373
6.86,-10.586622,15373
6.28,13.549946,15373
6.22,8.688751,15373
6.05,0.9500151,15373
6.04,3.0144053,15373
6.03,0.5830974,15373
5.84,-1.2600456,15373
5.61,2.9529757,15373
5.33,-1.2455955,15373
5.24,2.57107,15373
4.7,0.059632417,14552
8.07,3.0004034,5630
7.8,-6.126135,5630
7.52,-3.2984822,5630
4.89,-1.9232723,5630
6.75,-8.195075,15973
6.4,4.0879297,15973
6.16,7.4541693,15973
6.0,0.07183021,15973
5.4,-2.4178708,8572
5.06,0.41778594,8572
6.6,3.0406168,7124
6.5,-7.820056,7124
10.0,4.203522,13866
10.0,-4.802829,13866
10.0,-2.5463877,13866
9.52,2.3904326,13866
8.24,4.8165846,13866
8.22,11.969606,7748
7.66,0.009962459,7748
7.64,-2.480544,7748
7.6,1.3379402,7748
7.04,0.009962459,7748
7.55,7.24531,3688
7.3,-3.6842542,3688
7.32,-3.3957918,4061
7.25,-1.6918578,4061
7.21,8.703182,4061
7.03,1.9155581,4061
6.99,-7.2714453,4061
6.89,6.282908,4061
5.01,-11.970112,4061
7.41,3.1753795,6946
8.4,7.30011,1797
8.05,8.083506,1797
7.96,7.5928135,1797
7.92,5.571522,1797
7.85,7.305262,1797
7.82,-3.3503146,1797
7.82,5.975097,1797
7.55,3.1653194,1797
7.51,1.6057209,1797
7.5,2.232654,1797
7.38,1.6192597,1797
7.35,0.18296668,1797
7.26,3.5298383,1797
7.11,-1.9258643,1797
7.02,1.725931,1797
6.98,-0.2389192,1797
6.65,-1.9943597,1797
6.55,-4.0265293,1797
6.55,-2.7454977,1797
6.53,-1.7128438,1797
6.53,2.630431,1797
6.48,-0.70486546,1797
6.46,-6.040769,1797
6.33,-2.4612985,1797
6.23,-7.1410704,1797
6.22,-3.1159415,1797
6.16,-6.46369,1797
5.98,-10.717372,1797
5.8,-14.89965,1797
4.81,-9.120917,1797
4.72,-14.704846,1797
4.71,-16.779005,1797
6.52,-3.5890577,12735
6.52,-7.28555,12735
6.52,0.620176,12735
6.52,-1.2574424,12735
6.0,-3.3058207,12735
6.0,-6.847569,12735
6.0,-4.9872613,12735
6.0,-3.117142,12735
6.0,11.272657,12735
9.52,5.5745177,11653
9.4,3.4009416,11653
5.21,-3.6389077,11653
6.96,5.179675,1045
6.77,-10.025107,1045
6.55,-2.506597,1045
6.52,-5.2613187,1045
6.5,5.8064737,1045
6.48,-2.307943,1045
6.46,10.352829,1045
6.34,-3.4451964,1045
6.19,-10.43955,1045
6.18,2.6856074,1045
6.1,1.2564628,1045
6.07,7.3403935,1045
6.07,3.4699578,1045
6.03,1.833196,1045
6.0,-5.521307,1045
6.0,-14.792503,1045
5.96,-6.345434,1045
5.96,-8.821501,1045
5.96,-3.4409568,1045
5.96,-10.390366,1045
5.96,-1.0546231,1045
5.92,-10.811445,1045
5.89,-3.9885716,1045
5.85,-13.083672,1045
5.7,6.750568,1045
5.6,-4.0093703,1045
5.43,7.8616843,1045
5.33,11.050329,1045
5.0,9.828066,1045
7.55,21.27042,8145
7.29,-6.029438,8145
7.28,16.837755,8145
7.15,9.248308,8145
7.12,-3.790432,8145
7.05,-5.0462403,8145
7.0,4.158057,8145
6.77,3.137034,8145
6.57,-1.3007958,8145
6.49,-0.9978564,8145
6.43,10.09584,8145
6.17,-0.9815996,8145
6.16,-0.17568927,8145
6.11,4.303712,8145
6.07,-7.31541,8145
5.89,-0.8516225,8145
5.82,-8.340348,8145
5.75,5.4862185,8145
5.74,-0.61117566,8145
5.68,-7.3956404,8145
5.64,-7.3101206,8145
5.52,0.022166397,8145
5.31,-2.8102415,8145
5.21,-10.22517,8145
5.12,-5.076621,8145
8.52,0.7431162,2927
7.82,-5.162511,17198
7.6,-10.699876,17198
7.16,9.974408,17198
6.24,-5.579127,17198
6.06,-10.957873,17198
6.0,-0.7746631,17198
5.0,-7.5683045,11709
4.7,2.129137,11709
4.6,6.552517,11709
4.5,-6.2349777,11709
4.4,-5.903507,11709
7.7,5.4286885,17734
6.5,-0.12462774,17734
5.0,4.4243636,17734
7.42,8.254647,8090
7.36,3.926589,8090
7.34,3.5669997,8090
7.33,0.5134498,8090
7.28,9.691295,8090
7.24,-4.3446765,8090
7.03,7.9066467,8090
7.0,0.7529192,8090
6.93,-10.793784,8090
6.84,-3.4445665,8090
6.82,8.171296,8090
6.82,-10.073581,8090
6.71,-7.109187,8090
6.65,3.1108727,8090
6.65,-5.2837195,8090
6.64,-6.7991667,8090
6.64,-3.1683621,8090
6.63,-3.1179135,8090
6.6,-0.9809052,8090
6.56,-3.1683621,8090
6.56,3.926589,8090
6.55,1.0528685,8090
6.47,-6.8908606,8090
6.42,-6.8759866,8090
6.38,-5.8665323,8090
6.36,-4.535913,8090
6.3,9.80924,8090
6.3,4.368902,8090
6.26,-0.7197432,8090
6.25,-0.7197432,8090
6.24,-4.943088,8090
6.24,5.5720773,8090
6.23,-3.9585633,8090
6.23,2.2244895,8090
6.22,2.2244895,8090
6.11,-3.8945336,8090
6.09,-7.2736955,8090
6.07,4.288989,8090
6.07,-3.4445665,8090
6.07,2.1068954,8090
6.04,-3.5798008,8090
5.91,-0.11494004,8090
5.91,-3.8591275,8090
5.8,-6.000452,8090
5.79,-2.3902817,8090
5.78,-4.943088,8090
5.75,-4.535913,8090
5.74,14.319209,8090
5.74,-10.000469,8090
5.73,-5.8455234,8090
5.71,-7.468005,8090
5.7,-6.5568066,8090
5.68,-7.9817843,8090
5.66,-4.056848,8090
5.63,-1.4708723,8090
5.61,-4.8035345,8090
5.58,-3.8945336,8090
5.57,-5.8455234,8090
5.51,-2.8132677,8090
5.49,-3.0402443,8090
5.47,1.127561,8090
5.36,-8.947508,8090
5.35,-3.6852956,8090
5.33,-7.0578103,8090
5.26,-4.452842,8090
5.25,-1.4650661,8090
5.22,-9.707272,8090
5.18,-3.9585633,8090
5.17,-5.7307177,8090
5.0,-3.8331325,8090
5.0,-10.724143,8090
5.0,-4.056848,8090
5.0,-7.483149,8090
5.0,-7.483149,8090
5.0,-7.0578103,8090
5.0,0.1367192,8090
5.0,-3.860458,8090
5.0,-5.8455234,8090
5.0,-7.729076,8090
5.0,3.394717,8090
5.0,7.5028286,8090
5.0,-0.54162276,8090
5.0,-4.965633,8090
5.0,8.842525,8090
5.0,5.901918,8090
5.64,1.6644455,3485
8.4,0.8572132,15336
10.7,1.2340913,10894
6.75,0.4994682,11235
8.7,5.028982,6998
6.3,2.0979948,8622
8.8,-5.2572217,7840
8.62,5.489064,7840
8.59,4.177793,7840
8.54,2.2689538,7840
8.54,-0.11357823,7840
8.42,10.542365,7840
8.42,1.9058198,7840
8.2,4.9218717,7840
8.2,3.8823688,7840
8.07,-2.7188003,7840
8.01,1.9310273,7840
7.98,9.623641,7840
7.87,4.904347,7840
7.81,5.858676,7840
7.45,1.9558327,7840
7.4,-0.1532203,7840
7.29,6.9483027,7840
7.28,-2.4020574,7840
6.27,-0.98514915,14855
5.69,-1.0986004,7044
6.3,10.993778,7125
5.97,12.911047,7125
5.43,-3.1024919,7125
5.29,1.6149372,7125
7.7,9.834394,6035
7.7,-3.04565,6035
7.7,-7.5849237,6035
7.22,4.597859,6035
7.0,-6.978786,6035
7.0,-14.43213,6035
7.0,-4.9118304,6035
6.89,13.14834,6035
6.82,-8.154761,6035
6.82,2.4678495,6035
6.7,0.28040922,6035
6.7,-4.017217,6035
6.7,16.587513,6035
6.7,-5.408852,6035
6.7,3.843452,6035
6.7,6.659388,6035
6.7,-4.993485,6035
6.7,6.9223185,6035
6.7,-4.271931,6035
6.52,-7.8256435,6035
6.52,-14.506923,6035
6.52,7.2399187,6035
6.52,-2.3933938,6035
6.52,-4.5136447,6035
6.52,3.7226176,6035
6.47,5.8690434,6035
6.4,-10.67886,6035
6.4,-9.054545,6035
6.4,-7.7620916,6035
6.4,-0.5840624,6035
6.4,-0.023969267,6035
6.4,-2.1118617,6035
6.3,-3.8932507,6035
6.3,3.6386101,6035
6.3,-9.656043,6035
6.3,-15.6276045,6035
6.3,6.164103,6035
6.3,1.1410677,6035
6.22,-1.464776,6035
6.16,8.270276,6035
6.16,-12.961942,6035
6.16,-0.16071185,6035
6.16,9.85132,6035
6.16,-9.27884,6035
6.1,1.1199111,6035
6.1,7.218072,6035
6.1,8.270849,6035
6.05,-2.8616486,6035
6.05,-3.8455667,6035
6.05,-8.749304,6035
6.05,-2.0406637,6035
6.05,14.010807,6035
6.0,-0.11475177,6035
5.96,-12.146505,6035
5.82,-3.2635915,6035
5.8,-5.851816,6035
5.8,-4.6541395,6035
5.77,-5.0698624,6035
5.77,11.139064,6035
5.77,3.6136117,6035
5.72,9.399948,6035
5.72,-10.668041,6035
5.68,-2.0545506,6035
5.64,-6.3227644,6035
5.64,-7.2214994,6035
5.62,-6.8101907,6035
5.58,6.3039203,6035
5.57,-9.021556,6035
5.54,-10.63378,6035
5.54,-5.0560946,6035
5.54,-12.652421,6035
5.52,11.628253,6035
5.5,5.71626,6035
5.48,7.9546256,6035
5.48,-5.0004053,6035
5.46,-16.601671,6035
5.4,-9.337798,6035
5.4,0.771746,6035
5.31,-4.2756314,6035
5.3,2.9615035,6035
5.3,-14.214856,6035
6.7,10.682714,5232
6.3,-0.24170867,5232
6.3,6.4685106,5232
6.2,5.453768,5232
6.2,6.265704,5232
6.2,8.389305,5232
6.1,8.032202,5232
6.1,7.478708,5232
6.1,6.4865932,5232
6.1,7.0577126,5232
6.1,5.6646695,5232
6.0,6.7977314,5232
6.0,9.14794,5232
6.0,2.7121842,5232
5.9,6.283717,5232
5.9,5.561127,5232
5.9,5.6695156,5232
5.9,6.63042,5232
5.9,3.7810328,5232
5.8,3.458796,5232
5.8,5.465914,5232
5.7,2.2823732,5232
5.7,0.53901947,5232
5.4,-2.2023847,5232
5.2,-1.1334767,5232
4.8,-7.0883694,5232
4.6,-0.24170867,5232
4.3,-9.971664,5232
6.75,8.981453,9780
6.62,8.981453,9780
5.74,1.23948,9780
5.74,3.4463885,9780
5.7,2.0588925,9780
5.6,3.4463885,9780
5.54,1.23948,9780
5.53,3.4463885,9780
5.5,1.23948,9780
5.47,1.5554882,9780
5.37,0.98539454,9780
5.33,2.0588925,9780
5.02,-5.664808,9780
7.77,12.820708,16629
7.34,8.510343,16629
5.66,-2.8435323,16629
8.89,-8.878498,8792
8.46,-6.3089113,8792
8.35,3.4620547,8792
7.85,3.6424112,8792
7.52,6.312366,8792
7.46,5.2653203,8792
7.0,-7.350365,8792
6.76,-6.198532,8792
6.13,6.9949145,8792
6.03,6.0859637,8792
8.3,-5.620122,1297
9.15,-3.5603127,13999
9.15,-6.122487,13999
8.92,-5.248113,13999
8.89,-7.359996,13999
8.85,-11.810567,13999
8.7,-5.083419,13999
8.7,-0.7616083,13999
8.68,0.774558,13999
8.66,-9.035106,13999
8.66,-3.2023287,13999
8.62,-9.19633,13999
8.59,-3.3077993,13999
8.57,3.643922,13999
8.55,0.37022442,13999
8.55,1.8567463,13999
8.52,0.41206,13999
8.48,2.2160895,13999
8.48,-0.8071514,13999
8.47,-1.1968796,13999
8.42,-4.7332315,13999
8.42,-11.5709,13999
8.41,-0.8292192,13999
8.4,5.2396145,13999
8.35,3.425247,13999
7.89,4.979574,13999
7.82,-1.4605829,13999
7.75,0.73840183,13999
6.8,4.139681,13999
7.68,7.0986414,17515
7.68,5.634019,17515
7.66,4.24813,17515
7.58,4.970593,17515
7.58,2.2099693,17515
7.57,6.655022,17515
7.55,9.114177,17515
7.55,2.3657525,17515
7.55,4.8806486,17515
7.47,5.113935,17515
7.46,-0.18719085,17515
7.46,4.528487,17515
7.43,-0.8331633,17515
7.41,-0.6140878,17515
7.38,-0.66288114,17515
7.17,-7.615885,17515
6.0,2.143107,17515
5.7,-14.776457,17515
6.8,11.243641,11344
6.21,5.429376,11344
4.96,-7.8454404,11344
4.64,3.5094666,11344
8.4,1.7135355,7309
6.35,0.5068258,14646
7.01,-5.609145,13558
6.65,2.284887,12324
7.3,-2.2095258,16389
7.16,1.8992789,16389
7.0,9.036596,16389
7.0,3.417649,16389
6.44,-6.78984,16389
6.51,14.181998,5679
6.15,-1.3927443,5679
6.12,9.106926,5679
5.71,-3.0339365,5679
5.7,10.533057,5679
5.67,5.658597,5679
5.6,-12.794413,5679
5.59,-7.367383,5679
5.57,0.99935555,5679
5.41,2.9243512,5679
5.37,2.405157,5679
5.29,-13.17981,5679
5.25,-6.65116,5679
8.05,0.85280615,9570
5.11,-0.17533326,17536
5.75,8.370547,9081
5.64,6.656904,9081
5.55,11.057935,9081
5.51,6.5344973,9081
5.46,7.1908846,9081
5.44,6.1100764,9081
5.35,8.752082,9081
5.33,2.5430057,9081
5.33,1.173819,9081
5.23,-1.5064974,9081
5.21,2.6565807,9081
5.17,2.1938279,9081
5.17,4.1031256,9081
5.17,-5.0830545,9081
5.16,5.3231206,9081
5.12,-1.7504323,9081
5.1,-2.7754312,9081
5.09,-0.42480558,9081
5.07,-2.452423,9081
5.07,-2.3773866,9081
5.06,5.4605956,9081
5.06,-1.6297783,9081
5.05,-0.77017015,9081
5.04,3.3383875,9081
5.02,-1.4814265,9081
5.02,-1.7999443,9081
5.01,0.09618999,9081
7.5,5.7141953,11276
7.4,3.0465639,11276
7.17,5.731079,11276
7.08,5.7141953,11276
7.01,3.4765058,11276
6.94,2.3573606,11276
6.91,2.3573606,11276
6.74,3.0465639,11276
6.74,4.755808,11276
6.72,1.930573,11276
6.72,-7.1965675,11276
6.45,-1.6717306,11276
6.04,-1.6717306,11276
5.75,7.108039,11276
5.69,1.9513376,11276
5.62,2.4940934,11276
5.58,4.3688073,11276
5.54,2.4940934,11276
5.41,-12.845121,11276
4.61,1.7627512,5295
7.85,-11.22465,1700
7.77,-8.264976,1700
7.64,-1.0874766,1700
7.62,-8.243112,1700
7.6,-3.2667503,1700
7.54,-3.12744,1700
7.51,-1.8975563,1700
7.5,-7.5466137,1700
7.46,-2.5451171,1700
7.44,-2.6476953,1700
7.43,-3.8244133,1700
7.31,-6.37565,1700
7.25,-6.590541,1700
7.19,-7.655973,1700
7.18,3.4226897,1700
7.17,0.37101603,1700
7.15,-3.9651191,1700
7.03,0.27078077,1700
7.03,-8.7324915,1700
7.0,-3.2035043,1700
6.96,-7.330412,1700
6.94,-10.1305485,1700
6.92,2.2082617,1700
6.62,-0.3175159,1700
6.57,-5.8695335,1700
6.57,-11.190895,1700
6.26,-8.874514,1700
6.19,-12.440366,1700
6.14,5.254804,1700
6.0,-0.9296113,1700
4.85,-6.1327357,1700
6.51,2.7263145,14379
6.19,1.0938257,14379
6.1,-10.223885,14379
6.01,-4.407793,14379
5.95,0.1537281,14379
5.92,-6.5858164,14379
5.92,1.914155,14379
5.91,-6.2027483,14379
5.9,-0.65014726,14379
5.87,-0.5852481,14379
5.74,-7.844495,14379
5.7,2.9245253,14379
5.67,-0.65014726,14379
5.61,-0.24873492,14379
5.42,-0.65014726,14379
5.29,-0.65014726,14379
5.25,-0.65014726,14379
7.52,-0.53311604,11237
7.46,4.023521,15002
9.7,10.074486,15089
9.4,-6.995202,15089
5.46,-6.6628585,7070
5.16,7.2498956,7070
5.1,11.863193,7070
5.1,11.392928,7070
5.07,-12.086789,7070
5.05,12.022809,7070
4.92,7.043308,7070
4.89,5.9650435,7070
4.8,5.0285797,7070
4.37,-15.665964,7070
4.36,5.7532835,7070
4.22,-12.394138,7070
4.1,-8.995831,7070
3.66,-3.9065473,7070
3.58,-3.9065473,7070
2.43,-3.9065473,7070
7.33,-5.9279447,13673
8.3,0.93250144,89
7.5,1.6459705,89
7.5,1.6459705,89
7.4,0.98970115,89
7.4,-1.1556079,89
7.4,0.9659688,89
7.4,0.26607895,89
7.3,0.26607895,89
7.3,1.6459705,89
7.3,-0.18965283,89
7.2,2.4381008,89
7.1,-1.1556079,89
7.1,0.26607895,89
7.1,-1.1556079,89
6.9,1.6459705,89
5.8,-4.247415,1897
5.7,7.2444725,1897
5.7,8.757255,1897
5.5,3.0360785,1897
5.4,-2.6361513,1897
5.4,-2.0999846,1897
5.3,-3.9518,1897
5.2,-2.5599246,1897
5.1,-3.2070453,1897
5.0,-5.730603,1897
5.0,-5.5161595,1897
5.0,-7.1661935,1897
4.9,0.84353083,1897
4.8,-5.6541934,1897
4.8,-7.52625,1897
4.8,-5.2160325,1897
8.02,14.402477,1747
5.89,-1.6602336,1747
5.89,-2.1796947,1747
5.85,-2.1796947,1747
5.55,-8.156231,1747
5.39,-1.6602336,1747
4.96,-6.7363763,1747
4.33,-7.8976545,1747
4.09,-8.156231,1747
4.0,-5.7384353,1747
8.56,3.59575,1811
8.35,6.989859,12408
8.22,-0.09052936,12408
8.19,5.576522,12408
8.19,5.298913,12408
8.0,-5.5574656,12408
7.89,2.420594,12408
6.23,0.85529107,12408
5.63,5.021167,12408
6.6,-3.1645808,2817
6.45,-3.648424,2817
6.31,-6.8913183,2817
6.23,-4.750576,2817
6.06,6.761808,2817
5.95,7.4749227,2817
5.84,-4.35248,2817
5.72,5.00284,2817
8.1,8.257481,6270
8.1,13.24051,6270
7.96,12.276065,6270
7.77,10.177378,6270
7.72,-4.9865513,6270
7.57,6.0260596,6270
7.57,5.416608,6270
7.51,15.238353,6270
7.39,4.5999646,6270
7.17,7.3759465,6270
7.15,14.831914,6270
6.94,3.9368627,6270
6.83,5.698976,6270
6.8,7.037684,6270
6.66,0.053942908,6270
6.51,5.448129,6270
6.51,-2.367708,6270
6.34,-4.1744585,6270
6.2,-4.81824,6270
6.12,7.950975,6270
6.11,3.8434107,6270
5.67,-19.021618,6270
5.66,-10.461211,6270
5.53,-5.541131,6270
5.39,-0.47623092,6270
5.24,-8.499756,6270
7.6,2.6063468,1880
7.77,-0.14840779,9198
7.75,10.826689,9198
7.52,3.4084117,9198
7.38,3.257845,9198
7.3,-1.8306848,9198
7.2,-3.375833,9198
7.13,1.990558,9198
7.11,-4.9405947,9198
7.04,4.3791842,9198
6.95,-2.8904743,9198
6.92,2.4722395,9198
6.87,-0.99130464,9198
6.85,-4.361628,9198
6.82,-9.26083,9198
6.37,-4.73462,9198
6.0,7.6889153,9198
6.04,16.159702,17148
5.4,-13.075108,17148
6.6,10.295748,12044
6.51,-3.0811234,12044
6.24,-5.080845,12044
6.01,0.43784085,12044
5.77,8.141826,12044
5.43,-18.593311,12044
5.33,5.293944,12044
5.19,2.6091454,12044
5.08,5.6649895,12044
6.22,9.323887,3863
6.1,-1.2508663,3863
5.75,-10.946555,3863
7.89,1.802801,14387
7.46,4.0671525,14387
7.34,1.5493015,14387
6.0,-11.959161,14387
6.81,-1.7086385,15379
6.81,0.4725085,15379
6.61,8.686025,15379
6.48,5.0433097,15379
6.07,2.4185936,15379
5.96,3.3623333,15379
5.93,-0.41248608,15379
5.92,2.6251142,15379
5.91,-4.0660763,15379
5.83,-1.6143726,15379
5.79,-3.9162366,15379
5.77,5.9304957,15379
5.68,-3.3433206,15379
5.63,-0.5726244,15379
5.63,-0.6546201,15379
5.57,-3.6878867,15379
5.42,2.9748564,15379
5.4,-2.3148189,15379
5.4,4.3420606,15379
5.39,-1.7969072,15379
5.29,0.7224084,15379
5.16,4.5388336,15379
7.46,2.545764,11522
5.36,-1.0197406,11522
7.16,-3.9927433,11609
5.17,12.461028,10691
5.06,1.3870155,10691
4.91,-8.947377,10691
7.09,3.793985,1033
7.09,9.488984,1033
6.82,-5.653542,1033
6.22,3.7216563,7035
6.16,2.138727,7035
4.99,-0.6846021,7035
4.31,0.73263574,7035
4.3,1.8340536,7035
6.16,-0.016613405,2423
8.4,7.848386,15672
7.75,1.1536611,15672
7.42,-1.9308453,15672
8.0,3.6007626,15115
8.0,-0.068218976,15115
8.0,12.085145,15115
7.3,-2.9230611,15115
7.3,0.497383,15115
7.0,3.0438142,15115
7.0,-4.2802963,15115
7.0,-2.6423821,15115
4.96,-1.4073515,5093
7.29,8.58071,10394
6.29,-0.93147606,10394
6.01,-0.07033074,10394
5.87,-0.83487666,10394
5.8,-1.6358038,10394
5.75,-0.47415712,10394
5.55,-0.1257917,10394
7.4,2.955749,8715
7.16,6.5536804,8715
7.12,-5.1638703,8715
7.06,0.096132785,8715
6.89,5.0592527,8715
6.85,2.6741815,8715
6.77,5.368661,8715
6.75,-1.2467189,8715
6.75,-11.767143,8715
6.72,-10.57663,8715
6.55,-2.275896,8715
6.5,-3.5627267,8715
6.9,1.3021241,9714
8.1,1.3075849,7302
7.96,5.3303175,7302
7.77,6.9413004,7302
7.77,5.334576,7302
7.48,7.0534997,7302
7.42,-1.488728,7302
7.39,-1.1231576,7302
7.37,-7.0633717,7302
7.32,2.2902133,7302
6.5,-8.843349,7302
4.44,8.20892,4740
4.39,2.373185,4740
4.19,-10.115141,4740
6.47,-1.7238299,14990
7.42,2.7689211,9096
4.08,-1.2058328,1861
9.1,0.2616769,17147
8.05,12.029301,17147
7.52,-3.1807964,17147
7.1,7.0588436,17147
6.3,-8.94459,17147
6.12,2.3343863,17147
8.52,6.8751364,17061
8.3,9.903915,17061
8.22,-3.3544564,17061
8.15,7.6728134,17061
8.15,9.707716,17061
8.1,1.6367295,17061
7.92,7.4060907,17061
7.8,9.360575,17061
7.7,-4.012149,17061
7.6,1.9621701,17061
7.6,-0.2752039,17061
7.6,10.698305,17061
7.15,1.2618643,17061
6.75,-14.765166,17061
6.61,-6.4122343,17061
6.57,-5.673343,17061
6.54,-5.0716524,17061
6.11,-11.928574,17061
6.08,-10.681544,17061
6.06,-6.7440443,17061
6.04,-11.235859,17061
4.39,-1.9497094,17061
4.23,-12.129557,17061
3.96,-10.674888,17061
8.15,1.689333,6589
5.32,-7.07419,15198
5.13,-5.268494,15198
5.12,0.58015966,15198
5.07,2.3204396,15198
5.03,-3.4996774,15198
4.92,-1.2657206,15198
4.85,-7.928596,15198
4.8,0.27074832,15198
4.68,-1.987919,15198
4.66,-1.0553378,15198
4.62,-7.225478,15198
4.55,-6.9807367,15198
4.5,-3.8367012,15198
4.42,-8.450888,15198
4.36,2.1771457,15198
4.33,-2.0634656,15198
4.29,1.7187861,15198
4.17,-4.1150627,15198
4.05,-2.3163211,15198
4.0,-4.972861,15198
4.0,-5.3246684,15198
4.0,-12.273201,15198
4.0,-6.1876,15198
5.5,2.0461147,7470
5.54,0.29683965,596
7.22,-0.9324322,10495
7.1,0.07922706,10495
7.21,-6.397122,13887
7.19,-9.597558,13887
7.17,11.739936,13887
7.06,-4.95318,13887
7.05,1.6723601,13887
7.04,-0.3313655,13887
6.93,-11.27811,13887
6.92,2.804436,13887
6.79,-1.5481778,13887
6.49,-3.8036711,13887
6.36,-0.17560846,13887
6.24,-2.2811062,13887
4.62,-8.07163,13887
8.37,11.011672,8271
7.75,7.1996164,8271
7.52,5.769667,8271
7.14,1.4611578,8271
6.96,3.3522575,8271
6.74,-4.6591406,8271
6.65,-6.5478425,8271
6.65,-4.1527057,8271
6.6,-6.371508,8271
6.4,-8.567406,8271
9.7,0.18030514,10257
8.92,-0.44672102,10257
8.68,5.150669,10257
8.64,6.7560267,10257
8.46,3.1633387,10257
8.21,-1.4083751,10257
8.13,-8.159559,10257
7.91,-0.9629668,10257
7.87,-2.354488,10257
7.87,-3.4140582,10257
7.8,-3.777537,10257
7.77,0.06041075,10257
7.47,-7.7151413,10257
7.46,-4.5890536,10257
7.36,-1.9681867,10257
7.72,4.6395144,10005
6.42,0.6315701,12098
6.05,-0.77563816,9154
5.85,0.12487082,9154
5.45,-1.9340303,9154
5.31,-3.4901333,9154
5.22,8.132687,9154
5.22,2.4188516,9154
5.21,2.1051195,9154
5.15,1.5962663,9154
5.15,9.915273,9154
5.13,-6.2962165,9154
5.1,-4.5461745,9154
5.07,1.0205488,9154
5.06,-7.0255585,9154
5.05,7.347544,9154
5.04,-0.4437007,9154
5.04,4.8972683,9154
5.89,0.723037,16736
8.15,2.2307646,11815
7.92,-0.7251722,5873
8.3,7.2625775,17246
8.15,-1.7315613,17246
8.33,2.9143808,10210
7.82,-0.62653327,14374
8.52,8.368383,1775
8.05,12.489164,1775
7.96,11.157644,1775
7.89,4.8841844,1775
7.77,-4.4187346,1775
7.75,8.634713,1775
7.72,10.332386,1775
7.55,3.1519682,1775
7.47,8.668461,1775
7.42,3.0171053,1775
7.19,2.6290066,1775
7.17,1.2812034,1775
6.94,2.6130881,1775
6.92,-9.72306,1775
6.81,7.266869,1775
6.62,3.681536,1775
6.57,-0.38986474,1775
6.23,3.2109497,1775
6.19,-13.36747,1775
5.96,6.4662833,1775
5.92,0.80970633,1775
5.38,1.1622291,1775
5.0,-19.406574,1775
4.7,-6.0813074,1775
4.66,3.2375658,1775
4.33,1.2598469,1775
8.39,0.91004795,16435
8.68,-0.5453999,9806
8.4,0.440286,9806
8.34,1.8063529,7410
6.95,2.0990596,7129
6.38,7.9689837,7129
6.29,6.569081,7129
5.82,7.464347,7129
5.17,-7.0031843,7129
6.87,3.5460777,14450
7.14,0.12464711,12250
5.88,-2.3667471,1211
5.64,-2.487882,1211
7.72,5.7246847,915
7.6,5.690169,915
7.54,9.63015,915
7.52,7.3676248,915
7.44,10.392896,915
7.41,4.8777223,915
7.37,4.4192724,915
7.31,8.987293,915
7.28,5.823043,915
7.28,5.4723105,915
7.24,8.699192,915
7.2,7.821586,915
7.2,8.283642,915
7.16,7.733032,915
7.11,-6.1636424,915
7.0,7.814853,915
6.98,8.306232,915
6.92,1.0145667,915
6.81,0.89615285,915
6.76,4.6789675,915
6.66,-1.164709,915
6.43,-5.264176,915
6.34,1.1537452,915
5.96,-4.6348825,915
5.83,-8.514231,915
5.23,-13.490289,915
6.28,-8.532319,10051
5.61,-3.018916,10051
5.04,0.33965737,10051
5.26,3.2986553,17177
5.08,-12.132904,17177
4.84,-2.6350164,17177
4.77,-0.74414295,17177
4.74,-12.381706,17177
4.72,2.9673445,17177
4.62,1.9822143,17177
4.59,-7.215471,17177
4.56,-3.4148784,17177
7.0,1.708391,12031
6.53,5.323633,12031
7.75,1.19802,16774
8.7,6.209801,269
8.4,20.895357,269
7.64,12.94638,269
7.36,17.987139,269
6.96,0.30512017,269
6.62,15.902496,269
6.6,-1.5754308,269
6.51,1.0410799,269
6.34,15.013835,269
6.33,17.372917,269
6.23,10.769667,269
6.77,18.00072,17149
5.3,-0.5194722,17149
7.75,-4.92068,14894
8.22,-1.6711305,452
8.0,2.884839,452
7.82,5.134133,452
7.75,-3.2586823,452
7.62,-2.9106588,452
7.6,-6.6789994,452
7.57,4.143425,452
7.52,-7.6210585,452
7.5,-5.5372767,452
7.47,-2.107057,452
7.4,-7.600238,452
7.4,5.687035,452
7.38,3.884508,452
7.33,3.6242557,452
7.33,5.3891954,452
7.32,1.200597,452
7.32,7.4958982,452
7.27,3.1497724,452
7.23,-1.1119994,452
7.23,-4.725819,452
7.19,-7.813225,452
7.15,4.962303,452
7.14,-6.5430727,452
7.12,-7.19856,452
7.11,2.3840172,452
7.1,0.47556484,452
7.06,0.47228053,452
7.06,6.8337507,452
7.04,-2.1215954,452
7.04,6.2421865,452
6.98,-2.3218334,452
6.96,3.9325726,452
6.96,6.42332,452
6.95,5.4396152,452
6.92,-0.73857766,452
6.82,-10.504696,452
6.82,2.954578,452
6.82,4.609723,452
6.76,2.6462314,452
6.61,-8.607596,452
6.59,-1.3620337,452
6.58,-3.6183417,452
6.46,-3.4507828,452
6.45,-3.06107,452
6.43,-4.3454003,452
6.4,-22.68219,452
6.19,-7.3949656,452
6.06,-6.223988,452
5.93,-1.4551954,452
5.9,3.4583085,452
5.89,3.8575394,452
5.88,-7.1139426,452
5.77,-9.465454,452
5.75,1.6515968,452
5.75,-5.6886907,452
5.58,-0.6137112,452
5.4,-10.544252,452
5.29,-11.387645,452
5.22,-16.520384,452
5.03,-3.0779846,452
4.96,-1.4101523,452
4.71,-9.455055,452
4.52,1.8854609,452
4.3,-8.983133,452
4.8,-9.882449,11707
4.8,-6.034985,11707
4.6,6.1510396,11707
4.5,-4.0600476,11707
7.92,10.681895,12428
7.72,10.62724,12428
7.43,-3.1443083,12428
7.4,-6.415901,12428
7.33,-0.37142667,12428
7.26,7.1423883,12428
7.25,-2.005524,12428
7.25,5.4724545,12428
7.21,-10.819983,12428
7.13,1.1043513,12428
7.1,-0.8103166,12428
7.1,0.847981,12428
6.88,-5.535852,12428
6.79,-1.2607106,12428
6.54,-9.559337,12428
6.5,-4.8952003,12428
6.41,-4.2148027,12428
6.06,-13.179813,12428
5.93,-16.476034,12428
5.75,-11.632761,12428
4.08,3.467296,14311
8.05,6.356758,12048
7.92,12.8461075,12048
7.89,3.434698,12048
7.75,3.6628067,12048
7.72,2.9614124,12048
7.11,11.753128,12048
7.02,0.68305475,12048
6.69,10.820109,12048
6.56,-3.1152585,12048
6.33,-11.835019,12048
5.68,3.434698,12048
5.56,3.746116,12048
5.39,-11.075022,12048
4.7,5.0695443,12048
4.6,-3.7181966,12048
4.46,2.1872694,1798
5.89,-3.4964466,4722
8.1,-1.4620792,4452
7.92,-1.3656278,4452
7.06,-1.4061917,17200
6.85,4.8696685,17200
6.66,-1.9417973,17200
6.52,-2.6220675,17200
6.51,4.1930575,17200
6.38,-4.9390616,17200
6.34,-3.1478243,17200
6.34,7.0070777,17200
6.33,7.9659133,17200
6.05,-0.1944346,17200
6.0,-5.187768,17200
5.92,-2.786823,17200
5.75,-6.1215286,17200
5.64,2.3940551,17200
5.3,-8.646644,17200
5.1,-2.86743,17200
4.96,-8.460945,17200
4.96,-7.70286,17200
4.77,7.499363,17200
4.72,-1.8369035,17200
4.72,-13.850875,17200
4.43,-2.3993034,17200
4.4,-5.481732,17200
5.95,0.21761656,3355
7.64,-12.503121,3923
7.44,13.479857,3923
7.42,10.832899,3923
7.36,10.746338,3923
7.33,8.126691,3923
7.12,-3.9866374,3923
6.96,-9.621517,3923
7.85,4.669715,1010
7.21,-1.6899079,1010
6.41,-1.485002,1010
5.49,-3.5618637,1010
4.64,-9.22367,1010
7.92,-0.09334549,10555
5.37,0.6381639,15169
6.31,2.6551652,12594
8.4,14.480656,17902
7.05,0.7191586,17902
7.05,7.3950987,17902
7.0,-1.2357799,17902
6.22,0.8245549,17902
6.16,-6.9781394,17902
5.16,-1.31402,17902
8.7,-6.43217,17297
8.7,-15.107289,17297
8.52,3.606312,17297
8.52,-11.990735,17297
8.4,-7.607859,17297
8.3,-9.674677,17297
8.3,2.5008688,17297
8.3,-5.65226,17297
8.15,2.026588,17297
8.05,3.039053,17297
8.0,-6.801237,17297
7.92,-6.393049,17297
7.72,-11.672964,17297
7.7,-3.136672,17297
7.36,-9.356122,17297
7.35,-0.2497434,17297
7.34,3.4051013,17297
8.4,-3.7698505,10383
8.22,2.7284596,10383
8.15,-12.046612,10383
8.15,-9.491711,10383
8.15,1.9489441,10383
8.0,-0.7987796,10383
7.92,-12.106846,10383
7.92,8.010883,10383
7.92,-7.4639235,10383
7.89,-6.0233946,10383
7.85,-7.6910934,10383
7.85,-8.738749,10383
7.8,-6.4949384,10383
7.77,-8.9904375,10383
7.75,-5.412894,10383
7.7,3.9476976,10383
7.68,-1.7929286,10383
7.6,-11.010938,10383
7.58,2.5484316,10383
7.52,-6.536334,10383
7.52,-3.7545257,10383
7.52,2.311914,10383
7.5,-6.6941285,10383
7.44,1.3549293,10383
7.42,-8.259957,10383
7.34,4.2204323,10383
7.04,-9.096333,10383
6.7,-11.047439,10383
6.63,-6.415239,10383
6.38,-6.8209352,10383
6.37,4.7122874,10383
6.11,6.426621,10383
6.06,-15.63438,10383
5.96,-8.216073,10383
5.15,-13.003031,10383
5.77,-3.7957833,15278
5.75,-7.01418,15278
5.48,-2.2688138,15278
5.38,-10.597156,15278
5.33,8.297758,15278
5.28,-0.72093165,15278
5.26,7.4594717,15278
5.25,-7.0666823,15278
5.21,-2.5089984,15278
5.21,-12.891017,15278
5.16,-14.211512,15278
5.11,-9.481372,15278
5.0,-2.793199,15278
4.96,-10.854559,15278
4.92,-5.307655,15278
4.89,1.4408116,15278
4.82,-13.504951,15278
4.77,-6.120699,15278
4.76,-7.279944,15278
4.67,8.730104,15278
4.54,-8.615533,15278
4.37,-2.7485082,15278
4.33,-15.210654,15278
4.33,-5.19537,15278
4.0,-14.609691,15278
4.0,-13.620739,15278
8.52,5.1664486,7320
8.4,-0.37043506,7320
8.1,7.941436,7320
8.1,0.7930995,7320
8.05,2.3902972,7320
7.89,1.5805101,7320
7.8,5.365597,7320
7.5,2.3705776,7320
7.48,6.8812046,7320
7.46,2.2333307,7320
7.26,5.896672,7320
7.21,5.1394987,7320
6.76,4.288975,7320
5.87,-5.620081,7320
5.74,-6.0868673,7320
5.55,-5.5123653,7320
8.72,1.5404524,9470
8.44,-5.3622417,9470
8.39,-4.892128,9470
8.02,0.011435299,9470
8.0,-6.268956,9470
7.96,-2.5204444,9470
7.96,-8.079253,9470
7.96,-2.5612895,9470
7.89,-0.6391124,9470
7.85,-2.5769966,9470
7.8,2.1742613,9470
7.77,-2.443163,9470
7.72,-2.4062417,9470
7.72,-3.3775666,9470
7.66,-1.9776881,9470
7.6,-4.9371004,9470
7.58,-2.8580303,9470
7.55,-7.8850336,9470
7.54,-1.5983552,9470
7.47,-9.666002,9470
7.28,-1.1603057,9470
7.28,-6.0554523,9470
7.21,1.8149788,9470
7.18,-9.274837,9470
7.16,-12.293915,9470
7.16,6.42225,9470
7.1,-0.74874145,9470
6.96,-9.334621,9470
6.96,-2.5849879,9470
6.85,-6.4500866,9470
6.8,5.0327415,9470
6.77,-7.1084986,9470
6.58,2.094751,9470
6.57,-5.953093,9470
6.29,6.283391,9470
6.19,-2.002521,9470
6.13,-6.223693,9470
7.0,3.3064632,15974
7.77,8.072095,3382
7.52,0.20119692,3382
7.33,7.8829927,3382
7.19,-2.9313726,3382
7.14,-15.730709,3382
7.07,5.8738484,3382
6.7,-0.42620254,3382
6.44,2.5064418,3382
6.35,2.5426505,3382
6.2,4.965829,3382
5.77,1.5471197,16770
8.22,3.7676997,1194
8.15,4.5447783,1194
8.1,5.5412273,1194
8.05,-0.24750382,1194
8.05,5.456607,1194
8.05,0.23736328,1194
7.96,-10.2425995,1194
7.89,5.2423315,1194
7.75,4.296331,1194
7.68,0.17935738,1194
7.66,-0.32147664,1194
7.62,2.048505,1194
7.47,-0.08848847,1194
7.26,9.599934,1194
7.16,8.140181,1194
6.92,6.0780263,1194
6.72,0.57311285,1194
6.57,7.0159626,1194
5.46,6.8076644,1194
5.5,8.041666,574
5.44,-1.8981621,574
5.02,4.9422426,574
7.22,-2.7657795,1611
7.16,-1.4058098,1611
7.16,2.7574327,1611
7.1,-10.901057,1611
7.1,-9.755968,1611
7.1,-1.7967771,1611
7.05,-5.9167724,1611
6.96,1.2731628,1611
6.92,3.4916725,1611
6.89,-0.9012759,1611
6.85,-11.970109,1611
6.85,2.6790755,1611
6.8,-8.564601,1611
6.77,-13.15746,1611
6.72,-7.8821154,1611
6.7,-13.740659,1611
6.64,-1.85735,1611
6.62,-2.1644292,1611
6.6,-6.705124,1611
6.55,0.26033425,1611
6.52,-0.09050158,1611
6.51,2.9459085,1611
6.46,-1.8953809,1611
4.66,6.7746887,1611
4.57,3.4560397,1611
5.6,-4.062832,16628
6.19,1.1938481,2129
7.48,-9.791365,8026
5.64,9.590565,8026
5.22,0.9853706,12674
5.14,3.7994356,12674
4.85,4.4281893,12674
4.85,3.7994356,12674
4.84,4.947652,12674
4.7,-4.375263,12674
4.5,5.687483,12674
4.49,4.791213,12674
4.27,1.1890033,12674
4.16,2.0057516,12674
4.11,1.2686243,12674
4.06,3.637327,12674
8.22,1.9176793,7039
7.51,0.72099245,7039
7.47,3.2600222,7039
7.4,-2.256522,7039
7.21,6.468689,7039
7.08,0.9280803,7039
7.02,-0.6323794,7039
7.02,3.3419778,7039
6.94,0.51440847,7039
6.9,-0.31398308,7039
6.16,-2.7157938,7039
6.02,-3.2125437,7039
5.82,5.8776436,7039
5.5,8.07453,7039
6.96,3.2312918,5937
6.92,3.0835152,5937
6.71,-1.6904122,5937
8.36,2.3298807,13272
8.24,3.4199674,13272
8.72,-0.55338585,12950
7.25,-7.777493,13901
6.84,8.609076,13901
6.76,1.0352954,13901
5.96,-1.454266,13901
5.42,1.6090928,12053
8.12,1.834927,14497
9.57,3.8332386,447
8.46,9.597344,447
7.92,-0.8287946,447
7.68,-0.42160088,447
7.64,-1.0969954,447
7.11,2.2199752,447
7.09,-7.252104,447
7.08,-8.86178,447
6.96,2.024037,447
6.82,-0.47819468,447
6.68,-3.6187305,447
6.55,-7.6937523,447
6.8,-2.5534985,2468
4.54,6.4774213,2468
6.12,2.202757,1493
6.6,5.133694,15713
5.29,-0.63607615,15713
5.18,0.36527148,15713
4.93,-2.5522635,15713
4.92,1.506879,15713
4.78,2.8590975,15713
4.67,-3.1570377,15713
8.3,0.94624853,3001
7.28,0.049897697,3001
7.24,0.40595657,3001
6.78,-2.5991123,3001
6.64,-5.3644533,3001
6.39,-6.378461,3001
6.39,1.3364594,3001
5.58,1.2817544,3001
6.77,1.9681212,13903
9.0,4.718501,5769
8.7,-4.0061417,5769
8.3,10.300548,5769
8.2,1.0616633,5769
8.1,6.9820695,5769
7.4,6.982067,5769
7.1,1.2122872,5769
7.0,6.850351,5769
6.8,3.7606838,5769
6.8,1.0026156,5769
6.5,6.0691805,5769
6.5,5.1249747,5769
6.5,-1.2255778,5769
6.5,1.7357107,5769
6.4,5.5736146,5769
6.3,5.6466937,5769
6.2,2.5112257,5769
6.2,3.7906234,5769
6.2,1.702216,5769
6.2,-9.143602,5769
6.2,0.8126929,5769
6.0,6.6132307,5769
6.0,1.409806,5769
5.9,-12.117448,5769
5.8,-0.8292853,5769
5.8,2.1056926,5769
5.8,1.8987817,5769
5.8,3.4317775,5769
5.6,-0.14393203,5769
5.6,0.17867433,5769
5.6,-6.5697975,5769
5.6,1.6229442,5769
5.6,3.4568222,5769
5.5,-4.6053276,5769
5.5,-1.2878582,5769
5.5,1.0198618,5769
5.1,-0.0052099368,5769
5.1,-3.1540205,5769
5.0,-4.6812153,5769
4.9,-1.2771018,5769
4.8,0.16246814,5769
4.8,-9.573959,5769
4.6,-5.243987,5769
4.6,-6.835988,5769
8.02,-2.881099,12629
9.0,9.700426,6743
8.7,7.8877707,6743
8.7,6.6673884,6743
8.52,-0.8713627,6743
8.3,-0.053840134,6743
8.22,10.3806305,6743
8.22,8.799311,6743
8.22,4.4544177,6743
8.1,5.740878,6743
8.1,11.238927,6743
8.05,8.044372,6743
7.96,14.023735,6743
7.96,-0.79944986,6743
7.92,4.477941,6743
7.89,5.9251113,6743
7.77,12.809319,6743
7.75,4.416289,6743
7.66,11.452845,6743
7.62,3.0380907,6743
7.6,7.983555,6743
7.57,9.560571,6743
7.51,-3.5346823,6743
7.48,6.88495,6743
7.42,-7.4036603,6743
7.28,-2.0111253,6743
7.22,6.1232977,6743
6.91,10.300514,6743
6.78,2.8298402,6743
6.49,1.2042814,5876
4.89,9.801539,1102
4.25,-4.7152343,1102
8.64,-1.5775963,2382
6.45,1.175604,10595
7.21,2.764112,6797
7.66,2.223244,16668
5.35,-13.213574,3616
5.29,-15.749785,3616
5.22,-13.588807,3616
4.99,15.795354,3616
6.58,-6.1094775,16374
6.58,0.5032919,16374
6.11,-3.6292286,17162
7.54,9.562448,15297
7.47,5.479302,15297
7.46,6.874962,15297
7.46,10.766883,15297
7.37,4.420511,15297
7.32,-0.98838717,15297
7.32,6.170642,15297
7.31,4.3999143,15297
7.29,8.055769,15297
7.28,4.699197,15297
7.22,10.632439,15297
7.21,6.5572667,15297
7.2,4.973879,15297
7.17,-0.9009376,15297
7.17,3.8041549,15297
7.17,3.866065,15297
7.14,4.99462,15297
7.13,4.8261127,15297
7.12,2.279007,15297
7.12,5.5542483,15297
7.11,-3.9665082,15297
7.09,1.2722007,15297
7.08,0.57467294,15297
7.0,6.698623,15297
6.96,-1.0822355,15297
6.96,4.323767,15297
6.96,4.013862,15297
6.92,1.2674282,15297
6.92,6.9994874,15297
6.89,0.44677565,15297
6.89,-1.411314,15297
6.85,6.2725415,15297
6.85,3.8833354,15297
6.72,-2.1484861,15297
6.68,0.7935573,15297
6.64,-6.0283055,15297
6.58,-4.7651796,15297
6.54,3.8231502,15297
6.52,1.8917073,15297
6.5,1.3004875,15297
6.47,-9.350937,15297
6.38,8.94671,15297
6.35,-7.4656754,15297
6.22,6.987031,15297
6.21,2.4615982,15297
6.15,-3.099117,15297
5.89,-3.1780033,15297
5.75,0.448133,15297
5.7,2.4134276,15297
5.62,-7.3120723,15297
5.6,1.3930198,15297
5.57,2.1966302,15297
5.55,3.205498,15297
5.43,5.3081827,15297
5.26,-1.6319886,15297
5.17,-1.3827685,15297
5.1,2.8784611,15297
5.08,-8.595787,15297
5.0,2.361235,15297
4.89,-7.058595,15297
4.89,-4.2180824,15297
4.75,-7.4964447,15297
4.57,-4.515944,15297
6.15,-1.6792684,17763
6.29,0.07686682,10590
9.51,-1.0355433,6977
5.42,5.8979425,6755
8.3,2.868359,17204
8.3,1.6800812,17204
8.3,0.64985365,17204
8.22,1.1860355,17204
8.22,-0.93246233,17204
8.22,2.568814,17204
8.15,1.4378828,17204
8.15,0.73677766,17204
8.1,1.6933247,17204
8.05,3.0469005,17204
8.05,3.9515758,17204
8.05,4.235758,17204
8.0,1.888001,17204
7.96,5.0312796,17204
7.92,-0.6314657,17204
7.89,2.1588356,17204
7.6,-1.6265081,17204
7.52,-1.8632058,17204
7.43,1.6287841,17204
7.41,-4.4251447,17204
7.41,-1.1296604,17204
7.38,7.2771397,17204
7.24,-1.7419044,17204
7.23,-2.1612203,17204
7.2,-0.8714546,17204
7.19,1.0714757,17204
7.17,-1.4256629,17204
7.12,1.0742738,17204
6.89,0.19242597,17204
6.57,-0.94115686,17204
8.14,5.9156766,8158
6.85,-2.9663868,8158
5.61,-9.578505,8158
5.19,1.576576,6807
7.25,-0.40399095,3859
5.6,3.461663,3859
5.36,0.22444756,13489
5.58,-2.458275,17639
8.6,9.950771,696
8.47,-5.111394,696
8.24,9.874517,696
8.1,10.92925,696
7.82,13.637537,696
7.8,14.7462225,696
7.75,13.637537,696
7.75,11.003486,696
7.66,5.9350047,696
7.58,12.095942,696
7.57,12.49515,696
7.55,5.159697,696
7.54,12.095942,696
7.48,6.381733,696
7.37,-0.5286097,696
7.35,10.373494,696
7.25,9.848791,696
7.25,11.425399,696
7.21,-0.80570173,696
7.17,-6.157018,696
7.11,-1.5239573,696
7.09,2.2825212,696
7.03,0.39663732,696
6.92,4.6031203,696
6.92,4.792389,696
6.92,0.40334937,696
6.92,4.792389,696
6.92,8.302888,696
6.85,1.2704889,696
6.75,1.3077065,696
6.7,-2.7662258,696
6.7,1.2717046,696
6.66,-1.7442101,696
6.62,-0.56592774,696
6.62,-1.303858,696
6.6,-6.7997203,696
6.6,2.363818,696
6.58,3.8894422,696
6.57,6.4547424,696
6.54,-0.5061152,696
6.51,-2.5854301,696
6.41,-0.100354806,696
6.39,-6.5829525,696
6.16,-8.439951,696
6.12,-5.7636495,696
6.03,-4.738633,696
5.89,-4.738632,696
5.7,-6.2726336,696
5.13,-0.67662436,1704
4.46,1.6019005,10665
9.49,7.0816736,871
9.19,6.6197495,871
9.08,9.344396,871
8.96,5.342113,871
8.92,-6.8785167,871
8.89,10.691938,871
8.85,3.7370467,871
8.82,-0.48679367,871
8.82,4.5018907,871
8.82,6.0367203,871
8.72,-0.157378,871
8.68,4.1637545,871
8.55,2.6674297,871
8.54,2.0126383,871
8.49,4.9039083,871
8.44,1.3046829,871
8.4,-5.8438272,871
8.39,-0.6959533,871
8.38,1.2904452,871
8.37,1.146151,871
8.33,1.3340129,871
8.31,4.6800513,871
8.31,0.40259847,871
8.28,3.6228404,871
8.26,1.4879332,871
8.21,-2.047896,871
8.0,-1.5889043,871
7.85,0.18056886,871
7.85,-6.1880093,871
7.51,-4.4186964,871
7.25,-15.629252,871
9.59,2.3112268,12143
8.0,-0.8543569,7007
7.23,-3.8317337,10772
6.63,2.9857876,2490
8.52,-1.0796815,6680
6.57,6.898868,6680
6.51,-4.541478,6680
6.46,-2.0181437,6680
6.32,-4.934718,6680
6.31,2.8878365,6680
6.26,-6.912143,6680
6.17,-5.7895036,6680
6.17,-4.453811,6680
6.14,-6.7550983,6680
6.75,4.318461,5330
6.71,3.0883055,5330
6.54,2.0089812,5330
6.2,0.8735456,5330
6.1,-1.0652391,5330
5.88,3.978749,5330
5.62,5.956278,5330
5.49,-1.0652393,5330
8.1,2.886598,13271
7.88,0.21534202,13271
8.6,11.365095,14112
5.95,-8.595047,14112
8.62,3.7839072,8854
5.58,1.4580046,15409
6.73,2.0877945,13194
5.07,-0.032010105,10757
9.7,1.4023008,12343
9.6,-1.4490308,12343
9.6,2.0499318,12343
9.5,-3.2706132,12343
9.2,-0.62248856,12343
9.2,-1.4490308,12343
8.9,10.444635,12343
8.9,6.844628,12343
8.8,1.6756614,12343
8.8,-4.958933,12343
8.7,1.9031533,12343
8.6,7.8913465,12343
8.2,6.681938,12343
8.0,-3.2828457,12343
7.9,10.16929,12343
7.8,1.4292643,12343
7.6,8.246948,12343
7.5,-2.7928958,12343
7.5,6.483824,12343
7.3,11.521998,12343
7.2,9.286022,12343
7.1,-9.726921,12343
7.0,6.8843675,12343
6.7,1.4292643,12343
6.6,-1.8206272,12343
6.4,3.2418675,12343
6.1,1.1152861,12343
6.1,1.2406863,12343
5.3,-1.9262208,12343
5.3,-2.2528625,12343
6.9,4.567339,9392
6.79,-7.0410376,9392
8.31,-1.8192897,10813
7.7,2.784372,6951
7.7,-0.9845839,6951
7.1,1.3464841,238
5.9,1.2061963,11287
7.96,7.655286,15424
7.96,6.5873027,15424
7.96,7.7141323,15424
7.68,3.0113635,15424
7.51,4.3207827,15424
7.36,-0.83483124,15424
7.25,-5.1195493,15424
7.03,-4.9957004,15424
6.91,-14.3241,15424
6.84,-12.029342,15424
5.05,-3.1778114,4016
7.66,13.729966,16809
7.66,12.96342,16809
7.34,11.599081,16809
7.17,-1.3716637,16809
7.16,4.089265,16809
6.96,3.207496,16809
6.86,-2.5972383,16809
6.78,-5.688601,16809
6.52,-5.879598,16809
6.51,-8.217278,16809
6.32,-4.487908,16809
6.21,-3.8085155,16809
5.85,-9.141846,16809
5.75,-2.4938743,16809
5.54,-15.395218,16809
6.6,1.2618834,13692
7.86,4.2158723,9810
7.74,-4.443668,9810
8.22,-0.23259439,9579
6.88,1.3680371,6138
8.28,-0.7714586,11853
7.66,3.2373328,11853
7.58,4.267665,11853
7.41,-2.0242393,11853
6.8,-4.266372,11853
6.76,4.061079,11853
6.28,4.680909,11853
6.25,-3.1705992,11853
6.23,8.005963,11853
5.76,-4.056226,11853
5.68,6.052176,11853
5.22,5.30751,11853
7.36,9.233142,147
7.28,13.930167,147
7.14,10.31879,147
7.06,14.403163,147
6.92,4.1930466,147
6.8,4.2285614,147
6.64,2.902743,147
6.36,-2.119381,147
6.3,-1.4932424,147
6.23,1.0083963,147
6.19,-2.753105,147
6.16,5.8252544,147
6.1,8.759926,147
6.09,-7.1983223,147
6.06,13.650409,147
6.0,9.219997,147
5.96,-3.3703961,147
5.85,0.20302919,147
5.82,-1.5694221,147
5.77,-16.4295,147
5.57,-6.3890724,147
5.36,-10.950684,147
5.36,-4.5370474,147
5.3,-7.6095753,147
5.22,-13.8405285,147
5.12,-11.237512,147
5.12,-4.678514,147
5.02,-1.9134312,147
5.0,10.111635,147
4.96,-17.76454,147
4.92,-7.027581,147
4.89,-7.80722,147
4.82,-12.713205,147
4.8,0.338131,147
4.75,-8.161712,147
4.7,-8.298785,147
8.3,12.485952,15719
4.0,-10.832012,15719
3.72,-4.866305,15719
7.54,5.98455,16318
7.46,2.6935208,16318
7.43,4.8205304,16318
7.42,2.007917,16318
7.42,6.5084205,16318
7.27,4.328743,16318
7.2,5.4946003,16318
7.2,0.50923556,16318
7.14,5.850911,16318
7.03,4.2037835,16318
6.94,4.479802,16318
6.93,5.507226,16318
6.92,2.3395433,16318
6.9,5.13395,16318
6.74,6.5872416,16318
6.67,0.06835809,16318
6.66,-0.7696637,16318
6.63,-8.02865,16318
6.63,5.8038287,16318
6.63,-2.8361833,16318
6.62,8.444933,16318
6.58,5.229944,16318
6.56,7.2972183,16318
6.53,4.9742494,16318
6.5,0.58699316,16318
6.49,7.6184664,16318
6.48,1.0653723,16318
6.47,0.7687559,16318
6.47,7.064326,16318
6.46,4.4858127,16318
6.44,5.756078,16318
6.4,6.5513463,16318
6.38,2.869169,16318
6.36,6.269203,16318
6.3,6.534632,16318
6.29,1.4601338,16318
6.26,6.679675,16318
6.2,2.885277,16318
6.2,3.0587752,16318
6.14,5.137574,16318
6.14,1.2126564,16318
6.08,-7.5421367,16318
6.05,6.676783,16318
6.01,1.2089499,16318
5.88,1.9638989,16318
5.82,3.2186944,16318
5.82,-1.7033769,16318
5.82,0.97453,16318
5.74,2.3111212,16318
5.57,-0.5074965,16318
5.55,-4.8032613,16318
5.55,0.60157585,16318
5.55,1.1657983,16318
5.49,-4.31177,16318
5.46,-0.02642719,16318
5.39,3.5336795,16318
5.39,3.7490463,16318
5.3,3.122752,16318
5.29,-3.5781,16318
5.24,1.4948275,16318
5.19,0.2895701,16318
5.13,-0.7730139,16318
5.12,6.7652383,16318
9.4,2.5474694,9134
9.28,0.31614178,9134
8.96,3.7631738,9134
8.92,-1.1666727,9134
9.44,8.673035,6325
9.39,9.944606,6325
9.12,4.80689,6325
8.96,6.392341,6325
8.96,3.1789458,6325
8.92,5.7371273,6325
8.89,13.593627,6325
8.82,7.8294983,6325
8.7,-1.0287185,6325
8.66,3.9063978,6325
8.6,8.582529,6325
8.59,10.049742,6325
8.59,9.767893,6325
8.59,7.017291,6325
8.59,6.3333793,6325
8.57,10.029315,6325
8.55,6.50211,6325
8.55,6.924165,6325
8.54,10.84561,6325
8.52,10.400553,6325
8.51,7.3469586,6325
8.51,10.652799,6325
8.51,9.632417,6325
8.48,8.874022,6325
8.46,0.95863247,6325
8.44,11.0042515,6325
8.43,8.341767,6325
8.42,8.303316,6325
8.41,2.282231,6325
8.38,10.358942,6325
8.37,4.500468,6325
8.36,11.466207,6325
8.36,11.055176,6325
8.36,-7.443494,6325
8.34,11.451309,6325
8.34,-0.9453233,6325
8.32,-6.9122577,6325
8.32,6.6441574,6325
8.32,-1.0287185,6325
8.31,4.461093,6325
8.31,7.7099676,6325
8.3,4.5229115,6325
8.29,9.148063,6325
8.29,10.289382,6325
8.29,8.238592,6325
8.29,4.7242494,6325
8.28,10.812292,6325
8.28,11.4295845,6325
8.25,10.968917,6325
8.24,8.303316,6325
8.24,6.3108315,6325
8.24,9.973508,6325
8.24,-0.31466225,6325
8.23,9.786515,6325
8.21,3.3869774,6325
8.21,9.721111,6325
8.2,9.966169,6325
8.19,1.9212555,6325
8.19,-2.4498577,6325
8.19,9.804125,6325
8.18,9.526385,6325
8.17,8.876994,6325
8.16,6.899157,6325
8.15,10.124935,6325
8.15,6.7791033,6325
8.15,-5.0078955,6325
8.14,4.182765,6325
8.12,8.138608,6325
8.1,7.973197,6325
8.1,9.230712,6325
8.1,-2.0488024,6325
8.1,5.8692107,6325
8.1,10.289381,6325
8.09,6.7928605,6325
8.06,2.697423,6325
8.06,8.001233,6325
8.05,-3.7342494,6325
8.05,7.5503325,6325
8.04,12.19886,6325
8.01,6.458856,6325
8.0,11.812348,6325
8.0,6.711083,6325
8.0,4.6001196,6325
8.0,11.099241,6325
8.0,8.294342,6325
8.0,7.8294983,6325
7.96,10.154386,6325
7.96,5.816648,6325
7.96,5.527843,6325
7.96,-1.038008,6325
7.96,6.3723993,6325
7.96,7.899634,6325
7.96,-9.815816,6325
7.96,9.763359,6325
7.96,10.724915,6325
7.95,9.008911,6325
7.94,9.54284,6325
7.92,8.334407,6325
7.92,6.8180842,6325
7.92,-0.62381494,6325
7.92,9.991029,6325
7.92,6.6441574,6325
7.92,9.864782,6325
7.92,10.985687,6325
7.92,-8.441914,6325
7.91,12.859623,6325
7.89,7.2099266,6325
7.89,-8.666733,6325
7.89,-15.190484,6325
7.89,10.724914,6325
7.89,10.950656,6325
7.89,6.5129213,6325
7.88,13.234345,6325
7.88,7.599827,6325
7.87,-4.462277,6325
7.85,-0.6907719,6325
7.85,-11.235694,6325
7.85,7.202139,6325
7.85,8.334405,6325
7.85,10.124935,6325
7.85,11.544507,6325
7.82,-7.85408,6325
7.82,7.1302567,6325
7.82,9.008911,6325
7.82,4.6137075,6325
7.8,6.6764812,6325
7.8,10.154386,6325
7.8,-3.592557,6325
7.8,5.418042,6325
7.8,-2.7621992,6325
7.8,4.5974154,6325
7.8,7.426225,6325
7.8,7.452309,6325
7.8,9.513595,6325
7.8,12.231379,6325
7.8,-10.521941,6325
7.8,5.338463,6325
7.8,6.4264507,6325
7.79,11.758272,6325
7.78,8.16455,6325
7.77,2.9088335,6325
7.77,8.595266,6325
7.77,6.864917,6325
7.77,-1.4763031,6325
7.75,7.663438,6325
7.75,5.8616695,6325
7.75,7.3513746,6325
7.72,1.2914404,6325
7.72,10.944708,6325
7.71,8.669721,6325
7.71,9.54284,6325
7.7,6.12114,6325
7.7,-7.034928,6325
7.7,11.069173,6325
7.69,0.29025,6325
7.68,6.678485,6325
7.68,-0.7008245,6325
7.68,12.387848,6325
7.68,0.055619802,6325
7.68,7.122698,6325
7.68,-5.3328295,6325
7.68,-4.470372,6325
7.66,10.052975,6325
7.66,2.375728,6325
7.66,4.457891,6325
7.66,0.13535231,6325
7.64,-5.740476,6325
7.64,4.4112663,6325
7.62,8.316055,6325
7.62,7.599827,6325
7.62,1.2465652,6325
7.62,6.12114,6325
7.61,6.807446,6325
7.6,2.4432614,6325
7.6,0.7869886,6325
7.58,-10.581324,6325
7.58,5.4619737,6325
7.58,-4.7058005,6325
7.58,7.8324013,6325
7.58,6.5125375,6325
7.58,9.513594,6325
7.57,-10.415067,6325
7.57,-4.3629794,6325
7.57,4.2832656,6325
7.57,11.488283,6325
7.57,5.8712273,6325
7.55,9.338402,6325
7.55,2.1508672,6325
7.54,-2.8713408,6325
7.52,2.3631065,6325
7.52,-10.999729,6325
7.52,7.663437,6325
7.52,8.09273,6325
7.51,9.63476,6325
7.51,-1.855477,6325
7.48,8.464335,6325
7.48,4.9741344,6325
7.47,11.544508,6325
7.47,6.5046206,6325
7.47,3.1758482,6325
7.46,1.4813311,6325
7.44,5.338463,6325
7.43,5.366232,6325
7.42,-5.9352007,6325
7.42,3.0926864,6325
7.42,6.9775524,6325
7.41,2.3223598,6325
7.4,7.256872,6325
7.4,7.256872,6325
7.4,4.891247,6325
7.39,7.599827,6325
7.38,-9.9462185,6325
7.33,-0.31196848,6325
7.32,2.3545523,6325
7.32,10.227994,6325
7.31,-7.465247,6325
7.3,-9.995032,6325
7.28,1.9798299,6325
7.28,-9.150771,6325
7.24,3.0319834,6325
7.24,-17.384657,6325
7.23,-8.959666,6325
7.22,3.0321944,6325
7.22,9.9803,6325
7.21,-0.31466225,6325
7.14,9.9509115,6325
7.11,-15.200072,6325
7.07,2.3167665,6325
7.04,3.4523437,6325
7.0,7.8560348,6325
7.0,4.5725203,6325
6.99,-11.499496,6325
6.99,-9.682658,6325
6.98,-5.1310945,6325
6.96,0.14527926,6325
6.96,-4.362979,6325
6.95,3.8498297,6325
6.95,-5.3941517,6325
6.89,-13.227256,6325
6.88,-3.7981818,6325
6.83,-10.330868,6325
6.82,-19.387396,6325
6.75,-10.3878975,6325
6.75,-9.076995,6325
6.66,3.2930152,6325
6.59,-4.681547,6325
6.56,-19.348375,6325
6.5,-15.720428,6325
6.47,-7.7971997,6325
6.46,3.4545739,6325
6.44,-3.9477,6325
6.43,-14.603243,6325
6.42,4.148988,6325
6.4,-13.9106655,6325
6.4,3.2244995,6325
6.39,-6.386556,6325
6.3,-18.235022,6325
6.28,-16.668785,6325
6.23,-14.256651,6325
6.1,-7.2760663,6325
6.08,-20.00301,6325
6.07,-3.9371994,6325
5.82,-10.745644,6325
5.0,-7.244163,6325
5.0,0.6570745,6325
9.4,0.81396204,12977
9.0,0.9791699,12977
7.28,0.53050643,1516
6.73,4.309962,1516
7.75,1.2958833,9323
7.92,-14.245866,3237
7.92,-5.435656,3237
7.77,-1.1567442,3237
7.36,-7.7577615,3237
7.36,-2.592033,3237
7.35,3.5666614,3237
7.35,0.017600313,3237
7.33,-5.435656,3237
7.31,0.4073085,3237
7.27,2.0038028,3237
7.04,-2.173962,3237
5.39,3.931907,5911
7.24,-2.007438,8187
7.19,10.223475,8187
7.17,1.5660666,8187
7.17,-3.232775,8187
7.14,4.7972717,8187
7.04,-4.8441954,8187
6.81,4.767715,8187
6.81,5.771686,8187
6.71,6.692254,8187
6.66,5.771686,8187
6.45,1.9188159,8187
6.38,3.3405588,8187
6.37,3.8570647,8187
6.25,1.6930919,8187
6.24,3.6789362,8187
6.24,-9.077076,8187
6.2,2.1609023,8187
6.12,2.5949697,8187
5.93,-6.1093793,8187
5.92,3.5881906,8187
5.87,-0.072003566,8187
5.82,4.2709475,8187
5.79,-2.675784,8187
5.78,-2.8093355,8187
5.36,-8.269263,8187
5.6,-1.8241649,321
6.7,3.40601,3930
6.7,6.1764803,3930
6.52,-4.6106186,3930
6.52,-10.071227,3930
6.46,-10.215098,3930
6.46,0.9858139,3930
6.3,0.368497,3930
6.3,1.5406456,3930
6.3,-5.2634144,3930
6.3,-2.2829854,3930
6.3,3.3236737,3930
6.3,4.3188324,3930
6.19,-1.7679697,3930
6.19,-4.038747,3930
6.12,-7.674766,3930
6.12,-4.27921,3930
6.12,-2.0217166,3930
6.1,-0.7493542,3930
6.0,3.8298156,3930
6.0,-1.8511903,3930
5.9,-6.698982,3930
5.75,-2.0933425,3930
5.75,2.954303,3930
5.7,1.8233641,3930
5.6,-6.6457562,3930
5.55,5.157799,3930
5.52,-11.07638,3930
5.52,-7.4228144,3930
5.41,-1.9085784,3930
6.47,2.7989006,4464
5.85,-1.9767516,17815
7.92,-3.6150155,11594
9.96,10.32494,7103
9.46,7.6115522,7103
9.4,9.205613,7103
9.33,14.3902,7103
9.12,8.917149,7103
8.88,11.157444,7103
8.85,10.623535,7103
8.72,9.55887,7103
8.71,7.0126266,7103
8.49,6.6881623,7103
8.21,7.6391554,7103
8.21,8.2604685,7103
8.09,2.557115,7103
8.06,3.807108,7103
7.89,6.133377,7103
7.76,2.1774642,7103
7.69,3.7127583,7103
7.69,3.0620613,7103
7.66,3.6500218,7103
7.6,3.8209167,7103
7.57,6.9583545,7103
7.57,2.839833,7103
7.5,4.292495,7103
7.49,5.7104344,7103
7.44,9.758417,7103
7.41,2.8486288,7103
7.37,1.4752492,7103
7.36,4.5576854,7103
7.35,4.7899227,7103
7.33,2.0026171,7103
7.29,1.0699928,7103
7.29,-0.86766624,7103
7.29,2.3465793,7103
7.22,6.3674016,7103
7.11,1.0068867,7103
7.09,-0.6332293,7103
7.06,0.5362553,7103
7.01,-2.7464023,7103
7.0,1.6511977,7103
6.99,0.56250006,7103
6.93,-0.72401094,7103
6.9,-2.8892791,7103
6.89,1.5425014,7103
6.86,3.6938875,7103
6.84,0.65240145,7103
6.84,-0.38656265,7103
6.69,0.54099286,7103
6.36,-5.8155093,7103
7.55,0.9531423,9474
6.98,-3.81621,15061
6.15,-1.6665661,16850
7.3,-0.59298414,7609
7.3,1.1798223,7609
7.3,6.472003,7609
7.3,6.909551,7609
7.3,5.006123,7609
7.3,10.038751,7609
7.3,3.1965532,7609
7.3,3.2742555,7609
7.3,-18.607887,7609
7.3,4.1944103,7609
7.3,6.6336007,7609
7.3,-17.015612,7609
7.3,-12.890628,7609
7.3,8.575153,7609
7.3,-4.849038,7609
7.3,-6.1320515,7609
7.3,-5.058033,7609
7.3,9.657023,7609
7.3,-6.2770233,7609
7.3,6.3032455,7609
7.3,-3.5468655,7609
7.3,-4.674412,7609
7.3,4.893219,7609
7.3,-7.080273,7609
7.3,2.8619084,7609
7.3,3.7092397,7609
7.3,10.00321,7609
7.3,3.2036242,7609
7.3,3.5969956,7609
7.3,2.4267423,7609
7.3,2.585071,7609
7.3,-8.927225,7609
7.3,7.472392,7609
7.3,9.967546,7609
7.3,4.8133297,7609
7.3,-1.879732,7609
7.3,0.5425785,7609
7.3,-8.4152775,7609
7.3,-5.025686,7609
7.3,4.153119,7609
7.3,6.178804,7609
7.3,4.656956,7609
7.3,1.2629949,7609
7.3,0.34298086,7609
7.3,-7.4843793,7609
7.3,10.446217,7609
7.3,6.808645,7609
7.3,4.244371,7609
7.3,-6.008581,7609
7.3,8.40425,7609
7.3,-3.62576,7609
7.3,2.6520524,7609
7.3,-1.7037297,7609
7.3,3.9254434,7609
7.3,3.9652216,7609
7.3,7.2870975,7609
7.3,6.9536204,7609
7.3,3.3544762,7609
7.3,-0.15918367,7609
7.3,4.156322,7609
7.3,-5.342363,7609
7.3,3.3784678,7609
7.3,-5.2558722,7609
7.3,5.7470717,7609
7.3,-3.1349664,7609
7.3,-1.4080336,7609
7.3,0.74627095,7609
7.3,-8.647225,7609
7.3,1.3288441,7609
7.3,7.8272266,7609
7.3,4.8752937,7609
7.3,-0.55681056,7609
7.3,-1.7621485,7609
7.3,4.875292,7609
7.3,3.002362,7609
7.3,9.218643,7609
7.3,-0.035953466,7609
7.3,2.6391242,7609
7.3,9.240192,7609
7.3,10.891454,7609
7.3,3.9805906,7609
7.3,-15.054852,7609
7.3,3.5448105,7609
7.3,0.014808276,7609
7.3,-3.6853657,7609
7.3,-3.4054697,7609
7.3,-1.8123385,7609
7.3,-10.559018,7609
7.3,5.3880415,7609
7.3,6.423942,7609
7.3,7.5205874,7609
7.3,5.5013027,7609
7.3,7.9117293,7609
7.3,6.662164,7609
7.3,-1.1675129,7609
7.3,6.231361,7609
7.3,-16.408363,7609
7.3,7.361921,7609
7.3,-10.087112,7609
7.3,11.080905,7609
7.3,8.262864,7609
7.3,6.9909782,7609
7.3,-2.9277651,7609
7.3,7.3376675,7609
7.3,1.9485708,7609
7.3,6.263743,7609
7.3,-2.3379748,7609
7.3,1.201783,7609
7.3,6.0803013,7609
7.3,-15.481835,7609
7.3,8.174067,7609
7.3,5.903724,7609
7.3,7.149772,7609
7.3,-9.0624895,7609
7.3,9.637941,7609
7.3,-9.558581,7609
7.3,1.6950276,7609
7.3,0.7540073,7609
7.3,-6.857418,7609
7.3,5.9754157,7609
7.3,-5.056926,7609
7.3,-12.250332,7609
7.3,-19.45043,7609
7.3,-8.867876,7609
7.3,-13.127706,7609
7.3,2.2475793,7609
7.3,-19.705761,7609
7.3,2.2362242,7609
7.3,2.2731757,7609
7.3,6.9457216,7609
7.3,-17.04764,7609
7.3,2.8084261,7609
7.3,-18.487684,7609
7.3,10.035707,7609
7.3,9.679418,7609
7.3,-18.622526,7609
7.3,7.3143983,7609
7.3,8.312437,7609
7.3,4.8965454,7609
7.3,10.614599,7609
7.3,5.447731,7609
7.3,7.384511,7609
7.3,-0.434269,7609
7.3,-3.791477,7609
7.3,3.3376896,7609
7.3,0.0016544508,7609
7.3,0.48432752,7609
7.3,4.1347528,7609
7.3,-0.315933,7609
7.3,4.3503222,7609
7.3,-18.446653,7609
7.3,-7.624323,7609
7.3,6.095445,7609
7.3,4.7594776,7609
7.3,11.252345,7609
7.3,10.98897,7609
7.3,12.228499,7609
7.3,7.3627152,7609
7.3,2.874789,7609
7.3,-7.9486337,7609
7.3,-3.7689142,7609
7.3,4.5730295,7609
7.3,-7.1910744,7609
7.3,10.016443,7609
7.3,0.80518633,7609
7.3,13.678684,7609
7.3,-2.484538,7609
7.3,-4.7003193,7609
7.3,-2.492046,7609
7.3,7.8045244,7609
7.3,-6.778018,7609
7.3,11.718563,7609
7.3,14.13556,7609
7.3,-3.4005904,7609
7.3,0.5309791,7609
7.3,-0.54801655,7609
7.3,5.4896436,7609
7.3,8.338877,7609
7.3,2.1511953,7609
7.3,4.739753,7609
7.3,7.837524,7609
7.3,-2.459764,7609
7.3,13.582231,7609
7.3,14.301316,7609
7.3,6.4385886,7609
7.3,6.666665,7609
7.3,4.958465,7609
7.3,10.436916,7609
7.3,11.246077,7609
7.3,7.798835,7609
7.3,7.7244062,7609
7.3,7.936696,7609
7.3,5.9601727,7609
7.3,2.9995062,7609
7.3,5.309042,7609
7.3,8.481479,7609
7.3,10.307784,7609
7.3,5.62455,7609
6.3,7.517244,7609
6.3,-3.2520697,7609
6.3,9.692915,7609
6.3,5.0199456,7609
6.3,4.5234833,7609
6.3,6.9123907,7609
6.3,4.017351,7609
6.3,11.407753,7609
6.3,0.39112192,7609
6.3,-2.4768069,7609
6.3,5.1755114,7609
6.3,8.583552,7609
6.3,2.44524,7609
6.3,-4.5755677,7609
6.3,12.627287,7609
6.3,2.3787773,7609
6.3,6.5242977,7609
6.3,13.75915,7609
6.3,-13.783935,7609
6.3,0.40828452,7609
6.3,0.9275416,7609
6.3,-4.6762886,7609
6.3,3.0639918,7609
6.3,3.259738,7609
6.3,9.2098875,7609
6.3,2.7361891,7609
6.3,0.013197199,7609
6.3,12.117903,7609
6.3,7.429201,7609
6.3,4.178617,7609
6.3,7.199747,7609
6.3,7.4982147,7609
6.3,0.3033401,7609
6.3,8.661535,7609
6.3,1.7406007,7609
6.3,6.996427,7609
6.3,9.5164385,7609
6.3,4.476266,7609
6.3,0.09422453,7609
6.3,-4.369535,7609
6.3,-16.127165,7609
6.3,7.517444,7609
6.3,2.5480664,7609
6.3,-11.237033,7609
6.3,-3.5358567,7609
6.3,-11.874584,7609
6.3,1.1077832,7609
6.3,-0.7763986,7609
6.3,-4.6865683,7609
6.3,7.9775887,7609
6.3,1.3787847,7609
6.3,5.967573,7609
6.3,-17.871332,7609
6.3,-15.52637,7609
6.3,4.631988,7609
6.3,3.2742555,7609
6.3,0.78054476,7609
6.3,-20.434294,7609
6.3,1.1735997,7609
6.3,9.787458,7609
6.3,-9.558583,7609
6.3,0.68606776,7609
6.3,8.737538,7609
6.3,-8.926807,7609
6.3,-12.77472,7609
6.3,-10.978129,7609
6.3,4.0713644,7609
6.3,-9.1250925,7609
6.3,0.7411442,7609
6.3,-7.032934,7609
6.3,1.0614445,7609
6.3,-8.685454,7609
6.3,5.2442074,7609
6.3,-15.895079,7609
6.3,-14.296083,7609
6.3,-6.2128563,7609
6.3,-18.39002,7609
6.3,-20.15033,7609
6.3,-2.4679554,7609
6.3,-5.3772154,7609
6.3,-4.788417,7609
6.3,8.060367,7609
6.3,-3.899591,7609
6.3,9.478358,7609
6.3,-12.674484,7609
6.3,5.7950177,7609
6.3,4.2702417,7609
6.3,-4.9362617,7609
6.3,-10.189763,7609
6.3,-2.8202055,7609
6.3,-1.9018335,7609
6.3,3.2742555,7609
6.3,4.63207,7609
6.3,6.627926,7609
6.3,-17.376156,7609
6.3,0.11639692,7609
6.3,2.2747982,7609
6.3,10.509447,7609
6.3,12.832528,7609
6.3,3.6652632,7609
6.3,8.111696,7609
6.3,2.4849894,7609
6.3,9.559678,7609
6.3,-2.9294002,7609
6.3,7.420996,7609
6.3,7.708183,7609
6.3,-4.793892,7609
6.3,11.275297,7609
6.3,-3.6693711,7609
6.3,-10.821474,7609
6.3,1.6932732,7609
7.39,-8.946047,12337
6.57,2.3812206,12337
4.42,3.3229592,11466
10.0,-1.4978743,8932
9.89,5.479495,8932
9.78,-0.9936805,8932
9.57,4.6999025,8932
9.49,4.923425,8932
9.47,-2.1622527,8932
9.42,-4.0785255,8932
9.36,1.1536044,8932
9.33,5.155861,8932
9.24,2.2924147,8932
9.23,-6.7331295,8932
9.21,-6.0697722,8932
9.02,1.8384298,8932
8.99,0.50220615,8932
8.98,1.5464287,8932
8.86,-6.090357,8932
8.81,-3.2670705,8932
8.69,-1.1731441,8932
8.64,0.11787693,8932
8.59,0.0012905365,8932
8.5,-0.48230934,8932
8.45,-1.1759729,8932
8.42,-8.421117,8932
8.31,1.4782871,8932
8.27,2.1665373,8932
8.21,3.7902544,8932
8.12,-1.8364726,8932
7.81,8.887373,8932
7.77,-2.421905,8932
7.37,-2.6664488,8932
7.37,-6.551102,8932
7.01,-0.6598225,8932
6.71,2.094869,8932
9.24,3.8309386,13578
5.5,4.8143063,706
5.37,2.4245582,706
5.07,0.5268246,706
7.19,-8.321449,13886
6.93,-6.7241173,13886
6.87,-3.1621568,13886
6.8,14.639065,13886
6.73,-4.1526213,13886
6.6,4.1506586,13886
6.52,2.0921452,13886
6.49,-4.0206537,13886
6.33,2.781776,13886
6.29,-11.34158,13886
6.0,1.3190061,13886
5.74,-1.0651203,13886
4.45,-8.624551,13886
9.0,7.854194,6092
8.7,8.8994465,6092
8.7,5.825535,6092
8.7,7.3468733,6092
8.7,9.319836,6092
8.7,7.513889,6092
8.64,4.53311,6092
8.52,5.51538,6092
8.52,6.609851,6092
8.52,6.057665,6092
8.52,5.8733597,6092
8.52,6.0183787,6092
8.52,6.704785,6092
8.52,6.292153,6092
8.52,6.915094,6092
8.52,5.80242,6092
8.52,6.2091374,6092
8.52,7.3618865,6092
8.4,7.1085033,6092
8.4,3.5303605,6092
8.4,7.1733027,6092
8.4,7.8541956,6092
8.4,6.057665,6092
8.4,3.8885305,6092
8.38,4.356467,6092
8.3,5.718511,6092
8.3,5.714784,6092
8.3,5.8255363,6092
8.3,5.7849703,6092
8.1,1.7817403,6092
8.1,2.4047961,6092
8.1,4.5984626,6092
8.1,4.598462,6092
8.08,4.4897423,6092
8.05,6.0183797,6092
7.96,2.5620615,6092
7.92,4.4185457,6092
7.92,2.5620615,6092
7.89,-0.32668668,6092
7.82,1.7817403,6092
7.8,-0.57578653,6092
7.75,2.5481265,6092
7.75,4.370579,6092
7.7,0.50263774,6092
7.62,6.057665,6092
7.62,2.310942,6092
7.46,-2.0686593,6092
7.35,-3.1459777,6092
7.22,-2.0686593,6092
7.07,-2.1735458,6092
7.04,-0.32668668,6092
6.96,-2.0874894,6092
6.67,-8.195657,6092
6.49,-12.708323,6092
10.38,3.9100397,6386
10.35,-1.4993597,6386
10.34,5.0875635,6386
10.22,4.778326,6386
10.21,9.237004,6386
10.05,0.2678313,6386
9.77,-4.1186056,6386
9.74,9.275978,6386
9.74,4.73995,6386
9.7,0.053611565,6386
9.68,-5.5468154,6386
9.66,4.8719683,6386
9.62,-6.492138,6386
9.6,6.6959767,6386
9.59,6.499724,6386
9.57,7.974595,6386
9.52,5.3014317,6386
9.52,4.571457,6386
9.51,1.5591512,6386
9.49,8.054045,6386
9.48,9.366654,6386
9.46,9.664007,6386
9.46,9.785427,6386
9.46,5.8720098,6386
9.42,10.386376,6386
9.42,0.812148,6386
9.42,3.9655325,6386
9.41,-1.4677657,6386
9.4,8.090943,6386
9.4,8.8496275,6386
9.39,9.755428,6386
9.37,5.322876,6386
9.34,3.257647,6386
9.34,7.1359277,6386
9.33,6.5560203,6386
9.3,-4.9349203,6386
9.3,2.995844,6386
9.3,5.7378793,6386
9.3,0.16006258,6386
9.29,4.9202347,6386
9.28,6.115729,6386
9.28,-0.5908887,6386
9.27,9.196516,6386
9.24,2.2960477,6386
9.24,6.6162205,6386
9.24,9.755428,6386
9.23,-7.36072,6386
9.22,3.292379,6386
9.21,6.3287835,6386
9.18,10.53622,6386
9.17,-1.2791708,6386
9.16,3.08268,6386
9.15,6.8384166,6386
9.14,5.4363623,6386
9.14,-0.38186666,6386
9.13,0.302397,6386
9.12,-1.2794894,6386
9.1,8.969104,6386
9.1,5.1373196,6386
9.09,5.17223,6386
9.09,6.7125187,6386
9.09,-12.95562,6386
9.06,5.17299,6386
9.05,6.7565937,6386
9.03,3.516012,6386
9.03,3.965534,6386
9.03,9.563627,6386
9.03,3.5699272,6386
9.02,-13.669523,6386
9.0,5.7081614,6386
9.0,-11.912566,6386
9.0,-1.2375243,6386
9.0,1.9900564,6386
8.96,9.02282,6386
8.96,4.732391,6386
8.96,-8.463749,6386
8.92,4.42254,6386
8.92,1.5047339,6386
8.92,7.508316,6386
8.92,11.282717,6386
8.92,5.674216,6386
8.89,-1.8478856,6386
8.89,11.576288,6386
8.85,7.6014805,6386
8.85,12.291397,6386
8.85,-7.0861235,6386
8.85,11.021802,6386
8.82,2.7411008,6386
8.82,4.327099,6386
8.82,-0.790991,6386
8.82,-9.187662,6386
8.82,0.30184808,6386
8.82,2.6167326,6386
8.8,5.7262254,6386
8.8,1.6908709,6386
8.8,1.2204847,6386
8.8,-0.3878861,6386
8.8,-1.7223412,6386
8.77,-2.0626378,6386
8.77,3.0265813,6386
8.74,-3.537259,6386
8.74,-6.171242,6386
8.74,5.1729255,6386
8.74,5.559035,6386
8.72,4.0866356,6386
8.72,-8.616688,6386
8.72,9.617348,6386
8.7,4.4913645,6386
8.7,2.3863113,6386
8.7,9.388656,6386
8.68,3.498821,6386
8.68,5.8292656,6386
8.68,2.4176989,6386
8.66,-1.2973448,6386
8.66,1.491832,6386
8.66,6.8675327,6386
8.64,2.2413116,6386
8.64,0.37661326,6386
8.64,-2.1394477,6386
8.64,1.2110492,6386
8.64,3.983616,6386
8.62,-1.1634793,6386
8.62,3.1545537,6386
8.62,5.2341547,6386
8.6,6.1272163,6386
8.6,2.2463448,6386
8.6,6.1037207,6386
8.6,-2.358462,6386
8.59,-1.4900712,6386
8.57,3.226813,6386
8.57,-1.2824916,6386
8.55,4.184228,6386
8.54,5.060672,6386
8.52,7.1698146,6386
8.52,3.6943662,6386
8.51,8.801902,6386
8.48,0.08661077,6386
8.48,2.4657466,6386
8.46,-2.9501822,6386
8.44,-0.93625754,6386
8.42,5.5108614,6386
8.41,-0.27549908,6386
8.41,-8.381228,6386
8.4,-1.9415882,6386
8.39,-10.657985,6386
8.38,-4.6780696,6386
8.37,4.205715,6386
8.37,11.196847,6386
8.36,6.0647373,6386
8.35,12.27484,6386
8.34,-4.6078796,6386
8.33,-13.0206785,6386
8.33,3.024309,6386
8.3,-8.304271,6386
8.3,6.302841,6386
8.3,-1.99828,6386
8.3,-7.507201,6386
8.3,-2.3132608,6386
8.28,0.9596719,6386
8.28,-10.602876,6386
8.26,-3.8219066,6386
8.25,-1.2899976,6386
8.24,-7.320303,6386
8.23,0.98014456,6386
8.22,10.046394,6386
8.21,-0.015630132,6386
8.19,5.1535525,6386
8.19,3.4638617,6386
8.19,-15.107512,6386
8.17,8.060896,6386
8.16,8.68374,6386
8.15,-8.462513,6386
8.12,3.9655325,6386
8.12,-6.4395075,6386
8.11,-2.5464203,6386
8.11,2.3266575,6386
8.09,-4.5017586,6386
8.06,-8.376797,6386
8.05,-2.2094162,6386
8.04,7.904532,6386
8.03,2.4190083,6386
8.03,1.3759962,6386
8.02,0.08918852,6386
8.01,-1.7542245,6386
7.96,4.098841,6386
7.96,-14.492228,6386
7.96,1.0963782,6386
7.92,-3.2034333,6386
7.92,-20.367508,6386
7.89,6.099293,6386
7.89,3.9855013,6386
7.89,-8.023383,6386
7.89,3.746361,6386
7.89,-6.0974765,6386
7.89,-7.0073576,6386
7.85,10.2358675,6386
7.82,-4.230814,6386
7.82,-4.433914,6386
7.82,0.860802,6386
7.8,-1.0722119,6386
7.8,-3.091952,6386
7.8,-15.884093,6386
7.8,1.9426737,6386
7.77,2.7043614,6386
7.75,1.0212002,6386
7.75,0.8083734,6386
7.75,8.08028,6386
7.7,1.8070043,6386
7.7,-12.334782,6386
7.68,-1.0031484,6386
7.66,0.20631287,6386
7.66,1.3947031,6386
7.64,-17.208296,6386
7.6,1.1878669,6386
7.57,-2.6377237,6386
7.57,-3.0280688,6386
7.5,-0.4437585,6386
7.48,-0.045656078,6386
7.47,7.113653,6386
7.42,3.7486408,6386
7.41,-1.6589034,6386
7.37,0.20493942,6386
7.37,-3.199697,6386
7.32,-2.4465997,6386
7.23,-3.113945,6386
7.16,-2.945981,6386
7.14,7.2931523,6386
7.06,-18.151834,6386
7.04,1.8449019,6386
6.96,-0.7532235,6386
6.89,-6.0809326,6386
6.85,-12.848929,6386
6.8,7.595262,6386
6.77,-5.4182177,6386
6.77,-3.1173527,6386
6.75,0.6897882,6386
6.7,-2.3845413,6386
6.48,4.0321336,6386
6.43,4.787272,6386
6.41,-4.411748,6386
6.4,-5.112995,6386
6.38,-1.4881992,6386
6.3,-14.948121,6386
6.3,-12.198256,6386
6.22,1.5673746,6386
6.17,-12.637077,6386
6.16,-6.388813,6386
5.97,-2.3313272,6386
5.75,-8.252183,6386
5.6,-3.4901502,6386
5.6,-4.2566643,6386
7.21,3.7047703,11018
5.94,0.0017172126,3933
8.7,7.3234973,1531
8.4,-0.46274245,1531
7.96,12.360038,1531
7.4,-7.705537,1531
7.13,-13.346751,1531
6.68,-6.751407,1531
6.33,-5.800611,1531
7.66,8.955163,10088
7.43,2.0286877,10088
7.41,0.92904115,10088
7.36,5.3948517,10088
7.34,3.8320217,10088
7.24,0.18777792,10088
6.85,-1.9206154,10088
6.79,-12.821105,10088
6.46,-4.4050965,2235
6.39,-3.4526317,2235
6.23,3.726241,2235
6.16,1.4926417,2235
5.8,-7.9399433,2235
5.68,-13.84641,2235
5.66,1.958442,2235
5.62,-4.8727427,2235
5.43,-13.642234,2235
5.29,6.0982914,2235
5.11,-2.8095956,2235
5.06,-2.9666471,2235
5.01,-2.8061163,2235
4.96,-3.3819802,2235
4.91,1.0898877,2235
4.83,3.3630784,2235
4.76,1.6977721,2235
4.72,-1.1463337,2235
4.69,4.9162526,2235
4.65,-9.453733,2235
4.63,-8.576358,2235
4.58,3.9964015,2235
4.58,-6.4115324,2235
4.48,-9.934995,2235
4.7,2.1767323,17167
4.47,0.06052245,17167
4.08,-6.5484595,17167
6.8,1.338497,5526
6.77,17.400885,722
6.68,1.6746585,722
6.52,6.728741,722
6.34,7.917847,722
6.34,-4.114658,722
6.24,-5.388352,722
6.12,-3.294402,722
6.11,-10.254497,722
6.0,-10.091184,722
6.0,4.9962764,722
5.96,9.205727,722
5.96,0.49665797,722
5.85,7.672828,722
5.8,-0.81790483,722
5.77,10.77075,722
5.7,6.3777223,722
5.64,2.2642667,722
5.43,0.39948276,722
5.39,9.292216,722
5.28,-19.785366,722
5.26,7.202671,722
5.23,5.9282494,722
5.12,-8.9555435,722
5.1,3.1174498,722
4.92,-9.789319,722
4.7,-2.2181413,722
4.66,-6.9880166,722
4.64,-10.667206,722
4.47,-8.045001,722
4.4,-6.530307,722
4.35,3.8835042,722
4.2,-19.785366,722
4.18,-2.8034432,722
4.18,-9.83757,722
4.11,0.69769526,722
4.0,-7.363734,722
7.52,13.49031,1047
7.16,10.197406,1047
7.1,16.63858,1047
7.1,18.341898,1047
6.89,7.3803816,1047
6.41,-11.564235,1047
5.57,-6.283563,1047
5.23,-14.325848,1047
4.66,1.3924737,1047
7.33,8.269611,4701
6.34,11.078295,4701
6.31,-3.1154459,4701
6.29,13.187594,4701
6.28,2.8860204,4701
6.24,-2.6456442,4701
6.23,-9.849403,4701
6.19,7.0765157,4701
6.1,9.031928,4701
6.61,12.215823,8205
5.92,2.6982574,8205
5.37,-3.2194116,8205
10.15,3.0046084,11614
10.1,15.49412,11614
9.85,-0.3247854,11614
9.28,-10.715169,11614
9.22,-7.312508,11614
9.07,-10.590372,11614
8.92,-7.312508,11614
8.85,-7.3125067,11614
8.85,-0.3247854,11614
8.8,-7.5437922,11614
8.62,0.5258221,11614
8.48,-9.0626545,11614
8.48,-14.191869,11614
8.46,-10.501606,11614
8.38,-10.31628,11614
8.19,-7.078329,11614
8.08,-7.5437927,11614
7.54,-15.02417,11614
7.23,-18.996346,11614
6.5,0.83365107,1740
4.6,-4.717795,1740
6.0,16.02694,17458
5.11,12.896127,17458
5.05,11.190032,17458
5.04,5.4732366,17458
5.0,-2.0154607,17458
4.92,0.5853133,17458
4.8,-7.006138,17458
4.64,-9.406581,17458
4.55,-2.7779558,17458
4.46,-4.6030984,17458
4.36,-9.529851,17458
4.34,-7.456056,17458
8.52,-3.6929824,144
8.52,8.592272,144
8.22,0.6684271,144
8.05,7.5815372,144
8.0,8.930778,144
7.96,-4.5580893,144
7.96,8.745722,144
7.89,6.8144407,144
7.89,11.636709,144
7.82,14.985192,144
7.82,8.494673,144
7.77,12.528751,144
7.7,10.783696,144
7.7,14.985192,144
7.68,9.413279,144
7.64,10.186057,144
7.64,5.5882697,144
7.58,9.759289,144
7.55,11.80588,144
7.51,14.985192,144
7.48,-0.332418,144
7.47,-9.595986,144
7.47,6.1133556,144
7.46,7.6654305,144
7.44,-11.875196,144
7.42,1.4422984,144
7.4,-4.183983,144
7.38,2.7554867,144
7.35,8.433377,144
7.34,1.7396892,144
7.33,11.943748,144
7.31,-9.81358,144
7.29,-9.444828,144
7.22,6.4368343,144
7.21,1.4629165,144
7.21,7.4268546,144
7.17,14.599296,144
7.16,1.6245087,144
7.16,1.0585736,144
7.1,4.85008,144
7.09,-0.45888737,144
7.06,-1.7670294,144
7.05,12.415496,144
7.03,-14.24818,144
7.01,10.92957,144
6.95,1.7224776,144
6.92,11.578168,144
6.9,8.468614,144
6.86,8.754932,144
6.84,-9.130339,144
6.82,7.5815372,144
6.77,8.007776,144
6.76,5.7607036,144
6.72,-10.892261,144
6.7,-20.729048,144
6.68,-8.281809,144
6.67,-6.344356,144
6.64,7.2858186,144
6.63,-13.463072,144
6.62,-8.998512,144
6.61,-9.377063,144
6.59,-14.817921,144
6.55,-13.513032,144
6.54,-2.985184,144
6.5,-2.3075128,144
6.46,9.425695,144
6.45,-5.1447425,144
6.43,-1.8020465,144
6.39,9.976025,144
6.37,-11.631343,144
6.36,-13.891786,144
6.31,-2.985184,144
6.27,-6.0628633,144
6.25,-7.8544083,144
6.21,-4.183983,144
6.19,-11.466691,144
6.19,7.5330944,144
6.18,-13.3283,144
6.02,1.6245093,144
5.98,6.3662767,144
5.96,-21.179846,144
5.87,-3.7021148,144
5.71,-22.285982,144
5.67,8.02578,144
5.54,-2.6367874,144
6.24,-1.0627791,16206
6.03,-10.900794,16206
5.21,8.342548,16206
7.03,4.2002254,166
6.8,4.200225,166
6.64,0.05499279,166
6.51,2.7344627,166
6.5,2.6378102,166
6.5,2.5731165,166
6.46,3.3405128,166
6.44,0.16777523,166
6.41,0.18840064,166
6.4,2.8352773,166
6.4,0.05499279,166
6.38,1.8441772,166
6.32,0.26787683,166
6.32,2.6764793,166
6.3,2.7658,166
6.26,1.715864,166
6.24,1.5742899,166
6.22,8.827903,166
6.16,5.249642,166
6.03,2.925299,166
5.96,-0.02342645,166
5.92,4.2695646,166
5.77,-5.133604,166
5.26,-3.3841114,166
8.57,0.69800067,14687
6.77,-0.4819742,14687
9.0,-6.7730207,5347
8.74,-2.798401,5347
8.55,-4.7298584,5347
8.43,15.419037,5347
8.43,-1.6614412,5347
8.35,5.1809883,5347
8.29,-4.101124,5347
8.28,-5.469166,5347
8.22,3.6854753,5347
8.17,-5.863775,5347
7.76,2.495592,5347
7.71,0.88011605,5347
7.62,-0.35799438,5347
7.37,1.1635166,5347
7.3,3.760511,5347
7.24,1.7744411,5347
7.12,7.6484466,5347
6.95,7.6009073,5347
6.86,5.884103,5347
6.7,0.49162322,5347
6.64,7.9599056,5347
6.25,-6.7712893,5347
6.25,-11.26012,5347
9.0,4.869487,8797
8.7,13.887941,8797
8.7,11.65349,8797
8.52,12.050602,8797
8.52,11.8079605,8797
8.4,11.380098,8797
8.22,11.166476,8797
7.92,2.5590155,8797
7.77,4.7968516,8797
7.6,6.8809414,8797
7.57,6.7253113,8797
7.55,7.5176396,8797
7.35,-7.7696104,8797
7.19,1.8059292,8797
7.16,-5.457493,8797
6.46,-1.8334795,8797
6.32,-11.477905,8797
5.25,-13.430803,8797
6.22,7.0095305,6637
6.19,7.724026,6637
6.1,2.589371,6637
6.1,6.581376,6637
6.09,3.8410401,6637
6.09,-1.2101667,6637
6.08,-1.396855,6637
6.08,5.036031,6637
6.07,-6.12121,6637
6.05,2.9441693,6637
6.02,1.1065224,6637
5.95,3.923607,6637
5.68,-0.9333942,6637
5.0,-2.5471282,6637
8.52,4.764655,8142
8.02,-2.8456786,8142
8.15,2.1813526,9501
7.77,-2.8657978,6034
7.42,4.4357734,6034
5.85,4.1874347,13440
5.74,3.9113896,13440
7.24,-4.2366734,11580
7.2,-3.595687,11580
7.19,-1.2756679,11580
7.06,-2.5897055,11580
7.06,-1.1314673,11580
7.04,2.7326243,11580
7.01,-1.7923561,11580
6.96,-5.799998,11580
6.82,-1.9523262,11580
6.75,-8.844432,11580
6.66,-2.589705,11580
6.62,-8.844432,11580
6.57,-6.4891467,11580
6.55,2.2590857,11580
6.38,-2.589705,11580
6.32,6.084994,11580
6.32,0.20324431,11580
6.26,-12.041198,11580
6.17,-12.183117,11580
6.01,-9.654801,11580
6.01,-2.589705,11580
6.0,-8.974102,11580
5.96,4.6607404,11580
5.85,-6.0694246,11580
5.8,-6.929759,11580
5.77,-9.119812,11580
5.77,-0.059596475,11580
5.58,-4.9134192,11580
5.57,0.20324431,11580
5.32,-2.2124727,11580
5.27,-5.0344343,11580
5.18,-2.3446236,11580
5.16,2.2528646,11580
4.96,-2.7904954,11580
4.96,-9.361656,11580
4.92,0.07554647,11580
8.05,9.052568,7932
7.8,6.7357345,7932
7.8,7.497111,7932
7.77,5.0900617,7932
7.23,4.147363,7932
7.13,3.4951735,7932
6.84,2.6974232,7932
6.84,2.454041,7932
6.77,4.333882,7932
6.72,3.9988263,7932
6.69,-2.247326,7932
6.67,3.9474044,7932
6.65,0.6837094,7932
6.62,5.13347,7932
6.56,3.317002,7932
6.56,3.3118584,7932
6.49,1.2398434,7932
6.41,4.5614038,7932
6.37,-0.37239793,7932
6.04,2.08626,7932
5.5,-0.8621693,1621
5.8,3.0870814,17253
5.04,2.9413996,12052
8.48,-0.08721689,7877
8.07,-1.9964167,7877
8.01,6.7377157,7877
7.99,4.1315045,7877
7.98,2.1795912,7877
7.68,-1.5590469,7877
7.53,1.1416446,7877
7.47,-0.99130327,7877
7.05,-2.699525,7877
6.94,8.606861,7877
6.81,3.6375399,7877
6.58,2.3752825,7877
6.3,3.0076847,7877
6.06,-0.6491867,7877
4.33,2.2300427,10178
7.14,5.180788,12682
6.78,-4.012974,12682
6.43,0.027118225,12682
6.1,-2.5019846,12682
5.84,1.2269751,12682
7.16,0.4881304,17719
9.02,2.5755684,6298
9.0,2.8738859,6298
9.0,7.20766,6298
9.0,-0.69032687,6298
8.96,-1.6783516,6298
8.96,2.8738859,6298
8.96,1.1909068,6298
8.96,7.2721415,6298
8.89,-5.4967623,6298
8.89,-2.4085777,6298
8.89,7.5447216,6298
8.82,4.895473,6298
8.82,1.5809132,6298
8.77,9.134592,6298
8.64,1.9323242,6298
8.54,1.1039411,6298
8.47,-6.058523,6298
8.44,3.6905167,6298
6.42,11.502509,1326
6.21,4.3910856,1326
5.8,-7.53201,1326
5.68,-4.275379,1326
5.65,0.027841281,1326
5.29,-7.7393937,1326
5.0,-2.902663,1326
7.57,-3.1275904,9825
7.17,11.566125,9825
7.16,4.8205276,9825
6.77,-10.538771,9825
6.54,1.1648734,9825
6.04,-10.805895,9825
7.18,2.322199,8484
6.77,0.4871925,10163
4.96,1.0814471,593
7.46,0.95220715,9709
9.4,5.3674936,8857
9.4,3.1019466,8857
9.3,4.1263523,8857
9.22,9.122239,8857
9.15,7.25834,8857
9.1,5.5668316,8857
9.05,4.6408052,8857
9.05,3.3184345,8857
9.05,7.5447235,8857
9.05,7.4620852,8857
9.0,-1.5376467,8857
9.0,4.036504,8857
9.0,6.4680505,8857
8.96,0.9656254,8857
8.89,2.7936506,8857
8.89,4.2555823,8857
8.82,3.9096339,8857
8.82,7.013055,8857
8.8,4.609374,8857
8.8,1.9114789,8857
8.8,5.3821106,8857
8.74,1.49341,8857
8.72,-2.5955293,8857
8.72,2.2418513,8857
8.68,5.3743663,8857
8.55,2.3280938,8857
8.42,-0.014705951,8857
8.4,2.7709777,8857
8.34,0.82165396,8857
8.17,0.6018617,8857
7.96,-7.0655103,8857
8.0,2.6162443,2313
7.7,2.616244,2313
7.58,2.9387555,2313
7.41,-1.1965055,2313
7.38,3.8361542,2313
7.25,2.8304577,2313
7.21,5.0307636,2313
7.14,4.447514,2313
7.09,7.6960998,2313
7.08,5.356511,2313
6.91,1.7056497,2313
6.55,1.6699318,2313
6.19,-0.7196822,2313
5.3,-2.7676945,2313
5.14,-8.908964,2313
4.87,-7.9355044,2313
4.82,-1.3712373,2313
4.7,-3.178947,2313
6.6,2.269731,5503
7.75,3.8235102,10026
7.17,2.6523902,10026
5.89,-4.7303443,10026
9.1,1.358642,13771
5.16,1.1391059,7052
7.77,-0.7384071,2385
7.77,0.52910846,11676
7.22,2.4618208,13264
5.77,-2.3677495,15753
5.7,0.77479196,15753
6.74,0.81027615,13984
10.05,1.8386568,11837
8.36,9.423475,349
7.33,3.9577367,349
7.01,4.5982914,349
6.74,-8.725072,349
6.68,3.1035812,349
6.1,-12.28045,349
9.52,-6.82582,1311
9.4,-4.822871,1311
9.4,2.259245,1311
9.3,0.44202307,1311
9.3,5.397606,1311
9.3,2.849292,1311
9.22,6.3164964,1311
9.22,-5.6743584,1311
9.1,-3.184695,1311
9.0,1.9777452,1311
8.59,8.255486,1311
8.43,5.2960052,1311
8.35,0.22322631,1311
8.35,4.295548,1311
8.34,14.16054,1311
8.23,3.6814451,1311
8.12,10.893669,1311
8.1,9.988558,1311
8.06,6.318323,1311
8.0,9.880675,1311
7.92,7.23196,1311
7.89,-2.2677333,1311
7.88,-1.6074529,1311
7.82,0.889855,1311
7.73,-1.9406337,1311
7.68,-6.647082,1311
7.48,-0.24341035,1311
7.19,2.3224952,1311
7.15,10.146326,1311
7.13,3.7766633,1311
7.1,2.683596,1311
8.52,0.12953202,10844
5.86,1.8237199,8950
6.7,15.086293,5144
6.0,15.36071,5144
5.66,16.209671,5144
5.64,-9.545154,5144
4.64,-14.46904,5144
4.25,3.5909274,5144
7.85,7.054866,7539
7.85,14.6992655,7539
7.82,11.456368,7539
7.75,-1.944774,7539
7.1,11.305157,7539
6.75,9.191448,7539
6.67,1.4253218,7539
6.58,12.037264,7539
6.56,-3.3405912,7539
6.55,11.465215,7539
6.39,-4.5441923,7539
6.28,5.9405894,7539
6.24,0.8166293,7539
6.23,1.2323273,7539
6.09,4.0969267,7539
6.01,-12.519946,7539
5.73,-2.9989963,7539
5.7,-5.76575,7539
6.0,-0.36813313,16708
6.84,-1.0868351,13882
5.89,-0.16724646,2426
8.89,1.7478317,2003
4.51,0.78351116,17702
5.46,2.4745448,1463
5.28,4.412386,1463
5.25,4.0467563,1463
5.19,7.218305,1463
5.17,-2.090809,1463
5.06,0.07963514,1463
4.9,-0.861076,1463
4.86,13.723233,1463
4.83,-2.2952802,1463
4.81,7.1968427,1463
4.71,6.125853,1463
4.69,-5.083172,1463
4.68,7.427684,1463
4.67,0.606251,1463
4.61,-3.4895678,1463
4.57,-0.020975783,1463
4.55,-2.3043573,1463
5.22,1.7944046,5065
6.4,-2.61184,8563
7.58,4.8041487,11510
7.04,-2.7235513,11510
7.64,-5.7681417,17761
7.47,-5.3867865,17761
7.44,6.5353317,17761
7.43,5.6163983,17761
7.39,10.926976,17761
7.34,2.805282,17761
7.15,-1.3594316,17761
7.13,-2.7764869,17761
7.09,2.5909967,17761
7.0,6.5537086,17761
6.8,6.397515,17761
6.72,7.5907516,17761
6.57,-0.08847587,17761
6.48,2.2805223,17761
6.46,-0.7065375,17761
6.31,-13.548486,17761
6.3,4.9756427,17761
6.28,3.3721626,17761
6.26,-2.5209432,17761
6.24,-5.0107265,17761
6.12,-1.6238769,17761
6.02,-15.789647,17761
5.98,5.427813,17761
5.8,-10.473423,17761
5.8,6.2815905,17761
5.7,-10.92547,17761
5.19,-9.495281,17761
5.16,-5.65929,17761
5.11,-8.158424,17761
5.06,-14.150456,17761
5.0,-6.0327992,17761
5.0,5.914311,17761
4.9,-6.459351,17761
4.86,3.1395416,17761
4.68,2.8111732,17761
4.41,6.7701735,17761
4.25,-0.46591157,17761
5.0,-0.33888718,4831
8.0,2.2775328,3039
7.03,-8.567388,3039
7.0,3.9044108,3039
6.26,-3.1639352,3039
5.3,-1.3774222,3039
5.0,-9.982648,3039
7.7,2.2962768,6852
7.96,9.336969,5326
7.77,8.416885,5326
6.58,-0.5084967,5326
5.55,-8.329532,5326
9.4,-1.1731619,826
9.05,7.0116835,826
8.15,7.817129,826
8.05,1.4078089,826
8.0,-4.5185723,826
7.96,5.69319,826
7.85,-1.087485,826
7.75,2.4557264,826
7.6,4.27806,826
7.58,-3.570581,826
7.5,2.4803576,826
7.42,5.178399,826
7.38,3.0449116,826
7.35,6.9034824,826
7.33,2.33492,826
7.29,-1.3016111,826
7.28,-1.9654629,826
7.23,7.5544443,826
7.23,-0.13451721,826
7.18,0.2760324,826
7.14,3.2034018,826
7.12,8.828299,826
7.03,5.10042,826
7.03,3.3733366,826
6.5,-3.0970454,826
6.3,5.0034947,826
5.92,5.4090695,826
8.4,-0.86415595,10009
8.1,-4.6923933,10009
7.16,-8.091828,10009
7.1,-8.495666,10009
7.1,-5.999719,10009
6.37,-6.8557577,10009
5.25,-1.2299615,10009
7.0,11.57488,7154
6.92,8.426572,7154
6.85,-0.80505514,7154
6.6,12.011679,7154
6.48,1.5240041,7154
5.99,-10.398226,7154
5.41,-10.667287,7154
5.82,-2.0353644,2537
5.19,-10.4850235,2537
4.71,-0.6775933,2537
4.62,-15.638962,2537
4.61,4.2424045,2537
4.05,-3.4664092,2537
7.33,8.949802,4794
6.96,-2.2121718,4794
6.95,-2.0229077,4794
6.93,-2.7617617,4794
6.93,6.2553253,4794
6.82,-2.5679426,4794
6.74,6.8697267,4794
6.7,-2.5549862,4794
6.69,7.6030827,4794
6.59,-7.0875444,4794
6.53,6.1993732,4794
6.52,-1.7771218,4794
6.51,-4.2949204,4794
6.33,1.2995969,4794
5.91,-6.6730127,4794
5.76,-11.663998,4794
5.52,-9.627153,4794
5.39,-7.1518965,4794
5.25,-1.7383798,4794
5.01,-8.455918,4794
5.0,-7.250902,4794
4.79,-11.778058,4794
8.01,13.522748,14125
5.3,-13.138692,14125
7.22,2.5389717,4926
7.37,12.192032,945
7.29,3.683493,945
7.28,5.169559,945
7.27,12.865023,945
7.22,2.7250276,945
7.11,6.0653057,945
7.1,2.7132492,945
6.99,3.8308725,945
6.83,6.148893,945
6.65,1.716928,945
6.6,8.29731,945
6.54,5.1897063,945
6.53,7.329321,945
6.42,5.880154,945
6.41,0.96379364,945
6.35,1.5742311,945
6.32,0.6401312,945
6.3,1.0932362,945
6.24,4.61903,945
6.23,-5.681448,945
6.21,-1.0859216,945
6.18,2.978127,945
6.18,1.3837541,945
6.11,2.297541,945
6.06,2.5406947,945
6.05,2.7380283,945
6.02,8.309517,945
6.02,-0.13171476,945
6.02,4.9200225,945
6.01,-2.7692218,945
6.0,0.73211944,945
5.99,3.128461,945
5.95,-0.77765334,945
5.6,-4.6030626,945
5.32,-7.4476595,945
7.22,7.7796807,12219
7.2,2.603027,12219
7.18,-4.2835374,12219
5.52,1.6736783,12518
10.98,5.3212676,6194
10.98,4.766581,6194
10.97,-0.49268937,6194
10.96,2.1087277,6194
10.93,2.3142073,6194
10.9,3.9224102,6194
10.89,1.8237675,6194
10.87,2.4148874,6194
10.78,5.2197976,6194
10.76,4.8031983,6194
10.75,5.3212676,6194
10.71,6.354533,6194
10.67,6.195409,6194
10.66,-3.6562457,6194
10.64,3.8363576,6194
10.63,4.8001,6194
10.6,2.7386181,6194
10.59,-0.10125593,6194
10.57,-7.2240114,6194
10.57,-2.5897138,6194
10.53,5.516093,6194
10.52,1.7943143,6194
10.49,-2.9238794,6194
10.49,1.6959624,6194
10.45,-1.5469205,6194
10.43,-3.3624759,6194
10.4,-3.3681133,6194
10.4,5.3663707,6194
10.4,-14.004167,6194
10.37,-6.2064843,6194
10.32,-1.1982038,6194
10.32,-3.6317234,6194
10.31,7.659046,6194
10.31,1.8351451,6194
10.31,0.27983263,6194
10.3,4.6304946,6194
10.3,1.5763686,6194
10.29,3.9720812,6194
10.28,-2.285945,6194
10.25,-5.96163,6194
10.22,-0.24174112,6194
10.2,0.27983123,6194
10.19,4.431489,6194
10.19,4.190218,6194
10.16,-2.387215,6194
10.01,9.460697,6194
10.0,-5.52091,6194
9.97,3.8181083,6194
9.9,-15.219032,6194
9.87,-10.936426,6194
9.81,3.6807752,6194
9.79,-4.7667503,6194
9.72,-5.0164547,6194
9.72,-2.520308,6194
9.71,2.0008337,6194
9.69,3.193434,6194
9.66,-2.808024,6194
9.66,6.0672164,6194
9.61,-8.952884,6194
9.54,-14.822026,6194
9.51,0.61383724,6194
9.49,-3.2553012,6194
9.47,6.0672164,6194
9.41,-6.369219,6194
9.35,-5.247986,6194
9.27,-8.437542,6194
9.26,-10.852761,6194
9.22,-2.1522877,6194
9.15,-0.26285306,6194
9.12,-10.7940235,6194
9.11,1.8229098,6194
9.09,-3.7237241,6194
9.07,-3.5424407,6194
9.0,-2.0884995,6194
8.99,-9.3270445,6194
8.96,-3.9097123,6194
8.94,-12.58251,6194
8.89,-13.400462,6194
8.62,-11.6364765,6194
8.52,-8.076616,6194
8.52,-14.122705,6194
8.49,-16.018011,6194
8.33,-17.976515,6194
8.0,-23.220806,6194
8.0,-18.163652,6194
8.0,-6.243717,6194
8.0,-15.918983,6194
6.68,21.022192,4083
6.58,20.025118,4083
5.48,12.02188,4083
5.19,-8.794667,4083
5.04,3.3841867,4083
4.89,-2.6023932,4083
4.88,4.315154,4083
4.84,-6.377253,4083
4.84,-12.838079,4083
4.79,6.8391595,4083
4.79,-5.1649027,4083
4.68,-6.521633,4083
4.68,-10.729782,4083
4.63,-7.422423,4083
4.63,-13.445674,4083
4.58,-7.825076,4083
4.58,17.26655,4083
4.58,-2.6836145,4083
4.58,-8.107705,4083
4.58,-8.39055,4083
4.58,-9.685703,4083
4.58,-2.1773214,4083
4.58,-8.8254,4083
4.58,-11.005412,4083
4.58,2.344587,4083
4.54,-9.021897,4083
4.54,-12.757105,4083
4.54,-13.564898,4083
4.54,-7.15217,4083
4.48,-7.833464,4083
4.48,-7.998386,4083
4.48,-9.269614,4083
4.38,-7.0617228,4083
4.38,-1.8292747,4083
4.33,-10.49971,4083
4.18,-12.44114,4083
8.0,5.5107207,15337
7.72,13.597383,15337
7.02,-4.3514957,15337
6.93,-1.4556869,15337
6.83,-2.0188491,15337
6.68,11.279588,15337
6.63,-4.928469,15337
6.63,-2.8387835,15337
6.58,-6.1538477,15337
6.51,-9.601651,15337
6.46,-9.727069,15337
6.01,-9.657907,15337
5.75,-9.04995,15337
7.0,1.4480625,10815
7.0,1.4480625,10815
6.8,-1.5445586,10815
6.4,-2.4086633,10815
7.92,-1.3819114,2247
7.89,8.949732,2247
7.66,4.802866,2247
7.51,-2.350422,2247
7.51,5.3828335,2247
7.36,7.040295,2247
7.35,-7.3217053,2247
7.35,-7.1001654,2247
7.33,-2.8945642,2247
7.31,2.4329665,2247
7.24,-0.59061134,2247
7.19,-3.3400526,2247
7.12,5.3828335,2247
7.0,-0.04073262,2247
6.96,-8.111072,2247
6.8,10.801279,2247
6.8,0.0765071,2247
6.72,1.1507139,2247
6.57,2.439751,2247
6.54,-1.1868209,2247
6.36,-6.482515,2247
6.36,-3.537275,2247
6.25,7.0402966,2247
6.22,-14.501085,2247
6.18,-8.731373,2247
6.05,-7.94647,2247
6.0,-10.986023,2247
5.92,-6.834234,2247
5.82,14.835139,2247
5.68,-12.725615,2247
5.47,-10.102069,2247
4.8,-2.0522857,2247
4.77,13.233502,2247
4.58,15.686574,2247
5.03,-0.29067567,8317
7.48,-0.96451247,17259
7.35,2.1348238,17259
7.11,8.139867,17259
7.03,7.4922314,17259
6.86,-7.903017,17259
6.86,4.4597826,17259
6.3,3.5669177,15827
5.8,-6.4692597,15827
5.66,6.77559,15827
5.52,-1.7715887,15827
5.43,-0.82240963,15827
5.31,-2.63044,15827
5.11,2.5732443,15827
5.05,0.24461946,15827
5.01,-3.008669,15827
4.85,-6.3908806,15827
4.8,2.296858,15827
4.8,2.1084616,15827
4.36,1.8815606,15827
4.34,-0.7080637,15827
4.11,-1.3582239,15827
4.05,-8.233435,15827
4.05,-4.673587,15827
4.03,-5.1253676,15827
7.85,3.011227,11553
7.81,-2.618046,11553
7.66,-2.618046,11553
7.65,-2.618046,11553
7.55,-2.621219,11553
7.38,-2.98788,11553
7.33,-9.521494,11553
7.17,-7.8769627,11553
7.17,-1.8853604,11553
7.16,-7.8769627,11553
7.09,-4.9995737,11553
7.0,-4.5406876,11553
6.93,-2.952346,11553
6.88,-3.156684,11553
6.87,-5.7272253,11553
6.87,-0.60627174,11553
6.86,-7.092346,11553
6.84,0.0928839,11553
6.76,-7.8769627,11553
5.24,5.0837,14393
4.89,-4.87655,14393
4.77,2.0657978,14393
8.15,12.70541,2418
7.82,8.507185,2418
7.77,2.7227852,2418
7.57,4.3552117,2418
7.52,1.6163521,2418
7.47,-4.4533873,2418
7.46,1.0651213,2418
7.43,1.4058076,2418
7.35,3.5552816,2418
7.32,1.1943767,2418
7.32,6.54629,2418
7.31,-0.5774017,2418
7.22,8.717612,2418
7.16,-2.693675,2418
7.16,-7.8020077,2418
7.14,-0.6282265,2418
7.11,-1.3835499,2418
7.1,-0.73998564,2418
7.0,-8.713531,2418
7.0,-10.821832,2418
6.96,2.1073737,2418
6.85,-0.013117538,2418
6.85,-1.9907001,2418
6.8,4.6159,2418
6.77,-9.977969,2418
6.7,-11.719952,2418
6.7,-2.201155,2418
6.5,0.57199323,2418
6.42,-7.5069923,2418
6.28,-6.7006273,2418
6.0,-8.507142,2418
5.66,1.38987,2418
5.66,10.022421,2418
5.46,-12.79068,2418
9.4,3.4978335,13286
8.92,-1.3741798,13286
8.1,3.215667,10082
7.8,-2.393583,10082
7.51,3.005573,10082
7.46,7.933858,10082
5.95,1.3417528,10082
5.9,2.1148398,10082
5.79,-4.059727,10082
5.77,-3.2764058,10082
5.76,-4.9918013,10082
8.52,3.5186355,17302
8.4,0.34529057,17302
8.15,-2.4782827,17302
8.0,3.2675216,17302
7.85,6.4409695,17302
7.85,-4.134084,17302
7.66,1.367193,17302
7.66,9.029459,17302
7.62,-2.522882,17302
7.39,4.923848,17302
7.36,3.1167636,17302
7.33,-2.2943223,17302
7.26,7.2925596,17302
7.24,-0.70631367,17302
7.2,5.0296335,17302
7.15,7.6887517,17302
7.13,2.2689188,17302
6.99,5.5975413,17302
6.87,8.037297,17302
6.77,11.490236,17302
6.62,5.718651,17302
6.62,-10.695306,17302
6.54,4.023526,17302
6.43,-2.7394304,17302
6.85,3.1483307,4951
6.34,8.266515,4951
7.19,4.096914,6684
8.52,0.2011905,5657
8.1,-2.1390512,5657
7.92,5.681183,5657
7.85,3.3406093,5657
7.82,5.6559916,5657
7.72,-2.1390512,5657
7.72,-1.746802,5657
7.58,-2.6123712,5657
7.52,1.8726612,5657
7.51,0.2011905,5657
7.43,-7.2745852,5657
7.39,-9.505571,5657
7.29,-9.505571,5657
7.17,-10.34381,5657
7.05,-4.9623613,5657
7.4,-1.3286412,10974
7.33,7.619568,10974
6.4,-3.932091,9685
5.54,-0.26016605,9685
5.37,1.6445739,9685
5.21,-7.4308543,9685
5.19,7.3095074,9685
4.67,-3.7923875,9685
7.15,3.5865223,11497
5.31,2.7284565,13069
5.26,0.2681922,13069
5.96,1.2155269,15049
7.72,-0.8659561,10456
7.7,6.4198,10456
7.41,1.1923453,10456
7.36,3.5171614,10456
7.29,1.9929587,10456
7.04,3.0642037,10456
6.89,-1.3959048,10456
6.7,7.7899575,10456
6.54,-0.3210631,10456
6.52,4.1770015,10456
6.46,-2.0399601,10456
6.44,-2.576575,10456
6.25,2.2924888,10456
6.18,-1.4462988,10456
6.06,4.6826124,10456
5.94,-2.1131556,10456
5.82,-3.296119,10456
5.8,8.861452,10456
5.37,-1.6744804,10456
5.17,3.1235054,10456
5.12,1.4651529,10456
4.54,-1.3509558,10456
4.2,4.1669674,10456
6.52,0.051441934,14577
5.4,-1.5679202,17818
9.0,-0.68731475,5597
8.7,6.4929585,5597
8.7,5.5351825,5597
8.52,12.6202345,5597
8.52,-14.912388,5597
8.4,6.289959,5597
8.22,0.64326596,5597
8.1,-14.912388,5597
7.96,-14.849522,5597
7.72,-4.5459714,5597
7.7,-12.717337,5597
7.4,3.1171377,5597
7.12,-8.638551,5597
7.0,-12.896236,5597
6.64,-11.401859,5597
6.01,-14.912388,5597
8.52,0.03532694,14572
8.52,0.27992725,14572
8.4,-1.661194,14572
8.3,-0.328628,14572
8.05,14.159063,14572
8.0,-1.7263123,14572
7.85,-12.127114,14572
7.7,-10.637979,14572
7.6,11.353834,14572
7.52,5.6363034,14572
7.48,0.014280741,14572
7.47,-10.218467,14572
7.3,-14.784962,14572
7.17,-1.9197737,14572
7.05,-16.720951,14572
6.85,-9.482061,14572
6.52,-4.1832247,14572
7.07,7.3127823,1144
7.03,10.596839,1144
6.92,8.668712,1144
6.48,8.851346,1144
6.47,9.148281,1144
6.42,2.4592493,1144
6.36,3.2864323,1144
6.28,1.5158744,1144
6.28,4.554671,1144
6.19,1.6728673,1144
6.19,2.6035738,1144
5.85,-0.41361356,1144
5.66,-6.487809,1144
5.54,-1.2264174,1144
5.38,-10.065953,1144
5.15,-10.217634,1144
5.03,-14.764021,1144
5.24,-1.8243717,12843
7.23,9.230863,9248
7.22,2.9383755,9248
7.18,7.3605485,9248
7.18,9.619142,9248
7.02,4.7259603,9248
6.82,6.766025,9248
6.81,1.0258918,9248
6.81,1.638579,9248
6.8,-3.4935548,9248
6.73,6.442202,9248
6.71,-1.4382789,9248
6.54,7.6382203,9248
6.34,-4.952789,9248
5.96,10.2556505,9248
5.91,10.911401,9248
5.85,5.0429063,9248
5.83,5.8137074,9248
5.5,7.024642,9248
5.32,1.410579,9248
5.29,-9.757978,9248
5.12,-4.0100765,9248
6.08,-2.8559942,13363
5.96,-2.8559942,13363
8.07,3.3399596,1776
7.85,-0.48896742,1776
6.25,6.1033936,11995
5.33,-2.7046344,11995
4.92,-2.955322,11995
6.06,-10.425635,3695
5.99,-2.201894,3695
5.98,-8.658072,3695
5.95,-0.6938459,3695
5.92,-9.814119,3695
5.89,-8.623323,3695
5.84,0.6901104,3695
5.84,-0.7765087,3695
5.76,-10.149596,3695
5.72,-9.466522,3695
5.72,-5.0430236,3695
5.7,-5.3805985,3695
5.7,-9.465436,3695
5.63,-11.359141,3695
5.56,14.00746,3695
5.52,-3.228032,3695
5.51,-8.104788,3695
5.48,-9.548793,3695
5.45,-10.7415285,3695
5.42,-10.143761,3695
5.41,-8.185427,3695
5.38,-5.975749,3695
5.26,-7.108133,3695
5.25,-9.447277,3695
5.18,-0.03692956,3695
5.17,-4.666924,3695
5.17,-8.2516165,3695
5.14,-6.3432183,3695
5.04,-3.6251903,3695
4.97,-4.588737,3695
7.16,1.4040639,244
6.03,5.84708,244
7.46,-4.818395,14287
7.39,-3.0222583,14287
7.35,4.5392294,14287
7.3,-0.5339104,14287
7.26,-0.27758566,14287
7.22,1.0540197,14287
7.14,4.867098,14287
7.07,7.026193,14287
7.04,10.180943,14287
7.02,-1.5161984,14287
7.01,1.1320872,14287
7.0,2.325824,14287
6.95,0.9955679,14287
6.88,-2.219219,14287
6.86,0.44024467,14287
6.8,-3.0013032,14287
6.66,4.85699,14287
6.63,-4.1678405,14287
6.58,9.166378,14287
6.58,-3.8746572,14287
6.54,2.771557,14287
6.51,-0.98461664,14287
6.49,2.914111,14287
6.44,-5.867981,14287
6.41,-3.218627,14287
6.33,-5.898676,14287
6.28,-2.0586998,14287
6.27,-2.276779,14287
6.15,-3.4883811,14287
6.04,2.4601636,14287
6.02,-1.553385,14287
5.99,-5.357901,14287
5.94,0.45153844,14287
5.85,0.043303285,14287
5.78,3.4755206,14287
5.57,-13.793609,14287
5.56,-1.9057944,14287
5.55,-5.8594704,14287
5.53,-10.515713,14287
5.32,-6.9660625,14287
5.26,-2.6585357,14287
4.36,-7.706795,14287
9.3,2.4000823,9904
8.37,10.706899,10997
8.19,13.24906,10997
8.14,8.553337,10997
8.1,9.5354,10997
8.01,5.5871534,10997
7.94,11.31317,10997
7.88,16.647692,10997
7.83,-0.47822142,10997
7.34,6.0687046,10997
7.24,11.580297,10997
7.21,-14.500828,10997
7.14,0.5241005,10997
7.14,-9.363846,10997
7.09,-1.6594683,10997
7.08,4.8505983,10997
7.04,-11.392618,10997
7.03,-8.881655,10997
6.99,5.492961,10997
6.79,9.630129,10997
6.74,-14.498186,10997
6.71,5.9942427,10997
6.4,6.8466043,10997
6.4,3.4762037,10997
6.36,3.541979,10997
6.36,-0.7420404,10997
6.23,-4.2380886,10997
6.22,4.900388,10997
6.19,1.2561742,10997
6.06,-1.8537127,10997
6.04,2.2389889,10997
6.01,-3.8005116,10997
5.93,-3.6027906,10997
8.3,4.810603,5778
7.72,-0.9217809,5778
6.59,7.718736,1135
6.06,5.8326216,1135
6.01,7.8964186,1135
5.94,3.095484,1135
5.92,-10.543818,1135
4.82,6.755097,1135
4.11,4.978832,1135
6.55,2.616435,13244
8.83,7.809515,13442
8.61,6.5127935,13442
8.41,11.529252,13442
8.4,5.00167,13442
8.37,4.0955114,13442
8.34,5.8696585,13442
8.32,7.5814962,13442
8.2,7.234552,13442
8.19,13.146799,13442
7.25,-0.69390017,13442
7.22,5.207225,13442
7.2,0.66430557,13442
6.88,3.3553364,13442
6.35,-2.6622314,13442
9.4,17.656054,2219
8.7,15.225061,2219
8.18,5.974728,2219
7.7,0.26536196,2219
7.7,0.9451746,2219
7.62,10.9703665,2219
7.48,0.29648033,2219
7.46,-3.846902,2219
7.31,11.017691,2219
7.16,-2.0777524,2219
7.12,-3.695447,2219
6.84,-14.61952,2219
6.64,0.2871082,2219
6.54,-0.5809158,2219
6.37,-7.8076406,2219
6.35,2.233153,2219
6.23,-3.4971135,7048
9.52,5.5184927,14738
9.52,5.373477,14738
9.4,-0.09745958,14738
9.4,7.939688,14738
9.4,2.8209546,14738
9.4,7.318556,14738
9.3,7.082595,14738
9.3,0.049205102,14738
9.3,2.4907677,14738
9.3,1.4658141,14738
9.22,5.0866117,14738
9.1,8.997945,14738
9.1,4.658495,14738
9.1,5.5786567,14738
9.1,3.6533494,14738
9.1,1.0345026,14738
9.05,2.1722095,14738
9.0,3.9198806,14738
8.96,0.9360314,14738
8.96,0.2952834,14738
8.96,-5.397951,14738
8.92,4.474506,14738
8.92,0.31445825,14738
8.89,5.329119,14738
8.85,-0.863787,14738
8.77,-9.624984,14738
8.64,-8.969531,14738
8.46,-6.2159657,14738
8.42,3.0507522,14738
8.35,-7.248203,14738
8.34,-3.631048,14738
7.92,-8.046019,14738
7.72,-7.5096316,14738
7.68,-15.718113,14738
7.64,1.3471789,14738
7.55,0.74371046,14738
6.9,-12.12684,14738
6.31,1.6486508,14738
7.09,1.2875942,6443
4.56,3.061759,11340
8.16,-2.3919718,12633
6.01,1.9501812,13016
5.89,-1.1611841,13016
8.7,-1.9586265,5797
8.7,5.3152533,5797
8.7,-3.5681503,5797
8.7,10.477862,5797
8.7,7.251955,5797
8.52,11.013074,5797
8.52,6.689048,5797
8.52,8.097073,5797
8.4,-0.6530114,5797
8.4,-8.735503,5797
8.4,11.004318,5797
8.4,4.400297,5797
8.4,-1.6617362,5797
8.4,0.6015726,5797
8.22,-5.7520285,5797
8.1,1.632829,5797
8.1,12.2049465,5797
8.05,7.40619,5797
8.0,3.8095055,5797
8.0,0.46277553,5797
8.0,7.8642426,5797
7.92,5.9851184,5797
7.82,11.356077,5797
7.66,5.833643,5797
7.58,3.0398948,5797
5.84,1.9224396,12047
8.3,11.0612335,5238
7.92,-1.2877921,5238
7.68,-1.3911335,5238
7.52,11.91801,5238
7.5,-1.0311124,5238
7.44,-4.404191,5238
7.41,-5.904333,5238
7.28,-9.875097,5238
6.85,-6.958658,5238
6.63,-9.585341,5238
9.3,9.895375,17541
9.03,17.151976,17541
9.0,10.172331,17541
8.82,8.774026,17541
8.72,2.6763904,17541
7.8,1.0875844,17541
7.72,-2.2382264,17541
7.47,-1.3512444,17541
7.42,0.7840994,17541
7.34,-6.2009196,17541
7.23,8.944422,17541
7.14,-1.4386653,17541
7.11,-0.6279872,17541
6.8,-5.335937,17541
6.77,6.7665787,17541
6.72,-1.1728417,17541
6.52,4.616542,17541
6.21,2.2163627,17541
6.09,-10.045166,17541
6.06,-16.385778,17541
5.89,-12.878814,17541
5.66,-5.4555917,17541
5.5,-0.029742185,17541
5.48,-10.039519,17541
5.41,-18.416126,17541
5.39,-17.24876,17541
9.96,6.854866,13631
9.57,7.057579,13631
9.54,-1.3762046,13631
9.37,13.418111,13631
9.36,5.6853065,13631
9.3,10.530462,13631
9.2,10.410798,13631
9.09,5.980335,13631
9.08,5.8359146,13631
9.05,6.594908,13631
9.04,7.2950473,13631
8.97,4.540433,13631
8.87,2.5324075,13631
8.82,6.8614473,13631
8.71,7.199826,13631
8.67,5.8680086,13631
8.66,5.4803267,13631
8.66,4.189888,13631
8.63,4.130243,13631
8.63,4.4116325,13631
8.54,0.8275392,13631
8.07,-4.7592554,13631
7.97,-2.5077171,13631
7.91,-7.689091,13631
7.53,-6.63136,13631
7.37,-4.9360747,13631
7.17,-9.234616,13631
6.12,1.8797657,5946
4.84,-1.1036181,5946
7.0,-0.74903184,7712
8.1,3.686921,10686
7.7,8.234423,15621
7.3,-6.1416845,15621
7.1,3.547372,15621
6.47,-2.0666068,15621
6.43,0.45502,15621
6.17,-1.1359507,15621
6.0,1.739091,7440
7.09,4.5571814,1576
7.6,1.9988321,4106
7.08,-4.2973404,1293
7.04,2.0170963,1293
6.74,0.73810023,1293
6.63,7.7773857,1293
6.38,-2.1430404,1293
9.77,-0.28500754,12162
9.74,2.385137,12162
9.7,-0.57390153,12162
9.07,0.7570527,12162
9.02,2.177564,12162
9.0,-0.5867122,12162
8.82,-2.2470417,12162
8.68,-3.9150589,12162
7.92,-0.22339296,12162
6.06,-5.1892433,10212
7.82,6.6398673,3442
7.75,8.840215,3442
7.62,2.720029,3442
7.6,3.8543367,3442
7.57,6.935621,3442
7.52,7.578023,3442
7.5,7.9037337,3442
7.46,8.9417305,3442
7.33,10.817398,3442
7.1,7.280476,3442
6.89,-1.96363,3442
6.18,-6.405497,3442
6.16,-6.571301,3442
6.1,-10.419358,3442
4.29,6.991717,3442
4.69,-7.810663,4526
4.2,-2.7570043,4526
6.92,0.29029277,12539
6.84,-0.40909117,17205
6.48,4.2022324,17205
6.32,3.7259421,17205
6.01,7.602207,17205
5.82,-1.3372835,17205
5.71,2.7363346,17205
5.66,3.4737082,17205
5.49,7.811078,17205
5.48,4.74504,17205
5.44,-2.531755,17205
5.42,-0.37299576,17205
5.4,2.938947,17205
5.37,11.78524,17205
5.35,-2.0704205,17205
5.31,3.6732974,17205
8.52,1.5026904,14972
7.85,0.0018525636,854
7.72,-0.8805202,854
7.58,1.1965352,854
7.57,-3.667278,854
7.46,-0.63279396,854
7.46,0.46667233,854
7.44,5.085935,854
7.28,3.318557,854
7.27,1.2681222,854
7.21,-10.076252,854
7.16,-1.5302722,854
7.16,1.9597785,854
7.05,-2.091665,854
7.0,-0.50159335,854
6.91,1.6755112,854
6.89,1.3327712,854
6.79,-6.441085,854
6.72,0.7347468,854
6.69,-2.553707,854
6.63,0.1359663,854
6.47,4.3724523,11721
8.1,4.437177,8360
8.1,5.4669323,8360
7.48,-3.5426705,8360
7.43,-0.20761888,8360
7.07,5.4657726,8360
6.99,-4.106486,8360
6.92,2.290518,8360
6.88,-9.079624,8360
6.65,-2.3885531,8360
6.64,-8.357882,8360
6.55,7.0959663,8360
6.42,2.2766988,8360
6.32,4.9784193,8360
6.27,1.418466,8360
6.23,-0.82247996,8360
6.2,3.2819307,8360
6.09,0.7174752,8360
6.03,1.6934619,8360
5.94,0.6196263,8360
5.9,7.1969147,8360
5.89,2.7938967,8360
5.81,1.9087993,8360
5.81,2.9238288,8360
5.62,-0.054318607,8360
5.62,-1.6766005,8360
5.62,2.7021136,8360
5.61,3.138502,8360
5.59,0.5744574,8360
5.55,-0.6912622,8360
5.54,-5.076868,8360
5.52,-0.16532835,8360
5.4,-1.793815,8360
5.33,-1.0027578,8360
5.29,0.891696,8360
5.26,-0.13992131,8360
5.68,1.9664661,1030
5.53,-5.2379637,1030
5.43,0.47218943,3007
8.4,7.4147577,82
8.4,6.120322,82
8.4,9.593588,82
8.4,3.7615957,82
8.22,6.2994027,82
8.15,4.684227,82
8.1,8.898819,82
8.05,6.8680916,82
7.92,7.7173285,82
7.85,6.8680916,82
7.85,6.8680916,82
7.77,1.4572035,82
7.68,5.5951266,82
7.54,-12.386553,82
7.52,3.4105835,82
7.5,9.669607,82
7.5,-5.377874,82
7.44,2.0709164,82
7.41,-1.4657116,82
7.37,-5.676601,82
7.35,-9.090607,82
7.27,5.1709714,82
7.19,-5.2826242,82
7.14,-1.0107352,82
7.05,-4.016216,82
6.99,-2.739887,82
6.99,-3.725889,82
6.64,-9.375292,82
6.61,-1.8207537,82
9.4,-0.42458558,6787
4.7,-0.91319716,15385
6.9,1.436811,3537
6.22,1.1770204,5476
6.22,1.2513798,5476
6.85,-3.0061872,13721
6.92,7.9391956,4808
6.19,6.6648374,4808
5.88,4.097499,4808
5.55,-2.9389877,4808
5.49,-2.270021,4808
5.4,2.9975219,4808
5.28,2.7287197,4808
5.26,-11.733528,4808
5.2,-5.680187,4808
7.3,4.1852803,2224
7.08,6.84994,2224
5.62,0.023831744,2224
5.96,-1.6397127,13776
5.55,3.6034515,13776
5.41,4.473522,13776
9.0,-13.838454,6697
8.3,-7.3282685,6697
8.3,-12.840142,6697
8.1,-11.649197,6697
8.05,-3.0691648,6697
7.77,5.927807,6697
7.68,8.616119,6697
7.43,1.9124153,6697
7.36,11.951124,6697
7.31,-6.272498,6697
6.94,-14.434637,6697
6.92,-12.926367,6697
6.78,-14.748234,6697
6.75,2.7198179,6697
6.74,-12.5222435,6697
6.65,2.0550728,6697
6.64,-11.301742,6697
6.38,-10.726257,6697
5.67,-5.5226903,6697
5.44,-11.177042,6697
5.36,-11.716436,6697
7.01,2.5004795,11523
6.36,-2.1357045,11523
5.39,-4.3284407,11523
7.82,2.978306,10216
6.99,-5.1436567,12407
6.61,-2.3985794,12407
6.3,0.75950366,12407
6.25,2.842628,12407
6.17,8.6318035,12407
6.11,0.75950366,12407
5.67,2.5042841,12407
6.4,6.8044086,16402
5.6,-8.959693,16402
6.0,0.16994897,2813
9.05,9.169702,9697
8.97,7.7116365,9697
8.96,4.626386,9697
8.74,7.7504425,9697
8.51,6.118038,9697
8.45,1.0427332,9697
8.05,3.5603712,9697
7.98,7.873088,9697
7.85,9.076089,9697
7.83,4.3253326,9697
7.75,3.720228,9697
7.53,4.5439005,9697
7.43,3.864317,9697
7.42,1.9840701,9697
7.2,-2.2354207,9697
7.14,1.1136335,9697
6.96,2.3630228,9697
6.85,2.3630228,9697
6.66,-2.2354207,9697
6.64,-6.0141573,9697
6.31,-7.9375744,9697
5.93,-8.030444,9697
8.0,7.0153456,17481
7.77,4.503873,17481
7.72,9.5289955,17481
7.6,1.2816792,17481
7.57,4.007578,17481
7.03,-5.504505,17481
6.85,5.2784805,17481
6.82,4.225041,17481
6.8,10.699554,17481
6.7,4.222869,17481
6.58,9.3100395,17481
6.51,-1.0073547,17481
6.43,-9.036236,17481
6.32,-6.1040564,17481
6.06,2.43569,17481
5.99,-3.2231493,17481
5.92,8.949889,17481
5.85,7.0493956,17481
5.77,3.177204,17481
5.66,-6.025095,17481
5.48,0.08637171,17481
6.7,2.211397,4360
6.38,0.8274467,8212
8.7,10.895957,6245
8.7,6.453882,6245
8.52,7.3574023,6245
8.52,8.489953,6245
8.52,6.9560785,6245
8.52,8.792773,6245
8.52,7.9757967,6245
8.52,7.3574023,6245
8.52,8.758862,6245
8.4,8.931486,6245
8.4,8.703865,6245
8.4,11.551987,6245
8.4,6.453882,6245
8.3,10.143116,6245
8.15,7.8415775,6245
8.1,9.166818,6245
8.1,7.6453185,6245
8.05,8.973444,6245
8.0,4.557078,6245
7.96,8.758862,6245
7.92,9.519277,6245
7.82,8.619974,6245
7.8,10.714371,6245
7.75,5.648053,6245
7.75,-3.4096563,6245
7.7,8.281916,6245
7.68,-0.86953056,6245
7.64,6.7204328,6245
7.57,3.2508717,6245
7.54,6.6317806,6245
7.42,3.4577181,6245
7.34,3.2508717,6245
7.34,-5.739221,6245
7.33,4.44234,6245
7.27,4.654539,6245
7.26,4.5633287,6245
7.26,6.013415,6245
7.24,3.5511248,6245
7.16,4.5633287,6245
7.14,7.3574023,6245
7.11,-3.3075485,6245
7.08,5.882171,6245
7.07,-3.5145168,6245
7.05,5.7062387,6245
7.02,4.6374044,6245
7.01,-2.0512714,6245
7.01,4.6374044,6245
6.9,6.9560785,6245
6.68,-4.6885056,6245
6.61,3.34814,6245
6.6,-8.754923,6245
6.42,-5.739221,6245
6.32,-18.607431,6245
5.82,-3.3075485,6245
8.7,8.307625,16791
7.82,0.44929528,16791
7.7,6.49294,16791
7.54,6.704412,16791
7.54,6.566618,16791
7.51,1.9840689,16791
7.39,7.405206,16791
6.87,9.318254,16791
6.68,11.852619,16791
6.35,0.56431997,16791
6.35,0.6492895,16791
6.22,5.4095187,16791
6.07,1.1715405,16791
6.04,-10.577129,16791
6.0,-6.045714,16791
7.3,3.475071,2079
4.41,1.5115578,2161
8.52,-2.23397,12636
8.7,-3.5627043,16942
8.52,6.0684934,16942
7.46,4.0435176,16942
7.01,-6.6321874,16942
6.72,-3.5627043,16942
6.49,-6.6321874,16942
5.59,6.0684934,16942
8.82,4.0926523,11882
8.49,1.445894,3165
7.57,-1.4626206,9789
5.82,0.51982856,2260
8.41,7.2166576,12421
7.7,0.63660055,12421
7.65,2.311263,12421
7.52,0.28921387,12421
7.39,4.203055,12421
7.36,0.54214144,12421
7.32,-2.5934277,12421
7.29,1.6125607,12421
7.28,2.8622668,12421
7.21,-0.70448416,12421
7.21,-1.0740939,12421
7.18,1.9279591,12421
6.99,3.4164,12421
6.93,-0.029128265,12421
6.84,-0.79727316,12421
6.43,-6.0550756,12421
7.38,13.627968,16622
6.13,0.16587168,16622
5.62,6.8315024,16622
5.37,-12.8299265,16622
5.36,-14.497845,16622
5.23,-1.3626968,16622
5.16,-0.35302365,16622
5.16,-0.35604298,16622
5.02,-2.0554245,16622
5.0,-11.342538,16622
4.9,0.62230027,16622
4.78,7.918497,16622
4.75,5.982273,16622
4.7,4.708166,16622
4.6,-1.0150917,16622
4.54,-3.166525,16622
4.46,2.9455884,16622
4.4,-1.1751184,16622
4.12,3.5877807,16622
4.01,0.1496853,16622
6.86,1.9305167,12383
6.78,1.3575482,12383
6.63,-0.5271172,12383
8.0,-4.9296613,9370
8.0,11.889168,9370
7.0,-2.6991556,9370
7.0,-5.075862,9370
6.0,-1.2007939,9370
5.8,-2.1091106,3672
9.49,6.371779,12442
9.48,4.4348598,12442
9.47,-4.609022,12442
9.46,3.8290086,12442
9.46,0.5026161,12442
9.44,0.989223,12442
9.36,-6.7488203,12442
8.96,7.002714,12442
8.82,4.7105837,12442
8.74,7.329895,12442
8.0,1.8484697,91
8.0,-0.8150565,91
7.3,1.1158875,91
6.9,6.3393016,11133
6.7,9.173513,11133
6.7,9.648782,11133
6.5,4.9102902,11133
6.4,0.27704617,11133
6.4,1.6622962,11133
6.3,3.9822013,11133
6.2,-0.22641252,11133
6.1,4.0686507,11133
6.1,0.40836036,11133
6.1,2.6041212,11133
6.1,0.17756964,11133
6.0,-8.995641,11133
6.0,-8.237735,11133
5.9,-1.2312255,11133
5.8,10.027195,11133
5.8,-4.002392,11133
5.8,1.6622962,11133
5.7,-8.000858,11133
5.6,-5.009128,11133
5.4,4.32602,11133
5.3,4.2910857,11133
5.2,-14.709066,11133
5.0,-13.607601,11133
4.9,-2.637626,11133
6.96,-4.2561784,9926
5.92,3.3614364,9926
7.46,2.506212,1442
7.2,-5.8171024,15954
7.17,9.044357,15954
6.91,8.90331,15954
6.72,-3.078243,15954
6.6,-1.0346103,15954
6.58,-0.89909846,15954
6.52,6.3691463,15954
6.52,5.643388,15954
6.4,4.8865094,15954
6.23,4.157421,15954
5.94,-0.14798683,15954
5.87,9.401886,15954
6.25,11.399855,8349
5.88,-11.868935,8349
5.88,5.111195,8349
5.46,-9.898669,8349
5.4,-3.2366157,8349
5.44,2.5826483,16522
7.66,4.9276404,15554
7.4,3.5724244,15554
6.66,-1.2527096,15554
6.34,-1.14395,15554
6.04,5.021122,15554
5.5,-4.395158,15554
4.46,-16.13485,15554
8.51,-0.079027735,16508
8.47,2.4843805,16508
8.32,0.2595866,16508
8.12,-0.9328793,16508
8.07,2.6426795,16508
7.54,-0.7195343,16508
7.46,-0.37371406,16508
6.66,-7.692887,16508
7.6,7.9538374,4298
7.54,2.38359,4298
7.52,-0.050676886,4298
7.5,1.731718,4298
7.44,5.7521415,4298
7.43,3.1583793,4298
7.39,-5.5954375,4298
7.38,-2.1635644,4298
7.37,1.9782097,4298
7.36,-1.1258173,4298
7.33,0.6532616,4298
7.31,-0.10760124,4298
7.28,-3.1919856,4298
7.25,-3.4358742,4298
7.24,-2.8854802,4298
7.23,-1.8173743,4298
7.2,-6.4264145,4298
7.16,-7.7762403,4298
7.15,-8.532582,4298
7.12,-7.9847136,4298
8.26,-5.0308805,10285
8.15,2.1863668,10285
8.02,-2.7665522,10285
5.9,7.5532923,10285
6.58,-7.0566106,12323
6.17,6.362199,12323
6.56,0.9249482,5230
7.0,-0.60758096,3174
6.4,0.93807983,3174
6.4,13.041131,3174
5.8,1.6206421,3174
5.5,3.4983459,3174
5.4,-2.9002082,3174
5.4,-6.053344,3174
5.2,12.075163,3174
5.2,-4.7058296,3174
5.1,4.86326,3174
5.1,-0.17387232,3174
5.0,-17.76999,3174
5.0,7.0970445,3174
4.9,7.4272585,3174
4.9,-4.1786356,3174
4.9,-1.1833551,3174
4.9,-1.952695,3174
4.9,13.93805,3174
4.8,-6.358839,3174
4.8,10.101879,3174
4.7,-4.2965193,3174
4.5,2.4107418,3174
4.4,-6.9897966,3174
4.3,-3.5863469,3174
4.1,9.552792,3174
4.0,0.25537232,3174
7.06,-2.406793,13774
5.99,-0.6762832,8600
5.81,8.278604,8600
5.7,-1.9177063,8600
5.48,7.4889507,8600
5.74,-1.5233994,13717
7.92,-1.1322099,8587
6.89,1.991048,12833
6.82,0.7803495,17090
5.93,2.3998508,9964
9.3,10.781431,7762
9.3,6.8434715,7762
9.15,4.0787144,7762
9.05,-0.30079338,7762
9.05,6.5442734,7762
9.05,5.835279,7762
9.0,5.042468,7762
9.0,7.4404855,7762
9.0,1.9878482,7762
8.96,4.0938153,7762
8.89,-1.4638106,7762
8.89,3.0760753,7762
8.89,14.674524,7762
8.85,8.188357,7762
8.85,3.299805,7762
8.85,11.581951,7762
8.82,1.6546313,7762
8.8,6.7791667,7762
8.8,4.270494,7762
8.77,4.9504642,7762
8.72,10.689028,7762
8.68,1.40342,7762
8.68,-1.1432875,7762
8.68,0.32403037,7762
8.62,5.927696,7762
8.6,-4.053458,7762
8.57,-2.1909833,7762
8.55,-1.472302,7762
8.55,2.219666,7762
8.55,7.090985,7762
8.52,1.6713122,7762
8.51,-0.52387506,7762
8.49,7.6695404,7762
8.49,0.26189852,7762
8.48,-0.32994613,7762
8.47,-5.499422,7762
8.43,-0.65208936,7762
8.43,-3.2137716,7762
8.42,-0.23261046,7762
8.41,6.861631,7762
8.41,-3.5857484,7762
8.41,-3.8454928,7762
8.41,-0.23694776,7762
8.4,3.9039156,7762
8.39,-3.3194401,7762
8.38,1.1235852,7762
8.38,0.14939937,7762
8.36,-3.0971966,7762
8.36,6.9768515,7762
8.34,1.8488153,7762
8.3,0.278703,7762
8.3,2.6633918,7762
8.29,-6.003484,7762
8.28,1.2696552,7762
8.26,0.14939937,7762
8.25,-1.0520121,7762
8.25,6.019425,7762
8.22,2.8610523,7762
8.19,-0.65208936,7762
8.19,1.5396832,7762
8.18,-3.0395823,7762
8.17,-4.544193,7762
8.17,-5.740057,7762
8.17,-1.1924894,7762
8.16,-1.6256145,7762
8.14,-4.342357,7762
8.1,7.947076,7762
8.09,-6.1832314,7762
8.09,-3.0395823,7762
8.08,-2.5896037,7762
8.07,-6.2613378,7762
8.06,-6.517067,7762
8.06,3.3119965,7762
8.05,7.1682677,7762
8.03,-4.8149858,7762
8.01,1.205038,7762
8.0,-2.8629622,7762
7.95,6.5518923,7762
7.95,1.4209844,7762
7.9,-1.1790359,7762
7.9,0.2168757,7762
7.9,3.3666458,7762
7.89,-4.5436397,7762
7.85,-3.5914984,7762
7.84,5.492242,7762
7.79,2.6969273,7762
7.79,-4.927125,7762
7.77,-7.809104,7762
7.77,-9.728827,7762
7.76,1.4958031,7762
7.75,-3.3923151,7762
7.72,-0.90091765,7762
7.66,-3.8701386,7762
7.61,-2.0173087,7762
7.6,-5.9653172,7762
7.6,-3.482871,7762
7.58,-4.1319475,7762
7.57,-3.651763,7762
7.57,-10.427468,7762
7.56,-2.3789642,7762
7.51,0.2537536,7762
7.51,-4.562256,7762
7.41,-10.174283,7762
7.41,-9.892455,7762
7.38,-9.246548,7762
7.3,-11.200238,7762
7.28,-5.2391205,7762
7.28,-10.69062,7762
7.26,-14.339704,7762
7.26,0.70672774,7762
7.26,1.4279466,7762
7.21,-8.269305,7762
7.1,-0.34773546,7762
7.09,-11.319179,7762
7.08,-2.7290792,7762
8.96,12.638789,5712
8.52,3.555072,5712
8.52,7.1043453,5712
8.3,2.658745,5712
7.68,-3.4991393,5712
7.66,-0.8048711,5712
7.57,3.555072,5712
7.55,3.4633179,5712
7.38,3.055275,5712
7.27,-1.9997829,5712
7.22,-6.945616,5712
7.2,-10.896047,5712
7.16,-0.7006754,5712
6.75,-5.036037,5712
6.57,-7.560945,5712
6.34,-10.896047,5712
6.15,-8.366973,5712
5.96,-11.980674,5712
5.92,-11.949337,5712
6.3,8.928562,1456
5.92,-0.89223605,1456
4.89,1.8086388,1456
4.51,-4.2304916,1456
4.28,-4.9261765,1456
7.08,6.9518294,13707
6.62,4.2547374,13707
6.46,-0.80720925,13707
6.14,-0.28302065,13707
6.12,-0.85488087,13707
5.96,-3.3302662,13707
5.8,-0.8687164,13707
5.51,1.7303138,13707
5.34,-6.28725,13707
5.09,-8.572947,13707
4.96,5.081308,13707
7.14,2.4528444,7412
7.55,3.2074296,1767
7.13,0.33160886,1767
7.08,-6.4375215,1767
6.96,-8.650432,1767
6.91,-6.370145,1767
6.89,-7.8122115,1767
6.74,-2.0333195,1767
6.71,-5.812627,1767
7.64,-2.3594413,85
7.6,6.6435814,85
6.67,-2.4421253,85
5.4,1.5017085,2130
5.26,1.5463892,15232
8.34,17.909176,14789
8.07,2.4362557,14789
7.96,-3.5345674,14789
7.67,3.8982937,14789
7.46,-11.546162,14789
7.42,0.050953288,14789
6.99,-0.31798595,14789
6.96,-11.683585,14789
6.54,-11.720094,14789
10.0,11.293684,17381
8.85,6.988089,17381
8.82,7.7136416,17381
8.15,4.806822,17381
8.15,2.030671,17381
7.33,-4.294568,17381
7.1,-2.3774667,17381
6.5,-4.719021,17381
9.47,8.911763,15318
8.88,-1.9797205,15318
8.39,-7.8003893,15318
7.82,1.9440738,15318
7.66,-4.54358,15318
6.69,-6.7751617,15318
5.3,1.3993943,2395
7.13,1.1788303,12808
8.0,2.017754,1878
8.0,-1.1674027,1878
7.7,1.2310959,1878
7.52,-0.07354736,1878
7.4,5.276083,1878
7.3,2.3445277,1878
7.3,-6.7378073,1878
7.05,4.492559,1878
7.0,3.6055202,1878
7.28,-7.9207544,11006
9.1,9.358085,15359
9.0,6.2338552,15359
8.4,-9.239527,15359
8.4,6.0841956,15359
8.22,5.0796833,15359
8.1,5.35267,15359
7.92,1.0807238,15359
7.68,-1.8022755,15359
7.44,1.5735025,15359
7.06,6.945999,15359
6.9,3.1231399,15359
6.63,-0.611416,15359
6.42,6.9444327,15359
6.38,8.836934,15359
6.37,-7.9587107,15359
5.8,-12.691823,15359
9.22,-0.38709414,13135
9.11,1.6594,13135
7.96,4.7206435,10157
5.22,1.4491335,17557
8.57,14.895756,10744
8.4,5.7352824,10744
8.29,13.213212,10744
8.24,6.4109416,10744
8.22,4.760628,10744
8.21,8.566043,10744
8.21,9.210018,10744
8.17,4.1888475,10744
8.13,3.6753,10744
8.05,17.972216,10744
8.03,8.25118,10744
8.0,8.194722,10744
7.99,7.854855,10744
7.98,2.7087393,10744
7.96,6.6060524,10744
7.8,4.6302752,10744
7.76,0.23043731,10744
7.68,-4.8105073,10744
7.53,-2.1903305,10744
6.54,3.3376899,11
6.09,-2.6707199,11
5.75,-6.5549664,11
5.72,-2.9197896,11
8.5,6.1078043,4785
8.36,4.3242536,4785
8.32,4.504487,4785
8.25,2.8502574,4785
7.39,-7.147734,4785
7.36,2.6255238,4785
7.27,0.3735695,4785
7.23,-0.23379809,4785
7.19,-2.3732083,4785
7.16,2.4326298,4785
7.12,2.600934,4785
6.81,5.732044,4785
6.81,-4.2094364,4785
6.72,0.48206252,4785
5.75,-0.4843491,1124
10.57,3.1819723,7298
7.58,1.5462606,4562
7.35,-1.6409062,5877
7.41,0.628855,5938
7.26,-2.1761065,5938
6.94,4.369235,5938
8.52,-6.3369784,6440
8.3,-5.0164742,6440
8.22,-8.092325,6440
8.22,3.891965,6440
8.0,-3.5968494,6440
7.6,0.57685953,6440
6.89,-3.7330709,10991
6.8,3.7704825,10991
6.72,0.5319422,10991
6.7,-5.319114,10991
6.66,9.448351,10991
6.54,8.092793,10991
6.52,-3.2899904,10991
6.09,-7.728218,10991
6.05,-5.971853,10991
5.57,3.8419876,10991
5.39,-3.822836,10991
8.14,3.8804202,6802
8.11,1.4820014,6802
7.96,11.05614,6802
7.85,3.2408683,6802
7.82,2.7957857,6802
7.7,-1.5415273,6802
7.68,1.4785572,6802
7.54,-4.0597906,6802
7.33,-2.9139209,6802
6.74,12.293198,4062
6.49,11.390491,4062
5.74,-4.096828,4062
5.47,2.6818929,4062
5.39,5.3461704,4062
5.23,1.5729656,4062
5.02,-7.353752,4062
4.59,1.9789338,4062
4.85,-7.6821146,2092
4.47,3.0813878,11471
7.48,10.772284,5057
7.46,-4.140076,5057
7.12,0.7061075,17830
8.0,7.561198,324
8.0,-12.179413,324
7.4,9.534374,324
7.3,0.17021093,324
7.16,0.91701025,324
7.1,11.17085,324
7.05,6.475214,324
6.89,2.141145,324
6.77,2.3495417,324
6.7,8.377366,324
6.55,7.0512753,324
6.52,5.111557,324
6.4,-2.4486127,324
6.28,-7.540625,324
6.16,4.158555,324
5.92,6.6604357,324
5.77,4.5661263,324
5.75,5.297996,324
5.7,8.349994,324
5.52,11.224698,324
5.52,2.4685035,324
5.19,7.2924337,324
5.14,10.261314,324
5.08,6.0195107,324
5.0,9.295812,324
4.88,4.199856,324
4.68,12.182665,324
4.6,13.452457,324
4.55,13.711205,324
4.3,-18.627289,324
7.57,2.1587062,5278
8.52,-6.0033965,17694
8.52,2.7884247,17694
8.52,11.573944,17694
8.52,6.228965,17694
8.4,1.1458752,17694
8.4,-15.166065,17694
8.3,7.3969035,17694
8.3,8.272606,17694
8.22,-7.170091,17694
8.15,3.2600162,17694
8.15,-4.1784053,17694
8.15,-0.20588952,17694
8.1,-3.7802956,17694
8.05,7.516057,17694
8.0,-2.9055417,17694
8.0,9.107012,17694
8.0,10.129065,17694
7.96,3.0551095,17694
7.96,-6.7558107,17694
7.92,9.133834,17694
7.89,0.3673163,17694
7.85,10.804535,17694
7.8,7.762718,17694
7.8,10.486046,17694
7.6,7.8531837,17694
7.51,-8.113115,17694
7.5,-5.4102664,17694
7.43,9.765863,17694
7.05,2.0666661,17694
6.85,1.3631408,17694
5.16,6.1747665,17694
5.36,1.4901605,3736
9.15,0.46656835,12166
9.1,2.2361212,12166
9.05,-0.40832424,12166
6.43,2.0394328,8486
9.96,2.3708925,1577
9.8,2.7859874,1577
9.64,0.30284262,1577
9.46,-0.76285267,1577
9.42,4.0309587,1577
9.42,-3.1555212,1577
9.39,-0.96647716,1577
9.3,2.256597,1577
9.29,3.5809317,1577
9.28,1.4631463,1577
9.21,-1.1719209,1577
9.15,-0.20551881,1577
9.11,0.6365165,1577
9.0,1.9359714,1577
8.92,1.4631463,1577
8.92,-0.9839156,1577
8.85,1.4815416,1577
8.85,2.013226,1577
8.72,3.9842327,1577
8.7,-7.260661,1577
8.64,2.9737735,1577
8.14,-0.27471575,1577
8.02,1.3281031,1577
8.0,1.4761814,1577
7.21,-4.32161,1577
7.29,-3.2462566,13416
6.7,2.451587,13416
5.42,4.487768,13416
5.41,2.1879783,13416
8.0,2.2892709,2879
6.0,-4.1485896,2879
6.73,-1.2478805,13004
7.57,0.75960207,1995
8.27,4.8501234,120
7.87,4.8501234,120
7.68,13.396992,120
7.27,-7.8010106,120
7.01,-12.870775,120
7.0,-11.099321,120
5.68,-9.215702,120
5.58,-15.953297,120
4.58,-6.7371426,120
6.51,2.7544353,8534
6.38,9.08862,8534
6.38,-5.632619,8534
6.14,4.402137,8534
6.09,-0.7570874,8534
6.08,-3.08113,8534
6.03,-7.154457,8534
5.96,-2.0995133,8534
5.89,-10.60363,8534
5.79,0.70425427,8534
5.25,-4.0101485,8534
8.7,-0.9165627,9572
9.8,15.229047,6040
9.77,7.965113,6040
9.74,-7.1421294,6040
9.71,-0.0057345508,6040
9.7,14.377005,6040
9.7,0.61412764,6040
9.68,12.091884,6040
9.68,17.521114,6040
9.66,-18.522343,6040
9.66,10.106467,6040
9.66,6.0107803,6040
9.64,-7.2812266,6040
9.62,6.6319494,6040
9.6,5.825938,6040
9.6,-7.9247875,6040
9.59,6.2787814,6040
9.59,5.2133503,6040
9.57,5.111553,6040
9.57,-4.4411125,6040
9.49,9.694093,6040
9.49,14.610123,6040
9.48,14.372501,6040
9.47,-13.664661,6040
9.46,7.706631,6040
9.43,-3.898319,6040
9.43,-7.370357,6040
9.42,-2.7077498,6040
9.41,5.996501,6040
9.39,9.623716,6040
9.37,9.088682,6040
9.37,10.62466,6040
9.35,15.229047,6040
9.35,-1.9013907,6040
9.35,8.80055,6040
9.28,-2.7822807,6040
9.28,8.618244,6040
9.24,3.220591,6040
9.24,-0.42644963,6040
9.17,6.570142,6040
9.14,0.18621793,6040
9.11,4.845349,6040
9.07,8.565181,6040
9.06,-4.5041766,6040
9.06,11.243098,6040
9.03,-3.6022027,6040
9.0,-6.0780573,6040
8.92,0.9292077,6040
8.9,-9.204406,6040
8.8,-2.6278214,6040
8.72,1.4353248,6040
8.7,-8.615655,6040
8.58,1.0409079,6040
8.43,2.3035383,6040
6.79,0.6046447,4435
7.4,6.6640944,15570
7.17,4.475955,15570
7.0,8.944284,15570
6.47,3.819574,15570
6.37,10.7183275,15570
6.34,-2.6103644,15570
6.3,3.233552,15570
6.07,-3.3641725,15570
5.66,4.9821844,15570
5.58,-4.3850975,15570
5.44,0.58615136,15570
5.43,4.457377,15570
5.25,-3.275738,15570
5.11,-7.599289,15570
5.0,-5.5900197,15570
4.96,1.7095251,15570
4.75,-1.5805877,15570
4.6,2.7257357,15570
4.51,1.1852875,15570
4.47,-2.4129288,15570
4.43,-1.583657,15570
4.37,-1.8716279,15570
4.01,-1.1229092,15570
5.62,1.5264368,16246
8.46,2.110546,16968
5.41,-8.750077,5344
5.07,5.788666,5344
6.42,2.0669353,14578
6.82,0.60400224,2665
7.22,4.4998684,7001
7.16,0.24229547,7001
6.89,-9.765122,7001
6.82,2.9132288,7001
6.7,3.6181774,7001
6.66,0.9481087,7001
6.64,1.2047073,7001
6.55,2.274316,7001
6.55,2.8904195,7001
6.38,0.24999523,7001
6.35,1.9771566,7001
6.34,-4.266515,7001
6.16,-1.6562306,7001
5.92,-1.4772829,7001
5.72,6.2339025,7001
5.57,-1.4427137,7001
5.37,-8.637456,7001
5.34,-12.666943,7001
5.32,4.124897,7001
4.7,-5.606148,7001
4.6,-4.376391,7001
9.0,2.3090115,7724
8.7,2.9644942,7724
8.7,-0.086063296,7724
8.7,-5.0671935,7724
8.52,-2.917958,7724
8.52,-0.37704533,7724
8.52,4.662908,7724
8.52,5.233134,7724
7.82,4.440018,7724
7.75,6.089101,7724
7.68,3.823678,7724
7.51,4.49294,7724
7.33,6.612933,7724
6.3,0.19386563,7724
5.98,-12.224502,7724
9.0,0.5598804,6195
9.0,4.1984515,6195
8.85,-0.6239128,6195
8.76,9.375304,6195
8.7,-0.027399134,6195
8.7,2.606623,6195
8.7,-11.635685,6195
8.68,2.0871112,6195
8.66,10.584612,6195
8.66,3.6207416,6195
8.63,8.740719,6195
8.59,7.2154665,6195
8.55,1.3703161,6195
8.55,8.2121105,6195
8.52,-1.6540246,6195
8.52,2.8703258,6195
8.48,4.5648994,6195
8.47,-0.37721872,6195
8.47,2.1736093,6195
8.47,6.1117377,6195
8.44,7.2758217,6195
8.42,5.2955475,6195
8.4,-0.25495428,6195
8.4,4.8267107,6195
8.4,9.922934,6195
8.38,0.578248,6195
8.38,-0.024682675,6195
8.33,8.173034,6195
8.31,0.7005664,6195
8.31,2.6877856,6195
8.3,4.310723,6195
8.3,3.6194968,6195
8.28,5.7681623,6195
8.28,7.842802,6195
8.28,8.10908,6195
8.22,0.29244503,6195
8.21,-1.0052263,6195
8.21,5.088006,6195
8.2,8.34858,6195
8.19,-0.81663805,6195
8.15,1.4615644,6195
8.15,3.3926811,6195
8.11,8.20763,6195
8.11,0.78456587,6195
8.09,9.014133,6195
8.06,0.022964295,6195
8.01,2.5336227,6195
8.0,6.5448923,6195
8.0,6.8396945,6195
7.94,1.6304231,6195
7.8,15.115462,6195
7.79,2.508739,6195
7.78,1.0105717,6195
7.78,-1.4147043,6195
7.77,4.7031136,6195
7.64,-11.018333,6195
5.5,-9.079799,6195
9.42,5.733771,14734
9.19,-6.382315,14734
9.17,7.6854424,14734
9.14,-0.41291928,14734
9.13,-5.8430247,14734
8.96,4.3570786,14734
8.8,-8.006486,14734
8.53,-3.7881396,14734
8.52,-3.1227186,14734
8.24,4.4597397,14734
8.08,-2.1294014,14734
7.86,9.421977,14734
7.6,-11.329738,14734
6.78,-9.338152,14734
6.74,-2.3635426,14734
6.67,-11.978315,14734
6.6,-1.2612807,14734
6.59,-3.421037,14734
6.45,-1.2088331,14734
6.45,-4.8335395,14734
5.4,0.4826913,14734
8.21,-1.4819045,3547
8.11,18.194744,3547
8.04,-6.7605166,3547
6.59,11.799637,17293
5.69,-5.0762224,17293
5.17,1.067389,17293
5.08,-3.458092,17293
6.07,1.4875779,9367
4.77,0.3352088,13179
4.72,-0.80991703,13179
6.83,0.2794717,11150
5.61,8.878772,11150
6.06,-0.57809347,4595
6.0,1.9991828,12426
6.92,4.8794374,16166
6.8,6.3009796,16166
6.47,-1.071628,16166
6.36,0.5428065,16166
6.34,-4.2559204,16166
6.31,-2.1063693,16166
6.29,6.6350536,16166
6.25,-0.8250514,16166
6.23,10.146417,16166
6.23,1.095965,16166
6.17,-7.152276,16166
6.11,-7.113708,16166
6.05,0.9651123,16166
5.9,-15.626383,16166
5.83,-14.257982,16166
5.83,-6.391823,16166
5.48,-15.223225,16166
8.09,14.830321,319
8.01,3.6181946,319
7.85,6.460265,319
7.75,7.9721723,319
7.66,9.864934,319
7.6,6.2684107,319
7.6,7.6054964,319
7.44,5.942322,319
7.35,0.5389537,319
7.3,6.673444,319
7.24,4.23677,319
7.16,1.3896154,319
7.08,1.0760826,319
7.07,2.8303673,319
7.03,1.9143485,319
6.72,-5.957692,319
6.6,-5.994754,319
6.52,-6.790973,319
6.41,-9.80562,319
5.62,-15.936899,319
5.64,0.5613847,7025
8.0,18.476637,15350
7.89,10.323008,15350
7.66,7.608229,15350
7.52,12.881029,15350
7.48,-7.9562187,15350
7.46,18.456678,15350
7.16,3.6285918,15350
7.12,-3.5962744,15350
7.12,9.555106,15350
7.1,-1.3811368,15350
7.05,8.043325,15350
6.92,10.806072,15350
6.92,-0.17412065,15350
6.89,9.1102915,15350
6.89,0.47997946,15350
6.7,11.907811,15350
6.7,1.2326096,15350
6.62,4.1655784,15350
6.6,-0.6849844,15350
6.52,-3.059049,15350
6.48,15.716444,15350
6.46,8.402015,15350
6.4,17.933393,15350
6.4,7.511453,15350
6.3,-2.5173788,15350
6.3,-15.539474,15350
6.22,0.90402657,15350
6.22,-9.212354,15350
6.16,0.20437586,15350
6.1,12.576067,15350
6.05,-2.9925456,15350
5.92,-19.632998,15350
5.89,2.6008747,15350
5.89,0.84375715,15350
5.85,-1.0926534,15350
5.82,-10.901492,15350
5.7,13.043886,15350
5.7,12.1338625,15350
5.7,-9.1458,15350
5.66,13.954825,15350
5.66,5.7858763,15350
5.64,-19.532402,15350
5.4,-21.521772,15350
5.38,11.231378,15350
5.37,-11.520886,15350
5.3,-3.654353,15350
5.28,-2.0624197,15350
5.26,3.8828957,15350
5.0,-11.490453,15350
4.92,-0.41626704,15350
4.8,-6.3186,15350
4.62,-9.995655,15350
4.39,13.559103,15350
6.32,4.156959,17272
9.0,-0.40273902,12892
6.39,2.848117,11460
6.3,7.757709,11460
5.89,-2.067584,11460
5.73,-2.5085597,11460
5.66,1.758247,11460
5.58,-4.3562865,11460
5.52,-0.504479,11460
5.52,-5.014587,11460
5.51,-0.694092,11460
5.5,-6.6006927,11460
5.48,10.248621,11460
5.2,-1.4991046,11460
5.17,-2.9499393,11460
5.1,0.78644896,11460
5.62,1.4421915,15912
5.32,1.3043467,10553
7.28,-1.1742097,265
6.72,7.911394,9390
6.39,-9.641961,9390
7.25,-3.7899384,8664
6.62,-1.7412261,8664
5.92,2.3916495,1384
5.62,0.93316054,5844
7.28,4.621608,12772
6.72,-2.772534,12772
6.35,-9.236261,12772
8.55,7.3525825,11326
8.49,1.5636544,11326
8.35,-0.5184289,11326
6.22,-8.901699,1420
7.51,12.079679,15636
7.28,10.574201,15636
6.62,5.012358,15636
6.52,4.382371,15636
6.46,-3.133136,15636
5.77,-1.4415454,15636
5.72,4.155105,15636
5.7,1.4226063,15636
5.6,-7.593299,15636
8.7,15.671486,10841
8.7,10.086433,10841
8.7,12.727361,10841
8.7,3.4142864,10841
8.7,6.680444,10841
8.7,13.631859,10841
8.52,6.43096,10841
8.4,6.91681,10841
8.3,-16.128593,10841
8.05,0.3719272,10841
7.58,-3.820081,10841
8.43,2.0120747,8092
8.37,3.2101097,8092
8.29,2.298304,8092
8.28,-8.797663,8092
8.22,-7.304224,8092
8.21,-2.5677407,8092
8.19,-0.9827184,8092
8.19,-8.483398,8092
8.15,-0.3789901,8092
8.12,-0.54534703,8092
8.11,-5.4162216,8092
8.11,-5.33212,8092
8.1,-1.4255748,8092
8.09,-3.6446965,8092
8.05,-7.291523,8092
8.0,0.20030297,8092
7.99,-1.0643731,8092
7.96,3.3057117,8092
7.9,-2.680052,8092
7.88,-4.635316,8092
7.86,-2.2769847,8092
7.85,3.0566583,8092
7.84,-10.289783,8092
7.77,-2.7442615,8092
7.7,5.4160547,8092
7.7,-4.2034545,8092
7.65,-0.91312146,8092
7.65,-1.2799811,8092
7.64,-2.1731188,8092
7.6,2.5768914,8092
7.59,-6.99528,8092
7.58,4.6558094,8092
7.58,6.020782,8092
7.56,-1.6712816,8092
7.39,3.8777397,8092
7.31,3.768786,8092
7.24,3.4792216,8092
7.17,-5.90303,8092
7.1,4.5394597,8092
7.07,3.2763743,8092
7.02,3.4792216,8092
6.9,2.627715,8092
6.82,5.166959,8092
6.26,-8.2115135,8092
6.22,-0.3180602,8092
5.51,6.184806,8092
5.24,0.8264054,16732
8.7,-11.328826,4540
8.52,-10.076115,4540
8.4,-10.076115,4540
8.1,-10.076115,4540
7.33,4.9481807,4540
7.96,-0.7437636,5277
7.89,1.2346897,5277
7.85,1.8322623,5277
7.85,-0.08615686,5277
7.7,-5.66133,5277
7.64,0.40527374,5277
7.58,11.729593,5277
7.0,-6.487148,5277
6.92,-6.3718915,5277
6.37,-9.947474,5277
8.6,7.057433,1139
8.52,-11.65825,1139
7.96,4.3281403,1139
7.32,-7.068722,1139
4.79,-2.3956115,16695
4.67,0.42578068,16695
4.58,-5.1406503,16695
4.51,7.182932,16695
7.24,1.9467334,3607
5.16,-9.014179,14079
8.55,2.284396,14840
7.47,-0.5013637,1343
5.8,9.323233,3862
5.55,4.925506,3862
5.5,-11.927552,3862
8.15,1.7367086,3592
7.96,0.8237567,3592
7.85,-3.0550497,3592
7.12,3.3314347,3592
7.11,-6.360916,3592
6.96,-2.9897077,3592
6.82,-4.5554485,3592
6.8,-2.6043537,3592
6.77,-2.3816211,3592
6.6,-2.4863307,3592
6.57,-2.4680667,3592
6.55,-5.898128,3592
6.52,-4.918344,3592
6.42,-3.400997,3592
6.39,-2.195006,3592
6.28,1.8725526,3592
6.24,-1.9253936,3592
6.01,-4.007174,3592
5.8,-7.721883,3592
5.8,-9.000728,3592
5.8,-6.6029644,3592
5.4,-0.1530655,3592
5.14,-3.2622318,3592
7.41,0.64684373,10249
6.8,-0.8428809,7430
8.7,-2.2363484,4631
9.29,-1.5242187,11264
8.86,2.023659,11264
8.85,1.3370721,11264
8.56,0.7585237,11264
8.45,2.5492404,11264
8.35,1.0249038,11264
7.78,3.3373861,11264
7.64,2.3568275,11264
7.36,1.4568069,11264
7.34,1.2658294,11264
7.21,0.17272288,11264
7.2,1.3201313,11264
7.19,4.539303,11264
7.11,5.893611,11264
6.99,-0.9856521,11264
6.89,0.89110124,11264
6.78,8.164081,11264
6.66,-1.5643257,11264
6.33,-1.972841,11264
6.0,-6.6140366,11264
5.84,-10.647606,11264
5.42,1.3716292,11264
4.47,-6.556467,11264
8.3,-0.9850578,5379
8.52,3.7728555,1068
8.4,1.3226808,1068
8.4,7.899867,1068
8.15,6.733713,1068
8.15,0.8964919,1068
8.15,2.0731037,1068
8.15,3.6208558,1068
7.85,-2.740289,1068
7.8,0.5211054,1068
7.7,1.6265919,1068
7.5,-1.1377158,1068
7.3,2.0559158,1068
7.08,-3.5549555,1068
6.88,-1.615666,1068
6.77,-0.94214934,1068
6.65,-4.307465,1068
6.56,-2.4732726,1068
9.0,-5.1773205,10565
9.0,0.30732194,10565
8.52,-8.1893215,10565
8.52,7.54194,10565
8.52,3.7514324,10565
8.4,4.140846,10565
8.3,4.7790403,10565
7.8,-4.884307,10565
7.68,3.4900222,10565
7.68,-3.4971519,10565
7.05,-14.447486,5756
6.91,4.8527784,5756
6.56,5.2150173,5756
7.74,-8.980107,2876
7.67,-8.078878,2876
7.63,-3.672893,2876
7.62,7.031168,2876
7.62,-6.047162,2876
7.53,-8.668927,2876
7.5,-3.636053,2876
7.47,-9.103604,2876
7.42,8.528446,2876
7.42,-2.388844,2876
7.4,-5.817869,2876
7.38,-4.446463,2876
7.34,2.11004,2876
7.32,7.386976,2876
7.28,7.7462907,2876
7.25,5.025435,2876
7.2,6.3217754,2876
7.2,5.371731,2876
7.19,-0.6494813,2876
7.18,1.164427,2876
7.16,-8.121073,2876
7.15,4.717177,2876
7.12,1.9887985,2876
7.08,6.3827677,2876
7.08,-0.3339734,2876
7.05,-3.6474226,2876
7.02,-1.5250665,2876
6.97,2.7163115,2876
6.94,1.8452464,2876
6.94,2.747975,2876
6.75,15.031995,2876
6.71,2.6435912,2876
6.49,1.0351876,2876
6.38,15.685187,2876
6.34,14.731514,2876
6.27,4.003957,2876
6.19,10.765574,2876
10.17,-2.9280238,9588
10.11,2.5202012,9588
10.1,1.2097228,9588
9.96,0.6134514,9588
9.85,8.007884,9588
9.8,-4.549961,9588
9.77,-4.8596196,9588
9.74,-9.535785,9588
9.68,2.1977482,9588
9.68,-0.18315127,9588
9.64,-4.824594,9588
9.62,-6.100351,9588
9.49,-5.9835815,9588
9.42,1.5211873,9588
9.34,-0.5756145,9588
9.23,-2.856424,9588
9.09,0.7032713,9588
8.96,-2.1858315,9588
8.96,-13.750798,9588
8.92,7.18063,9588
8.92,-7.4992447,9588
8.62,3.454448,9588
8.46,-3.5122538,9588
8.14,1.3213526,9588
8.04,-5.2930164,9588
8.03,-12.1414385,9588
7.92,-0.34642488,9588
7.92,-8.869641,9588
7.8,0.24243441,9588
7.44,-5.551226,9588
7.09,-6.4538856,9588
7.04,-11.609936,9588
6.26,-5.1910605,9588
8.57,0.5614715,15965
8.37,8.345456,15965
8.36,6.8460355,15965
8.35,2.1266863,15965
8.33,3.3431273,15965
8.32,6.6336846,15965
8.26,-4.6863155,15965
7.82,1.9687691,15965
7.8,4.9135137,15965
7.7,6.2619834,15965
7.68,-7.5625687,15965
7.64,-5.786526,15965
6.9,-8.431658,15965
7.08,2.5283432,15958
6.75,8.133659,15958
6.3,-3.9497874,15958
8.05,7.570874,17252
6.89,9.432086,17252
6.36,6.952105,17252
5.75,-1.6613147,17252
4.96,-7.8494897,17252
7.54,3.5065744,15808
7.01,-11.267328,15808
6.89,-2.1742897,15808
6.85,7.5229254,15808
6.76,-13.36555,15808
6.75,-13.465344,15808
6.71,-4.1178956,15808
6.68,9.461718,15808
6.53,-11.94521,15808
6.04,-4.727354,15808
5.85,-9.636055,15808
5.66,-2.6438942,4524
5.06,-9.443925,4524
4.71,-10.616496,4524
6.32,-0.9636045,15761
6.72,-1.018478,1614
7.92,6.25316,10754
6.48,6.3464947,10754
5.19,-4.8580256,10754
8.4,-1.6926938,4312
9.92,-6.3012857,7382
9.57,-5.4486284,7382
9.19,-0.7465975,7382
9.16,-1.7096976,7382
8.72,7.3077207,7382
8.44,4.004699,7382
8.38,6.490661,7382
8.24,-4.8873253,7382
8.19,-4.5579286,7382
8.16,4.3163295,7382
8.02,-7.652912,7382
8.0,-5.7474422,7382
7.94,-5.5027075,7382
8.6,-6.9059234,12405
8.41,-5.3911157,12405
8.21,-3.2095656,12405
8.19,-8.590734,12405
8.12,-6.218758,12405
8.0,-6.960364,12405
7.98,1.5639511,12405
7.87,-8.916504,12405
7.81,2.681653,12405
7.79,2.5587082,12405
7.72,-8.089269,12405
7.71,-8.711169,12405
7.68,0.16887477,12405
7.66,-8.037607,12405
7.62,-6.122297,12405
7.6,-1.9180217,12405
7.38,-8.408881,12405
7.31,-10.64329,12405
6.3,-9.41794,12405
6.11,-2.4998612,12405
6.27,1.7321224,3147
7.21,0.5411353,11904
7.15,1.7405251,11904
6.11,6.8484855,7157
6.1,4.2444997,7157
6.03,-2.988666,7157
5.96,-6.858359,7157
5.79,-6.8777013,7157
7.05,9.94521,4682
6.82,-7.481735,4682
6.7,-7.100827,4682
6.62,-3.0538023,4682
6.6,-3.530988,4682
6.6,-5.917258,4682
6.5,-4.5815463,4682
6.36,-0.74455696,4682
6.19,-7.1701627,4682
5.81,6.032894,4682
5.7,-2.6909194,4682
5.47,-3.4101117,4682
7.21,2.7452977,8641
9.0,0.28058824,100
6.33,-0.1139928,9746
7.22,-0.33355293,10431
6.31,-1.5074681,5794
6.01,4.6413674,5794
6.11,3.2289581,5838
7.66,3.7919123,4801
5.41,-2.0381088,3022
6.43,2.1368754,14580
9.3,13.715277,9360
9.15,4.7628236,9360
9.15,12.502467,9360
8.15,10.863491,9360
7.82,-5.1607122,9360
7.77,1.0296278,9360
7.43,0.037260946,9360
7.2,8.165599,9360
7.17,-12.120354,9360
7.01,3.4655726,9360
6.81,-6.7130895,9360
6.57,4.2817497,9360
6.43,-7.4136496,9360
6.42,-11.755564,9360
6.38,-6.9121304,9360
6.35,-2.8497696,9360
5.83,-1.4409286,9360
5.8,-8.614279,9360
5.69,-12.510294,9360
5.53,-10.618491,9360
5.32,-2.7722423,9360
7.2,-2.9145892,4556
8.24,0.38941595,9954
5.21,-0.59911937,17444
4.96,-7.1870346,17444
4.93,1.6846073,17444
4.86,2.3510964,17444
6.01,-2.8329244,16226
5.85,6.236835,16226
5.72,-6.4103775,16226
5.66,-7.35439,16226
5.6,5.0785413,16226
5.54,-1.171492,16226
5.47,-1.0781788,16226
5.39,-5.277233,16226
5.34,2.1295915,16226
5.33,2.502825,16226
5.3,0.22106652,16226
5.25,8.800065,16226
5.2,-11.511133,16226
5.2,3.231805,16226
5.18,-9.11603,16226
5.13,-8.595538,16226
5.1,-3.6795988,16226
5.09,2.6778927,16226
5.02,-13.317509,16226
4.99,-15.335218,16226
4.97,-7.7460036,16226
4.9,-15.691657,16226
4.9,-13.164562,16226
4.9,-1.6172116,16226
4.89,5.1303954,16226
4.86,-3.122625,16226
4.82,-9.366125,16226
4.75,0.9974656,16226
4.7,-8.22373,16226
4.59,-0.49223608,16226
4.45,-1.3485663,16226
4.44,-16.124516,16226
6.01,-3.6926048,4660
5.84,9.42945,4660
5.55,5.06094,4660
4.87,6.9895062,4660
5.0,2.9310653,1254
9.2,2.5066528,7922
9.01,7.3209367,7922
8.98,11.127939,7922
8.97,11.367164,7922
8.94,11.502665,7922
8.86,14.070609,7922
8.85,9.169233,7922
8.82,10.475687,7922
8.77,12.33948,7922
8.73,5.94446,7922
8.7,12.903453,7922
8.69,1.6504943,7922
8.69,10.494085,7922
8.67,9.741803,7922
8.66,10.364756,7922
8.65,7.0148907,7922
8.65,9.826279,7922
8.65,11.818487,7922
8.65,9.580192,7922
8.62,10.44756,7922
8.62,-5.469816,7922
8.56,8.444059,7922
8.55,9.327379,7922
8.54,7.8428454,7922
8.53,13.946939,7922
8.51,2.839657,7922
8.49,11.984226,7922
8.49,10.451296,7922
8.43,9.269624,7922
8.41,2.6188881,7922
8.39,10.667466,7922
8.37,3.5686703,7922
8.37,13.555893,7922
8.33,10.372328,7922
8.32,3.2672496,7922
8.32,9.965317,7922
8.31,10.866913,7922
8.29,8.787177,7922
8.26,10.297979,7922
8.23,10.752554,7922
8.19,2.6284134,7922
8.19,10.2628565,7922
8.18,2.315513,7922
8.16,8.736215,7922
8.15,-1.6504966,7922
8.12,10.752225,7922
8.11,10.414275,7922
8.11,9.654312,7922
8.08,8.847756,7922
8.06,6.410197,7922
8.05,5.25634,7922
8.01,7.3020897,7922
7.97,9.282734,7922
7.96,9.474867,7922
7.96,9.865383,7922
7.96,9.378115,7922
7.92,6.1283727,7922
7.89,-0.85200936,7922
7.87,8.576058,7922
7.87,7.3750587,7922
7.86,6.2214556,7922
7.85,7.666665,7922
7.84,-0.759502,7922
7.79,2.9830124,7922
7.78,5.6688247,7922
7.78,8.067928,7922
7.77,6.5037203,7922
7.72,4.506647,7922
7.71,-0.16008471,7922
7.71,9.27962,7922
7.71,11.682645,7922
7.7,6.1283727,7922
7.7,11.397879,7922
7.7,8.63517,7922
7.68,11.835216,7922
7.68,3.5345,7922
7.68,10.104796,7922
7.68,4.737385,7922
7.67,6.7379036,7922
7.64,-0.3869635,7922
7.62,3.825088,7922
7.61,4.872681,7922
7.61,8.067928,7922
7.6,10.827907,7922
7.6,9.290321,7922
7.59,-3.2562654,7922
7.59,-0.37725818,7922
7.58,6.8080664,7922
7.57,-0.37725818,7922
7.55,9.942382,7922
7.54,5.839638,7922
7.54,-10.191964,7922
7.53,7.6571608,7922
7.52,5.5427923,7922
7.52,8.717581,7922
7.51,-3.5517974,7922
7.5,2.2609193,7922
7.49,9.194974,7922
7.48,-6.9361115,7922
7.47,5.8395667,7922
7.46,2.2600951,7922
7.46,10.505855,7922
7.45,5.114594,7922
7.45,-5.880812,7922
7.45,4.5873365,7922
7.43,11.159788,7922
7.42,6.4479337,7922
7.41,-5.0497036,7922
7.41,3.174387,7922
7.39,6.5390897,7922
7.39,3.5401175,7922
7.37,7.9049516,7922
7.36,9.805738,7922
7.33,4.971035,7922
7.33,8.43877,7922
7.31,7.4518304,7922
7.31,2.7308106,7922
7.28,5.7991843,7922
7.27,5.1943946,7922
7.26,-0.8699992,7922
7.24,0.32590872,7922
7.24,0.19813597,7922
7.23,6.5625973,7922
7.23,6.1721888,7922
7.23,-3.2029216,7922
7.23,5.033181,7922
7.22,-9.813497,7922
7.22,-4.577235,7922
7.2,4.1553535,7922
7.19,6.732339,7922
7.16,4.935392,7922
7.15,-3.0356066,7922
7.13,6.2960725,7922
7.12,-0.30831558,7922
7.11,-6.197894,7922
7.1,6.645899,7922
7.1,2.091481,7922
7.09,-2.2611063,7922
7.08,3.9147274,7922
7.07,11.189348,7922
7.06,2.2181182,7922
7.05,10.24249,7922
7.05,10.173384,7922
7.04,0.840899,7922
7.04,0.42324257,7922
7.0,-0.6163686,7922
6.98,-8.542071,7922
6.98,6.030631,7922
6.97,9.72698,7922
6.96,-6.047424,7922
6.94,4.305086,7922
6.94,-7.699454,7922
6.93,7.5605316,7922
6.91,0.13035308,7922
6.87,-6.733828,7922
6.86,1.2715735,7922
6.85,-9.098546,7922
6.85,4.092122,7922
6.84,-2.9740012,7922
6.84,13.8352,7922
6.83,8.143412,7922
6.81,-7.5925455,7922
6.8,4.3085318,7922
6.8,1.2949461,7922
6.8,10.892163,7922
6.78,-6.708479,7922
6.76,5.1969824,7922
6.73,-3.6363287,7922
6.72,4.1763434,7922
6.71,-6.83279,7922
6.68,11.996263,7922
6.67,1.9939288,7922
6.67,4.91451,7922
6.65,1.7748414,7922
6.64,-7.3177624,7922
6.64,-0.031202469,7922
6.63,-9.01805,7922
6.62,-4.764906,7922
6.62,-2.155507,7922
6.61,-10.204664,7922
6.61,-2.4141386,7922
6.61,6.436417,7922
6.6,-0.3587947,7922
6.57,0.89572084,7922
6.57,-13.775811,7922
6.56,-11.709098,7922
6.54,-6.072099,7922
6.52,8.6313095,7922
6.52,-1.4735515,7922
6.52,6.480537,7922
6.5,3.5168092,7922
6.49,-5.5778875,7922
6.46,6.0813036,7922
6.44,1.9325749,7922
6.42,-5.944212,7922
6.42,12.275337,7922
6.41,-1.1593742,7922
6.4,2.848623,7922
6.39,-4.158596,7922
6.35,3.7307336,7922
6.34,3.9839003,7922
6.34,2.436951,7922
6.32,-11.194336,7922
6.3,-2.3353944,7922
6.3,3.4618418,7922
6.27,-5.500676,7922
6.27,3.126657,7922
6.27,1.321463,7922
6.26,-4.9574294,7922
6.25,-1.6370645,7922
6.25,-5.806294,7922
6.24,-4.75288,7922
6.22,3.0179064,7922
6.21,-9.475128,7922
6.21,-11.923185,7922
6.19,1.4667366,7922
6.19,10.598825,7922
6.17,1.4900116,7922
6.17,-5.300753,7922
6.16,-2.8498993,7922
6.16,-7.1074686,7922
6.15,5.42217,7922
6.14,-12.96754,7922
6.13,5.9893203,7922
6.13,-7.221961,7922
6.12,5.5593405,7922
6.11,-10.590947,7922
6.08,-4.742302,7922
6.08,1.5806857,7922
6.07,-2.7794182,7922
6.07,-7.3687015,7922
6.01,-1.0423912,7922
5.98,-7.193096,7922
5.91,-7.533722,7922
5.91,-0.9488201,7922
5.91,-5.935607,7922
5.87,-0.739219,7922
5.84,-7.5899057,7922
5.83,-14.397454,7922
5.83,-10.9965925,7922
5.81,-1.7067721,7922
5.81,-8.969639,7922
5.79,-13.735458,7922
5.77,-5.546715,7922
5.75,-14.698833,7922
5.74,-9.403694,7922
5.71,-16.109655,7922
5.66,-12.62879,7922
5.62,0.3963387,7922
5.6,-9.751491,7922
5.58,-6.8785615,7922
5.57,-5.0522237,7922
5.55,2.8052814,7922
5.54,-3.939812,7922
5.52,-16.132288,7922
5.06,-5.314759,7922
8.52,-4.4409676,17743
9.0,-2.4969099,6067
8.4,-2.1404855,6067
8.4,-2.0876338,6067
8.4,-0.15698197,6067
8.4,-3.0524366,6067
8.3,6.7561727,6067
8.22,-0.57991505,6067
8.22,-3.329134,6067
8.15,-8.763383,6067
8.15,-0.928436,6067
8.15,-5.8688316,6067
8.15,1.1785189,6067
8.15,2.6849804,6067
8.1,-0.79598105,6067
8.1,2.8617675,6067
8.1,-1.3799284,6067
8.05,-6.968852,6067
8.0,1.8076417,6067
8.0,-0.7163354,6067
7.96,-4.8765197,6067
7.96,-0.3463223,6067
7.92,-1.6536727,6067
7.92,0.32761443,6067
7.92,-4.7799935,6067
7.89,1.365441,6067
7.89,-3.194297,6067
7.89,-1.779939,6067
7.89,-0.064175345,6067
7.85,-0.37345195,6067
7.85,-5.0936923,6067
7.85,-0.38042268,6067
7.82,-1.5583305,6067
7.82,-0.03563406,6067
7.82,-0.11839791,6067
7.82,1.0182756,6067
7.82,-3.1673841,6067
7.8,-2.836635,6067
7.8,-3.2684348,6067
7.77,-2.5911417,6067
7.77,1.2267994,6067
7.77,5.665503,6067
7.75,-4.8879266,6067
7.75,-4.8253956,6067
7.75,1.0719045,6067
7.72,5.5983124,6067
7.72,1.3769438,6067
7.7,0.7294812,6067
7.68,5.8593454,6067
7.68,-6.807487,6067
7.66,-3.4505906,6067
7.64,-1.7304637,6067
7.64,-4.947081,6067
7.62,0.6579178,6067
7.62,4.0221972,6067
7.6,-5.481015,6067
7.6,-10.351571,6067
7.58,-3.0118213,6067
7.58,-6.689498,6067
7.58,-1.120132,6067
7.57,-4.8264804,6067
7.57,3.6047986,6067
7.54,-4.9115405,6067
7.54,3.67425,6067
7.54,-6.4768653,6067
7.54,-1.0694188,6067
7.52,-3.3602486,6067
7.52,10.743806,6067
7.51,-6.2864995,6067
7.51,-9.250457,6067
7.51,1.9419802,6067
7.5,-7.2181525,6067
7.48,-1.7056341,6067
7.47,3.9880779,6067
7.46,-1.4534153,6067
7.46,-2.8877482,6067
7.44,0.7579938,6067
7.44,-0.8472546,6067
7.42,0.34426373,6067
7.42,-5.464571,6067
7.41,-4.063483,6067
7.41,-8.436821,6067
7.41,-4.623937,6067
7.4,-3.345875,6067
7.4,2.6618583,6067
7.39,-1.5711914,6067
7.36,4.0930705,6067
7.33,-5.27721,6067
7.33,-5.555021,6067
7.33,10.629077,6067
7.32,-0.19530001,6067
7.31,-3.1472855,6067
7.3,-0.3267883,6067
7.29,1.4502856,6067
7.28,2.6847317,6067
7.28,-1.1680855,6067
7.27,-3.36501,6067
7.27,-8.518648,6067
7.26,6.388699,6067
7.26,10.591105,6067
7.26,-5.6652794,6067
7.25,-9.881447,6067
7.22,-1.77092,6067
7.22,-8.842273,6067
7.19,-2.8590794,6067
7.19,-5.053722,6067
7.19,-0.12034107,6067
7.19,-8.655393,6067
7.18,0.09268195,6067
7.16,-7.35357,6067
7.15,-1.375532,6067
7.14,5.7100344,6067
7.14,5.1292324,6067
7.14,-5.9459977,6067
7.12,-7.41748,6067
7.1,-2.211078,6067
7.1,-1.3631327,6067
7.1,-6.1770287,6067
7.09,-6.437078,6067
7.09,1.8944224,6067
7.08,-0.35440636,6067
7.06,0.82863647,6067
7.05,-0.3063776,6067
7.05,8.549171,6067
7.04,-1.542981,6067
7.01,1.6568078,6067
7.0,11.183529,6067
7.0,-2.1607203,6067
7.0,-5.469091,6067
7.0,6.239077,6067
7.0,-4.879741,6067
6.96,-0.12222903,6067
6.96,1.6433213,6067
6.96,8.128346,6067
6.96,1.1755983,6067
6.96,-9.649262,6067
6.92,2.4950361,6067
6.92,1.6903517,6067
6.92,-1.9141215,6067
6.92,0.6579178,6067
6.89,4.5611324,6067
6.85,-10.910595,6067
6.85,1.7785616,6067
6.85,-11.744054,6067
6.85,-3.9899757,6067
6.82,-4.48716,6067
6.82,-2.9612684,6067
6.82,0.27192244,6067
6.77,8.846699,6067
6.77,-4.1731977,6067
6.75,-7.052063,6067
6.75,-3.7327313,6067
6.75,-3.0500536,6067
6.75,-2.9719658,6067
6.72,-11.545927,6067
6.72,2.8293736,6067
6.7,-4.7180524,6067
6.7,-2.8823125,6067
6.66,-0.7226596,6067
6.66,-2.4334667,6067
6.64,2.5773685,6067
6.62,-4.413562,6067
6.62,-3.2986057,6067
6.62,-5.1576023,6067
6.6,-5.7932997,6067
6.52,1.1669142,6067
6.48,-6.3936954,6067
6.48,-2.9272346,6067
6.42,1.575928,6067
6.37,2.114098,6067
6.37,-0.791524,6067
6.34,-2.1909962,6067
6.26,2.4721794,6067
6.25,-6.3902397,6067
6.24,-9.689925,6067
6.22,-6.6969023,6067
6.2,3.1485317,6067
6.2,-11.433836,6067
6.19,-0.5576027,6067
6.19,1.985665,6067
6.17,-9.06522,6067
6.17,-1.453984,6067
6.16,-5.540649,6067
6.16,-9.159675,6067
6.16,-4.7180524,6067
6.13,1.3252887,6067
6.11,-0.3128305,6067
6.07,-8.174761,6067
6.07,-2.208412,6067
6.04,-6.904833,6067
6.04,-13.200537,6067
6.04,-1.2762777,6067
5.96,1.5831691,6067
5.96,-7.9320574,6067
5.96,2.19195,6067
5.96,0.5021622,6067
5.92,-10.180149,6067
5.92,-4.9800797,6067
5.85,-4.6867,6067
5.8,-9.972012,6067
5.77,5.8464894,6067
5.77,-0.4814574,6067
5.75,0.05061895,6067
5.72,-5.746009,6067
5.7,0.3147882,6067
5.7,0.5021622,6067
5.68,-9.260718,6067
5.68,-4.683416,6067
5.66,-8.0297985,6067
5.57,-4.6798024,6067
5.57,4.4221945,6067
9.1,13.752462,8475
9.0,3.5734913,8475
8.9,-3.4878793,8475
8.9,-1.4767263,8475
8.9,-2.657603,8475
8.8,2.8713107,8475
8.8,-7.797913,8475
8.8,-7.2432404,8475
8.7,-1.6610707,8475
8.7,-7.4102397,8475
8.6,1.3857895,8475
8.6,2.6033518,8475
8.6,-6.9444494,8475
8.6,-5.28117,8475
8.5,-5.1919065,8475
8.3,-6.4304056,8475
8.2,-4.616196,8475
8.2,-2.5778468,8475
8.0,-1.3273449,8475
7.9,-1.6229697,8475
7.9,4.828144,8475
7.7,-6.091271,8475
7.4,-2.347806,8475
9.48,5.924719,9416
9.39,5.273019,9416
9.34,5.924353,9416
9.28,2.0454884,9416
9.21,3.6057582,9416
9.2,4.4326577,9416
9.19,3.0930128,9416
9.18,2.5681717,9416
9.17,5.2591505,9416
9.15,-3.6042864,9416
9.03,1.4596094,9416
9.02,0.56470454,9416
8.96,2.8877923,9416
8.87,-3.8863213,9416
8.74,-12.962747,9416
8.68,-5.6146297,9416
8.59,-4.7586203,9416
8.36,-8.476867,9416
6.6,1.0470915,11291
4.46,-1.2501719,9684
4.05,-0.9332619,9684
8.52,6.3374515,14469
8.52,2.9450717,14469
8.3,1.6909826,14469
8.3,1.1067078,14469
8.3,1.8484908,14469
8.3,1.914039,14469
8.22,-0.38307637,14469
8.15,3.16971,14469
8.1,1.81398,14469
8.1,-0.12324172,14469
8.0,-1.6387589,14469
7.77,2.3758948,14469
7.66,1.4035835,14469
7.28,-0.36547136,14469
8.7,9.10579,6033
8.7,9.491484,6033
8.3,6.0382314,6033
8.3,9.516805,6033
8.3,8.997311,6033
8.22,0.8541805,6033
8.22,5.876268,6033
8.22,9.924917,6033
8.22,13.216901,6033
8.15,5.0804,6033
8.15,-9.019679,6033
8.1,9.6769285,6033
8.05,-0.30512047,6033
8.0,7.5504165,6033
7.96,6.808368,6033
7.92,3.0376766,6033
7.92,7.4973383,6033
7.92,6.9182267,6033
7.92,8.915869,6033
7.89,9.62523,6033
7.89,-5.9440174,6033
7.85,3.0743337,6033
7.82,5.0970798,6033
7.77,11.718889,6033
7.75,1.5459535,6033
7.75,10.059667,6033
7.75,5.3938665,6033
7.72,10.059667,6033
7.68,4.1878686,6033
7.68,5.528469,6033
7.66,2.0894508,6033
7.64,9.516805,6033
7.64,6.766978,6033
7.6,2.2185807,6033
7.54,6.152242,6033
7.54,-11.065148,6033
7.54,1.2546535,6033
7.48,10.875856,6033
7.47,4.5590954,6033
7.42,-9.742394,6033
7.41,-12.302501,6033
7.39,3.7533524,6033
7.37,7.33784,6033
7.37,6.6868563,6033
7.34,6.867083,6033
7.32,-13.724603,6033
7.32,-12.491134,6033
7.11,7.1133432,6033
7.06,7.33784,6033
7.06,3.1275012,6033
7.06,9.2910385,6033
7.04,1.2921729,6033
6.99,-5.3340855,6033
6.98,3.1275012,6033
6.95,8.442451,6033
6.81,-0.4788366,6033
6.79,-5.3340855,6033
6.74,-2.5474322,6033
6.24,-14.149889,6033
7.03,-5.046167,3963
6.8,-1.7338668,3963
6.77,6.7038836,3963
6.7,-3.142861,3963
6.39,-5.873233,3963
6.37,3.0418916,3963
6.33,6.628332,3963
6.14,-8.771438,3963
6.12,-8.59923,3963
6.1,-4.2994003,3963
6.04,-1.3394197,3963
6.01,-2.6929264,3963
5.92,-1.3009752,3963
5.92,-9.13512,3963
5.89,-4.4659953,3963
5.86,-7.3802924,3963
5.64,-3.4712133,3963
5.15,-1.8328613,3963
5.15,-3.1522138,3963
6.72,7.609959,5971
6.47,5.1526566,5971
6.42,-0.9191288,5971
6.22,-4.7682657,5971
6.16,4.1306562,5971
5.6,1.6938552,8751
4.67,1.930603,12676
4.56,0.9303651,12676
4.55,-1.2325572,12676
4.47,2.0430818,12676
4.14,2.5505214,12676
8.7,-0.91870654,4548
8.3,10.138426,6912
7.11,-4.0660014,6912
6.64,-11.470311,6912
7.98,12.907455,206
6.3,-4.2600245,206
5.94,-2.0932133,206
5.57,-4.2600245,206
5.52,-2.6564195,206
5.29,-2.1163628,206
5.2,4.7463255,206
5.07,-5.113864,206
8.3,12.605418,15192
7.16,3.4666839,15192
6.66,-0.21118517,15192
6.64,-0.4894538,15192
6.1,-2.0556214,15192
5.54,-5.7292886,15192
5.28,-10.791486,15192
5.16,-9.259708,15192
4.2,-15.618076,15192
6.06,-1.168349,12151
5.98,2.178096,1448
8.38,3.479031,1804
9.66,-8.769663,14244
9.4,6.1021976,14244
9.36,-1.128723,14244
9.36,2.5747354,14244
9.19,-6.1643744,14244
9.16,-2.554675,14244
9.08,-7.2764564,14244
9.01,-5.27296,14244
9.0,3.5349522,14244
9.0,5.531914,14244
9.0,5.745205,14244
8.92,-6.999011,14244
8.87,-0.1689043,14244
8.8,-6.6528497,14244
8.54,0.9772988,14244
8.52,3.53717,14244
8.52,2.288633,14244
8.52,1.2049706,14244
8.4,8.239219,14244
8.32,-3.9509065,14244
8.15,7.1670904,14244
8.15,6.213853,14244
8.15,3.7077363,14244
7.96,5.7485394,14244
7.92,-0.65299845,14244
7.77,-2.421882,14244
7.55,-4.643373,14244
7.5,-4.035851,14244
7.37,5.1866684,14244
7.1,0.9236848,14244
7.0,5.7365603,14244
6.8,1.2226396,14244
6.75,2.2347846,14244
6.57,-6.7004776,14244
6.5,-0.76202536,14244
6.28,0.77631295,14244
5.76,-4.3060384,14244
5.38,0.3345714,14244
5.14,-0.3979128,14244
10.0,9.946847,14846
10.0,9.657924,14846
10.0,-1.8948163,14846
9.7,-0.24305275,14846
9.7,-0.5931902,14846
9.7,4.579835,14846
9.7,-0.25251427,14846
9.7,6.396074,14846
9.52,-4.2801704,14846
9.52,0.05895437,14846
9.4,0.3087886,14846
9.4,10.656419,14846
9.3,6.282553,14846
9.3,-10.755199,14846
9.3,-6.030873,14846
9.15,3.4212134,14846
9.0,-0.7636473,14846
8.92,-0.24305275,14846
8.92,6.119837,14846
8.8,0.05895437,14846
8.59,-1.9285296,14846
8.36,-4.385464,14846
8.18,-7.885308,14846
8.13,-2.028767,14846
8.13,0.2557753,14846
8.12,-7.780413,14846
8.07,-6.4765067,14846
8.04,-1.9326618,14846
7.92,-6.268088,14846
7.89,-1.8948163,14846
7.75,-1.9326618,14846
7.62,-15.646578,14846
7.38,-5.612144,14846
7.22,-10.982431,14846
7.21,-6.268088,14846
6.87,-0.7636473,14846
6.8,0.05895437,14846
6.67,-8.074258,14846
6.18,-10.17783,14846
6.02,-7.5164146,14846
5.89,3.3165567,43
6.92,-8.143317,12987
7.27,-1.019087,14120
5.4,-4.118988,5609
5.29,10.952282,5609
5.27,-6.7640367,5609
6.83,8.182047,858
6.39,4.94616,858
6.3,0.82166743,858
5.89,1.1587256,858
5.84,7.127631,858
5.77,1.7141577,858
5.75,4.6967344,858
5.6,0.2623726,858
5.45,3.33272,858
5.42,0.21607083,858
5.21,-0.93495905,858
6.13,2.277577,15080
7.55,1.9895474,7798
6.92,0.29706955,7798
7.8,5.70202,8020
6.87,-2.8737712,8020
8.17,-1.0988567,15425
7.6,1.2518598,15425
7.11,10.386448,15425
6.96,7.997491,15425
6.6,2.1437848,15425
6.55,2.2974956,15425
6.4,2.5234582,15425
6.29,6.358027,15425
6.25,6.6179743,15425
6.13,2.110833,15425
5.89,0.8183499,15425
5.64,-1.5837761,15425
5.27,6.2241898,15425
5.17,-7.4962106,15425
5.11,-3.4041119,15425
8.3,-10.105162,6933
6.96,-10.795352,6933
8.8,2.4539156,14070
6.81,-5.095213,8344
5.89,-2.017721,9644
8.3,3.9532652,16815
8.1,13.35076,16815
8.1,6.9860964,16815
8.05,-15.842097,16815
8.05,-4.016558,16815
7.29,2.1768491,16815
5.6,-8.927172,16815
9.0,1.7376583,14261
7.88,-2.2989895,13855
7.48,1.7459391,13855
7.38,3.7543564,13855
7.37,5.2713103,13855
6.8,0.96574396,13855
6.49,-2.2178595,13855
6.36,-7.9979,13855
6.16,-9.678033,13855
8.3,8.057052,15539
7.92,17.321196,15539
7.8,8.879587,15539
7.7,2.8596985,15539
7.7,2.1149511,15539
7.52,-1.083882,15539
6.66,-1.1962171,15539
6.48,-15.746517,15539
4.38,-14.8358965,15539
5.75,-4.7323456,8674
5.66,-5.1509833,328
4.87,-8.450996,328
4.74,-8.898024,328
4.25,11.778415,328
6.15,-1.1703981,2542
8.77,6.2502832,885
8.68,5.959093,885
8.66,5.232573,885
8.66,2.9132574,885
8.62,2.8291461,885
8.6,7.008345,885
8.59,8.965634,885
8.52,2.8461208,885
8.42,3.3401344,885
8.32,9.3563175,885
8.27,2.4945261,885
8.17,2.8210173,885
8.06,6.439959,885
7.82,4.6046996,885
7.75,4.792721,885
7.39,-11.487368,885
6.89,1.4207191,885
6.47,-2.2711613,885
5.92,-14.777417,885
8.29,1.1425819,9303
6.48,-4.834634,17724
8.4,3.0197985,10789
7.96,-1.3123926,10789
7.42,3.8560147,10789
7.19,5.1644583,10789
7.0,3.0180275,10789
6.98,-1.4731348,10789
6.91,-2.6395514,10789
6.67,-1.6297662,10789
4.75,-1.4585121,11024
8.89,-2.2408667,10524
7.05,5.026364,5314
6.99,3.2710497,5314
6.88,-0.13000318,5314
6.8,1.7346164,5314
6.79,2.0401754,5314
6.56,-4.8857155,5314
6.43,2.4749181,13970
6.7,-0.74964654,500
6.8,5.6867523,17488
6.5,-7.2455792,17488
6.46,-2.204329,17488
6.43,-13.168041,17488
6.08,-1.1192657,17488
5.89,-8.902899,17488
5.82,-7.9381824,17488
5.57,5.124753,17488
5.55,-1.8785552,17488
5.4,10.80685,17488
5.28,-5.5477777,17488
5.26,6.770386,17488
5.24,-10.65059,17488
5.24,3.84528,17488
5.22,-7.8773,17488
5.19,0.5432811,17488
5.1,-5.8530154,17488
8.3,12.469156,15576
8.3,11.432591,15576
8.3,10.82566,15576
8.0,10.82566,15576
8.0,8.403372,15576
7.7,4.0633826,15576
7.7,9.183836,15576
7.52,4.0633826,15576
7.52,9.183836,15576
7.4,4.950673,15576
7.3,11.432591,15576
7.3,-3.5557792,15576
7.22,-0.51357955,15576
7.05,5.591,15576
6.85,3.3197021,15576
6.68,-3.4488533,15576
6.58,-0.20202881,15576
6.41,0.0024641613,15576
6.4,-3.2917426,15576
6.4,4.0633826,15576
6.39,-1.3902769,15576
6.27,-4.3719983,15576
6.0,-7.6118417,15576
6.0,-5.607703,15576
5.66,-6.631781,15576
5.37,-12.627952,15576
5.34,-13.388204,15576
5.63,5.915384,3384
5.4,3.3191853,3384
4.39,-10.987913,3384
8.4,1.5220437,2007
5.22,-5.825711,972
5.16,-2.8998344,2462
4.5,6.593605,2462
5.89,0.17496489,1923
5.85,-0.49896207,1923
5.75,4.18599,1923
5.75,-1.4365646,1923
5.75,4.114804,1923
5.72,5.080032,1923
5.72,1.160313,1923
5.64,8.405529,1923
5.6,4.517097,1923
5.6,5.87089,1923
5.6,-1.441162,1923
5.58,-0.46541393,1923
5.58,5.347844,1923
5.57,7.6956205,1923
5.57,-3.7667487,1923
5.54,-0.13375778,1923
5.54,-2.1436608,1923
5.51,-1.75458,1923
5.5,-3.9546008,1923
5.47,2.3512025,1923
5.47,3.4151263,1923
5.44,-3.640549,1923
5.44,-1.5233185,1923
5.37,-0.4483707,1923
5.31,-3.8378441,1923
5.29,5.2948885,1923
5.27,-8.028343,1923
5.27,-1.2117685,1923
5.24,0.21469939,1923
5.24,-4.7624025,1923
5.24,2.3171716,1923
5.23,-4.737132,1923
5.22,-2.038716,1923
5.19,1.4209507,1923
5.13,2.79239,1923
5.12,-4.1763153,1923
5.12,5.745123,1923
5.09,-6.926032,1923
5.09,1.5642743,1923
5.08,-3.355862,1923
5.03,4.9935527,1923
5.03,1.8296369,1923
5.01,2.0417194,1923
4.99,-0.3460982,1923
4.92,3.5336964,1923
4.9,-2.5544465,1923
4.73,2.13815,1923
4.68,-0.8524606,1923
4.58,3.908335,1923
4.18,1.794136,1923
4.12,-6.6683664,1923
4.08,3.10009,1923
8.0,-1.7229327,11903
7.44,1.6549486,11903
7.11,6.5420275,11903
6.85,-7.377158,17039
6.42,11.043545,17039
5.72,-2.0478084,17039
5.48,-6.805625,17039
5.32,-0.35467383,17039
5.24,1.0156152,17039
4.66,9.689811,17039
8.96,3.0033424,16100
6.68,-2.2347956,16100
7.28,-6.31743,9169
6.6,3.5719383,9169
6.58,5.1031995,14422
9.1,8.76114,12853
9.1,7.754647,12853
9.0,6.1266274,12853
9.0,14.689973,12853
8.89,8.010317,12853
8.7,-0.8585408,12853
8.68,7.037739,12853
8.66,11.900114,12853
8.6,5.319287,12853
8.54,8.3885975,12853
8.54,7.2031293,12853
8.52,5.832614,12853
8.43,1.0816416,12853
8.42,-2.8646073,12853
8.39,2.4645274,12853
8.34,7.0606165,12853
8.34,5.0878234,12853
8.3,4.5605316,12853
8.3,3.3090093,12853
8.21,4.5229645,12853
8.11,4.421207,12853
8.05,-3.237215,12853
7.94,6.1130853,12853
7.87,-4.802095,12853
7.79,-7.043193,12853
7.7,-4.4675307,12853
7.69,-2.2995772,12853
7.63,-0.43383774,12853
7.07,2.2915983,12853
6.35,1.6709667,12853
6.28,-7.921323,10891
7.12,0.7437203,2943
8.96,0.82347244,14918
5.92,-6.5060616,15786
5.64,9.609069,15786
5.07,10.247493,15786
4.75,-6.105894,15786
4.7,-9.472435,15786
4.0,-10.991282,15786
8.82,8.263577,9341
7.63,0.49891698,9341
5.72,9.093206,686
5.0,-4.710508,686
4.0,2.0550523,2441
9.0,3.8281963,7032
7.62,-5.1610184,7032
8.05,6.1895976,6046
7.85,-4.455121,6046
7.8,-11.578784,6046
7.72,-0.88442403,6046
6.96,-9.537313,6046
7.7,6.1891727,10681
7.57,-1.5231541,10681
8.05,3.5252519,10119
7.89,6.4405947,10119
7.85,-5.902254,10119
7.82,-1.7777749,10119
7.77,4.1563873,10119
7.77,7.806932,10119
7.75,2.451798,10119
7.58,4.937342,10119
7.51,-2.7485483,10119
7.36,-8.81688,10119
7.35,4.569045,10119
7.33,3.574363,10119
7.28,-5.905004,10119
7.26,-4.4156184,10119
7.23,13.845843,10119
7.15,1.5002633,10119
7.06,5.4851704,10119
7.04,0.4295783,10119
7.0,-2.0346086,10119
6.92,2.002427,10119
6.68,-7.469776,10119
6.6,2.4707773,10119
6.59,-4.702166,10119
6.58,-9.09953,10119
6.55,-2.519048,10119
6.55,-2.6362371,10119
6.55,-0.92835355,10119
6.5,-1.6502565,10119
6.5,5.851679,10119
6.44,2.517238,10119
6.43,-8.769723,10119
6.4,-8.379598,10119
6.33,1.1648109,10119
6.32,15.232448,10119
7.67,3.2652988,1810
8.7,0.10392149,17385
8.22,2.19268,3597
9.7,-1.1289462,11637
9.3,1.4371254,11637
9.22,15.755284,11637
9.1,6.131717,11637
9.05,6.5164747,11637
8.96,3.4038332,11637
8.85,-6.992358,11637
8.85,4.2028117,11637
8.47,-0.9886046,11637
8.39,-5.423907,11637
8.19,-1.1289462,11637
8.01,-9.67936,11637
7.89,6.227149,11637
7.89,8.260514,11637
7.82,-2.667266,11637
7.48,-3.307843,11637
7.46,-1.1289462,11637
7.27,5.3431644,11637
6.96,-4.950525,11637
6.85,-0.7127383,11637
6.85,7.1335096,11637
6.83,-3.0808685,11637
6.82,5.9372087,11637
6.79,8.456522,11637
6.49,-8.932121,11637
6.45,1.6588608,11637
6.22,5.630464,11637
6.2,-7.6225247,11637
5.99,-11.740969,11637
5.97,-15.777507,11637
5.9,-13.118357,11637
5.86,3.0079153,11637
5.44,-5.756665,11637
4.58,-12.898377,11637
8.12,2.8240235,4122
7.0,-3.5430853,9329
6.7,-3.686091,9329
9.7,-3.2861466,4634
9.0,9.216655,14427
8.7,10.596424,14427
8.3,-1.2125808,14427
5.52,-9.227067,14427
7.72,0.879884,10018
6.8,-0.6642114,15052
4.6,4.048082,617
4.55,-1.1068496,617
7.16,-0.05810233,2990
8.0,-3.2255177,14340
7.77,-0.18755952,14340
7.52,-1.556172,14340
7.39,-4.922628,14340
7.38,-4.542418,14340
7.06,-0.83440006,14340
7.0,1.9242251,14340
6.96,1.1204802,14340
6.44,-3.4547715,14340
6.41,-4.456202,14340
6.38,5.0470643,14340
7.85,1.0991434,12417
6.42,1.1076814,8947
5.81,2.2468364,8947
8.52,9.911415,11687
8.4,1.2179557,11687
8.3,5.892135,11687
8.22,4.445352,11687
8.22,1.6319494,11687
7.92,1.300597,11687
7.92,0.7506177,11687
7.85,1.4581952,11687
7.85,1.2865146,11687
7.77,-2.56072,11687
7.75,1.5035058,11687
7.5,-0.42075408,11687
7.04,4.445352,11687
6.9,0.8841366,11687
6.92,-4.2269716,13398
5.94,0.8502916,13398
5.87,3.3133757,13398
5.86,3.6074913,13398
5.82,-2.4751906,13398
5.6,-0.92183226,13398
5.45,0.7674136,13398
5.15,-3.1586356,13398
4.06,-1.3828899,10375
7.35,0.92790616,6672
7.28,-2.4579506,6672
7.24,2.372189,6672
7.16,3.7422953,6672
7.14,3.7064154,6672
6.91,0.16268921,6672
6.84,1.9351805,6672
6.83,-1.4073135,6672
6.83,1.5837859,6672
6.65,3.2197232,6672
6.47,3.9612405,6672
6.4,1.0681822,6672
6.09,2.738934,6672
6.01,-1.1061908,6672
4.63,2.6687357,16247
5.02,1.5866821,3521
7.37,2.5079138,8626
7.19,-0.5579031,8626
7.12,2.0469935,8626
6.7,0.22779027,8626
6.66,1.6567378,8626
6.58,-0.8456103,8626
6.32,2.5079138,8626
6.3,-3.122957,8626
6.06,2.379497,8626
5.92,-0.3761377,8626
5.45,1.2468929,8626
4.35,-5.180849,8626
8.41,7.071559,3452
7.52,6.663401,3452
7.05,3.3487055,3452
6.88,-7.467965,3452
6.84,-1.1669481,3452
6.8,7.9814644,3452
6.75,0.25509572,3452
6.69,1.828203,3452
6.6,2.7395794,3452
6.59,0.53266674,3452
5.96,-13.345397,3452
5.96,0.42902496,3452
6.9,3.282843,12604
6.15,7.503644,10438
6.01,4.2835054,10438
5.93,7.465047,10438
5.92,2.8611126,10438
5.75,6.6620765,10438
5.71,8.948935,10438
5.66,1.091495,10438
5.62,-4.6299205,10438
5.61,6.9455194,10438
5.59,-1.2354752,10438
5.46,0.5801235,10438
5.44,-9.339034,10438
5.25,0.77808607,10438
5.23,-6.9364424,10438
5.17,-3.061832,10438
5.03,-7.5431023,10438
7.46,4.9693403,17083
7.36,4.0832295,17083
7.31,4.8218737,17083
7.16,3.6096916,17083
7.11,4.926527,17083
7.0,3.9742353,17083
6.92,3.3486388,17083
6.8,2.0277414,17083
6.8,2.8385425,17083
6.75,2.5547495,17083
6.68,4.270563,17083
6.62,1.970339,17083
6.44,1.7786791,17083
6.36,0.9375387,17083
6.0,-1.839814,17083
5.85,0.8675041,17083
5.77,-3.3641424,17083
5.72,-1.2082635,17083
5.08,-9.656784,17083
7.74,0.06381537,5827
5.06,-1.513356,1625
7.89,3.072062,10437
7.86,1.063471,10437
7.72,2.7123601,10437
7.6,2.2954872,10437
7.57,4.0586505,10437
7.57,-2.721935,10437
7.41,-0.749523,10437
7.25,2.696632,10437
7.19,4.7317867,10437
7.13,-0.17564817,10437
7.08,1.0379037,10437
7.01,-1.8982213,10437
7.01,1.7605679,10437
6.95,1.8737969,10437
6.86,11.940514,10437
6.82,1.5829483,10437
6.78,6.1186604,10437
6.78,5.056985,10437
6.67,-4.1220517,10437
6.02,5.397755,10437
5.99,4.9543853,10437
5.86,2.0158076,14113
7.75,-5.774831,15945
7.46,1.2443911,15945
7.4,-5.591023,15945
7.31,-4.207613,15945
6.62,-1.0284213,15945
6.5,-3.7516508,15945
5.8,-0.2588247,15945
5.7,-2.7443547,15945
5.26,0.17298335,15945
5.21,2.4533308,15945
8.7,2.62118,1172
8.4,-0.7715401,1172
8.4,6.017531,1172
8.4,1.5907694,1172
8.4,-1.1008061,1172
8.4,-3.8427525,1172
8.3,0.06477046,1172
8.22,0.2529052,1172
8.22,7.659086,1172
8.22,3.9180324,1172
8.22,1.5907694,1172
8.15,-0.5732048,1172
8.1,-2.047719,1172
8.1,1.3750954,1172
8.05,0.69901764,1172
7.96,-2.4602623,1172
7.96,1.5907694,1172
7.92,1.2898182,1172
7.85,-5.759144,1172
7.82,0.10982801,1172
7.58,-3.0200808,1172
7.33,-0.02831262,1172
7.17,-4.110683,1172
6.92,-0.90694904,1172
6.64,0.49504548,1172
6.62,-3.208892,1172
7.65,1.4764441,11216
8.4,14.679171,4077
8.15,10.64151,4077
8.0,4.210722,4077
7.96,11.088264,4077
7.75,8.52802,4077
7.6,-1.1447237,4077
7.58,10.291662,4077
7.21,9.127143,4077
7.1,7.6326113,4077
6.97,-1.0732564,4077
6.89,7.802727,4077
6.77,7.2540526,4077
6.69,2.1693907,4077
6.56,-8.409666,4077
6.55,5.6813188,4077
6.46,-0.47532725,4077
6.25,1.266239,4077
5.84,-5.1372657,4077
5.63,-4.211572,4077
5.46,-1.7179246,4077
5.34,-10.768585,4077
5.33,-9.629797,4077
5.2,-12.532008,4077
5.52,-0.037363905,17687
7.16,1.0967766,475
7.0,2.3033667,475
6.36,-6.7933483,475
5.75,-4.172101,475
6.28,3.3563974,11040
6.02,6.0369163,11040
5.78,4.4692826,11040
5.58,-0.5614267,11040
5.58,-14.076706,11040
5.3,1.2890769,4347
6.66,-1.8660368,17679
8.1,2.733786,9251
8.0,1.5572555,111
5.96,4.8763347,6772
5.81,4.281546,6772
5.8,4.085325,6772
5.7,5.820545,6772
5.69,4.7002487,6772
5.69,3.4497197,6772
5.48,5.567129,6772
5.21,1.9600939,6772
5.05,-2.5892055,6772
4.96,-2.9694028,6772
4.92,0.40311092,6772
4.8,-6.4421997,6772
4.77,-8.239855,6772
7.0,0.08018352,10951
5.96,3.488834,2174
4.38,-7.9539247,2174
8.62,-0.47956637,13012
8.01,-7.1791806,13012
7.43,0.7556178,13012
7.28,-2.2790744,13012
7.21,3.0240796,13012
6.96,-3.8052907,13012
6.92,0.47950107,13012
6.92,-8.130468,13012
6.8,7.3184843,13012
6.7,-1.791912,13012
6.64,-9.04249,13012
6.58,-0.9278337,13012
6.57,2.6269982,13012
6.57,2.6627789,13012
6.54,-1.3644862,13012
6.52,0.8279668,13012
6.51,4.4430757,13012
6.35,-4.314233,13012
6.27,-3.8510091,13012
6.27,3.1769245,13012
6.24,-1.7990582,13012
6.12,5.7093835,13012
5.92,-6.7773986,13012
5.79,-9.033577,13012
5.72,-0.29247123,13012
5.68,-2.5207691,13012
5.54,-12.259346,13012
5.47,-5.3758035,13012
5.43,-3.022878,13012
5.23,-1.2912637,13012
7.1,1.1451926,9849
5.87,3.1247885,5087
5.81,0.13293906,5087
5.58,-4.5160275,5087
5.37,-1.3833927,5087
6.46,2.4688697,15822
5.05,0.28845593,3872
7.75,1.5346795,2102
7.62,5.999603,2102
7.58,1.9064076,2102
7.48,10.158908,2102
7.29,10.846792,2102
7.21,4.3841934,2102
7.09,6.506878,2102
6.96,3.2949982,2102
6.96,-0.3947473,2102
6.92,-4.145041,2102
6.89,4.6010575,2102
6.73,6.106749,2102
6.7,-2.4454653,2102
6.66,7.6350265,2102
6.6,10.459438,2102
6.58,-11.962244,2102
6.57,8.138378,2102
6.16,-4.162669,2102
5.52,-9.805166,2102
8.3,3.7455668,16426
7.62,6.871606,16426
7.62,2.4525735,16426
7.25,-8.950268,16426
7.16,-4.7323394,16426
5.96,4.389833,16426
5.6,1.955262,14597
7.42,4.513126,3084
7.02,4.860048,3084
6.32,0.7201838,3084
6.22,7.8716764,3084
6.08,-7.225433,3084
6.94,-5.773542,2855
6.44,0.4369604,2855
6.3,0.47327206,2855
6.14,5.1298285,2855
6.1,0.022470035,2855
5.73,1.7452495,2855
5.56,-5.597984,2855
5.53,-6.8504395,2855
5.39,4.7370906,2855
5.37,1.9666218,2855
5.34,-0.90809906,2855
5.21,1.8202693,2855
5.19,6.93953,2855
5.18,-11.7569895,2855
5.15,2.3222475,2855
5.08,9.243002,2855
5.05,0.59303635,2855
5.04,-6.2577515,2855
4.98,1.4424791,2855
6.9,-3.5336602,6419
5.68,1.2847315,6419
6.8,-8.765275,15681
6.7,2.4339106,15681
6.62,2.8308995,15681
6.22,6.1892986,15681
6.1,-8.285934,15681
6.1,-1.3817116,15681
5.75,0.18855457,15681
5.83,1.8665991,8747
6.14,-0.12450667,12768
7.85,2.233487,17650
9.62,6.2561126,9696
9.0,9.912366,9696
8.96,11.147737,9696
8.78,3.088441,9696
8.59,8.950858,9696
8.54,10.64414,9696
8.18,3.9769626,9696
8.0,9.276671,9696
7.74,5.784765,9696
7.63,5.821247,9696
7.58,-5.3101816,9696
7.56,9.345363,9696
7.54,-0.9372689,9696
7.12,1.0464329,9696
7.06,1.0464329,9696
7.02,-0.9372689,9696
6.94,4.7593765,9696
6.91,6.5789237,9696
6.89,-2.665243,9696
6.84,2.3974793,9696
6.54,-7.1623487,9696
6.09,-10.036928,9696
5.95,-9.955736,9696
5.21,0.5982914,17170
8.8,1.1585392,9
8.7,3.430229,9
8.66,0.90402853,9
8.52,5.505373,9
8.4,4.757606,9
8.28,1.2028059,9
8.15,-11.486921,9
8.12,4.1833715,9
8.1,-1.0237166,9
8.09,-4.0147824,9
8.04,-1.0347209,9
8.02,-3.573165,9
8.0,-0.4527795,9
8.0,1.5587002,9
7.89,3.5668082,9
7.77,-0.49821708,9
7.75,3.9822748,9
7.75,12.931556,9
7.7,-0.1444431,9
7.7,-3.1712692,9
7.66,-6.084214,9
7.66,0.06304994,9
7.64,-6.1342297,9
7.55,0.4471162,9
7.4,12.270776,9
7.4,-5.58116,9
7.21,-0.072208,9
6.92,-1.0881832,9
6.85,-3.0235455,9
6.77,3.3662455,9
4.4,-0.7892165,9
7.96,1.9023001,10429
8.15,20.00116,1571
7.57,3.070418,1571
7.32,-3.9108477,1571
7.3,1.3797476,1571
7.24,-0.0067628203,1571
7.17,5.2265596,1571
6.54,2.9189346,1571
6.42,-7.490751,1571
6.29,-5.783176,1571
6.02,-8.242859,1571
5.96,6.750976,1571
5.76,-7.502057,1571
5.61,-2.7009616,1571
9.7,-1.8199998,7823
9.58,-0.8626337,7823
9.26,-2.800135,7823
9.24,2.3832574,7823
9.12,-1.9232038,7823
8.97,-3.8318079,7823
8.44,-5.1832523,7823
8.21,-4.927044,7823
8.12,-0.3151827,7823
8.01,-9.388174,7823
7.71,-3.2878134,7823
7.47,-4.122285,7823
7.19,-7.423126,7823
7.1,-9.358097,7823
6.96,12.544872,7823
6.72,-1.3519015,7823
6.67,6.6114206,7823
6.51,-9.6293335,7823
5.94,-10.924493,7823
9.59,-1.0212253,6449
9.57,0.78359187,6449
9.55,5.670791,6449
9.54,-4.8984213,6449
9.52,-14.011339,6449
9.51,4.8102593,6449
9.49,-0.5208807,6449
9.46,-10.621633,6449
9.4,4.2979903,6449
9.4,7.4087286,6449
9.38,1.3753941,6449
9.32,-3.9403021,6449
9.31,7.76957,6449
9.3,-3.728929,6449
9.28,9.9706745,6449
9.26,-11.832698,6449
9.24,-2.2286868,6449
9.22,-0.6850894,6449
9.15,-7.9024067,6449
9.15,1.8984612,6449
9.13,8.287124,6449
9.12,-3.5571313,6449
9.11,-7.014219,6449
9.07,-2.5888853,6449
9.04,3.1455548,6449
9.04,-3.982584,6449
9.04,-2.3924735,6449
9.04,2.0842285,6449
9.04,-13.047593,6449
9.03,1.0376809,6449
9.01,0.67683864,6449
9.01,-14.472296,6449
9.0,-6.237017,6449
9.0,-3.266273,6449
8.96,4.9545517,6449
8.96,3.4592025,6449
8.96,10.652181,6449
8.96,-9.272976,6449
8.92,1.6292664,6449
8.92,-4.068308,6449
8.89,-2.2404978,6449
8.85,0.4520963,6449
8.82,-0.45895678,6449
8.8,-12.194151,6449
8.8,-4.946426,6449
8.77,-7.9209824,6449
8.77,4.6501155,6449
8.77,3.4124494,6449
8.74,0.67749345,6449
8.7,3.0544891,6449
8.7,1.3486139,6449
8.57,0.7622356,6449
8.55,7.8176374,6449
8.48,-2.8124568,6449
8.46,-1.8405741,6449
8.4,4.921743,6449
8.4,-3.4191353,6449
8.34,0.5141262,6449
8.29,-4.3918896,6449
8.27,0.06772598,6449
8.19,10.176681,6449
8.15,-3.9732306,6449
10.7,8.374487,8004
10.45,11.456398,8004
10.45,5.009246,8004
10.42,-9.385232,8004
10.42,8.294262,8004
10.32,9.795944,8004
10.22,0.7464247,8004
10.13,11.171396,8004
10.11,-8.841457,8004
10.11,12.783671,8004
10.0,-4.245866,8004
10.0,7.264561,8004
10.0,12.084956,8004
10.0,8.118228,8004
9.96,11.645923,8004
9.89,9.432183,8004
9.87,12.7790365,8004
9.8,3.603418,8004
9.79,12.265789,8004
9.77,6.073953,8004
9.75,2.8972101,8004
9.74,7.034257,8004
9.72,11.382208,8004
9.71,-9.613037,8004
9.71,11.290386,8004
9.71,9.814967,8004
9.7,7.0342574,8004
9.7,-6.71501,8004
9.7,10.777741,8004
9.7,9.833646,8004
9.7,6.2051444,8004
9.67,2.897209,8004
9.66,8.993314,8004
9.62,2.3816168,8004
9.62,-7.0408854,8004
9.61,8.638618,8004
9.57,3.5158305,8004
9.56,2.7344737,8004
9.56,-3.4013371,8004
9.53,3.7726722,8004
9.52,13.111247,8004
9.52,-2.7621644,8004
9.52,12.341376,8004
9.52,1.5666488,8004
9.52,0.49854362,8004
9.52,1.9541897,8004
9.47,-1.8348087,8004
9.41,9.795942,8004
9.41,2.6314485,8004
9.4,0.37879056,8004
9.4,-2.7621646,8004
9.4,0.8808688,8004
9.4,-4.1927886,8004
9.39,6.437336,8004
9.34,-7.6610184,8004
9.33,-0.234112,8004
9.3,-8.100747,8004
9.3,5.653145,8004
9.3,-0.8397067,8004
9.28,3.7747018,8004
9.28,9.951861,8004
9.24,7.4827185,8004
9.22,4.109322,8004
9.22,-5.448094,8004
9.22,10.298662,8004
9.22,3.2149374,8004
9.22,-3.8600745,8004
9.17,9.954063,8004
9.15,-4.4824657,8004
9.15,-4.9776444,8004
9.15,5.2093806,8004
9.1,-3.6987188,8004
9.1,-9.945716,8004
9.1,-11.154547,8004
9.1,8.27079,8004
9.06,-5.1331463,8004
9.06,12.1619,8004
9.05,-7.8376265,8004
9.04,11.558895,8004
9.04,-6.5783243,8004
9.02,4.474243,8004
9.0,-6.343792,8004
9.0,3.067787,8004
9.0,7.723177,8004
8.96,-13.17165,8004
8.95,0.463024,8004
8.93,3.049249,8004
8.92,0.028755046,8004
8.91,5.6433477,8004
8.9,7.234117,8004
8.89,-3.2042217,8004
8.89,3.2512777,8004
8.88,-6.2114267,8004
8.87,-4.0318246,8004
8.86,3.7747023,8004
8.85,-3.49184,8004
8.85,-8.151997,8004
8.85,-3.242967,8004
8.84,3.6659741,8004
8.84,1.5460848,8004
8.83,-12.838342,8004
8.82,-3.0611298,8004
8.81,-3.5177462,8004
8.8,1.3096257,8004
8.79,-2.4063277,8004
8.79,0.41231123,8004
8.77,-1.6413538,8004
8.77,-7.504506,8004
8.76,-3.49184,8004
8.74,-6.9531903,8004
8.74,-13.283344,8004
8.74,3.7747018,8004
8.73,-1.4476017,8004
8.72,-2.2871845,8004
8.72,-3.4918404,8004
8.71,3.0252268,8004
8.71,7.711293,8004
8.7,0.40657517,8004
8.7,-8.151997,8004
8.7,5.2687745,8004
8.7,7.0558214,8004
8.7,-3.0386326,8004
8.68,1.6842461,8004
8.68,-14.478493,8004
8.67,-1.1306351,8004
8.66,-0.32265225,8004
8.65,3.925888,8004
8.65,-0.2380723,8004
8.65,-8.921785,8004
8.65,4.1638365,8004
8.64,8.637232,8004
8.64,-7.3581896,8004
8.62,-4.9063663,8004
8.62,6.8912544,8004
8.61,8.637232,8004
8.6,0.7470631,8004
8.59,10.533049,8004
8.56,9.149196,8004
8.56,1.355485,8004
8.56,2.6265063,8004
8.55,-0.397147,8004
8.55,-12.2961855,8004
8.54,4.60629,8004
8.52,3.0252268,8004
8.52,0.18298036,8004
8.52,-3.2869368,8004
8.51,5.2687745,8004
8.49,-3.0505981,8004
8.48,-11.43722,8004
8.47,-12.61225,8004
8.47,-4.002774,8004
8.46,-3.838063,8004
8.45,11.519361,8004
8.44,-3.8289664,8004
8.43,-0.17117792,8004
8.43,2.897209,8004
8.43,-8.975916,8004
8.42,7.053953,8004
8.4,-2.6926076,8004
8.4,-4.002773,8004
8.4,2.5422504,8004
8.39,0.03653566,8004
8.39,-4.7609677,8004
8.37,-13.712773,8004
8.37,-13.168927,8004
8.35,-6.138072,8004
8.34,8.638619,8004
8.34,-12.413168,8004
8.3,-4.8164983,8004
8.3,5.2687745,8004
8.28,-6.9589753,8004
8.27,-4.649466,8004
8.25,10.146482,8004
8.25,-0.7715657,8004
8.24,-4.9760404,8004
8.23,0.823256,8004
8.23,-0.25981373,8004
8.22,3.0212934,8004
8.22,4.1638365,8004
8.21,-9.701943,8004
8.21,-0.43531632,8004
8.2,-8.81898,8004
8.16,1.4982594,8004
8.15,-13.829898,8004
8.12,0.96575296,8004
8.11,-13.09876,8004
8.11,-3.4374132,8004
8.11,-9.483808,8004
8.1,-10.206923,8004
8.09,-10.131627,8004
8.07,-11.847619,8004
8.06,-5.700804,8004
8.05,-12.952697,8004
8.05,3.2799547,8004
8.05,-10.036036,8004
8.02,-5.281874,8004
8.0,-4.4548254,8004
7.98,6.800226,8004
7.98,-4.8663692,8004
7.97,-1.9806364,8004
7.97,2.6751301,8004
7.93,7.3058743,8004
7.92,2.6410341,8004
7.92,-8.742573,8004
7.92,1.7417958,8004
7.92,-14.639563,8004
7.91,-9.6511345,8004
7.84,-3.7767072,8004
7.83,-6.259164,8004
7.82,-5.467392,8004
7.8,-10.037485,8004
7.79,6.006023,8004
7.76,-2.4812367,8004
7.76,-10.131627,8004
7.72,0.9959551,8004
7.7,-11.053811,8004
7.69,-3.6702614,8004
7.69,0.71023786,8004
7.68,2.3136692,8004
7.65,-1.9404383,8004
7.64,-1.3432789,8004
7.61,-3.4274058,8004
7.59,-8.733942,8004
7.58,-3.2869358,8004
7.58,-2.1967092,8004
7.57,-13.55123,8004
7.57,0.02875616,8004
7.57,-13.168926,8004
7.53,9.394526,8004
7.49,1.2755387,8004
7.48,-0.3033412,8004
7.48,2.992134,8004
7.47,4.9740047,8004
7.46,-0.4571204,8004
7.46,-3.8875234,8004
7.46,8.38769,8004
7.46,-12.39683,8004
7.45,2.1234727,8004
7.44,4.8651404,8004
7.43,-4.448384,8004
7.4,-2.287348,8004
7.39,-4.8491673,8004
7.38,0.94816405,8004
7.35,-6.0060205,8004
7.34,-5.7000856,8004
7.32,1.1518533,8004
7.26,-13.437192,8004
7.26,5.1323757,8004
7.24,-13.353577,8004
7.21,-11.043271,8004
7.21,-8.866002,8004
7.2,-10.843642,8004
7.19,-6.5335293,8004
7.18,-7.0830655,8004
7.18,-1.7508987,8004
7.17,-8.437395,8004
7.14,-3.0827012,8004
7.13,1.1026124,8004
7.12,-4.624016,8004
7.09,-6.13317,8004
7.09,-12.155706,8004
7.01,0.0632658,8004
6.94,-7.126185,8004
6.9,-6.108408,8004
6.88,0.27587247,8004
6.87,2.988671,8004
6.86,-8.437396,8004
6.86,-6.3690085,8004
6.84,-7.1261835,8004
6.81,-10.116474,8004
6.79,-5.514209,8004
6.78,-11.424441,8004
6.73,-3.717592,8004
6.72,0.24041879,8004
6.72,-5.689239,8004
6.66,-13.860663,8004
6.62,4.2602024,8004
6.61,-17.016552,8004
6.59,-13.105086,8004
6.56,-14.402915,8004
6.39,-13.860667,8004
6.28,-6.250657,8004
6.23,-10.462079,8004
6.15,2.5364041,8004
5.98,-0.35993603,8004
5.77,-4.225829,8004
7.6,6.1403112,8264
7.55,6.1403103,8264
7.52,9.8688135,8264
7.51,9.868814,8264
7.3,4.8613377,8264
7.21,5.025498,8264
7.16,4.8613377,8264
7.11,3.0491834,8264
7.07,4.8613377,8264
6.99,5.025498,8264
6.98,-0.582091,8264
6.91,6.1403103,8264
6.52,3.049184,8264
6.3,-0.58209085,8264
6.2,4.8613377,8264
6.19,6.1403103,8264
9.7,-1.0245506,2211
9.3,11.14258,2211
9.15,10.1331215,2211
9.15,9.376066,2211
9.0,8.897101,2211
8.89,7.4114532,2211
8.85,1.0690184,2211
8.77,3.3685462,2211
8.74,7.483933,2211
8.74,-2.8561277,2211
8.66,-13.407053,2211
8.64,0.86333495,2211
8.62,5.583438,2211
8.47,7.7496557,2211
8.46,9.1944475,2211
8.4,-3.572325,2211
8.38,10.076921,2211
8.35,8.459818,2211
8.28,9.546561,2211
8.24,-2.8107786,2211
8.21,-8.498022,2211
8.16,13.552036,2211
8.12,5.1574535,2211
8.08,-10.24707,2211
8.07,6.854892,2211
8.04,0.65153545,2211
7.92,-4.642501,2211
7.89,4.6193743,2211
7.89,-2.7197042,2211
7.8,10.388242,2211
7.77,-10.309021,2211
7.77,7.278819,2211
7.75,6.4902344,2211
7.75,4.251641,2211
7.72,-12.407232,2211
7.72,-10.642571,2211
7.72,-10.005822,2211
7.6,4.713138,2211
7.54,1.3631029,2211
7.54,-3.0335488,2211
7.48,-4.920856,2211
7.42,-12.040505,2211
7.42,-2.6685815,2211
7.4,-12.441825,2211
7.34,8.521221,2211
7.21,5.596092,2211
7.2,6.5206323,2211
7.12,-7.591077,2211
7.06,-17.896881,2211
7.06,-4.307966,2211
7.0,-8.980215,2211
6.96,8.042616,2211
6.96,2.9347982,2211
6.92,-7.46392,2211
6.85,-5.283736,2211
6.82,8.145723,2211
6.77,-7.2856417,2211
6.72,-3.4346724,2211
6.7,-6.2577314,2211
6.68,-4.227383,2211
6.5,13.593694,2211
6.4,-11.5714855,2211
6.28,6.680803,2211
5.58,-0.7777618,2211
7.3,-8.92976,1161
7.12,-5.0620728,1161
6.84,-4.362032,1161
6.81,2.431754,1161
6.43,-1.8696632,1161
6.08,4.5737295,1161
6.4,-0.5632514,15847
7.73,-6.9677467,8160
6.66,2.1849408,8160
6.45,4.9951286,8160
6.42,2.2335825,16150
6.27,-2.0211303,16643
5.51,1.9382545,16643
6.47,-0.10800899,10168
8.3,8.588667,4178
8.15,-1.5023537,4178
8.1,0.5312253,4178
8.05,-0.6192469,4178
8.05,4.533942,4178
7.92,-7.963867,4178
7.92,-5.254394,4178
7.89,2.746129,4178
7.82,-3.6944895,4178
7.77,-4.022419,4178
7.68,0.5312253,4178
7.68,-4.2191243,4178
7.6,0.5662955,4178
7.52,-6.3272667,4178
7.51,-4.3676496,4178
7.48,-6.961077,4178
7.44,-1.4160116,4178
7.41,-5.307464,4178
7.38,-3.5383036,4178
7.36,-10.317633,4178
7.22,-5.1441555,4178
7.04,-5.0998764,4178
6.99,-1.4964511,4178
6.92,-8.193914,4178
6.89,-7.5906043,4178
6.78,-4.005469,4178
6.27,-10.726282,4178
5.98,-9.5965605,4178
5.94,-13.772639,4178
5.57,-9.117028,4178
4.9,-8.347692,11708
4.8,-8.634843,11708
4.7,6.434141,11708
7.3,-0.2741537,7338
5.92,-0.25952542,15764
5.7,-2.4478645,15764
5.57,1.6165061,15764
5.57,-10.390488,15764
5.57,-0.76026446,15764
5.55,1.6165069,15764
5.48,-0.44850305,15764
5.37,1.6165069,15764
5.35,1.7053473,15764
5.28,-2.2483914,15764
5.19,-2.3714347,15764
5.17,1.519961,15764
5.16,-6.518641,15764
5.0,-2.9611156,15764
4.96,-7.1573586,15764
4.84,6.8869944,15764
4.75,-0.111768425,15764
4.7,-0.88334423,15764
4.7,2.3433335,15764
4.58,2.6966414,15764
9.05,2.5411727,9305
8.62,-0.5028418,9305
8.43,8.291209,9305
8.4,6.3476286,9305
7.95,3.9248493,9305
7.9,7.885012,9305
7.8,5.8231487,9305
7.76,5.4074044,9305
7.73,-0.12042363,9305
7.72,1.3384541,9305
7.66,-2.4781141,9305
7.55,-2.3059509,9305
7.44,-3.3042552,9305
7.34,-3.6603713,9305
7.34,-2.299702,9305
6.75,-4.4832535,9305
6.61,-7.800705,9305
6.61,-2.5672681,9305
6.57,-1.4631294,9305
6.56,3.2735016,9305
6.47,-5.3165298,9305
6.41,-2.6354558,9305
6.12,-6.213867,9305
7.87,0.21307535,10248
7.85,4.659748,5831
7.85,5.4149413,5831
7.7,12.736957,5831
7.66,2.1425946,5831
7.62,-4.6811733,5831
7.58,5.67136,5831
7.52,4.2332506,5831
7.48,1.9853982,5831
7.41,-6.3904257,5831
7.41,-6.457196,5831
7.37,-0.7936421,5831
7.36,5.769033,5831
7.16,-2.867106,5831
7.15,-6.2795086,5831
7.08,-6.2795076,5831
7.06,1.4279304,5831
7.0,12.776419,5831
6.8,-5.958835,5831
6.77,-7.697028,5831
6.75,13.384552,5831
6.75,-9.905354,5831
6.68,15.608045,5831
6.55,-3.4365861,5831
6.28,-5.22699,5831
6.26,-8.901956,5831
5.92,-7.6970286,5831
9.39,4.421589,7921
9.15,2.6573818,7921
9.0,13.744071,7921
8.94,11.467721,7921
8.92,10.705498,7921
8.92,10.949655,7921
8.87,11.846979,7921
8.86,14.416531,7921
8.86,14.276234,7921
8.82,12.276527,7921
8.8,10.994266,7921
8.75,10.873278,7921
8.75,10.216749,7921
8.75,8.938403,7921
8.72,11.241246,7921
8.71,10.568376,7921
8.71,12.017626,7921
8.7,10.475241,7921
8.7,9.9869175,7921
8.7,10.614926,7921
8.68,4.130399,7921
8.62,7.7919054,7921
8.61,0.31059933,7921
8.6,10.475191,7921
8.6,10.532778,7921
8.6,14.518044,7921
8.6,8.344481,7921
8.6,11.501914,7921
8.54,11.2680645,7921
8.49,11.849954,7921
8.46,11.367004,7921
8.42,9.028903,7921
8.42,10.762056,7921
8.38,10.136012,7921
8.38,8.51488,7921
8.38,10.422041,7921
8.37,8.894329,7921
8.36,11.8284855,7921
8.35,12.731868,7921
8.34,12.139471,7921
8.33,-5.4074516,7921
8.29,7.9232635,7921
8.29,8.480711,7921
8.26,11.518055,7921
8.25,9.565978,7921
8.24,8.169383,7921
8.24,6.04327,7921
8.24,9.857023,7921
8.23,11.930185,7921
8.23,6.193686,7921
8.22,10.417417,7921
8.22,12.884267,7921
8.19,11.515268,7921
8.19,13.196819,7921
8.17,1.6508498,7921
8.16,8.40647,7921
8.16,4.103425,7921
8.12,5.017346,7921
8.11,11.502767,7921
8.09,11.628683,7921
8.06,-9.189639,7921
8.06,4.987953,7921
8.05,9.67571,7921
8.05,8.922573,7921
8.04,8.513154,7921
8.04,8.263174,7921
8.04,9.505404,7921
8.03,4.2432947,7921
8.03,3.1565528,7921
8.02,8.622726,7921
8.0,8.276142,7921
7.98,8.922573,7921
7.97,0.18587989,7921
7.96,7.041738,7921
7.96,7.5731554,7921
7.94,11.817434,7921
7.93,7.716927,7921
7.92,6.636369,7921
7.91,8.263174,7921
7.9,12.101701,7921
7.9,8.447988,7921
7.88,10.897416,7921
7.88,7.7684426,7921
7.87,10.477634,7921
7.86,10.676992,7921
7.86,10.655139,7921
7.86,3.4574273,7921
7.82,2.1487682,7921
7.82,4.918621,7921
7.82,6.4960446,7921
7.81,9.655154,7921
7.8,11.683935,7921
7.8,7.0055747,7921
7.78,5.3984146,7921
7.78,1.9830927,7921
7.76,10.663162,7921
7.75,10.453765,7921
7.74,7.9084888,7921
7.73,4.5357723,7921
7.72,11.268155,7921
7.71,7.797568,7921
7.7,12.488091,7921
7.7,8.117177,7921
7.7,12.247241,7921
7.69,5.92887,7921
7.67,3.7123492,7921
7.64,4.436305,7921
7.63,11.142892,7921
7.61,6.4456835,7921
7.61,11.663412,7921
7.59,5.7829986,7921
7.59,1.5539544,7921
7.58,4.0663857,7921
7.57,5.932652,7921
7.55,-6.820402,7921
7.54,9.062648,7921
7.54,-0.1456451,7921
7.53,-5.364405,7921
7.52,12.289746,7921
7.52,5.087974,7921
7.52,7.847162,7921
7.51,6.646648,7921
7.5,6.03709,7921
7.49,3.4574282,7921
7.46,0.9619131,7921
7.44,-0.59110546,7921
7.43,1.6305628,7921
7.42,4.100352,7921
7.42,7.5330763,7921
7.42,3.8359163,7921
7.41,7.106272,7921
7.4,-2.139474,7921
7.39,2.289887,7921
7.39,11.858845,7921
7.39,5.348912,7921
7.39,6.10409,7921
7.38,8.768344,7921
7.37,2.5471065,7921
7.37,6.2239537,7921
7.34,2.4338963,7921
7.34,7.5692186,7921
7.34,4.727091,7921
7.34,9.128411,7921
7.33,-5.4139256,7921
7.29,-6.671934,7921
7.29,6.835397,7921
7.28,-1.9492053,7921
7.24,7.402954,7921
7.24,1.5440174,7921
7.24,7.76028,7921
7.23,-6.224559,7921
7.21,3.7459319,7921
7.19,-6.87518,7921
7.18,1.3817589,7921
7.17,4.8530703,7921
7.17,-8.954258,7921
7.16,-0.6502357,7921
7.16,2.4681022,7921
7.16,13.236721,7921
7.16,-3.8346622,7921
7.16,-6.259842,7921
7.15,2.4811003,7921
7.14,-1.4136107,7921
7.14,4.358576,7921
7.13,-10.056594,7921
7.11,8.362597,7921
7.08,14.337677,7921
7.08,4.913715,7921
7.07,-3.8985622,7921
7.05,-5.7163897,7921
7.03,-3.217112,7921
7.03,-8.879885,7921
7.01,1.5766647,7921
7.01,3.3707128,7921
7.0,0.08054076,7921
6.99,-10.9528265,7921
6.99,-5.1900177,7921
6.99,-0.81698424,7921
6.98,6.669508,7921
6.98,4.7814317,7921
6.98,-2.66671,7921
6.97,0.27128598,7921
6.96,12.787866,7921
6.96,6.106361,7921
6.96,-10.291888,7921
6.92,-4.294882,7921
6.92,0.9633192,7921
6.85,5.4413266,7921
6.84,-16.234854,7921
6.81,6.734727,7921
6.81,-2.8277001,7921
6.8,11.943549,7921
6.8,9.652039,7921
6.79,5.2920833,7921
6.77,-5.010442,7921
6.76,-0.94671017,7921
6.75,-7.2671366,7921
6.73,-3.1752815,7921
6.73,-8.8127985,7921
6.73,-1.9150245,7921
6.68,-4.378951,7921
6.65,-5.340667,7921
6.65,6.9309983,7921
6.65,3.785016,7921
6.64,-9.64797,7921
6.63,9.966563,7921
6.62,13.011624,7921
6.62,-11.747803,7921
6.62,3.113295,7921
6.59,7.829447,7921
6.58,-13.437968,7921
6.57,6.7704153,7921
6.57,-4.67748,7921
6.57,-4.287105,7921
6.57,-7.7445536,7921
6.57,-9.18227,7921
6.55,-4.316026,7921
6.54,3.4675486,7921
6.51,-12.723591,7921
6.49,-3.876959,7921
6.49,-5.736517,7921
6.47,11.21066,7921
6.44,-8.061015,7921
6.44,5.8115597,7921
6.41,-4.09297,7921
6.4,0.03424055,7921
6.4,6.6852646,7921
6.37,-8.352428,7921
6.3,4.23124,7921
6.29,-15.797532,7921
6.29,3.368854,7921
6.29,5.2841206,7921
6.29,-3.688893,7921
6.27,-7.991359,7921
6.26,4.4571533,7921
6.26,-6.2766423,7921
6.25,-3.2284563,7921
6.24,4.536764,7921
6.2,-5.21047,7921
6.19,-12.443901,7921
6.18,8.8961,7921
6.15,-6.4776926,7921
6.15,-2.157441,7921
6.15,0.9156351,7921
6.13,-13.286,7921
6.12,-0.3409113,7921
6.11,-11.738273,7921
6.1,3.127666,7921
6.04,1.3228949,7921
6.03,-0.5429388,7921
6.02,-0.009776245,7921
6.02,-4.5058684,7921
6.01,-2.3485615,7921
6.0,-5.564578,7921
5.99,-5.371742,7921
5.98,-11.401584,7921
5.95,-2.516631,7921
5.94,-15.90948,7921
5.9,-12.550315,7921
5.88,-5.7152076,7921
5.82,-7.1433673,7921
5.72,-12.583324,7921
5.7,-6.3144627,7921
5.68,-2.9103355,7921
5.66,-8.09417,7921
5.64,-3.3666842,7921
5.63,-10.67482,7921
5.63,-13.913918,7921
5.61,-10.457172,7921
5.55,-10.5824375,7921
4.3,-4.811801,984
8.0,-2.0784361,13293
7.7,4.9832687,13293
7.6,-3.5580347,13293
7.5,0.6394046,13293
7.5,0.120804325,13293
7.3,6.1448865,13293
7.0,6.088424,13293
6.6,4.086048,13293
6.4,-3.8135965,13293
5.8,-0.9074755,13293
5.5,-1.1029732,13293
5.5,-2.9165385,13293
5.3,-2.8919818,13293
5.2,-3.3232572,13293
5.0,1.3051403,13293
4.5,-3.3649194,13293
4.0,-6.3409805,13293
3.9,0.93834364,13293
3.5,-9.467888,13293
3.3,-6.151582,13293
6.79,0.15841746,3847
6.55,-13.482707,3847
6.3,-8.437925,3847
8.0,-3.7042065,11723
7.3,3.4603407,11723
7.1,-1.9385064,11723
6.6,-1.9385073,11723
6.3,-1.0653793,11723
6.3,11.956414,11723
6.2,6.8898816,11723
6.1,-0.16507863,11723
6.1,1.2195767,11723
6.1,-1.0653782,11723
6.0,-0.22273219,11723
6.0,6.1036553,11723
5.9,7.0349073,11723
5.9,3.9582508,11723
5.7,8.129099,11723
5.7,2.0186865,11723
5.2,3.9582505,11723
4.9,-7.6125784,11723
7.92,5.2968583,5431
7.92,4.9320908,5431
7.85,7.6321077,5431
7.7,3.351509,5431
7.66,5.2796116,5431
7.64,3.2679954,5431
7.57,6.340774,5431
7.55,9.014495,5431
7.5,0.62761533,5431
7.39,-3.1345892,5431
7.36,4.8942547,5431
7.3,2.1334953,5431
7.28,2.0963058,5431
7.28,4.7727404,5431
7.27,4.707335,5431
7.23,-0.054770716,5431
7.23,3.6576138,5431
7.21,3.8272502,5431
7.21,4.2217445,5431
7.19,1.3386279,5431
7.15,3.5954084,5431
7.14,1.975031,5431
7.14,4.865533,5431
7.14,-0.08578541,5431
7.12,-1.2389828,5431
7.1,2.869969,5431
7.1,4.9320917,5431
7.09,-1.0725038,5431
7.05,-0.39716497,5431
6.96,2.961283,5431
6.96,-4.485818,5431
6.94,-1.3348962,5431
6.92,-2.272362,5431
6.82,-4.7213492,5431
6.8,-2.3211274,5431
6.8,-13.832118,5431
7.01,-1.4410547,8069
6.96,2.133394,8069
6.75,-1.2847911,8069
6.64,-2.3818824,8069
6.63,-4.8936896,8069
6.45,-0.30114695,8069
7.24,2.787325,16661
7.17,-0.11317369,16661
7.0,0.35636973,16661
6.8,5.9672694,16661
6.68,-0.2641933,16661
6.44,-2.5772889,16661
6.43,12.799386,16661
5.77,-10.3525,16661
5.58,-1.3600273,16661
5.38,3.7464898,16661
5.33,-1.9502504,16661
8.38,11.548492,5437
8.26,9.931256,5437
8.25,12.205479,5437
8.18,-2.942607,5437
8.12,11.590361,5437
8.07,-9.870116,5437
7.89,6.7763033,5437
7.46,-9.586088,5437
7.41,-11.4029875,5437
7.16,-5.540863,5437
6.75,-8.288994,5437
6.34,-14.940053,5437
5.6,-13.921047,5437
6.29,-1.0675501,15041
6.05,0.4305877,6489
6.79,0.54303133,2539
6.66,12.578173,674
6.64,5.544229,674
6.63,6.942517,674
6.61,-2.0628247,674
6.57,11.633625,674
6.57,1.8078165,674
6.52,-0.6882561,674
6.45,10.989944,674
6.43,-2.7997959,674
6.19,3.3190067,674
6.15,6.1456523,674
6.05,5.544229,674
6.01,-11.283427,674
5.93,8.758074,674
5.93,6.1456523,674
5.89,8.733203,674
5.83,6.287269,674
5.79,0.5391745,674
5.74,8.596526,674
5.69,6.431979,674
5.34,7.5856133,674
5.29,6.0709124,674
4.92,8.509684,674
8.52,9.413712,7948
8.3,11.17767,7948
8.22,7.756975,7948
8.22,10.19346,7948
8.1,7.2189283,7948
8.05,10.452322,7948
8.05,7.473015,7948
7.96,6.067755,7948
7.96,8.767821,7948
7.66,6.3784537,7948
7.64,9.105632,7948
7.22,2.5986671,7948
7.17,-3.3302894,7948
7.08,-3.6203415,7948
7.03,-6.428075,7948
7.03,2.083735,7948
6.88,4.652398,7948
6.76,2.6586096,7948
6.62,-10.610891,7948
6.6,-6.9687004,7948
6.59,-13.286264,7948
6.56,-11.114568,7948
6.48,-6.828599,7948
5.93,-7.7182384,7948
5.5,-3.0050747,7948
5.44,-9.898945,7948
8.3,3.225726,5914
8.52,13.731869,15839
7.58,10.597231,15839
7.24,5.787918,15839
7.06,7.787886,15839
6.84,13.375824,15839
6.82,-2.5423267,15839
6.55,-3.0497382,15839
6.5,7.9614954,15839
6.48,14.673784,15839
5.89,10.80254,15839
5.82,-3.4437492,15839
5.77,6.8815637,15839
5.75,11.634939,15839
5.69,4.5962152,15839
5.68,-3.7067611,15839
5.67,7.6300144,15839
5.64,-14.1641865,15839
5.64,9.437468,15839
5.61,-9.668193,15839
5.55,-11.9908285,15839
5.52,-10.517037,15839
5.35,-14.777649,15839
5.11,-4.270849,15839
5.01,-13.115435,15839
4.98,-8.669946,15839
4.92,-9.320223,15839
4.82,-1.4632909,15839
4.73,-13.703661,15839
7.7,1.1332796,5520
8.0,1.5051929,9664
8.0,-6.7009425,9664
8.3,3.8429644,10790
7.19,-7.5823746,10790
6.97,2.2197452,10790
8.52,10.844731,8183
6.03,5.1442947,8183
6.77,4.5309653,15942
6.77,10.184393,5988
6.68,6.1623554,5988
6.6,7.4077644,5988
6.4,6.2963247,5988
6.17,-2.472445,5988
6.12,3.2541258,5988
5.91,3.200197,5988
5.83,6.5807004,5988
5.74,8.9456005,5988
5.69,5.5382595,5988
5.66,6.4449325,5988
5.47,8.9675865,5988
9.15,10.01754,13432
9.05,7.8218107,13432
8.96,3.1352599,13432
8.29,2.222102,13432
8.28,2.7866945,13432
8.04,-5.212539,13432
7.96,3.0643792,13432
7.74,1.4622092,13432
7.47,1.4859084,13432
7.42,3.3328102,13432
7.08,-1.4533945,13432
6.88,-5.443462,13432
6.86,-0.79402035,13432
6.55,-8.257656,13432
6.47,2.1854599,13432
6.47,-1.9689488,13432
6.42,-4.0333433,13432
6.33,-2.8955522,13432
7.11,0.54078543,11902
7.09,1.3371036,11902
6.82,-6.2856293,11902
6.7,-1.7195389,11902
6.56,-5.9864783,11902
6.54,-5.0447874,11902
8.15,9.919044,11060
8.15,13.01294,11060
8.05,-2.7016244,11060
7.22,-8.7628975,11060
5.75,5.487124,11251
5.61,-1.2505618,11251
7.82,2.0557244,9619
5.9,2.738898,16130
5.3,1.9670583,15896
6.79,0.9880173,3801
5.5,2.8460155,10940
8.4,3.41323,12460
7.05,8.903678,12460
6.0,-11.404709,12460
9.0,-7.037407,1000
9.0,1.3814178,1000
8.7,8.527937,1000
8.7,1.210655,1000
8.52,-2.9847836,1000
8.3,7.542991,1000
8.15,1.9610908,1000
9.15,4.312073,5858
8.8,0.39251554,5858
8.2,5.2317147,5858
8.1,1.9182168,5858
8.0,9.248351,5858
7.4,8.416929,5858
8.52,-2.084128,13308
8.4,7.341207,13308
8.3,7.657741,13308
8.22,14.266425,13308
8.15,16.657145,13308
8.15,12.113642,13308
7.75,-2.9747715,13308
7.6,3.008198,13308
7.52,-4.6922846,13308
9.3,6.0203586,12080
9.3,6.1175227,12080
9.3,0.72050494,12080
9.05,3.803814,12080
9.0,3.428559,12080
8.72,0.69283015,12080
8.68,-0.54301584,12080
8.66,7.6564026,12080
8.66,0.7205052,12080
8.54,-3.955277,12080
8.49,3.803814,12080
8.34,6.639055,12080
8.33,-0.6237059,12080
8.28,4.7586703,12080
8.28,1.6135658,12080
8.19,2.7841413,12080
8.19,-1.4823201,12080
8.15,7.467387,12080
8.13,0.47066784,12080
8.07,4.9806437,12080
8.06,-10.160972,12080
7.96,-1.4823208,12080
7.96,2.5013347,12080
7.92,6.9900846,12080
7.92,-1.8288829,12080
7.85,5.91901,12080
7.85,1.3800557,12080
7.77,2.7841413,12080
7.72,-4.7664804,12080
7.64,1.1402897,12080
7.6,-4.329386,12080
7.3,-2.7431283,12080
7.27,-4.580872,12080
7.26,-5.972975,12080
7.25,0.5149218,12080
7.04,3.960821,12080
6.75,-1.1557255,12080
6.4,-11.322485,12080
7.9,6.5743995,13359
7.79,0.76084137,13359
7.74,2.4956365,13359
7.68,6.2718325,13359
7.6,-0.5360211,13359
7.09,-1.1104163,13359
8.7,4.88455,10404
8.33,7.73061,10404
8.24,5.295082,10404
8.01,3.9125102,10404
7.81,1.3832188,10404
7.79,3.968395,10404
7.6,5.552173,10404
7.57,3.2654583,10404
7.53,5.1020346,10404
7.53,-0.63341576,10404
7.53,2.523256,10404
7.52,8.00069,10404
7.46,13.767766,10404
7.44,-0.08244084,10404
7.4,-4.794426,10404
7.35,3.5147843,10404
7.34,-0.43069983,10404
7.31,6.7240233,10404
7.31,-0.29192933,10404
7.3,-5.0503507,10404
7.27,3.327002,10404
7.26,8.487204,10404
7.26,-3.9457972,10404
7.2,-3.70901,10404
6.82,2.5669,9123
6.26,0.7951444,11320
6.84,8.67674,7842
6.71,2.9179301,7842
4.6,1.3728564,16159
8.4,1.6373917,14859
5.0,3.3494854,9027
4.7,4.17928,9027
4.6,5.332223,9027
4.6,-6.172428,9027
4.6,4.6981497,9027
4.6,-4.639603,9027
6.22,0.47547817,8253
5.93,2.792038,7968
6.89,9.303151,7649
6.24,8.516465,7649
6.07,8.516465,7649
6.05,5.7306604,7649
5.7,5.730662,7649
5.68,10.498609,7649
5.66,5.7306623,7649
5.62,1.6982671,7649
5.6,-2.7128823,7649
5.51,-2.622224,7649
5.35,8.246421,7649
5.32,-3.344419,7649
5.25,-1.9403399,7649
5.24,8.516465,7649
5.19,-5.237624,7649
5.09,2.4085839,7649
5.09,-4.937463,7649
5.05,12.116535,7649
4.92,-0.8784691,7649
4.85,-7.192308,7649
4.82,-10.921821,7649
4.75,-10.678989,7649
4.64,-10.640822,7649
4.39,-3.3532526,7649
4.24,-6.2623644,7649
4.16,-7.6507907,7649
5.04,5.218957,1665
5.01,4.9746842,1665
4.36,-5.127715,1665
4.26,-14.768078,1665
4.16,-15.180004,1665
4.11,6.3972116,1665
6.43,2.8194149,3543
5.64,2.688761,13445
5.63,3.152992,13445
7.1,-0.43402278,1893
7.51,1.2255399,7741
8.7,16.070688,13098
8.36,-9.389139,13098
8.4,2.5947573,2771
8.0,1.0760655,2771
7.66,0.58215004,2771
7.57,2.1755493,2771
7.12,7.2322035,2771
6.78,2.685589,2771
6.62,-0.5830743,2771
7.72,4.763387,12616
9.0,-6.222781,16091
8.7,1.2443273,16091
8.7,-13.974612,16091
8.7,-6.160928,16091
8.7,0.3816066,16091
8.52,6.8609924,16091
8.52,-10.8679285,16091
8.05,2.7503896,16091
8.05,5.489874,16091
8.0,9.824606,16091
7.75,-4.1820507,16091
7.29,-0.2955081,16091
6.97,-3.45486,16091
6.94,0.33342898,16091
6.72,4.41224,3399
6.0,1.9149824,3399
6.0,0.19762024,3399
5.96,3.5833952,3399
5.92,1.0949382,3399
5.89,-0.2851302,3399
5.75,-0.36908764,3399
5.75,-1.619792,3399
5.7,-7.8277416,3399
5.62,-11.823811,3399
5.6,11.424093,3399
5.58,5.3430424,3399
5.58,-2.9245331,3399
5.55,-12.120831,3399
5.52,-8.656945,3399
5.52,3.1756887,3399
5.5,-3.7628443,3399
5.48,-6.7713118,3399
5.48,-2.8124626,3399
5.38,2.8710434,3399
5.36,-4.9812593,3399
5.35,-5.350236,3399
5.28,6.545189,3399
5.25,-5.2869277,3399
5.25,-6.8984942,3399
5.22,-3.2197475,3399
5.19,1.0770867,3399
5.18,-9.910028,3399
5.13,-1.0685731,3399
5.12,1.0980542,3399
5.09,-2.7988498,3399
5.0,-1.770494,3399
4.96,6.1511755,3399
4.92,4.1687274,3399
4.89,-5.797122,3399
4.82,1.8599877,3399
4.8,-7.1968565,3399
4.77,8.253246,3399
4.77,3.089132,3399
4.7,-2.5565994,3399
4.66,2.6640036,3399
4.29,-1.8677301,17723
8.43,-5.127438,5591
8.37,-1.5343832,5591
8.35,1.4354289,5591
8.35,4.591783,5591
8.34,-3.0484297,5591
8.33,8.166845,5591
8.25,-7.8527956,5591
8.19,0.082199015,5591
7.64,4.5736895,5591
7.47,-4.1153526,5591
7.46,-4.8065214,5591
7.36,5.7785788,5591
7.27,-2.9362175,5591
7.25,1.6613753,5591
7.18,-2.6274827,5591
7.11,-5.1337194,5591
7.06,1.6576732,5591
6.46,2.8199348,5591
6.46,7.612267,5591
6.45,2.2243443,5591
6.21,0.6130475,4113
6.81,1.5856794,3361
8.1,-2.9232898,14202
7.5,2.6235101,14202
7.11,-6.258167,9189
6.85,1.0910947,9189
7.5,-0.3610729,14408
9.89,8.91308,13392
9.7,2.405773,13392
9.52,11.5354395,13392
9.52,7.486421,13392
9.52,8.1833935,13392
9.4,-2.0722117,13392
9.3,10.603261,13392
9.3,4.525708,13392
9.3,5.455337,13392
9.15,0.89530104,13392
9.15,-10.741257,13392
9.1,3.864006,13392
9.1,8.76291,13392
9.0,4.3687015,13392
8.96,-6.4475727,13392
8.92,11.4467535,13392
8.92,6.912261,13392
8.92,5.687619,13392
8.89,-3.7413359,13392
8.59,2.0523212,13392
8.52,7.4785976,13392
8.46,7.026304,13392
8.42,11.271469,13392
7.92,-11.675832,13392
6.8,5.9265976,13392
8.4,8.278851,2744
8.15,5.9229794,2744
7.89,1.024034,2744
7.8,5.755188,2744
7.62,3.0399427,2744
7.6,5.8932076,2744
7.54,10.43685,2744
7.52,4.7169275,2744
7.51,10.951227,2744
7.42,9.999255,2744
7.37,4.942279,2744
7.09,6.283293,2744
7.03,7.92804,2744
6.43,-3.8191733,2744
6.32,-4.5684624,2744
6.18,-2.9798038,2744
6.13,-8.179,2744
6.06,-3.102043,2744
5.8,6.946853,2744
7.36,-2.5154898,13574
5.98,2.5368185,13574
5.88,1.4643795,13574
5.88,0.7153111,13574
5.64,-2.7184682,13574
5.62,5.3263936,13574
5.61,-1.7191129,13574
5.38,3.315811,13574
4.98,0.6279588,13574
4.88,-1.5051293,13574
4.87,3.2723324,13574
4.78,-1.5051289,13574
4.66,1.7616149,13574
4.41,0.66181237,13574
4.34,-1.5051293,13574
6.93,2.7007189,7642
6.73,3.916314,7642
6.6,-5.133814,7642
6.57,1.4419404,7642
6.54,1.6245285,7642
6.54,-3.437487,7642
6.49,2.3945987,7642
6.45,1.4405785,7642
6.42,-0.56377083,7642
6.42,-2.495636,7642
6.39,0.0035704998,7642
6.37,-0.3902054,7642
6.33,3.6876466,7642
6.28,0.95389074,7642
6.28,1.3334345,7642
6.26,1.4143331,7642
6.24,3.5452406,7642
6.21,1.8433357,7642
6.2,-1.8356493,7642
6.15,-0.15973765,7642
6.12,-0.76162475,7642
6.09,3.521608,7642
6.08,0.31796288,7642
6.03,1.9947063,7642
5.99,0.45630142,7642
5.93,-0.698094,7642
8.52,2.8507948,1966
6.84,0.97178966,3295
5.43,4.154819,13657
6.19,1.2509136,12246
6.67,1.2920263,7176
8.0,8.097229,2992
7.92,2.6803038,2992
7.5,1.0989293,2992
7.47,2.9742565,2992
7.43,2.1855354,2992
7.15,-0.63120323,2992
7.05,-1.5473539,2992
7.04,-2.057211,2992
6.67,0.46099672,2992
6.61,7.250524,2992
6.5,3.689654,2992
5.7,3.689654,2992
6.6,9.80172,5234
6.5,8.541145,5234
6.4,1.5163482,5234
6.3,7.95471,5234
6.3,6.7760515,5234
6.3,6.7951846,5234
6.3,6.452895,5234
6.3,7.088855,5234
6.2,5.8157644,5234
6.2,6.616097,5234
6.2,5.4515057,5234
6.2,5.658178,5234
6.2,6.4394517,5234
6.1,4.132143,5234
6.1,6.655442,5234
6.1,5.6748013,5234
6.1,7.324196,5234
6.0,1.7099826,5234
6.0,4.9904833,5234
6.0,4.3562303,5234
6.0,5.771283,5234
6.0,3.5674863,5234
5.9,4.299074,5234
5.6,-3.0738683,5234
5.4,0.8446051,5234
5.2,-6.1123214,5234
4.6,1.5163482,5234
4.6,-8.535053,5234
5.54,-8.203051,17729
4.77,3.5906858,17729
8.38,2.7910655,2016
6.54,2.1362963,16771
4.6,1.8103261,16467
9.3,6.050687,12502
8.75,6.961547,12502
8.5,1.3989968,12502
8.36,6.1357036,12502
8.05,6.0147095,12502
7.97,5.464332,12502
7.82,-3.0719213,12502
7.66,-4.638531,12502
7.62,0.2662531,12502
7.61,1.1889046,12502
7.48,5.8002887,12502
7.26,3.6933656,12502
7.19,-5.77164,12502
7.18,-1.3348168,12502
7.01,-1.4898789,12502
6.79,-3.6118658,12502
6.75,-6.6645217,12502
6.74,-11.537327,12502
6.71,-1.9791678,12502
6.7,-5.562501,12502
6.53,-0.64849085,12502
6.32,-1.7837636,12502
6.0,-2.7279325,12502
5.8,0.011199233,12502
5.15,-19.0685,12502
5.14,-5.3350205,12502
7.0,0.7347809,3490
7.52,-1.4505763,17677
6.26,2.0670192,3540
4.6,1.6684321,14851
6.64,0.2512325,13702
7.07,6.986894,11511
6.86,-3.6177084,11511
8.51,10.695973,1799
8.49,2.161433,1799
8.48,12.532425,1799
8.42,-1.8726043,1799
8.4,6.63348,1799
8.34,-3.2688465,1799
8.32,-17.71627,1799
8.31,2.1025014,1799
8.3,-1.8726043,1799
8.23,-3.9149885,1799
7.8,-11.017141,1799
7.58,-7.9148993,1799
7.28,-1.8012366,1799
6.13,-7.2927346,1799
4.6,0.60875833,16731
5.6,7.5782604,5644
5.28,0.5945136,5644
7.54,4.4804144,15851
7.24,5.018486,15851
6.58,-0.14071205,15851
6.58,-3.62362,15851
9.0,-3.9587963,15217
9.0,3.4566777,15217
9.0,-1.4220572,15217
9.0,-11.938004,15217
9.0,-12.461187,15217
9.0,-12.180737,15217
9.0,-16.23989,15217
8.7,0.55446494,15217
8.7,-0.35671082,15217
8.52,7.9885073,15217
8.52,0.91347396,15217
8.4,1.6683704,15217
8.4,-7.9176836,15217
8.3,-2.13402,15217
8.3,-7.469649,15217
8.3,-3.8956244,15217
8.15,5.130533,15217
8.05,1.1893992,15217
8.05,-6.7895575,15217
7.52,2.985303,15217
7.03,-12.450436,15217
7.0,-9.198445,15217
6.85,-1.82407,15217
6.6,9.312814,15217
6.3,5.498733,15217
6.22,-15.601884,15217
6.18,5.808931,15217
6.0,0.6312377,15217
5.9,3.3226542,15217
5.8,-7.6720963,15217
8.05,-5.555365,4472
7.89,10.7164,4472
7.89,1.4062433,4472
7.64,9.20835,4472
7.6,3.69829,4472
7.57,-1.9031284,4472
7.42,0.6022081,4472
7.41,-5.612491,4472
7.28,6.437764,4472
7.16,6.914707,4472
7.05,-2.0606763,4472
6.89,6.9975767,4472
6.82,4.0251493,4472
6.7,6.6581516,4472
6.3,7.695194,4472
5.89,1.5595106,4472
5.89,3.5986521,4472
5.75,-0.335202,4472
5.72,7.792423,4472
5.68,-5.3835196,4472
5.66,-7.213506,4472
5.62,7.209836,4472
5.52,-12.112894,4472
5.18,-16.627897,4472
5.05,11.351779,4472
5.01,6.349573,4472
5.0,1.7490422,7495
7.7,8.679666,8805
6.82,5.7145886,8805
5.3,-4.9481955,8805
5.21,-4.587957,8805
6.5,2.7692327,2038
8.74,9.429551,16816
8.74,2.5020728,16816
8.7,13.676831,16816
8.4,4.5021505,16816
8.36,11.179319,16816
7.89,5.5905247,16816
7.75,0.8573185,16816
7.52,0.7021935,16816
7.48,6.688746,16816
7.05,6.3699813,16816
9.0,2.3578858,9870
8.7,-1.7775178,9870
8.7,7.5990257,9870
8.7,-0.6342536,9870
8.7,8.431254,9870
8.52,8.2652025,9870
8.52,10.344559,9870
8.3,-6.2400227,9870
8.22,-3.3521292,9870
7.96,-2.8178196,9870
7.66,11.018694,9870
5.96,0.7319754,10325
9.0,5.535159,7801
9.0,5.2719502,7801
8.7,7.431535,7801
8.7,5.8251963,7801
8.7,2.6730905,7801
8.7,2.366801,7801
8.7,-0.32004294,7801
8.7,1.2915546,7801
8.7,1.2469326,7801
8.7,4.150309,7801
8.52,6.111525,7801
8.52,5.051051,7801
8.52,0.0058134617,7801
8.52,1.2251502,7801
8.52,0.9678668,7801
8.4,3.166183,7801
8.4,4.203028,7801
8.4,4.6573925,7801
8.4,-3.645777,7801
8.4,4.4039636,7801
8.3,2.3053575,7801
8.3,7.275472,7801
8.22,1.8089772,7801
8.22,6.68726,7801
8.22,3.4402413,7801
8.22,5.8952203,7801
8.22,3.2931805,7801
8.15,1.5060606,7801
8.15,5.0745025,7801
8.15,5.826711,7801
8.1,3.7894514,7801
8.1,-0.31545743,7801
8.1,4.9550624,7801
8.1,1.1120937,7801
8.05,3.035509,7801
7.92,4.877254,7801
7.92,1.2169441,7801
7.89,2.4228091,7801
7.89,7.0133457,7801
7.82,-1.1885536,7801
7.82,3.3462954,7801
7.8,0.83046246,7801
7.8,-2.803203,7801
7.77,-3.9768894,7801
7.77,7.925698,7801
7.77,4.738874,7801
7.72,6.568488,7801
7.64,3.9969308,7801
7.64,5.9793677,7801
7.64,4.710029,7801
7.62,3.9503515,7801
7.62,-0.42176983,7801
7.58,4.834594,7801
7.52,7.264859,7801
7.46,-0.34399968,7801
7.34,4.056196,7801
7.33,5.0563197,7801
7.33,4.845691,7801
7.19,-4.609246,7801
7.0,6.3309975,7801
6.96,3.9591987,7801
6.85,3.2147715,7801
7.1,-0.87244314,1743
5.2,-5.760493,1743
8.0,2.4954002,10075
8.89,-1.8573837,17860
8.8,-1.9043239,17860
8.8,-0.15008783,17860
8.77,0.032282684,17860
8.52,7.127494,17860
8.43,-3.1816657,17860
8.4,-10.599167,17860
7.96,-9.719547,17860
7.75,4.4038877,17860
7.39,-13.785263,17860
7.28,-0.19879025,17860
7.19,-2.5480657,17860
7.06,1.4259793,17860
6.74,-13.36035,17860
6.72,9.385473,17860
6.66,10.281118,17860
6.45,-6.9814477,17860
6.44,0.37150854,17860
6.35,9.22866,17860
6.1,-5.8111224,17860
5.92,-0.23985076,17860
5.5,-3.853865,17860
7.02,2.4344566,11720
6.24,1.6320342,7800
7.25,3.9976833,17260
7.19,4.0812535,17260
7.14,-6.953981,17260
7.34,12.731822,3207
7.2,5.389231,3207
6.72,11.376233,3207
5.92,-3.705059,3207
5.8,-3.7504647,3207
5.77,-5.730268,3207
5.75,-2.4503682,3207
5.68,-4.2112575,3207
5.62,-3.7891037,3207
5.57,-7.70467,3207
5.55,-3.8099592,3207
5.54,-6.3379626,3207
5.52,-8.221695,3207
5.51,-6.643807,3207
5.48,-4.0615125,3207
5.37,-4.694604,3207
5.37,-5.952577,3207
5.28,-8.239367,3207
5.24,-4.3121014,3207
5.24,-8.222829,3207
5.09,-6.122267,3207
4.6,-13.372193,3207
4.5,-11.894161,3207
4.49,-10.975347,3207
5.8,-3.6954157,13317
5.52,3.2038374,13317
4.46,-0.34787568,638
7.48,-0.6624369,12158
8.15,2.6077716,341
7.58,-1.9079477,4177
7.52,6.2048903,4177
7.38,13.215691,4177
7.33,1.6003188,4177
7.16,1.4552151,4177
7.07,1.6003188,4177
7.05,12.877962,4177
7.04,-1.7018954,4177
6.96,-2.9665253,4177
6.96,10.647535,4177
6.89,8.348249,4177
6.89,-0.29289442,4177
6.72,-2.9322474,4177
6.7,-5.6849704,4177
6.66,-1.9379277,4177
6.58,1.871149,4177
6.55,1.3302171,4177
6.54,-1.4017441,4177
6.5,-0.097631864,4177
6.48,5.0394974,4177
6.44,-2.3826609,4177
6.37,7.655924,4177
6.28,-9.046057,4177
6.24,0.89193565,4177
6.23,-13.352958,4177
6.23,-12.5976925,4177
6.18,1.6003188,4177
6.11,5.4681253,4177
6.02,0.13322723,4177
5.8,-11.499876,4177
6.4,-4.805407,1064
6.08,2.9083388,1064
6.04,-2.0409725,1064
6.03,-2.3511653,1064
5.93,-3.3683655,1064
5.69,-2.5584638,1064
6.44,-0.051291723,13047
6.4,6.839757,13047
6.16,-2.3852746,13047
6.37,-0.59839505,14217
6.57,1.6089746,7409
8.3,-9.51856,1437
8.3,1.2369268,1437
7.4,11.523449,1437
7.19,6.1030793,1437
6.94,-6.362734,1437
4.6,-14.347719,1437
4.6,-1.3287917,1437
4.49,0.19690323,1294
4.19,-1.7709858,1294
6.11,-9.36319,1871
5.28,-2.5987325,1871
7.64,3.783046,4107
4.84,4.0009985,16597
6.6,5.0000124,12957
6.1,4.3056912,12957
5.8,3.7895892,12957
5.7,7.4457,12957
5.7,5.148292,12957
5.7,5.492051,12957
5.6,4.9481387,12957
5.6,3.7982001,12957
5.6,4.1322556,12957
5.5,4.2007594,12957
5.5,4.920519,12957
5.4,1.084261,12957
5.4,4.8229103,12957
5.4,2.3000312,12957
5.4,2.991924,12957
5.3,8.163976,12957
5.3,-1.5700974,12957
5.3,4.6944966,12957
5.3,3.9110644,12957
5.3,-6.779327,12957
5.3,0.731284,12957
5.2,3.2564821,12957
5.1,1.7897893,12957
5.1,1.402981,12957
5.1,-1.816615,12957
5.1,-4.0613856,12957
5.1,4.4613457,12957
5.0,1.3764017,12957
5.0,2.9611752,12957
5.0,3.1507452,12957
5.0,1.5216728,12957
4.6,-2.495711,12957
7.26,-1.7219695,17069
4.8,-0.36337063,6571
7.05,0.12083979,14268
6.62,-0.5555931,2475
5.04,18.697348,2475
4.9,1.8753535,2475
8.52,-10.832691,10549
7.42,9.908976,10549
4.04,-1.527847,11190
4.39,-8.019516,10109
9.62,2.3073652,12185
5.21,2.692757,16136
5.08,0.04188342,16136
5.05,8.158541,16136
4.37,-4.2231355,8681
9.0,9.364038,6391
9.0,3.2021942,6391
9.0,2.135607,6391
9.0,8.007336,6391
9.0,4.324908,6391
9.0,8.406375,6391
9.0,7.719078,6391
9.0,8.079557,6391
9.0,9.524985,6391
9.0,9.29192,6391
8.7,9.159856,6391
8.7,-0.47299388,6391
8.7,5.2486224,6391
8.7,7.539475,6391
8.7,0.49862438,6391
8.7,11.628231,6391
8.7,-1.2114421,6391
8.7,8.729804,6391
8.7,4.026742,6391
8.7,6.3015585,6391
8.7,9.209884,6391
8.7,9.963578,6391
8.7,7.0834484,6391
8.52,4.0018997,6391
8.52,-10.296128,6391
8.52,3.3951168,6391
8.52,-0.47299388,6391
8.52,-2.839105,6391
8.52,3.894234,6391
8.52,2.3523939,6391
8.52,1.468595,6391
8.52,0.7682413,6391
8.52,3.894234,6391
8.52,-10.296128,6391
8.52,-3.4853413,6391
8.52,5.9518647,6391
8.52,2.1552045,6391
8.52,8.472037,6391
8.4,2.8113115,6391
8.4,6.3963118,6391
8.4,3.9472752,6391
8.4,1.160849,6391
8.4,5.7323856,6391
8.4,9.313575,6391
8.4,1.0713242,6391
8.4,8.406387,6391
8.4,3.6733181,6391
8.4,4.087046,6391
8.4,6.576674,6391
8.4,4.3268733,6391
8.3,-5.929681,6391
8.3,-10.644939,6391
8.3,-6.009435,6391
8.3,0.7682413,6391
8.3,5.741134,6391
8.3,0.7682413,6391
8.3,3.8772247,6391
8.3,-2.4571118,6391
8.3,3.1778643,6391
8.22,4.2147226,6391
8.22,5.7221413,6391
8.22,5.8354607,6391
8.22,1.2106533,6391
8.22,-8.374572,6391
8.15,-0.80551636,6391
8.15,-11.209785,6391
8.15,2.369201,6391
8.15,2.1264658,6391
8.15,3.1778643,6391
8.15,5.4806094,6391
8.15,7.3493485,6391
8.15,-0.30867594,6391
8.15,-1.404432,6391
8.15,3.314598,6391
8.1,8.62884,6391
8.1,6.1577015,6391
8.1,-3.029639,6391
8.1,5.91127,6391
8.1,1.2255495,6391
8.1,0.46040782,6391
8.1,5.9509044,6391
8.1,-0.24230236,6391
8.05,4.0432873,6391
8.05,1.2255495,6391
8.0,-4.0686326,6391
8.0,0.7682413,6391
8.0,6.008145,6391
7.96,4.0674605,6391
7.96,-15.433312,6391
7.96,-2.8476593,6391
7.92,2.369201,6391
7.92,5.89794,6391
7.92,-11.499727,6391
7.92,3.5810452,6391
7.89,4.087046,6391
7.89,-1.3030833,6391
7.89,1.2188903,6391
7.89,2.4228327,6391
7.82,4.816432,6391
7.8,-10.296128,6391
7.77,1.6198082,6391
7.75,-3.2991343,6391
7.75,3.2913284,6391
7.7,-2.721463,6391
7.7,3.6598535,6391
7.7,-0.7355171,6391
7.68,-11.578671,6391
7.66,-0.95488024,6391
7.62,2.5180485,6391
7.6,0.38334742,6391
7.58,-15.433312,6391
7.57,3.560293,6391
7.57,-1.3030833,6391
7.55,-5.2124205,6391
7.54,-2.636078,6391
7.46,0.017222598,6391
7.4,-6.353077,6391
7.36,-2.751719,6391
7.35,-8.374572,6391
7.32,0.9317385,6391
7.27,3.220999,6391
7.21,3.7873497,6391
7.17,3.7020779,6391
7.17,-11.100937,6391
7.12,2.1422741,6391
7.12,3.9135072,6391
7.1,-0.48747274,6391
7.09,-16.85385,6391
7.06,-10.296128,6391
7.05,3.2021942,6391
6.91,-10.296128,6391
6.88,-11.492204,6391
6.83,-16.85385,6391
6.79,-2.2748163,6391
6.28,-11.798201,6391
5.71,-11.209785,6391
7.4,6.863423,2032
7.05,13.107875,2032
6.96,6.031042,2032
6.96,7.5443244,2032
6.85,5.2362943,2032
6.75,2.3990908,2032
6.75,1.1036274,2032
6.68,5.6849017,2032
6.64,5.9725976,2032
6.62,4.691109,2032
6.58,6.584767,2032
6.57,9.240324,2032
6.48,6.9514937,2032
6.48,-3.8195357,2032
6.44,2.3263953,2032
6.44,1.7467585,2032
6.4,5.43697,2032
6.35,5.01148,2032
6.22,-0.5150281,2032
6.2,3.8855846,2032
6.06,-6.4206657,2032
6.05,-0.31449085,2032
5.92,-6.473447,2032
5.85,3.470358,2032
5.82,-6.150383,2032
5.75,-9.562681,2032
5.75,-9.854249,2032
5.5,-1.767986,2032
5.39,-9.53567,2032
5.35,-13.6271,2032
5.24,-6.5699716,2032
5.2,-5.0615854,2032
5.15,-7.589609,2032
7.92,-0.8447289,14902
5.37,3.3432019,8334
5.25,-7.0863066,8334
6.23,0.9059526,14760
6.13,3.5788696,14760
9.15,3.832172,10967
8.92,-0.24605757,10967
8.89,-2.5823686,10967
8.6,-3.6528785,10967
8.49,2.4343424,10967
8.49,-3.754792,10967
8.43,-1.8057135,10967
8.41,-0.90148264,10967
8.33,0.63891804,10967
8.17,3.2732952,10967
8.11,1.6967928,10967
8.05,2.11536,10967
8.03,1.7273774,10967
7.84,2.6733978,10967
7.57,0.00588533,10967
9.52,13.741432,3620
9.3,13.67345,3620
9.15,11.370451,3620
9.0,10.388749,3620
9.0,11.351278,3620
9.0,13.554052,3620
9.0,-1.70215,3620
9.0,14.00568,3620
9.0,13.062952,3620
8.7,1.6058823,3620
8.7,-1.6353717,3620
8.7,-1.2612735,3620
8.7,-3.35126,3620
8.7,0.30225927,3620
8.7,4.3635573,3620
8.7,11.11144,3620
8.7,11.684239,3620
8.52,1.7355638,3620
8.52,-1.0663723,3620
8.52,2.166439,3620
8.52,1.9164122,3620
8.52,-2.5772617,3620
8.52,1.7137073,3620
8.4,2.330877,3620
8.3,0.42738694,3620
8.3,-2.9291203,3620
8.22,-3.217108,3620
8.15,-0.59502584,3620
8.15,9.253379,3620
8.1,-3.3621047,3620
8.05,-3.3931525,3620
8.0,3.9399729,3620
8.0,1.9583132,3620
8.0,5.291316,3620
7.96,-2.4763355,3620
7.92,11.779976,3620
7.85,-1.8899,3620
7.7,9.161658,3620
7.68,1.9039057,3620
7.57,6.693642,3620
7.54,-1.7842602,3620
7.36,-11.684972,3620
7.05,-1.8387985,3620
7.03,-8.165371,3620
7.01,10.563155,3620
7.1,1.6930579,7348
6.59,1.8014784,11177
6.07,2.2797883,11177
8.5,3.5427754,11275
8.0,-7.0308967,11275
8.0,6.278575,11275
7.9,-8.514521,11275
7.9,12.630649,11275
7.8,-0.9352821,11275
7.7,1.059817,11275
7.6,-0.40726456,11275
7.1,12.630649,11275
5.9,2.357564,11275
7.58,-5.4011087,9463
8.3,4.8624883,17426
5.8,4.743753,17426
7.35,2.472097,1500
7.75,0.65806335,9650
7.47,4.7590585,9650
7.2,-2.32691,9650
7.19,0.99358976,9650
7.18,-0.6016707,9650
7.17,-0.6057309,9650
7.08,0.5483788,9650
7.01,-2.7850294,9650
7.0,0.965968,9650
6.75,-0.29952163,9650
6.57,-0.84530944,9650
7.77,7.724008,169
7.55,10.65523,169
7.54,-7.812024,169
7.51,2.7302496,169
7.08,6.136549,169
7.02,10.65523,169
6.66,8.647423,169
9.1,6.027375,13285
8.92,7.9562793,13285
8.55,2.7362425,13285
8.19,-6.0761647,13285
8.02,-4.9167933,13285
7.43,4.909144,13285
6.3,-10.842703,13285
8.26,0.050933283,8228
8.15,4.737685,8228
6.46,2.1778038,602
6.39,0.64416593,602
5.73,-2.3442361,602
5.63,-1.456603,602
5.59,-2.672032,602
5.48,-2.629506,602
5.41,-6.08928,602
5.0,-5.985173,602
4.89,-8.419615,602
4.81,-7.0810475,602
4.64,-9.394211,602
4.59,-8.841176,602
4.57,-6.2766833,602
4.52,-10.502234,602
4.4,-11.520803,602
4.35,-11.127016,602
4.34,-10.363487,602
4.32,-10.763451,602
6.78,3.4119496,8712
7.7,1.2748715,17747
5.59,-10.437821,6527
5.59,-8.049898,6527
5.54,-7.0789948,6527
5.5,-6.0423183,6527
5.49,-6.320021,6527
5.46,-5.6734514,6527
5.45,-6.627649,6527
5.44,-2.3589728,6527
5.43,-6.2945843,6527
5.42,-4.8416257,6527
5.41,-4.424651,6527
5.36,-4.892408,6527
5.35,1.212693,6527
5.35,-11.071613,6527
5.33,4.4064803,6527
5.29,0.69878674,6527
5.26,-7.914916,6527
5.1,-9.073948,6527
5.04,0.8241093,6527
9.0,-1.5263782,9865
8.7,-3.492705,9865
8.7,0.6148342,9865
8.7,-2.813198,9865
8.52,6.5338902,9865
8.3,8.329099,9865
8.3,-1.1519123,9865
8.15,2.3755257,9865
8.1,14.2552,9865
8.1,0.9525199,9865
8.0,-0.3572596,9865
7.96,-5.704796,9865
7.85,0.5316426,9865
7.8,-5.704796,9865
7.77,0.03465436,9865
7.75,0.69899523,9865
7.68,1.0698417,9865
7.43,8.607499,9865
7.05,0.74429804,9865
6.85,2.2874577,9865
6.75,5.220321,9865
6.57,-0.57248455,9865
6.26,1.26079,9865
5.4,-3.060818,9865
7.3,1.978522,15405
7.3,9.147396,15405
6.89,-6.0961165,15405
6.41,-5.969851,15405
6.32,-11.404853,15405
7.75,-3.5883212,13032
8.66,0.27345738,9274
8.0,6.3706713,15216
7.62,13.140361,15216
7.17,-4.149702,15216
7.01,-4.818299,15216
6.98,-3.200341,15216
6.08,-5.2220974,15216
7.15,-1.3579401,982
8.0,14.057483,17731
7.68,16.226673,17731
7.64,14.62096,17731
7.48,0.8420718,17731
7.47,-1.9467282,17731
7.4,1.5033349,17731
7.38,11.788859,17731
7.2,-0.46637866,17731
7.12,-4.4033113,17731
7.07,-13.32397,17731
7.02,-2.3380477,17731
6.82,-2.4947093,17731
6.8,-2.5348175,17731
6.8,7.6285906,17731
6.7,-3.176219,17731
6.64,-5.1766334,17731
6.62,-5.5501404,17731
6.57,-1.048086,17731
6.35,-11.631074,17731
6.34,-5.6634607,17731
6.26,-10.396978,17731
6.21,-11.988081,17731
6.21,-4.9881053,17731
6.19,-10.930511,17731
6.07,-9.512369,17731
6.01,-12.843231,17731
5.96,-8.277738,17731
5.77,-3.416396,17731
5.68,-9.610168,17731
5.64,-0.8626998,17731
5.6,-11.747426,17731
5.57,-12.544984,17731
5.54,-9.806821,17731
5.48,-8.957226,17731
5.4,-13.873511,17731
5.23,-14.192499,17731
5.16,-3.7678401,17731
5.06,-8.167739,17731
4.96,-1.4047616,17731
4.92,-6.0146604,17731
6.35,1.9162867,4406
7.1,2.0590944,11986
7.57,1.2742105,16356
6.6,8.865219,14073
6.42,3.7631063,14073
6.27,7.4647923,14073
6.04,-2.7017853,14073
5.82,-3.8020828,14073
7.31,2.2532547,15093
5.75,-5.703785,1981
5.68,-1.5129077,1981
5.6,-6.876841,1981
7.37,2.8478749,14920
6.7,9.189343,5235
6.7,6.7281,5235
6.4,-1.0512917,5235
6.05,3.7476912,5235
5.92,-2.1511655,5235
5.7,9.1441965,5235
5.7,-5.387051,5235
5.54,-14.88042,5235
5.51,-7.7756243,5235
5.47,-2.3040075,5235
5.47,-13.128649,5235
5.22,-4.9178953,5235
5.01,-5.875528,5235
4.96,4.9149265,5235
4.82,-3.4850028,5235
4.38,-3.8104558,5235
7.0,5.2583237,16239
7.0,6.3176093,16239
7.0,6.0466285,16239
6.7,-1.2620655,16239
6.7,6.6855726,16239
6.7,2.7297554,16239
6.7,-9.304094,16239
6.7,5.539761,16239
6.52,-7.930086,16239
6.52,0.25725174,16239
6.4,7.396371,16239
6.3,8.675893,16239
6.3,11.529574,16239
6.3,-11.919045,16239
6.22,3.368452,16239
6.22,6.5476327,16239
6.16,7.2432575,16239
6.16,-3.4500878,16239
6.16,-13.484229,16239
6.1,9.854403,16239
6.1,12.683651,16239
6.1,6.6972036,16239
6.05,-2.264373,16239
6.0,-1.1259935,16239
5.92,-3.7836714,16239
5.82,-0.16728905,16239
5.7,0.1946489,16239
5.52,-6.9894934,16239
5.16,-13.2429905,16239
5.12,4.755052,16239
5.1,3.9629605,16239
5.1,5.3654075,16239
5.05,7.8219647,16239
6.73,14.100977,2305
6.71,-6.4212184,2305
6.53,-3.6014585,2305
6.42,0.93091106,2305
6.33,-14.773372,2305
6.27,4.353224,2305
6.24,-14.773372,2305
6.21,-2.4293113,2305
6.16,-5.071841,2305
6.09,-12.657883,2305
6.05,-2.689479,2305
5.96,-10.6303835,2305
5.91,-4.893542,2305
5.84,3.808346,2305
5.71,6.701649,2305
5.67,-0.4581009,2305
5.5,-6.0355463,2305
5.35,-16.931194,2305
5.23,-14.383324,2305
5.2,-3.817269,2305
4.86,-6.2487535,2305
6.05,1.1003119,6833
6.81,4.8478246,12030
6.79,1.5880867,12030
9.08,-0.7080956,10131
8.04,-0.62242484,16626
7.7,-9.240652,9695
7.54,8.133588,9695
6.07,0.4862821,9695
7.22,-1.5352201,16713
6.7,-3.078839,13698
4.22,1.2354676,15387
6.24,3.637599,4108
6.16,6.8316665,13414
5.72,-6.5642858,13414
5.7,-7.0798807,13414
5.0,0.9147983,4044
6.83,4.4990673,14938
6.7,-2.0581982,10804
4.63,-4.5763583,838
4.32,5.2549524,838
4.25,4.7472944,838
4.21,-5.872375,838
4.1,-5.1239643,838
4.09,5.7868896,838
4.05,1.4851223,838
4.03,2.0387025,838
4.0,9.54825,838
7.9,10.442839,13237
7.6,3.102935,13237
7.5,-3.4880292,13237
7.5,10.396707,13237
7.5,9.130411,13237
7.5,-1.5611882,13237
7.4,-3.3176777,13237
7.4,-1.5773664,13237
7.4,3.7975736,13237
7.2,4.191123,13237
7.2,2.4758372,13237
7.1,5.176562,13237
7.0,2.8454652,13237
7.0,-3.3176777,13237
6.9,3.7120712,13237
6.8,-3.3176777,13237
6.8,-0.17826524,13237
6.8,-10.016008,13237
6.7,0.67426956,13237
6.6,-2.4800913,13237
6.2,-1.9469495,13237
6.2,-12.18768,13237
6.1,-18.32405,13237
6.1,-8.948724,13237
5.9,-9.31098,13237
5.9,0.7285466,13237
5.8,1.0454016,13237
5.7,-8.170031,13237
7.05,0.9469142,11281
7.52,3.334556,17202
7.05,0.5311876,17202
8.53,1.7550529,15105
5.65,-5.7682796,17696
8.3,13.468301,3228
8.3,3.5770087,3228
8.15,12.389434,3228
8.1,8.319067,3228
8.1,9.38609,3228
7.89,8.094151,3228
7.75,-7.142179,3228
7.62,-4.5660925,3228
7.42,3.145833,3228
7.36,3.4411402,3228
7.33,3.645815,3228
7.21,3.4499433,3228
7.1,-1.1635662,3228
7.09,-8.563459,3228
6.92,-5.943044,3228
6.88,-3.6826856,3228
6.83,3.019484,3228
6.39,1.6585228,3228
6.1,-13.161787,3228
6.06,-7.7251196,3228
6.03,-7.7732916,3228
7.2,1.8843919,1367
7.52,6.1801944,15505
7.48,15.343659,15505
7.3,7.785014,15505
7.3,10.456288,15505
6.96,3.7542925,15505
6.58,11.762549,15505
6.58,3.8545363,15505
6.54,-1.4294686,15505
6.48,5.3105836,15505
6.1,-2.3581765,15505
5.89,-0.015765157,15505
5.68,5.378726,15505
5.57,-4.2308893,15505
5.46,-0.04529391,15505
5.43,-5.2239184,15505
5.35,-3.1677277,15505
5.32,-2.1448014,15505
5.25,-3.6412575,15505
5.12,-2.5831716,15505
5.1,-6.5719833,15505
5.02,2.548708,15505
4.89,-1.8105887,15505
4.62,1.1136433,15505
4.6,-1.8317808,15505
4.58,0.41517472,15505
4.42,-1.5688267,15505
4.4,2.7006388,15505
5.55,0.4976517,13815
7.52,1.0778387,1758
6.85,-2.7674632,1758
6.82,-6.3214307,1758
6.44,8.724143,1758
6.02,-3.7634497,1758
8.22,-1.6766925,7020
4.44,-0.28285426,7719
8.4,-2.6547348,253
8.3,4.9413414,253
8.22,2.9062183,253
8.1,-0.4747514,253
8.1,-4.53981,253
8.05,-4.19943,253
7.89,1.8978218,253
7.7,0.37925798,253
6.69,-2.8406553,253
6.13,-9.055009,253
6.0,-6.0179443,253
5.63,-10.371116,253
5.6,-10.532226,253
5.59,-11.60025,253
5.4,-8.284124,253
5.0,-14.464926,253
5.07,1.0862688,10124
5.72,1.048983,2544
9.4,12.846548,1887
8.52,9.961211,1887
7.96,7.388844,1887
7.4,-0.57352215,1887
7.15,6.895196,1887
6.96,-1.9580224,1887
6.85,-0.9825251,1887
6.62,2.9165723,1887
6.62,2.4142435,1887
6.57,1.1371855,1887
6.5,1.8707763,1887
6.44,0.86507636,1887
6.29,-1.9249834,1887
6.28,-6.2010536,1887
6.16,1.7028766,1887
6.15,-0.16942427,1887
6.05,-4.548457,1887
6.05,-0.54413164,1887
5.89,-1.7550756,1887
5.48,-3.3259075,1887
5.4,-3.025797,1887
5.34,-6.5965824,1887
5.34,-2.0820398,1887
5.24,-4.052746,1887
7.18,1.5653433,16297
9.0,-10.1927805,3388
9.0,0.50585294,3388
8.7,8.291846,3388
8.7,0.73314345,3388
8.7,-6.678509,3388
8.7,-5.801562,3388
8.7,3.3659155,3388
8.52,-3.7642221,3388
8.52,2.4372015,3388
8.52,-4.687916,3388
8.4,3.005495,3388
8.3,4.532874,3388
8.3,-3.1394265,3388
8.22,1.4748441,3388
8.22,-9.327504,3388
7.41,4.1551,3388
6.0,-2.2403615,9881
4.82,0.53808874,9881
4.8,-3.4947155,9881
7.24,0.94489205,3427
7.51,2.0647824,13138
5.1,6.7125235,13614
4.13,-5.546691,13614
7.89,6.298404,8588
7.8,1.8551314,8588
7.7,5.500645,8588
7.7,5.0974402,8588
7.5,2.3393881,8588
7.3,5.6976137,8588
7.3,-3.4056547,8588
7.3,-4.796493,8588
7.2,-2.8106837,8588
7.2,-2.1537101,8588
7.1,0.41681862,8588
7.1,0.03951598,8588
7.1,1.94397,8588
7.1,-2.3510242,8588
7.1,5.379654,8588
7.1,-0.9926147,8588
7.1,3.3703492,8588
7.1,-3.8008401,8588
7.1,-8.701338,8588
6.89,6.70954,8588
6.8,-4.1416583,8588
6.7,-6.435175,8588
6.7,6.8576517,8588
6.4,-1.1536576,8588
6.4,5.072512,8588
6.3,-2.133082,8588
6.2,2.9866893,8588
6.2,2.5595675,8588
6.1,0.9984354,8588
5.89,-0.6045169,8588
5.7,4.446398,8588
5.6,-6.1754203,8588
5.5,-0.5880165,8588
5.3,5.160241,8588
5.1,1.1108886,8588
5.7,-13.772207,8537
4.62,2.4165013,8537
9.0,17.427485,5453
9.0,-2.00799,5453
8.7,-8.438845,5453
8.52,11.9287615,5453
8.52,15.181747,5453
8.4,10.958479,5453
8.4,-9.417235,5453
8.4,-7.786797,5453
8.3,16.90714,5453
8.3,5.64064,5453
8.22,2.2240195,5453
8.22,-18.295225,5453
8.22,10.570394,5453
8.05,4.2679896,5453
7.96,-8.142229,5453
7.96,0.75474477,5453
7.39,0.1416853,5453
7.38,-9.690535,5453
7.28,1.9497262,5453
6.62,-6.129146,5453
6.16,2.3940878,14816
6.09,1.6250345,14816
7.15,1.0583376,2589
6.82,5.4940224,2589
6.56,6.3000774,2589
6.43,-3.7714071,2589
6.33,-2.819174,2589
6.23,-1.8366445,2589
6.22,6.3000774,2589
6.05,0.86497515,2589
6.03,-1.8366445,2589
5.85,-6.550023,2589
5.76,-7.1736603,2589
5.74,-7.35211,2589
5.52,-6.550023,2589
5.52,-7.35211,2589
5.51,-10.648904,2589
5.49,-2.9812183,2589
7.92,3.0156457,4928
7.0,11.102882,15569
6.47,7.905163,15569
6.35,7.460183,15569
5.44,3.2679214,15569
4.96,0.09272118,15569
4.85,3.3585198,15569
4.43,0.112456396,15569
7.77,11.0617485,11422
6.44,5.959719,11422
6.11,4.019985,11422
5.64,-8.461804,11422
9.52,3.4580991,2818
8.72,3.9137669,2818
8.62,5.084287,2818
8.15,-10.459775,2818
8.07,-14.239274,2818
7.96,7.3980746,2818
6.82,3.4457645,2818
6.7,-0.05299933,2818
5.68,0.02909568,9961
9.41,1.4484757,14775
7.13,1.0918813,12480
7.43,3.585457,7958
7.32,2.2736912,7958
6.82,14.907087,7958
6.43,-2.2687092,7958
5.92,-8.153317,7958
5.89,2.3478825,7958
5.82,13.963074,7958
5.72,12.071616,7958
5.55,-8.858017,7958
5.04,-2.458005,7958
7.84,6.0818253,4065
7.58,-1.049707,4065
7.57,-3.915009,4065
7.38,4.126483,4065
7.34,-9.730366,4065
7.28,-10.481495,4065
7.26,4.0420613,4065
6.97,3.697477,4065
8.4,3.519064,5119
8.22,8.736363,5119
8.15,5.303392,5119
7.85,6.8150387,5119
7.77,-3.0178983,5119
7.29,1.8070071,5119
7.2,-4.028815,5119
6.77,0.09883721,5119
6.73,6.1682224,5119
6.4,2.4489121,5119
5.96,-0.08137711,5119
5.32,2.947762,5119
6.3,3.2131758,3401
6.1,-4.854548,3401
6.1,5.2520657,3401
6.05,2.7034361,3401
5.96,2.4250166,3401
5.96,-2.2678907,3401
5.85,6.8464217,3401
5.82,6.1916633,3401
5.82,13.910819,3401
5.82,-7.8186803,3401
5.82,1.261243,3401
5.77,0.99047863,3401
5.75,-7.8778996,3401
5.72,4.934215,3401
5.7,-0.45281246,3401
5.66,-7.9211254,3401
5.62,-3.918494,3401
5.6,1.1709124,3401
5.6,-7.6760902,3401
5.44,-1.4229733,3401
5.44,7.4991856,3401
5.44,-5.245314,3401
5.41,-3.184292,3401
5.38,4.643259,3401
5.37,3.5048358,3401
5.36,-1.3814541,3401
5.33,-7.644115,3401
5.31,0.44311535,3401
5.28,1.9669036,3401
5.25,-0.5759273,3401
5.22,-1.4049932,3401
5.09,3.3378289,3401
5.05,10.152303,3401
4.96,6.9078803,3401
4.96,-8.241727,3401
4.92,-1.2113074,3401
4.89,-0.5006859,3401
4.85,-2.7046478,3401
4.85,5.4085255,3401
4.8,-2.0074608,3401
4.72,2.5359375,3401
4.51,4.908254,3401
6.81,1.2942784,5886
7.1,5.379691,15331
6.6,2.6923218,15331
6.51,0.009994614,15331
6.48,3.9942706,15331
6.26,-3.8219404,15331
6.25,-1.8610585,15331
6.23,2.056342,15331
6.1,7.5197544,15331
6.1,3.9813643,15331
6.03,-7.3042417,15331
5.64,-4.563512,15331
5.63,8.1745825,15331
5.58,-1.5165632,15331
5.54,-1.4470469,15331
5.12,-0.9456423,15331
8.7,9.266841,4071
8.52,8.911278,4071
8.4,6.7827625,4071
8.4,3.7868621,4071
8.3,6.601721,4071
8.3,6.959763,4071
8.15,-2.6128206,4071
8.05,-1.8748372,4071
7.82,3.584085,4071
7.82,0.542019,4071
7.77,12.595688,4071
7.72,-3.895069,4071
7.7,6.90653,4071
7.57,6.4058075,4071
7.46,-9.889323,4071
7.34,5.1108556,4071
7.29,-6.726746,4071
7.29,-4.5975685,4071
7.28,2.0400908,4071
7.11,0.039063405,4071
6.71,-9.21804,4071
6.62,0.20003834,4071
6.49,7.5460677,4071
7.58,5.346268,11141
7.37,-4.6981463,11141
5.57,-0.32594648,3762
6.59,-2.5771725,4345
6.54,5.307281,4345
9.17,6.655089,2335
9.09,12.837627,2335
9.04,-8.170677,2335
8.85,-5.496029,2335
8.17,-0.3728524,2335
7.73,1.8091592,2335
7.6,4.080902,2335
7.46,13.173589,2335
7.41,-6.8089566,2335
7.4,11.671599,2335
7.39,-11.796745,2335
7.33,1.7880423,2335
7.28,-7.154924,2335
7.25,-0.8356563,2335
7.17,7.9710336,2335
7.14,14.855045,2335
7.03,8.104317,2335
6.98,-1.9213954,2335
6.93,-5.872396,2335
6.77,1.9663363,2335
6.64,-12.521594,2335
6.6,3.1102824,2335
6.51,-15.84519,2335
6.42,-15.482339,2335
6.34,-1.1904697,2335
6.32,-7.1259017,2335
6.29,-5.3848796,2335
6.24,-10.354184,2335
6.1,5.869318,2335
5.99,-2.741789,2335
5.81,-13.757968,2335
5.68,-4.2544875,2335
5.62,-7.718909,2335
8.4,6.7259793,11283
8.15,-4.247433,11283
8.05,-3.1176994,11283
7.62,-3.017433,11283
7.44,-3.017433,11283
7.54,12.809197,10954
7.42,13.9917345,10954
7.29,5.7280836,10954
7.13,-3.1873505,10954
7.01,-0.9573451,10954
6.78,-3.5512645,10954
6.63,-5.525233,10954
6.59,-3.1222866,10954
6.47,2.003923,10954
6.45,-8.521008,10954
6.41,-6.3648396,10954
6.38,5.8770585,10954
6.35,-5.1887817,10954
6.31,-8.519624,10954
6.27,8.639873,10954
6.24,-9.301631,10954
6.07,-9.804738,10954
6.0,10.712904,10954
9.15,6.2292204,12059
9.0,6.2292204,12059
9.0,6.2292204,12059
9.0,-5.285147,12059
8.7,6.2292204,12059
7.85,-5.285147,12059
7.17,-5.285147,12059
6.59,-5.285147,12059
6.54,3.8095975,16609
8.52,-5.555425,8834
8.4,-0.25701895,8834
8.4,-0.23890032,8834
8.22,-7.359276,8834
8.15,2.2331939,8834
8.15,-6.366889,8834
8.1,-6.1763697,8834
7.89,-5.616963,8834
7.85,-0.9119066,8834
7.82,-6.45606,8834
7.77,-6.3741384,8834
7.72,-3.0061738,8834
7.66,-5.5783434,8834
7.6,-7.8467226,8834
7.48,-5.844245,8834
7.26,-1.248934,8834
7.24,-4.9511633,8834
7.22,-9.398292,8834
7.06,-8.72759,8834
7.05,-6.4490943,8834
5.82,-6.5698767,8834
5.02,0.40451664,8834
4.86,0.18936995,8834
5.42,7.271451,11124
5.23,1.8880801,11124
4.98,-13.079349,11124
4.89,-0.35626566,17638
5.85,-3.805524,699
5.64,4.66935,699
5.6,4.7417126,699
5.92,-4.955264,9914
5.71,1.9483495,9914
7.0,9.681418,16393
6.85,3.4381151,16393
6.5,0.12312055,16393
6.5,10.486671,16393
6.4,-10.941135,16393
6.3,-10.813923,16393
6.0,6.161334,16393
5.1,-1.6754738,16393
8.57,5.7601933,14790
7.49,3.7922966,14790
7.47,-1.1760346,14790
7.32,-0.48896712,14790
5.05,0.5654386,3773
8.3,0.20381293,1482
8.22,0.8820972,1482
8.05,1.8024445,1482
8.0,1.8024445,1482
7.96,-1.3333318,1482
7.89,0.8820972,1482
7.75,1.3055731,1482
7.75,5.5072045,1482
7.6,2.4078462,1482
7.57,2.8392498,1482
7.51,1.8024445,1482
7.5,0.58827895,1482
7.36,-0.723782,1482
7.35,-3.3586397,1482
7.32,-1.9596965,1482
7.32,0.68195605,1482
7.28,-0.7392965,1482
7.23,-1.8923638,1482
7.18,0.8820972,1482
7.08,0.20381293,1482
6.98,-4.1590643,1482
7.35,11.33153,16692
6.95,-1.0768322,16692
6.72,3.2142172,16692
5.9,-0.29092166,16692
5.53,-4.995764,16692
6.45,12.851425,24
6.34,-0.56302893,24
5.46,18.954046,24
7.57,-0.2218331,13742
5.34,-3.1608417,8328
8.7,2.687418,13419
8.05,8.496008,13419
7.89,6.0708337,13419
7.89,7.272161,13419
7.85,8.851167,13419
7.7,8.918026,13419
7.66,7.331368,13419
7.64,10.679258,13419
7.52,5.0758405,13419
7.52,4.271753,13419
7.46,0.48620185,13419
7.42,4.2242045,13419
7.42,-1.1218486,13419
7.39,6.497997,13419
7.34,4.8221188,13419
7.3,2.4084334,13419
7.28,7.83525,13419
7.12,-2.3339047,13419
7.09,0.84668386,13419
7.06,-1.0646331,13419
7.05,-1.4634559,13419
7.0,-3.7178037,13419
6.96,3.6418774,13419
6.9,-2.3830984,13419
6.83,-4.4391055,13419
6.81,-0.48142526,13419
6.68,-6.1700654,13419
6.46,1.4266707,13419
6.02,-12.388049,13419
5.21,-5.373943,13419
5.66,0.9816307,7466
7.6,10.694364,15800
7.5,6.660632,15800
7.3,7.1745963,15800
7.22,0.3946588,15800
7.07,-4.920903,15800
7.05,2.0625052,15800
6.52,-2.998706,15800
5.91,8.310994,15800
5.62,4.7906036,15800
4.77,0.1468944,633
9.0,2.1769388,3777
9.0,10.873356,12744
8.0,7.212815,12744
7.87,7.659509,12744
7.7,4.5830293,12744
7.52,9.090049,12744
7.51,0.057732757,12744
7.49,1.9937855,12744
6.88,0.25202262,12744
6.77,-1.5836335,12744
6.75,1.067483,12744
6.52,0.9618264,12744
6.52,3.3157058,12744
6.47,0.54855853,12744
6.24,-4.077673,12744
5.77,-8.824316,12744
5.55,-9.044154,12744
9.3,8.264637,5768
9.24,-7.0794816,5768
9.22,3.6840694,5768
9.22,2.6766636,5768
9.22,7.491016,5768
9.22,10.637699,5768
9.15,2.345031,5768
9.15,-3.1288185,5768
9.15,-8.241533,5768
9.15,0.969664,5768
9.06,7.8349066,5768
9.05,7.049892,5768
9.05,9.586271,5768
9.05,7.707509,5768
8.96,7.2071733,5768
8.92,1.1245724,5768
8.92,9.661644,5768
8.89,11.970443,5768
8.89,-2.5033162,5768
8.85,2.94446,5768
8.85,5.743814,5768
8.8,6.162114,5768
8.77,-4.261174,5768
8.7,2.119096,5768
8.7,9.471903,5768
8.64,0.27056542,5768
8.64,1.8699256,5768
8.54,1.0302358,5768
8.44,-3.319689,5768
8.36,0.6877266,5768
8.34,5.7841086,5768
8.32,3.2862952,5768
8.28,4.8226075,5768
8.21,5.0668306,5768
8.18,-0.41796273,5768
8.15,-10.344218,5768
8.13,1.9217628,5768
8.11,4.6527624,5768
7.92,-1.0048761,5768
7.77,0.3077433,5768
7.75,-3.9245605,5768
7.7,0.9452185,5768
7.7,3.2559617,5768
7.62,3.1443214,5768
7.52,0.43455806,5768
7.51,3.4700048,5768
7.51,-1.6742795,5768
7.34,2.24966,5768
7.19,-6.1061354,5768
7.08,1.9022746,5768
7.0,-4.733408,5768
7.0,6.044778,5768
6.77,7.625286,5768
6.66,5.0224047,5768
6.65,-4.330353,5768
6.61,-3.3412528,5768
6.59,-7.79352,5768
6.41,2.6829574,5768
6.3,-0.17755726,5768
5.8,6.044778,5768
5.59,2.161046,5768
5.57,5.937276,5768
5.9,-1.6307595,16885
9.7,6.3019605,12277
9.52,9.27908,12277
9.4,6.5791554,12277
9.22,6.3019605,12277
9.15,14.941301,12277
9.1,5.648541,12277
9.05,8.37706,12277
9.05,9.658142,12277
9.05,3.1989186,12277
9.05,8.878897,12277
8.96,4.817996,12277
8.92,6.349079,12277
8.92,8.0284605,12277
8.89,10.381922,12277
8.89,9.866611,12277
8.85,7.094308,12277
8.82,8.348077,12277
8.8,8.37706,12277
8.7,4.5502005,12277
8.7,0.58248264,12277
8.68,4.0503974,12277
8.64,-4.880091,12277
8.62,4.6776104,12277
8.62,8.348077,12277
8.6,8.071719,12277
8.59,8.158187,12277
8.54,8.565834,12277
8.52,0.6221052,12277
8.51,1.3438672,12277
8.49,2.669691,12277
8.47,7.114685,12277
8.13,-4.4494143,12277
8.09,2.8998826,12277
7.92,10.305642,12277
7.8,-2.762983,12277
7.64,3.58536,12277
7.38,-9.647379,12277
7.24,-13.52912,12277
7.24,-0.21794595,12277
7.21,-6.633938,12277
6.41,-5.5619802,12277
6.2,3.165854,12277
6.1,-9.551812,12277
5.06,-16.311268,12277
7.99,-0.21535197,12842
8.52,-0.8188705,15585
8.4,6.2841134,15585
8.3,6.2841134,15585
8.0,2.7284381,15585
7.7,2.7284381,15585
7.7,-0.8188705,15585
8.38,0.22122158,15382
8.7,3.6423085,13794
5.08,2.553188,3128
4.85,2.027516,16579
4.75,-0.11671575,16579
4.66,-0.11671575,16579
4.58,2.0529945,16579
4.42,-5.0443287,16579
9.54,6.2378936,630
9.47,2.713537,630
9.36,6.1588435,630
9.35,9.999102,630
9.22,11.697464,630
9.17,-3.5626862,630
9.15,-3.0283647,630
9.15,2.3110647,630
9.05,0.5298063,630
9.0,4.60842,630
8.9,2.1129727,630
8.85,8.131776,630
8.43,7.387803,630
8.33,6.429651,630
7.96,-6.807776,630
7.8,0.8489136,630
7.7,2.5556996,630
7.66,-14.135617,630
7.58,-12.656548,630
7.5,-6.6146894,630
7.46,-8.272532,630
7.31,-10.649858,630
7.24,-0.93714726,630
7.24,1.28536,630
7.21,-4.362978,630
7.0,-16.986532,630
7.0,-8.37413,17755
6.9,0.30222136,17755
6.8,0.1242743,17755
6.8,6.2939053,17755
6.4,2.982021,17755
6.4,-3.0745196,17755
6.2,8.146692,17755
6.2,-6.062089,17755
6.1,9.262158,17755
6.1,-3.4948409,17755
6.0,5.317726,17755
5.9,5.3390346,17755
5.9,1.3887453,17755
5.9,7.223983,17755
5.7,-2.5546947,17755
5.5,-8.188417,17755
5.5,4.7394786,17755
5.4,-11.292004,17755
5.3,-11.900035,17755
5.3,-7.60592,17755
5.3,-10.431892,17755
5.1,-2.3867393,17755
4.9,0.3930511,17755
9.15,10.01955,8269
8.85,11.479036,8269
8.7,5.5281587,8269
8.54,2.6225252,8269
8.51,10.884202,8269
8.48,2.8577356,8269
8.47,12.720881,8269
8.43,3.1392946,8269
8.17,5.519737,8269
7.82,-0.738047,8269
7.39,-6.336332,8269
7.38,-12.205143,8269
7.37,-4.966866,8269
7.22,-3.9641044,8269
7.12,-1.2436677,8269
7.03,-6.044,8269
6.88,-8.325103,8269
9.0,2.0222456,9484
8.7,3.5089815,9484
8.7,4.80641,9484
8.52,2.1440613,9484
8.4,3.5229368,9484
8.3,0.03129043,9484
7.92,2.2409313,9484
7.82,1.5869329,9484
7.77,1.9754492,9484
7.72,2.3987834,9484
7.66,1.0822366,9484
7.55,-0.5203911,9484
7.43,1.111787,9484
7.32,4.05002,9484
7.24,2.7493293,9484
7.06,7.3588796,9484
7.0,-5.5398564,9484
6.89,2.2609067,9484
6.77,1.8300455,9484
6.72,-4.837423,9484
6.67,-0.23045698,9484
6.58,0.26741374,9484
6.57,-2.271857,9484
6.29,5.559499,9484
7.82,-2.1819284,2084
7.68,-11.189959,2084
7.38,-3.6713436,2084
7.38,2.9383755,2084
7.3,2.191481,2084
7.28,-1.3699372,2084
7.22,-4.7638984,2084
7.17,-2.5533366,2084
7.05,1.4438602,2084
6.7,3.41383,2084
6.6,-3.3841128,2084
6.52,-1.6022359,2084
6.44,2.7584393,2084
6.35,-1.2348226,2084
6.35,1.3141849,2084
6.1,-9.839011,2084
6.03,-1.0926236,2084
5.68,-12.066687,2084
5.42,-13.422986,2084
5.4,-5.8154807,2084
7.17,3.5932317,6690
5.96,-1.8221908,2404
7.8,10.906113,6567
6.88,-1.04,6567
6.8,4.65306,6567
9.52,-1.8531663,1387
7.4,4.4921303,1387
7.66,-0.24829525,12621
7.57,0.81826293,12621
9.77,5.6270294,736
9.43,-3.466535,736
9.31,-7.2867208,736
9.3,-7.2867208,736
9.07,-0.36290142,736
8.91,-9.898673,736
8.77,9.933788,736
8.07,11.873766,736
8.03,13.501974,736
6.89,-1.8843822,736
7.0,-5.670288,8943
6.84,-2.1885352,8943
6.75,-1.5252552,8943
6.7,1.9470912,8943
6.68,-2.3821049,8943
6.68,-3.2113907,8943
6.6,2.6031947,8943
6.58,-4.531811,8943
6.56,-3.6721833,8943
6.52,-0.11618768,8943
6.52,5.5346966,8943
6.52,-3.1994104,8943
6.48,-7.2291265,8943
6.39,1.6472038,8943
6.31,1.9782238,8943
6.24,5.5782423,8943
6.21,0.8333529,8943
6.08,-6.015348,8943
6.06,-3.026323,8943
5.92,-8.785381,8943
5.89,1.0664088,8943
5.77,-7.038341,8943
5.75,3.1282325,8943
5.72,5.5248947,8943
5.55,5.619105,8943
9.0,4.6382785,6331
8.15,1.8707931,6331
7.92,-6.363104,6331
7.64,-2.8959255,6331
7.62,-1.8594211,6331
7.47,-8.12001,6331
7.34,1.2176632,6331
6.8,-4.857973,6331
6.39,-8.6703825,6331
6.27,-10.889796,6331
7.22,0.41224653,17813
7.89,3.7547982,13709
7.6,1.3930223,13709
7.35,-2.780835,13709
6.96,4.2935534,13709
6.92,0.04635756,13709
7.51,-2.39291,10861
6.68,-0.2921642,8024
5.92,-6.437108,8024
5.89,-0.7789992,8024
5.72,-9.982853,8024
5.62,-7.4546294,8024
4.57,4.618433,8024
4.51,5.313966,8024
4.06,-5.478552,8024
7.89,0.43192518,1719
7.92,4.9003935,2830
6.57,-2.372152,2830
6.24,-5.6324244,2830
6.14,1.2750036,2830
6.64,-0.078350626,3957
6.34,-6.0226994,3957
6.0,0.27184048,3957
7.96,-1.5879776,13670
9.0,17.243216,5784
8.7,8.5142,5784
7.52,-5.885594,5784
6.22,0.7445362,5784
5.75,-0.6982706,5784
5.72,-9.913797,5784
5.72,-1.9927381,5784
5.68,-1.2031907,5784
5.47,-7.445388,5784
7.13,4.322618,9253
9.15,6.324062,8934
8.89,7.4506426,8934
8.89,-1.3239982,8934
8.77,3.5546532,8934
8.7,1.3201357,8934
8.7,6.55138,8934
8.68,6.8292313,8934
8.64,6.130081,8934
8.6,6.6961765,8934
8.6,4.3713865,8934
8.55,6.288866,8934
8.39,6.9969373,8934
8.39,4.2774787,8934
8.3,8.0769415,8934
8.24,1.2485263,8934
8.21,-2.2112415,8934
8.1,2.1357963,8934
8.06,0.85895574,8934
8.03,-11.321013,8934
8.0,8.923818,8934
7.95,11.423387,8934
7.89,1.1749916,8934
7.89,7.7309685,8934
7.76,-2.6841924,8934
7.75,3.660783,8934
7.6,-4.2454805,8934
7.58,6.869251,8934
7.23,10.333105,8934
7.18,5.803683,8934
7.05,5.803683,8934
6.64,4.8190866,8934
6.61,3.1476924,8934
6.56,11.995027,8934
5.76,6.7249045,8934
4.17,-0.90904325,1862
6.1,-0.067750946,16866
5.46,-10.878113,16866
4.54,-2.6464202,16866
8.7,7.9262238,17610
8.4,5.1707435,17610
7.38,-1.2929356,17610
7.29,-6.6658773,17610
7.16,-5.441382,17610
7.14,-0.92068964,17610
6.96,-7.406878,17610
6.75,-0.4034277,17610
6.52,0.27241445,17610
6.47,-2.1502724,17610
6.06,-12.791831,17610
5.96,-10.030142,17610
5.24,-10.288661,17610
6.54,1.4618909,3481
7.0,3.7149177,14884
8.47,2.019361,13959
8.23,-8.901923,13959
7.68,11.76146,9516
7.57,10.650664,9516
7.48,10.410306,9516
7.32,9.897268,9516
7.16,7.7532215,9516
7.03,5.237359,9516
6.8,-0.5517717,9516
6.55,-5.5739613,9516
6.36,-6.3104897,9516
6.3,-2.4309852,9516
6.1,-6.5880594,9516
6.09,-2.0206614,9516
6.01,-7.742426,9516
5.23,-0.6272556,9516
5.01,-0.6852219,9516
7.34,3.522912,14421
7.09,-11.361917,9800
6.74,-13.234185,9800
9.4,0.24879277,10293
9.4,12.396058,10293
9.4,11.0273905,10293
9.4,-6.029242,10293
9.22,5.5187325,10293
9.22,6.845166,10293
9.1,-1.3226675,10293
8.82,-0.12739146,10293
8.77,12.068022,10293
8.7,-3.186351,10293
8.55,-1.4616263,10293
8.4,3.8231518,10293
8.37,3.4156687,10293
8.36,0.06479818,10293
8.27,-3.3905602,10293
8.22,12.339504,10293
8.19,0.07769427,10293
8.12,0.120067075,10293
7.8,1.9595475,10293
7.72,-2.9359233,10293
7.68,6.3373227,10293
7.68,2.8923752,10293
7.68,-0.5671689,10293
7.68,-0.5671689,10293
7.57,-3.008816,10293
7.39,-0.9187068,10293
7.28,9.034987,10293
6.98,-1.4732516,10293
6.63,-0.9894639,10293
6.06,6.1232204,10293
6.05,-3.8915973,10293
5.75,-11.661872,10293
5.4,-5.748622,10293
6.61,3.8068292,11876
7.19,1.283567,864
8.38,-7.6326723,14718
8.24,-4.642206,14718
8.14,-4.642206,14718
7.96,-4.642206,14718
7.92,4.7348504,14718
7.8,-8.545406,14718
7.77,-6.5059566,14718
7.68,-10.02594,14718
7.66,-7.6326723,14718
7.62,4.7348504,14718
7.52,1.7970532,14718
7.36,-8.14794,14718
7.17,1.7970532,14718
7.02,4.7348504,14718
6.96,5.8645067,14718
6.77,-3.9715002,14718
6.68,-0.29655126,14718
6.66,1.7970532,14718
6.64,-14.154366,14718
6.47,-5.0337157,14718
6.44,-6.494461,14718
6.44,-1.6331986,14718
6.4,-9.940714,14718
6.38,-2.7901518,14718
6.38,4.897377,14718
5.96,-0.9642734,14718
5.75,6.557422,14718
5.28,-3.205756,14718
8.1,16.114601,11311
8.0,6.4973783,11311
7.96,5.353069,11311
7.89,8.235124,11311
7.85,7.559912,11311
7.85,-5.160303,11311
7.77,0.71074206,11311
7.72,-4.0486026,11311
7.68,5.8345203,11311
7.66,-3.8201292,11311
7.64,-1.1116183,11311
7.6,0.027205754,11311
7.38,-3.1113994,11311
7.37,-9.224995,11311
6.89,-0.9878615,11311
7.84,1.0787972,10167
9.0,8.124752,6111
8.7,4.161631,6111
8.7,4.043627,6111
8.7,6.892978,6111
8.7,2.752964,6111
8.7,7.2514205,6111
8.7,0.9110734,6111
8.52,3.4303668,6111
8.52,5.0611076,6111
8.52,-7.8691096,6111
8.4,5.239451,6111
8.4,3.428205,6111
8.4,4.3587127,6111
8.3,4.5593867,6111
8.3,5.4120426,6111
8.3,2.572127,6111
8.3,2.907123,6111
8.3,7.6497884,6111
8.3,7.211989,6111
8.22,7.6300187,6111
8.22,6.2821846,6111
8.15,-0.91847104,6111
8.15,5.2551146,6111
8.15,1.3996466,6111
8.15,4.2104783,6111
8.15,9.676503,6111
7.96,2.9075775,6111
7.92,-1.6823933,6111
7.77,-14.730218,6111
7.77,3.9558249,6111
7.75,-0.14755748,6111
7.68,5.1370955,6111
7.52,-1.2211326,6111
6.72,-1.9523888,11631
8.72,12.031468,6212
8.68,2.7788966,6212
8.66,10.802827,6212
8.66,-4.266628,6212
8.57,-10.824161,6212
8.44,11.432217,6212
8.44,10.8053055,6212
8.44,6.6028357,6212
8.28,8.316669,6212
8.25,11.343065,6212
8.15,6.639538,6212
8.14,-1.4080546,6212
8.03,-1.7776021,6212
7.4,0.98736525,4174
7.2,-5.6595473,3428
7.82,1.1320549,3440
4.58,-12.288086,1309
4.48,2.4116607,1309
7.23,2.8010728,3340
7.06,4.436908,14110
6.0,-1.042568,14110
9.0,3.7846055,11007
8.19,-6.646364,11007
5.41,-7.5689263,11007
8.3,-0.47128,571
7.85,-4.9577985,571
7.52,14.181618,571
6.96,9.76709,571
6.75,-6.4314938,571
6.72,10.800038,571
6.57,10.587832,571
6.52,10.4551525,571
6.35,-0.15697864,571
6.3,-5.2100606,571
6.24,-5.933216,571
6.24,-1.3631974,571
5.96,-7.39115,571
5.88,10.867173,571
5.82,-5.2439523,571
5.72,-1.9037199,571
5.46,0.28507504,571
7.43,10.423363,11417
6.14,-11.88562,11417
5.82,7.808057,11417
5.17,4.666886,11417
7.89,1.9753348,3106
8.14,0.40657854,4388
7.72,-3.7163591,4388
7.62,-4.8596067,4388
7.06,-4.4617825,4388
7.05,4.056709,4388
6.94,3.2676032,4388
6.86,-3.3728497,4388
6.8,3.9848847,4388
6.73,-4.9996305,4388
6.72,4.1522574,4388
6.67,4.4240904,4388
6.11,-0.41075343,4388
6.05,-9.5738735,4388
5.83,-2.2467515,4388
5.64,-5.4264984,4388
5.37,0.32965088,4388
6.14,-1.6527017,12897
7.37,4.2273216,5514
7.01,-9.821698,5514
7.4,11.800045,11419
5.96,-11.272703,11419
5.75,3.8870237,11419
5.72,6.64371,11419
9.0,1.7133697,11450
5.24,-0.36474517,12128
5.43,-2.460672,1560
5.96,-2.8471158,1307
8.82,-0.9786096,8841
7.17,4.8317614,8841
9.0,3.3615847,827
8.85,7.8408356,827
8.8,5.492214,827
8.8,12.184331,827
8.77,-0.3585021,827
8.77,5.7230496,827
8.68,6.6952343,827
8.64,1.580311,827
8.57,3.6315775,827
8.52,4.4520845,827
8.52,-0.85610855,827
8.48,9.022862,827
8.39,2.8155224,827
8.34,-1.1861483,827
8.3,5.1268315,827
8.2,-7.386393,827
8.11,-13.094231,827
8.07,6.6010213,827
8.0,3.880482,827
8.0,3.362456,827
7.92,-8.239688,827
7.44,4.640662,827
7.37,3.1642768,827
8.39,-5.6589518,9191
8.39,-12.135206,9191
8.11,-7.479485,9191
7.91,2.7547264,9191
7.79,-8.808843,9191
7.48,-7.3344646,9191
7.42,-9.0058775,9191
6.85,-8.217013,9191
6.76,-3.1068175,9191
6.69,-3.7822778,9191
6.08,-9.527363,9191
6.04,2.4473774,13448
5.99,2.9038746,13448
5.77,0.4388706,10716
8.49,1.4083209,2955
4.04,0.69581527,16479
6.6,-1.3680806,3605
5.54,0.53440785,10055
5.2,-0.7313872,10055
6.04,-6.7612915,12335
6.92,-0.6219549,14686
7.4,0.0042410614,11905
7.09,-0.5026614,11905
5.25,-1.2766804,5092
8.7,4.4192047,13880
8.52,3.6485095,13880
8.3,-0.20905596,13880
8.3,0.9912615,13880
8.3,3.2820847,13880
8.1,4.6472774,13880
8.1,5.026378,13880
8.0,4.8834295,13880
7.96,1.5442575,13880
7.82,9.054049,13880
7.8,-0.42899668,13880
7.8,4.7650766,13880
7.77,-6.815525,13880
7.68,-0.28526723,13880
7.68,-3.4394767,13880
7.64,-6.822368,13880
7.57,-7.4397993,13880
7.54,7.4403915,13880
7.4,-5.121465,13880
7.37,-6.6026273,13880
7.26,-5.5882993,13880
7.25,-3.7392244,13880
7.21,4.194516,13880
7.21,0.9912615,13880
7.13,5.0369744,13880
7.12,3.4338102,13880
7.11,6.2391806,13880
7.09,-11.691057,13880
7.05,-7.653511,13880
7.04,3.3919766,13880
6.97,-4.1646943,13880
6.96,9.261964,13880
6.88,-9.802741,13880
6.84,0.9912615,13880
6.8,-2.8756528,13880
6.78,-1.059724,13880
6.68,1.6507319,13880
6.68,-2.8756528,13880
6.45,1.5227374,13880
6.39,-1.9518086,13880
6.04,0.9912615,13880
6.86,2.6766777,13625
10.0,1.4380323,9994
6.85,0.43292606,10704
7.42,1.943902,10280
7.32,2.4293282,14025
8.74,1.7635133,13865
8.68,7.564375,13865
8.6,0.338108,13865
7.8,-10.529254,4538
7.7,-10.529254,4538
7.55,-10.529254,4538
7.41,-5.7623544,4538
7.38,-7.877762,4538
7.29,9.99561,4538
7.17,-0.7712921,4538
7.16,-12.311512,4538
7.11,-8.120316,4538
6.99,1.5465835,4538
6.89,4.1882143,4538
6.78,1.5465835,4538
6.76,-8.120316,4538
6.69,-2.1645746,4538
6.69,5.205315,4538
6.67,10.384032,4538
6.41,-5.0616717,4538
6.32,-1.8998243,4538
6.14,11.688684,4538
7.96,2.3372493,3934
7.51,3.5690117,576
7.44,6.5964985,576
7.3,11.995338,576
7.16,4.632582,576
7.07,10.692905,576
6.62,-1.5239191,576
6.61,-7.1049747,576
6.33,-10.70384,576
6.28,-3.4272797,576
6.14,0.5448445,576
6.0,0.8507611,576
5.95,-0.6039215,576
5.9,0.054238845,576
5.88,0.7289578,576
5.71,4.0727124,576
5.56,-12.59531,576
5.45,-3.8780131,576
5.36,0.10870216,576
5.29,-4.8168225,576
5.23,11.846141,576
5.22,0.7481701,576
7.85,1.1744431,9627
8.4,12.665019,16720
7.42,1.9329338,16720
7.42,3.0248196,16720
7.34,8.850425,16720
7.24,-0.0152543215,16720
7.23,0.30859905,16720
7.16,8.270156,16720
7.01,11.622008,16720
7.0,-1.9406972,16720
6.75,-5.896147,16720
6.36,-8.469755,16720
6.34,6.453181,16720
6.17,4.513326,16720
6.15,-13.010629,16720
5.89,-6.4327874,16720
5.7,-0.26015133,16720
5.58,-7.5791883,16720
5.4,1.1314237,16720
5.11,3.0450375,16720
8.57,5.89493,11200
8.42,4.773988,11200
8.41,6.893945,11200
8.3,4.6173205,11200
8.1,3.836221,11200
7.89,0.8088008,11200
7.75,-0.107507184,11200
7.72,5.439386,11200
7.7,6.164026,11200
7.58,-0.61923546,11200
7.57,1.4819767,11200
7.37,2.7389343,11200
7.21,7.801138,11200
7.13,-9.157743,11200
7.07,7.2816486,11200
6.82,3.5123076,11200
6.29,3.725624,11200
6.26,5.407297,11200
5.97,3.9963706,11200
5.02,4.769568,11200
7.8,1.5577303,6214
7.72,-6.2222233,6214
7.42,-6.2222233,6214
7.39,6.326198,6214
6.91,-5.8834248,6214
6.28,6.08192,6214
4.91,0.22994834,6214
5.28,-2.3254564,17740
8.79,3.1489863,11083
8.63,2.89772,11083
8.59,1.4839852,11083
5.92,-0.49111807,15734
5.35,2.0373466,15734
4.97,-0.49111807,15734
6.4,-2.6888561,10446
6.79,1.6158986,6658
5.01,-0.14012411,12200
7.64,1.6681861,15701
5.77,6.157989,3836
5.75,-5.0025344,3836
5.5,-7.6748514,3836
7.4,1.1555191,6053
7.4,-5.8185253,15526
7.16,-6.8557196,15526
6.89,1.6481962,15526
6.7,0.23059824,15526
6.35,-12.338739,15526
5.72,6.8781157,15526
5.06,4.782968,15526
6.17,2.4370747,1455
6.14,0.14179283,1091
9.05,0.6193966,17349
5.04,2.1148837,12051
7.41,-6.425919,14137
6.91,-5.246927,14137
6.78,8.835012,14137
8.2,6.3966217,2041
7.7,7.1901555,2041
7.6,3.3936112,2041
7.6,7.1901555,2041
7.3,1.9183756,2041
7.1,1.4423866,2041
7.1,-2.8296711,2041
7.1,2.0591793,2041
6.5,-2.3474734,2041
6.5,0.76424503,2041
6.5,4.208475,2041
6.32,1.2342174,9278
7.82,1.4549674,6577
8.4,4.0727086,11330
8.38,10.97905,11330
8.36,9.238939,11330
8.26,7.0192757,11330
8.16,8.2566595,11330
8.04,8.724246,11330
8.03,7.976918,11330
7.94,7.494114,11330
7.85,0.33366117,11330
7.78,9.849928,11330
7.78,8.49172,11330
7.72,6.7838984,11330
7.6,8.260664,11330
7.54,8.953853,11330
7.53,7.7888584,11330
7.5,4.237384,11330
7.47,-0.033605445,11330
7.46,2.1399045,11330
7.43,5.4281344,11330
7.26,9.635181,11330
7.16,0.88490486,11330
7.15,7.056861,11330
6.98,-8.977799,11330
6.77,-10.323566,11330
6.53,2.2037404,11330
6.08,-11.516318,11330
6.07,-3.3542295,11330
5.54,-10.886387,11330
4.52,-19.247177,11330
9.3,-8.562102,6187
9.3,-3.8088107,6187
8.52,14.565485,6187
8.4,-3.5251029,6187
8.15,-4.979856,6187
8.15,0.52381986,6187
8.1,2.6155312,6187
7.89,9.766668,6187
7.85,8.708722,6187
7.77,4.3595023,6187
7.64,9.927823,6187
7.57,-1.4082526,6187
7.55,0.71241117,6187
7.46,3.6174662,6187
7.37,1.8146433,6187
6.89,3.0914652,6187
6.51,-7.4046283,6187
7.29,-3.5082128,7965
7.17,4.8274536,7965
7.0,-1.712153,7965
7.52,3.1610932,381
7.3,-7.5898714,381
6.39,-6.4766355,381
6.34,5.785881,381
8.85,7.5571456,14334
8.35,-0.6100024,14334
8.32,0.2606679,14334
8.14,9.298414,14334
8.09,-10.521022,14334
7.96,-1.9330215,14334
7.85,5.4070034,14334
7.81,-0.21490479,14334
6.97,6.2470865,14334
5.6,4.637599,5775
5.0,-2.5150406,5775
4.8,5.056843,5775
4.6,7.6331778,5775
4.6,2.7009597,5775
4.6,3.1946406,5775
4.5,3.4864023,5775
4.5,6.614655,5775
4.5,-3.1547363,5775
4.5,2.732435,5775
4.5,5.544362,5775
4.4,-0.11774733,5775
4.2,3.4399314,5775
4.2,0.7802456,5775
8.77,9.971456,12449
8.68,9.574685,12449
8.49,7.363386,12449
8.48,-14.353257,12449
8.3,12.292068,12449
8.21,5.7891498,12449
6.85,-14.353257,12449
7.47,-8.357615,6636
6.57,-11.767392,6636
6.25,0.8341236,6636
5.67,-10.43451,6636
5.24,-1.1449958,6636
5.22,-8.9322195,6636
5.15,0.08940709,6636
5.05,-1.158975,6636
5.01,-2.885832,6636
5.0,-2.1175745,6636
4.96,-8.841078,6636
4.91,15.081842,6636
4.8,-7.3780146,6636
4.69,10.876015,6636
4.2,-5.4401073,6636
4.11,-5.488495,6636
7.7,-3.518131,3424
7.39,3.1057205,1052
7.37,4.499587,1052
7.26,5.518112,1052
7.12,5.0578556,1052
7.05,8.093016,1052
6.76,8.918374,1052
6.66,-1.6751903,1052
6.57,3.4329565,1052
6.54,2.8126779,1052
6.5,-1.1949745,1052
6.48,1.2331501,1052
6.4,6.458776,1052
6.38,0.41604674,1052
6.38,0.73418343,1052
6.23,4.0753446,1052
6.19,1.6126235,1052
6.07,0.23819384,1052
5.72,-0.72010064,1052
9.22,5.6572704,11554
8.82,7.0913324,11554
8.77,-5.800625,11554
8.72,2.7836022,11554
8.7,2.5001514,11554
8.54,5.628831,11554
8.33,5.285353,11554
8.21,2.201921,11554
8.19,1.5323715,11554
8.19,-4.18239,11554
8.09,3.5537927,11554
8.07,4.4226193,11554
7.93,-0.45944148,11554
7.43,0.03792159,11554
7.2,0.8929965,11554
6.81,2.6742246,11554
6.57,3.965542,11554
8.43,-2.3432205,6014
7.47,5.2410517,6014
7.89,-0.2440386,6631
7.92,10.584718,17640
7.75,4.4857225,17640
7.7,7.9178057,17640
7.05,-13.442737,17640
7.05,-1.7630157,17640
6.85,10.370057,17640
6.77,-0.51330936,17640
6.75,-5.146617,17640
6.62,4.3238835,17640
6.62,1.0502343,17640
6.58,0.7201924,17640
6.57,2.9234726,17640
6.52,2.7389758,17640
6.47,-3.9253771,17640
6.44,3.5121589,17640
6.43,-2.797826,17640
6.42,0.77959234,17640
6.4,-9.748174,17640
6.32,4.1657662,17640
6.31,-4.801297,17640
6.29,2.9457989,17640
6.29,3.779936,17640
6.29,-6.8890243,17640
6.21,-2.5505173,17640
6.19,2.5492136,17640
6.17,-8.118597,17640
6.15,2.0708883,17640
6.08,8.419,17640
6.06,-3.8507416,17640
6.0,6.000815,17640
5.97,5.1137047,17640
5.96,7.737591,17640
5.95,-1.75421,17640
5.91,-3.324245,17640
5.91,-1.9418424,17640
5.9,2.2167096,17640
5.85,0.6860645,17640
5.83,-0.092183456,17640
5.81,-2.0545964,17640
5.8,0.7545975,17640
5.76,-2.5190828,17640
5.74,1.3174127,17640
5.72,10.480068,17640
5.62,-1.0912637,17640
5.61,9.186124,17640
5.52,-1.4178096,17640
5.52,-1.4241716,17640
5.35,3.4797478,17640
4.61,1.0717375,11008
7.92,3.43535,6515
5.62,0.9611293,6515
8.0,11.687944,15610
7.47,7.373781,15610
7.31,2.8759496,15610
6.89,5.661868,15610
6.77,5.679848,15610
6.58,6.580617,15610
6.18,1.5612067,15610
5.89,1.8300223,15610
5.5,-4.265341,15610
5.43,-1.4313751,15610
4.89,-3.9721549,15610
4.6,-3.37802,15610
6.95,8.505243,9608
6.83,7.361076,9608
6.78,8.868995,9608
6.46,4.093687,9608
6.3,2.7339058,9608
6.3,2.2002034,9608
6.21,5.3941727,9608
6.16,5.9121747,9608
5.97,4.6652303,9608
5.87,4.1215034,9608
5.86,-2.1750057,9608
5.78,1.7187415,9608
5.71,2.4263327,9608
5.64,-5.3434196,9608
7.36,-2.491691,4844
7.27,0.7235949,4844
6.96,-1.1175816,4844
6.16,-0.85091376,4844
7.85,0.5763832,4726
9.52,-6.7038326,6306
9.52,1.1930752,6306
9.4,-4.8475103,6306
9.34,3.577158,6306
9.3,0.1431108,6306
9.3,8.795059,6306
9.3,-3.7188923,6306
9.3,0.59081686,6306
9.22,-0.2709313,6306
9.22,2.0154362,6306
9.22,2.5577924,6306
9.22,-2.635513,6306
9.22,-2.2133133,6306
9.15,-2.0580933,6306
9.15,-1.8758138,6306
9.1,-1.1903474,6306
9.1,-5.88786,6306
9.05,-1.6349272,6306
9.05,-5.2572675,6306
9.03,9.188594,6306
9.0,0.4332186,6306
9.0,3.577158,6306
9.0,0.2079134,6306
9.0,1.8709219,6306
8.96,5.931408,6306
8.96,-5.8386745,6306
8.92,8.795059,6306
8.92,-2.6442862,6306
8.92,-0.023424644,6306
8.92,0.8314024,6306
8.92,-0.25173622,6306
8.92,9.188594,6306
8.89,-5.8386745,6306
8.89,9.766066,6306
8.89,2.1956644,6306
8.89,1.5743226,6306
8.85,0.19965376,6306
8.85,-1.4727988,6306
8.85,-4.1948667,6306
8.82,2.52191,6306
8.82,-9.176378,6306
8.82,1.4966763,6306
8.8,0.22664517,6306
8.8,9.766066,6306
8.8,-6.4045067,6306
8.8,-2.013688,6306
8.77,1.482534,6306
8.74,0.46671444,6306
8.74,2.848272,6306
8.72,2.5103033,6306
8.72,-5.3033404,6306
8.7,2.5717402,6306
8.7,8.795059,6306
8.68,2.140313,6306
8.62,1.845391,6306
8.62,1.2210569,6306
8.59,1.4539672,6306
8.59,-5.169362,6306
8.59,5.931408,6306
8.59,-1.5111595,6306
8.57,-3.742936,6306
8.57,3.5489564,6306
8.55,1.181335,6306
8.55,-0.6301558,6306
8.51,2.1999247,6306
8.51,5.4052143,6306
8.44,5.4052143,6306
8.43,-1.7403846,6306
8.37,-1.7640288,6306
8.37,5.4052143,6306
8.35,-11.017022,6306
8.35,-6.6068068,6306
8.34,-1.7507938,6306
8.33,-6.7606287,6306
8.3,-0.7250036,6306
8.28,4.435035,6306
8.24,-2.6421835,6306
8.23,1.0496713,6306
8.21,-1.8741685,6306
8.21,-0.40724447,6306
8.19,10.650284,6306
8.12,0.84325296,6306
8.11,2.8250096,6306
8.09,3.8261154,6306
8.09,-1.2980314,6306
8.05,-7.772903,6306
8.0,2.5219905,6306
8.0,1.39177,6306
8.0,-2.8893654,6306
7.96,-15.43357,6306
7.96,0.93455887,6306
7.92,2.8502038,6306
7.92,0.13395207,6306
7.89,2.1236331,6306
7.82,-1.9445436,6306
7.82,1.7444468,6306
7.8,-10.371412,6306
7.77,-3.8597715,6306
7.77,6.150145,6306
7.72,3.5271292,6306
7.57,3.204191,6306
7.52,-0.7118252,6306
7.51,-13.5895605,6306
7.5,-2.6269743,6306
7.43,-3.4501126,6306
6.92,-13.129649,6306
6.85,-4.0812817,6306
6.51,-15.168012,6306
6.13,-9.837016,6306
6.0,-10.503949,6306
5.7,-10.911209,6306
5.59,2.91385,16603
6.14,-2.579405,17762
8.15,13.259726,3940
8.05,-21.36788,3940
7.96,16.360277,3940
7.6,-0.041296143,3940
7.52,3.494126,3940
7.18,3.122974,3940
7.12,0.50805503,3940
7.09,-4.9347544,3940
6.98,14.491337,3940
6.92,13.705525,3940
6.81,-14.578529,3940
6.8,17.393106,3940
6.8,16.160063,3940
6.8,10.757981,3940
6.6,15.970242,3940
6.48,15.854129,3940
6.46,0.008650978,3940
6.44,-8.954861,3940
6.24,14.266161,3940
6.12,-3.1489809,3940
6.03,-13.901247,3940
6.01,4.54003,3940
5.96,-5.7704244,3940
5.91,-11.050787,3940
5.82,-11.512255,3940
5.57,-15.993326,3940
5.48,0.30911046,3940
5.33,-15.172629,3940
5.28,-17.915777,3940
5.07,-13.088064,3940
5.06,-2.4373374,3940
5.05,-12.0763645,3940
4.98,-11.448369,3940
4.9,-11.174383,3940
4.57,-14.815175,3940
8.21,5.497718,4426
7.89,5.7287345,4426
7.0,-0.5164232,4426
6.92,2.164808,4426
6.6,-1.7739716,4426
6.6,0.85765415,4426
6.52,-0.88028514,4426
6.44,3.3787258,4426
6.29,4.1626825,4426
6.28,5.564177,4426
6.14,3.8121953,4426
6.05,-0.4298254,4426
5.8,-3.635784,4426
5.75,2.069912,4426
5.72,-1.2275403,4426
5.72,-0.70341873,4426
5.62,-2.4925628,4426
5.6,-3.9801404,4426
5.52,4.6137342,4426
5.4,5.0298324,4426
7.89,0.8490582,5446
5.25,-0.2715832,8904
7.68,-2.7253351,10798
7.13,-3.4991536,10798
5.82,7.7634125,10798
6.57,0.9770813,1615
5.39,10.274197,17539
5.37,-9.955531,17539
6.55,9.264113,12637
6.5,-1.3117422,12637
6.48,-8.164931,12637
6.44,2.55037,12637
6.43,-7.98663,12637
6.43,1.2642397,12637
6.15,-4.114813,12637
6.06,9.777857,12637
5.89,6.3298388,12637
5.86,6.7483854,12637
7.46,2.5576415,14229
7.19,0.8854383,15659
6.08,-1.6397858,15659
7.52,5.5915265,8996
7.08,1.911468,8996
6.8,3.0558672,8996
6.75,2.5177493,8996
6.72,4.4779735,8996
6.61,3.974694,8996
6.6,-1.4640006,8996
6.53,4.317546,8996
6.53,2.6047704,8996
6.52,4.3727093,8996
6.47,4.3567467,8996
6.47,2.1441514,8996
6.47,1.2811142,8996
6.44,4.941236,8996
6.42,4.110848,8996
6.22,-4.0927014,8996
5.95,-0.77274257,8996
5.71,-2.644518,8996
5.69,-0.3905574,8996
5.68,3.5453367,8996
5.0,-0.14822079,510
5.0,8.0843525,510
5.0,-0.14822079,510
7.57,2.1028702,4990
5.03,-1.5925075,14866
9.4,2.5654807,8126
8.85,2.5068378,8126
7.39,2.3225908,11699
7.14,-4.372752,11699
7.14,1.5882796,11699
7.09,2.02775,11699
8.38,-13.391364,10915
6.81,0.5903298,10915
6.63,-3.1031237,10915
5.91,-3.6318429,10915
5.76,4.3900986,10915
5.36,2.7830827,10915
4.89,17.758556,10915
4.7,1.870421,10915
8.85,-0.32641825,5511
7.26,1.9956166,5511
4.8,2.1030087,15348
5.46,2.9455397,597
5.8,14.573596,16495
5.4,-3.9763854,16495
8.52,-0.91422766,11566
5.94,3.1384637,11566
5.67,-0.73329854,11566
8.52,3.4340236,14803
7.92,-6.8747635,14803
7.3,-0.74869347,14803
7.25,5.7758336,14803
7.19,5.065439,14803
7.16,8.238016,14803
7.04,3.655718,14803
6.94,-3.0154116,14803
6.92,-6.7302136,14803
6.91,3.5112538,14803
6.8,-6.818217,14803
6.77,3.066605,14803
6.7,10.487398,14803
6.37,9.943398,14803
6.32,-0.067517206,14803
6.05,8.427324,14803
5.98,6.103669,14803
5.06,1.7915454,14879
10.0,4.563614,6201
10.0,3.353106,6201
9.22,2.9071827,6201
9.15,2.2954032,6201
9.0,1.8281342,6201
8.92,3.077272,6201
8.89,2.668432,6201
8.89,4.9181,6201
8.82,9.863254,6201
8.68,6.199588,6201
8.18,-8.340999,6201
8.0,-4.2076025,6201
7.9,-2.2119298,6201
7.89,-7.1112175,6201
7.76,1.4217306,6201
7.61,-4.5521383,6201
7.85,-0.45786464,5815
7.64,3.9200222,5815
7.64,0.88207036,5815
7.6,3.7891247,5815
7.57,4.8077593,5815
7.5,0.31657684,5815
7.35,-1.3032125,5815
7.0,-0.46109807,5815
10.3,4.8247128,9269
10.22,-3.2327406,9269
10.15,-3.2327406,9269
10.1,2.184553,9269
10.05,0.23989567,9269
10.0,-3.3943112,9269
10.0,-5.9127073,9269
10.0,2.835401,9269
9.66,-0.23800337,9269
9.64,-5.6649876,9269
9.55,0.95521456,9269
9.52,-2.6486595,9269
9.04,0.45905524,9269
8.8,2.072276,9269
8.66,4.373178,9269
8.48,-2.843376,9269
8.47,2.4376771,9269
8.46,0.742832,9269
8.4,10.529954,9269
8.24,2.3550527,9269
8.14,0.23989567,9269
8.04,5.2834916,9269
7.43,2.6302803,9269
7.39,0.14293054,9269
7.36,-3.514865,9269
7.28,-6.4631834,9269
7.24,2.5748603,9269
7.19,-1.6533154,9269
6.9,4.373178,9269
6.72,-0.2927645,9269
6.61,-4.4141097,9269
6.59,3.1238399,9269
6.49,-0.119150594,9269
6.34,0.21634537,9269
6.32,-0.40436012,9269
5.35,-2.4054058,9269
7.77,4.291614,15475
7.52,-1.2527887,15475
7.41,4.0962143,14447
5.48,-0.82372916,267
5.46,1.9428228,267
5.38,-5.4323635,267
5.31,1.9428228,267
5.23,-3.5937443,267
5.19,-3.0661411,267
5.13,3.908992,267
5.0,5.8482246,267
5.52,1.0830797,6497
7.92,8.032671,12217
7.66,2.9031188,12217
7.44,-6.3183255,12217
9.52,8.380825,1223
9.4,9.614411,1223
9.3,-5.430442,1223
9.3,0.7712714,1223
9.1,8.447226,1223
9.05,-4.7843614,1223
9.0,-2.5339425,1223
8.85,-7.5497565,1223
8.82,-2.957298,1223
8.77,9.726857,1223
8.72,13.387313,1223
8.64,4.6142483,1223
8.64,-14.551076,1223
8.6,7.542856,1223
8.54,-3.4876251,1223
8.35,-5.9584856,1223
8.35,-8.875439,1223
8.15,-2.6598313,1223
7.96,-5.590874,1223
7.7,-6.421563,1223
7.64,-1.1694273,1223
7.39,-9.890178,1223
5.0,-4.0516524,5491
7.82,0.19485289,10824
7.6,-1.5882367,10824
7.52,2.293638,10824
6.6,-4.1457405,10824
6.51,-3.9870386,10824
5.27,-3.757183,3436
5.58,-2.023157,8690
7.08,-0.49471956,12702
8.1,8.567605,13830
8.02,7.018686,13830
7.92,7.2009354,13830
7.68,7.2929535,13830
7.64,8.310925,13830
7.52,-1.7468672,13830
7.21,-1.348705,13830
7.2,9.748173,13830
7.19,6.9586983,13830
7.17,4.515399,13830
7.07,2.0097525,13830
7.04,0.4239324,13830
6.92,-4.385017,13830
6.91,1.0675169,13830
6.59,5.34728,13830
6.36,4.056737,13830
6.33,7.008179,13830
6.14,-13.178286,13830
5.22,-13.080744,13830
4.76,-11.568261,13830
5.7,-8.106322,12930
5.7,1.1807733,12930
5.6,-6.0879874,12930
5.6,4.850592,12930
5.6,8.825811,12930
5.2,10.700459,12930
5.2,11.813593,12930
5.2,3.7917128,12930
4.9,-5.1094832,12930
4.8,0.3129074,12930
7.26,10.188703,711
7.16,3.0616996,711
7.14,1.4996693,711
6.82,-3.577409,711
8.94,10.978756,6655
8.81,7.33339,6655
8.05,4.9062824,6655
7.87,-2.6905334,6655
7.8,-2.104841,6655
7.77,1.9898072,6655
7.58,7.111859,6655
7.27,-3.245772,6655
7.25,-3.8931603,6655
7.2,0.07623465,6655
7.14,-4.170501,6655
6.92,5.840759,6655
7.89,11.448547,12040
7.42,-16.091259,12040
7.26,14.164568,12040
4.66,2.4258037,12040
9.0,13.356676,9212
9.0,6.2758493,9212
8.89,1.7347227,9212
8.85,0.030274205,9212
8.7,4.083798,9212
8.7,0.29051852,9212
8.68,4.2866483,9212
8.52,4.2866483,9212
8.49,0.8757123,9212
8.48,2.3879402,9212
8.28,-1.1518183,9212
8.23,2.459038,9212
8.22,-1.2382369,9212
8.21,0.67333287,9212
8.17,10.409903,9212
8.07,0.8909868,9212
8.0,-2.7897096,9212
7.94,0.2971577,9212
7.94,0.030274205,9212
7.91,-1.1502839,9212
7.82,0.60348547,9212
7.8,-0.3366704,9212
7.76,4.8793716,9212
7.69,-4.092251,9212
7.68,-2.4514794,9212
7.59,4.660878,9212
7.59,-4.3593483,9212
7.27,4.781841,9212
7.06,-1.4718596,9212
7.0,-2.6417148,9212
7.0,-5.37124,9212
6.96,-7.1770325,9212
6.87,-1.1518183,9212
6.8,-2.164431,9212
6.54,-6.298338,9212
6.42,-4.573142,9212
6.38,-10.6898,9212
6.12,-0.7549723,9212
5.67,-5.7782674,9212
7.37,-7.4622765,8687
6.55,6.35008,8687
8.89,-5.0902433,14893
8.19,2.5614457,12776
7.82,-3.1063037,12776
7.44,-7.71609,12776
4.3,0.7046808,4753
8.3,7.9304614,8294
8.3,12.316799,8294
8.22,9.819934,8294
8.15,4.804677,8294
7.92,-3.817737,8294
7.89,10.191064,8294
7.7,-0.96473,8294
7.64,-10.703177,8294
7.37,-2.3760388,8294
7.35,10.214304,8294
7.33,-6.063749,8294
7.21,-3.8041854,8294
7.2,-9.801957,8294
7.19,7.945243,8294
7.09,-13.813985,8294
6.75,-8.525029,8294
6.25,-1.5604229,8294
5.86,-3.817737,8294
8.22,3.0364795,11712
6.59,0.63708425,12566
8.06,2.7357845,10159
6.26,-3.9945445,8476
6.12,-0.27668986,8476
6.0,-2.0552351,8476
6.0,2.3632739,8476
5.66,-3.6168873,8476
4.17,-4.7689567,8476
4.17,-13.300007,8476
4.06,2.732198,8476
5.6,2.360103,11776
4.81,7.445739,13920
4.6,5.563517,13920
4.59,0.49012142,13920
4.57,-10.773855,13920
5.63,-0.029590633,181
7.04,1.9233576,10287
9.04,10.934988,14781
8.41,-3.1867013,14781
8.29,-2.6538093,14781
7.96,-10.499138,14781
6.6,0.6732956,2221
8.4,-7.4311786,1472
6.6,4.069135,1472
7.73,1.1890048,10901
7.43,10.571967,10901
7.32,0.06701532,10901
7.2,-1.9423362,10901
5.7,-1.6982491,4075
5.7,-10.559426,4075
7.58,6.6873674,7257
6.43,6.383524,7257
4.85,-8.576442,7257
6.0,0.66811407,14198
8.15,15.437448,14129
7.92,13.5777855,14129
7.92,10.656208,14129
7.89,10.832327,14129
7.85,14.38502,14129
7.75,2.2995458,14129
7.72,11.030712,14129
7.7,4.2238765,14129
7.62,6.2814436,14129
7.62,6.1717005,14129
7.55,0.8592879,14129
7.5,2.2081017,14129
7.48,6.2979517,14129
7.46,7.1156125,14129
7.4,7.779058,14129
7.36,8.3515415,14129
7.16,11.931603,14129
7.14,1.0681059,14129
7.12,6.2746935,14129
7.03,-6.250842,14129
6.96,3.7105088,14129
6.96,-3.0760763,14129
6.92,4.667065,14129
6.92,0.96984047,14129
6.89,-3.8330307,14129
6.89,0.23414037,14129
6.85,-0.06294944,14129
6.82,6.8891206,14129
6.8,-0.77500623,14129
6.77,-1.7974545,14129
6.66,-9.831225,14129
6.62,-10.373584,14129
6.55,-9.312163,14129
6.47,-9.358118,14129
6.47,-6.85942,14129
6.46,-2.465755,14129
6.42,-1.0233017,14129
6.36,-5.4688673,14129
6.34,-1.6856754,14129
6.28,-3.7003746,14129
6.2,-6.614086,14129
6.16,-3.284986,14129
6.15,-8.950426,14129
6.04,-7.146754,14129
5.96,-12.031325,14129
5.89,-5.5314226,14129
5.7,-3.3118942,14129
5.51,-8.251959,14129
5.29,-8.715102,14129
5.13,8.488243,14129
5.09,-11.578203,14129
5.07,-5.24501,14129
5.02,-1.988222,14129
5.0,-7.8227963,14129
7.4,2.4869146,3142
6.62,-6.7477355,3142
6.04,1.6481003,3142
5.88,4.2025013,3142
9.0,8.452004,16459
9.0,6.165064,16459
9.0,9.580201,16459
9.0,1.5328118,16459
8.7,12.636594,16459
8.52,12.30722,16459
8.4,5.1546597,16459
8.4,9.713648,16459
8.22,8.17714,16459
8.22,2.251117,16459
8.1,5.4952903,16459
8.05,3.5700543,16459
7.89,9.808675,16459
7.8,0.5545827,16459
7.77,2.0222638,16459
7.77,6.765362,16459
7.7,3.3578408,16459
7.26,-17.247593,16459
8.7,6.2686033,7862
8.54,7.8043256,7862
8.48,5.9979615,7862
8.4,0.15885594,7862
8.35,11.082715,7862
8.18,4.7358494,7862
8.07,9.873049,7862
7.84,13.534199,7862
7.75,0.824652,7862
7.7,-2.7322128,7862
7.52,8.043559,7862
7.46,4.556536,7862
7.42,-5.1534977,7862
7.33,-15.319952,7862
7.15,-4.4301553,7862
7.1,-2.7438824,7862
6.93,-8.393614,7862
6.83,5.143498,7862
6.73,5.2174764,7862
6.6,8.423591,7862
6.55,-2.6185002,7862
6.42,10.126649,7862
6.37,-12.421758,7862
6.25,-9.35617,7862
5.9,-6.799301,7862
5.83,14.925057,7862
5.75,-15.144539,7862
5.05,-2.4004571,7862
4.81,-4.8484974,7862
4.67,9.731321,7862
4.61,-8.870319,7862
4.59,-12.825323,7862
4.5,-10.816013,7862
8.52,4.686553,326
8.15,0.37420565,326
7.85,-1.2800744,326
6.55,3.489288,3564
6.52,-6.043076,3564
6.44,-9.213558,3564
6.3,-3.324327,3564
6.21,-11.8730955,3564
5.92,9.6644535,3564
5.89,-2.0003588,3564
5.8,-6.7284584,3564
5.77,-14.651143,3564
5.6,-1.1106548,3564
5.6,-11.5000105,3564
5.57,-10.548865,3564
5.38,-11.864084,3564
5.24,-8.75988,3564
5.17,-9.387989,3564
5.11,-3.0180314,3564
5.0,-5.690773,3564
4.87,-0.19027852,3564
4.83,-7.913391,3564
4.6,-1.3317457,3564
6.93,-11.45649,2126
6.62,6.8850794,2126
5.78,6.902004,2126
5.52,7.671241,2126
5.38,-8.944053,2126
7.02,2.1292498,7380
5.13,0.084935464,12198
8.64,1.0832423,11325
4.44,0.36719388,11561
5.96,0.5164796,13058
5.62,2.7938514,13058
7.14,-8.5894165,12915
7.06,6.921537,12915
8.0,0.67378294,14192
8.1,9.333747,1733
7.85,0.09634909,1733
7.55,12.873318,1733
7.1,-0.7680244,1733
6.96,-0.49046183,1733
6.8,2.8241866,1733
6.77,3.148552,1733
6.75,6.289505,1733
6.55,-2.2323706,1733
6.54,1.4328394,1733
6.48,4.1678715,1733
6.3,-3.1745636,1733
6.16,1.7416276,1733
6.0,-8.091178,1733
5.89,0.34324628,1733
5.58,-9.910913,1733
5.48,-6.4137106,1733
4.92,-12.1555805,1733
6.4,1.9315776,15767
6.4,-11.149374,15767
6.4,-12.968598,15767
6.3,-9.901468,15767
6.3,-7.484874,15767
6.22,-6.8168874,15767
6.22,-2.823965,15767
6.22,-14.508185,15767
6.22,-5.6271086,15767
6.16,-10.5954895,15767
6.16,-13.131923,15767
6.1,-0.41421053,15767
6.05,-4.962033,15767
6.05,-0.57452583,15767
6.05,-13.569068,15767
6.05,-2.0242493,15767
6.05,0.3172893,15767
6.0,-5.5320415,15767
5.89,-16.43827,15767
5.85,-4.2901793,15767
5.82,-9.061379,15767
5.77,-5.2358418,15767
5.7,-0.99153244,15767
5.7,-8.649842,15767
5.7,-6.234796,15767
5.47,5.911474,15767
5.4,-12.552413,15767
5.39,-14.624074,15767
5.27,-11.901399,15767
5.16,-11.497203,15767
5.14,2.6598625,15767
5.11,-2.1159794,15767
5.1,-13.536992,15767
5.05,-10.3892145,15767
5.05,-2.9924388,15767
4.96,5.1899886,15767
4.92,-4.5848866,15767
4.92,-2.9511542,15767
4.85,-16.46717,15767
4.82,-6.5788355,15767
4.68,2.0378983,15767
4.62,-9.309232,15767
4.21,9.176314,15767
7.89,16.822317,17560
7.77,4.8494973,17560
7.36,10.94373,17560
7.28,2.44421,17560
7.27,5.1526017,17560
7.23,7.2322187,17560
6.73,-5.1096935,17560
6.6,-2.832342,17560
6.57,0.9568765,17560
6.18,2.8112123,17560
8.52,-3.0127826,7759
8.22,-1.1992972,7759
8.15,-3.2117257,7759
8.15,2.4342976,7759
8.15,6.10683,7759
8.05,2.4844472,7759
8.05,5.8527083,7759
8.05,0.27734283,7759
8.0,-4.796083,7759
7.96,3.8434896,7759
7.92,-5.113808,7759
7.92,1.3215305,7759
7.92,5.2114196,7759
7.89,0.6259672,7759
7.89,-2.8595579,7759
7.89,-4.608236,7759
7.82,1.264182,7759
7.8,4.5124607,7759
7.8,-5.8347225,7759
7.8,3.4535582,7759
7.8,-1.8264868,7759
7.8,-5.2668886,7759
7.77,0.17068101,7759
7.72,1.2002681,7759
7.7,-2.9184678,7759
7.7,-3.7783377,7759
7.66,0.66065633,7759
7.66,-4.695978,7759
7.64,-2.981598,7759
7.62,12.051989,7759
7.62,-0.3008599,7759
7.62,2.0137882,7759
7.6,5.0892725,7759
7.6,1.9141574,7759
7.6,4.522263,7759
7.6,1.540652,7759
7.58,6.408834,7759
7.58,-4.2884755,7759
7.58,0.030632328,7759
7.55,-2.827199,7759
7.54,8.351493,7759
7.51,-6.6170874,7759
7.5,-0.5766582,7759
7.5,-1.3998213,7759
7.48,0.106443875,7759
7.48,3.2152643,7759
7.48,2.259708,7759
7.46,3.525424,7759
7.43,3.3662984,7759
7.43,4.7541413,7759
7.41,5.3379273,7759
7.4,-2.6232576,7759
7.4,-5.0905724,7759
7.39,1.0460699,7759
7.37,-1.0394131,7759
7.36,5.871628,7759
7.35,-1.9783711,7759
7.34,-2.1845756,7759
7.34,0.80483365,7759
7.34,-2.1918905,7759
7.34,-0.037797224,7759
7.34,4.2474785,7759
7.31,1.4193571,7759
7.31,-1.5847982,7759
7.31,1.9741061,7759
7.3,-6.708763,7759
7.28,-0.7955189,7759
7.28,-5.113808,7759
7.28,-1.8774238,7759
7.28,-2.1845756,7759
7.27,-1.9431297,7759
7.26,0.34317592,7759
7.26,-2.7935178,7759
7.25,-2.2487972,7759
7.25,-3.7783377,7759
7.25,0.7105763,7759
7.25,0.7120223,7759
7.24,-6.348259,7759
7.24,-3.0938609,7759
7.24,-6.09075,7759
7.24,-1.8241674,7759
7.24,2.350667,7759
7.22,-3.7609284,7759
7.18,5.5263414,7759
7.18,-2.7519677,7759
7.18,-2.1845756,7759
7.17,-7.6994095,7759
7.17,-3.7783377,7759
7.16,3.4093614,7759
7.16,-4.1977882,7759
7.15,3.9049983,7759
7.14,-12.514655,7759
7.11,1.8822311,7759
7.11,-3.7456577,7759
7.11,-4.2033386,7759
7.1,-0.44777125,7759
7.09,-1.9079814,7759
7.07,-0.7955189,7759
7.07,-1.3562064,7759
7.07,5.2907677,7759
7.06,-4.655636,7759
7.05,-7.250118,7759
7.05,-1.0394131,7759
7.04,-7.851747,7759
7.04,7.3932195,7759
7.03,-0.6552539,7759
7.02,0.98317873,7759
7.0,6.606028,7759
6.99,-0.8522827,7759
6.98,1.7108243,7759
6.97,0.022899576,7759
6.97,-4.3244305,7759
6.96,-9.086074,7759
6.96,0.7758104,7759
6.92,-7.0258846,7759
6.9,-6.5936556,7759
6.88,-1.0394104,7759
6.87,-1.1182435,7759
6.86,-1.8465538,7759
6.86,-2.9886005,7759
6.84,-2.5719774,7759
6.84,-2.0699105,7759
6.84,4.480056,7759
6.83,2.177946,7759
6.83,6.515308,7759
6.82,-4.848342,7759
6.81,6.0902586,7759
6.8,-2.914384,7759
6.79,-3.1782672,7759
6.79,5.2120943,7759
6.79,-7.0258846,7759
6.78,-3.3035712,7759
6.78,4.700499,7759
6.77,-5.041793,7759
6.76,3.5039675,7759
6.74,3.1604598,7759
6.71,0.9282936,7759
6.69,5.1473207,7759
6.67,0.6280338,7759
6.66,6.1856637,7759
6.62,-7.0119486,7759
6.62,-0.74729604,7759
6.6,-2.9747837,7759
6.59,2.7008626,7759
6.53,-1.5354699,7759
6.52,-3.503935,7759
6.51,1.2969888,7759
6.49,8.010066,7759
6.46,0.08302175,7759
6.46,0.72234833,7759
6.45,-1.8261015,7759
6.44,-2.8858035,7759
6.42,-1.0548444,7759
6.41,-3.0583491,7759
6.41,-4.1865973,7759
6.41,-6.024595,7759
6.35,0.24380693,7759
6.29,5.1243563,7759
6.27,-0.96036613,7759
6.26,-4.43325,7759
6.0,-7.1431847,7759
5.37,-0.1482809,7759
6.3,3.7919366,2978
6.09,-9.575462,2978
5.88,-9.575462,2978
5.81,2.75258,2978
5.48,6.290684,2978
5.41,-0.7948457,2978
5.24,-1.6120213,2978
5.08,-1.6120213,2978
4.92,-2.5803013,2978
8.8,0.45734206,3127
7.66,-13.01177,3127
7.0,-13.01177,3127
6.68,-11.324362,3127
6.55,-14.162954,3127
6.47,-12.170251,3127
6.39,21.67343,3127
6.32,14.761826,3127
6.29,-9.804112,3127
6.25,20.733578,3127
6.22,20.344568,3127
5.94,19.22225,3127
5.94,-9.956988,3127
5.92,20.913555,3127
5.89,14.708836,3127
5.39,19.55883,3127
5.16,22.551748,3127
8.12,1.2190559,8242
5.82,-10.93832,15355
5.6,-7.122964,15355
5.6,-1.4946077,15355
5.6,-5.96074,15355
5.52,1.7679951,15355
5.3,-5.276372,15355
5.3,-0.5362756,15355
5.3,-7.087572,15355
5.1,-5.67396,15355
5.0,-0.3826014,15355
4.3,-8.750003,15355
4.12,-2.7390664,15355
8.26,-9.613549,8668
8.16,-0.9926967,8668
7.83,-5.2231193,8668
7.75,-6.05773,8668
7.51,4.6101246,8668
7.5,12.316691,8668
7.49,-0.72367495,8668
7.48,1.7751955,8668
7.47,-0.039942924,8668
7.32,4.4251714,8668
7.28,1.2020844,8668
6.39,3.309906,9208
6.08,3.441238,9208
5.74,0.5457753,9208
5.55,0.027986478,9208
4.7,-6.725383,7140
8.3,0.59848726,7550
8.2,4.5813775,7550
8.1,-2.4159496,7550
8.1,-0.38454193,7550
8.0,-3.983665,7550
7.9,-1.5684619,7550
7.9,-1.1135812,7550
7.8,1.334328,7550
7.7,-3.1683848,7550
7.7,-1.6208054,7550
7.5,-3.983665,7550
7.4,-5.4061794,7550
7.3,7.4172244,7550
7.3,-1.6208054,7550
6.1,-1.0025078,7550
5.2,-8.427468,7550
6.07,0.21813597,592
8.51,11.90422,9150
8.15,9.879072,9150
7.98,6.3991585,9150
7.88,8.556997,9150
7.69,3.902084,9150
7.47,5.125036,9150
7.4,4.974029,9150
7.34,6.629501,9150
7.32,3.624463,9150
7.21,3.614769,9150
7.08,7.2412567,9150
7.03,3.7058268,9150
6.76,5.302696,9150
6.66,3.3633468,9150
5.81,-2.5517662,9150
5.68,-11.950217,9150
5.66,-5.865648,9150
5.42,-9.260772,9150
5.32,-7.512503,9150
6.46,-7.032032,14745
6.35,-4.18409,14745
6.22,-3.6972384,14745
6.19,6.401462,14745
5.75,4.621811,14745
7.1,0.45476326,12980
5.6,-9.334454,12980
8.52,3.16364,2905
8.22,5.6617255,2905
7.55,9.679012,2905
6.75,8.801856,2905
6.7,9.705472,2905
6.62,0.79514956,2905
6.48,5.5889883,2905
6.3,-0.057070136,2905
6.16,-7.5079174,2905
5.96,0.1769837,2905
5.89,-0.7165472,2905
5.85,7.180616,2905
5.77,7.1295156,2905
5.7,8.071325,2905
5.0,-15.073211,2905
6.92,2.1044776,9925
5.7,5.1222796,6805
5.0,0.72798467,6805
5.11,2.7300353,2089
8.49,0.18874732,10097
5.37,2.4726632,8455
5.75,-4.4785223,17523
5.7,2.5923545,17523
5.44,0.92550004,17523
5.31,5.540887,17523
4.47,-8.887746,17523
4.37,16.124075,17523
5.11,2.9815557,12839
8.7,6.630724,8608
8.7,6.630724,8608
8.7,2.6724827,8608
8.52,8.252514,8608
8.52,7.2894287,8608
8.52,2.8483422,8608
8.4,-4.600861,8608
8.3,-9.281278,8608
8.3,-4.0822306,8608
8.22,-1.7790227,8608
8.22,3.4080782,8608
8.1,9.855813,8608
8.05,11.834848,8608
7.96,6.0529485,8608
7.89,-1.1477884,8608
7.8,6.508763,8608
7.66,8.0059395,8608
7.48,-6.343047,8608
7.36,-16.676289,8608
7.25,-3.6257741,8608
7.0,5.6055803,8608
6.85,-5.5668936,8608
6.85,-14.697821,8608
6.72,0.27652937,8608
6.57,0.7475563,8608
6.39,-3.7123628,8608
6.19,-11.089124,8608
5.82,-11.648141,8608
5.8,-14.014852,8608
5.62,-8.722359,8608
5.05,-10.023218,8608
7.66,5.341212,14005
7.3,-10.465446,14005
7.28,4.660773,14005
7.24,-2.4317868,14005
7.17,1.7478652,14005
7.07,3.2892327,14005
7.02,2.6511886,14005
7.02,-6.9248724,14005
6.89,-5.0750675,14005
6.89,-5.9320893,14005
6.85,5.5320497,14005
6.84,-9.073221,14005
6.8,-9.610458,14005
6.8,-0.8239874,14005
6.77,0.96566373,14005
6.75,-6.884158,14005
6.75,-4.1697817,14005
6.72,-0.6842512,14005
6.66,-3.4591708,14005
6.65,1.3801796,14005
6.52,-5.9755487,14005
6.52,-6.4375086,14005
6.5,-5.8412004,14005
6.48,-0.8224006,14005
6.43,1.2928424,14005
6.12,-9.443615,14005
6.09,0.645629,14005
7.7,11.19886,2634
7.2,11.383482,2634
6.8,2.264687,2634
6.21,1.549559,2634
6.14,4.2382126,2634
5.96,8.226495,2634
5.64,-5.494141,2634
5.58,2.5493827,2634
6.12,-1.0243514,2349
5.55,8.605902,2349
8.42,0.7747471,14785
8.11,6.570938,14785
7.86,3.4189677,14785
7.61,-9.600868,14785
7.57,-1.5408661,14785
7.45,-11.026726,14785
7.41,-8.4319725,14785
7.41,-8.516228,14785
7.13,-2.9130816,14785
7.07,-3.6175704,14785
7.0,0.4390576,14785
6.1,-1.853722,876
5.5,-1.0321202,5085
7.3,2.5765288,6685
6.0,2.9956365,10041
5.3,-6.128425,10041
5.3,1.9335409,10041
4.89,-6.951245,10041
6.63,-2.158002,10475
8.28,0.40916938,10304
7.94,3.9510825,10304
7.14,-1.8776628,10304
5.0,-6.5364237,10613
5.0,-11.384392,10613
4.8,-4.9096174,10613
4.8,-0.84812284,10613
4.7,-2.9709318,10613
4.6,1.1880164,10613
4.6,-0.70100355,10613
4.5,0.4689033,10613
4.5,-3.8061488,10613
4.5,-10.803188,10613
4.4,-9.277715,10613
4.4,-9.5814495,10613
4.4,-4.473532,10613
4.4,-0.5443361,10613
4.3,-8.572597,10613
4.3,-5.7696676,10613
7.52,5.461273,3534
7.0,-1.0402309,3534
9.0,3.8243778,2557
8.7,1.1909257,2557
8.52,1.617675,2557
8.4,5.088076,2557
8.3,1.4972821,2557
8.3,-1.7681507,2557
8.1,-3.2084792,2557
8.1,2.2508552,2557
8.0,4.7205715,2557
7.92,1.5227274,2557
7.72,6.5173273,2557
7.57,0.4909203,2557
7.51,1.9374088,2557
7.32,3.0051792,2557
7.24,-0.69757485,2557
7.14,-0.8399599,2557
7.0,-0.26756686,2557
5.93,-7.7502866,2557
5.93,-4.597354,2557
5.51,-0.48044574,14506
6.4,1.5991248,14976
6.08,0.6846925,1327
5.73,-2.7235508,1327
4.6,1.7193153,17772
8.05,7.3106565,6814
5.33,-8.120847,6814
7.27,1.5981063,389
7.1,-0.5332353,389
6.88,2.854951,389
10.0,5.3075757,8202
10.0,2.9303231,8202
10.0,-0.16437145,8202
9.7,-1.4607046,8202
9.7,-1.3739303,8202
9.7,-2.3183854,8202
9.7,2.9262192,8202
9.52,2.3826811,8202
9.52,0.1939632,8202
9.52,0.6997453,8202
9.52,0.6110464,8202
9.4,4.885648,8202
9.4,5.223844,8202
9.4,0.5914469,8202
9.4,-2.0589862,8202
9.3,6.9851365,8202
9.3,3.6608393,8202
9.3,2.9803023,8202
9.22,3.3353052,8202
9.1,6.0000362,8202
9.05,2.7263682,8202
9.0,-6.288918,8202
8.96,3.3139045,8202
8.92,6.9851365,8202
8.92,2.5791824,8202
8.89,0.6236489,8202
8.85,2.0931227,8202
8.52,-0.42826167,8202
8.35,5.077113,8202
6.02,1.5693716,16641
5.85,-2.029835,16641
5.87,6.0485134,16010
5.13,-1.2216002,16010
6.83,9.309123,1053
6.8,0.2352058,1053
6.64,3.3515515,1053
6.55,3.2269068,1053
6.55,15.359506,1053
6.54,8.13686,1053
6.46,5.577341,1053
6.44,1.9065274,1053
6.4,7.9458375,1053
6.28,0.48426908,1053
6.27,3.4570212,1053
6.23,-11.6008625,1053
6.15,0.12911063,1053
7.31,0.19060934,13963
7.2,-3.4625714,13963
7.19,4.017262,13963
7.16,-8.269078,13963
7.14,0.5432898,13963
6.87,-5.1764884,13963
6.82,1.4909613,13963
6.64,-5.558299,13963
6.62,1.2292285,13963
6.57,3.7693832,13963
6.55,-1.1109217,13963
5.91,1.8733677,13963
5.84,-12.056477,13963
5.73,-8.66938,13963
5.61,-11.429807,13963
4.9,2.6724322,13963
6.11,6.8979883,3652
4.45,-4.7850943,3652
7.6,0.2743164,14910
7.05,3.7343152,10608
7.6,-2.4469547,13545
7.36,9.963593,5312
7.3,13.536997,5312
6.9,11.086727,5312
6.89,6.4918103,5312
6.83,10.182959,5312
6.81,4.3115253,5312
6.8,4.3277183,5312
6.79,1.0487322,5312
6.76,-2.7205675,5312
6.74,0.3800143,5312
6.71,0.83764994,5312
6.7,8.3313,5312
6.69,6.2845793,5312
6.66,2.9094155,5312
6.64,13.498363,5312
6.64,6.658714,5312
6.61,1.847318,5312
6.58,8.4708395,5312
6.57,7.5650725,5312
6.51,-5.870024,5312
6.44,10.521451,5312
6.42,8.251282,5312
6.4,3.5706568,5312
6.13,13.352464,5312
6.1,2.2042527,5312
6.08,10.665869,5312
6.0,-6.358918,5312
5.4,-10.486953,5312
5.16,-4.32049,5312
4.48,-15.545596,5312
7.64,-2.3997478,7238
7.05,0.75614315,3796
7.05,-3.206119,3796
6.86,-3.1337903,3796
6.62,-1.4636726,3796
6.59,-3.921554,3796
6.4,-0.84600097,3796
6.34,3.884947,3796
6.17,-0.21199249,3796
6.16,3.1186361,3796
6.15,-0.94618833,3796
6.12,0.4375804,3796
5.98,1.5915078,3796
5.96,1.4654845,3796
5.96,-3.0173779,3796
5.95,-0.07488718,3796
5.83,-11.162409,3796
5.75,-14.389552,3796
5.66,4.2376804,3796
5.64,-4.7118187,3796
5.63,5.1975546,3796
5.61,-5.4127345,3796
5.54,2.9702275,3796
5.5,-1.658217,3796
8.1,0.2870776,1432
7.01,3.6166284,1432
8.3,3.3853414,7704
8.22,-0.28085673,7704
8.22,-0.293065,7704
8.22,-3.2776287,7704
8.2,-9.128811,7704
8.2,1.3718023,7704
8.15,-4.9939227,7704
8.15,4.9236736,7704
8.13,1.9924971,7704
8.11,-3.8023477,7704
8.1,-0.4241916,7704
8.1,0.60444313,7704
8.1,1.7993687,7704
8.05,3.0780714,7704
8.05,-0.49668294,7704
8.05,-6.73062,7704
8.05,2.1614153,7704
8.05,-6.4859157,7704
8.05,-0.09656878,7704
8.0,-3.5565917,7704
8.0,-1.5895253,7704
8.0,0.60444313,7704
7.96,2.9498699,7704
7.93,-1.170954,7704
7.92,3.5518258,7704
7.92,3.692305,7704
7.92,-9.240175,7704
7.92,0.34551626,7704
7.92,9.156249,7704
7.88,-9.825291,7704
7.85,-2.9477873,7704
7.85,4.0713916,7704
7.85,6.276617,7704
7.82,-8.2563305,7704
7.82,-9.799996,7704
7.82,-3.3060985,7704
7.8,-1.9244432,7704
7.8,-0.64373195,7704
7.8,-5.598387,7704
7.77,6.6332345,7704
7.77,0.60444313,7704
7.77,-9.977919,7704
7.75,-4.416148,7704
7.72,2.5991924,7704
7.72,-0.66232306,7704
7.68,0.2871904,7704
7.68,0.5087897,7704
7.68,2.8659234,7704
7.66,-7.6685314,7704
7.66,-3.2783346,7704
7.66,-1.8631045,7704
7.66,-1.1463647,7704
7.64,0.8223065,7704
7.64,1.0016844,7704
7.62,6.464731,7704
7.62,0.7711908,7704
7.6,2.3088233,7704
7.6,1.2245977,7704
7.6,-4.016736,7704
7.6,7.084361,7704
7.58,3.8299835,7704
7.57,-11.402885,7704
7.57,5.604725,7704
7.55,-1.5780483,7704
7.54,1.5637596,7704
7.52,4.0155964,7704
7.52,2.0233595,7704
7.52,-5.2161727,7704
7.52,3.8655238,7704
7.5,2.1345215,7704
7.5,-1.0733734,7704
7.48,0.5932157,7704
7.47,5.7294993,7704
7.46,-3.9378545,7704
7.46,3.8369744,7704
7.45,2.883088,7704
7.45,-1.1005358,7704
7.44,-10.071455,7704
7.44,2.7160604,7704
7.43,-0.052454643,7704
7.43,-0.5208463,7704
7.43,3.4339163,7704
7.42,4.169266,7704
7.4,3.768944,7704
7.39,1.419828,7704
7.39,-0.6126369,7704
7.39,7.582965,7704
7.38,0.56758815,7704
7.38,-6.3045554,7704
7.38,7.571186,7704
7.38,-4.282109,7704
7.37,2.8721452,7704
7.36,-0.34141502,7704
7.36,4.363606,7704
7.36,5.173064,7704
7.35,2.8775935,7704
7.35,1.5828756,7704
7.35,0.6197402,7704
7.33,-5.183637,7704
7.33,5.2200937,7704
7.32,-0.46072417,7704
7.31,3.3131058,7704
7.31,-7.0049105,7704
7.3,7.1461244,7704
7.28,2.7990916,7704
7.28,7.873635,7704
7.28,1.2377372,7704
7.28,9.867689,7704
7.28,3.262331,7704
7.27,4.7729187,7704
7.27,-4.282873,7704
7.27,-5.0105386,7704
7.26,4.3619018,7704
7.25,-0.21439968,7704
7.24,-4.234385,7704
7.24,3.8888476,7704
7.24,-5.7039156,7704
7.24,3.954689,7704
7.24,-0.12066922,7704
7.22,1.70118,7704
7.21,-5.975951,7704
7.21,2.1407137,7704
7.19,4.8103747,7704
7.19,-0.41472247,7704
7.18,-1.6623142,7704
7.17,5.114199,7704
7.17,0.49597794,7704
7.16,-5.8097367,7704
7.16,5.199993,7704
7.16,-1.9244432,7704
7.13,9.19215,7704
7.12,-8.845641,7704
7.12,9.612149,7704
7.11,0.441806,7704
7.11,-4.4458675,7704
7.11,2.1226516,7704
7.11,-11.571756,7704
7.11,6.6670666,7704
7.1,-0.02066648,7704
7.1,-0.74503225,7704
7.1,4.98259,7704
7.08,1.12689,7704
7.08,3.7779412,7704
7.07,-0.93044597,7704
7.05,2.72455,7704
7.05,-6.6002727,7704
7.04,-1.3241564,7704
7.04,-0.7613337,7704
7.04,-5.2611833,7704
7.04,-2.8806503,7704
7.04,7.7220354,7704
7.02,6.3540545,7704
7.02,5.102895,7704
7.02,-3.1616209,7704
7.02,-0.06072525,7704
7.01,0.3580175,7704
7.01,-3.2806726,7704
7.0,-1.7149546,7704
6.9,-15.869749,7704
6.89,6.083217,7704
6.86,3.6123526,7704
6.65,2.8991346,7704
4.82,-1.1439362,14667
9.7,5.8448005,13732
9.05,5.2034307,13732
8.68,9.301074,13732
8.09,7.7435617,13732
7.77,3.549779,13732
7.68,2.6502287,13732
7.68,3.517515,13732
7.52,3.3113801,13732
7.41,6.816604,13732
7.34,1.9023015,13732
7.31,4.2803435,13732
7.27,-1.4419855,13732
7.22,1.3363587,13732
7.15,3.0513012,13732
7.07,-4.54136,13732
6.93,3.3113801,13732
6.83,1.0156474,13732
6.81,-3.036977,13732
6.55,-7.819684,13732
6.44,-21.97705,13732
6.44,-11.703808,13732
6.38,-19.453863,13732
6.38,-10.482688,13732
6.37,-5.254664,13732
6.36,3.3113801,13732
6.32,-15.546562,13732
6.04,-18.381748,13732
5.77,-16.187681,13732
5.58,-22.503387,13732
4.46,3.8989205,2474
4.36,-0.7874043,2474
4.57,1.9981545,4028
7.5,3.4463816,13263
6.5,-0.9312328,16302
6.48,2.367442,16302
6.33,4.492417,16302
6.22,-6.02609,16302
6.01,-1.0087135,16302
5.96,1.5105834,16302
5.96,1.0772489,16302
5.92,2.3365152,16302
5.72,-9.807636,16302
5.66,4.5072865,16302
5.46,-0.3728711,16302
5.43,-6.9411197,16302
5.3,-0.4676292,16302
8.22,3.08062,16795
8.05,-3.4283712,16795
7.89,-6.399132,16795
7.62,-4.2091837,16795
6.89,1.6717952,16795
6.34,-4.2091837,16795
7.5,7.360805,3422
7.1,-5.0234823,3422
4.51,5.8388658,1055
4.15,1.993394,1055
5.79,-0.8906683,5355
5.25,1.1454656,10127
4.96,-3.0199368,1569
4.96,-1.674976,1569
4.78,2.13348,4653
7.82,-1.5561303,7008
8.55,7.418769,17180
8.17,8.845947,17180
8.03,5.797464,17180
8.0,-1.8721676,17180
7.98,-12.026333,17180
7.98,-3.4750414,17180
7.84,1.1955599,17180
7.62,-0.031999636,17180
7.26,-4.901085,17180
7.11,-6.0060906,17180
5.8,-0.33140334,710
5.63,3.766579,710
5.4,5.653947,710
7.11,2.405833,3873
6.5,1.7456654,3873
6.3,6.947519,3873
6.19,0.19829522,3873
6.02,-2.0474465,3873
6.0,-5.9956007,3873
5.85,1.7385968,3873
5.7,2.0927846,3873
5.68,5.9142127,3873
5.62,0.3772114,3873
5.46,-5.810104,3873
5.37,4.480059,3873
5.7,-6.0427313,15977
5.51,-3.680775,15977
5.02,5.245308,15977
7.1,4.995036,9660
7.04,14.466429,9660
7.01,-1.9417247,9660
6.34,-11.520326,9660
6.01,2.6209822,9660
5.85,-12.912114,9660
5.85,-7.2566276,9660
5.68,-7.2566276,9660
5.5,-8.830063,9660
8.38,-0.08903207,6050
7.89,0.12350617,6050
7.82,2.4825914,6050
7.8,-4.723793,6050
7.55,-1.09128,6050
7.5,-1.4135543,6050
7.29,-5.7603164,6050
7.09,-9.392139,6050
7.02,3.2159433,6050
7.0,-10.723577,6050
6.99,-3.6089575,6050
6.91,-3.8511808,6050
6.52,-6.0627728,6050
6.52,-9.236729,6050
6.46,-1.5719438,6050
6.22,-4.1170177,6050
9.1,1.8996013,2488
9.4,13.26998,10059
8.96,6.7882056,10059
8.82,8.5910635,10059
8.72,2.1202922,10059
8.7,6.747536,10059
8.18,-1.3742006,10059
8.14,-8.8073635,10059
8.1,-7.224063,10059
8.92,-1.6524259,15962
8.54,-6.4295335,15962
8.52,-2.5191941,15962
8.4,7.178528,15962
8.4,7.178528,15962
7.89,-1.6524259,15962
7.7,-2.5191941,15962
7.54,-5.384468,15962
8.85,-10.840936,13257
8.08,-1.2078434,13257
7.98,4.4777923,13257
7.96,-7.280216,13257
7.96,6.257806,13257
7.94,3.4378645,13257
7.9,-13.603853,13257
7.89,-4.3960233,13257
7.85,1.2742764,13257
7.81,-5.730248,13257
7.81,-1.5521419,13257
7.79,-2.0714257,13257
7.79,-5.47569,13257
7.73,1.9965466,13257
7.72,6.4048476,13257
7.68,0.86425614,13257
7.62,-2.029564,13257
7.52,16.160223,13257
7.52,2.4611878,13257
7.52,0.117841244,13257
7.44,4.8273845,13257
7.39,3.2179377,13257
7.36,8.339309,13257
7.3,-3.813352,13257
7.24,9.481469,13257
7.2,11.992098,13257
7.19,2.6201143,13257
7.19,2.5694704,13257
7.12,9.005091,13257
7.1,-7.9717426,13257
7.08,-12.403423,13257
7.04,-6.398403,13257
6.95,15.013018,13257
6.91,-0.23187248,13257
6.79,3.8637955,13257
6.69,3.302173,13257
6.61,-9.9483595,13257
6.12,7.9672103,13257
6.6,2.5968845,15833
6.87,1.646655,3546
8.0,-4.149433,6304
8.0,3.6124167,6304
8.0,0.14568627,6304
7.96,3.0085545,6304
7.57,4.9066124,6304
7.52,3.701472,6304
7.36,2.9707172,6304
7.33,-1.5925034,6304
4.3,-2.7019792,6304
4.23,0.332577,11189
7.43,6.9671955,9386
7.34,-4.8859687,9386
9.82,-1.0376664,11932
8.52,5.8429084,11932
8.05,13.101701,5122
7.89,6.0032463,5122
7.7,9.131898,5122
7.55,3.970131,5122
7.43,-4.9128413,5122
6.37,-7.598632,5122
6.25,-1.9899833,5122
6.09,8.301851,5122
6.06,-3.9695153,5122
5.99,-2.37213,5122
6.97,-5.1142893,8835
9.43,2.793502,5439
9.41,1.5795743,5439
9.23,13.142374,5439
9.22,-0.09279016,5439
9.19,11.718812,5439
9.12,-0.22838818,5439
9.05,9.785383,5439
9.05,12.995284,5439
9.05,10.391552,5439
9.05,-2.3468328,5439
8.96,-0.6421792,5439
8.89,0.34074143,5439
8.89,3.0001667,5439
8.85,8.459451,5439
8.85,3.583712,5439
8.82,2.320353,5439
8.82,6.971239,5439
8.77,4.8998227,5439
8.51,5.9463835,5439
8.47,7.969144,5439
8.42,7.80371,5439
8.28,12.399057,5439
8.24,4.9949217,5439
8.13,8.579206,5439
8.12,3.055945,5439
7.7,3.994593,5439
6.94,0.7192384,12556
4.8,0.7995933,8691
5.5,1.2608322,14641
5.26,-0.934658,15543
4.75,1.373635,17058
6.87,1.2819146,15004
7.0,0.18348575,9241
6.58,-0.123295456,9241
6.07,2.763516,9241
6.03,4.4841175,9241
5.97,3.4683204,9241
5.94,4.845471,9241
5.93,4.8849144,9241
5.91,3.4607532,9241
5.5,9.2309,9241
5.49,5.2216268,9241
5.42,1.1375877,9241
5.32,-6.7347984,9241
5.24,10.0089655,9241
5.13,-1.3844296,9241
8.36,2.086872,13146
7.52,0.6920796,4257
8.3,9.038158,15360
8.15,-3.5251944,15360
8.15,4.5197496,15360
8.1,1.7520453,15360
7.92,8.549303,15360
7.85,-0.5362115,15360
7.82,4.4574666,15360
7.8,-3.7042942,15360
7.75,-1.3505157,15360
7.62,13.409825,15360
7.46,-1.5006379,15360
7.41,4.3394413,15360
7.38,-1.346394,15360
7.3,-5.934989,15360
7.12,15.438553,15360
7.0,-0.83187085,15360
6.85,0.7421218,15360
6.67,3.1530926,15360
6.5,11.215009,15360
6.48,0.3568598,15360
6.32,8.693114,15360
6.3,-3.0434506,15360
6.08,2.5287511,15360
9.0,0.64783084,13330
5.55,-4.6368375,13330
8.7,9.641463,6004
8.3,1.5350507,6004
7.4,-5.6088924,6004
6.66,-4.939267,6004
6.41,0.51104784,17018
6.48,9.336952,1722
5.84,4.204274,1722
5.59,-4.6636343,1722
5.33,3.2784314,1722
5.04,-5.861146,1722
7.77,6.2838144,9156
7.75,-2.4811122,9156
7.62,-0.5946071,9156
7.42,-4.1331015,9156
7.07,-2.7331274,9156
7.05,-2.1268709,9156
5.55,3.4707048,9156
6.7,1.998458,6233
6.6,-2.6046546,6233
6.0,-1.91929,6233
5.62,0.6606445,6233
5.15,-1.4330437,6233
5.98,-4.717622,4
5.9,2.0219185,4
7.6,8.316642,16112
7.4,8.939199,16112
7.22,13.63682,16112
7.05,3.6987169,16112
7.0,5.190061,16112
6.82,6.714569,16112
6.82,-3.9863994,16112
6.7,-1.2895536,16112
6.4,7.9742746,16112
6.22,-1.4845321,16112
6.22,-4.534438,16112
6.05,-4.975324,16112
6.0,2.15784,16112
5.66,3.4094641,16112
6.54,-9.250911,14211
8.92,-0.56575316,12302
8.8,0.090870336,12302
8.37,3.8058155,12302
8.28,1.6389078,12302
7.62,7.282073,12302
7.35,4.232829,12302
7.11,4.1763,12302
6.42,2.0408068,12302
6.33,1.9568964,12302
8.92,8.46983,6095
8.8,4.8075,6095
8.51,0.9362053,6095
8.46,7.5318594,6095
8.43,9.0306225,6095
8.27,10.406108,6095
8.27,6.59312,6095
8.25,6.4902196,6095
8.17,4.644339,6095
8.08,2.2982154,6095
8.0,10.068328,6095
8.0,1.138396,6095
7.92,12.986804,6095
7.92,15.693188,6095
7.89,5.547892,6095
7.82,-0.4170678,6095
7.75,3.8758914,6095
7.75,4.6687784,6095
7.75,4.5096254,6095
7.72,4.8468413,6095
7.58,7.556125,6095
7.57,4.569945,6095
7.54,-0.5843576,6095
7.52,12.360475,6095
7.5,1.75777,6095
7.47,6.048372,6095
7.46,4.244519,6095
7.44,9.113448,6095
7.42,0.5592553,6095
7.39,1.9211482,6095
7.37,3.8326333,6095
7.35,-2.5764859,6095
7.34,9.333583,6095
7.22,3.5204036,6095
7.19,2.6262252,6095
7.17,-2.512182,6095
7.16,2.2103457,6095
7.11,-1.7546922,6095
7.11,-1.6371233,6095
7.11,0.85585976,6095
7.1,2.601072,6095
7.1,-2.00964,6095
7.09,-4.841259,6095
7.09,0.8984038,6095
7.09,-0.69540364,6095
7.07,0.77989703,6095
7.05,1.5950263,6095
7.05,7.6870584,6095
7.03,-1.1599205,6095
7.03,2.9429967,6095
7.0,-0.20472509,6095
6.96,-1.435424,6095
6.92,3.047453,6095
6.89,3.800612,6095
6.89,-1.7576873,6095
6.89,1.0294697,6095
6.89,-0.7850756,6095
6.85,2.1300704,6095
6.85,-1.3850814,6095
6.82,-1.5581285,6095
6.82,1.9656744,6095
6.82,0.38213795,6095
6.8,2.6166584,6095
6.8,-2.3955798,6095
6.75,-2.9885113,6095
6.75,-2.1747963,6095
6.72,0.6839823,6095
6.72,13.357313,6095
6.72,0.9734631,6095
6.68,-2.996324,6095
6.68,4.0153017,6095
6.68,-0.3023607,6095
6.64,-6.8626256,6095
6.6,-1.1526421,6095
6.58,-4.2548456,6095
6.58,-2.4244518,6095
6.55,-10.555646,6095
6.5,-4.4508834,6095
6.5,0.94850934,6095
6.48,-9.678855,6095
6.46,-5.8466277,6095
6.46,0.24738377,6095
6.44,1.4215581,6095
6.44,-4.124813,6095
6.43,3.5992224,6095
6.43,0.5513462,6095
6.43,0.31183666,6095
6.42,-5.983211,6095
6.42,-1.1420285,6095
6.4,-4.612213,6095
6.3,-1.3356488,6095
6.24,-4.3062353,6095
6.17,-2.6017,6095
6.1,-1.07742,6095
6.06,-0.52688,6095
6.04,-4.3593035,6095
6.02,-3.822654,6095
5.89,-2.0714827,6095
5.85,-3.927689,6095
5.75,-11.660944,6095
5.68,-10.884309,6095
5.5,-9.740771,6095
5.4,-5.0078607,6095
5.26,-8.322807,6095
5.1,-14.297988,6095
5.01,-8.103968,6095
4.3,-11.303197,6095
6.82,-1.680352,11241
8.8,-7.54379,11274
8.4,7.187257,11274
7.7,5.4811163,11274
7.4,-4.93221,11274
6.8,0.86206305,11274
6.1,-2.505757,11274
6.0,-4.6252456,11274
8.22,-8.721652,9106
8.19,-8.46456,9106
7.66,8.900544,9106
7.47,-5.3651347,9106
7.41,-10.815328,9106
7.27,-10.793292,9106
7.21,-4.639994,9106
6.97,-7.3202133,9106
6.96,-8.909389,9106
6.65,-10.453405,9106
6.51,-3.04841,9106
6.3,1.1841666,9106
5.73,6.4089065,9106
5.5,3.2797956,9106
5.48,-3.8603203,9106
5.26,-1.2491162,9106
5.1,6.744691,9106
4.99,4.1484537,9106
4.94,-2.8795452,9106
4.92,3.857568,9106
4.76,6.469209,9106
4.66,-3.7612326,9106
4.38,-6.3301816,9106
4.23,-7.918083,9106
4.15,6.25848,9106
7.36,-1.1705519,13803
8.43,-9.6532135,13656
8.22,6.263212,13656
8.15,8.314421,13656
7.82,-1.7521895,13656
7.77,8.33688,13656
7.6,8.200246,13656
7.52,0.13834791,13656
7.48,12.110339,13656
7.17,12.289353,13656
7.0,2.2803829,13656
8.7,10.003043,5304
8.4,4.0554705,5304
8.22,7.4755187,5304
8.15,5.9262695,5304
7.58,3.9293613,5304
6.09,4.955036,5304
5.8,-7.6873507,5304
5.16,-1.330212,5304
4.42,-6.9922175,5304
4.4,-7.8960466,5304
8.57,6.6306934,12163
8.49,4.166859,12163
8.47,0.6979066,12163
8.44,1.1394062,12163
8.28,-3.461469,12163
6.41,-1.252855,10835
5.6,0.7426574,13748
5.54,3.2037818,5883
5.4,-2.00207,5883
5.0,7.3050365,5883
5.32,1.4144769,2245
5.32,-9.938994,2245
5.12,0.23870534,2245
5.11,0.5684271,2245
5.01,-2.0206103,2245
4.63,-8.05462,2245
4.61,-4.1442146,2245
4.29,-14.828033,2245
6.46,0.635716,10770
6.13,0.62353677,15070
8.39,15.249391,17067
8.32,8.414,17067
8.28,5.101629,17067
7.66,-4.308418,17067
5.15,2.5426722,2208
8.25,1.9667245,9383
9.72,14.030677,12717
9.6,13.834416,12717
9.6,-2.5096176,12717
9.57,11.092054,12717
9.52,2.4378364,12717
9.36,2.8731792,12717
9.32,1.2265816,12717
9.32,-11.506293,12717
9.3,-6.379156,12717
9.29,0.41113755,12717
9.28,4.084443,12717
9.27,7.773811,12717
9.15,1.3171964,12717
8.92,-1.9592407,12717
8.89,-13.17756,12717
8.85,-5.7081842,12717
8.85,-7.047745,12717
8.8,-10.094805,12717
8.72,2.8508515,12717
8.35,-6.7895474,12717
7.35,8.95375,16811
6.47,5.7338767,16811
6.44,-5.71909,16811
5.68,-12.627971,16811
5.57,-7.1107836,16811
5.46,7.1167817,16811
7.03,2.238514,7171
9.0,0.6278932,165
9.0,3.8407974,165
9.0,2.9622054,165
9.0,2.243075,165
9.0,2.8348138,165
9.0,3.0786386,165
9.0,-0.4825214,165
9.0,-0.4825214,165
9.0,3.8407974,165
8.7,2.5608988,165
8.7,2.7886798,165
8.7,2.7329643,165
8.7,0.2804494,165
8.7,7.563149,165
8.7,0.57852924,165
8.7,-4.554687,165
8.52,0.4085729,165
8.52,2.1567261,165
8.52,2.186753,165
8.52,2.6583784,165
8.4,4.119501,165
8.1,-3.1618083,165
8.1,4.4342947,165
8.1,2.7450597,165
7.96,-0.71642745,165
7.0,-0.6466896,165
6.42,0.7261315,4230
5.33,-10.137296,3647
9.4,3.1450512,6931
9.15,2.7322738,6931
8.74,1.7768878,6931
8.55,-2.3561013,6931
8.44,0.059794556,6931
8.43,-4.625781,6931
8.36,4.9125266,6931
8.24,2.8538249,6931
8.14,-1.2996129,6931
8.02,0.10177477,6931
8.01,4.304423,6931
7.96,-0.31898612,6931
5.35,-9.795474,13019
6.4,6.7482233,3042
6.2,1.7309695,3042
6.1,8.422379,3042
6.1,4.8548307,3042
6.1,6.9905715,3042
6.0,4.425101,3042
5.9,4.425775,3042
5.9,5.1460266,3042
5.7,4.3489723,3042
5.6,-4.411925,3042
5.5,4.389115,3042
5.4,-2.8684123,3042
4.9,4.794045,3042
5.89,2.9828749,10032
5.77,5.6474137,10032
5.54,-3.0351496,10032
5.43,-1.2987323,10032
4.62,-1.6373531,10032
5.67,5.1298094,4692
5.54,1.7060753,2288
8.7,9.362519,17493
8.3,7.753518,17493
8.22,-4.605762,17493
7.82,7.792703,17493
7.77,6.26542,17493
7.6,0.29104078,17493
7.48,6.902316,17493
7.46,14.798571,17493
7.31,5.321654,17493
7.3,-5.115279,17493
7.28,-8.047958,17493
7.17,0.39938203,17493
7.02,-6.3611264,17493
6.92,-1.3771378,17493
6.84,-15.5323925,17493
6.81,-19.92111,17493
6.72,2.7443087,17493
6.68,-1.593118,17493
6.24,-11.369311,17493
6.22,-0.71640986,17493
6.17,-6.1650634,17493
5.92,-5.8160095,17493
5.75,-5.8578105,17493
6.28,-0.42429316,15131
7.21,-1.2147037,198
7.7,7.817132,11872
7.64,10.625395,11872
7.08,-3.7841518,11872
8.72,11.074787,11363
7.58,-3.1347356,11363
7.41,8.7715025,11162
6.76,-8.299973,11162
5.53,16.75562,8309
5.31,-10.972918,8309
6.92,2.0420318,12550
8.49,0.11810276,8658
5.54,0.59967864,2286
7.96,1.0191565,8975
7.64,1.4780166,8975
7.52,3.442692,8975
7.23,-6.207975,8975
6.89,-3.5980403,8975
6.87,3.9714458,8975
6.69,2.6363032,8975
6.65,3.4203205,8975
6.43,-3.4440467,8975
6.41,3.8576996,8975
6.36,2.9327888,8975
6.33,5.150464,8975
6.31,1.506239,8975
6.3,-1.137751,8975
6.3,5.1085525,8975
6.26,3.8017795,8975
6.24,2.6597352,8975
6.19,3.2039807,8975
6.17,-2.7013826,8975
6.7,1.2777848,16340
5.39,1.6102678,16233
6.92,6.031125,13197
6.82,7.08984,13197
6.77,6.0528407,13197
6.75,7.345287,13197
6.67,3.2383497,13197
6.59,6.8113985,13197
6.58,0.78891116,13197
6.58,0.90021425,13197
6.54,-0.7225795,13197
6.48,6.2838006,13197
6.41,-1.1072415,13197
6.4,0.727253,13197
6.21,0.8287686,13197
6.2,3.444545,13197
6.16,0.83115804,13197
6.08,-5.7169476,13197
6.06,-3.8510487,13197
6.03,0.73262244,13197
5.98,-7.158464,13197
5.96,-1.9880012,13197
5.91,4.5417557,13197
5.62,-6.551631,13197
5.33,-5.7384424,13197
5.23,6.1886444,13197
5.22,-6.114275,13197
7.24,0.9760603,6996
5.04,-4.4384227,13848
8.66,9.469734,14835
8.48,3.6143405,14835
8.33,8.980894,14835
8.24,2.2885947,14835
8.07,9.760423,14835
8.0,3.0915956,14835
8.0,-2.721835,14835
7.96,0.4652544,14835
7.92,1.0498136,14835
7.68,-1.832276,14835
7.58,10.39761,14835
7.52,11.013446,14835
7.43,0.34905568,14835
7.42,-7.2816367,14835
7.35,-2.4376109,14835
7.28,-4.3096867,14835
7.27,3.8376,14835
7.26,-1.1147207,14835
7.22,-6.184375,14835
7.01,1.9269404,14835
6.99,0.78823876,14835
6.89,0.7531131,14835
6.87,0.99164116,14835
6.81,-6.149546,14835
6.74,1.5143673,14835
6.57,0.08712761,14835
6.34,-1.8834944,14835
6.33,-8.0606985,14835
5.99,-8.555375,14835
8.24,-9.29773,1481
8.24,-5.1355605,1481
7.84,8.92973,1481
7.6,-0.27491993,1481
7.17,2.0710108,1481
8.3,10.652438,11662
8.15,5.9691815,11662
7.92,5.0822997,11662
7.42,7.623827,11662
7.19,-7.176911,11662
7.12,-1.3428952,11662
7.01,8.157182,11662
6.99,8.362227,11662
6.86,2.9289424,11662
7.47,0.6260699,8054
5.0,-5.965282,5680
7.58,-3.2118723,7398
7.29,-3.2118723,7398
7.22,-4.2201447,7398
7.18,-10.99165,7398
7.13,-12.355262,7398
7.08,-7.268276,7398
7.07,-5.4517303,7398
6.68,-9.114806,7398
6.58,-2.1246676,7398
6.58,0.47902146,7398
6.51,-4.0078707,7398
6.5,-7.6745324,7398
6.32,-4.8935375,7398
6.32,0.2575128,7398
6.1,-2.4452202,7398
6.1,4.9041452,7398
6.02,-0.35768932,7398
5.78,2.1441822,7398
5.54,5.330967,7398
5.02,10.317055,7398
4.87,-3.2435334,7398
7.8,-2.333822,7805
7.7,-2.232458,7805
5.36,8.330535,7805
6.17,-1.0366373,17712
5.58,1.6757159,17712
6.27,4.4520326,501
7.12,0.5311566,14887
8.32,7.7607937,5423
7.88,-2.4622846,5423
7.82,7.046407,5423
7.78,7.2861376,5423
7.67,4.310908,5423
7.6,6.4879055,5423
7.5,0.12335926,5423
7.49,7.471388,5423
7.41,-0.5517713,5423
7.38,6.0526447,5423
7.34,4.707486,5423
7.29,2.7039425,5423
7.24,6.842834,5423
7.16,-3.9253209,5423
7.13,1.2297755,5423
7.11,4.449615,5423
6.24,0.66667885,5423
5.87,-1.0710162,5423
5.8,-5.392348,5423
5.22,-1.5159537,13902
5.36,-1.3024253,2180
5.83,3.7513142,12585
7.3,-7.578577,3851
7.17,-0.009426151,3851
8.52,1.4698775,4141
8.4,1.3438251,4141
8.4,-4.9793677,4141
8.15,-3.457297,4141
8.15,-1.7461295,4141
8.1,1.921411,4141
8.05,4.0417647,4141
7.96,6.613114,4141
7.85,0.6656288,4141
7.51,-2.5978231,4141
7.34,6.843901,4141
6.82,-6.2758417,4141
6.49,2.3167102,2711
6.41,-3.1324205,2711
6.04,-0.6271842,2711
9.29,2.99356,9667
9.22,6.34162,9667
9.16,5.2628274,9667
9.12,8.824238,9667
9.1,0.96160454,9667
9.1,-2.8993545,9667
9.09,8.999288,9667
9.03,-0.46952713,9667
8.96,1.61132,9667
8.89,7.6784043,9667
8.89,2.5806677,9667
8.89,3.823624,9667
8.85,9.517923,9667
8.85,-10.579003,9667
8.82,-0.1668747,9667
8.82,3.702259,9667
8.82,4.956935,9667
8.8,6.21216,9667
8.77,8.195,9667
8.77,5.0054846,9667
8.62,0.77907515,9667
8.54,3.7524648,9667
8.41,3.0080783,9667
8.41,-1.3575652,9667
8.36,-1.6895537,9667
8.34,-5.106212,9667
8.25,0.08255404,9667
8.23,-10.3237295,9667
8.21,2.3320708,9667
8.09,-1.8822793,9667
8.07,0.33450824,9667
8.06,0.7912069,9667
7.91,0.1079109,9667
7.75,-3.2054956,9667
7.58,-1.5791873,9667
7.55,-7.169082,9667
7.5,5.9704366,9667
7.48,-0.8844524,9667
7.44,-4.49787,9667
7.44,-5.397877,9667
7.22,-3.3084056,9667
6.85,1.2562983,9667
6.52,-11.074537,9667
6.43,-6.122579,9667
9.92,0.8930214,14364
9.89,-1.3374827,14364
9.43,3.9149258,14364
9.29,4.3017483,14364
9.19,1.7855538,14364
9.16,1.0097507,14364
9.16,0.5666164,14364
9.12,5.195508,14364
8.85,6.077011,14364
8.77,4.3017483,14364
8.77,-0.3807512,14364
8.59,6.077011,14364
8.57,1.7855538,14364
8.54,3.4907656,14364
7.85,-3.7457206,14364
7.82,1.4753925,14364
7.55,2.332394,3269
6.23,2.2552495,7406
6.83,7.8141117,3316
6.79,8.864588,3316
6.79,-3.4856045,3316
6.65,6.3456373,3316
6.65,1.9228171,3316
6.47,0.8958548,3316
6.39,2.1460521,3316
6.26,4.1880503,3316
6.24,1.4367918,3316
6.13,10.902353,3316
5.53,4.026758,3316
4.52,1.3258506,16847
5.99,7.710558,12504
5.95,5.6577663,12504
5.88,-3.0900805,12504
5.72,0.1424419,12504
5.67,0.4173779,12504
5.54,-3.7304783,12504
5.44,-5.1412425,12504
5.28,4.7141705,12504
5.27,9.130013,12504
5.26,-3.4493272,12504
7.18,6.986507,11587
7.1,6.7254286,11587
7.06,10.357085,11587
7.01,6.155355,11587
6.84,8.079862,11587
6.65,6.2473,11587
6.56,10.037964,11587
6.32,14.62321,11587
5.94,-9.528983,11587
5.92,2.8698459,11587
5.92,7.5616117,11587
5.51,-2.75942,11587
5.47,-1.4695885,11587
6.55,-2.5235238,16104
6.28,-3.4518924,16104
6.11,0.4350915,16104
6.0,-3.5196245,16104
5.85,-3.4518924,16104
5.82,-3.4518924,16104
5.72,-2.4514275,16104
5.7,-5.021518,16104
5.47,-3.4518924,16104
5.25,-3.4518924,16104
5.22,-2.2022839,16104
5.19,-1.7770708,16104
5.14,2.1910963,16104
4.97,-3.4518924,16104
4.8,3.3785613,16104
4.77,4.87214,16104
4.58,-6.5372906,16104
4.47,2.507566,16104
4.26,-4.6869082,16104
4.12,-9.657609,16104
4.03,-5.1368046,16104
8.52,3.9227312,11665
5.1,-1.1216775,4886
5.1,2.8140366,4886
4.5,-3.007633,4886
7.7,-0.93293965,11581
6.89,-2.3769116,11581
6.82,-10.654168,11581
6.75,-0.93293965,11581
6.66,-0.93293965,11581
6.66,-1.0836508,11581
6.66,-0.94151,11581
6.48,-0.93293965,11581
6.37,-10.654168,11581
6.19,-5.8249087,11581
6.17,-11.316435,11581
6.16,-4.1416063,11581
6.08,-10.182386,11581
5.96,6.4345617,11581
5.8,-9.6658945,11581
5.57,-1.0836508,11581
5.55,3.7957408,11581
5.47,-7.6800447,11581
5.41,-2.6525264,11581
5.38,-6.8981776,11581
5.17,0.077199556,11581
4.96,-3.388147,11581
4.85,4.982043,11581
4.8,0.52767366,11581
4.62,-0.14902137,11581
5.17,4.504509,3814
5.01,-4.4607997,3814
4.8,-9.788617,3814
8.15,18.368307,4050
8.15,12.842082,4050
7.92,4.137035,4050
7.92,18.734015,4050
7.92,17.54571,4050
7.92,12.4292555,4050
7.75,5.3741717,4050
7.7,12.974631,4050
7.66,10.152615,4050
7.58,2.678196,4050
7.57,15.84613,4050
7.55,-6.6692824,4050
7.51,10.780352,4050
7.46,16.007097,4050
7.42,-9.499153,4050
7.42,8.197812,4050
7.3,0.5624908,4050
7.3,-4.035431,4050
7.27,-16.132189,4050
7.15,-19.988699,4050
7.14,-5.1649933,4050
7.09,-11.975689,4050
7.07,-1.9136469,4050
7.0,-9.737233,4050
7.0,2.5163088,4050
6.92,9.371989,4050
6.89,-9.201747,4050
6.72,2.8505964,4050
6.52,4.694656,4050
6.37,5.921199,4050
6.21,-5.7887993,4050
6.35,4.5946064,16303
6.05,-1.9429168,16303
4.86,1.7565907,16303
5.62,0.28171596,13076
5.31,3.0474055,13076
5.99,8.0759325,6775
5.7,6.513281,6775
5.62,6.996271,6775
5.29,2.815162,6775
5.27,5.813091,6775
5.25,3.842141,6775
5.21,3.942828,6775
5.15,2.320756,6775
5.09,5.158028,6775
5.05,-2.156222,6775
4.96,-2.0088186,6775
4.9,-8.312612,6775
4.69,-9.489725,6775
4.66,-10.167185,6775
4.64,-8.688472,6775
4.57,-12.729963,6775
4.5,-5.1216626,6775
5.66,1.2489038,16464
7.37,2.2981448,11729
6.89,-3.46762,11729
6.75,0.1944202,11729
6.57,0.1944202,11729
6.4,0.7580924,11729
5.72,-9.923973,11729
7.54,-5.409453,7372
5.58,4.9474325,7372
5.52,0.00012963731,7372
5.4,-4.9362736,7372
5.33,2.7475028,7372
5.22,2.9210424,7372
5.05,2.7500985,7372
7.81,5.7420316,11085
7.59,8.731958,11085
7.19,-5.3636923,11085
6.44,-11.849657,11085
6.13,-13.315482,11085
7.96,4.5040336,8108
5.43,3.5640569,6586
7.13,-0.10443649,10515
5.0,-2.484644,5874
4.79,-5.1507897,13680
6.24,-1.5399723,1607
8.27,0.36195406,14874
6.23,-3.4699247,3795
6.08,-3.9223757,3795
5.84,3.7059076,3795
5.83,-8.29202,3795
5.77,-2.137811,3795
5.63,1.1538056,3795
9.0,2.679973,2991
8.57,1.8423634,2991
8.4,2.189812,2991
8.3,-0.29130745,2991
8.3,3.7981002,2991
8.15,-0.93331486,2991
8.1,-1.303786,2991
7.96,0.235613,2991
7.82,10.0001335,2991
7.75,-2.2882106,2991
6.75,-0.9053593,2991
6.25,3.9508018,2991
5.67,-0.9053593,2991
5.62,-0.16898747,15161
5.46,0.011528465,15161
8.0,-1.9666704,11724
7.4,2.9845073,11724
5.14,-0.739445,16121
4.89,1.8045465,3213
4.62,5.5468264,3213
4.43,-6.870785,3213
4.43,-5.246163,3213
7.27,0.37605217,3898
4.65,-6.6090093,12012
6.92,-2.2514167,9927
5.77,4.6557927,9927
9.01,6.7785964,1230
4.56,10.159245,2440
4.47,-14.0303755,2440
4.32,9.134869,2440
4.15,9.233374,2440
4.11,-3.0473154,2440
8.05,3.154048,14470
7.92,7.1002903,14470
7.85,1.9158645,14470
7.37,2.1598337,14470
7.32,1.7053701,14470
7.31,1.6708031,14470
7.29,1.3973056,14470
7.26,0.20228897,14470
7.21,2.7703385,14470
7.18,1.6547794,14470
7.16,-0.8494157,14470
7.01,-0.88155586,14470
6.99,1.6839625,14470
6.9,-2.451148,14470
6.71,0.02528001,8914
8.7,9.101314,17373
8.3,5.8986735,17373
8.22,3.203665,17373
7.89,4.1707454,17373
7.77,10.216029,17373
7.62,8.597044,17373
7.5,3.3714197,17373
7.39,8.218056,17373
7.27,5.9762774,17373
6.92,8.087471,17373
6.9,-2.6184025,17373
6.77,1.862082,17373
6.69,-2.003737,17373
6.57,4.3023567,17373
6.23,-4.1485715,17373
6.02,7.6724315,17373
5.95,4.753503,17373
5.59,-1.8893137,17373
5.42,-1.5728472,17373
5.87,-2.9704905,2985
8.85,1.5158373,11863
8.74,8.08885,11863
8.72,4.514201,11863
8.6,4.4649515,11863
8.49,-3.5900414,11863
8.1,-7.74649,11863
7.82,3.350014,11863
7.75,4.6996827,11863
7.72,3.9166045,11863
7.68,-2.0015304,11863
7.38,-3.9192278,11863
7.27,-4.456736,11863
7.25,-6.929826,11863
7.21,-10.389447,11863
7.15,-10.677978,11863
7.05,-10.952906,11863
7.0,-5.1242642,11863
6.95,-13.282946,11863
6.9,-14.762237,11863
6.44,-13.107524,11863
4.63,5.0988407,13333
4.63,6.093073,13333
4.62,1.8871431,13333
4.59,1.6168462,13333
4.58,1.8871431,13333
4.57,-3.9617677,13333
4.57,7.437901,13333
4.55,5.981863,13333
4.55,1.6168462,13333
4.54,-2.0235336,13333
4.54,-8.671215,13333
4.53,0.46755427,13333
4.47,1.8871431,13333
4.46,-4.22377,13333
4.43,-8.766827,13333
4.38,-2.3119364,13333
4.21,-4.628351,13333
4.13,-1.0635738,13333
4.06,-6.0285935,13333
10.22,-2.6261165,10044
9.96,-5.844392,10044
9.85,0.846536,10044
9.74,1.0852706,10044
9.72,4.190142,10044
9.34,0.36236832,10044
9.23,1.0430577,10044
9.21,-1.8672391,10044
9.02,-3.9879947,10044
8.79,4.148361,10044
8.73,1.3322064,10044
8.64,-7.2141104,10044
8.26,1.7052542,10044
8.07,-0.88353205,10044
7.7,-0.06648161,10044
5.36,-0.2593173,9161
7.55,2.8707683,6597
7.49,3.3759897,6597
7.25,0.39249086,6597
7.16,-5.6717243,6597
7.09,0.8614387,6597
7.02,-1.8653585,6597
7.0,-3.6127272,6597
7.0,0.6497044,6597
6.98,3.1526086,6597
6.89,1.2507064,6597
6.86,0.7253827,6597
6.81,-0.35595697,6597
6.58,-3.813883,6597
6.57,-9.647239,6597
6.48,-9.98667,6597
6.43,-0.8953203,6597
5.85,2.7063715,13539
8.36,-0.9186179,9953
8.08,2.0818636,9953
6.11,-9.498831,1991
5.89,-11.073587,1991
5.66,10.94231,1991
5.48,14.917946,1991
5.46,-2.0912442,1991
5.43,-13.455724,1991
5.37,-6.2020855,1991
5.09,-1.1952364,1991
4.99,-11.135952,1991
4.91,-5.779876,1991
4.8,5.185742,1991
4.55,-9.586883,1991
8.85,1.4229965,2251
7.85,-3.0320895,6390
6.97,10.211739,6390
5.7,-0.64245987,6390
9.85,4.82151,9415
9.85,4.0741186,9415
9.8,4.264232,9415
9.74,5.194393,9415
9.74,2.7839675,9415
9.7,3.6098258,9415
9.68,0.8621618,9415
9.66,2.5026584,9415
9.6,2.5198472,9415
9.54,-6.5170584,9415
9.49,1.3237501,9415
9.41,-0.8609424,9415
9.38,1.3999453,9415
9.33,-3.9132576,9415
9.26,-7.993191,9415
9.23,-3.597809,9415
9.17,-4.841795,9415
9.12,-13.1840925,9415
4.73,-0.23803249,1119
6.7,2.0277221,11924
8.7,2.1674628,6076
8.62,2.3352594,6076
8.52,8.580313,6076
8.44,9.029619,6076
8.44,-2.2999303,6076
8.44,8.138672,6076
8.43,1.936443,6076
8.38,6.9474797,6076
8.36,2.156099,6076
8.31,-11.837641,6076
8.21,-6.949394,6076
8.04,7.112846,6076
8.02,1.9691838,6076
7.99,-10.238809,6076
7.98,1.6187019,6076
7.93,7.1752315,6076
7.93,2.784617,6076
7.91,-7.580587,6076
7.91,1.9691838,6076
7.86,-1.3703594,6076
7.85,4.5459523,6076
7.82,5.3728857,6076
7.81,8.156659,6076
7.8,2.156099,6076
7.72,-2.815083,6076
7.72,6.1361804,6076
7.66,8.52428,6076
7.6,-4.274019,6076
7.57,3.8398738,6076
7.53,7.073367,6076
7.51,2.4834073,6076
7.49,7.096817,6076
7.48,-2.1784933,6076
7.46,-7.662215,6076
7.44,6.324663,6076
7.37,3.5957246,6076
7.32,-13.906402,6076
7.26,6.9474797,6076
7.26,3.4253528,6076
7.22,7.638994,6076
7.11,1.238663,6076
7.08,1.1593058,6076
7.05,-7.0022407,6076
7.03,-8.832299,6076
6.98,-4.3239193,6076
6.83,-4.3239193,6076
6.78,-3.8643508,6076
6.75,-7.0022407,6076
6.7,-3.8643508,6076
6.68,0.84613526,6076
6.42,-12.121335,6076
6.39,-13.152893,6076
6.37,-5.46935,6076
6.28,2.995311,6076
6.24,-4.3239193,6076
6.09,-4.3239193,6076
7.39,1.9382961,2975
7.1,-3.6361213,2975
6.7,-12.544426,2975
10.1,2.406762,11021
9.8,-5.201158,11021
9.7,-1.7276568,11021
9.6,7.933113,11021
9.5,3.2499526,11021
9.5,-0.6363436,11021
9.4,-0.6363436,11021
9.4,0.055243727,11021
8.7,3.3763707,11021
8.6,-1.1685327,11021
8.5,-0.4858101,11021
8.3,7.407423,11021
8.3,0.3804536,11021
8.2,2.9276679,11021
8.1,2.7296722,11021
8.0,2.7107787,11021
8.0,5.196002,11021
7.9,-7.9548907,11021
6.9,7.5774727,11021
8.52,4.4997587,11710
8.4,-4.492527,11710
8.3,12.167949,11710
8.22,-7.1889915,11710
8.22,-3.4112518,11710
8.15,5.8085966,11710
8.15,6.852873,11710
8.1,8.886684,11710
8.05,8.144928,11710
8.05,5.007787,11710
7.96,-1.2494816,11710
7.89,5.2641354,11710
7.85,7.0369754,11710
7.82,2.606918,11710
7.8,-3.7510319,11710
7.8,8.818711,11710
7.77,-3.32394,11710
7.72,3.624659,11710
7.7,4.09309,11710
7.66,1.7997814,11710
7.55,6.265285,11710
7.54,2.2298162,11710
7.41,2.248942,11710
7.38,-0.18770632,11710
7.17,5.1425366,11710
6.99,0.6829077,11710
6.74,-0.19271654,11710
8.8,1.1191698,13807
8.7,-5.5845165,13807
8.44,-1.5004001,13807
8.33,3.6869311,13807
8.0,5.1526766,13807
7.92,7.264179,13807
7.92,0.6709078,13807
7.89,3.4941044,13807
7.85,0.4711246,13807
7.82,13.659791,13807
7.75,-0.8507061,13807
7.09,4.057867,13807
7.01,-7.8602424,13807
6.97,-4.704599,13807
6.87,-0.15692186,13807
6.78,3.5146534,13807
6.47,0.16400181,13807
6.19,-2.0058014,13807
5.09,0.3152739,3130
5.42,2.0847394,3739
5.33,1.5965747,2636
6.79,3.1627922,14720
