y_true,y_pred,assay_id
7.3,2.202683,16483
6.77,-3.085231,16483
6.7,0.7748824,16483
6.24,3.136486,16483
5.47,-0.18496756,15522
7.72,2.9746516,470
7.7,1.7850865,470
7.6,0.40765336,470
7.6,3.1732087,470
7.58,3.5078866,470
7.5,3.3614728,470
7.44,-0.35905275,470
7.44,-0.3478382,470
7.42,2.744035,470
7.4,4.088144,470
7.28,3.2775404,470
7.28,1.9410778,470
7.19,-0.060913887,470
7.04,3.139268,470
6.57,-0.15988617,470
5.52,0.3882381,1889
6.22,-6.2294884,10667
6.22,-7.750629,10667
6.16,-4.4500113,10667
6.05,-10.112031,10667
5.96,-9.036346,10667
5.36,-7.6709604,10667
5.23,-5.9991384,10667
5.2,-7.6472616,10667
5.16,-7.035358,10667
4.82,-7.8437724,10667
4.52,-6.030875,10667
4.4,-8.622852,10667
6.77,0.87493575,3090
9.64,5.585488,4480
9.33,4.5879054,4480
9.19,4.7852726,4480
9.06,6.33264,4480
8.54,3.4626336,4480
8.49,4.37271,4480
8.34,3.339883,4480
8.19,5.0272093,4480
8.13,1.7032503,4480
7.89,4.285049,4480
7.66,1.0680496,4480
7.57,1.06805,4480
7.29,2.7834423,4480
7.11,1.06805,4480
6.37,0.9138033,4480
6.1,0.63777184,4480
6.04,-0.3270925,4480
5.61,-1.1218843,4480
8.96,0.5132302,9049
8.7,1.3016815,9049
8.52,3.535398,9049
8.34,2.8426082,9049
8.1,3.621615,9049
8.07,0.08192144,9049
8.01,0.029140376,9049
7.87,0.8569017,9049
7.71,0.9961518,9049
5.93,-2.3347776,16583
5.43,-3.6699734,16583
5.28,-4.024891,16583
4.89,-4.430319,16583
4.73,-4.430319,16583
6.96,-1.9589994,17336
6.28,-5.02916,17336
5.92,-3.2908826,17336
5.8,0.9486323,17336
6.4,3.5365293,4393
7.0,0.37312382,10887
6.95,0.3731234,10887
5.72,-3.9214356,10887
6.57,-4.0942807,14496
9.4,4.6475835,3896
5.34,-1.3900815,2025
6.57,-0.6346736,17016
8.4,-0.9423665,12429
8.3,-2.7843187,12429
8.1,0.10956496,12429
7.92,-1.6274084,12429
7.68,-2.1583118,12429
7.5,-5.563633,12429
7.5,-1.5562077,12429
7.43,1.8800583,12429
7.42,-0.7104226,12429
7.4,0.40861997,12429
7.37,-0.6925741,12429
7.12,-2.5116727,12429
7.11,0.25954807,12429
7.08,-0.9512321,12429
7.01,0.23548435,12429
7.0,-0.20178308,12429
6.97,0.11405049,12429
6.47,1.5743002,12429
5.97,-3.5101106,12429
5.95,-1.6088419,12429
6.72,-4.395,12374
6.41,-5.6094065,12374
6.33,-3.3137164,12374
6.25,-5.1826825,12374
6.22,-4.904024,12374
7.17,0.08457604,9216
6.94,-0.7813817,9216
6.52,-1.2797245,9216
8.07,4.78721,4054
6.38,-2.1383226,10411
4.02,-2.752474,16117
5.36,-8.276885,17451
5.35,-9.563741,17451
5.04,-8.374669,17451
4.85,-6.119357,17451
4.68,-4.466286,17451
4.54,-8.167286,17451
4.41,-9.2323,17451
4.4,-9.465672,17451
4.39,-8.314348,17451
4.31,-7.8512845,17451
9.85,-0.46198428,299
8.8,-2.136742,299
8.7,2.8183255,299
8.22,-2.1130464,299
8.15,-1.4746134,299
7.66,-5.10152,299
7.52,2.6247976,299
7.44,2.396508,299
7.41,-0.19856913,299
7.4,5.6086087,299
7.19,3.9399967,299
7.1,5.6019297,299
6.8,1.8030221,299
5.7,-4.365856,299
5.62,-0.43237427,299
5.52,-7.891072,299
5.22,-5.472009,299
4.22,-4.941063,299
3.38,-4.8494086,299
5.89,3.131809,2173
7.2,-3.818146,17732
7.1,-1.5952649,17732
6.8,-5.8047924,17732
6.7,-5.5755763,17732
6.5,-5.5881386,17732
6.5,-5.7744913,17732
6.2,-6.0630326,17732
5.5,-8.7319145,17732
5.92,-1.4838102,15864
5.28,-8.524839,15864
5.11,-2.5979753,15864
5.07,-1.3890315,15864
4.99,-6.481778,15864
4.66,-3.229439,15864
4.56,-7.9260387,15864
4.47,-5.368938,15864
4.42,-1.5892246,15864
4.28,-0.27814293,15864
4.19,-6.4650183,15864
4.07,-3.4409783,15864
4.06,-6.064704,15864
4.03,-7.705413,15864
8.1,6.429336,9137
8.0,6.64178,9137
7.37,5.6797366,9137
7.25,5.7364926,9137
8.52,4.2014017,2834
9.22,5.8651314,7559
9.2,6.5871196,7559
8.58,0.7926359,7559
8.44,2.8207033,7559
8.22,-1.2444752,7559
8.11,3.416158,7559
7.58,-2.0166612,7559
7.44,5.9638996,7559
7.43,5.974294,7559
7.42,4.8714647,7559
7.21,3.1321602,7559
7.2,0.016707646,7559
7.17,4.778688,7559
7.05,3.1189463,7559
6.92,-3.342071,7559
6.81,3.8175564,7559
6.71,3.9448385,7559
6.69,6.0580177,7559
6.67,2.2937799,7559
6.6,1.7695549,7559
6.56,2.6365006,7559
6.55,3.1093686,7559
6.38,3.6811144,7559
6.38,1.877022,7559
6.26,3.1910539,7559
6.25,2.5955667,7559
6.1,4.315847,7559
5.92,0.8614458,7559
5.83,3.97582,7559
5.8,3.9642296,7559
5.76,3.6038935,7559
5.74,-2.3309662,7559
5.74,-0.7656231,7559
5.56,3.045257,7559
5.49,-4.7479305,7559
5.25,-3.094598,7559
5.1,-6.9100814,7559
5.12,0.9519634,15050
7.75,-4.9252357,12171
6.15,0.6981002,12171
5.85,-0.26692376,12171
5.72,-0.50932354,12171
5.7,-3.0684087,12171
5.39,-0.12247267,12171
5.36,0.86162937,12171
5.05,-0.6754949,12171
7.58,2.3272436,9734
7.99,0.45407498,11838
7.32,1.3080474,8893
7.22,2.0465295,8893
7.11,1.3880956,8893
6.95,0.9970082,8893
6.76,-1.3789104,8893
6.46,-1.4518871,8893
6.06,-5.2336526,14492
7.16,4.1621265,16995
8.22,4.5422916,13307
8.1,2.9377608,13307
7.96,0.46373442,13307
7.96,2.713356,13307
7.92,0.08675607,13307
7.92,4.247179,13307
7.3,-4.8497367,13307
7.29,-0.9042291,13307
7.19,-1.5105826,13307
6.92,-1.4940492,13307
6.62,-2.4664679,13307
6.6,-1.0911803,13307
6.42,-5.760571,13307
5.75,-2.3588355,13307
5.52,-5.359665,13307
5.32,-4.447538,13307
4.89,-5.773338,13307
5.31,-6.84766,16504
4.52,-8.175581,2659
7.96,0.22471602,14494
9.04,0.6729698,10976
8.57,2.8513858,10976
8.54,1.7022585,10976
8.43,2.2813058,10976
8.52,1.7550976,9177
7.57,2.2870975,5549
7.52,-0.7345677,14622
6.96,0.59705055,821
7.22,-4.5769205,13683
5.89,-2.7397957,13683
8.05,-0.8993711,9297
8.0,1.9772118,9297
7.43,-2.8599446,9297
7.38,-0.13213325,9297
7.33,-0.74001575,9297
7.32,1.2024726,9297
7.3,2.5754213,9297
7.3,-1.1508591,9297
7.28,-1.2666227,9297
7.27,0.18016525,9297
7.26,-2.186773,9297
7.16,0.664512,9297
7.12,-2.3338819,9297
7.1,0.8962467,9297
7.1,-2.2086236,9297
7.07,-1.2907181,9297
7.05,1.3119262,9297
7.01,-0.43707123,9297
7.0,-2.1453848,9297
6.96,-0.71927124,9297
6.84,-2.0066597,9297
6.82,-1.9367148,9297
6.8,-2.9810371,9297
6.76,-0.96213984,9297
6.76,-2.2986646,9297
6.76,-1.7394102,9297
6.75,-1.1056563,9297
6.73,-1.9501461,9297
6.7,-3.1095579,9297
6.67,0.57988554,9297
6.64,-0.21177621,9297
6.64,-0.6796258,9297
6.61,-0.2809548,9297
6.58,-3.35872,9297
6.58,-1.1005539,9297
6.53,-1.509527,9297
6.53,-3.0338116,9297
6.5,-3.2253587,9297
6.47,-1.9303912,9297
6.47,-2.6649203,9297
6.37,-3.0490413,9297
6.36,-4.605374,9297
6.28,-1.721793,9297
6.28,-2.5105286,9297
6.28,-3.1704657,9297
6.27,-3.255728,9297
6.21,-2.056555,9297
6.21,-1.8923166,9297
6.2,-3.3349488,9297
6.16,-3.659009,9297
6.08,-4.3891325,9297
6.08,-4.1843157,9297
6.04,-3.4494703,9297
5.99,-4.586277,9297
5.95,-3.6707633,9297
5.94,-4.8974266,9297
5.93,-3.526028,9297
5.92,-0.93729067,9297
5.8,-4.9590034,9297
5.4,-4.1278663,9297
5.34,-2.4047241,9297
4.75,-1.4936521,16654
4.64,-7.332001,11979
8.33,5.6525435,10489
7.99,1.5464817,10489
9.0,4.804867,9227
8.7,4.3207746,9227
8.7,1.2936538,9227
8.4,1.3187755,9227
8.05,3.7115386,9227
8.0,-3.3793871,9227
7.68,2.8519378,9227
7.44,1.3589652,9227
7.34,2.338979,9227
6.74,3.6298635,8940
6.4,6.219471,8940
8.54,1.9263362,12852
8.37,6.0178256,12852
6.68,-2.5735204,751
8.44,4.6743813,9844
7.33,-2.2800372,9844
7.2,-5.034969,9844
7.15,-4.8561196,9844
7.12,-2.2674267,9844
7.11,-2.1534781,9844
7.03,-6.933162,9844
7.03,-1.7299489,9844
6.99,-3.9546318,9844
6.97,-0.3971237,9844
6.89,-2.3014817,9844
6.78,-2.700317,9844
6.74,-5.974226,9844
6.72,1.2929446,9844
6.71,-6.502897,9844
6.57,-3.0300252,9844
6.45,-2.1870968,9844
6.4,-4.3639,9844
6.37,-6.0276294,9844
5.96,0.6218112,14854
5.8,0.12963739,4947
5.77,-2.424998,4947
5.75,-1.2611799,4947
5.66,-2.3085132,4947
5.66,-2.2061553,4947
5.54,-2.3085132,4947
5.52,0.16636729,4947
5.52,-4.862487,4947
5.39,-4.862486,4947
5.34,-2.3085132,4947
5.29,-4.862486,4947
5.27,-5.275809,4947
5.18,-1.2611799,4947
5.16,-3.0665436,4947
5.15,-5.867848,4947
5.03,-3.9538472,4947
5.46,-8.930685,5665
4.92,1.4250435,5665
4.0,-1.2914858,5665
3.62,0.54178685,5665
3.07,-2.9568346,5665
7.71,2.1983173,12423
7.62,2.4562874,12423
7.56,2.8888652,12423
7.33,-0.8776171,12423
7.31,3.5740092,12423
7.2,3.915206,12423
7.16,2.7816346,12423
7.15,2.4562874,12423
7.14,2.5459838,12423
7.13,2.7816353,12423
7.1,-0.8776171,12423
7.1,1.7247941,12423
7.08,-3.8729484,12423
7.01,2.4562874,12423
6.98,2.7816346,12423
6.62,1.770034,12423
6.53,2.3910668,12423
6.19,1.8064098,12423
6.06,3.1413147,12423
8.64,3.0431669,11808
8.4,2.9285967,11808
8.37,4.8144073,11808
8.1,1.7598199,11808
7.92,-0.3635491,16843
7.58,2.4171345,16843
8.46,4.8424892,9006
7.66,2.1478705,9006
7.46,-1.8572545,9006
7.41,1.053949,9006
7.36,1.6721699,9006
7.34,-0.3701147,9006
7.31,-2.0681415,9006
7.22,-2.2144291,9006
7.21,-1.0353693,9006
7.19,-3.6319993,9006
7.04,-2.0094829,9006
7.03,0.16425407,9006
6.93,2.6133332,9006
6.87,4.782225,9006
6.62,2.4236147,9006
8.0,4.2877893,15617
7.52,1.849649,15617
7.52,1.849649,15617
7.0,1.7786844,15617
6.82,1.7786844,15617
6.8,0.74879366,15617
6.58,0.74879295,15617
8.18,-1.7610973,10782
7.57,3.7625573,10782
7.22,-0.5483135,10782
5.82,-2.9374616,10689
5.6,-1.919773,10689
5.58,-2.6556242,10689
8.89,2.5554752,6529
8.39,2.392546,6529
8.3,2.2098472,6529
8.08,4.4749594,6529
8.08,-1.0456808,631
7.92,-0.59364,631
7.34,-1.5084536,631
7.1,0.22732994,631
7.09,-1.9849253,631
7.07,-2.0182197,631
6.92,0.38618037,631
6.83,-1.5097938,631
6.75,-3.9381623,631
6.61,0.7167206,631
6.49,-2.0441453,631
6.49,-2.3065171,631
6.4,0.34538418,631
6.37,-2.4433649,631
6.08,-0.96174526,631
6.06,-4.852137,631
5.9,-4.220662,631
5.87,-3.590149,631
5.75,-0.3000001,631
5.36,-2.0256581,631
5.21,-3.1723464,631
5.2,-2.522951,631
5.07,-3.4977317,631
8.24,2.4204466,9343
6.76,4.2006865,9343
6.15,-9.100592,16263
6.42,-1.1130745,11257
5.72,-2.2286208,11257
5.72,-3.4062417,11257
5.45,-2.875294,11257
9.29,6.3633113,15270
9.04,6.0499907,15270
5.99,-2.1816616,15929
5.11,-2.3981578,11105
5.72,-4.9851327,1963
8.64,-4.3100195,9265
8.52,0.7045061,9265
8.47,-1.102752,9265
7.89,3.0076573,9265
7.82,4.365304,9265
6.15,-3.2782826,9265
5.94,-0.5250026,9265
5.84,-1.6531136,9265
5.63,-2.9598753,9265
5.61,-0.94411117,9265
5.59,-2.5927088,9265
5.58,-3.3249404,9265
5.46,-3.134876,9265
5.45,-3.515878,9265
5.4,-0.37666816,9265
5.38,-3.1853235,9265
5.26,-5.097985,9265
5.22,-5.61904,9265
5.22,-2.0980127,9265
5.22,-3.4390397,9265
5.22,-4.582813,9265
5.13,0.26349127,9265
5.09,-1.2584254,9265
5.06,-4.3681793,9265
4.93,-4.367991,9265
4.91,-4.348229,9265
4.89,-4.814401,9265
4.86,-4.5354986,9265
4.74,-0.21524404,9265
4.74,-7.251311,9265
6.56,2.718337,8405
9.05,2.434057,9847
8.74,1.2356867,9847
8.59,-2.122861,9847
8.54,-0.8261883,9847
8.53,0.43935272,9847
8.51,1.5889065,9847
8.47,-2.9822724,9847
8.44,-4.3247833,9847
8.41,0.18219823,9847
8.37,0.25646332,9847
8.34,2.2975733,9847
8.18,1.529061,9847
8.1,-0.3997988,9847
8.04,-0.35694274,9847
7.77,-3.5684805,9847
7.75,2.0128512,9847
7.64,-0.43872097,9847
7.59,1.5493667,9847
7.48,-0.23598544,9847
7.38,0.7190769,9847
7.34,-0.94656956,9847
7.23,-1.6777679,9847
7.02,0.38714555,9847
6.96,0.36899492,9847
6.62,0.98950094,9847
9.0,6.4418135,7785
8.92,6.4476514,7785
8.82,5.417774,7785
8.77,5.7278614,7785
8.72,4.1277046,7785
8.66,5.6968846,7785
8.64,4.874843,7785
8.6,3.5413306,7785
8.6,3.1545074,7785
8.57,2.109806,7785
8.55,2.2149308,7785
8.55,4.5955524,7785
8.55,5.645828,7785
8.52,3.768302,7785
8.43,3.8511646,7785
8.4,4.8185196,7785
8.37,4.3476562,7785
8.36,3.1676514,7785
8.36,5.5432034,7785
8.34,6.1767306,7785
8.34,3.7320988,7785
8.31,4.150611,7785
8.27,3.065695,7785
8.25,3.7671072,7785
8.25,4.3357053,7785
8.21,4.077274,7785
8.21,4.5118666,7785
8.21,3.8358555,7785
8.19,5.0728555,7785
8.18,4.7398233,7785
8.17,0.33739474,7785
8.15,3.6170664,7785
8.14,3.789029,7785
8.13,4.071417,7785
8.11,3.348459,7785
8.09,3.3038747,7785
8.08,0.02163394,7785
8.08,2.0373883,7785
8.06,1.4308178,7785
8.05,0.8584206,7785
8.0,3.797984,7785
8.0,1.782506,7785
8.0,5.0090013,7785
8.0,0.30348802,7785
7.96,3.419537,7785
7.96,3.6755507,7785
7.96,1.3376982,7785
7.96,3.8796816,7785
7.96,1.9348948,7785
7.92,0.6422419,7785
7.92,0.48137143,7785
7.92,3.921554,7785
7.92,3.663809,7785
7.92,1.9602975,7785
7.89,1.1721116,7785
7.89,2.8026888,7785
7.89,1.0153434,7785
7.89,-0.009538401,7785
7.89,2.5273662,7785
7.89,1.4219738,7785
7.89,4.702619,7785
7.85,2.1814623,7785
7.85,0.9851649,7785
7.85,4.2220817,7785
7.85,4.1662602,7785
7.85,0.5891646,7785
7.85,0.083982244,7785
7.82,4.783967,7785
7.82,1.1550481,7785
7.82,5.3424187,7785
7.82,-0.25241983,7785
7.82,4.033202,7785
7.82,3.4878135,7785
7.8,1.4918673,7785
7.8,2.7376742,7785
7.8,-1.6090027,7785
7.8,1.5912386,7785
7.77,2.7481403,7785
7.77,1.4040296,7785
7.77,0.9849544,7785
7.77,2.179749,7785
7.75,4.037093,7785
7.72,4.1098886,7785
7.72,3.2927988,7785
7.72,1.8077947,7785
7.7,3.5675695,7785
7.7,1.5078822,7785
7.7,2.487503,7785
7.7,3.3705583,7785
7.68,3.5413306,7785
7.68,4.7049384,7785
7.68,3.0947506,7785
7.68,2.2291677,7785
7.66,4.713174,7785
7.66,4.8147197,7785
7.64,1.6736948,7785
7.64,2.268387,7785
7.62,1.2541802,7785
7.62,-0.5601744,7785
7.62,3.532493,7785
7.62,2.4812908,7785
7.62,0.006200189,7785
7.62,1.4692762,7785
7.6,1.188883,7785
7.58,0.33926848,7785
7.58,2.819936,7785
7.58,1.6600542,7785
7.58,1.2355596,7785
7.58,0.8620208,7785
7.58,1.614592,7785
7.57,0.13216451,7785
7.57,3.5730891,7785
7.57,3.4785745,7785
7.57,3.217911,7785
7.55,0.45356217,7785
7.55,0.99332994,7785
7.54,-0.002899956,7785
7.54,-0.929232,7785
7.54,2.6419952,7785
7.54,1.4639775,7785
7.54,-0.6394087,7785
7.52,3.545559,7785
7.52,3.2476501,7785
7.52,3.5404365,7785
7.52,0.49302608,7785
7.52,-0.25241998,7785
7.52,-0.15446378,7785
7.52,-0.025601763,7785
7.51,-0.4527898,7785
7.51,4.8362355,7785
7.51,3.407248,7785
7.51,0.47169578,7785
7.51,2.0102565,7785
7.51,1.8816125,7785
7.51,1.078686,7785
7.5,-0.31724408,7785
7.5,3.2983732,7785
7.5,1.9968798,7785
7.5,-1.3765756,7785
7.5,1.2296634,7785
7.5,1.8182801,7785
7.5,1.0318575,7785
7.5,2.1130378,7785
7.5,0.91741925,7785
7.5,2.9801838,7785
7.5,0.8692804,7785
7.48,0.96636987,7785
7.48,3.7223556,7785
7.48,3.143694,7785
7.48,3.4785743,7785
7.48,0.45657587,7785
7.48,1.2334194,7785
7.47,0.5453812,7785
7.47,1.8864512,7785
7.47,3.772781,7785
7.47,1.6444227,7785
7.47,0.81257266,7785
7.47,1.9226745,7785
7.46,1.8258035,7785
7.46,0.6102322,7785
7.46,1.2454329,7785
7.46,-0.377519,7785
7.46,1.4645361,7785
7.46,0.77834547,7785
7.44,1.372695,7785
7.44,0.98516434,7785
7.44,0.292119,7785
7.44,1.0205534,7785
7.44,1.4364294,7785
7.43,0.68687296,7785
7.42,2.349264,7785
7.42,0.9855746,7785
7.42,0.2662117,7785
7.42,-0.63422066,7785
7.41,1.8182801,7785
7.41,-0.57190937,7785
7.41,-2.5729473,7785
7.41,2.926137,7785
7.41,0.55865777,7785
7.4,-0.96246034,7785
7.4,1.3322614,7785
7.4,1.381351,7785
7.39,-0.2267239,7785
7.39,1.9040322,7785
7.39,1.7063745,7785
7.39,2.9444075,7785
7.38,2.4995224,7785
7.38,0.006200189,7785
7.38,1.4339658,7785
7.38,0.5863149,7785
7.37,-0.6501022,7785
7.36,0.47536722,7785
7.36,1.0095234,7785
7.36,1.8170198,7785
7.35,1.6124561,7785
7.35,1.1165129,7785
7.35,1.0896027,7785
7.35,1.7098519,7785
7.35,0.6999806,7785
7.34,0.89133966,7785
7.34,-0.8290607,7785
7.34,4.2686806,7785
7.33,3.388566,7785
7.33,-0.24063082,7785
7.33,-1.9754663,7785
7.33,-0.5821069,7785
7.33,0.2794251,7785
7.32,-1.3106567,7785
7.32,2.367391,7785
7.32,0.04431318,7785
7.31,0.112877324,7785
7.31,3.4785743,7785
7.3,1.7298255,7785
7.29,-1.5982915,7785
7.29,1.8517169,7785
7.29,1.3470372,7785
7.29,2.4995224,7785
7.28,1.3165263,7785
7.28,0.8831643,7785
7.28,-1.3106567,7785
7.28,1.8340429,7785
7.28,2.3242326,7785
7.28,2.2200103,7785
7.27,-0.040289875,7785
7.27,-0.275158,7785
7.27,0.38551557,7785
7.27,0.4577413,7785
7.26,1.6306403,7785
7.26,1.8152025,7785
7.26,-2.6648574,7785
7.26,1.7347286,7785
7.25,0.26549563,7785
7.24,1.3931601,7785
7.24,0.078495964,7785
7.24,-1.3765756,7785
7.24,-2.382184,7785
7.24,0.39510885,7785
7.23,-1.1486855,7785
7.23,0.3568662,7785
7.22,-0.15446372,7785
7.22,0.7138825,7785
7.22,1.9780957,7785
7.22,1.4078314,7785
7.21,1.1172208,7785
7.21,0.015977288,7785
7.21,-0.30515403,7785
7.21,-1.1658331,7785
7.21,0.5891646,7785
7.21,1.8606524,7785
7.2,2.2149303,7785
7.2,1.9905198,7785
7.2,-1.1040064,7785
7.19,2.7264922,7785
7.19,-0.3082789,7785
7.19,-0.3978667,7785
7.19,1.1627889,7785
7.18,0.7130872,7785
7.17,-0.13668694,7785
7.16,1.8918839,7785
7.16,1.0677956,7785
7.15,0.7491986,7785
7.15,0.78425795,7785
7.14,0.98557526,7785
7.14,2.2504933,7785
7.14,-1.2750442,7785
7.12,-0.7229627,7785
7.12,-1.4960159,7785
7.11,1.3281653,7785
7.11,0.22789475,7785
7.1,3.392945,7785
7.1,-2.2970004,7785
7.1,-1.3254446,7785
7.09,0.96177703,7785
7.09,0.7461723,7785
7.08,0.3994496,7785
7.08,1.7063745,7785
7.07,2.010093,7785
7.07,1.8729024,7785
7.06,0.7727324,7785
7.05,0.1070952,7785
7.05,2.87204,7785
7.05,-0.5448438,7785
7.05,0.44498146,7785
7.05,1.4501265,7785
7.05,-1.2149327,7785
7.05,2.051146,7785
7.04,2.3829648,7785
7.04,0.5529967,7785
7.03,-1.0857868,7785
7.03,-0.70048904,7785
7.03,-0.26932698,7785
7.03,2.3994417,7785
7.02,-0.9196116,7785
7.02,0.006200189,7785
7.01,-0.8122428,7785
7.01,1.2883193,7785
7.01,-0.2584361,7785
7.0,-0.9007205,7785
7.0,-2.7984266,7785
7.0,-0.9326467,7785
7.0,-1.8153535,7785
7.0,0.0700547,7785
7.0,0.41868874,7785
7.0,-0.10888715,7785
6.96,-0.6183908,7785
6.96,-0.06696522,7785
6.96,-0.63902414,7785
6.96,0.9102486,7785
6.96,-1.2759624,7785
6.96,-0.523794,7785
6.96,0.079259336,7785
6.96,-1.0446072,7785
6.96,0.7491986,7785
6.96,2.2556624,7785
6.92,-0.86494446,7785
6.92,2.219744,7785
6.92,-2.394977,7785
6.89,-0.8192656,7785
6.89,0.6559861,7785
6.89,0.33440167,7785
6.89,0.9197937,7785
6.89,-0.38578093,7785
6.89,-1.67896,7785
6.85,-0.23645018,7785
6.85,-1.1711563,7785
6.85,0.7961971,7785
6.82,1.220061,7785
6.82,-2.1800601,7785
6.82,-0.80531174,7785
6.82,-0.7900152,7785
6.82,-2.4377997,7785
6.8,-2.4670413,7785
6.8,1.8729024,7785
6.77,-1.1245996,7785
6.77,1.4255644,7785
6.77,2.1023133,7785
6.77,-0.38850868,7785
6.77,1.6317512,7785
6.77,1.0566417,7785
6.77,0.6246282,7785
6.75,-1.3776683,7785
6.75,-1.158698,7785
6.75,0.81602824,7785
6.75,-1.5481935,7785
6.75,-0.066965386,7785
6.75,-2.6734962,7785
6.72,-1.0857868,7785
6.72,-0.39846352,7785
6.72,-0.5402999,7785
6.72,-0.08330162,7785
6.72,-0.79212326,7785
6.72,-0.0774249,7785
6.72,1.3256516,7785
6.72,-1.8351883,7785
6.72,-1.2335101,7785
6.72,1.8729024,7785
6.7,-2.24629,7785
6.7,1.2200612,7785
6.7,-1.7024806,7785
6.7,-0.22815947,7785
6.7,-1.7280034,7785
6.7,-1.1683342,7785
6.7,-1.2354416,7785
6.7,1.3711339,7785
6.68,-0.18624566,7785
6.68,1.3931605,7785
6.68,-0.17932197,7785
6.68,-1.7579505,7785
6.68,-1.8454732,7785
6.66,0.038660698,7785
6.66,-1.3765756,7785
6.66,-2.6583042,7785
6.66,-1.3993928,7785
6.64,0.6559859,7785
6.64,0.07849559,7785
6.64,-1.8198433,7785
6.6,1.8182801,7785
6.6,-2.0802963,7785
6.6,-1.6490955,7785
6.6,-0.38505226,7785
6.6,0.7427122,7785
6.58,2.1023133,7785
6.58,-0.20958392,7785
6.57,-3.082096,7785
6.57,1.9658642,7785
6.54,-2.5942903,7785
6.54,-0.9676579,7785
6.54,-0.38563517,7785
6.54,0.057141054,7785
6.54,-1.778794,7785
6.52,-2.416825,7785
6.52,1.4918673,7785
6.51,-2.941124,7785
6.51,-0.2004315,7785
6.51,-0.8502786,7785
6.48,-0.4035783,7785
6.48,-2.0268538,7785
6.47,0.33739486,7785
6.47,-1.3529929,7785
6.47,-2.0497062,7785
6.47,-1.2692832,7785
6.46,1.8182796,7785
6.44,-2.0319338,7785
6.43,-0.864277,7785
6.43,-0.00953773,7785
6.43,-0.85451204,7785
6.42,-3.6284819,7785
6.41,-0.9566052,7785
6.4,1.7098515,7785
6.4,-0.7229627,7785
6.4,-3.3310473,7785
6.39,-1.4156318,7785
6.38,-5.225249,7785
6.38,-1.8213241,7785
6.37,-0.9920405,7785
6.33,-2.3125062,7785
6.32,-0.59439725,7785
6.31,-0.57190937,7785
6.29,-3.1014836,7785
6.26,0.5863149,7785
6.25,-2.2970004,7785
6.25,-2.422338,7785
6.25,-0.30515426,7785
6.24,-4.1610746,7785
6.22,-2.5221524,7785
6.21,-2.5461876,7785
6.15,-0.17759022,7785
6.14,-1.8398104,7785
6.13,-0.8290607,7785
6.13,-2.1610727,7785
6.13,-0.6501022,7785
6.12,1.4364296,7785
6.12,-2.3733032,7785
6.09,-2.7324166,7785
6.06,-1.471549,7785
6.04,-5.072002,7785
6.03,-1.0857868,7785
6.03,-1.3079432,7785
6.0,-0.66099274,7785
5.6,-3.8640666,7785
5.58,-4.0273013,6841
5.01,-2.6657085,6841
9.0,1.4877086,5136
7.85,-0.69330364,5136
7.75,2.572101,5136
7.44,2.7559965,5136
7.25,2.1041963,5136
6.82,3.6449637,5136
6.75,-0.45463082,5136
6.72,1.1068274,5136
6.6,3.8143497,5136
6.44,-0.69330364,5136
6.4,1.6267173,5136
5.72,-1.4623293,5136
5.44,-1.9748986,5136
5.38,-4.2581816,5136
8.52,3.049434,12533
8.11,0.17827219,7977
7.82,1.7401482,7977
7.82,1.4907662,7977
7.39,2.5061138,7977
7.18,0.47268555,7977
7.1,-3.408257,7977
8.22,-2.6709788,11847
8.15,-5.3971076,11847
8.1,-3.3840034,11847
8.1,1.6393579,11847
8.05,-2.3893225,11847
8.0,-3.4071496,11847
8.0,-0.1323689,11847
7.8,-3.8709376,11847
7.66,-3.8709362,11847
7.62,-3.3840034,11847
7.58,-2.3893225,11847
7.4,-4.8645883,11847
7.36,1.6393579,11847
7.34,-2.896547,11847
7.17,-0.1323689,11847
6.72,-3.3949997,11847
6.54,-1.2830982,11847
6.32,-2.8680751,11847
6.17,-5.3807983,11847
5.04,-1.903796,13512
5.7,-5.6905627,5675
6.28,-3.5677686,4501
5.73,-3.9781663,4501
5.37,-5.2834396,4501
4.87,-6.755488,4501
6.85,-0.06055769,17603
5.4,-5.3888593,5623
5.36,-4.1639695,5623
5.1,-7.391864,5623
8.3,-0.47962424,570
8.1,-2.3651912,570
8.05,-3.5707397,570
7.85,-3.352983,570
7.82,-3.3313289,570
7.77,-5.960324,570
7.77,-3.6102624,570
7.7,-1.546805,570
7.68,-4.6007314,570
7.64,-3.3127851,570
7.62,-1.0076891,570
7.62,-6.745261,570
7.43,-1.4055388,570
7.42,-3.198594,570
7.41,-7.0663686,570
7.38,-4.0563273,570
7.16,-4.2853584,570
6.9,-2.443314,570
6.83,-4.1432343,570
6.76,-6.986886,570
6.68,-2.5821297,570
6.64,-3.37643,570
6.39,-5.3808208,570
6.31,-2.1046007,570
6.1,-4.1829095,570
6.01,-6.855336,570
5.78,-6.261403,570
5.6,-5.063215,570
9.27,3.1864552,10520
8.02,2.641493,10520
6.62,-0.8037486,14766
6.02,-0.1855224,14766
5.32,-7.0094647,14766
7.51,-1.2791429,2069
8.3,3.2440567,1697
7.34,1.2194936,1697
7.12,1.066967,1697
6.47,1.4882499,16650
6.43,-3.1321974,16650
6.37,1.5445911,16650
6.04,-3.546122,16650
5.99,-4.58664,16650
5.94,-3.826158,16650
5.91,1.7460154,16650
5.75,-3.7914047,16650
5.36,-1.8831146,16650
5.32,-1.0565407,16650
4.7,2.56338,16650
4.7,-1.4847007,16650
6.17,-2.4367108,16751
6.66,-2.4214108,12363
6.08,-2.2602882,12363
5.61,-1.9152544,12363
5.5,-4.3432508,12363
5.47,-5.1206656,12363
5.36,-1.2008729,12363
5.24,-2.5149746,12363
5.24,-2.5341163,12363
5.13,-2.2914188,12363
5.11,-0.4360413,12363
5.03,-4.5807543,12363
5.02,-3.7267272,12363
4.97,-1.1014936,12363
4.94,-0.92727923,12363
4.92,-2.7596657,12363
4.88,-5.406318,12363
4.65,-2.2379293,12363
4.64,-1.815337,12363
4.62,-1.1883998,12363
4.59,-2.066819,12363
8.2,0.20894101,13900
7.87,2.912181,13900
7.4,-2.1436667,13900
6.65,-3.9137983,13900
5.71,-1.2183435,13900
5.1,-0.8655469,13900
7.92,2.9161415,12146
4.96,-2.7557137,14869
7.97,2.7465637,14590
6.37,-1.14009,14590
5.11,-5.89812,4527
4.04,-2.6201947,4527
8.2,1.1174448,3059
8.1,-2.1037447,3059
8.1,-2.593885,3059
7.8,-1.6791764,3059
7.6,2.0779607,3059
7.6,-3.1302836,3059
7.5,-1.5584852,3059
7.4,-2.697215,3059
7.4,-3.4101593,3059
7.2,-6.2027287,3059
7.0,-7.4809093,3059
6.9,-4.882208,3059
6.8,0.5189762,3059
6.8,-2.9778783,3059
6.7,0.6603599,3059
6.6,-7.5448704,3059
6.6,-0.16886859,3059
6.6,-4.123655,3059
6.5,-5.9526167,3059
6.5,2.0088587,3059
6.5,-1.1300414,3059
6.4,-2.465924,3059
6.3,-4.742264,3059
6.3,-4.0351806,3059
6.2,-2.3787978,3059
6.2,-1.2509003,3059
6.0,-6.9482617,3059
6.0,-8.03476,3059
5.8,-4.6805887,3059
5.7,-7.617525,3059
5.7,0.3175022,3059
5.5,-2.6399877,3059
5.5,-3.7841876,3059
5.4,-5.782431,3059
5.4,-3.9454486,3059
5.4,-2.6632934,3059
4.6,-0.88493156,3059
8.6,3.7276797,13136
8.47,1.2409011,13136
6.89,-3.4046142,8621
4.89,1.6750944,11830
9.52,3.5077584,2794
9.4,0.7612072,2794
9.22,1.74187,2794
9.0,0.035272084,2794
8.89,2.1681705,2794
8.89,-0.0967872,2794
8.89,-1.3468418,2794
8.89,1.8334643,2794
8.8,-0.37450406,2794
8.7,-0.24104486,2794
8.6,-3.5204053,2794
7.89,-3.1242177,2794
6.5,-5.570949,202
6.47,-4.116181,202
6.27,-4.6351132,202
5.76,-6.1485476,202
5.66,-2.4664176,202
5.54,-5.2626443,202
5.14,-5.3483295,202
5.03,-5.2357826,202
4.95,-5.2912793,202
4.82,-3.8234632,127
6.96,-1.0226338,4361
6.45,-2.9063983,16147
6.4,-2.6701772,16147
6.4,-3.306275,16147
6.17,-1.9123596,16147
6.16,-2.9781163,16147
5.89,-2.7864883,16147
5.06,-3.326509,16147
4.96,-4.814582,16147
4.84,-6.4941735,16147
4.71,-5.6652827,16147
4.7,-3.724503,16147
4.77,0.32566744,15745
7.92,2.9133573,11078
7.72,1.5415738,11078
7.68,1.0394017,11078
7.68,-0.019007333,11078
7.52,0.77757114,11078
7.37,2.099973,11078
8.41,2.1017263,9032
8.35,5.377704,9032
7.63,0.0354252,9032
7.6,-0.49987903,9032
7.58,0.2990465,9032
7.53,2.486687,9032
7.42,2.8281448,9032
7.41,1.1160854,9032
7.32,0.7727056,9032
7.1,-0.45096278,9032
6.87,-3.9345152,9032
6.8,0.32789752,9032
6.31,1.6057708,9032
6.6,-4.1177025,6776
5.96,-3.2787905,6776
5.75,-2.2838326,6776
5.72,-5.817525,6776
5.66,-4.884644,6776
5.58,-5.116139,6776
5.54,-2.805794,6776
5.5,-2.7493722,6776
5.5,-4.9143724,6776
5.5,-4.534746,6776
5.48,-5.848394,6776
5.46,-7.1860375,6776
5.42,-6.5665956,6776
5.42,-6.7750382,6776
5.41,0.0365983,6776
5.41,-5.313117,6776
5.24,-6.183614,6776
5.18,-5.7207384,6776
4.98,0.6620538,6776
4.97,-6.5110884,6776
4.58,-7.592739,6776
5.01,-6.7100267,17522
9.0,2.0077891,10102
9.0,1.894648,10102
8.7,0.5580871,10102
8.4,-3.5472844,10102
8.3,3.2219167,10102
8.22,3.4890816,10102
8.05,2.1200538,10102
7.77,4.5515027,10102
7.43,-1.3123122,10102
7.42,-1.9292285,10102
7.16,3.970503,10102
6.91,-1.918675,10102
6.55,-1.2703569,10102
7.92,0.11926323,15777
7.14,3.259669,4591
8.45,-0.87119615,11080
8.41,0.593408,11080
8.37,-0.46083906,11080
8.29,1.1997157,11080
8.24,-0.31828922,11080
8.24,3.03577,11080
8.23,0.10838735,11080
8.16,-0.5017848,11080
8.15,2.4075327,11080
8.14,2.1196704,11080
8.14,0.593408,11080
8.1,0.9842166,11080
8.03,0.22952051,11080
8.03,-1.0257503,11080
8.0,1.4520564,11080
7.99,0.5156214,11080
7.99,-0.66705185,11080
7.86,1.914174,11080
7.8,-0.5426408,11080
7.76,-0.53713655,11080
7.75,-0.1624637,11080
7.7,0.85488355,11080
7.68,0.53704494,11080
7.67,-0.5585158,11080
7.67,0.5719441,11080
7.57,-3.4833992,11080
7.52,-0.8711151,11080
7.46,0.3872624,11080
7.42,0.917138,11080
7.39,-0.23231108,11080
7.28,-0.5361576,11080
7.28,-3.2260246,11080
6.91,0.04255155,11080
6.9,-1.2888243,11080
6.9,0.92692,11080
6.75,0.1785447,11080
6.54,2.374114,11080
6.46,-1.8029386,11080
6.05,-2.4373531,11080
5.92,-0.9428776,11080
7.03,2.3579166,12784
6.81,0.6663611,12784
6.73,1.9419767,12784
6.61,2.6221476,12784
6.6,2.775286,12784
6.59,3.715251,12784
6.34,1.8097119,15073
6.54,-5.9332004,1213
4.22,-6.231166,1213
4.14,-5.1028466,1213
4.13,-5.4069276,1213
4.16,-10.248691,15784
7.77,-2.7954345,16959
7.77,-1.071695,16959
7.72,-3.81586,16959
7.62,-3.2154624,16959
7.6,-3.6883423,16959
7.47,1.1501092,16959
7.44,-2.555082,16959
7.43,-0.053684514,16959
7.43,-2.488811,16959
7.37,-5.8257093,16959
7.33,-6.2515726,16959
7.33,-4.2696805,16959
7.28,-2.4306579,16959
7.11,-7.808886,16959
7.1,-3.3516278,16959
7.05,-2.418246,16959
6.92,-3.2516,16959
6.89,-6.303049,16959
6.85,-6.0347853,16959
6.7,-1.3959852,16959
6.58,-3.9765217,16959
6.42,-3.1511095,16959
6.41,-4.670944,16959
6.14,-7.283321,16959
5.96,-1.2009275,16959
5.96,-6.1613517,16959
5.72,-1.9604023,16959
5.72,-3.752955,16959
5.36,-4.9023767,16959
5.28,-0.83303845,16959
7.47,-0.89129287,17258
6.96,0.08677265,17258
6.82,-0.122458264,17258
6.61,1.0926164,17258
6.49,-1.0537062,17258
9.51,3.1170545,4748
9.19,3.662761,4748
9.16,4.147328,4748
9.12,3.6747925,4748
8.57,4.202485,4748
8.4,3.217841,4748
8.17,0.9901339,4748
8.15,4.616688,4748
7.8,2.297401,4748
7.54,2.3681705,4748
7.38,0.73214537,4748
7.07,1.2641029,4748
6.92,1.5929458,4748
6.7,1.9350903,4748
6.67,1.1113517,4748
6.57,-1.0978302,4748
9.24,-2.1799407,2595
9.22,-3.6360564,2595
9.07,-2.7484887,2595
9.0,-3.1923006,2595
8.85,-4.962828,2595
8.62,-5.4985504,2595
8.0,-1.9542786,2595
7.8,-0.07765317,2595
7.7,-4.446229,2595
7.48,-0.31719682,2595
7.4,-2.0890515,2595
7.17,-4.5142236,2595
7.15,-1.6197212,2595
6.85,-1.7862688,2595
6.82,-1.4150362,2595
6.75,-3.3738992,2595
7.19,3.407648,14903
7.4,-4.968854,9600
5.07,-2.4527533,13725
7.39,-4.8858747,13390
6.65,-2.7694864,13390
6.54,0.34035578,13390
6.5,4.771402,13390
6.33,2.873209,13390
6.33,1.8291788,13390
6.05,-1.4753628,13390
5.99,5.3764076,13390
5.91,1.1768458,13390
5.9,-0.95043975,13390
5.85,-0.7590732,13390
5.74,4.1069984,13390
5.71,-4.1890783,13390
5.67,2.6521733,13390
5.52,0.44040057,13390
5.34,1.2235839,13390
5.26,-6.527213,13390
5.25,3.0403197,13390
5.24,1.5477678,13390
5.05,-0.03212161,13390
10.57,3.2006385,12831
10.43,1.5836658,12831
10.43,-0.5689521,12831
10.28,1.0021474,12831
10.21,0.6298225,12831
10.17,-0.5689521,12831
10.03,1.1066937,12831
9.96,0.16330989,12831
9.89,1.0395511,12831
9.8,1.5403651,12831
9.8,2.0948515,12831
9.7,1.266211,12831
9.66,4.5436773,12831
9.6,0.8746056,12831
9.59,-0.68208116,12831
9.54,0.8734776,12831
9.52,1.3201956,12831
9.34,0.6235681,12831
9.23,0.29163492,12831
9.16,0.14997263,12831
9.06,-0.07372281,12831
8.36,-0.8377891,12831
8.11,-1.507935,12831
8.08,-1.6191121,12831
7.94,1.3468502,12831
7.85,-1.962048,12831
7.19,-3.228114,12831
9.1,5.272645,1835
8.8,4.247396,1835
4.98,3.5490248,16590
4.07,-10.589934,17339
4.02,-9.942138,17339
5.08,0.03206842,368
5.8,-2.1302354,3139
5.43,-5.5148363,3139
9.24,2.5829995,2249
8.67,1.3733537,2249
8.65,4.1195693,2249
8.62,3.5770695,2249
8.6,4.8161054,2249
8.55,1.5509093,2249
8.55,2.330877,2249
8.53,3.0669553,2249
8.52,3.3993678,2249
8.52,4.5831933,2249
8.49,3.9718432,2249
8.48,2.0390277,2249
8.46,4.470658,2249
8.45,2.0693827,2249
8.42,4.049614,2249
8.41,3.5522323,2249
8.4,2.85859,2249
8.4,0.8422295,2249
8.4,1.1277173,2249
8.4,3.2814343,2249
8.39,3.5456,2249
8.38,3.8341734,2249
8.36,3.5953028,2249
8.35,3.967956,2249
8.35,3.6964028,2249
8.29,3.3651888,2249
8.27,0.9770721,2249
8.24,1.9065974,2249
8.18,1.1277981,2249
8.0,4.424112,2249
7.81,5.716146,2249
7.76,0.14663167,2249
7.4,3.5607288,2249
7.26,-1.8689679,2249
7.17,2.994836,2249
7.07,1.60579,2249
7.02,2.7052608,2249
6.99,1.0674614,2249
8.1,-1.4523457,4228
7.85,-0.08109714,4228
7.6,0.5149083,4228
7.48,-0.9714879,4228
7.44,-0.025638591,4228
7.27,1.5370388,4228
7.17,-2.0819983,4228
6.96,3.0486777,4228
6.96,-6.7356915,4228
6.58,-4.356518,4228
6.1,-4.0414314,4228
5.92,-4.190896,4228
5.8,-2.5211854,4228
5.7,-1.908521,4228
5.66,-6.872857,4228
5.42,-0.008897569,4228
5.4,-3.843417,4228
8.0,3.6170304,7236
9.82,8.314074,12763
9.52,8.766649,12763
9.0,6.351599,12763
8.85,5.856789,12763
8.85,5.2173343,12763
8.36,4.3256497,12763
7.01,-0.1324633,12763
8.52,-0.61232114,6881
8.1,0.3798811,6881
8.0,-0.0016095974,6881
7.85,1.7217224,6881
7.85,-1.062399,6881
7.68,-1.3843311,6881
7.11,2.9710248,6881
6.92,-1.2076746,6881
6.92,0.98584354,6881
6.7,-0.44897258,6881
6.6,-0.66718894,6881
6.54,-0.7900213,6881
6.48,-1.2792664,6881
6.21,-0.27953523,6881
6.16,-1.2476915,6881
6.15,-3.158678,6881
6.02,-4.4834065,6881
5.92,-1.4950819,6881
5.89,-2.7075822,6881
5.89,0.27986577,6881
5.85,-2.1199505,6881
5.82,-1.187232,6881
5.5,-2.5196466,6881
5.21,-2.6023645,6881
7.66,4.4005017,1915
7.57,3.7124343,1915
7.04,3.0316095,1915
7.03,3.156608,1915
7.0,3.976991,1915
6.94,3.517312,1915
6.85,4.8019886,1915
6.72,5.225338,1915
6.64,1.9898982,1915
6.41,-0.54982907,1915
6.37,5.051147,1915
6.23,2.1269135,1915
6.09,1.9482975,1915
6.01,3.1670933,1915
6.0,4.670722,1915
6.27,2.191492,7210
6.21,-0.25300273,7210
5.32,1.279962,7210
6.03,1.3566604,13344
7.55,2.480911,14618
5.8,-2.4331918,8352
5.11,-5.425243,8352
8.1,4.048273,15920
7.96,3.530554,15920
7.96,2.8903255,15920
7.89,1.6325784,15920
7.8,5.279197,15920
7.77,3.3996346,15920
7.77,5.1902227,15920
7.75,5.7648687,15920
7.66,4.0283284,15920
7.64,4.110899,15920
7.54,2.7229478,15920
7.47,0.08029032,15920
7.44,0.7156208,15920
7.4,2.0557415,15920
7.31,1.8261199,15920
7.28,-1.04787,15920
7.24,4.4891195,15920
7.24,1.560668,15920
7.18,2.682297,15920
7.18,5.190828,15920
7.15,2.6951995,15920
7.12,1.4584699,15920
7.11,2.304751,15920
7.1,1.1974882,15920
7.1,-1.5921696,15920
6.96,-1.578357,15920
6.92,1.2542015,15920
6.75,3.1448758,15920
6.72,3.4168096,15920
6.57,-1.1170553,15920
6.57,-2.7297454,15920
6.46,1.3381689,15920
5.92,-1.8820918,15920
8.22,7.620471,8207
8.17,0.4793692,8207
8.15,3.9493022,8207
8.15,6.161588,8207
8.14,4.2914586,8207
8.01,6.07991,8207
7.98,7.9742484,8207
7.92,1.7118021,8207
7.74,1.1469994,8207
7.67,0.74731266,8207
7.56,-2.2179298,8207
7.48,6.4342093,8207
7.42,1.6331037,8207
7.4,0.36378226,8207
7.17,-1.9408213,8207
6.96,-2.3190303,8207
6.53,-0.3225103,14808
8.3,-0.4482325,13460
7.75,1.7767026,13460
7.72,-1.4171305,13460
7.26,1.1759574,13460
6.84,1.8702221,13460
6.82,1.2702826,13460
6.27,-0.18593013,13460
6.03,-0.96048105,13460
5.52,1.2410812,13460
5.0,-2.38507,16065
5.16,-5.996512,2497
7.27,3.583211,17249
7.14,3.6619,17249
7.82,-0.15030617,14248
7.8,0.1631797,14248
7.8,0.090719275,14248
7.52,-4.2824144,14248
7.3,-2.1922567,14248
7.22,-4.492886,14248
6.85,-4.888087,14248
6.58,-3.898946,14248
6.46,-6.6591034,14248
6.19,-3.6369169,14248
5.66,-3.1591368,14248
5.58,0.71928465,14248
5.5,-2.3529377,14248
9.33,4.4851885,14843
7.12,0.10008381,10292
7.1,2.1398404,10292
6.83,-0.22509287,10292
6.66,-3.66968,10292
6.47,2.9186816,10292
6.22,-4.2278137,10292
5.91,-5.921371,10292
5.85,-4.187327,10292
5.78,-3.9607508,10292
5.68,-3.5608432,10292
5.0,-4.400673,10292
4.72,-4.2773376,10292
7.89,1.481618,12016
7.04,-3.4002368,12016
6.99,-4.0376697,12016
6.95,-0.51973844,12016
6.92,-3.1958055,12016
6.88,-2.7086616,12016
6.87,-0.5109447,12016
6.79,-1.7890549,12016
6.69,-2.6103358,12016
6.65,-2.7708464,12016
6.61,-1.096402,12016
6.55,-3.3930979,12016
6.5,-1.4270802,12016
6.44,-0.5963944,12016
6.41,-2.3886845,12016
6.39,-3.4626667,12016
6.17,-2.690444,12016
6.13,-6.108784,12016
6.03,-2.3656006,12016
5.97,-2.6173189,12016
5.47,-2.7893448,12016
5.41,-1.2254076,12016
5.32,4.097136,12016
8.1,5.024352,10208
9.8,8.851537,5343
8.15,3.2759566,5343
8.05,2.2502604,5343
7.6,-0.62802637,5343
7.5,-0.18236247,5343
7.4,-1.7938498,5343
7.08,0.5235443,5343
7.07,-0.6282639,5343
6.92,1.321388,5343
6.89,-0.9655763,5343
6.83,-0.22984852,5343
6.8,-0.7792103,5343
9.48,4.3528314,8048
9.35,3.2235653,8048
9.28,0.7272049,8048
9.09,5.2931514,8048
8.96,1.876514,8048
8.89,3.2235653,8048
8.7,4.3528314,8048
8.68,1.876514,8048
8.57,1.5612642,8048
8.49,3.885313,8048
8.49,4.0530424,8048
8.23,4.0530424,8048
8.23,1.5612642,8048
7.96,5.2931514,8048
7.89,4.842334,8048
7.37,3.3501422,8048
7.27,4.842334,8048
7.25,2.4172077,8048
7.22,0.7272049,8048
7.17,2.4172077,8048
7.08,3.885313,8048
6.13,4.911826,8048
6.0,4.911826,8048
6.58,-0.6324161,8151
5.49,-4.74078,8922
8.19,-0.93219006,8256
5.38,-1.722198,12721
5.72,-7.1755834,707
5.49,-3.4865952,707
5.48,-4.1512804,707
5.46,-4.427992,707
9.82,1.5599961,8200
8.21,-4.167928,8200
7.94,3.9156294,8200
7.49,4.389369,8200
7.08,2.0509913,8200
7.02,0.5092879,8200
6.89,2.9240687,8200
7.36,1.4633698,14195
6.64,0.34335908,14195
6.5,-5.4475417,14195
6.46,1.5575167,14195
6.34,0.26012993,14195
6.34,3.7579381,14195
6.19,-0.5784575,14195
6.17,-1.0367959,14195
6.13,-0.13871993,14195
6.11,1.6402162,14195
4.41,-7.7520304,5068
7.75,4.2788067,5643
6.77,-1.7808118,5643
5.22,-6.8994727,5643
9.15,3.9138653,9874
7.87,0.06483434,9874
7.82,-0.7828597,9874
7.77,-2.228871,9874
7.67,-0.9853569,9874
7.66,-1.2529626,9874
7.61,-0.75868505,9874
7.09,2.3661306,9874
7.02,0.79983085,9874
7.01,3.0442255,9874
7.0,6.5082307,9874
6.75,3.370415,17711
6.23,-0.6768394,17711
8.49,-0.45090294,13013
5.89,-5.901263,13013
5.63,-6.469863,13013
4.7,-4.8903904,13013
4.7,-6.9899917,13013
7.2,-6.4832478,14487
9.3,4.6630874,13274
9.3,5.462472,13274
9.3,5.23002,13274
9.2,4.391186,13274
9.2,5.0780425,13274
9.2,4.9136195,13274
9.2,3.6803646,13274
9.2,4.401139,13274
9.2,5.098175,13274
9.1,3.2536473,13274
9.1,4.4293094,13274
9.1,6.303218,13274
9.1,2.642638,13274
9.1,4.096472,13274
9.0,2.4271998,13274
9.0,4.614269,13274
9.0,3.7806761,13274
8.9,6.1113205,13274
8.9,5.6409473,13274
8.9,6.2893023,13274
8.9,2.0827315,13274
8.8,5.675669,13274
8.8,3.2512252,13274
8.7,7.3215117,13274
8.5,4.296924,13274
8.4,3.9992816,13274
8.3,6.3286214,13274
8.2,5.8414526,13274
8.2,4.2777963,13274
8.0,3.9432662,13274
7.8,4.494107,13274
7.8,6.2235007,13274
7.6,6.026923,13274
7.6,4.2286305,13274
7.6,4.072873,13274
7.3,3.4656806,13274
7.3,5.3294177,13274
7.3,3.0344546,13274
6.8,4.3141866,13274
6.8,4.7312856,13274
6.8,4.876862,13274
6.8,1.1319742,13274
6.5,3.77533,13274
7.6,1.440791,1158
4.73,0.4221063,4433
5.4,-2.5270658,1556
5.75,-2.5682294,9911
8.15,2.4166534,156
8.1,3.218781,156
8.1,3.1030025,156
8.05,1.3066941,156
7.96,0.98954296,156
7.92,1.8151546,156
7.75,3.9390352,156
7.7,-0.33099306,156
7.55,-1.152617,156
7.27,-0.39567417,156
6.79,-0.98001826,156
4.91,-5.5983357,4134
4.03,-4.388461,4134
4.48,-4.617242,939
7.0,2.5218413,13564
8.8,3.7083037,348
8.74,3.8631716,348
8.68,2.7531462,348
7.44,0.43377084,348
7.33,-1.8164036,348
7.24,0.17661469,348
7.22,-1.7472665,348
5.9,-3.2303176,348
8.3,0.22635972,13655
6.72,1.5781301,11214
8.0,4.2533917,2152
7.34,-2.6082735,2974
7.12,-3.2435656,2974
6.33,-1.7883155,2974
9.64,4.6640882,6299
9.54,5.659826,6299
9.43,7.3942747,6299
9.4,4.8155475,6299
9.39,2.9304228,6299
9.29,5.796994,6299
9.29,4.595589,6299
9.24,5.785249,6299
9.19,6.321196,6299
9.11,6.3271337,6299
9.07,6.3271337,6299
9.07,5.256505,6299
9.0,6.105977,6299
8.92,5.563154,6299
8.89,5.3045793,6299
8.8,5.678755,6299
8.72,3.9066203,6299
8.72,4.2820745,6299
5.0,-4.464528,7482
9.52,3.6383421,14060
8.96,5.480042,14060
7.97,1.5179281,14060
6.7,2.48439,2094
4.46,-2.0448759,2496
6.3,-5.224337,6961
6.22,-4.5154767,6961
5.85,-4.8265457,6961
4.8,-4.082318,6961
6.47,-6.450891,1154
8.7,4.5305924,17193
8.7,-5.6005597,17193
8.7,-0.5236426,17193
8.7,-2.197789,17193
8.4,-3.6647253,17193
8.3,3.8835666,17193
8.22,-1.7118859,17193
8.22,-0.35591888,17193
8.1,4.2020187,17193
8.1,-3.849391,17193
8.05,1.5237751,17193
7.96,-5.861967,17193
7.96,2.4777966,17193
7.92,4.101604,17193
7.92,-1.9910328,17193
7.92,-2.6066463,17193
7.92,-3.6309369,17193
7.92,-6.2079163,17193
7.92,-4.17871,17193
7.89,-0.87420785,17193
7.85,1.0017973,17193
7.85,-0.84998506,17193
7.77,-3.4893742,17193
7.77,1.7645929,17193
7.77,-1.3658849,17193
7.68,-5.832556,17193
7.68,1.9897987,17193
7.66,-2.7320766,17193
7.57,3.2717435,17193
7.55,-3.0510495,17193
7.51,1.6413951,17193
7.51,3.138273,17193
7.47,3.250386,17193
7.46,-4.159452,17193
7.21,-6.5617766,17193
7.21,4.156568,17193
7.16,-4.1658673,17193
7.14,-3.1414554,17193
7.07,-1.8095744,17193
7.0,5.7668576,17193
7.0,-4.646018,17193
6.89,0.32913902,17193
6.89,2.1175492,17193
6.72,3.5379245,17193
6.6,-2.8234794,17193
6.52,0.101993635,17193
6.16,-1.5023131,17193
5.52,1.9580919,9784
5.26,-0.052451458,637
7.4,2.3558161,13249
7.89,-1.1347258,7671
7.76,-0.3545011,7671
7.74,0.47698814,7671
7.68,-1.77522,7671
7.33,1.4118028,7671
7.27,-1.5118172,7671
7.26,2.0709248,7671
7.13,2.4291627,7671
7.11,0.16189817,7671
6.97,0.27486068,7671
6.95,0.3953656,7671
6.93,-1.5166872,7671
6.92,1.9235749,7671
6.92,-3.5651543,7671
6.91,0.85512304,7671
6.83,1.656501,7671
6.65,-0.014309511,7671
8.59,2.9493477,10499
8.29,6.307764,10499
8.17,3.4580805,10499
8.14,4.649457,10499
7.59,2.5572867,10499
7.42,3.9295304,10499
7.12,4.733576,10499
7.3,0.53073466,16089
7.05,0.2644836,16089
6.02,-1.624631,11404
4.89,-4.0414777,11404
4.8,-6.181348,11404
5.0,-8.004266,15374
5.0,-6.854738,15374
4.3,-5.8489375,15374
4.17,-1.0192313,15374
5.96,1.5234036,1790
8.4,-2.5737004,6281
8.3,-5.2451115,6281
8.3,-4.3671465,6281
8.22,-1.7566795,6281
8.15,-3.1311605,6281
8.05,1.474836,6281
8.05,-2.9114785,6281
7.96,-4.5878534,6281
7.96,-3.4787707,6281
7.89,0.36754394,6281
7.72,-3.3189855,6281
7.72,-4.7651277,6281
7.57,-3.6128263,6281
7.44,-6.761096,6281
7.42,1.3616545,6281
7.36,-3.4369774,6281
7.36,1.8293917,6281
7.33,-3.783882,6281
7.17,-1.4826152,6281
7.13,-3.1916208,6281
7.0,-1.0138576,6281
6.96,-5.2385297,6281
6.89,-3.332343,6281
6.84,-3.792016,6281
6.36,-2.5479164,6281
5.56,1.5228429,6281
5.35,-0.5608832,6281
5.32,0.8141117,6281
5.22,3.787247,6281
5.05,0.39254382,6281
5.0,0.36897257,6281
4.92,0.9717686,6281
4.83,0.64130485,6281
4.82,0.55072856,6281
4.76,-4.195628,6281
4.74,1.3298997,6281
4.7,-2.4505882,6281
8.38,0.2479719,6520
8.31,3.0023475,6520
8.03,1.6169038,6520
8.0,1.1127486,15471
7.58,-0.17407244,15471
7.52,1.1127483,15471
7.22,-0.013045087,15471
6.48,-3.2642157,15471
6.3,1.1127484,15471
6.17,-3.167296,15471
6.15,-3.882491,15471
6.09,-2.1497028,15471
5.66,-2.594751,15471
5.6,-4.5406327,15471
5.36,-6.324647,15471
8.7,3.0350444,2002
6.76,3.3683486,16349
8.1,5.500963,5455
8.1,-4.8058515,5455
7.89,5.3062167,5455
7.18,6.6695986,5455
6.52,3.7588682,5455
5.48,-1.0618474,16613
5.16,-6.4176474,15368
5.09,-6.4536014,15368
4.88,-8.92001,15368
4.82,-5.2470803,15368
4.79,-5.714584,15368
4.77,-8.314253,15368
4.72,-6.224098,15368
4.65,-4.7702312,15368
4.19,-6.400092,15368
4.18,-2.4631999,15368
4.04,-7.187744,15368
4.04,-6.274458,15368
4.03,-8.8732,15368
7.51,2.140915,171
9.05,3.568697,6622
9.42,3.3154683,16854
9.39,4.65358,16854
9.19,6.1438384,16854
9.18,3.2050157,16854
8.98,6.3624167,16854
8.09,4.198458,16854
8.05,4.6956506,16854
8.03,0.08389718,16854
7.8,1.1759013,16854
7.77,0.66703045,16854
7.7,1.5004588,16854
7.49,-1.7819589,16854
7.32,-1.2973533,16854
7.29,-2.9404497,16854
8.37,4.087049,3944
9.23,2.7158897,8046
8.97,4.621172,8046
8.79,4.2720695,8046
8.44,1.9816397,8046
8.38,1.7655193,8046
8.33,1.0971576,8046
8.25,0.06619914,8046
8.11,2.4294105,8046
8.11,-1.4161763,8046
8.11,-0.07059112,8046
7.75,-0.1955069,8046
7.5,1.5249062,8046
7.46,0.7170001,8046
7.36,3.7925668,8046
7.33,2.405238,8046
7.19,-2.3833323,8046
7.16,-0.055132892,8046
7.07,3.2109504,8046
7.03,-2.2390041,8046
7.0,1.2747285,8046
6.79,0.5854679,8046
6.73,0.2024192,8046
6.66,0.07579917,8046
6.28,-1.2690104,8046
6.22,-2.9150393,8046
5.35,3.2049778,8046
4.73,-0.00041895732,8046
5.75,-2.9033709,3487
5.62,-7.2564883,3487
5.47,-5.8447723,3487
5.46,-4.074727,3487
5.25,-8.788497,3487
5.12,-3.7153502,3487
5.09,-6.28031,3487
7.17,1.5821456,5788
7.06,0.8455917,5788
6.92,-0.528817,5788
9.52,7.756356,22
8.7,4.919756,22
8.7,5.7385745,22
8.52,5.436357,22
8.52,0.78041553,22
8.4,2.6999843,22
8.1,4.671838,22
7.8,1.3891119,22
7.4,5.3844275,22
7.4,-0.08434531,22
7.4,2.6781323,22
7.3,5.374685,22
7.0,3.6287467,22
6.92,-1.1227561,22
6.64,0.47805688,22
6.35,2.3992693,22
6.0,-4.2674375,22
6.0,-3.726712,22
4.99,-8.036911,150
7.92,-1.3311571,16122
7.72,-2.5365357,16122
7.72,-4.788282,16122
7.62,-3.832019,16122
7.6,-4.498167,16122
7.57,-1.9521017,16122
7.55,-6.890249,16122
7.52,-6.46814,16122
7.5,-5.134394,16122
7.46,-6.4729853,16122
7.38,-3.1973183,16122
7.37,-5.92884,16122
7.33,1.7215936,16122
7.09,-5.7320633,16122
6.97,-5.1714573,16122
6.96,-3.6071353,16122
6.94,-4.5506744,16122
6.91,-2.999537,16122
6.72,-2.69736,16122
6.67,-2.6832998,16122
6.62,-4.7674074,16122
5.4,-2.4632676,16122
5.03,-5.6635437,16122
7.92,-1.762718,13817
7.92,0.45611,13817
7.48,2.6811156,13817
6.1,2.254514,13817
5.85,0.77698475,13817
5.8,-1.4488277,13817
5.57,0.9257676,13817
9.15,2.1411195,8378
9.1,1.2380989,8378
8.72,1.5961225,8378
8.7,5.5589666,8378
8.66,0.88763505,8378
8.59,3.03297,8378
8.57,1.9305254,8378
8.36,2.2313588,8378
8.19,-1.3226058,8378
8.18,1.3147169,8378
7.92,-1.1964288,8378
7.89,-1.4368277,8378
7.82,-1.0664552,8378
7.75,-1.0380087,8378
7.39,-2.3978322,8378
7.19,-0.15907843,8378
7.01,0.3380279,8378
6.59,-5.6534657,8378
6.04,-3.1639276,8378
5.91,-1.8810074,8378
5.21,-3.6023977,8378
8.92,1.5309081,13239
8.22,0.65529287,13239
7.79,-1.4707788,13239
7.53,2.9334328,13239
7.51,1.8239101,13239
7.48,-3.7052476,13239
7.47,0.43285292,13239
7.41,3.4035642,13239
7.29,3.3287625,13239
7.05,3.5524447,13239
6.98,-0.37645495,13239
6.96,1.2317363,13239
4.85,0.006332848,13239
7.06,-2.640954,3689
5.88,1.0461879,3689
6.3,-0.36337522,17708
6.16,1.0916225,17708
6.06,-7.881455,17708
6.02,-0.099015474,17708
5.96,-3.0233219,17708
5.92,2.1098697,17708
5.89,-0.36804926,17708
5.8,1.6635813,17708
5.72,-1.7403315,17708
5.64,-0.8476639,17708
5.58,-1.986903,17708
5.58,-2.4647136,17708
5.58,-4.022474,17708
5.57,-4.9512367,17708
5.54,-9.23634,17708
5.51,-3.3675234,17708
5.51,-7.989774,17708
5.44,-3.3932846,17708
5.33,-7.9669795,17708
5.21,-2.1067803,17708
5.18,-7.3462443,17708
5.17,-2.5067868,17708
5.16,-9.124525,17708
5.08,-6.5523605,17708
4.9,-8.235872,17708
4.87,-6.572787,17708
4.82,-6.7676764,17708
4.77,0.7628173,17708
4.77,-6.885929,17708
4.76,-7.483123,17708
4.74,-3.0856888,17708
4.38,-1.388232,17708
4.35,-7.066817,17708
4.34,-4.8683248,17708
7.16,0.8114293,9170
6.69,-2.392186,9170
5.66,-2.269193,9170
5.65,-2.2597344,9170
7.62,0.023554899,15176
7.46,-2.3441243,15176
6.7,-1.0166174,15176
6.62,1.2305627,15176
6.55,1.1183459,15176
6.52,0.22745326,15176
6.52,-1.6764929,15176
6.4,-1.794133,15176
6.4,-1.6439478,15176
6.22,-1.5324663,15176
6.19,-1.9899364,15176
6.05,-3.0095978,15176
6.0,-2.376118,15176
5.89,-3.3416266,15176
5.89,-6.9773374,15176
5.85,-8.275437,15176
5.85,-1.401759,15176
5.8,-1.533177,15176
5.7,-1.0042374,15176
5.64,-2.0875397,15176
5.6,-3.5052156,15176
5.52,-7.912539,15176
5.52,-2.4900668,15176
5.52,-5.8773837,15176
5.48,-5.8041487,15176
5.42,-2.482046,15176
5.37,-1.6399426,15176
5.21,-8.33756,15176
5.19,-5.07359,15176
5.16,-6.746817,15176
4.7,-5.214418,15176
4.64,-4.911914,15176
4.46,-1.1672698,15176
4.4,-4.381338,15176
4.37,-3.7534158,15176
4.22,-3.763711,15176
4.16,-7.509173,15176
4.1,-2.7336264,15176
5.64,-5.5648265,8412
5.33,-5.617077,8412
5.26,-3.2967436,8412
4.74,-1.6118255,8412
4.7,-7.2925177,8412
4.47,-1.3451275,8412
4.37,-6.366694,8412
6.4,-3.5201304,5020
4.52,-6.7601976,4023
7.96,2.4006264,9093
8.77,6.6893053,12303
8.26,2.7223134,9457
7.16,-1.284437,9457
6.04,-0.08565736,7888
5.9,3.6213484,7888
5.84,-1.9442004,7888
5.69,-0.6464427,7888
5.68,1.3934352,7888
5.62,2.9572225,7888
8.0,1.0637703,5186
5.5,-3.6393008,224
10.22,6.7526584,7691
10.0,7.1889124,7691
9.96,5.2722135,7691
9.7,2.7546012,7691
9.7,5.866909,7691
9.59,1.553385,7691
9.4,5.0592732,7691
9.36,5.2486367,7691
9.3,2.5306003,7691
9.3,5.8168254,7691
9.3,-0.26859382,7691
9.22,3.187875,7691
9.22,2.7180843,7691
9.22,3.5017948,7691
9.22,-0.3971766,7691
9.15,6.7087264,7691
9.15,1.9886639,7691
9.15,3.0455337,7691
9.14,5.4815474,7691
9.1,4.670387,7691
9.1,3.8853116,7691
9.1,5.494865,7691
9.1,-0.43624792,7691
9.1,1.1801759,7691
9.1,2.1502545,7691
9.1,1.5237056,7691
9.1,-2.5831847,7691
9.05,5.9636064,7691
9.05,2.8697941,7691
9.05,1.2585243,7691
9.05,4.2908382,7691
9.05,-1.4897927,7691
9.05,1.432217,7691
9.05,5.083604,7691
9.05,7.092429,7691
9.0,3.5941536,7691
9.0,1.947216,7691
9.0,-0.083140105,7691
9.0,-0.8642319,7691
9.0,4.469796,7691
9.0,-0.024683569,7691
8.96,2.9300125,7691
8.96,3.8273835,7691
8.96,1.7576562,7691
8.96,1.360306,7691
8.96,-0.94596374,7691
8.96,5.606848,7691
8.96,5.8103867,7691
8.92,2.326156,7691
8.92,4.1662164,7691
8.89,4.6591115,7691
8.89,2.7535129,7691
8.89,0.25422496,7691
8.89,5.4907465,7691
8.89,3.4133852,7691
8.89,3.8978403,7691
8.89,3.9232585,7691
8.89,3.2369297,7691
8.85,2.4097836,7691
8.85,4.4189034,7691
8.85,2.1366525,7691
8.85,3.9110572,7691
8.85,5.362982,7691
8.85,1.1339754,7691
8.85,-1.3495746,7691
8.85,3.1365297,7691
8.85,4.3487864,7691
8.82,0.33654004,7691
8.82,1.7642093,7691
8.82,3.6499333,7691
8.82,0.8071429,7691
8.82,-2.1131096,7691
8.82,-0.55845827,7691
8.8,-2.3254385,7691
8.8,-0.16697319,7691
8.8,4.802887,7691
8.8,0.4223569,7691
8.8,-2.0996544,7691
8.77,3.617338,7691
8.77,-1.1550472,7691
8.77,-0.51035804,7691
8.77,0.34521505,7691
8.77,-0.5680317,7691
8.77,1.0091431,7691
8.74,-0.42719534,7691
8.74,4.0954823,7691
8.74,2.2288904,7691
8.74,1.0795872,7691
8.72,1.3090969,7691
8.72,-0.17427793,7691
8.72,2.3094573,7691
8.72,5.31478,7691
8.72,2.0054739,7691
8.72,2.3149385,7691
8.7,2.728028,7691
8.7,1.5903056,7691
8.7,2.6474044,7691
8.7,1.705252,7691
8.7,0.8637033,7691
8.7,1.7979829,7691
8.7,-2.769143,7691
8.7,-1.8271643,7691
8.7,3.1623316,7691
8.68,0.6385887,7691
8.68,3.409916,7691
8.68,-2.8676162,7691
8.68,-3.9536912,7691
8.68,2.9934356,7691
8.68,1.4919602,7691
8.68,4.9059577,7691
8.66,3.1339202,7691
8.66,-1.9004159,7691
8.66,2.5724847,7691
8.66,2.9802535,7691
8.66,1.6410743,7691
8.66,-0.86595184,7691
8.66,-2.2061925,7691
8.66,-0.84762937,7691
8.66,-2.5281677,7691
8.66,2.7907193,7691
8.64,1.6640959,7691
8.64,1.9223791,7691
8.64,-2.7423553,7691
8.64,-2.0927627,7691
8.64,-0.0977564,7691
8.64,1.4602633,7691
8.64,2.4158094,7691
8.62,0.90769887,7691
8.62,1.5381057,7691
8.62,-3.6705232,7691
8.62,-2.7480648,7691
8.62,2.0202477,7691
8.62,-1.1357222,7691
8.62,5.3208613,7691
8.62,2.3505623,7691
8.6,3.080431,7691
8.6,-2.6383736,7691
8.6,1.2509233,7691
8.6,0.6792787,7691
8.59,0.1630824,7691
8.59,-1.2638552,7691
8.59,-2.9190607,7691
8.59,3.5003548,7691
8.59,1.2765706,7691
8.59,-1.2248231,7691
8.59,0.045696054,7691
8.59,-2.0252259,7691
8.57,2.664372,7691
8.57,-0.82699585,7691
8.57,1.3022033,7691
8.57,0.8899747,7691
8.57,3.8752604,7691
8.57,-3.5788221,7691
8.57,4.313531,7691
8.57,1.9491781,7691
8.55,-3.4100683,7691
8.55,3.0764742,7691
8.55,5.728261,7691
8.55,-3.6774197,7691
8.55,1.4466614,7691
8.55,3.0761716,7691
8.55,0.639876,7691
8.55,3.117373,7691
8.54,3.063413,7691
8.54,1.8133823,7691
8.54,-1.0407892,7691
8.52,-0.66227156,7691
8.52,-2.3556767,7691
8.52,2.8751976,7691
8.52,-2.1655095,7691
8.52,2.5172014,7691
8.52,4.231052,7691
8.52,2.3212314,7691
8.51,-1.3996377,7691
8.51,1.5326583,7691
8.51,3.819164,7691
8.51,2.633187,7691
8.49,0.68757826,7691
8.49,2.0676174,7691
8.49,2.492444,7691
8.48,1.2879044,7691
8.48,2.0025694,7691
8.47,0.73551804,7691
8.47,1.8178098,7691
8.47,0.9766701,7691
8.47,2.8596618,7691
8.47,1.560339,7691
8.47,-0.92817086,7691
8.46,1.4362308,7691
8.46,0.47645128,7691
8.46,1.7215853,7691
8.46,-0.540911,7691
8.46,2.9575045,7691
8.46,-2.2512498,7691
8.46,-1.5062826,7691
8.44,2.5796866,7691
8.44,3.2991638,7691
8.44,1.5546606,7691
8.44,-0.03372648,7691
8.43,-0.7948846,7691
8.43,3.114068,7691
8.43,-3.6192238,7691
8.43,0.4413418,7691
8.43,1.7498094,7691
8.42,-0.42736205,7691
8.42,-0.616877,7691
8.42,4.0373387,7691
8.42,1.9041486,7691
8.41,3.0322583,7691
8.41,-1.1540205,7691
8.41,3.2632983,7691
8.41,-0.28231212,7691
8.4,-0.564541,7691
8.4,0.2942025,7691
8.4,3.1445377,7691
8.4,-0.8871378,7691
8.4,-0.005975757,7691
8.4,-3.0821362,7691
8.39,0.21343668,7691
8.39,3.6121433,7691
8.39,0.6963213,7691
8.38,-1.0289044,7691
8.38,0.5141162,7691
8.38,-3.0106432,7691
8.37,-1.9355857,7691
8.36,5.6291413,7691
8.36,0.9969056,7691
8.36,0.2955251,7691
8.35,3.2023935,7691
8.35,-1.8666515,7691
8.34,-0.77847934,7691
8.34,5.027017,7691
8.34,0.25309348,7691
8.33,-3.2759225,7691
8.32,1.9658805,7691
8.32,-0.12625162,7691
8.31,-2.2903435,7691
8.31,-0.8596455,7691
8.3,-0.7883006,7691
8.3,1.7620775,7691
8.29,-0.11256777,7691
8.28,-0.5680319,7691
8.28,3.1933885,7691
8.28,3.1367934,7691
8.28,1.0145497,7691
8.28,-2.0837674,7691
8.28,0.33518454,7691
8.27,-4.221821,7691
8.26,1.1006391,7691
8.26,-0.8974912,7691
8.26,-1.0313481,7691
8.26,0.17590655,7691
8.26,-2.1861458,7691
8.26,3.295526,7691
8.26,-1.6926625,7691
8.25,0.40721297,7691
8.24,-1.7501613,7691
8.24,2.63447,7691
8.24,2.3539507,7691
8.24,-1.534772,7691
8.23,3.4426794,7691
8.23,-0.7317255,7691
8.22,3.7337797,7691
8.22,-0.7510659,7691
8.22,-6.033289,7691
8.21,0.3561856,7691
8.21,3.2639394,7691
8.21,-0.102924004,7691
8.21,2.1311145,7691
8.2,-0.18689173,7691
8.2,-2.0501919,7691
8.2,-1.9564804,7691
8.2,3.8824267,7691
8.2,-2.3955116,7691
8.19,0.9008326,7691
8.19,-2.3796084,7691
8.19,-2.4747853,7691
8.17,3.0886443,7691
8.17,-0.28907648,7691
8.17,3.6564865,7691
8.16,0.096446685,7691
8.15,-3.8757966,7691
8.14,0.07588686,7691
8.14,-4.6860824,7691
8.14,0.32477146,7691
8.13,-0.11427353,7691
8.13,-3.7218332,7691
8.12,0.1250478,7691
8.12,1.3362699,7691
8.12,-1.5490062,7691
8.1,2.7733612,7691
8.09,-1.6043456,7691
8.09,1.4410205,7691
8.09,1.5150747,7691
8.09,3.7762058,7691
8.08,-5.9110246,7691
8.08,-1.5593851,7691
8.07,0.9313638,7691
8.06,0.7968273,7691
8.06,-0.80493754,7691
8.05,-0.23118852,7691
8.05,1.1482232,7691
8.04,-1.8257825,7691
8.03,0.7911885,7691
8.02,2.202962,7691
8.01,-2.9782455,7691
8.01,0.07808449,7691
8.0,-0.785599,7691
8.0,-1.04387,7691
8.0,-3.7578773,7691
8.0,3.3750892,7691
8.0,-0.6615726,7691
8.0,-1.4594346,7691
7.97,-1.9350557,7691
7.96,-1.9277513,7691
7.96,2.2351727,7691
7.96,3.3299992,7691
7.96,-2.1657639,7691
7.96,-1.0337878,7691
7.92,-0.013040829,7691
7.92,-3.5854793,7691
7.92,-0.5689875,7691
7.92,0.7318611,7691
7.92,0.1901801,7691
7.92,1.806006,7691
7.89,-1.0123934,7691
7.89,-1.4605132,7691
7.89,2.7812061,7691
7.89,-1.8456087,7691
7.89,-4.7396445,7691
7.85,0.7147365,7691
7.85,-1.4653316,7691
7.85,2.4023294,7691
7.8,-1.3746563,7691
7.8,-1.203053,7691
7.8,-1.8193437,7691
7.8,-3.6778677,7691
7.77,-0.07144725,7691
7.75,-0.67757934,7691
7.75,1.6548221,7691
7.75,-0.45372772,7691
7.75,-1.698757,7691
7.72,3.2663054,7691
7.7,-1.0562326,7691
7.68,-2.7697628,7691
7.68,-4.112547,7691
7.68,1.9983214,7691
7.68,-2.2315493,7691
7.68,0.64802134,7691
7.68,0.9144337,7691
7.68,-1.6285518,7691
7.68,-3.3876941,7691
7.68,-2.737045,7691
7.66,1.6901708,7691
7.66,1.5027225,7691
7.64,0.41219944,7691
7.64,-0.10697387,7691
7.6,-1.6686836,7691
7.6,-4.7138786,7691
7.6,0.12151651,7691
7.6,-3.878239,7691
7.6,-3.1719348,7691
7.58,-3.575533,7691
7.57,-0.29715714,7691
7.52,-1.6638657,7691
7.5,-0.43376413,7691
7.43,-5.0804343,7691
7.43,-1.1543136,7691
7.34,-5.5240455,7691
7.33,-1.9454905,7691
7.3,-3.9014778,7691
7.28,-3.6706696,7691
7.24,-2.522115,7691
7.24,2.0919824,7691
7.19,-3.2780316,7691
7.1,-2.581012,7691
7.08,1.3230046,7691
7.06,-2.1992147,7691
7.06,-1.4500952,7691
7.02,-3.394446,7691
7.01,-4.9932055,7691
7.01,-0.09064712,7691
7.0,-6.509681,7691
7.0,-2.5308235,7691
6.96,-4.67479,7691
6.89,-1.3677467,7691
6.87,-1.6693704,7691
6.77,-2.5226996,7691
6.72,3.2117236,7691
6.6,-2.2427669,7691
6.51,-3.8198586,7691
6.5,-4.483722,7691
6.44,-5.8756866,7691
6.07,-3.5351365,7691
6.0,2.8773448,7691
5.89,-4.5546474,7691
5.57,-7.000939,7691
5.57,-5.210411,7691
5.38,-5.4991302,1869
5.63,-2.2404146,6526
5.63,-1.838885,6526
5.62,-1.1889591,6526
5.61,-2.4842513,6526
5.54,-0.44432446,6526
5.49,-0.8703916,6526
5.46,-0.20452107,6526
5.46,-3.2053857,6526
5.46,0.5025351,6526
5.46,-2.8466241,6526
5.46,-3.2614484,6526
5.46,-1.0852964,6526
5.36,-0.948779,6526
5.36,0.85850346,6526
5.36,1.3991263,6526
5.35,-0.5091259,6526
5.34,-5.280063,6526
5.12,-0.77123797,6526
5.06,0.71217155,6526
9.3,5.2745085,8480
9.0,4.155842,8480
8.96,3.9229047,8480
8.96,2.9367168,8480
8.89,3.677877,8480
8.85,1.9605776,8480
8.85,3.2764513,8480
8.82,3.9707704,8480
8.8,3.3159041,8480
8.77,3.922905,8480
8.77,2.2904563,8480
8.72,1.9952046,8480
8.72,1.5786974,8480
8.72,3.577723,8480
8.7,3.8235452,8480
8.7,3.0064335,8480
8.68,4.5641527,8480
8.66,1.885952,8480
8.64,3.5908718,8480
8.62,2.56924,8480
8.62,3.677877,8480
8.57,0.6014194,8480
8.52,2.348286,8480
8.52,-0.051165927,8480
8.48,3.0861676,8480
8.48,4.1488924,8480
8.46,1.9238927,8480
8.39,3.287865,8480
8.38,2.1746655,8480
8.35,4.9437475,8480
8.32,1.3497994,8480
8.3,3.6450512,8480
8.26,2.4404638,8480
8.05,4.0332217,8480
7.7,4.6452746,8480
7.0,0.61602664,8480
5.89,-0.61583924,6568
4.94,-4.979216,6568
4.55,-5.087877,6568
7.6,-0.6663548,12758
5.38,-5.365789,8076
8.89,5.6203012,12267
7.92,4.833367,11035
7.58,3.3497665,11035
7.48,2.9505873,11035
6.8,4.4684787,11035
6.73,3.89435,11035
6.56,1.6260991,11035
6.55,3.966188,11035
6.54,0.1260663,11035
6.42,3.28214,11035
6.08,2.0992594,11035
5.28,-4.0557327,11035
7.0,1.4481089,12482
7.0,-0.74248624,12482
7.0,3.5073857,12482
7.0,-1.5684705,12482
5.88,-7.0174575,1624
5.58,-2.3909562,7165
5.44,-1.470109,7165
5.4,-4.366771,7165
5.31,-5.47062,7165
5.17,1.4486977,7165
5.12,0.07852401,7165
5.11,-3.4342406,7165
4.93,-1.3726271,7165
4.92,0.94505864,7165
4.72,4.729127,7165
8.3,-0.6859316,5170
7.96,-0.9855702,5170
7.64,-1.6538421,5170
7.12,-6.9602385,5170
8.85,0.67798984,7219
8.85,0.18932167,4211
8.82,2.780165,4211
8.52,3.5674279,4211
7.88,1.9824692,4211
7.53,1.7606454,4211
7.29,-1.5492784,4211
6.62,-3.0568423,4211
5.64,-7.0526423,2438
5.62,-6.2862263,2438
5.61,-7.5673494,2438
5.56,-8.717067,2438
5.5,-7.8126516,2438
9.0,5.4022107,1579
9.0,0.31001112,1579
8.7,2.0829694,1579
8.1,1.452544,1579
8.0,0.8002851,1579
7.85,2.8569663,1579
7.8,2.1792498,1579
7.6,1.2518048,1579
6.95,2.7944853,1579
4.33,-5.096014,687
8.89,2.0513833,11504
8.51,0.037424274,11504
7.0,3.7016249,10054
4.3,-1.0917476,15762
4.3,-6.8350134,15762
4.12,-9.787063,15762
8.66,-0.9170873,16178
8.62,3.7280912,16178
8.43,2.978874,16178
8.32,2.3208416,16178
7.86,-0.825977,16178
7.53,4.503886,16178
7.27,2.339649,16178
5.07,-4.294581,3870
6.85,4.277229,11428
4.92,-4.3951893,11428
4.55,-0.6237599,11428
6.21,1.8082349,5887
7.58,-5.8897886,1042
4.54,0.5607009,862
6.66,0.46568057,6352
5.84,-0.08414495,6352
7.6,-2.3319607,1944
6.4,-3.9358077,1944
6.4,-2.0632002,1944
6.3,-1.7446836,1944
6.3,-3.4639995,1944
5.8,-2.0551846,1944
5.7,-3.7692764,1944
5.5,-1.9496735,1944
5.5,-0.7291437,1944
5.3,-4.0422287,1944
5.2,3.8152955,1944
5.1,-3.5024612,1944
5.1,-2.8088338,1944
7.27,-3.4166498,3331
7.24,-3.3320775,3331
7.12,-2.1075814,3331
6.89,-2.9862528,3331
6.89,-2.4808016,3331
6.85,-5.907769,3331
6.8,-4.195934,3331
6.7,-2.95527,3331
6.44,-2.5978467,3331
6.4,1.3477768,3331
6.4,-2.9862537,3331
6.4,-1.4166198,3331
6.4,-0.60965824,3331
6.29,0.55823594,3331
6.24,-3.809031,3331
6.22,2.7261608,3331
6.16,-3.4855294,3331
6.16,-2.9486318,3331
6.16,-0.4584411,3331
5.92,-2.9862528,3331
5.89,-2.1209397,3331
5.85,0.41977584,3331
5.82,2.2136621,3331
5.8,-1.5512332,3331
5.77,3.1440215,3331
5.72,-3.2085364,3331
5.7,2.3951,3331
5.6,-1.7919354,3331
5.52,0.4672195,3331
5.51,-3.3948228,3331
5.39,-2.3457923,3331
5.16,-4.278132,3331
5.09,0.30839428,3331
5.06,-3.1352875,3331
5.04,-1.3289346,3331
4.96,0.38747895,3331
4.92,-0.61674255,3331
4.6,0.44180095,3331
4.58,-0.85823023,3331
4.08,-4.6769986,3331
4.05,-4.4421935,3331
7.05,-3.1187484,7192
7.38,-1.5022179,13066
7.37,0.80485845,13066
5.47,3.598093,13066
6.1,-0.2932646,4243
6.81,3.5212922,10586
9.7,7.2919364,6275
9.7,4.453175,6275
9.52,6.0407567,6275
9.52,5.8193088,6275
9.52,6.4137526,6275
9.4,2.7275093,6275
9.4,5.96433,6275
9.3,4.85497,6275
9.3,1.7142748,6275
9.3,5.5298915,6275
9.15,8.501891,6275
9.15,3.2567666,6275
9.1,5.3993683,6275
9.1,3.8657157,6275
9.1,6.588178,6275
9.1,3.8528013,6275
9.05,2.4385197,6275
9.0,4.2516465,6275
9.0,1.2305051,6275
8.96,4.0929894,6275
8.96,4.6529875,6275
8.92,5.1643615,6275
8.92,6.4142613,6275
8.89,3.124749,6275
8.85,5.00896,6275
8.82,3.782511,6275
8.82,3.8626242,6275
8.8,2.5512455,6275
8.74,1.9422702,6275
8.72,5.134002,6275
8.7,-0.2030212,6275
8.62,3.2128258,6275
8.51,6.6563725,6275
8.44,6.620428,6275
8.44,1.546875,6275
8.37,4.605381,6275
8.36,1.8779597,6275
8.35,2.470864,6275
8.33,0.43359628,6275
8.21,-1.8952634,6275
8.12,0.54377365,6275
8.12,2.3519115,6275
8.1,3.600535,6275
8.1,2.984112,6275
8.05,0.027430264,6275
7.68,3.2874916,6275
7.67,1.990217,6275
7.4,0.3114406,6275
7.39,2.892434,6275
7.27,1.5259392,6275
7.24,3.4010618,6275
7.1,-0.15195455,6275
6.96,-0.14705285,6275
6.96,2.5512455,6275
6.92,1.188435,6275
6.92,-0.69183767,6275
6.72,-1.2754409,6275
6.09,-3.5010178,6275
6.04,0.035597816,6275
6.19,-1.5619489,5655
6.77,-1.1054425,13500
6.75,-2.2402909,13500
6.5,-1.6381196,13500
8.52,0.87851787,10702
8.7,3.6341867,4972
8.19,0.8203684,4972
8.16,3.3116531,4972
8.15,2.062204,4972
8.12,1.3698808,4972
7.79,0.8815079,4972
7.57,0.58296716,4972
7.5,7.2876534,4972
7.47,-0.50593746,4972
7.45,-1.6776339,4972
7.37,3.762178,4972
7.29,-0.97099125,4972
7.28,1.3213813,4972
6.99,3.0520298,4972
6.95,4.0040703,4972
6.92,1.673264,4972
6.89,4.655258,4972
6.86,1.2860608,4972
6.84,3.722311,4972
6.83,1.0691881,4972
6.82,-0.33837056,4972
6.79,5.960781,4972
6.61,3.6236112,4972
6.54,2.338708,4972
6.47,2.640544,4972
6.41,4.615668,4972
6.35,4.8924494,4972
6.26,5.882409,4972
6.2,2.327673,4972
6.92,-2.3253434,4214
6.58,-3.8415196,4214
6.54,-7.994558,4214
6.51,-8.053829,4214
6.13,-4.3632746,4214
5.98,-7.521861,4214
5.73,-9.178417,4214
5.66,-7.9749236,4214
5.64,-8.297548,4214
4.95,-7.883438,4214
4.75,-4.4422865,4214
8.3,0.89432067,4342
7.96,-0.5119753,4342
7.46,-0.6183082,4342
7.34,-0.3625988,4342
5.53,-2.6601617,4342
8.52,1.850436,11840
8.3,0.802101,11840
7.92,0.42764577,11840
7.77,2.9528904,11840
7.75,-1.7179756,11840
7.62,3.929409,11840
7.51,-2.6578004,11840
7.48,-5.4964743,11840
7.46,0.08984241,11840
7.41,-1.6871971,11840
7.31,1.6272093,11840
7.13,-4.999823,11840
7.12,-5.021963,11840
7.11,4.2322636,11840
7.11,-2.9868608,11840
7.06,-3.331603,11840
6.96,-0.9187746,11840
6.92,-3.7146723,11840
6.8,-0.9976771,11840
6.75,-2.849357,11840
6.75,-2.7799256,11840
6.72,-4.089127,11840
6.71,-4.3711905,11840
6.7,-3.5514228,11840
6.51,-5.336969,11840
6.48,-1.010969,11840
6.48,-3.4812472,11840
6.29,-4.0491877,11840
6.25,-1.0934439,11840
6.17,1.6272101,11840
6.1,-1.996058,11840
6.09,-2.530021,11840
6.09,-2.69858,11840
6.08,-5.227001,11840
6.05,-4.7705345,11840
5.82,2.1616962,11840
5.77,0.72949725,11840
5.68,2.9830062,11840
5.67,0.699701,11840
5.6,-3.9077904,11840
5.54,-3.4445775,11840
5.27,0.67393196,11840
5.26,1.6080443,11840
6.99,-1.8253253,16255
6.84,-2.3256726,16255
5.0,-4.258121,1256
8.85,1.911097,13658
8.52,3.4110687,13658
8.4,2.3301218,13658
8.32,3.4571955,13658
8.3,0.7462419,13658
8.04,1.0639396,13658
7.46,0.8585603,13658
7.33,7.834624,13658
7.32,-0.15166299,13658
7.19,0.37784988,13658
6.64,-2.316646,13658
6.39,8.014107,13658
5.45,-0.18985698,1866
5.37,-5.837593,12192
4.79,-5.6901984,10899
4.79,-3.4823108,10899
4.76,-2.8801193,10899
4.74,-6.2313366,10899
4.73,-4.139022,10899
4.67,-7.229295,10899
4.65,-6.464352,10899
4.59,-6.632058,10899
4.58,-7.3818374,10899
4.55,-6.0523624,10899
4.48,-7.873909,10899
4.45,-7.370846,10899
4.43,-6.695641,10899
4.34,-7.99262,10899
4.32,-8.570813,10899
4.24,-9.359009,10899
4.23,-8.494075,10899
4.21,-9.84758,10899
6.52,2.0205908,14965
5.0,-7.446784,7478
9.49,1.7977259,4185
9.35,1.640721,4185
9.32,-0.3344008,4185
9.21,-0.7614564,4185
9.09,2.0411775,4185
9.05,0.025006171,4185
8.85,-0.47658393,4185
8.85,1.2777431,4185
8.8,-1.0310123,4185
8.7,2.4768612,4185
8.7,1.451849,4185
8.64,-0.602611,4185
8.27,1.46451,4185
7.89,0.5516665,4185
7.38,2.1347933,4185
7.33,-3.6187901,4185
7.27,-0.36449686,4185
7.22,-0.21498995,4185
6.64,-3.8367448,4185
6.64,-5.4691243,4185
6.62,-0.21498911,4185
6.54,-5.0184965,4185
6.41,-1.5992699,4185
6.07,-1.7784227,4185
6.07,-4.2983975,4185
5.92,-2.9311445,4185
5.89,-3.9472756,4185
5.66,-5.5211167,4185
5.21,-2.5041544,4185
5.21,-4.806633,4185
5.2,-1.6742506,4185
5.0,-2.020174,4185
4.89,-2.688753,4185
4.89,-5.9534326,4185
5.52,-10.082426,15816
7.3,-3.7431166,5917
7.0,-3.6695504,5917
7.0,-2.2084615,5917
5.66,-2.844612,5917
5.54,-4.301993,5917
5.51,-4.704849,5917
5.51,-2.8485706,5917
5.47,-5.331575,5917
5.43,-4.7383065,5917
5.37,-4.412852,5917
5.21,-4.481128,5917
5.09,-6.1538787,5917
5.03,-5.7214093,5917
4.95,-6.7170606,5917
4.94,-6.483108,5917
4.74,-5.8081546,5917
4.49,-8.356067,5917
7.43,1.3635843,9312
7.03,2.3192182,9312
6.1,-1.784246,9312
6.05,-3.2190685,9312
6.0,-4.321089,9312
5.96,-1.3129476,9312
5.44,-2.714797,9312
5.14,-6.264368,9312
5.08,-3.769728,9312
7.87,2.6148288,4992
7.59,-1.4993216,4992
7.25,-0.31091604,4992
7.23,-3.2152195,4992
7.22,3.1540208,4992
7.2,-3.5045726,4992
7.13,-2.2441719,4992
7.06,-0.9837835,4992
7.04,1.6699427,4992
6.98,-1.4543753,4992
6.98,4.6467857,4992
6.97,-4.4636307,4992
6.88,-1.5236707,4992
6.86,-1.8260117,4992
6.86,3.5762465,4992
6.62,-1.9537773,4992
6.55,-0.25243238,4992
6.57,-2.6710737,11989
5.98,-1.5502591,2118
10.0,5.094812,11652
9.82,3.1388109,11652
9.7,3.65996,11652
9.52,3.4672053,11652
9.3,7.553454,11652
9.0,3.4865365,11652
8.85,5.9648757,11652
8.85,3.9885142,11652
8.82,5.629106,11652
8.7,2.094202,11652
8.46,2.3770974,11652
8.12,-2.0028293,11652
7.29,0.70725685,11652
7.26,1.2461845,11652
6.96,2.5777333,11652
8.85,5.822822,10151
8.85,4.7178845,10151
8.62,3.3200881,10151
8.52,2.7421901,10151
8.46,4.5254893,10151
8.26,3.7830405,10151
8.23,1.1930486,10151
8.19,3.06684,10151
8.19,1.8719592,10151
8.14,1.8694534,10151
8.09,3.275036,10151
7.97,2.3970041,10151
7.92,1.5389738,10151
7.79,5.5718226,10151
7.78,4.085153,10151
7.7,2.1035006,10151
7.63,1.4702048,10151
7.6,3.997086,10151
7.54,0.93425244,10151
7.34,3.9085538,10151
6.79,1.7695665,10151
6.66,1.4300394,10151
6.58,-1.1015463,10151
6.5,1.1874398,10151
8.0,0.2421922,110
8.94,5.7795253,5867
8.0,-1.2126058,5867
6.67,-7.084517,5867
8.4,4.8542023,17858
8.22,2.9694753,17858
8.22,1.429804,17858
8.05,4.3172855,17858
7.55,-0.53498274,17858
7.52,-0.6089949,17858
7.52,-1.9342124,17858
7.04,-4.4415474,17858
6.64,-6.0750413,17858
6.14,-8.453983,17858
6.08,-0.4173419,17858
6.0,-5.160399,17858
5.92,2.9694753,17858
5.82,-7.223351,17858
5.37,-5.2350845,17858
5.15,-8.833758,17858
7.27,1.1524737,5673
7.54,1.5783949,7953
6.9,-2.9667766,5646
6.2,-2.5209548,5646
6.1,-2.613222,5646
6.1,-5.2042933,5646
6.1,-3.1239312,5646
6.0,-2.9682639,5646
6.0,-4.0129857,5646
5.9,-3.4603415,5646
5.9,-5.522421,5646
5.9,-4.9554605,5646
5.9,-2.7957394,5646
5.7,-3.2293296,5646
5.7,-5.4117026,5646
5.6,-4.447713,5646
5.5,-6.446301,5646
5.5,-4.9804006,5646
5.5,-3.6423755,5646
5.5,-4.301713,5646
5.4,-3.1304774,5646
5.4,-4.9804006,5646
5.4,-6.5726557,5646
5.3,-8.638692,5646
5.3,-6.831151,5646
5.3,-3.3343763,5646
5.2,-8.505028,5646
5.2,-7.777794,5646
5.2,-5.8733435,5646
5.2,-4.337378,5646
5.2,-5.7730155,5646
5.1,-6.5472584,5646
5.1,-4.388414,5646
5.0,-7.777794,5646
5.0,-7.769398,5646
4.9,-6.2425666,5646
4.9,-4.828397,5646
4.9,-5.010754,5646
4.8,-7.1678762,5646
4.8,-5.198685,5646
4.8,-8.019231,5646
4.7,-6.4093776,5646
4.6,-8.131049,5646
4.6,-6.4345126,5646
4.6,-5.9903517,5646
4.4,-7.784182,5646
4.4,-7.1678762,5646
4.4,-9.961179,5646
4.3,-8.395532,5646
3.8,-5.027119,5646
6.2,-3.4973328,13452
6.2,-6.052337,13452
6.1,-5.5725293,13452
6.1,-0.0996816,13452
5.7,-2.9750123,13452
5.5,-0.7227109,13452
5.4,-4.040282,13452
7.52,-1.4004567,6873
8.15,-0.9143042,9110
7.15,-1.3821778,8372
5.6,-1.3809056,11655
4.9,-5.312546,11655
5.3,-5.260168,9689
6.89,-1.4336915,5320
8.4,5.064544,17285
8.3,6.396497,17285
8.22,4.6819615,17285
8.05,2.5765605,17285
8.0,3.238872,17285
7.96,0.5563914,17285
7.85,0.7462261,17285
7.82,3.2503927,17285
7.8,5.581544,17285
7.77,1.2803447,17285
7.6,1.8473415,17285
7.55,-3.2780595,17285
7.41,-3.4262183,17285
7.36,0.9798853,17285
7.33,2.7561226,17285
7.14,2.0142055,17285
7.13,5.07493,17285
7.0,5.079178,17285
6.78,-3.8162575,17285
6.3,4.424806,17285
6.1,3.8860335,17285
6.09,-0.06400338,17285
6.03,5.435006,17285
5.8,0.9344169,17285
5.7,-2.4354296,17285
5.46,4.055035,17285
5.21,-4.7669873,17285
5.18,0.045136068,17285
5.0,4.2177935,17285
6.52,-0.39439234,820
6.0,-11.409266,3149
6.32,0.023010131,5015
6.14,0.88923174,5015
5.62,3.1196988,5015
7.21,1.5920002,13581
5.94,-2.1668932,4152
5.58,-4.931376,5606
5.52,-6.19398,5606
5.28,-7.0002,5606
8.3,0.19999865,7834
8.22,0.3716927,7834
8.15,-0.7353,7834
8.15,-0.5520995,7834
8.15,2.7002218,7834
8.1,-3.1251786,7834
8.05,0.018061157,7834
8.0,-2.4911754,7834
9.05,8.405313,13296
9.04,7.6802254,13296
8.89,7.7980795,13296
8.77,7.487822,13296
8.62,3.298511,13296
8.48,0.23387076,13296
8.36,5.4057994,13296
8.25,4.0656147,13296
7.0,-8.439501,17208
5.05,-7.653668,17208
4.34,-7.8409243,17208
5.33,-5.1159525,12285
6.38,-0.2951642,3359
5.4,-4.04975,7053
5.07,-0.30199638,8532
4.89,-2.0903518,4003
5.6,-7.4518228,6503
6.22,-4.0184608,393
5.89,-4.4644775,393
7.77,-3.3238676,10144
7.44,-0.68497354,10144
7.39,0.047197893,10144
6.89,-0.744173,10144
8.42,1.1537936,4860
8.17,1.9672211,4860
8.1,3.5399153,4860
8.06,2.3685443,4860
7.88,4.912169,4860
7.73,1.6382966,4860
7.66,1.2000017,4860
7.63,0.28505334,4860
7.59,2.0540075,4860
7.49,2.1368365,4860
7.35,-0.8672847,4860
7.29,0.7526697,4860
7.28,-1.5499961,4860
7.18,1.3131595,4860
7.17,-1.8204037,4860
7.15,0.15533468,4860
7.09,3.8252645,4860
6.98,1.5545458,4860
6.94,-0.14326322,4860
6.82,2.9984047,4860
6.81,1.746177,4860
6.77,-2.6212673,4860
6.74,0.44651222,4860
6.73,-0.9280695,4860
6.68,3.1258438,4860
6.67,0.84293413,4860
6.63,-0.5671033,4860
6.6,0.011446297,4860
6.47,2.9741678,4860
6.19,-1.0478679,4860
6.17,3.670394,4860
6.1,1.9110708,4860
6.09,1.5618904,4860
6.03,1.6398337,4860
7.01,0.48789567,6945
7.16,1.7305892,802
6.92,2.2899766,802
6.85,-0.19266559,802
6.72,0.08212121,802
6.68,1.5897083,802
6.47,-0.62626743,802
6.46,1.5830938,802
6.33,1.4146495,802
6.28,0.019849416,802
6.06,-2.436212,802
5.89,-1.0261612,802
5.82,-0.52140135,802
5.77,0.08659245,802
5.72,-1.1857368,802
5.52,-3.1743686,802
5.35,-0.12786546,802
5.15,0.7822923,802
5.03,-2.1601663,802
7.72,-1.0912008,550
5.6,-5.278397,550
7.38,-1.2307171,1631
7.16,-3.0215971,1631
7.16,-2.7533813,1631
7.16,-1.2751526,1631
6.82,-1.3875319,1631
6.52,-3.919303,1631
6.44,-2.6436408,1631
6.16,-3.7237966,1631
6.12,-1.8240716,1631
5.76,-2.3214357,1631
5.22,-1.9749873,1631
8.38,1.3337514,10769
5.36,2.0952487,1724
5.3,-0.11017564,1724
5.09,-5.8869233,9431
4.99,-5.479821,9431
9.52,0.5651109,17371
9.4,4.0729876,17371
9.3,2.1790824,17371
9.22,3.5485668,17371
9.22,0.9726243,17371
9.1,0.06381123,17371
8.89,1.2213401,17371
8.85,0.79866904,17371
8.82,3.2828305,17371
8.74,2.7079291,17371
8.3,-0.6583452,17371
8.3,-0.07358867,17371
8.22,2.6943939,17371
8.22,4.1327915,17371
8.15,-1.7165723,17371
8.0,1.6077206,17371
7.85,-2.3250616,17371
7.82,-2.5582383,17371
7.62,-0.8676224,17371
7.32,-0.5027814,17371
7.2,-5.5971904,17371
7.14,-0.8669985,17371
6.62,-2.365,17371
5.88,-0.88614815,17371
7.29,3.1908784,2654
7.2,-1.1981764,2654
7.1,-0.47565076,2654
6.92,1.6192391,2654
6.92,-0.2660028,2654
6.8,0.5464102,2654
6.77,1.2131948,2654
6.5,4.9886346,2654
6.41,0.7295113,2654
6.4,0.8620141,2654
6.27,0.05990926,2654
6.06,2.1144283,2654
6.05,-0.28757557,2654
5.92,4.284234,2654
5.89,1.1482688,2654
6.14,-2.3102098,8548
7.45,-1.5047481,921
7.52,1.9458109,15250
9.22,8.450035,1885
8.4,2.6123111,1885
8.22,2.8169944,1885
7.64,1.3424869,1885
7.5,-0.8196445,1885
7.38,-3.2065132,1885
6.89,-0.4460126,1885
6.72,-4.675535,1885
6.7,-0.773287,1885
6.64,-1.7972621,1885
6.58,-3.1657217,1885
6.54,-4.287843,1885
6.5,-1.6589357,1885
6.47,-0.27391943,1885
6.43,-4.9968967,1885
6.34,-1.4800731,1885
6.31,-2.2513373,1885
6.28,0.3696638,1885
6.28,-6.006116,1885
6.2,-3.4636617,1885
6.14,-2.7982295,1885
6.08,-3.233946,1885
6.02,-1.2899798,1885
6.0,-4.3765874,1885
5.8,-2.4839144,1885
5.77,-3.2937448,1885
5.72,-5.9025173,1885
5.7,-4.531254,1885
5.66,-4.891011,1885
5.46,-5.353665,1885
5.44,-5.1493864,1885
5.44,-7.8225427,1885
5.4,-3.3576458,1885
5.21,-4.84402,1885
5.21,-6.8130417,1885
5.11,-4.632613,1885
4.98,-5.2491727,1885
4.32,-0.90688264,17701
7.65,3.1828375,10712
8.3,-0.82828146,12424
7.28,4.2569356,11423
6.37,-0.6132305,11423
6.25,-0.4022108,11423
5.96,-6.5166807,11423
6.77,-0.73126864,16861
8.32,0.041346315,10509
7.92,0.96303314,10509
7.85,0.35955217,10509
7.85,-0.3769322,10509
7.82,2.485658,10509
7.66,-0.6263876,10509
7.66,3.4889505,10509
7.64,-0.56412554,10509
7.5,-1.3249424,10509
7.38,0.2497925,10509
7.12,2.4523628,10509
7.06,-4.984929,10509
6.9,2.733011,10509
6.37,-1.5827829,10509
6.33,1.0418425,10509
5.84,-2.4419646,10509
5.67,-3.7686293,10509
9.24,7.34514,13118
9.24,-4.2135525,13118
9.19,8.20667,13118
9.09,6.783776,13118
9.0,6.4628124,13118
9.0,6.1208744,13118
8.92,7.8844295,13118
8.92,5.4397497,13118
8.92,7.3367023,13118
8.92,5.9949317,13118
8.92,5.699426,13118
8.89,6.7955656,13118
8.85,5.8164268,13118
8.85,7.03535,13118
8.82,6.580753,13118
8.8,4.263061,13118
8.8,6.6080413,13118
8.72,3.8034058,13118
8.7,4.7854767,13118
8.68,4.364912,13118
8.62,7.1691194,13118
8.6,6.59559,13118
8.57,6.4642253,13118
8.43,4.684355,13118
8.1,7.388157,13118
7.66,4.411481,13118
7.43,4.2352557,13118
7.3,2.6492803,13118
7.07,5.440668,13118
8.7,2.9609606,2473
8.22,-0.019019272,2473
8.0,0.26969343,2473
7.92,-4.8375545,2473
7.92,-2.3621302,2473
7.89,-0.7250178,2473
7.89,0.5191473,2473
7.85,0.62287,2473
7.75,-4.8143992,2473
7.75,0.336941,2473
7.72,0.62747264,2473
7.66,-1.2366664,2473
7.6,-3.6003554,2473
7.54,1.4416727,2473
7.52,-0.56670374,2473
7.51,3.5893986,2473
7.41,0.85180575,2473
7.38,-1.7963171,2473
7.14,-1.1424966,2473
7.12,-3.3683097,2473
7.1,-1.8152611,2473
7.08,0.5514728,2473
7.07,-3.9946911,2473
6.96,-1.3246393,2473
6.96,-4.196155,2473
6.92,1.7684678,2473
6.89,0.7011096,2473
6.89,-3.3192866,2473
6.85,-2.4383924,2473
6.66,0.86043626,2473
6.62,2.2137046,2473
6.6,-1.7511613,2473
6.28,-0.6293481,2473
6.05,-1.9945292,2473
5.92,-3.3160346,2473
5.77,-1.9984279,2473
5.7,-2.925467,2473
5.7,-0.03926267,2473
5.64,0.46605167,2473
5.46,-0.030721743,2473
5.24,-3.2185128,2473
5.19,1.0376334,2473
5.0,-3.0493076,2473
4.8,-3.9578307,2473
7.19,-1.6700608,17197
6.37,0.5596608,17197
6.2,-1.7836773,17197
5.81,-1.2891753,17197
5.55,-1.7234777,17197
6.41,-4.4108725,8193
5.7,-6.9297905,6668
5.68,-2.9586954,6668
5.6,-7.46484,6668
5.56,-7.056013,6668
5.25,-7.668757,6668
5.08,-5.6589155,6668
5.08,-6.189239,6668
5.04,-5.8781724,6668
5.02,-4.432109,6668
5.01,-4.2198377,6668
4.89,-5.2002625,6668
4.82,-5.9976196,6668
4.75,-4.7088995,6668
6.8,-2.8022969,11679
7.39,2.6843183,12108
4.58,-4.151796,201
4.44,-4.6224656,201
4.13,-8.699748,201
4.05,-7.3482966,201
5.83,-0.90445715,10950
5.72,-0.57678735,7346
6.54,-1.6039181,4194
8.15,2.9798114,416
6.89,-0.1982423,4476
6.82,-0.1982423,4476
6.66,-0.9027098,4476
6.55,-1.5333487,7196
9.1,5.369374,9770
8.89,4.7732973,9770
8.89,4.3311777,9770
8.8,3.1199248,9770
8.72,3.931375,9770
8.66,2.0455933,9770
8.64,-1.2980739,9770
8.55,4.065787,9770
8.12,5.6857767,9770
7.75,3.8746426,13132
7.48,1.0199004,13132
7.41,0.8976632,13132
7.34,0.68916565,13132
7.32,1.3818313,13132
7.3,1.135685,13132
7.29,1.6988347,13132
7.27,2.9322865,13132
7.23,4.3579326,13132
7.19,2.9261422,13132
7.19,2.5422637,13132
7.14,1.5946004,13132
7.14,4.3579326,13132
7.05,0.11527267,13132
7.05,1.3164097,13132
7.05,1.5136397,13132
7.02,-0.20689498,13132
7.02,0.9431104,13132
7.01,0.7367691,13132
7.0,-0.92883664,13132
7.0,0.72222435,13132
6.92,0.114472374,13132
6.92,-1.3258729,13132
6.89,0.6125738,13132
6.89,2.6666021,13132
6.89,1.0436544,13132
6.85,0.49937436,13132
6.82,-1.6425359,13132
6.8,1.9410626,13132
6.64,-1.3019525,13132
6.39,-5.418803,13132
6.31,-1.2200335,13132
5.99,-5.418803,13132
5.93,-2.1580684,13132
5.33,2.0415647,3715
5.16,3.2734544,3715
5.13,-0.12735148,3715
5.07,-4.387468,3715
4.46,-2.3999064,3715
4.29,4.4055514,3715
6.75,-2.5069022,14133
6.68,0.552388,14133
6.5,-1.3970234,14133
6.47,-0.8040485,14133
6.32,-1.2869554,14133
6.29,4.370485,14133
6.21,1.891336,14133
6.08,-3.078946,14133
6.06,-1.5682814,14133
6.02,-2.582295,14133
6.0,-1.1650809,14133
5.96,-0.8583163,14133
5.96,2.4504273,14133
5.92,-0.069266975,14133
5.92,-2.579104,14133
5.92,-3.0733728,14133
5.92,-2.772279,14133
5.92,-3.0028281,14133
5.92,0.31908354,14133
5.92,-1.7009422,14133
5.82,-3.0783927,14133
5.72,-3.3886993,14133
5.7,-3.5198119,14133
5.7,-4.021341,14133
5.68,-3.3210566,14133
5.68,-4.172117,14133
5.62,-3.4264042,14133
5.6,-2.4045935,14133
5.51,-3.0228403,14133
5.5,-2.4203312,14133
5.5,-1.9390152,14133
5.46,-2.0835044,14133
5.27,0.5155236,14133
5.21,-1.9830856,14133
5.2,-4.1951632,14133
5.19,-1.38593,14133
5.12,-5.263037,14133
5.11,-0.66435087,14133
5.03,-1.369387,14133
5.03,-3.370433,14133
6.25,-0.95126826,14638
5.7,-2.3783717,17414
5.48,-4.4618726,17414
4.45,-2.0922842,11065
8.3,4.485344,17367
8.3,2.74138,17367
8.3,3.8002574,17367
8.15,3.0231142,17367
8.15,3.6142452,17367
8.1,3.3392951,17367
8.05,3.5860524,17367
8.05,3.5297244,17367
8.0,4.0363693,17367
7.77,3.3392951,17367
7.75,1.2403852,17367
7.72,-0.3733305,17367
7.7,1.1980036,17367
7.6,3.2747765,17367
7.55,2.2479172,17367
7.42,1.6059948,17367
7.37,3.9975903,17367
7.35,2.3924155,17367
7.1,1.557873,17367
6.54,1.4079382,17367
6.14,-1.9788144,17367
6.13,4.4116826,17367
9.0,4.438365,9394
8.15,0.5261731,9394
8.11,1.7635034,9394
8.1,3.029544,9394
8.08,4.3496523,9394
8.06,1.6592416,9394
8.0,4.572202,9394
8.0,1.4388951,9394
7.96,2.9837942,9394
7.96,0.949103,9394
7.7,2.3195255,9394
7.64,1.1219846,9394
7.4,-2.0485895,9394
6.14,0.949103,9394
5.96,3.029544,9394
5.75,4.438365,9394
5.72,3.6267612,9394
5.66,1.7635034,9394
5.55,-0.1398709,9394
5.52,3.6267612,9394
5.27,3.6267612,9394
5.11,2.0440593,9394
4.89,2.0440593,9394
4.55,-0.8417496,9394
4.21,2.0440593,9394
4.13,3.6267612,9394
4.7,-3.7506053,16829
4.1,-7.776446,10372
8.7,3.5790482,3557
8.7,4.1454563,3557
8.7,1.1986694,3557
8.7,2.3267202,3557
8.52,1.1452107,3557
8.52,2.0662475,3557
8.4,1.5955218,3557
8.4,3.9105077,3557
8.22,-0.9420647,3557
8.22,-0.53551865,3557
8.22,1.3063498,3557
8.15,3.4012182,3557
8.15,-2.6391876,3557
8.15,-0.7583034,3557
8.15,0.68160915,3557
8.1,-1.436942,3557
8.1,1.614537,3557
8.1,-0.5722142,3557
8.1,-0.57658625,3557
8.05,2.088641,3557
8.05,2.0401459,3557
8.05,-4.030289,3557
8.0,4.206426,3557
7.96,-0.35680178,3557
7.89,-1.2958019,3557
7.82,-2.3071327,3557
7.8,-2.074347,3557
7.66,-0.87988865,3557
7.55,0.45601207,3557
7.22,0.5813504,3557
7.2,-3.6204104,3557
6.96,3.4914625,3557
6.37,2.6794405,3557
6.35,1.2686663,3557
6.25,0.3634968,3557
6.09,3.5189352,3557
5.5,-2.0033908,3557
5.44,0.87256944,3557
5.37,2.0500555,3557
6.91,1.8761618,12552
8.1,2.6439958,1178
7.85,4.0613303,1178
7.68,1.8251565,1178
7.43,3.4615746,1178
7.16,0.7332982,1178
7.07,-0.6052764,1178
7.06,0.031213343,1178
6.96,-2.0855162,1178
6.76,0.7323609,1178
6.75,-1.7030497,1178
6.74,-2.7556992,1178
6.71,-0.8639843,1178
6.67,-1.3960372,1178
6.59,-3.3874152,1178
6.57,0.39660773,1178
6.53,-3.0254357,1178
6.51,1.3150046,1178
6.47,-0.31569383,1178
6.46,-3.4270642,1178
6.34,1.1203243,1178
6.23,-0.6397392,1178
6.17,-2.4253988,1178
7.46,2.5515115,2715
6.88,2.5966744,2715
6.85,1.3262284,16488
6.0,2.3238704,16488
6.0,-0.46100146,16488
5.96,0.31058463,16488
5.91,-3.8175347,16488
5.95,4.339941,432
5.55,-4.201192,11397
8.22,-2.2371368,2976
7.52,-2.8658454,2976
7.52,-3.4315898,2976
7.4,-0.88594663,2976
7.3,-1.1716164,2976
7.3,-0.67512107,2976
7.3,0.37891665,2976
7.22,-2.7605453,2976
7.22,-1.773018,2976
7.16,0.26008064,2976
7.16,-2.652234,2976
7.0,-1.004008,2976
7.0,-2.3048918,2976
6.96,-1.8830158,2976
6.96,-5.259008,2976
6.8,-0.16156568,2976
6.75,-1.5532135,2976
6.72,2.7188208,2976
6.72,-5.535266,2976
6.66,-1.0390371,2976
6.51,-2.4614608,2976
6.48,0.07027592,2976
6.42,-2.6226149,2976
6.32,0.8780867,2976
6.1,-0.49443588,2976
6.01,-1.1093711,2976
5.92,-0.12732844,2976
5.89,-0.6124202,2976
5.85,-0.2378975,2976
5.47,-3.2644665,2976
5.43,-0.8447587,2976
5.28,-4.783402,2976
5.21,-5.9264083,2976
7.52,3.115674,17563
7.46,2.8657558,17563
7.3,2.1187935,17563
7.22,2.838357,17563
7.22,0.38584033,17563
7.22,0.5365713,17563
7.1,2.3800123,17563
7.07,1.6404996,17563
7.06,0.73686725,17563
6.89,2.421417,17563
6.75,2.6102016,17563
6.75,-0.26715645,17563
6.68,-1.0159066,17563
6.66,-0.3896102,17563
6.58,-1.4964335,17563
6.43,-0.4679354,17563
6.35,-0.87378335,17563
6.1,0.42894712,17563
5.08,-2.6743991,14833
7.22,-2.733898,2210
6.72,-5.6021247,2210
6.43,-4.37067,2210
6.2,-4.532087,2210
6.09,-3.6677053,2210
6.01,-5.1620283,2210
5.98,-5.4352655,2210
5.76,-4.8791256,2210
5.74,-4.0897374,2210
5.72,-3.626422,2210
5.63,-4.9736123,2210
5.57,-4.8310976,2210
5.51,-3.1840456,2210
5.42,-4.405287,2210
5.33,-4.0448465,2210
5.31,-2.8112025,2210
5.29,-0.7999784,2210
5.27,-2.7665172,2210
5.25,-4.215949,2210
5.24,-2.9168684,2210
5.2,-3.091966,2210
5.2,-4.2772236,2210
5.16,-3.888779,2210
5.13,-4.1519747,2210
5.12,-3.4001477,2210
5.11,-3.3449914,2210
5.07,-2.675497,2210
5.06,-2.5527742,2210
5.05,-4.7823334,2210
5.03,-3.7999096,2210
4.99,-4.1145396,2210
4.95,-4.0275908,2210
4.8,-3.499783,2210
4.75,-4.516806,2210
4.71,-3.9736125,2210
4.7,-3.5999968,2210
4.67,-5.019057,2210
4.65,-4.1919894,2210
4.62,-2.432196,2210
4.61,-4.0976553,2210
4.59,-4.591978,2210
4.55,-4.311431,2210
6.26,3.3413858,4176
9.22,7.429011,13763
8.74,4.18532,13763
8.0,2.514417,13763
7.12,0.53220975,4995
7.04,2.296006,4995
6.47,0.0062070526,4995
6.43,-0.7064519,4995
6.25,-1.1064283,4995
5.89,-2.0403626,4995
5.9,0.7296346,1900
8.7,1.4156723,814
8.46,1.4340286,814
6.75,2.2719996,814
5.7,-0.63064253,395
5.39,-2.6405327,395
6.61,-1.4510703,8204
6.51,0.11466399,8204
6.4,1.3318063,8204
5.57,-4.3844695,1872
5.22,-0.8901936,15547
4.87,-1.4835944,15547
4.5,-4.03888,15547
4.42,-0.4682912,15547
4.42,-1.1009481,15547
4.3,-5.6519957,15547
4.11,-6.747971,15547
6.13,-7.468533,7765
6.13,-3.4013317,7765
6.13,0.74368435,7765
6.13,-0.28887936,7765
6.13,-3.5728827,7765
6.13,-2.1550646,7765
6.13,0.9636577,7765
6.13,-5.714934,7765
6.13,-2.4330525,7765
6.13,-2.41289,7765
6.13,-1.9090227,7765
6.13,-4.3035975,7765
6.13,-3.7621694,7765
6.13,-4.232958,7765
6.13,-2.29311,7765
6.13,-0.38306606,7765
6.13,1.4518696,7765
6.13,-0.6566943,7765
6.13,-3.0742316,7765
6.13,-6.331688,7765
6.13,-1.8563471,7765
6.13,-2.098272,7765
6.13,-2.8775651,7765
6.13,-1.3442389,7765
6.13,-3.138838,7765
6.13,2.128415,7765
6.13,1.9800516,7765
6.13,-2.0851383,7765
6.13,-2.0420172,7765
6.13,-1.1187205,7765
6.13,-0.8107004,7765
6.13,-2.3354025,7765
6.13,-0.13707733,7765
6.13,-2.8623044,7765
6.13,-0.24401502,7765
6.13,1.4638221,7765
6.13,-4.708843,7765
6.13,-4.433297,7765
6.13,-3.1238313,7765
6.13,-8.208697,7765
6.13,-2.8759422,7765
6.13,-2.420765,7765
6.13,-6.5985913,7765
6.13,-1.5472087,7765
6.13,-4.245279,7765
5.12,-5.6716495,7765
5.12,-3.0597448,7765
5.12,-3.1195676,7765
5.12,-3.2081985,7765
5.12,4.564408,7765
5.12,2.756681,7765
5.12,1.2089614,7765
5.12,-2.4793124,7765
6.46,-0.74166244,2682
5.21,-2.1814253,14392
4.96,-2.9936857,14392
4.8,-4.2889314,14392
4.82,-8.010855,3406
4.52,-4.1685796,3406
8.89,3.3381279,5215
8.64,0.9554647,5215
8.39,-3.3678632,5215
7.22,-3.8955572,5215
6.7,-1.0023884,5215
6.68,-6.226991,5215
6.41,-5.315187,5215
6.33,-6.7529306,5215
6.17,-3.9043481,5215
6.16,-5.548323,5215
6.09,-2.6830406,5215
5.92,-2.5631611,5215
5.92,-4.2711253,5215
5.89,-8.18095,5215
5.39,-4.072949,5215
6.41,-1.5024761,16375
6.34,-0.88382953,16375
5.05,-3.3036253,792
8.85,1.2995187,4893
8.8,3.8246307,4893
8.6,5.1264443,4893
8.42,3.3868914,4893
8.15,0.5130635,4893
8.15,-2.6733482,4893
8.14,4.205245,4893
8.04,5.212305,4893
7.7,-2.6287167,4893
7.57,2.3188457,4893
4.82,5.6787424,5083
7.62,-1.6964371,8375
7.58,-1.5958242,8375
7.52,-1.6964369,8375
7.5,-1.5375351,8375
7.41,-11.807142,8375
7.31,-3.4914958,8375
7.14,-2.426833,8375
7.07,0.10166283,8375
7.05,-1.2099861,8375
7.05,-11.111466,8375
7.02,-6.8229303,8375
7.0,0.24378332,8375
6.96,-9.198444,8375
6.96,-6.509489,8375
6.95,1.4685526,8375
6.92,-9.458418,8375
6.9,-6.435145,8375
6.89,-8.446849,8375
6.86,-10.684483,8375
6.79,-7.704631,8375
6.77,-7.786701,8375
6.66,-6.59668,8375
6.61,-3.3902538,8375
6.54,0.45802334,8375
6.49,-6.259496,8375
6.46,-1.7904738,8375
6.42,-6.5256343,8375
6.4,-2.63606,8375
6.32,-8.915095,8375
6.23,-5.861804,8375
6.21,-2.2850845,8375
6.21,-6.398396,8375
6.15,-3.1944313,8375
5.98,-7.698106,8375
5.84,0.27680147,8375
5.77,0.15007126,8375
5.62,-2.5600388,8375
5.61,1.5372549,8375
5.54,-2.8396537,8375
5.41,-0.732445,8375
5.17,-2.3128302,8375
6.46,-3.9788659,5652
6.4,-3.710062,5652
6.31,-4.0196543,5652
6.3,-4.3337755,5652
6.29,-4.628248,5652
6.24,-4.1751995,5652
6.22,-4.798866,5652
6.1,-3.2014675,5652
6.09,-3.8078234,5652
6.07,-4.0397453,5652
6.05,-5.8923626,5652
5.96,-3.7398345,5652
5.96,-2.9551468,5652
5.92,-4.9168673,5652
5.87,-1.9722581,5652
5.82,-1.8069746,5652
5.82,-5.8669906,5652
5.82,-4.2081103,5652
5.82,-4.948383,5652
5.8,-4.997366,5652
5.77,-4.901653,5652
5.75,-2.29287,5652
5.75,-3.1242967,5652
5.7,-5.3166633,5652
5.66,-4.6987934,5652
5.6,-5.625497,5652
5.57,-4.698794,5652
5.54,-6.7355323,5652
5.51,-3.3164787,5652
5.41,-4.734443,5652
5.36,-3.8110166,5652
5.32,-4.989079,5652
5.31,-6.633907,5652
5.19,-5.649855,5652
5.19,-5.164033,5652
5.19,-5.805135,5652
5.17,-6.8365216,5652
5.05,-6.516239,5652
4.43,-10.177857,15497
4.37,-3.8329475,15497
10.07,-1.776049,8503
9.74,4.953779,8503
9.06,-0.41140005,8503
8.2,0.71301055,8503
8.17,-2.6173537,8503
7.85,2.5039072,8503
7.75,0.9512659,8503
7.48,-3.1126018,8503
7.0,3.3956778,8503
6.6,-1.5919589,8503
7.66,-0.30836293,10440
8.19,-3.1392488,7961
7.75,-4.1634936,7961
7.44,3.3343198,4696
6.89,-4.817598,4696
6.56,-0.72924554,4696
6.55,-1.3161386,4696
6.03,-2.3657176,4696
5.7,-3.9947422,4696
5.55,0.8778845,4696
5.36,0.81459415,4696
4.85,2.4380052,4696
4.52,-3.437557,10037
6.28,-4.4893894,10222
7.31,1.7040004,12039
6.8,-4.9045167,12039
6.52,-1.7262374,12039
6.07,-4.9045167,12039
6.57,-3.0886476,4677
8.18,4.4835105,7989
8.02,2.2061234,7989
7.75,-3.8587072,7989
7.62,-0.08136225,7989
7.5,0.27954894,7989
7.28,-1.6929181,7989
7.26,-1.3972116,7989
6.42,-4.489597,7989
7.82,2.9414964,16383
7.8,2.396122,16383
7.72,2.5540872,16383
7.55,1.7374512,16383
7.37,0.7957079,16383
7.35,3.298455,16383
7.05,1.2217574,16383
6.79,2.2952557,16383
6.52,-0.5805868,16383
6.44,0.98242676,16383
9.15,2.144736,13300
8.85,2.5001268,13300
8.66,3.5357869,13300
8.66,3.057521,13300
7.95,2.2338428,13300
7.92,1.3777598,13300
7.58,-0.1040649,13300
7.56,-0.4138503,13300
7.53,3.3144343,13300
7.43,1.0646354,13300
7.19,1.1414728,13300
6.88,0.26749763,13300
6.78,-0.6265748,13300
6.65,-3.2472317,13300
6.64,-1.675382,13300
6.47,-0.054478373,13300
6.46,-3.4287398,13300
6.37,-4.93116,13300
6.34,-2.9848566,13300
6.27,-2.0248477,13300
6.25,-2.1667957,13300
6.19,-2.7304459,13300
6.18,-2.9523993,13300
6.12,-1.5824047,13300
6.1,-3.8675742,13300
6.02,-2.8262799,13300
5.95,-4.0147123,13300
5.92,-4.3826714,13300
5.73,-1.9723082,13300
5.63,-1.491507,13300
5.6,-4.5073476,13300
5.51,-2.686549,13300
5.39,-4.802249,13300
8.15,3.8031552,2193
8.15,2.7345245,2193
7.7,-5.086323,2193
7.7,2.4090343,2193
7.7,3.3355558,2193
7.52,4.670864,2193
7.41,-8.254369,2193
7.4,1.726885,2193
7.4,1.0452856,2193
7.16,2.9894545,2193
7.1,2.3139741,2193
6.96,3.8031557,2193
6.92,3.3857214,2193
6.85,0.48703796,2193
6.85,2.4029338,2193
6.72,1.3896129,2193
6.7,4.87396,2193
6.62,3.0922177,2193
6.6,-7.879871,2193
6.48,-6.5336423,2193
6.46,-7.283453,2193
6.4,0.55026037,2193
6.34,-2.316905,2193
6.07,-0.15262477,2193
5.82,-1.9502223,2193
5.8,-6.0583553,2193
5.67,4.4749236,2193
5.64,3.8693361,2193
5.57,3.9137218,2193
5.47,1.355374,2193
5.24,0.737241,2193
5.16,-5.455415,2193
4.9,4.1028643,2193
4.69,1.6264607,2193
8.4,-4.3745766,15538
8.3,2.0470767,15538
6.8,5.0102572,15538
6.45,-0.5004371,15538
5.52,2.6846702,15538
4.6,4.3297977,15538
8.63,1.2837558,4549
8.07,6.019743,4549
8.07,2.5881743,4549
7.95,3.7238944,4549
7.91,3.6915097,4549
7.87,7.051973,4549
7.86,2.9363704,4549
7.86,2.7372022,4549
7.74,1.7278602,4549
7.72,1.2427155,4549
7.61,3.3939667,4549
7.54,4.757142,4549
7.52,4.505861,4549
7.47,5.83137,4549
7.46,2.1253865,4549
7.45,2.0996068,4549
7.44,-4.8361726,4549
7.41,-0.019450862,4549
7.2,1.4251078,4549
7.18,1.4139371,4549
7.11,-0.12682268,4549
7.09,2.9200194,4549
6.9,7.056241,4549
6.85,3.3468761,4549
6.8,-0.15654217,4549
6.76,-0.31972164,4549
8.8,-1.8835212,8195
6.73,-6.405626,8195
7.37,-1.3047442,14247
7.08,-0.14889355,14247
7.05,0.9270754,14247
6.99,-0.8760374,14247
6.94,0.9270754,14247
6.94,-1.0575194,14247
6.88,2.391855,14247
6.7,-1.0671448,14247
6.49,-1.1119772,14247
6.27,-1.7266626,14247
7.51,-1.2021164,13838
8.52,3.0492544,6303
8.52,4.415514,6303
8.4,4.831305,6303
8.4,2.9093063,6303
8.4,5.7111254,6303
8.4,0.095457375,6303
8.3,2.5379875,6303
8.3,4.411533,6303
8.3,2.6110828,6303
8.22,3.2532356,6303
8.22,2.7940087,6303
8.22,3.7250462,6303
8.22,5.5107408,6303
8.22,1.960211,6303
8.15,7.5579996,6303
8.15,2.580397,6303
8.15,4.194774,6303
8.15,5.185931,6303
8.05,4.7879558,6303
8.05,4.4770093,6303
8.05,4.668963,6303
8.0,4.25868,6303
8.0,4.6192555,6303
7.96,1.4821049,6303
7.96,3.1266184,6303
7.85,4.388086,6303
7.85,6.492846,6303
7.82,3.4358046,6303
7.8,4.7380123,6303
7.8,-0.44344005,6303
7.75,1.7907568,6303
7.75,0.7616909,6303
7.75,-1.233481,6303
7.75,5.6638627,6303
7.72,2.2029684,6303
7.7,-1.5186198,6303
7.7,5.366304,6303
7.7,2.031467,6303
7.68,1.4304284,6303
7.64,7.23341,6303
7.58,1.3746954,6303
7.58,0.555281,6303
7.57,5.300154,6303
7.57,3.6150131,6303
7.55,2.65892,6303
7.55,4.582741,6303
7.5,4.630497,6303
7.48,1.0092577,6303
7.46,2.5331888,6303
7.46,3.1303337,6303
7.46,4.4246845,6303
7.43,3.7974484,6303
7.36,3.5821693,6303
7.35,-1.1346234,6303
7.34,4.6764703,6303
7.33,-2.4490607,6303
7.29,1.9204766,6303
7.28,-4.06584,6303
7.25,3.1946702,6303
7.23,1.8193948,6303
7.22,4.903895,6303
7.22,-1.190474,6303
7.21,3.8453822,6303
7.17,3.81836,6303
7.16,4.4737983,6303
7.16,4.288479,6303
7.16,1.6687016,6303
7.12,2.492264,6303
7.12,0.20305733,6303
7.09,3.0046878,6303
7.07,5.4097147,6303
7.06,1.9704231,6303
7.05,4.88951,6303
7.05,2.6552978,6303
7.04,5.9482775,6303
7.04,4.228314,6303
7.03,-0.753803,6303
7.02,0.1773144,6303
6.99,0.5747692,6303
6.99,3.9847777,6303
6.99,4.6121707,6303
6.99,4.450125,6303
6.97,6.081564,6303
6.97,2.882717,6303
6.95,-1.4686084,6303
6.94,3.0368884,6303
6.92,5.1731305,6303
6.92,0.96918786,6303
6.92,3.7881842,6303
6.91,0.58569276,6303
6.9,4.0227704,6303
6.9,4.789508,6303
6.9,3.8240132,6303
6.89,4.152416,6303
6.89,-3.2212942,6303
6.89,4.783056,6303
6.88,2.568406,6303
6.88,2.8833103,6303
6.87,0.12256271,6303
6.87,4.2834096,6303
6.87,0.26830816,6303
6.86,1.3467593,6303
6.86,6.7381625,6303
6.85,1.3337518,6303
6.84,3.9304268,6303
6.84,3.1656132,6303
6.82,3.8167224,6303
6.81,-0.7292502,6303
6.81,4.2487407,6303
6.81,2.918186,6303
6.79,-3.862507,6303
6.78,2.1521242,6303
6.78,-1.3582053,6303
6.77,5.9297495,6303
6.77,0.09305734,6303
6.77,-0.8203536,6303
6.77,4.7025886,6303
6.76,1.8610482,6303
6.76,0.44903874,6303
6.75,-8.044228,6303
6.73,5.2922883,6303
6.73,3.810996,6303
6.72,-1.2063938,6303
6.71,1.2328277,6303
6.7,-0.52383006,6303
6.7,3.987383,6303
6.69,0.23315848,6303
6.68,3.358101,6303
6.67,2.966837,6303
6.66,0.7248142,6303
6.66,4.7800903,6303
6.65,2.6215034,6303
6.64,3.0368462,6303
6.63,1.1380786,6303
6.63,2.0110443,6303
6.62,4.282864,6303
6.62,2.1721106,6303
6.62,-3.9000988,6303
6.62,-0.5701356,6303
6.6,4.3421345,6303
6.6,0.9366389,6303
6.6,-0.2633098,6303
6.59,1.2535563,6303
6.59,4.803268,6303
6.59,-3.6977093,6303
6.57,1.7833263,6303
6.55,4.381732,6303
6.54,-1.0335373,6303
6.54,-0.43956104,6303
6.54,1.3311274,6303
6.52,-0.47664866,6303
6.51,-5.270445,6303
6.5,5.647892,6303
6.5,-4.8433924,6303
6.47,4.2711515,6303
6.46,1.8688111,6303
6.46,0.69748795,6303
6.46,6.2127414,6303
6.46,4.9727006,6303
6.45,-3.7094965,6303
6.45,-0.11148246,6303
6.45,3.0052674,6303
6.44,0.42923856,6303
6.44,4.371621,6303
6.43,-4.658296,6303
6.43,0.6051998,6303
6.42,0.17198701,6303
6.41,-0.152712,6303
6.4,2.8839889,6303
6.39,-2.3526642,6303
6.31,-5.4476576,6303
6.31,8.892843,6303
6.3,-3.8540971,6303
6.29,3.3248122,6303
6.29,4.458768,6303
6.26,3.3201113,6303
6.21,1.4872209,6303
6.19,-0.08687861,6303
6.18,3.6899226,6303
6.17,4.747556,6303
6.17,3.29683,6303
6.16,6.3473015,6303
6.15,-1.0835104,6303
6.11,4.9336653,6303
6.09,2.5648458,6303
6.05,-3.7687528,6303
6.04,5.271571,6303
6.01,5.351429,6303
6.0,-5.5495157,6303
6.0,-0.45608714,6303
5.96,3.4585874,6303
5.96,3.9414208,6303
5.83,-1.1894834,6303
5.82,3.9678628,6303
5.8,0.7503568,6303
5.7,-6.63449,6303
5.6,-7.320987,6303
5.55,-7.828057,6303
5.47,-6.079684,6303
5.4,-9.05111,6303
5.33,-5.506483,6303
4.9,-6.6500964,6303
4.6,-2.7037265,6303
8.1,4.299069,1508
5.0,-0.7179026,2465
4.43,-4.7031555,2465
9.11,5.565061,5722
8.92,3.696716,5722
8.89,4.8175845,5722
8.77,7.062769,5722
8.47,0.22939809,5722
8.44,5.3841896,5722
8.28,1.5782349,5722
8.04,0.71387285,5722
7.6,0.5307414,5722
7.6,0.44243497,5722
7.34,-0.181416,5722
7.05,-3.0637577,5722
6.89,-4.135062,5722
6.82,-1.1652417,5722
6.62,-4.1350627,5722
6.47,-2.2770886,5722
7.72,0.53465486,11147
7.7,1.3404527,11147
7.68,1.9499145,11147
8.0,-3.0852199,1003
7.96,-3.4600914,1003
7.6,-1.8970004,1003
7.27,-3.9928515,1003
7.12,-6.3618474,1003
6.96,-5.813817,1003
6.81,-1.8600564,1003
6.57,1.1224973,1003
6.55,-3.961726,1003
6.49,0.47284645,1003
6.4,-5.7705445,1003
6.39,-4.4433756,1003
6.33,-2.4142544,1003
6.23,3.903589,1003
6.19,-3.9766095,1003
6.01,0.5337627,1003
5.87,-1.0160068,1003
5.84,-4.963413,1003
5.79,-0.42298564,1003
5.74,-3.6873481,1003
5.65,-2.668342,1003
5.62,-1.0791315,1003
5.56,-3.7151237,1003
5.44,-2.0004268,1003
5.16,-0.64456034,1003
7.64,-1.2251104,459
4.7,-6.254754,3078
4.22,-8.476584,3078
7.96,4.1691833,7991
7.72,2.4286795,7991
7.72,1.3772241,7991
7.62,2.4286792,7991
7.62,4.4757733,7991
7.62,-1.8993886,7991
7.6,-0.25693443,7991
7.6,2.4286792,7991
7.6,-3.802926,7991
7.58,4.169184,7991
7.58,1.3772241,7991
7.57,0.328602,7991
7.47,-1.3472319,7991
7.46,3.4404874,7991
7.44,-2.727508,7991
7.44,-1.4079239,7991
7.43,-1.6157873,7991
7.42,2.4286795,7991
7.39,-0.5778781,7991
7.36,1.3772238,7991
7.31,-2.028056,7991
7.29,-0.95637286,7991
7.28,-1.4826113,7991
7.28,-4.246022,7991
7.27,-2.9548132,7991
7.27,-1.3414841,7991
7.24,-2.20068,7991
7.24,-0.2569353,7991
7.22,-0.8520278,7991
7.21,-0.8520278,7991
7.2,1.4876472,7991
7.17,1.0082021,7991
7.16,-0.88556975,7991
7.16,-3.4630396,7991
7.12,-1.5975682,7991
7.12,-0.55038667,7991
7.11,0.42431706,7991
7.11,1.6213564,7991
7.11,-2.1064804,7991
7.1,1.2890894,7991
7.1,-0.44604346,7991
7.09,0.34220496,7991
7.09,1.7751464,7991
7.08,-0.44321516,7991
7.08,-1.5349822,7991
7.07,-0.7089887,7991
7.07,-0.83440965,7991
7.06,0.34220478,7991
7.05,-5.7121377,7991
7.05,-1.7111554,7991
7.05,0.9758011,7991
7.03,0.076395825,7991
7.01,-2.9773366,7991
7.0,-2.1423683,7991
7.0,-1.3202136,7991
6.96,0.9758004,7991
6.96,-1.0044016,7991
6.96,-2.084967,7991
6.96,-0.75495243,7991
6.92,-1.2077781,7991
6.92,-1.5716108,7991
6.92,-3.304252,7991
6.92,-1.5310936,7991
6.92,-0.1844822,7991
6.92,-1.994173,7991
6.89,-0.94909525,7991
6.85,-2.8436165,7991
6.85,-0.36907062,7991
6.82,-0.94127256,7991
6.82,-3.353153,7991
6.82,-1.7111566,7991
6.8,-1.5975682,7991
6.77,-2.7988164,7991
6.75,-0.6512356,7991
6.75,-0.66083425,7991
6.72,3.223664,7991
6.7,1.9841098,7991
6.66,3.2236636,7991
6.66,-1.9970064,7991
6.58,-0.7940564,7991
6.58,-5.7121377,7991
6.57,-2.1724987,7991
6.5,-2.076544,7991
6.42,2.8594532,7991
6.42,2.8106997,7991
6.4,-1.5610558,7991
6.39,1.5322765,7991
6.37,-4.519263,7991
6.36,-0.06228816,7991
6.36,-0.497977,7991
6.35,-3.9979384,7991
6.34,0.5792585,7991
6.29,-1.370893,7991
6.29,1.7176099,7991
6.29,-1.5293711,7991
6.27,-1.3546357,7991
6.25,-0.24241765,7991
6.24,-3.7039351,7991
6.21,1.6213561,7991
6.2,-4.2137485,7991
6.17,-4.816763,7991
6.09,-1.5293711,7991
6.07,-3.8370807,7991
6.07,0.5792585,7991
5.96,1.7176094,7991
5.92,-4.221804,7991
5.89,0.11265074,7991
5.85,1.0082021,7991
5.8,-4.5887184,7991
5.64,3.4943426,7991
5.64,-6.7900867,7991
5.6,-4.2886796,7991
5.6,-2.1309378,7991
5.55,-3.6050751,7991
5.5,-5.1227765,7991
5.43,0.4652836,7991
5.41,-3.8674123,7991
5.21,1.6622692,7991
7.41,-2.192898,8970
7.18,-3.8563235,8970
7.15,-3.487198,8970
7.13,-5.9899764,8970
7.12,-0.5376519,8970
7.11,-2.7002256,8970
7.04,-4.2959914,8970
6.55,-5.0800786,8970
5.68,-4.1429286,8970
8.52,-3.3071864,8561
8.52,-1.3776314,8561
8.52,-0.4233264,8561
8.15,-5.0165353,8561
8.1,1.7211387,8561
8.05,-3.5159142,8561
8.0,-4.1453733,8561
7.92,-5.845138,8561
7.82,-2.5942867,8561
7.8,-3.8266456,8561
7.8,-4.097106,8561
7.77,-5.7528453,8561
7.77,-3.6159732,8561
7.72,-4.23935,8561
7.5,-0.9592659,8561
7.46,-2.7683644,8561
7.24,-3.6804206,8561
6.52,-1.4048858,8561
5.92,-5.5103784,8561
5.13,-2.7435994,8561
9.4,-2.138665,12793
9.22,6.142977,12793
8.26,3.7417796,12793
8.19,6.0134397,13346
7.53,2.9474828,13346
7.02,4.553015,13346
6.77,2.0359588,13346
6.45,0.103469774,13346
6.23,-2.2470682,12088
5.43,-2.4423652,12088
5.0,0.29233226,12088
7.96,-0.2726752,4566
5.62,-2.5303195,4261
5.55,-5.20406,4261
5.0,3.7557242,4261
6.15,-1.9426075,3532
6.05,-1.7318445,6950
5.82,-0.91329086,6950
7.14,0.30672827,2941
5.5,-4.339355,2941
5.14,-2.9856234,2941
5.12,-6.021651,2941
5.04,-6.415805,2941
4.87,-7.757372,2941
4.6,-8.07312,2941
4.42,-5.582172,2941
4.36,-9.49125,2941
4.16,-6.9544916,2941
4.07,-3.8213024,2941
7.76,1.7191656,3661
6.75,0.5382027,3661
6.18,-3.4365463,3661
6.4,4.963963,8979
6.1,1.5755872,8979
6.0,4.3693023,8979
6.52,-4.935086,9982
5.57,-3.4518046,5777
7.7,-0.6648498,13117
7.57,-1.3360355,13117
7.52,-1.9399471,13117
7.5,-1.1534532,13117
7.43,0.45600727,13117
7.31,1.2651856,13117
7.3,5.3342175,13117
7.3,-0.006377425,13117
7.27,5.0538535,13117
7.25,-1.8699951,13117
7.21,1.7510556,13117
7.2,0.7830678,13117
7.16,4.900151,13117
7.13,-3.6924968,13117
7.12,0.9407671,13117
6.84,-3.9229774,13117
6.71,-1.9774771,13117
6.61,3.1960404,13117
6.61,-2.971621,13117
6.57,-0.9874866,13117
6.57,0.8460725,13117
6.56,2.5070405,13117
6.56,3.0856757,13117
6.55,-0.6791346,13117
6.27,-1.8605514,13117
6.13,-0.12353696,13117
6.07,-4.8242545,13117
6.2,-3.6812975,9024
5.9,-1.4213313,9024
5.8,-1.0201584,9024
5.5,-2.8686314,9024
5.1,-3.0454948,9024
4.5,-5.9790998,9024
8.43,6.721178,2390
8.2,4.3049045,2390
7.75,0.37771055,2390
7.64,4.672694,2390
7.62,1.4669774,2390
7.55,5.234918,2390
7.36,-2.5634346,2390
7.36,1.7945231,2390
7.34,3.0665462,2390
7.27,2.9671524,2390
7.25,1.0077105,2390
7.21,4.620445,2390
6.9,5.0940585,2390
6.89,3.0857759,2390
6.87,5.031887,2390
6.82,6.0113344,2390
6.72,2.2019815,2390
6.65,-0.4708794,2390
6.62,-0.39432642,2390
6.61,3.0249493,2390
6.59,-0.5460665,2390
6.55,-4.29784,2390
6.42,4.9280987,2390
6.3,6.2554917,2390
6.11,4.522846,2390
6.11,-0.38614002,2390
5.99,2.6707573,2390
5.84,2.6306121,2390
5.72,2.0221822,2390
5.57,-0.2658233,2390
7.58,-1.0784851,959
7.43,-1.7351271,959
7.43,-2.980372,959
7.31,-1.4793552,959
7.21,-4.7805743,959
7.18,1.0174074,959
7.16,0.18787338,959
7.11,-3.1901648,959
7.11,-1.7061421,959
7.0,-3.5645308,959
6.98,-0.43295857,959
6.9,-1.1187445,959
6.86,0.7915229,959
6.8,-4.0705104,959
6.8,0.15727457,959
6.78,-4.338168,959
6.69,3.445475,959
6.68,-0.99757063,959
6.67,-6.9016633,959
6.52,-5.5754724,959
6.4,0.86705285,959
6.29,2.2593462,959
6.29,-5.4103274,959
6.13,-6.1205487,959
6.09,-3.080436,959
6.07,1.00617,959
6.03,-6.6231275,959
6.0,-5.56722,959
5.92,-7.860494,959
5.92,-3.2242286,959
5.77,-4.9909153,959
5.77,-2.8356934,959
5.75,-4.414445,959
5.72,-3.4902825,959
5.72,-6.0793266,959
5.68,-4.112138,959
5.62,-7.786018,959
5.6,-4.9929094,959
5.54,-4.567947,959
5.34,-3.0231705,959
5.28,-8.403788,959
5.27,-1.2315688,959
5.24,-8.76803,959
5.24,0.5107452,959
5.17,-5.5045347,959
5.13,-5.52156,959
5.11,-5.8864365,959
5.1,-4.758934,959
4.98,-2.4043725,959
4.96,-4.692825,959
4.3,-5.570753,959
4.3,-8.352674,959
4.3,0.78301376,959
4.3,-7.968287,959
8.57,0.597235,13939
8.1,2.7345607,3044
7.43,0.9569462,3044
7.34,4.137918,3044
7.34,4.5572734,3044
7.17,0.03423061,3044
7.06,-0.69842935,3044
6.78,-3.3486946,3044
6.77,-0.54490024,3044
6.73,-0.89419436,3044
6.23,-1.1411533,3044
6.11,2.4250567,3044
5.89,0.084343016,3044
5.79,1.6407137,3044
5.5,-2.6394465,3044
5.42,-2.0814183,3044
5.32,0.42070454,3044
4.91,-3.0656993,3044
4.9,0.28479284,3044
4.9,-5.215873,3044
4.9,-5.8428464,3044
4.9,-0.69852346,3044
4.9,0.8064616,3044
4.9,-2.5869005,3044
6.27,-1.5747882,13511
8.15,-1.3209286,17010
8.15,0.05935916,17010
8.15,0.3041982,17010
8.05,-1.1036221,17010
8.05,-1.39137,17010
8.0,0.90028644,17010
8.0,-0.8836983,17010
8.0,0.6101857,17010
8.0,0.20516449,17010
8.0,1.0551689,17010
8.0,-0.5195473,17010
7.85,-1.4266291,17010
7.8,-1.7187191,17010
7.7,-2.4878826,17010
7.7,-0.9735671,17010
7.66,-1.8001748,17010
7.62,0.19565882,17010
7.52,-1.1323823,17010
7.52,-2.0058239,17010
7.44,-2.1758728,17010
7.4,-0.28902638,17010
6.77,-2.4336586,17010
6.7,-0.79876834,17010
6.3,0.47176543,17010
5.75,-2.9293103,17010
5.7,-5.999008,17010
5.7,-5.8663454,17010
5.15,-5.495592,17010
8.0,-0.38535148,5822
7.52,2.162833,5822
7.47,-1.086385,5822
7.31,2.2655303,5822
6.44,0.89371717,5822
5.93,-0.81433946,3052
9.0,3.4338639,13206
8.05,2.0772517,13206
8.0,2.3600378,13206
7.96,3.3467286,13206
7.89,2.6842682,13206
7.12,0.34152874,13206
7.0,-0.3020546,13206
6.7,3.8560352,13694
5.37,1.7344774,10941
8.3,4.478299,3441
8.28,-1.796147,3441
8.1,-5.29194,3441
7.85,-7.8513207,3441
7.82,4.836079,3441
7.8,4.3664017,3441
7.64,-6.7809553,3441
7.62,4.314785,3441
7.57,-3.3706493,3441
7.55,-6.9938293,3441
7.55,1.6210883,3441
7.48,-2.721959,3441
7.33,2.2566419,3441
7.3,1.9985318,3441
6.96,-2.2714434,3441
6.6,-8.529351,3441
6.58,-6.326956,3441
6.18,-7.67897,3441
6.13,-8.722493,3441
6.09,-8.926569,3441
6.03,-7.578832,3441
5.89,-9.234938,3441
5.41,-7.9723516,3441
5.06,-6.60345,3441
4.89,-6.8390694,3441
4.24,-8.33782,3441
9.4,5.8484597,13122
9.05,1.6647305,13122
7.23,-1.7544367,4459
8.72,-5.890137,11861
8.64,-1.3839248,11861
8.64,5.151958,11861
8.59,1.0483333,11861
8.48,0.7202284,11861
7.8,-0.9943317,11861
7.72,0.35810426,11861
7.68,5.952174,11861
7.6,-0.2575474,11861
7.58,-3.512252,11861
7.44,-3.0620048,11861
7.41,0.31034634,11861
7.29,5.464354,11861
7.28,5.8327017,11861
7.11,0.708303,11861
7.09,5.7563114,11861
7.04,2.231525,11861
6.84,3.5748525,11861
6.82,0.73008096,11861
6.38,1.2238293,11861
8.15,4.528658,10050
7.38,0.28963104,10050
7.11,0.58363146,10050
6.34,-0.048654053,10050
5.0,2.3202438,5012
9.47,8.615685,11168
9.46,7.9880524,11168
9.44,7.030644,11168
9.44,7.4427276,11168
9.43,6.6912656,11168
9.43,7.8328195,11168
9.41,7.8328195,11168
9.39,2.8069432,11168
9.36,7.9215055,11168
9.34,7.520753,11168
9.31,6.118704,11168
9.3,7.4439116,11168
9.29,7.9233384,11168
9.29,7.346134,11168
9.28,6.669916,11168
9.25,7.1669407,11168
9.18,7.446011,11168
9.14,6.5045094,11168
6.8,3.9792073,17322
6.68,-1.1655974,17322
6.64,2.5137985,17322
6.58,1.393531,17322
6.54,-3.976146,17322
6.52,-0.24272124,17322
6.46,4.7391434,17322
6.43,-3.1057994,17322
6.39,-3.3332565,17322
6.34,-1.1655974,17322
6.3,-5.7894025,17322
6.19,-1.8112141,17322
5.96,-1.670498,17322
5.92,-1.502356,17322
5.85,-1.5471344,17322
5.8,-4.318646,17322
8.01,-1.216861,3453
7.65,-3.4802606,3453
7.46,0.18443353,3453
7.39,-1.9391563,3453
7.37,-2.2142236,3453
7.19,-1.4452099,3453
7.16,-0.20164157,3453
6.62,2.4380906,3453
6.37,-1.5763649,16805
8.3,2.3692722,5429
8.3,2.4466438,5429
8.22,-0.1821694,5429
8.15,-0.15413842,5429
8.15,-2.3025908,5429
8.15,0.18375586,5429
8.1,-0.36077055,5429
8.05,4.8999815,5429
7.77,-3.0935009,5429
5.0,-0.304019,15866
8.3,2.020118,17117
9.43,4.4471145,15101
8.7,-1.2895184,7259
5.82,0.06414829,7259
6.0,2.1291914,7614
6.0,1.528859,7614
6.0,1.699937,7614
6.0,-2.1957684,7614
6.0,2.0972462,7614
6.0,1.383,7614
6.0,2.042425,7614
6.0,5.35535,7614
6.0,-0.122007206,7614
6.0,0.83890164,7614
6.0,3.4981863,7614
6.0,0.16191249,7614
6.0,2.0125065,7614
6.0,-1.2824475,7614
6.0,2.956814,7614
6.0,0.495513,7614
6.0,2.1825264,7614
6.0,-0.044764858,7614
8.01,-1.0969938,16284
7.64,-0.31694543,16284
7.16,1.2790264,16284
7.1,0.7476858,16284
6.85,-2.475497,16284
6.84,-4.795654,16284
6.79,-3.0699563,16284
6.56,-5.192006,16284
6.56,-3.3153214,16284
6.55,-5.29128,16284
6.5,-3.9638617,16284
6.44,-3.927662,16284
6.12,-5.16792,16284
6.06,-3.5236106,16284
5.96,-7.2602506,16284
5.57,-3.6102781,16284
5.51,-4.69272,16284
5.5,-7.16232,16284
5.28,-3.8683398,16284
5.2,-1.935545,16284
4.96,-6.770251,16284
4.83,-9.572447,16284
4.71,-7.535418,16284
4.63,-0.88758504,16284
4.62,-6.847656,16284
4.62,-4.721056,16284
4.37,-1.7582506,16284
5.52,-6.9133797,17552
4.75,-7.1102057,17552
9.04,1.4354577,6799
8.97,1.521859,6799
8.83,2.7645288,6799
8.43,0.37599155,6799
8.39,6.5674324,6799
8.25,2.6073947,6799
8.18,-0.5523332,6799
7.89,5.584831,6799
7.51,-0.41335627,6799
7.51,6.564409,6799
7.51,2.8883476,6799
6.65,2.5646305,6799
6.58,4.189135,6799
6.5,5.3307004,6799
5.56,0.32804272,17666
6.92,-3.5026236,2170
6.72,-5.287483,2170
6.03,1.8856473,2170
5.99,4.6656423,2170
5.92,-2.4653819,2170
5.55,3.7379408,2170
5.46,-3.847335,2170
5.46,-4.032823,2170
5.44,-2.8636425,2170
5.37,2.4245267,2170
5.29,-0.35349104,2170
5.22,-3.5824988,2170
5.18,-3.0293086,2170
5.14,-3.1109781,2170
5.11,1.3426329,2170
9.0,4.13849,2825
8.7,5.6575274,2825
8.3,3.388939,2825
8.22,2.5064726,2825
8.1,3.3319297,2825
8.1,3.4232173,2825
8.05,5.378193,2825
7.96,4.371919,2825
7.96,0.32658994,2825
7.89,-1.1310627,2825
7.8,4.235315,2825
7.77,2.681895,2825
7.75,4.5943737,2825
7.64,3.2775917,2825
7.51,3.4204953,2825
7.32,2.2007518,2825
7.3,2.0738626,2825
7.28,-2.204663,2825
7.18,-1.2796965,2825
7.17,3.3705301,2825
7.16,4.5087967,2825
7.1,2.0459604,2825
7.0,-1.1045787,2825
6.94,3.825482,2825
6.75,0.83996135,2825
6.75,1.4893202,2825
6.31,-1.5669214,2825
6.28,0.7245617,2825
5.48,-2.0410752,2825
7.66,2.880746,12073
4.16,-8.966383,10370
5.57,-3.39774,8789
5.57,-0.8715024,8789
5.57,-0.5144872,8789
5.55,-0.98863363,8789
5.54,-0.83505887,8789
5.51,-1.4160867,8789
5.4,-0.72318405,8789
5.25,-2.166778,8789
5.24,-1.38811,8789
5.14,-2.4035385,8789
5.04,-3.248859,8789
5.0,-3.557501,8789
4.83,-3.700273,8789
8.52,3.1477334,11813
8.23,4.697489,11737
7.68,2.8650906,1676
7.55,2.2875028,1676
7.55,2.7063549,1676
7.29,0.5085658,1676
7.22,2.7841501,1676
7.16,-3.1096904,1676
7.06,-1.7018986,1676
6.85,1.9178672,1676
6.55,-2.7194626,1676
6.54,-3.2542071,1676
6.41,-2.7206461,1676
6.39,2.7431164,1676
6.32,2.6306474,1676
6.27,2.7580955,1676
6.21,-1.6608831,1676
6.09,-1.2539514,1676
6.07,0.34419534,1676
6.0,0.20566145,1676
5.96,-0.9096793,1676
5.89,1.1612585,1676
5.82,1.5885308,1676
5.77,2.4386506,1676
5.7,1.9310105,1676
5.68,-1.3032992,1676
5.66,-1.4615842,1676
5.54,-0.9446306,1676
5.35,0.43642378,1676
5.3,0.074027285,1676
5.29,-0.61623055,1676
5.17,1.0556996,1676
5.03,1.1432741,1676
4.75,1.3280493,1676
4.47,4.752146,1676
4.44,0.21459849,1676
7.13,1.2520322,15595
6.57,-0.6906392,15595
6.52,0.963788,3687
9.25,3.406643,6208
9.18,4.5263124,6208
9.04,3.585593,6208
8.96,-0.69672894,6208
8.96,4.368387,6208
8.92,3.4066427,6208
8.92,2.0313756,6208
8.92,2.2120342,6208
8.92,1.3803103,6208
8.89,3.8831694,6208
8.89,3.7907703,6208
8.89,2.784056,6208
8.89,4.318576,6208
8.85,3.241843,6208
8.82,2.51319,6208
8.82,-0.06970951,6208
5.61,-3.1706862,2701
4.83,-9.778591,2701
4.75,-7.4872627,2701
4.64,-9.792302,2701
4.64,-6.6257668,2701
4.62,-8.5599,2701
4.59,-3.6326327,2701
4.19,-9.795025,2701
4.18,-10.051337,2701
8.49,4.5002613,11364
7.96,0.66006875,11364
6.89,-3.7335038,11364
6.18,-0.36446688,3815
6.11,-5.4276476,3815
5.89,-4.530773,3815
5.19,-6.829376,3815
5.82,-1.1566628,4479
7.62,1.547078,913
7.05,-2.9599543,913
6.89,2.168863,913
6.63,-2.5526884,913
6.6,1.0267997,913
6.56,-2.5749853,913
6.51,-3.0956545,913
6.51,1.0259235,913
6.3,-0.9633397,913
6.24,0.8453184,913
6.22,0.628925,913
6.04,1.1242378,913
5.99,2.6550386,913
5.91,1.9666603,913
5.8,3.3887298,913
5.78,2.3389387,913
5.69,1.8558198,913
5.68,1.1010953,913
5.65,-0.24311818,913
5.64,3.1547463,913
5.58,0.5699492,913
5.46,2.814805,913
5.39,3.0478697,913
5.34,1.580312,913
5.3,1.5253541,913
9.32,5.305737,2095
7.85,1.4007981,1174
4.74,-2.066523,8543
5.57,-2.7239523,15687
5.5,-4.479367,15687
5.44,-2.6629372,15687
5.14,-1.9785252,15687
4.45,-5.248785,15687
8.92,2.8503678,3548
8.1,-1.0247281,3548
8.1,1.4257746,3548
8.25,-2.0977385,11062
7.84,-0.22619666,11062
7.83,2.30133,11062
7.83,0.2403578,11062
7.81,0.3552998,11062
7.81,-3.3247259,11062
7.37,-2.0977385,11062
7.16,0.9669105,11062
6.82,-0.0986767,11062
6.2,1.0371046,11062
6.14,0.22099116,11062
6.15,0.31866348,1907
4.71,-2.6682596,1907
9.52,-1.7724023,11557
9.4,0.05261211,11557
9.3,-0.76516485,11557
9.1,0.71009624,11557
9.0,-1.3712559,11557
8.82,-1.1799066,11557
7.85,4.5401087,11557
8.7,2.2864926,256
7.52,-0.87971616,4987
7.31,2.3976495,4987
6.75,2.0148685,4987
6.62,-3.3753622,4987
6.55,-0.09828478,4987
5.85,-3.0137956,4987
5.72,-3.3568532,4987
5.52,-2.7745397,4987
5.16,-1.7934946,4987
4.82,-8.4198265,4987
4.68,-3.3973725,4987
8.0,-2.4547439,9503
9.39,1.424925,7374
9.38,-1.9177412,7374
9.37,-5.3165803,7374
9.27,-2.0626564,7374
9.26,-0.20448801,7374
9.17,-3.1961179,7374
9.17,-1.2993875,7374
9.16,1.8517,7374
9.15,-0.5081532,7374
9.11,-3.5639083,7374
9.06,-0.84295416,7374
8.92,-5.1315403,7374
8.62,-3.2641973,7374
8.57,-2.8176892,7374
8.46,-5.1871734,7374
8.44,-5.4105453,7374
8.36,-4.7136254,7374
8.35,-5.264227,7374
8.29,0.43084294,7374
8.24,-4.662623,7374
8.21,-4.1174664,7374
8.21,-3.2815037,7374
8.14,-0.46561357,7374
8.12,-3.418934,7374
8.11,-3.3835657,7374
8.07,-7.327662,7374
8.07,-5.8607974,7374
8.01,-5.5938916,7374
8.01,-2.9134998,7374
5.7,-6.434253,17549
7.8,-0.08948474,7697
8.0,3.8897703,17304
7.96,0.5715671,17304
7.92,2.7005048,17304
7.85,1.2078036,17304
7.8,1.7514774,17304
7.77,2.4810057,17304
7.77,0.093024805,17304
7.7,-0.19764479,17304
7.7,4.5304575,17304
7.68,2.9887621,17304
7.68,5.0358253,17304
7.58,4.542433,17304
7.5,2.2160854,17304
7.44,2.1149921,17304
7.42,4.6226416,17304
7.24,5.960194,17304
6.96,4.0082474,17304
6.82,4.2470684,17304
6.8,3.6680367,17304
6.7,4.055383,17304
6.7,4.798473,17304
6.66,2.6626046,17304
6.64,4.112922,17304
6.52,4.7645373,17304
8.3,-2.4385433,17206
7.23,-0.7288682,3909
6.64,-3.1364074,3909
6.24,-7.504905,3909
6.1,-5.7701364,3909
5.66,3.2036273,3909
5.62,-7.67519,3909
5.6,-3.538442,3909
5.58,-5.72796,3909
5.58,-7.093134,3909
5.48,-8.401874,3909
5.46,-3.952793,3909
5.43,-6.0169115,3909
5.39,-8.188555,3909
5.39,-3.3158438,3909
5.36,-7.094553,3909
5.0,-6.213322,3909
4.64,-8.395028,3909
4.62,-8.0477085,3909
4.62,-6.544493,3909
4.38,-8.794696,3909
4.29,-8.880486,3909
4.29,-8.571635,3909
4.03,-0.87201554,3807
7.28,5.117091,4879
6.28,-2.6304216,11889
6.11,-6.1327734,11889
5.89,-3.9392831,11889
5.33,-4.5349607,11889
5.29,-6.1327734,11889
9.3,6.2744627,10256
8.22,-0.7703807,11772
7.96,-2.7447596,11772
7.89,0.2650429,11772
7.85,-2.1088927,11772
7.24,-2.032121,11772
7.14,-1.7480103,11772
7.12,-1.9802535,11772
7.05,5.503819,11772
6.85,3.7772093,11772
6.81,-1.2060198,11772
6.78,-1.650547,11772
6.44,-2.0935006,11772
5.78,-2.340918,8818
9.1,7.786934,13120
6.16,-4.7409945,2739
6.42,-5.04513,2048
6.28,-3.9207551,2048
6.21,-6.107123,2048
6.14,-6.4103436,2048
5.89,-9.484461,2048
5.72,-5.996466,2048
5.55,-7.190633,2048
5.44,-8.624718,2048
5.35,-8.191118,2048
5.23,-7.794812,2048
4.66,-9.921241,2048
4.4,-7.12598,2048
4.02,-8.513451,2048
7.07,-1.1442378,4349
8.81,7.2960362,12926
8.77,4.8937135,12926
8.62,6.7468114,12926
8.52,4.562,12926
8.34,6.867359,12926
8.33,6.4320264,12926
8.27,6.666984,12926
8.27,6.3810534,12926
8.25,6.1300855,12926
8.15,2.7371938,12926
7.84,6.548158,12926
5.76,-2.546377,1496
6.67,4.011949,8363
6.58,2.6131911,8363
7.39,4.0614166,13713
6.79,2.0748875,13713
5.88,2.7403867,13713
5.48,0.36875078,13713
5.36,-5.634612,1113
4.66,-2.6977677,1113
7.68,3.1184883,4938
5.75,-0.5528111,4938
9.4,2.3256395,9969
9.3,5.240758,9969
9.15,5.3691874,9969
9.05,-1.3202218,9969
9.0,5.388152,9969
8.68,3.1246467,9969
8.64,4.872201,9969
8.59,3.4352853,9969
8.55,4.0358253,9969
8.35,4.537578,9969
8.28,3.7259119,9969
8.15,-0.7123978,9969
8.15,3.0804167,9969
8.15,4.8045373,9969
8.11,-1.174147,9969
7.92,2.8544168,9969
7.47,5.2482767,9969
6.97,-0.19084907,9969
6.23,-0.5931208,9969
7.42,4.3512235,11960
7.62,0.83769524,11277
7.23,0.47883663,11277
7.22,0.8739069,11277
6.84,-0.55562305,11277
6.79,1.5149419,11277
6.78,0.83769524,11277
6.68,0.44401738,11277
6.67,-0.47738597,11277
6.66,2.191178,11277
6.48,-0.515567,11277
6.47,-0.21409418,11277
6.4,-0.004308313,11277
6.37,-0.47738597,11277
6.29,1.5505728,11277
6.22,0.44401738,11277
6.22,1.6048385,11277
6.11,0.47883663,11277
5.76,-0.21409418,11277
5.47,-0.44489354,11277
8.74,2.8656244,14143
8.51,3.2800996,14143
8.37,-0.8869859,29
6.2,-1.847765,13295
7.92,2.9086342,17615
8.27,3.1239338,12100
8.13,1.9276178,12100
7.85,-0.04821748,12100
7.7,0.28559208,12100
6.58,-1.863296,11372
6.17,-1.0868264,11372
5.28,-7.379214,11372
4.72,-7.7260427,11372
5.0,5.727938,17478
5.29,-8.511944,1641
4.72,-5.6790667,1641
7.01,-1.940558,13965
7.0,-1.9060718,13965
6.72,-2.353569,13965
6.32,-1.280188,13965
6.28,-1.441855,13965
6.21,-0.59271014,13965
6.0,0.8083695,13965
6.0,-1.7882849,13965
6.0,-2.9864395,13965
6.0,0.17582287,13965
6.0,-0.20618239,13965
6.0,-0.11492325,13965
6.0,-3.80904,13965
6.0,-2.3626614,13965
6.0,-0.97215927,13965
6.0,-0.5641694,13965
6.0,0.3872927,13965
6.0,-0.7384756,13965
6.0,-0.7769241,13965
6.0,1.667708,13965
6.0,2.3181732,13965
6.0,1.503832,13965
6.0,-0.65448374,13965
7.89,2.4970005,288
7.0,-1.7187703,288
6.9,1.4199638,288
6.9,2.5525537,288
6.6,2.7101421,288
6.3,1.8910631,288
6.2,1.6415871,288
6.2,2.5551586,288
6.1,1.0801344,288
6.1,3.7113974,288
6.0,5.5750904,288
6.0,2.2355251,288
5.9,-1.2413868,288
5.9,-1.2641865,288
5.9,5.237599,288
5.8,1.7718241,288
5.8,4.418377,288
5.8,6.200364,288
5.7,5.6845183,288
5.7,5.5088964,288
5.7,3.4934232,288
5.6,5.0483956,288
5.5,4.499541,288
5.5,2.44912,288
5.5,3.9329731,288
5.41,1.8191929,288
5.4,0.39644602,288
5.3,4.6598334,288
5.3,-0.2491975,288
5.2,4.948602,288
5.1,3.1082714,288
5.1,-0.5566255,288
5.0,-1.3178549,288
5.0,-0.22460328,288
6.72,-0.28919423,14983
8.96,0.35238534,7405
8.41,2.0185637,7405
8.25,0.70023376,7405
8.0,1.4882249,7405
7.77,-0.06080213,7405
7.75,-1.382054,7405
7.7,2.4121368,7405
7.68,3.0829468,7405
7.66,1.1235553,7405
7.54,0.40860948,7405
7.51,0.13844784,7405
7.46,-0.37228343,7405
7.37,3.8583648,7405
7.24,2.2934642,7405
7.2,2.4231036,7405
8.31,3.98163,13151
5.37,0.5712013,17351
5.39,-3.8988116,13927
7.34,-1.7780865,7950
7.33,-2.5838416,7950
7.24,-3.9310493,7950
7.04,-5.8470116,7950
7.0,-5.3255525,7950
6.92,-1.6910378,7950
6.92,-2.2392604,7950
6.56,-1.7149887,7950
9.0,4.347632,7831
9.0,4.24744,7831
8.7,4.999386,7831
8.7,4.5984406,7831
8.7,2.9658768,7831
8.7,1.7667452,7831
8.52,2.225979,7831
8.52,2.5265718,7831
8.52,4.0786366,7831
8.52,5.2543516,7831
8.52,3.3099313,7831
8.4,2.9703763,7831
8.4,2.0778434,7831
8.3,4.4228897,7831
8.3,1.0556738,7831
8.3,1.8182361,7831
8.22,-1.9419607,7831
8.15,3.2983744,7831
8.15,3.3268616,7831
8.15,6.5984483,7831
8.15,3.6492822,7831
8.1,2.876095,7831
8.1,3.5018437,7831
8.05,3.5007536,7831
8.05,1.1134143,7831
8.05,0.15816799,7831
8.0,2.5099864,7831
8.0,4.323981,7831
7.92,3.9308486,7831
7.92,5.972795,7831
7.89,2.6061265,7831
7.85,1.662296,7831
7.85,1.4179543,7831
7.85,1.0490142,7831
7.85,3.8760004,7831
7.82,1.5154619,7831
7.82,3.1187363,7831
7.82,5.9869313,7831
7.8,5.433685,7831
7.77,-0.43025774,7831
7.75,3.8177848,7831
7.75,2.6001656,7831
7.75,-0.3425854,7831
7.72,-0.1352114,7831
7.7,1.9644465,7831
7.68,4.5261264,7831
7.66,2.7951548,7831
7.62,2.0248158,7831
7.62,1.5789299,7831
7.6,2.3092256,7831
7.58,0.6821759,7831
7.58,0.87909627,7831
7.58,2.203525,7831
7.55,-0.3380141,7831
7.54,2.5907784,7831
7.5,1.3735638,7831
7.48,1.60277,7831
7.47,1.1629132,7831
7.44,2.3950155,7831
7.41,4.671841,7831
7.38,1.9577041,7831
7.31,-0.4335696,7831
7.3,0.21990877,7831
7.24,2.6776702,7831
7.2,-0.86385524,7831
7.19,-0.2145543,7831
7.12,0.36433092,7831
7.09,-0.0983091,7831
7.04,-3.7902255,7831
7.03,-1.550811,7831
7.02,2.0123985,7831
6.85,-0.032115083,7831
6.85,0.4494321,7831
6.79,1.1528733,7831
6.75,-1.0669628,7831
6.74,0.16252397,7831
6.7,2.0160065,7831
6.55,-2.4329016,7831
6.17,-2.1994553,7831
6.15,-4.696655,7831
6.12,-2.8813267,7831
5.96,-1.650452,7831
7.51,2.5967412,17013
8.52,5.3593445,17287
5.39,-5.0006647,8828
7.96,3.9445496,9331
7.6,1.7597843,9331
7.58,3.352271,9331
7.51,-0.42236233,9331
7.39,0.41291127,9331
7.14,-1.2570605,9331
6.95,-2.3962417,9331
6.85,-1.5678809,9331
6.84,-2.0713325,9331
6.8,0.31489587,9331
6.73,-1.2854079,9331
6.71,-2.6346016,9331
6.66,-2.9046109,9331
6.47,-2.3514767,9331
6.45,-4.6105647,9331
6.41,-3.6318061,9331
6.39,-3.926162,9331
6.38,-3.7975483,9331
6.34,-5.292649,9331
6.3,-2.8073614,9331
6.29,-2.7120848,9331
6.13,-3.5834138,9331
5.97,-5.2413707,9331
5.84,-6.0860205,9331
5.29,-5.3056364,9331
7.58,-1.8745301,15353
7.47,-4.131455,15353
7.29,-1.8745301,15353
6.87,-1.8579844,15353
6.86,-2.3235705,15353
6.39,-4.131455,15353
6.21,-4.5478044,15353
5.03,-2.1539583,2506
4.41,-3.6678145,6654
5.24,-2.0596602,13070
5.22,-1.8139405,13070
6.59,-2.0429926,5786
8.49,4.0907426,14290
6.48,1.4316369,14290
7.25,-0.22820048,6679
7.05,-0.26819426,6679
7.04,2.0388238,6679
7.01,-4.5600333,6679
6.96,-6.833198,6679
6.95,-1.7305415,6679
6.77,-1.7113105,6679
6.76,-3.0824568,6679
6.76,2.4975493,6679
6.73,0.3722255,6679
6.59,-4.783603,6679
6.58,4.1250696,6679
6.55,-4.2561517,6679
6.54,1.1562358,6679
7.75,3.0792701,14545
7.37,2.6501536,14545
5.6,-1.8663361,11126
5.16,-4.2754903,11126
4.83,-6.799587,11126
6.99,-0.1752871,1808
7.66,-0.7159841,6265
7.95,5.095584,5534
6.09,-0.8685994,9125
5.51,0.9284802,9125
7.05,2.358272,6911
5.95,-2.2648792,6911
5.28,-2.5718246,6911
4.28,-4.082682,17605
6.92,-6.934107,3996
5.97,6.3807273,3996
5.59,4.6309133,3996
5.32,2.8600981,3996
5.07,0.0066204853,3996
5.01,-0.96196896,3996
4.49,-8.392693,3996
6.14,-6.64711,2690
4.77,-1.5169803,2690
4.69,-1.7588238,2690
6.6,0.8640939,5193
7.03,-0.42216188,17718
7.64,3.708914,1242
7.36,-1.3043609,1242
7.31,0.034366846,1242
6.49,-3.203547,1242
6.33,-4.2056875,1242
8.0,-0.4873502,11878
7.87,-3.0036197,11878
7.6,-0.99307597,11878
7.44,-0.56276864,11878
7.44,-1.8820133,11878
7.4,-0.054573294,11878
7.4,-2.0130653,11878
7.36,-2.0406644,11878
7.32,-1.2158374,11878
7.31,-3.0036197,11878
7.04,-0.26477566,11878
7.0,0.8844261,11878
6.96,-1.0510494,11878
6.85,2.541726,11878
6.82,-0.011718206,11878
6.82,-3.6069841,11878
6.77,1.997983,11878
6.51,-3.0036197,11878
6.46,-1.0674831,11878
6.36,0.078332484,11878
6.28,-1.8250182,11878
6.28,2.0829487,11878
6.14,-0.35486037,11878
6.12,0.06525143,11878
6.1,-1.0201916,11878
6.07,-3.182494,11878
6.04,-0.95489043,11878
5.92,-0.76198614,11878
5.8,-1.2424524,11878
5.68,-2.3755648,11878
4.66,2.3538523,641
8.0,-0.39715186,477
7.48,0.38285875,9515
7.43,-1.9487777,9515
7.43,1.1744457,9515
7.24,1.9774851,9515
6.68,-0.06811109,9515
6.66,-0.5230881,9515
8.05,2.1895971,8884
7.54,3.5494866,8884
7.3,2.1751876,8884
7.28,1.1082132,8884
7.11,1.4436138,8884
6.55,-0.19012664,8884
7.08,0.66658986,8583
5.82,-1.4385175,16245
4.74,-9.520698,4206
4.54,-9.520698,4206
7.15,1.4792955,1454
6.18,0.5947088,8663
6.0,-3.1475198,8663
5.94,-0.59151,8663
5.32,-5.372504,8663
5.29,-3.3080165,8663
5.12,-5.1649976,8663
5.1,-5.177123,8663
5.04,-1.7970841,8663
5.02,-3.1459017,8663
5.0,-1.7161953,8663
4.97,-1.824802,8663
4.91,-2.356392,8663
4.9,-4.4886537,8663
4.86,-3.6593645,8663
4.82,1.9386222,8663
4.8,-1.8322394,8663
4.65,-0.946704,8663
4.51,-8.12056,8663
7.15,2.5968442,7241
6.62,1.4975777,7667
6.56,2.0752468,7667
5.43,2.9001737,7667
5.24,-0.23411979,7667
4.88,2.9064658,7667
6.38,-6.771859,15932
6.26,-4.017472,15932
5.4,-3.041072,15932
4.96,-1.072157,15932
7.0,-1.5442171,7628
7.0,-1.8969878,7628
7.0,-0.26973906,7628
7.0,0.54552394,7628
7.0,0.2053618,7628
7.0,0.28090134,7628
7.0,2.4599445,7628
7.0,-0.17540306,7628
7.0,1.196765,7628
7.0,0.16072154,7628
7.0,-0.9590335,7628
7.0,-1.6838748,7628
7.0,-1.4339521,7628
7.0,-0.8440688,7628
7.0,0.13674927,7628
7.0,-0.5643652,7628
7.0,-0.96527314,7628
7.0,1.5282588,7628
7.0,1.4053649,7628
7.0,-4.312315,7628
7.0,-1.2102817,7628
7.0,-1.8558654,7628
7.0,0.1792355,7628
7.0,-4.3245583,7628
7.0,-0.121787086,7628
7.0,-0.39708337,7628
7.0,-2.8768141,7628
7.0,-1.0485374,7628
7.0,-4.0955253,7628
7.0,0.9088765,7628
7.0,-1.5886692,7628
7.0,-1.5676657,7628
7.0,0.2141678,7628
7.0,2.5850384,7628
7.0,0.7998878,7628
7.0,-2.862818,7628
7.0,0.6220399,7628
7.0,-3.4794867,7628
7.0,-0.4591632,7628
7.0,1.5687745,7628
7.0,-0.12937325,7628
7.0,-0.066936836,7628
7.0,0.48319495,7628
7.0,1.6296049,7628
7.0,0.3292087,7628
7.0,-0.5278708,7628
7.0,-0.47953537,7628
7.0,1.2836813,7628
7.0,-0.6780225,7628
7.0,2.3384795,7628
7.0,-0.5232581,7628
7.0,1.2492929,7628
7.0,1.2440138,7628
7.0,-0.6831795,7628
7.0,-1.2484285,7628
6.0,-1.6359578,7628
6.0,-4.3780713,7628
6.0,-1.632575,7628
6.0,-3.1748567,7628
6.0,1.0392133,7628
6.0,-5.0112095,7628
6.0,-2.0721838,7628
6.0,-3.3289106,7628
6.0,1.068939,7628
6.0,0.12797485,7628
6.0,-1.8558654,7628
6.0,-5.0105658,7628
6.0,-4.60261,7628
6.0,-1.6715596,7628
6.0,-0.41997483,7628
6.0,-4.145943,7628
6.0,-1.033374,7628
6.0,-3.2722857,7628
6.0,-4.313228,7628
6.0,-4.6992493,7628
6.0,-4.2148685,7628
6.0,0.36942184,7628
6.0,-3.9308248,7628
6.0,-4.4018064,7628
6.0,-5.080423,7628
6.0,-3.194147,7628
6.0,0.91207045,7628
6.0,-3.6650374,7628
6.0,2.5747843,7628
6.0,-4.724843,7628
6.0,-3.6359246,7628
6.0,-4.456834,7628
6.0,-2.2679245,7628
6.0,-5.5807734,7628
6.0,-2.3274436,7628
6.0,-2.457082,7628
6.0,-2.4682024,7628
6.0,-4.2244773,7628
6.0,-1.0206301,7628
6.0,-1.7787222,7628
6.0,-4.8856983,7628
6.0,-3.9254591,7628
6.0,-0.4853023,7628
6.0,-2.7612739,7628
6.0,-2.8615139,7628
6.0,-3.367997,7628
6.0,-3.717765,7628
6.0,-2.854001,7628
6.0,-4.9619966,7628
6.0,-2.9492903,7628
6.0,-3.3419552,7628
6.0,0.775752,7628
6.0,0.041287005,7628
6.0,-1.2819546,7628
6.0,-1.7921895,7628
6.0,-4.8837223,7628
6.0,-2.8416758,7628
6.0,-5.1055617,7628
6.0,-5.4609933,7628
6.0,-3.565356,7628
6.0,-0.09976955,7628
6.0,-3.474225,7628
6.0,-4.2915454,7628
6.0,0.90704846,7628
6.0,-0.3783183,7628
6.0,-0.47130504,7628
6.0,-3.7003129,7628
6.0,-5.7895637,7628
6.0,-0.8532158,7628
6.0,0.0497027,7628
5.77,1.8435,13628
8.0,-5.4502378,6468
8.0,-0.592358,6468
8.0,-3.8303778,6468
8.0,-4.218567,6468
8.0,-3.191882,6468
8.0,-0.8909175,6468
8.0,-0.06922503,6468
8.0,1.6053591,6468
8.0,0.9999822,6468
8.0,-5.0977244,6468
8.0,-3.9630878,6468
8.0,-0.7112224,6468
8.0,-0.67726916,6468
8.0,1.8432331,6468
8.0,-2.064869,6468
8.0,0.86949307,6468
8.0,1.6111503,6468
8.0,-0.9351606,6468
8.0,-0.84077907,6468
8.0,-5.477276,6468
8.0,-2.5339515,6468
8.0,-4.110934,6468
8.0,-1.0161223,6468
8.0,-0.16989349,6468
8.0,-1.4193174,6468
8.0,-2.9571428,6468
7.0,1.796442,6468
7.0,-3.434261,6468
7.0,0.5535136,6468
7.0,-2.1774585,6468
7.0,-2.2668567,6468
7.0,-1.6576037,6468
7.0,-1.4898112,6468
7.0,-2.3014019,6468
7.0,0.28213277,6468
7.0,-4.187317,6468
7.0,-1.3590196,6468
7.0,0.2088168,6468
7.0,-1.8283467,6468
7.0,-1.8283467,6468
7.0,-0.5107941,6468
7.0,2.1392581,6468
7.0,1.4771283,6468
7.0,0.61726624,6468
7.0,0.42279896,6468
7.0,1.9409541,6468
7.0,-0.06885481,6468
7.0,0.9558828,6468
7.0,4.2177324,6468
7.0,4.882796,6468
7.0,-3.5850265,6468
7.0,1.1206505,6468
7.0,-1.9350042,6468
7.0,-3.7285872,6468
7.0,1.6921096,6468
7.0,-3.8966486,6468
7.0,2.1622095,6468
7.0,-1.7613442,6468
7.0,-0.4693698,6468
7.0,1.4398437,6468
7.0,-1.5627928,6468
7.0,-1.7536283,6468
7.0,-1.038851,6468
7.0,0.19186299,6468
7.0,-0.13610363,6468
7.0,0.76443684,6468
7.0,-0.80986935,6468
7.0,-0.096265435,6468
7.0,-0.58465976,6468
7.0,-0.46692237,6468
7.0,-2.015406,6468
7.0,2.3557868,6468
7.0,1.4339281,6468
7.0,-1.1862302,6468
7.0,0.2060727,6468
7.0,-0.8511468,6468
7.0,-1.6716375,6468
6.0,2.926392,6468
6.0,-1.3488106,6468
6.0,-0.4870039,6468
6.0,-1.0622311,6468
6.0,0.29439753,6468
6.0,1.2985523,6468
6.0,2.240709,6468
6.0,2.0874372,6468
6.0,-0.5027606,6468
6.0,2.6754096,6468
6.0,3.3447368,6468
6.0,-3.4662292,6468
6.0,-0.9915668,6468
6.0,-0.53940076,6468
6.0,3.1614654,6468
6.0,0.16659652,6468
6.0,-0.38244268,6468
5.0,-1.5531006,6468
5.0,-0.92160094,6468
5.0,-1.6319017,6468
5.0,-1.0310984,6468
5.0,0.3333641,6468
5.0,-2.9984481,6468
5.0,0.9808092,6468
5.0,2.5406697,6468
5.0,0.94975126,6468
8.22,-0.20815058,666
8.05,4.6351643,666
7.62,2.3800888,666
7.54,0.7392262,666
7.33,4.099958,666
7.32,3.7880254,666
6.74,0.18679473,666
8.7,2.209939,4978
8.7,-0.56230587,4978
8.4,2.6121457,4978
8.05,2.8410509,4978
8.0,4.1402,4978
7.96,3.658776,4978
7.92,4.588832,4978
7.89,4.7009234,4978
7.89,3.7122517,4978
7.8,4.475665,4978
7.64,3.5162022,4978
7.16,3.9299,4978
7.15,5.106716,4978
6.98,3.9041355,4978
6.09,2.9924612,4978
9.22,2.705338,10052
9.2,4.75605,10052
9.18,3.309878,10052
9.16,4.668439,10052
9.05,4.75605,10052
8.96,2.6835146,10052
8.89,5.7404833,10052
8.74,2.7727354,10052
8.64,4.0980673,10052
8.41,4.305968,10052
8.4,4.305968,10052
8.29,2.6179934,10052
7.7,-1.0012754,10052
7.52,0.046052348,10052
7.39,3.3836598,10052
7.38,2.4331803,10052
7.37,3.3800967,10052
7.37,2.8671339,10052
7.37,0.5721672,10052
7.32,3.1758418,10052
7.29,-0.0058216937,10052
7.27,2.6320734,10052
7.24,0.6043995,10052
7.17,-0.56322217,10052
7.14,-1.2288327,10052
7.14,0.7702788,10052
7.14,-0.94274914,10052
7.09,-2.935703,10052
7.03,1.3563553,10052
6.99,1.270028,10052
6.94,2.6320734,10052
6.84,1.0639844,10052
6.79,1.0639844,10052
6.71,-4.435923,10052
6.67,-3.949993,10052
6.65,-2.3525,10052
7.1,0.9720974,9848
5.08,-5.011331,12923
8.38,6.1990256,16630
7.52,2.042737,16630
6.03,0.18664636,16630
5.72,2.4409282,16630
6.37,4.236384,6604
5.42,0.025949042,13018
5.06,-0.9929167,13018
5.68,-5.753466,3829
5.68,-4.232447,3829
5.55,-6.4888897,3829
5.35,-4.289883,3829
5.16,-6.9058423,3829
7.68,0.9389749,11854
6.47,-1.9120377,11719
8.68,2.1636767,9852
8.6,4.5380416,9852
8.57,0.9645076,9852
8.55,1.5051721,9852
8.49,1.3570639,9852
8.42,1.8888822,9852
8.04,1.1434451,9852
7.83,6.3101835,2679
6.66,1.2739036,2679
6.64,4.786281,2679
6.55,3.2000422,2679
5.36,2.203548,2679
4.89,0.60226333,2679
4.82,-0.05263106,2679
4.77,0.73718226,2679
6.9,-4.990064,3060
6.4,0.99818814,3060
6.3,3.2553537,3060
6.0,-1.7365528,3060
5.9,-1.8880352,3060
5.8,-2.8909795,3060
5.7,-3.4717827,3060
5.5,-5.1181417,3060
5.5,-3.8491445,3060
5.5,1.002074,3060
5.3,-5.162161,3060
5.3,-1.418314,3060
5.2,-6.31502,3060
5.2,-4.5915995,3060
5.2,-2.740221,3060
5.1,-5.313634,3060
4.5,-4.782264,3060
4.5,-6.4537735,3060
7.19,4.34704,2081
7.72,1.4163779,4376
7.76,2.5111003,9935
7.04,4.040825,12701
8.8,1.286456,6928
8.77,2.801789,6928
8.72,1.6157886,6928
8.68,2.6855884,6928
8.64,-2.8532414,6928
8.64,0.9197388,6928
8.62,0.8430118,6928
8.62,-1.3509156,6928
8.62,0.7624575,6928
8.57,-3.8659613,6928
8.55,2.0735724,6928
8.55,1.7856102,6928
8.49,-0.07589385,6928
8.48,-2.4261675,6928
8.48,-0.61756444,6928
8.43,1.8008883,6928
8.42,-0.015286356,6928
8.41,3.5881178,6928
8.38,2.9500551,6928
8.37,0.570656,6928
8.35,3.3870556,6928
8.3,1.843893,6928
8.26,-0.79704046,6928
8.26,3.6366909,6928
8.24,0.7154097,6928
8.15,3.6633022,6928
8.03,0.933895,6928
8.02,-0.19926904,6928
7.98,-5.6057396,6928
7.97,0.022951104,6928
7.94,-0.69734144,6928
7.92,-2.5785747,6928
7.92,-1.2994118,6928
7.85,-4.2166257,6928
7.83,0.30960947,6928
7.79,1.2589349,6928
7.76,-0.9668149,6928
7.69,-3.4349425,6928
7.69,-0.03673963,6928
7.57,2.1396472,6928
7.55,0.58160096,6928
7.53,2.0400846,6928
7.48,-2.092941,6928
7.43,-5.375952,6928
7.33,-1.4705453,6928
7.31,-1.6179153,6928
7.27,2.5576036,6928
7.1,2.6864965,6928
6.85,-0.5353175,6928
6.84,0.36066863,6928
6.26,-0.8822498,6928
6.15,0.99921805,6928
9.62,7.166023,15271
9.13,3.6599994,15271
8.85,3.9741492,15271
8.85,5.25685,15271
8.82,7.871503,15271
8.72,3.8787324,15271
8.59,1.3512203,15271
8.49,5.344367,15271
8.4,3.3525212,15271
8.06,3.1416128,15271
8.04,3.3587475,15271
8.03,3.1608925,15271
8.0,0.5467351,15271
7.92,1.5590644,15271
8.05,0.7548724,13185
7.24,0.8664792,13185
7.5,-7.31668,16042
6.99,-8.346748,16042
6.96,-2.4750922,16042
6.84,-5.693926,16042
6.51,-3.0858042,16042
6.33,-0.85633117,16042
6.22,-7.736466,16042
6.15,-0.3188493,16042
6.13,-8.525792,16042
6.06,-3.9614375,16042
6.0,-8.155075,16042
5.85,-6.2362204,16042
5.82,-6.9913106,16042
5.77,-8.855134,16042
5.77,-5.9202986,16042
5.3,-8.643173,16042
5.3,-6.68368,16042
5.3,-9.423599,16042
5.3,1.009542,16042
8.06,-1.905921,9147
8.05,-5.247495,9147
7.3,-3.5917478,9147
7.26,-1.4606283,9147
7.18,-3.477027,9147
6.91,-4.7098165,9147
6.8,-4.2303367,9147
6.66,-4.9782853,9147
6.58,-4.843574,9147
6.07,-4.8701096,9147
6.01,-6.5892053,9147
5.82,-4.6298327,9147
9.0,-0.3606602,15282
8.7,-1.5142941,15282
8.3,-1.9442303,15282
8.3,-6.7012753,15282
8.22,-4.01922,15282
8.22,0.6159536,15282
8.15,-5.9431176,15282
8.15,-6.8180947,15282
8.1,-4.2016954,15282
8.1,-5.631198,15282
8.1,-2.9127495,15282
7.72,-8.409089,15282
7.58,-5.0227685,15282
7.58,0.3510762,15282
7.54,-2.3855145,15282
7.52,-7.5657163,15282
7.24,-6.007319,15282
7.08,-5.4523816,15282
7.02,-3.022523,15282
6.89,-0.702106,15282
6.89,-2.6322753,15282
6.8,-3.5301878,15282
6.66,-8.616289,15282
6.57,-5.607821,15282
6.57,-1.3857564,15282
6.48,-2.500028,15282
6.1,-4.9884915,15282
6.06,-7.3401566,15282
5.57,-9.651786,15282
5.57,-6.2302237,15282
4.82,-7.276833,15282
4.62,-5.925705,15282
6.75,3.4032211,17007
7.8,0.49868795,5334
5.89,-2.3907325,5334
6.71,0.9686377,11641
6.59,0.37708306,11641
6.02,-1.9687839,11641
5.64,0.9686377,11641
5.6,-1.0313156,11641
5.49,0.37708306,11641
5.39,-1.0066643,11641
5.37,-1.0066643,11641
8.15,2.8744876,8991
8.15,1.222203,8991
8.15,2.8822796,8991
8.05,2.345295,8991
8.0,2.4358938,8991
8.0,1.1654943,8991
7.96,1.5019217,8991
7.8,2.017283,8991
7.75,1.9463499,8991
7.72,1.0338078,8991
7.66,1.3775288,8991
7.58,0.4437541,8991
7.54,0.9228699,8991
7.54,-0.24105553,8991
7.52,2.6081245,8991
7.48,0.7109399,8991
7.46,0.21249564,8991
7.4,1.9964371,8991
7.3,0.09098996,8991
7.22,-0.49642107,8991
7.16,-0.98074746,8991
7.09,-0.32553414,8991
6.89,-2.6341183,8991
6.86,1.0072457,8991
6.81,-0.5577395,8991
6.74,-1.760644,8991
6.69,-2.3903806,8991
6.63,-1.7392176,8991
6.62,-0.9137326,8991
6.61,-0.9682038,8991
6.56,-1.8312006,8991
6.43,-2.5857446,8991
6.4,-2.296344,8991
6.38,-1.8808204,8991
6.32,-0.5750163,8991
6.23,-2.5959773,8991
6.06,-0.64056504,8991
6.04,-0.628807,8991
5.52,-1.1621506,8991
9.0,6.330193,15457
8.3,1.9745578,15457
8.3,4.7458253,15457
7.8,1.8205507,15457
7.7,0.06209109,15457
7.3,0.03366687,15457
7.0,0.7020833,15457
7.82,4.0508432,7706
8.0,-1.7400025,9351
7.7,-1.1669743,9351
7.7,-4.7909994,9351
6.96,-2.2357225,9351
6.89,-1.6088146,9351
6.55,-7.3253074,9351
6.31,-7.3178887,9351
6.12,-7.6833587,9351
5.92,-5.178735,9351
5.87,-8.608421,9351
5.82,-8.532973,9351
5.77,-8.05066,9351
5.66,-6.606497,9351
5.63,-6.698586,9351
5.5,-5.9964204,9351
5.44,-6.509104,9351
5.27,-2.7240517,9351
5.24,-7.6510925,9351
5.16,-3.759197,9351
5.14,-5.9746666,9351
4.81,-5.207999,9351
8.15,0.94148684,5817
8.0,-0.666071,5817
7.77,-1.414368,16887
7.75,2.5911086,16887
7.75,-1.414368,16887
7.72,1.8365564,16887
7.7,-0.8329973,16887
7.68,1.8365564,16887
7.38,-0.8329973,16887
7.33,1.3837268,16887
7.11,1.7477368,16887
7.07,0.25320143,16887
6.89,-0.12747873,16887
6.83,1.2712191,16887
6.83,1.233686,16887
5.98,-3.3416164,16887
5.94,-4.280018,16887
6.62,0.97793436,1605
6.62,-0.17627998,1605
5.85,2.9136026,801
5.68,0.454679,801
5.68,2.180926,801
5.47,-0.40307984,801
5.46,2.8438056,801
5.44,1.1257048,801
5.42,-4.7548676,801
5.42,-0.8069278,801
5.36,3.7968771,801
5.35,1.534444,801
5.29,1.7846223,801
5.21,2.339215,801
5.17,0.61111903,801
5.11,-3.4585087,801
5.11,0.9978111,801
5.1,-1.6983374,801
5.1,-0.89957917,801
5.09,-1.2807612,801
5.06,-2.1418207,801
5.04,-2.4529812,801
5.04,1.1995877,801
5.0,-2.3141043,801
5.0,-3.2378297,801
5.0,-0.9969804,801
9.1,0.9417702,546
9.0,0.6104552,546
8.3,-1.0010964,546
7.6,-1.2022955,546
6.7,-1.5504191,546
6.6,-1.4780079,546
6.41,-2.0118103,546
5.69,0.31148833,546
5.66,-2.7258637,546
5.56,-0.87193197,546
5.2,-0.11315073,546
5.1,-0.29397506,546
4.97,-2.3790715,546
4.96,-1.6493907,546
4.46,-4.5063887,9371
5.39,-3.1424417,14787
5.03,-2.5119014,14787
4.66,-3.4428673,14787
8.0,-2.9933674,3932
7.92,-2.6207678,3932
7.7,-3.1942167,3932
7.41,0.123683274,3932
7.28,-2.3526356,3932
7.18,-0.2267503,3932
6.99,-1.7476501,3932
5.76,2.619427,3932
5.7,1.0822937,3932
5.62,-2.5899813,16320
7.4,2.8926747,6988
5.92,-5.717484,17774
5.8,-2.599077,5832
5.75,-2.196952,5832
5.68,0.36487383,5832
5.34,0.47101974,5832
5.31,-1.0226414,5832
5.3,0.5126944,5832
5.26,-1.2238023,5832
5.16,-1.7148657,5832
5.15,0.4390802,5832
5.1,-1.0910892,5832
5.09,-0.84875333,5832
5.07,-2.356347,5832
5.07,-0.99624467,5832
5.05,-0.331734,5832
7.66,1.6977184,17051
5.96,1.8148963,17051
5.7,0.33515075,17051
6.34,2.9395282,2841
5.47,-3.6524498,2285
6.24,0.3387507,17825
5.85,-2.8654797,14752
6.43,0.5760363,841
5.0,-7.3608556,7493
9.7,2.7992868,13323
9.0,1.2619592,13323
8.94,1.2958338,13323
8.92,0.93035877,13323
7.75,3.2397397,6317
8.38,2.546371,9375
5.7,-0.7769928,2986
5.57,-4.237733,394
5.35,-3.9528773,394
5.99,-6.8149624,4818
5.99,-5.5129123,4818
5.23,-5.497219,4818
4.59,-0.6149007,4818
4.54,-9.7030735,4818
9.1,3.3793933,8511
8.77,4.4667315,8511
8.59,3.4518502,8511
8.43,4.015179,8511
6.7,2.7467837,12211
6.6,1.4396133,12211
5.5,-6.89165,17129
6.22,-4.2604523,3861
5.92,-5.6498246,3861
5.89,-6.2807245,3861
4.86,-0.26743945,7347
8.3,3.9561942,6794
7.68,0.5700597,6794
7.51,2.621101,6794
6.74,0.5254566,6794
5.98,0.25034022,6794
5.82,0.2638156,6794
5.43,-1.7167032,6794
4.7,0.4660781,6794
8.52,3.647235,10155
5.28,-4.5456495,5610
5.22,-5.9186807,5610
5.07,-6.691628,5610
5.06,-6.1990876,5610
4.73,-5.6137,8396
5.99,-3.107682,9190
5.84,-2.1739416,9190
5.81,-4.7017207,9190
5.52,-3.6885545,9190
5.17,-5.1689157,9190
4.96,-7.7307286,9190
4.9,-5.941497,9190
4.88,-6.6226954,9190
4.88,-1.9236788,9190
4.73,-3.7280354,9190
4.64,-9.726331,9190
4.56,-4.3679094,9190
4.49,-3.0219307,9190
4.41,-5.8100276,9190
4.37,-6.5182376,9190
4.33,-6.8673725,9190
4.29,-1.9236788,9190
4.16,-2.3720317,9190
7.01,2.3646107,17710
6.96,0.4946505,17710
6.92,3.6459563,17710
6.92,1.3969158,17710
6.48,2.1283112,17710
5.96,3.7048862,17710
5.19,2.4937992,17710
5.08,3.1226223,17710
5.05,-1.4962677,17710
4.95,-4.3839526,17710
4.58,-2.7045732,17710
4.3,-1.1813978,17710
5.21,-1.4648366,8926
4.76,-4.3397317,8926
4.72,-4.4675627,8926
5.11,1.3124797,17614
5.41,-1.3075265,3638
4.71,-3.485162,3638
4.52,-3.8760202,3638
6.05,-1.2176546,15260
5.46,-8.832426,15260
5.34,-1.5041058,15260
5.33,-7.006276,15260
5.21,-8.253899,15260
5.16,-7.8544817,15260
5.16,-4.0642195,15260
5.16,-7.0065184,15260
5.13,-4.9141536,15260
4.89,-1.8054266,15260
8.0,0.36940902,2883
6.0,-3.71239,2883
8.0,3.187169,16202
7.41,2.2766125,16202
7.12,1.9866321,16202
7.1,0.40927833,16202
7.05,-2.622253,2503
5.82,-0.5131949,15730
6.24,2.41399,6811
5.12,-6.7588954,6811
7.09,0.7589544,13469
7.92,5.6527047,16786
7.15,-3.9372675,16786
5.7,-4.585208,4328
7.44,3.3242426,9164
7.49,-2.3914938,14540
7.4,-0.41020083,14540
9.01,0.0073423684,13387
8.92,4.8209443,13387
8.89,2.7404294,13387
8.77,3.8281147,13387
8.72,0.95476323,13387
8.68,6.454489,13387
8.64,5.411281,13387
8.62,1.8789723,13387
8.62,1.4642051,13387
8.6,3.4086595,13387
8.6,3.7105408,13387
8.52,3.6668336,13387
8.52,3.7689466,13387
8.47,1.0257058,13387
8.46,4.7053075,13387
8.46,0.74696636,13387
8.28,1.6802833,13387
8.28,-0.9081342,13387
8.28,2.3225803,13387
8.27,3.4044075,13387
8.26,-0.39919028,13387
8.25,1.5292238,13387
8.24,0.9724933,13387
8.23,0.43194506,13387
8.21,3.3021865,13387
8.21,2.595114,13387
8.19,2.675829,13387
8.16,5.0973754,13387
8.11,1.0436308,13387
8.1,2.569926,13387
8.08,-1.2161094,13387
8.03,2.0305233,13387
8.0,5.6690917,13387
7.96,4.427772,13387
7.92,3.161342,13387
7.92,2.1618674,13387
7.92,5.188189,13387
7.89,6.0453925,13387
7.85,-0.77589595,13387
7.82,2.6902807,13387
7.82,0.9429434,13387
7.82,-2.2838495,13387
7.77,4.0811777,13387
7.77,3.19083,13387
7.75,2.5024922,13387
7.75,2.513283,13387
7.7,1.0013887,13387
7.68,2.1167948,13387
7.68,-0.64491624,13387
7.66,2.048098,13387
7.58,1.3558735,13387
7.57,0.5812018,13387
7.55,0.055264708,13387
7.54,0.68963367,13387
7.44,4.220952,13387
7.3,1.9201996,13387
7.02,-0.14216007,13387
6.92,-0.25386426,13387
6.41,-0.48660138,13387
6.41,1.5255854,13387
8.0,2.9461892,6976
7.46,3.4124372,6857
9.1,1.0458307,7918
9.05,-1.2631484,7918
8.89,-3.9822943,7918
8.85,1.0132408,7918
8.77,-5.2416844,7918
8.7,0.47015175,7918
8.66,-3.012411,7918
8.6,-3.9508498,7918
8.59,2.483798,7918
8.59,1.0458307,7918
8.59,-3.012411,7918
8.55,1.0664982,7918
8.49,-4.4756813,7918
8.48,-4.4756813,7918
8.48,0.67640823,7918
8.47,1.0664982,7918
8.47,-0.9675963,7918
8.47,1.8033944,7918
8.4,-3.966262,7918
8.39,-3.8408077,7918
8.38,-9.222574,7918
8.36,-1.1372541,7918
8.35,-3.012411,7918
8.35,-4.4756813,7918
8.34,-2.9394288,7918
8.33,-0.25885016,7918
8.32,3.861955,7918
8.31,-5.2416844,7918
8.31,-5.2416844,7918
8.28,-1.2979704,7918
8.28,-0.25885016,7918
8.28,1.4882385,7918
8.24,0.56278026,7918
8.24,0.85668224,7918
8.24,1.0664982,7918
8.23,3.861955,7918
8.22,-1.4457508,7918
8.22,-0.7669546,7918
8.21,3.7383528,7918
8.2,-1.6262504,7918
8.14,-2.0178776,7918
8.07,1.0458307,7918
8.04,4.3309116,7918
8.02,2.1769607,7918
8.01,0.07974067,7918
7.96,-0.7669546,7918
7.96,-3.8626955,7918
7.96,2.6592941,7918
7.96,2.0765018,7918
7.92,-1.5454139,7918
7.92,0.2341727,7918
7.92,-1.413789,7918
7.89,-4.028437,7918
7.89,-1.5720372,7918
7.89,-2.0457952,7918
7.85,-1.457649,7918
7.85,-0.7669546,7918
7.85,-0.0049495697,7918
7.82,-7.1792192,7918
7.8,-4.086947,7918
7.77,-5.1208944,7918
7.77,-2.3089125,7918
7.75,-4.836517,7918
7.75,-8.899243,7918
7.72,0.7968152,7918
7.7,-3.0240784,7918
7.66,-0.25885016,7918
7.62,-8.588203,7918
7.6,2.9648123,7918
7.57,0.101779714,7918
7.54,-7.1792192,7918
7.51,-0.6858169,7918
7.51,-1.9064387,7918
7.51,-9.000921,7918
7.48,-2.5489767,7918
7.48,-3.751178,7918
7.46,0.2921666,7918
7.46,-5.442701,7918
7.42,-0.1687821,7918
7.4,-1.2332169,7918
7.39,0.012133716,7918
7.36,0.31700304,7918
7.35,-3.6991653,7918
7.34,0.5024921,7918
7.31,-1.2522906,7918
7.31,-2.2604582,7918
7.3,1.8017857,7918
7.3,-8.563878,7918
7.24,-0.9242964,7918
7.22,-0.57079375,7918
7.18,-3.5196626,7918
7.17,-1.1510079,7918
7.16,-5.935109,7918
7.16,-4.028437,7918
7.14,-2.1106172,7918
7.13,0.5080966,7918
7.11,-0.40993896,7918
7.1,0.41770315,7918
7.09,-8.159042,7918
7.06,2.3597872,7918
7.01,0.6445184,7918
7.01,-3.4467108,7918
7.0,0.96954274,7918
7.0,-4.4307895,7918
6.96,2.1884086,7918
6.92,-7.7829294,7918
6.92,-5.2928905,7918
6.92,1.0546733,7918
6.89,-1.0026788,7918
6.85,1.7628303,7918
6.85,-6.4627576,7918
6.85,3.2199101,7918
6.85,1.4467314,7918
6.85,0.2667343,7918
6.85,1.3868207,7918
6.82,-2.7831166,7918
6.82,-3.595502,7918
6.75,-5.802702,7918
6.72,-1.769073,7918
6.72,-4.028437,7918
6.72,-6.4627576,7918
6.7,-1.2632071,7918
6.7,-0.107721075,7918
6.7,-0.47998378,7918
6.7,3.7586997,7918
6.68,-2.6783943,7918
6.68,0.97997457,7918
6.66,1.4603119,7918
6.64,3.0051494,7918
6.62,0.5938946,7918
6.62,0.81598747,7918
6.6,-5.113603,7918
6.6,-3.3253663,7918
6.58,-3.3907194,7918
6.58,-4.0970926,7918
6.55,-2.1106172,7918
6.55,-3.822025,7918
6.55,-0.1284555,7918
6.55,-1.6182208,7918
6.54,-3.808931,7918
6.52,-4.8892326,7918
6.52,4.491941,7918
6.5,-2.1899824,7918
6.48,2.0805423,7918
6.44,-3.0876913,7918
6.43,-1.059282,7918
6.42,-2.6213849,7918
6.41,1.8687785,7918
6.41,0.07403654,7918
6.35,-6.4627576,7918
6.35,0.4790786,7918
6.35,1.2147592,7918
6.35,-4.8639307,7918
6.34,-0.51191944,7918
6.34,-6.8054776,7918
6.28,1.0723853,7918
6.26,-0.034952696,7918
6.25,-6.681551,7918
6.23,-0.8646998,7918
6.22,-7.170485,7918
6.21,-5.0410585,7918
6.21,-2.1608653,7918
6.2,-1.2250925,7918
6.19,-4.8892326,7918
6.19,-0.962206,7918
6.17,4.18417,7918
6.09,-0.7337726,7918
6.09,-0.5753206,7918
6.09,-0.88071835,7918
6.07,-2.7307763,7918
6.05,-4.460841,7918
6.05,5.056225,7918
6.05,-2.9122488,7918
6.04,-7.170485,7918
6.04,-4.8892326,7918
6.02,-1.6515723,7918
6.02,0.85626584,7918
6.01,-1.0374581,7918
6.01,-2.054923,7918
6.0,-7.1792192,7918
6.0,-3.0990684,7918
6.0,3.0217702,7918
5.96,4.029839,7918
5.92,-5.0410585,7918
5.85,-1.1535914,7918
5.85,-7.170485,7918
5.82,-1.7409549,7918
5.8,-3.3907194,7918
5.72,-1.3437349,7918
5.62,-2.009803,7918
5.57,2.152417,7918
5.55,3.2979846,7918
5.55,-3.358089,7918
5.51,4.9714127,7918
5.5,-1.1747252,7918
5.48,-0.5340706,7918
5.47,2.7297626,7918
5.46,-1.2142358,7918
5.44,-5.273436,7918
5.44,-2.9798977,7918
5.44,-3.0617769,7918
5.43,0.52461463,7918
5.43,-2.1164114,7918
5.42,-1.7317322,7918
5.37,2.3620653,7918
5.3,-5.8966136,7918
5.28,-2.1164114,7918
5.21,-3.5484636,7918
5.2,-0.64457315,7918
5.19,2.152417,7918
5.17,3.2979846,7918
5.14,-6.8629804,7918
5.06,-2.9934266,7918
4.82,-2.9934266,7918
4.75,-0.010514114,7918
4.7,-1.6061983,7918
4.66,-0.11012451,7918
4.66,-5.658939,7918
4.64,-4.114189,7918
4.62,-5.949447,7918
4.39,-3.7233927,7918
8.21,4.8453813,1832
7.23,4.2212286,1832
4.35,-0.28292093,860
9.74,3.9739134,7938
9.72,3.942145,7938
9.7,3.8741772,7938
9.6,-0.6367054,7938
9.6,5.1201982,7938
9.59,-3.8708541,7938
9.59,-0.89437294,7938
9.52,5.4968967,7938
9.51,3.0833948,7938
9.48,-1.6998398,7938
9.48,3.143718,7938
9.48,3.8069134,7938
9.47,2.722966,7938
9.47,2.7522118,7938
9.46,1.2630744,7938
9.46,1.9725105,7938
9.39,4.859619,7938
9.35,4.0214243,7938
9.35,-0.7777888,7938
9.33,2.0129359,7938
9.31,5.6899548,7938
9.31,0.12593798,7938
9.25,4.446676,7938
9.23,0.099694535,7938
9.21,2.3344696,7938
9.19,5.6852417,7938
9.09,2.5266912,7938
9.08,-0.36572924,7938
9.05,0.12593798,7938
9.04,4.741286,7938
9.0,2.0812876,7938
8.96,2.8449888,7938
8.89,5.1161175,7938
8.16,1.8976252,7938
5.42,-3.87019,15632
5.17,-7.4142466,15632
4.92,-7.706894,15632
4.89,-4.985053,15632
4.64,-8.169115,15632
4.46,-8.786383,15632
4.44,-7.8145022,15632
4.4,-2.034961,15632
4.39,-6.577741,15632
4.26,-9.674427,15632
4.23,-8.146731,15632
4.19,-7.193543,15632
4.19,-3.283318,15632
6.3,-4.8060107,15333
5.7,-4.012223,15333
5.6,-1.2993724,15333
5.6,-2.751173,15333
5.82,-5.099977,14583
8.52,1.7477111,4430
6.7,1.691592,10791
8.22,-1.9482039,15338
8.1,-0.3752199,15338
7.85,-1.7400246,15338
7.85,-0.38305932,15338
7.82,-3.025171,15338
7.7,0.69439876,15338
7.58,-2.4627626,15338
7.51,0.51987565,15338
7.51,3.6803858,15338
7.43,0.3832101,15338
7.35,0.35562047,15338
7.19,-0.5863583,15338
6.32,2.8761744,15338
8.23,1.5757928,12392
7.86,-1.0386027,12392
7.7,-2.6257384,12392
7.66,2.8430874,12392
7.65,1.0399789,12392
7.64,-0.048618715,12392
7.62,2.8865345,12392
7.5,-0.21808888,12392
7.42,-0.50845325,12392
7.41,-4.889811,12392
7.33,-1.0498968,12392
7.31,-1.5904105,12392
7.29,1.3021253,12392
7.17,0.19200528,12392
7.1,3.2245834,12392
7.09,-1.3834922,12392
7.0,1.7670916,12392
6.96,0.58608276,12392
6.91,1.0640863,12392
6.9,-0.74759465,12392
6.82,-4.2814207,12392
6.77,-0.19550386,12392
6.74,-3.5179877,12392
6.71,-0.8305564,12392
6.31,-1.7207733,12392
6.24,1.8924283,12392
8.15,0.17528324,0
8.15,-1.3114204,0
8.1,1.364576,0
8.05,1.4037308,0
8.05,0.4301447,0
7.89,-0.75282574,0
7.85,-1.818922,0
7.72,2.582984,0
7.68,0.59901756,0
7.64,0.9403853,0
7.64,-0.68152237,0
7.62,6.4096174,0
7.6,-1.0542934,0
7.35,0.96172434,0
7.27,0.22422682,0
7.24,2.3846765,0
7.24,1.6057558,0
7.24,0.92003125,0
7.23,1.8430307,0
7.19,-1.4946463,0
7.19,0.15782258,0
7.15,-2.5515344,0
7.09,-2.3026807,0
7.04,-3.043812,0
7.03,0.48255527,0
7.0,-0.6180757,0
6.96,1.8672489,0
6.96,-0.8622887,0
6.96,-0.5031673,0
6.92,-1.665143,0
6.85,-0.7193079,0
6.85,0.03221923,0
6.77,-2.0780325,0
6.77,-0.7321739,0
6.7,0.49891382,0
6.7,-3.407982,0
6.64,0.91543925,0
6.55,-1.6312442,0
6.54,-2.5937083,0
6.52,-1.9718225,0
6.44,-2.2351127,0
6.41,1.0198603,0
7.02,-1.192007,9687
6.87,-0.8088565,9687
6.79,-4.4372654,9687
7.8,-1.0836471,12293
7.75,0.26764387,12293
7.64,-0.53363276,12293
7.64,0.3032829,12293
7.52,-0.56203586,12293
7.47,-1.186235,12293
7.21,-1.3565898,12293
6.97,-0.52191186,12293
5.53,-4.281408,2944
8.61,1.7895389,2844
7.75,1.4984256,2844
7.46,3.5264618,2844
6.82,1.2514323,2844
6.79,-0.32689065,2844
4.79,2.4667914,2844
4.57,-1.1861829,2844
7.8,0.6530878,15731
5.85,-1.9930408,11539
5.12,-6.181288,11539
5.0,-1.0085179,5243
8.7,5.758674,2816
8.7,4.621678,2816
8.7,4.318025,2816
8.4,2.342067,2816
8.3,2.8130596,2816
8.3,2.4961343,2816
8.22,0.26987708,2816
8.22,2.0546079,2816
8.22,2.917635,2816
8.22,3.1479874,2816
8.15,3.268318,2816
8.1,0.06008071,2816
8.05,1.8554417,2816
8.05,2.1274197,2816
8.0,-1.0403923,2816
7.92,1.9731146,2816
7.92,1.4599298,2816
7.85,1.1424329,2816
7.82,2.066651,2816
7.82,3.3534374,2816
7.77,-1.1998631,2816
7.77,2.2792354,2816
7.7,1.769913,2816
7.68,4.0322533,2816
7.66,-0.42077422,2816
7.62,3.0818083,2816
7.6,-0.97146094,2816
7.55,3.5411472,2816
7.55,2.401132,2816
7.52,0.16958344,2816
7.47,0.5138965,2816
7.39,0.7504335,2816
7.37,1.1125362,2816
7.31,0.91673017,2816
7.28,-0.12344493,2816
7.28,0.5131042,2816
7.17,-0.2969995,2816
7.12,-0.024028566,2816
7.07,2.1596696,2816
6.92,-1.3178583,2816
7.54,3.6462653,3097
6.85,-3.8134675,749
8.15,1.3906883,8567
5.12,3.1499197,8567
9.0,3.753337,9785
8.52,0.04781473,9785
8.19,2.4328892,9785
8.7,0.45222452,9398
8.4,2.1379077,9398
8.4,0.14871259,9398
8.15,1.017536,9398
8.15,-1.336322,9398
8.1,3.2509882,9398
8.1,-4.3306627,9398
8.05,0.6158644,9398
8.0,0.510527,9398
7.96,-3.1579692,9398
7.75,3.2509882,9398
7.7,1.2490547,9398
7.38,0.18046209,9398
7.29,1.1493657,9398
6.94,-0.8505435,9398
6.76,0.7727017,9398
6.67,0.12065397,9398
6.56,1.5999706,9398
6.5,2.1379077,9398
6.38,0.5867936,9398
6.02,0.5888387,9398
6.0,5.139326,9398
5.82,2.3755114,9398
5.59,-0.7225619,9398
5.47,0.8840735,9398
5.24,1.2021108,9398
5.21,0.89620966,9398
5.68,-5.065581,3825
5.46,-4.733596,3825
5.14,-6.497541,3825
7.42,-2.5736556,4469
7.21,-0.25556967,4469
7.2,0.19007602,4469
7.16,-0.040053207,4469
7.14,-2.0312436,4469
7.08,0.22471003,4469
6.89,-1.1579716,4469
6.77,1.2201078,4469
6.75,0.11659144,4469
6.75,-3.5678182,4469
6.58,0.39335126,4469
6.57,-1.0772651,4469
6.37,-1.8700106,4469
6.34,-2.5475836,4469
6.26,-3.260028,4469
6.19,-2.2112694,4469
6.17,-5.549554,4469
6.08,-5.0969653,4469
6.03,0.9404966,4469
5.95,-2.2824786,4469
5.89,-1.9139202,4469
5.8,-2.2352366,4469
5.55,-1.8466152,4469
5.46,-0.5460526,4469
5.45,0.038160764,4469
5.43,-1.6083052,4469
5.41,-1.5725838,4469
5.21,-1.9204358,4469
5.09,0.2975711,4469
5.0,-3.9009302,4469
4.82,-2.513663,4469
4.79,-4.2056613,4469
4.73,-1.6051719,4469
4.69,-0.7829737,4469
4.68,-4.168131,4469
4.54,-3.4510465,4469
6.93,-4.206421,4919
4.91,-1.9233716,4919
8.7,3.9021838,6868
6.55,-2.6614473,6868
6.22,-4.2796173,6868
6.2,-3.8920798,6868
6.12,-4.4185944,6868
6.1,-6.00831,6868
5.53,0.6443594,6868
5.45,-5.373846,6868
5.29,-8.069988,6868
5.22,-3.7838519,6868
5.19,-6.6850104,6868
5.12,-3.1100368,6868
4.91,-7.930068,6868
4.86,-8.190345,6868
4.81,-3.370641,6868
4.31,-2.480135,81
4.2,-8.214726,81
7.42,-6.473666,16364
6.0,-6.81381,16364
5.7,-8.078593,16364
5.7,-7.651981,16364
5.7,-6.5925503,16364
5.52,-6.6866255,16364
5.52,-8.941359,16364
5.52,-6.660109,16364
5.52,-6.1674156,16364
5.52,-6.80629,16364
5.52,-7.7397666,16364
5.4,-7.0466366,16364
5.4,-7.4877067,16364
5.4,-8.117535,16364
5.4,-8.295428,16364
5.3,-6.7518916,16364
5.3,-6.7832603,16364
5.3,-7.7242417,16364
5.3,-8.7574415,16364
5.3,-9.2391205,16364
5.3,-9.415838,16364
5.22,-7.4840894,16364
5.22,-8.294014,16364
5.22,-8.143984,16364
5.16,-8.531709,16364
5.16,-7.7836843,16364
5.16,-7.575534,16364
5.1,-9.626282,16364
4.96,-6.879439,16364
4.85,-9.297892,16364
4.85,-9.275311,16364
4.85,-7.714146,16364
4.58,-8.936996,16364
4.51,-8.00631,16364
4.5,-9.762144,16364
4.48,-8.017989,16364
4.44,-8.004035,16364
4.37,-9.744405,16364
4.26,-8.146367,16364
4.21,-7.9984727,16364
4.19,-8.624262,16364
4.14,-7.5499525,16364
4.03,-8.027544,16364
4.02,-8.095497,16364
5.3,3.3097482,9481
5.0,0.77102375,9481
8.3,3.2362776,10385
7.8,-7.2199426,15796
7.8,-3.9907477,15796
7.42,-2.7429779,15796
7.34,-4.0301795,15796
7.22,-1.8417742,15796
7.19,-2.29659,15796
6.96,-0.7677698,15796
6.73,-4.942619,15796
6.24,-7.56009,15796
5.39,-6.288799,15796
5.31,-7.259197,15796
5.24,-6.020022,15796
5.08,-6.0466022,15796
6.05,1.0639004,479
5.04,-2.2912536,479
7.57,-1.6518428,17628
7.52,3.677319,17628
7.39,0.8647808,17628
7.27,-1.5061795,17628
7.12,0.47915027,17628
7.12,0.4612975,17628
6.82,-2.2328873,17628
6.34,1.8328208,17628
6.21,-1.664115,17628
5.01,2.8223825,7223
7.11,1.2602496,9609
6.99,-2.256032,9609
6.83,-1.076609,9609
6.77,-1.6039454,9609
6.71,0.05287656,9609
6.55,-1.7949203,9609
6.43,-2.8232205,9609
6.4,-1.2905557,9609
6.33,-2.149198,9609
6.3,-2.376124,9609
6.3,0.85670286,9609
6.29,0.17252757,9609
6.23,-1.8255976,9609
6.23,0.6674974,9609
6.16,-1.0213325,9609
6.16,-0.54482627,9609
6.09,-0.8953185,9609
6.06,-3.7464821,9609
5.86,-1.9942675,9609
5.85,-1.792592,9609
5.71,-0.6455398,9609
5.71,1.1018467,9609
5.51,-2.3984487,1125
7.34,1.3592744,3598
6.6,-1.8404967,8719
6.17,-4.6279206,8719
5.96,-0.9378068,8719
5.92,-1.7931516,8719
5.77,-4.7757196,8719
5.6,-0.9816432,8719
5.6,-5.942751,8719
5.57,-2.1240695,8719
5.54,-6.8171935,8719
5.5,-2.600706,8719
5.48,-1.8682523,8719
5.44,-0.7318655,8719
5.32,-6.2395406,8719
5.32,-3.830674,8719
5.24,-5.384444,8719
5.2,-5.646946,8719
5.15,-0.85902727,8719
5.14,-4.7486644,8719
5.13,-4.092774,8719
5.12,-0.04957215,8719
5.09,-4.9266453,8719
5.08,-2.2801504,8719
5.08,-5.1032147,8719
5.06,-8.800821,8719
6.64,1.5335623,7528
6.47,-2.1036162,7528
5.46,-2.08181,7528
4.43,-1.0930146,7528
7.6,0.7469638,10558
9.3,3.0043523,2485
9.3,4.0541415,2485
9.1,3.175555,2485
9.05,3.750082,2485
8.82,1.7505964,2485
8.74,0.5853991,2485
8.66,1.8864523,2485
8.62,-0.59195966,2485
8.35,0.63475096,2485
8.33,1.5446105,2485
7.96,0.95972687,2485
7.89,0.4346179,2485
7.89,1.0679414,2485
7.85,-1.065479,2485
7.77,2.7852366,2485
7.68,1.9920845,2485
7.57,0.98733675,2485
7.44,-1.3736625,2485
7.4,1.6166219,2485
7.26,-0.6832837,2485
7.19,1.8020123,2485
7.11,-0.98728883,2485
7.09,-0.20611136,2485
7.0,0.206639,2485
6.85,-0.8160455,2485
6.46,-1.172547,2485
6.16,-2.5520267,2485
6.0,-0.7969367,2485
7.01,-2.2746522,10529
6.07,-2.0967164,6870
6.03,-5.3646436,6870
5.2,-0.2118272,6870
5.03,-3.9085288,6870
6.18,0.84012157,5933
6.16,1.7002113,10297
6.08,-3.9706562,10297
6.03,-0.71961087,10297
5.89,2.3830492,10297
5.49,-4.8483953,10297
5.49,0.20080219,10297
5.43,-5.8405924,10297
5.27,-3.7881682,10297
5.2,-3.4463236,10297
5.03,-0.20537628,10297
4.8,-4.7005763,10297
4.57,-7.069292,10297
6.97,2.5073938,5126
5.75,2.3898363,5126
5.49,0.12237829,5126
5.39,-1.4934554,5126
5.21,-2.9547794,5126
7.64,3.8249238,5263
5.89,-1.4020241,12312
6.05,-1.1635674,8330
5.03,-5.463644,8330
7.11,-0.7303963,2322
4.86,-3.8649886,2322
7.7,3.8652954,15666
8.68,3.6256754,11028
8.55,5.850635,11028
8.25,6.082944,11028
8.25,6.1528397,11028
8.21,6.3765707,11028
8.18,3.5359786,11028
8.14,2.2174606,11028
8.07,4.4366565,11028
8.04,4.815659,11028
7.66,1.8786082,11028
9.0,3.874335,102
7.96,0.78250766,15377
7.58,0.8468279,15377
7.51,0.12027918,15377
7.37,0.9106285,15377
7.32,-1.0661496,15377
7.23,-0.2838691,15377
7.22,0.37718883,15377
7.18,-2.493206,15377
7.08,-0.94430006,15377
7.04,0.3419052,15377
7.04,-3.8287027,15377
6.93,-3.0540204,15377
6.84,1.8746154,15377
6.84,0.5119071,15377
6.83,-3.2579246,15377
6.81,3.391707,15377
6.67,-2.421346,15377
6.57,-1.4275167,15377
6.51,0.0678243,15377
6.48,-0.9483766,15377
8.4,0.75513494,3853
8.3,0.80018735,3853
7.96,-2.3755322,3853
7.77,0.99922913,3853
7.75,0.23428127,3853
7.7,1.9558876,3853
7.43,-2.5984797,3853
7.27,0.009200543,3853
7.23,-1.630736,3853
7.1,0.01175775,3853
7.08,-0.34928927,3853
7.05,0.5034086,3853
7.02,0.10749294,3853
6.58,-3.0494955,3853
6.5,-2.109098,3853
6.44,0.68512356,3853
6.35,-1.4328448,3853
5.97,-2.0987365,3853
5.91,-4.0474463,3853
5.86,-0.13046502,3853
5.8,0.75710917,3853
5.78,-4.6281457,3853
5.77,-7.195773,3853
5.69,-6.4356227,3853
5.34,-1.0259477,3853
5.15,-4.019383,3853
5.11,-3.7522292,3853
8.3,1.8226302,14527
7.15,-2.3484259,12310
7.5,2.2018278,5495
6.2,3.489575,6533
9.1,-0.038119566,9369
8.89,-1.147962,9369
8.85,-0.55751085,9369
8.74,0.9322069,9369
8.74,3.0168266,9369
8.64,2.1516953,9369
8.39,0.5083128,9369
8.34,-1.8808286,9369
8.26,1.5387655,9369
8.13,0.73764515,9369
8.48,2.1651595,9200
7.72,4.492697,9200
7.48,3.267461,9200
7.07,2.07074,9200
8.11,-0.41549975,10646
6.73,3.027695,226
5.23,-1.7007136,226
8.4,2.3548265,6643
8.22,1.8158453,12693
7.77,1.472077,12693
7.37,-2.2360675,12693
7.12,-0.1692508,12693
7.11,1.8134446,12693
6.97,-4.0469694,12693
6.34,-5.3095984,12693
6.21,-2.571279,12693
5.39,-6.9117255,12693
7.96,1.7743758,6677
6.06,-1.8249384,7291
5.43,-2.1302497,7291
5.43,-3.3425682,7291
5.42,-1.8246546,7291
5.41,-3.0376444,7291
5.4,-1.87838,7291
5.38,-1.9212242,7291
5.34,-2.245579,7291
5.34,-0.44543767,7291
5.34,-3.572043,7291
5.25,-3.9491935,7291
5.24,-0.2136709,7291
5.23,-3.4843647,7291
5.19,-3.2477996,7291
5.14,-4.763181,7291
5.11,-1.4357412,7291
5.07,-8.744341,7291
5.07,-0.8084249,7291
5.04,-6.4946065,7291
5.01,-5.555689,7291
4.96,-8.744341,7291
4.96,-8.120096,7291
4.92,-1.069772,7291
4.89,-3.5802033,7291
4.89,-6.933196,7291
4.89,-0.5363411,7291
4.85,-6.094539,7291
4.82,-4.990571,7291
4.8,-3.0283892,7291
4.75,-3.8883884,7291
4.75,-6.459218,7291
4.22,-5.5518055,7291
5.28,-3.1068165,2410
6.52,-6.9642963,3808
5.27,-3.7415009,3808
4.89,-7.180466,3808
4.81,-4.4610834,3808
4.79,-2.8874855,3808
4.71,-7.9921575,3808
4.7,-7.8313756,3808
4.57,-3.7462816,3808
4.07,-3.3417256,3808
8.44,3.5371888,12526
8.42,3.4923182,12526
8.38,-1.1566379,12526
8.28,-1.5018833,12526
8.07,-0.48501542,12526
8.04,0.30741405,12526
8.0,1.2847922,12526
7.95,-1.4036491,12526
7.59,-4.425669,12526
7.57,-5.1505923,12526
7.33,-6.4859157,12526
6.77,-0.966323,3074
6.46,-0.5218646,3074
6.37,-3.4010518,3074
6.23,-3.586267,3074
6.12,-4.784806,3074
6.06,-1.6535628,3074
6.0,-2.496807,3074
5.42,-0.22888647,3074
7.33,-4.482913,11906
7.2,0.79104686,11906
6.77,-2.998663,2454
6.69,-2.998663,2454
6.25,-1.6110191,2454
6.22,-1.6110191,2454
6.12,1.7103084,2454
6.1,-2.4693973,2454
5.14,0.4181359,2454
7.7,2.9518173,6110
7.62,1.719173,6110
7.62,2.1641219,6110
8.52,-0.2961487,15934
8.4,-0.27298573,15934
8.3,-1.6097398,15934
8.3,-2.8002243,15934
8.15,-2.7421255,15934
8.0,-1.0517324,15934
7.85,-1.5686461,15934
7.75,-3.9841821,15934
7.52,-4.2796474,15934
7.48,-3.622366,15934
7.4,-2.7523487,15934
7.28,-3.5396316,15934
7.26,-1.8332016,15934
7.21,-1.6415598,15934
7.19,-2.6741645,15934
7.05,-0.927334,15934
6.82,-3.5026262,15934
6.72,-7.309423,15934
6.51,-1.9608868,15934
6.43,-4.0406275,15934
6.42,-4.806792,15934
7.8,2.2166905,16645
8.3,1.8843606,17270
8.04,1.5923679,13666
7.74,-3.7973795,12376
7.53,-5.87833,12376
7.39,-4.641475,12376
7.26,-4.5631905,12376
6.73,-5.2744184,12376
8.94,2.169982,9632
6.62,-9.032236,15705
5.77,-3.584728,15705
5.7,-8.380063,15705
5.7,-4.359342,15705
5.64,-5.197876,15705
5.5,-5.7020984,15705
5.46,-8.092323,15705
5.41,-10.0703535,15705
5.37,-7.976936,15705
5.34,-7.15019,15705
5.32,-6.5960336,15705
5.19,-8.62797,15705
5.04,-5.246404,15705
5.0,-7.165151,15705
5.0,-9.351057,15705
4.92,-5.823487,15705
4.85,-7.6372023,15705
4.82,-9.76725,15705
4.7,-9.84818,15705
8.08,1.4370941,15092
5.7,-2.6848037,2262
6.0,0.55986536,3499
6.85,2.5125432,16588
8.05,5.8508196,7850
8.0,5.722977,7850
7.96,4.798563,7850
7.89,4.7776995,7850
7.89,5.0586104,7850
7.82,4.3691297,7850
7.82,3.3136597,7850
7.75,6.614392,7850
7.72,5.0904765,7850
7.57,4.1441827,7850
7.55,3.2875974,7850
7.51,5.456931,7850
7.37,2.6250029,7850
9.0,0.04378416,14511
7.8,0.50438684,14905
6.23,-1.2077801,7156
6.17,-0.461294,7156
6.06,-0.2626033,7156
5.92,-1.7615126,7156
5.87,0.47611782,7156
5.19,0.47584656,9809
4.09,-7.5859,10374
7.82,1.2131977,8366
7.44,2.1222627,8366
7.2,3.958517,8366
6.87,-1.0999336,8366
6.86,-0.036246743,8366
6.7,4.8244476,8366
5.68,-7.944962,8366
6.75,-4.1439233,4510
6.6,-5.389318,4510
5.48,-4.843178,4510
5.3,-4.566028,4510
5.03,-4.529936,4510
5.01,-6.4909143,4510
7.18,-0.20708856,6145
6.87,0.48206002,6145
6.76,-1.9515687,6145
6.74,-2.3200667,6145
6.72,-1.7343693,6145
6.71,1.1283834,6145
6.7,-2.2438214,6145
6.6,-1.8401729,6145
6.56,-0.087093234,6145
6.51,-2.183644,6145
6.45,2.5714178,6145
6.38,-0.9120622,6145
6.33,-1.0877007,6145
6.07,5.990802,6145
6.06,-0.91887546,6145
5.92,-2.3182998,6145
6.47,0.09376241,16600
8.9,3.1933677,13106
6.16,2.6179583,6793
5.13,-3.0600626,6793
8.24,0.92416686,14642
7.92,2.8840234,14642
7.05,-2.088197,14642
6.1,-4.3953424,2767
5.85,-5.2690907,2767
5.77,-2.9311776,2767
5.6,-0.7630811,2767
7.47,-1.902254,17324
6.75,-3.46589,17324
6.52,0.6876459,17324
6.35,-4.516606,17324
6.19,-1.9715004,17324
6.06,-0.6647763,17324
5.92,-6.5195513,17324
5.87,-5.6199417,17324
5.84,-1.3020188,17324
5.73,-4.87395,17324
5.72,0.38428807,17324
5.7,1.5609211,17324
5.45,-3.8946486,17324
5.42,-4.925951,17324
5.12,-2.2459512,17324
9.4,1.2857987,6071
9.32,2.2157044,6071
8.92,2.415929,6071
8.74,4.5784826,6071
8.66,3.7477477,6071
8.62,-0.73523915,6071
8.6,0.35479525,6071
8.6,3.1946826,6071
8.55,6.3449373,6071
8.55,1.1784422,6071
8.52,1.5029638,6071
8.52,6.321979,6071
8.46,3.6775858,6071
8.44,5.450788,6071
8.42,2.2630086,6071
8.42,0.88778985,6071
8.41,5.6347303,6071
8.29,4.7454267,6071
8.27,2.5462406,6071
8.26,2.9320507,6071
8.22,-0.5776574,6071
8.22,5.131171,6071
8.17,5.7233377,6071
8.15,-2.3571422,6071
8.15,0.77685034,6071
8.15,-1.8500688,6071
8.14,6.4128757,6071
8.1,4.853942,6071
8.1,3.8543868,6071
8.05,2.110647,6071
8.0,1.3037009,6071
8.0,4.179476,6071
7.96,4.246321,6071
7.96,5.522483,6071
7.92,3.680339,6071
7.92,-3.0801382,6071
7.89,-4.668826,6071
7.89,3.5338433,6071
7.85,2.6625116,6071
7.82,-2.7598863,6071
7.78,4.649156,6071
7.77,0.117595136,6071
7.75,-2.19533,6071
7.72,2.415929,6071
7.72,1.766041,6071
7.7,3.340741,6071
7.7,2.2157044,6071
7.68,2.913311,6071
7.62,0.3778944,6071
7.62,1.6946104,6071
7.57,4.822274,6071
7.55,1.0552108,6071
7.55,0.36472416,6071
7.54,7.2028565,6071
7.54,2.8792634,6071
7.54,2.5462406,6071
7.49,0.7817017,6071
7.47,-1.1440476,6071
7.47,-1.8777859,6071
7.46,6.2012105,6071
7.44,-0.05956321,6071
7.38,3.3518317,6071
7.34,2.629649,6071
7.29,0.86439717,6071
7.26,-0.5110791,6071
7.23,1.1649637,6071
7.23,1.3144178,6071
7.22,-0.4197456,6071
7.17,4.034401,6071
7.16,5.5228066,6071
7.14,1.9092973,6071
7.08,1.9432013,6071
7.0,3.1946826,6071
6.93,-0.5776574,6071
6.9,-2.755948,6071
6.86,2.913311,6071
6.82,-0.20630938,6071
6.81,2.3769047,6071
6.8,2.8942494,6071
6.44,0.78719866,6071
6.43,3.6775858,6071
6.42,-1.1354609,6071
6.36,2.5179896,6071
6.36,-4.7557516,6071
6.35,0.70471454,6071
6.23,4.6062436,6071
5.97,1.6946104,6071
5.44,-1.2817948,6071
8.92,-2.0102904,12844
5.42,0.064016506,17685
8.22,-2.2939093,408
7.72,2.6844723,408
7.52,-2.462565,408
7.4,-0.82824826,408
7.39,0.12266669,408
7.22,-1.7463152,408
6.52,-1.7330279,408
6.35,-2.2939093,408
6.05,0.33156657,408
5.81,-0.29375842,408
5.6,2.8963444,408
8.3,1.0880511,16449
7.85,-0.33325267,16449
7.82,-0.07986207,16449
7.66,1.9700031,16449
7.6,-1.6152104,16449
7.58,-2.036236,16449
7.51,0.36803088,16449
7.43,-1.2128001,16449
7.35,-0.08899595,16449
7.34,0.47853485,16449
7.31,-0.002411481,16449
7.26,0.49465734,16449
7.21,-1.498457,16449
7.17,-1.9355001,16449
7.07,-1.5674075,16449
7.06,-0.07986207,16449
6.75,-1.9089279,16449
6.61,-6.1428466,16449
6.6,-3.150391,16449
6.57,0.36803088,16449
6.55,-2.9940176,16449
6.29,-1.4244697,16449
6.16,-2.8922882,16449
6.15,-1.819106,16449
5.81,-6.200294,16449
7.85,0.60225546,10046
6.92,-2.5106275,17483
5.8,1.7905692,9842
5.7,3.3945465,9842
5.64,3.4578745,9842
5.47,2.8316014,9842
5.34,3.0867007,9842
5.21,0.3078999,9842
5.29,-5.5555196,11108
10.0,2.2485933,9995
8.28,1.212464,9995
8.22,3.6525495,9995
8.62,7.35272,4550
8.61,4.415921,4550
8.54,6.3380876,4550
8.46,3.526187,4550
8.45,3.1206937,4550
8.22,0.06687431,4550
8.22,4.099713,4550
8.19,-0.05794451,4550
8.07,7.733456,4550
8.0,5.9493294,4550
7.92,6.9353375,4550
7.87,1.9440337,4550
7.85,5.17069,4550
7.82,-1.9543887,4550
7.64,3.4358685,4550
7.51,3.6012402,4550
7.45,2.3345618,4550
7.43,5.007257,4550
7.4,6.302844,4550
7.37,7.7194943,4550
7.22,4.0901566,4550
7.16,4.743027,4550
7.14,5.1309457,4550
6.93,2.4511693,4550
6.76,2.8293025,4550
6.76,2.6166642,4550
5.26,-1.2269026,4550
6.1,-6.5870137,3011
5.44,-2.055947,3011
5.23,-5.01772,3011
5.15,-7.906574,3011
5.11,-3.7835414,3011
4.66,-6.8694997,3011
4.64,-7.716387,3011
4.41,-6.8584194,3011
8.0,-0.27886406,9449
7.29,1.9475408,1812
4.12,-4.427489,16047
8.4,0.90990835,15894
7.96,-1.7799768,15894
7.72,0.7657763,15894
7.37,0.7657763,15894
7.19,0.90990835,15894
7.12,-1.7799768,15894
7.05,1.7870653,15894
7.62,-0.30836293,6849
6.0,1.277808,6454
6.0,-1.3150854,6454
6.0,-4.861757,6454
6.0,0.11870277,6454
6.0,-4.160176,6454
6.0,-0.35755864,6454
6.0,-1.6818007,6454
6.0,-2.2742305,6454
6.0,-1.6815305,6454
6.0,0.71550643,6454
6.0,-3.7770452,6454
6.0,-1.0275042,6454
6.0,-1.8973234,6454
6.0,0.36248103,6454
6.0,-4.8741603,6454
6.0,-2.5985012,6454
6.0,-6.2292433,6454
7.27,-0.2634764,6614
7.23,-1.7995781,6614
7.01,-0.9330232,6614
6.74,-2.9898422,6614
6.67,-3.5006154,6614
6.66,-3.1223483,6614
6.57,-2.2275343,6614
6.5,-2.7604516,6614
6.44,0.19313323,6614
6.42,-1.7566315,6614
6.34,-3.2649064,6614
6.28,-1.7198981,6614
6.16,-0.27092078,6614
6.12,1.4381878,6614
6.08,-1.1769185,6614
6.08,-1.9899898,6614
6.07,-0.94083494,6614
6.06,0.57582265,6614
6.04,0.7929069,6614
6.45,1.843375,13989
5.66,2.4913135,9585
5.12,0.13831763,9585
4.55,0.88003623,9585
8.1,5.5744014,14764
8.05,2.0334756,14764
7.96,4.7873282,14764
7.92,1.0406779,14764
7.8,3.7340958,14764
7.75,5.352627,14764
7.72,1.1187286,14764
7.68,2.0211816,14764
7.58,4.493352,14764
7.52,4.99023,14764
7.48,0.37716267,14764
7.28,1.7265662,14764
7.18,1.8228261,14764
6.56,0.15619378,14764
6.45,2.319047,14764
5.97,-1.2659123,14764
5.79,-1.5623485,14764
5.59,3.5054739,14764
5.19,1.4096768,14764
5.17,-0.08963564,14764
9.0,0.0111484695,10945
8.82,-0.42599276,10945
8.82,1.50542,10945
8.77,0.72020817,10945
8.62,-0.9831954,10945
8.62,-6.625406,10945
8.47,1.2898272,10945
8.4,-3.5694616,10945
8.38,0.57514536,10945
7.95,0.8776414,10945
7.51,0.40757295,10945
5.97,0.7901245,10945
9.0,-4.585582,13111
8.52,-1.3638155,13111
8.52,-2.9102414,13111
8.52,-2.639422,13111
8.4,3.114396,13111
8.22,-2.690963,13111
8.15,-1.7400612,13111
7.92,-0.14143656,13111
7.92,0.9427291,13111
7.82,-3.1926146,13111
7.8,-0.13101886,13111
7.8,2.6605854,13111
7.8,4.112841,13111
7.77,2.4417121,13111
7.75,-4.5944543,13111
7.72,1.8547513,13111
7.7,0.2309435,13111
7.68,-2.4500852,13111
7.51,-1.9082313,13111
7.47,-2.103346,13111
7.39,-0.89298505,13111
7.38,-2.7723107,13111
7.07,-0.10691157,13111
7.05,-3.3257847,13111
6.97,0.9855346,13111
6.96,1.7352809,13111
6.93,0.043142807,13111
6.9,-2.2805362,13111
6.88,-2.2938957,13111
6.85,3.1826942,13111
6.71,-0.7437539,13111
6.68,3.9501822,13111
6.67,1.8872216,13111
6.43,0.025209207,13111
6.39,1.4976585,13111
6.26,3.4234216,13111
6.25,-0.46167073,13111
6.1,4.963932,13111
5.9,2.9868174,13111
5.77,-1.4801906,13111
5.7,-3.01373,13111
5.52,2.3025658,13111
5.51,-1.7674123,13111
5.5,5.44106,13111
5.44,3.5275078,13111
5.42,2.1761281,13111
5.07,-1.0010332,13111
6.0,-0.07273933,4608
5.95,3.6863666,4608
5.82,1.3148646,4608
5.8,2.1041856,4608
5.75,1.2097654,4608
5.61,-0.6047784,4608
5.48,0.6495416,4608
5.4,1.339091,4608
5.21,-0.28733042,4608
5.13,-1.4972498,4608
5.08,0.047213525,4608
5.05,-3.804979,4608
5.04,0.6495416,4608
5.0,-4.203579,4608
5.0,-1.0738732,4608
5.0,-3.416323,4608
5.0,-4.473362,4608
5.0,-4.260635,4608
5.0,0.6495416,4608
5.0,-2.4907887,4608
5.0,0.14191234,4608
5.0,-5.398338,4608
5.0,-2.7542078,4608
5.0,-2.3955736,4608
5.0,-1.7384453,4608
8.54,3.4241824,8516
8.37,3.1761565,8516
8.21,1.9881811,8516
8.18,1.9713448,8516
8.02,-0.61994016,16410
6.6,-0.7377498,13948
6.6,1.0145164,13948
6.31,2.6399844,13948
5.98,-2.91185,9976
7.12,0.9627217,14945
6.41,4.087914,11420
5.77,-0.04789598,11420
8.52,2.6232314,4544
8.1,-2.560853,4544
7.85,-0.5003722,4544
7.75,-2.8075557,4544
7.62,0.8065711,4544
7.54,1.2691095,4544
7.11,-2.1714365,4544
6.98,1.9055169,4544
6.87,-0.5693154,4544
6.82,-6.5854,4544
6.43,-1.451047,4544
6.35,-0.54938424,4544
6.25,-1.9126207,4544
6.16,-0.016642611,4544
6.11,-1.4460169,4544
6.08,-7.560556,4544
5.94,-6.6313453,4544
5.82,-3.9794958,4544
5.72,-4.5679665,4544
5.28,-1.7380658,4544
5.12,-1.9984677,4544
4.95,-6.4875693,4544
4.62,-4.0211587,4544
4.58,-4.139004,4544
8.29,5.7202086,8778
8.29,5.4033513,8778
8.27,6.1126423,8778
8.15,4.8097363,8778
8.15,5.3651805,8778
8.15,5.645774,8778
8.12,4.979849,8778
7.96,3.784696,8778
7.94,4.0175614,8778
7.89,4.367842,8778
7.79,4.0365868,8778
7.69,3.9025156,8778
7.89,2.143615,11232
6.92,0.36123398,9488
6.66,1.9160025,9488
6.58,3.9636664,9488
6.23,1.0607622,9488
6.92,0.69206625,17080
7.61,-0.32926056,14532
7.46,-0.19043498,14532
9.0,5.2857704,8045
8.95,-1.1435393,8045
8.74,-0.34644425,8045
8.56,2.0406976,8045
8.37,-0.62319976,8045
8.35,0.5267438,8045
8.29,-1.1069949,8045
8.1,0.07989015,8045
8.06,3.227943,8045
8.02,3.351862,8045
7.87,1.6732252,8045
7.76,-0.7032394,8045
7.74,1.2358298,8045
7.58,2.1274357,8045
7.48,1.1610587,8045
7.46,3.6885123,8045
7.39,1.6200373,8045
7.37,1.2569417,8045
7.32,-0.4261407,8045
7.26,-0.1955355,8045
7.17,0.8781226,8045
7.1,3.5564206,8045
6.91,-2.605721,8045
6.9,-0.3013065,8045
6.89,1.7480423,8045
6.85,1.8584661,8045
6.83,2.9422605,8045
6.71,3.4032168,8045
6.52,-0.41186583,8045
6.37,-2.1228724,8045
6.3,-1.3178399,8045
6.3,-1.9500954,8045
6.3,2.5524828,8045
6.3,-2.247257,8045
6.3,2.915916,8045
5.42,3.2887962,8045
5.26,-1.2715886,8045
5.26,-0.123089194,8045
5.26,-1.4130838,8045
5.26,1.7575235,8045
5.26,-0.98486435,8045
5.26,1.511233,8045
5.26,-0.3380379,8045
5.26,0.026190924,8045
5.26,2.647072,8045
5.26,-2.8289645,8045
5.26,-2.588668,8045
5.26,2.4593298,8045
4.96,0.8975775,8045
8.05,2.9652233,254
7.8,1.486972,254
7.4,0.5192388,254
7.16,1.5240351,254
6.42,1.2585087,254
6.19,0.17876983,254
5.89,-2.226983,254
5.85,0.26760268,254
5.81,-3.245747,254
5.64,-1.4642891,254
5.52,-1.4278784,254
9.72,4.4429336,3946
8.15,-3.2902224,981
8.0,-1.8852819,981
7.89,-1.807982,981
7.48,-5.0958686,981
6.59,2.9833276,1038
9.22,1.5127462,205
9.22,-3.0961263,205
9.1,-5.234943,205
9.1,-3.0947504,205
9.0,-5.234943,205
8.96,-3.5420156,205
8.92,0.5353112,205
8.72,-1.2506403,205
8.7,0.66942084,205
6.74,-0.2830014,205
5.57,-6.0018225,3744
8.8,3.7366805,7582
8.4,5.380048,7582
7.25,-1.3788277,2821
7.18,2.2102296,2821
7.13,4.1694703,2821
7.11,1.850797,2821
6.62,-2.1693833,2821
6.36,-1.8751311,2821
8.7,6.5397387,17236
8.15,0.45979354,17236
8.1,3.2078478,17236
7.96,4.63192,17236
7.96,2.0662878,17236
7.89,3.7094953,17236
7.85,3.2190554,17236
7.6,4.1837363,17236
7.58,1.660419,17236
7.55,3.4812365,17236
7.51,3.0070496,17236
7.41,1.2119659,17236
7.41,3.0896988,17236
7.35,4.6531086,17236
7.2,2.2581308,17236
7.17,2.8424764,17236
7.06,3.754441,17236
6.89,1.4713572,17236
6.85,0.6176188,17236
6.85,3.785636,17236
6.55,-2.8846767,17236
6.52,0.35029408,17236
6.3,1.9407935,17236
5.89,-1.448432,17236
5.72,-0.99291825,17236
5.62,-1.1396123,17236
5.57,-2.0165417,17236
5.36,-2.8622296,17236
5.11,-3.565004,17236
5.05,-2.831943,17236
5.0,-7.5016007,7489
5.64,0.6589424,4921
6.7,1.7712498,6947
6.46,-3.719623,6947
6.46,-2.8343153,6947
6.43,4.504375,6947
6.29,-0.91483706,6947
6.27,-1.0573934,6947
6.24,-2.6765382,6947
5.6,-0.4219176,6947
5.43,-0.0025061555,6947
5.41,-4.3768635,6947
5.35,-6.6936464,6947
5.25,0.3356619,6947
5.22,-3.6788776,6947
5.11,-5.2418613,6947
5.05,-5.034904,2478
4.35,-7.3725357,2478
5.64,-6.625554,3746
5.92,-5.8569913,17526
5.1,-6.315895,17526
5.08,-7.4848228,17526
5.4,-4.669808,10067
5.19,-4.62437,15740
4.52,-7.386242,15740
4.16,-7.7016177,15740
7.89,3.5983653,17015
7.77,1.1895839,17015
7.72,2.567849,17015
7.6,0.5399307,17015
7.6,-0.32990083,17015
7.57,0.8335337,17015
7.52,-1.759677,17015
7.51,0.065136984,17015
7.44,-2.0563161,17015
7.02,-3.4074814,17015
6.95,-3.0067239,17015
6.92,-1.1325862,17015
6.91,-3.1795812,17015
6.82,-3.4108436,17015
6.78,0.77044797,17015
6.65,-2.4112413,17015
9.0,3.2301972,16067
9.0,1.275338,16067
8.52,1.0775256,16067
8.4,-0.64161444,16067
8.3,-0.4397183,16067
8.22,0.38563094,16067
8.15,-0.40429306,16067
8.1,-5.0109253,16067
8.1,-1.0755816,16067
7.82,0.5490307,16067
7.82,-1.8568864,16067
7.77,1.0790685,16067
7.68,-2.4893386,16067
7.33,-0.662588,16067
7.32,-1.795951,16067
7.28,1.5472163,16067
6.99,-0.76329666,16067
6.76,-1.5032148,16067
6.61,-1.2456529,16067
6.54,-1.8719062,16067
6.51,-1.9388582,16067
6.44,1.4316541,16067
6.34,3.8311734,16067
5.85,1.1847913,16067
5.84,-0.8604163,16067
5.3,-5.2068777,16067
7.72,3.1456923,14306
7.52,-0.98555255,15393
7.4,-2.7145388,15393
7.1,-3.9460356,15393
6.85,-2.5090678,15393
6.7,-1.1842177,15393
6.7,-3.8109531,15393
6.68,-2.545356,15393
6.68,-3.793187,15393
6.62,-3.8883202,15393
6.62,-3.1954648,15393
6.42,-2.920793,15393
6.39,-3.717652,15393
6.21,-3.5292723,15393
6.17,-3.6006749,15393
6.06,-1.9678991,15393
6.02,-4.348816,15393
5.89,-2.6637967,15393
5.85,-1.8420064,15393
5.8,-1.2284124,15393
5.46,-7.064552,15393
5.33,-8.000931,15393
5.33,-5.7073026,15393
6.13,-3.3203943,1969
6.39,1.0139569,6147
7.22,-3.644998,14746
7.05,-2.2055354,14746
6.12,-2.7368572,14746
5.92,-3.058244,14746
5.89,2.071653,14746
8.72,1.8796185,12180
8.36,1.8884413,12180
8.19,1.0044665,12180
8.08,1.0893841,12180
8.08,-0.78385645,12180
7.8,-0.27818698,12180
7.45,-3.374209,12180
7.44,0.81065756,12180
7.24,3.085569,12180
7.24,-1.348811,12180
7.04,-0.34916243,12180
6.99,-1.5433303,12180
6.85,1.2283127,12180
6.6,-0.78385645,12180
6.6,-1.5887104,12180
6.55,4.742563,12180
8.27,1.6542065,12301
8.21,2.3671496,12301
8.08,0.78550804,12301
7.98,4.038846,12301
7.92,2.8756988,12301
7.5,-4.65857,15511
6.57,-1.6398191,15511
10.82,0.24627079,12034
10.14,4.690384,12034
9.54,2.143895,12034
8.92,1.7331097,12034
8.82,5.8608127,12034
8.51,4.8668666,12034
8.49,4.597515,12034
8.32,5.3831253,12034
8.31,6.454699,12034
8.29,6.465761,12034
8.28,4.946039,12034
8.24,5.0330877,12034
8.16,3.509725,12034
8.14,6.626612,12034
7.44,2.0025282,12034
7.18,2.0616267,12034
7.12,4.9883585,12034
6.85,1.5361563,12034
5.9,-0.5224307,12034
5.58,2.5719244,12034
6.38,-3.1010547,10589
7.19,-8.214804,11787
4.4,-9.021292,11787
4.39,-8.872458,11787
7.82,-0.30888897,14266
7.8,4.0566607,1165
7.55,1.0546837,1165
6.73,4.259665,2839
8.4,-2.7072604,10872
7.52,4.3579783,11620
5.98,2.454541,11620
6.52,-4.841649,6236
6.0,-9.81637,6236
5.82,-11.185151,6236
5.6,-2.9870732,6236
5.4,-3.1224759,6236
5.3,-6.444946,6236
5.0,-9.224684,6236
7.48,5.738331,3199
7.34,0.7674277,5189
6.66,1.3445677,11829
4.61,-4.431886,10034
6.54,-4.1517143,3756
6.21,-3.3410494,3756
8.3,1.3383919,828
8.3,1.9027262,828
8.3,-0.087784275,828
8.3,3.4257312,828
8.1,-1.2310321,828
8.1,-0.022176001,828
8.1,-0.69431406,828
8.1,2.432625,828
7.85,0.5791987,828
7.41,-2.418648,828
6.96,-3.4100592,828
6.82,-4.4696693,828
6.36,0.28386337,828
6.08,-1.9771869,828
9.17,4.004293,12936
8.79,1.9366217,12936
8.74,1.4266567,12936
8.7,0.27785552,12936
8.7,1.8337548,12936
8.7,1.0636044,12936
8.7,1.381901,12936
8.7,-0.6519387,12936
8.69,6.1127224,12936
8.57,1.421133,12936
8.43,2.2492175,12936
8.42,2.456955,12936
8.4,0.17936243,12936
8.3,-1.0941396,12936
8.3,2.898672,12936
8.24,2.6753495,12936
8.22,1.2653967,12936
8.2,2.7964137,12936
8.15,2.630771,12936
8.11,-2.2847588,12936
8.05,0.93753463,12936
8.05,-0.0904897,12936
8.02,1.3105243,12936
7.97,-0.4708425,12936
7.96,1.0596257,12936
7.92,-3.7345507,12936
7.91,-2.378749,12936
7.89,1.2794232,12936
7.84,0.68079674,12936
7.8,-2.3337927,12936
7.75,-0.4135095,12936
7.64,-2.389681,12936
7.42,-2.9698303,12936
7.4,-1.8305175,12936
7.29,-1.1936706,12936
7.22,-4.748904,12936
7.2,-2.8246539,12936
6.83,-5.107505,12936
6.82,1.0933585,12936
6.75,-3.5826912,1867
5.77,-1.2222222,1867
6.62,-1.3585649,4329
6.46,0.2363426,4329
6.19,-1.7005013,4329
6.1,-1.4078124,4329
6.02,-1.9205568,4329
6.0,-4.210129,4329
5.75,-2.4007773,4329
5.68,-1.3844843,4329
5.61,-5.945778,4329
5.47,-2.7687304,4329
5.42,-2.5943165,4329
5.03,-4.8365617,10179
8.22,8.385653,216
7.92,4.5082464,4627
9.4,-0.14343746,10058
9.22,2.8603356,10058
9.1,1.0239056,10058
8.92,3.9197,10058
8.62,2.4194863,10058
7.97,-1.707651,10058
7.79,4.643044,10058
7.69,0.4130649,10058
7.51,0.58291095,10058
6.94,-3.1638653,10058
5.52,-6.250554,13842
5.96,-0.6581862,12600
5.68,-7.9416423,7459
5.9,-1.3143454,12368
7.57,2.6748364,1386
5.02,-3.841794,4283
4.18,-8.347135,4283
6.65,1.3378808,7365
8.05,5.9468603,671
8.04,4.7750874,671
7.94,3.5372722,671
7.92,4.645753,671
7.91,4.7919235,671
7.91,5.098696,671
7.87,1.9618446,671
7.76,4.3716726,671
7.76,6.0667534,671
7.73,2.2470539,671
7.71,3.2912965,671
7.67,5.033297,671
7.66,2.93713,671
7.66,3.1715102,671
7.61,4.611551,671
7.6,3.7582695,671
7.6,2.2887352,671
7.48,2.721159,671
7.43,3.8847408,671
7.31,1.9776629,671
7.31,2.6378884,671
7.31,3.5481718,671
7.16,0.10398373,671
7.11,0.64106315,671
7.07,-0.8375357,671
6.36,-1.4545376,671
6.37,-2.747274,4161
6.09,-2.162575,3642
5.5,-6.0403957,3642
5.12,-3.7272897,3642
4.68,-7.452128,3642
4.52,-5.825899,3642
6.44,5.7855954,11204
6.26,-7.0705504,11204
7.74,0.92760944,5592
7.7,0.8465516,5592
7.68,3.7643373,5592
7.64,3.0424843,5592
7.64,2.779999,5592
7.64,4.941163,5592
7.62,5.624559,5592
7.6,5.2422338,5592
7.5,1.4371382,5592
7.46,4.429423,5592
7.37,-0.312839,5592
7.37,0.5938729,5592
7.34,4.294552,5592
7.33,4.320311,5592
7.24,4.535041,5592
7.19,2.3997738,5592
7.12,5.689548,5592
7.06,4.4918776,5592
7.05,5.158448,5592
7.05,-0.9567164,5592
7.02,5.278954,5592
6.22,-3.4022024,4665
7.7,3.8427289,1444
9.31,2.1110482,11793
9.2,3.637226,11793
8.92,0.8566424,11793
8.92,2.6143138,11793
8.49,-1.964896,11793
8.39,0.9923621,11793
8.15,2.966486,11793
8.1,2.5662565,11793
8.05,5.485187,11793
7.89,5.2873416,11793
7.82,5.9841547,11793
7.8,1.8350441,11793
7.75,2.5734699,11793
7.72,-3.9352357,11793
7.7,0.053489964,11793
7.57,-4.4969797,11793
7.48,-1.9756775,11793
7.42,2.0572317,11793
7.25,3.9688878,11793
7.15,-5.4741535,11793
7.09,-3.205711,11793
6.85,0.48810634,11793
6.77,1.7384413,11793
6.75,-2.2074628,2253
7.6,3.4423227,10341
7.52,3.5752676,10341
7.35,3.8490481,10341
7.3,-1.3256626,10341
7.24,2.9274714,10341
7.16,1.0331903,10341
6.96,1.581168,10341
6.8,0.80837125,10341
6.72,0.9806054,10341
6.66,0.664624,10341
6.62,2.1157055,10341
6.43,1.0331903,10341
5.77,1.0331903,10341
5.75,1.0331903,10341
8.33,3.4521513,13205
7.64,2.2494018,13205
7.57,1.9690205,13205
7.55,3.282131,13205
7.46,1.9925044,13205
6.77,0.34488472,13205
6.72,-0.33782738,13205
8.7,5.590654,13798
5.92,0.49568316,16455
5.85,2.7950852,16455
5.66,-1.3062366,16455
5.62,0.9529427,16455
7.16,1.043393,5034
6.92,1.2227063,5034
6.64,0.9071014,7544
6.55,0.5482466,8188
6.77,0.935684,12024
6.88,3.672173,13992
5.01,-4.98264,2518
6.0,-11.337059,11621
7.96,2.856137,1015
7.92,-0.91554064,1015
5.7,-7.7483997,1015
7.52,1.0700155,15598
7.17,-0.115444586,15598
6.96,-1.8188212,15598
6.68,-1.8188212,15598
6.39,-1.2031996,15598
5.72,-5.358873,15598
5.72,-1.8188212,15598
5.5,-6.065676,15598
5.48,-4.42,15598
5.4,-6.5842204,15598
5.21,-5.9117155,15598
5.11,-5.6248093,15598
4.96,-6.297167,15598
4.75,-6.030824,15598
4.75,-3.065147,15598
4.75,-8.200014,15598
4.64,-3.415759,15598
4.35,-1.1195971,15598
8.77,3.8823068,2056
5.89,1.7150633,3653
5.45,0.17148863,3653
4.82,-2.1936255,3653
4.34,-6.1959553,3653
5.82,-5.617461,15900
5.43,-5.813853,15900
5.3,-4.451092,15900
4.53,-5.4089723,15900
6.7,-1.3064599,17354
6.51,-3.0136905,17354
4.22,-3.6918967,1419
9.7,-0.5966189,9968
9.21,1.4729551,9968
8.48,2.352154,9968
8.4,-1.6005096,9968
6.04,-3.930649,17773
7.64,-0.22248541,16747
7.12,-1.5186976,16888
8.52,6.1557903,6003
7.19,2.8951695,6003
6.7,0.5787213,6003
5.7,2.6219246,6003
6.94,-1.5018262,7351
6.82,-3.4124286,7351
6.7,-3.6910403,7351
6.57,-3.7718062,7351
6.49,-4.5097413,7351
6.47,-4.372704,7351
6.35,-3.2684672,7351
6.32,-6.1333413,7351
6.15,-3.91303,7351
4.33,-4.0802956,7351
6.23,2.4260602,6350
5.58,-7.0319767,9648
5.42,0.5028093,9648
7.75,1.5158323,3924
7.62,0.46112627,3924
7.54,0.3614884,3924
7.52,-0.3764114,3924
7.19,0.36358908,3924
7.0,-0.7188588,3924
6.6,1.7766799,12344
6.32,-1.6971312,3536
6.42,1.1446462,9738
8.77,-1.9021455,12316
8.24,-3.6956463,12316
7.99,-0.46465525,12316
7.78,-2.0104547,12316
7.18,-2.1154006,12316
6.87,-1.5268145,12316
5.89,-1.4635427,16577
5.85,-3.5166423,16577
5.71,-0.32680765,16577
5.65,-3.2455533,16577
5.63,-5.321361,16577
5.63,-3.6661081,16577
5.59,-1.3591697,16577
5.37,-4.5844307,16577
5.22,-2.8799756,16577
5.06,-2.8761363,16577
5.0,-3.8319201,16577
4.89,-4.929916,16577
4.87,-3.404442,16577
4.7,-3.139858,16577
4.66,-6.5921965,16577
4.62,-3.139858,16577
4.62,-3.2429683,16577
4.34,-6.3483124,16577
8.1,1.780727,10115
8.52,-0.09668447,11070
6.21,-4.396176,11070
8.33,-1.5518596,15470
7.72,-1.7588463,15470
7.66,-5.281232,15470
8.3,5.7103434,2200
8.1,5.6938405,2200
8.0,5.7189174,2200
8.0,6.990192,2200
7.92,5.0955772,2200
7.89,5.8190155,2200
7.82,3.6862,2200
7.77,5.184839,2200
7.75,2.734719,2200
7.68,3.2870097,2200
7.68,3.7591276,2200
7.62,-0.15908433,2200
7.54,2.8995278,2200
7.5,1.8994783,2200
7.44,4.590377,2200
7.42,2.9080443,2200
7.28,3.4189517,2200
7.21,1.3006316,2200
7.18,0.4088812,2200
7.17,3.5132174,2200
7.17,2.7637432,2200
7.13,3.55965,2200
7.04,3.4892144,2200
6.85,3.7084656,2200
6.84,1.5992999,2200
6.79,2.2384057,2200
6.71,2.9066906,2200
6.47,0.32621136,2200
6.8,-1.6008134,292
6.77,2.106581,292
6.62,-4.1596065,292
6.57,0.9021427,292
6.44,-2.645723,292
6.44,-4.7999225,292
6.39,-2.6481717,292
6.3,-2.7248127,292
6.27,-5.1751037,292
5.99,-3.1531348,292
5.84,-1.9822707,292
5.81,-3.3057587,292
5.8,-4.0183315,292
5.44,-3.3449447,292
5.37,-2.4674063,292
5.23,-0.20073596,292
5.2,-2.8471546,292
5.15,-1.2415313,292
9.0,4.761913,13795
8.52,2.7912264,9194
8.4,0.806929,9194
8.3,4.9259853,9194
7.77,4.7641277,9194
7.54,3.2131402,9194
7.48,5.9536524,9194
7.34,2.0795856,9194
7.14,3.0935206,9194
7.85,2.070843,6853
7.3,-6.982338,11550
8.15,1.5926541,14286
8.72,2.4742892,14315
6.01,-1.9105482,14315
5.87,-1.9936862,14315
5.76,-0.6698277,14315
5.7,-0.61855036,14315
5.68,2.8057513,14315
5.66,-0.59949106,14315
5.61,1.8780726,14315
5.59,1.8780725,14315
5.54,2.0806615,14315
5.44,-4.042664,14315
5.41,1.6339672,14315
5.41,1.190555,14315
5.3,-3.924085,14315
5.3,-5.2953763,14315
5.29,-0.6698277,14315
5.23,1.6339666,14315
5.21,0.06727047,14315
5.17,-1.9864266,14315
5.04,-2.3260539,14315
4.02,-8.224146,3498
6.82,-4.3486466,1709
8.71,2.2058375,9699
8.65,1.8839397,9699
8.36,1.070383,9699
8.08,2.12472,9699
7.76,3.8191812,9699
7.74,0.73664933,9699
7.49,-0.5738062,9699
7.4,-2.3427334,9699
7.35,-0.8843901,9699
7.13,0.7894108,9699
6.78,-0.09579864,9699
6.75,-1.6586983,9699
6.59,0.23808973,9699
6.56,0.77293324,9699
6.47,0.77293307,9699
6.37,0.45817703,9699
6.15,-2.4205122,9699
5.93,-1.8420204,9699
5.82,0.23809066,9699
5.32,-4.440053,9699
5.24,0.45515215,9699
7.36,2.5062609,7261
6.82,-3.9138057,1511
6.75,-2.8022058,1511
5.92,-4.673763,1511
5.16,-4.365473,1511
5.17,-0.09234397,15649
5.02,-1.3622077,15649
4.38,1.6412061,15649
6.24,4.4872317,8527
6.02,3.830604,8527
7.77,-1.7071645,16260
7.32,-3.0808513,16260
7.12,-0.89819086,16260
6.96,-3.9234624,16260
6.57,-4.3295245,16260
6.37,0.5547512,16260
5.7,-3.087516,16260
8.74,4.2602005,11943
5.43,-1.9907012,1498
7.75,-1.8214132,17811
7.46,-3.2738783,17811
7.22,-0.31565636,17811
7.13,1.498264,17811
6.9,-1.6718055,17811
6.15,-5.0681458,17811
5.93,-6.5220647,17811
5.86,-3.5021026,17811
5.83,-6.846308,17811
5.67,-4.428419,17811
5.6,-3.2738779,17811
5.41,-6.443539,17811
5.22,-4.5386567,17811
4.72,-9.315174,17811
4.58,-6.881579,17811
4.5,-7.6343575,17811
6.56,-3.0913033,8279
6.06,3.0411015,8279
6.01,-5.4965014,8279
6.01,-1.9523749,8279
5.94,-2.0240302,8279
5.85,2.1541953,8279
5.64,-1.6142337,8279
4.41,-3.6290514,5228
4.37,-5.413631,5228
4.17,-8.115263,5228
5.85,4.301456,581
7.79,2.296343,14189
7.01,2.0866644,14189
6.2,3.8014205,14189
5.72,2.9186323,14189
6.83,0.36016098,13623
7.7,-3.829964,1321
5.3,-0.62491316,1321
4.6,-3.067664,1321
8.03,4.812809,10581
8.03,3.921893,10581
7.98,4.900741,10581
7.88,3.7475245,10581
7.81,3.936552,10581
7.64,1.6164978,10581
7.62,2.3353584,10581
7.42,2.1475275,10581
7.38,1.2834296,10581
7.36,0.938254,10581
7.36,2.6909392,10581
6.75,0.48698077,10581
6.6,-1.4986203,10581
6.5,-1.6094732,10581
8.52,1.407146,2770
8.4,2.8379853,2770
8.22,3.1047862,2770
8.05,3.8347907,2770
8.0,0.056707636,2770
7.85,4.577649,2770
7.5,3.1045003,2770
7.2,4.2341614,2770
6.59,1.5082899,2770
6.57,1.9330022,2770
7.5,1.9867523,3206
6.96,-4.8104467,3206
6.85,-0.8063679,3206
5.47,-8.289082,3206
5.44,-7.257531,3206
5.41,-6.179166,3206
5.36,-7.503633,3206
5.35,-4.0097666,3206
5.29,-4.16569,3206
5.29,-5.4442873,3206
5.29,-2.0979745,3206
5.24,0.8118997,3206
5.22,-5.5729337,3206
5.21,-2.3710442,3206
5.19,-5.5984116,3206
5.18,-4.620104,3206
5.17,-1.075004,3206
5.11,-5.7089972,3206
5.09,0.7332184,3206
4.85,-4.635765,3206
4.57,-7.925143,3206
4.52,-7.8180737,3206
4.3,-8.261759,3206
4.13,-0.3289747,3206
6.28,-4.4936547,7139
6.68,-0.12093283,5168
6.12,1.4476542,5168
5.04,-2.3980272,5168
4.84,-5.1972485,5168
4.8,-0.7765352,5168
4.76,-3.465216,5168
4.73,-5.040017,5168
4.71,-4.5660076,5168
4.69,-5.337325,5168
4.65,-6.2395854,5168
4.17,-1.0183014,5168
5.26,-1.8344598,816
4.86,-0.32873553,816
8.4,3.9901237,6267
8.24,2.1757116,6267
7.6,-2.98873,6267
6.91,2.5729806,6267
7.48,-3.4004443,8937
8.4,0.34900072,13627
7.01,-0.02033728,10654
6.96,-0.8466244,10654
6.88,-2.4085917,10654
6.73,0.73225635,10654
6.67,1.1492343,10654
6.59,0.33928403,10654
6.19,-0.16456105,10654
6.01,-2.4664514,10654
8.51,3.1558783,2389
8.34,5.255309,2389
8.34,5.2762294,2389
8.27,2.964796,2389
8.27,5.7097173,2389
7.92,2.6865067,2389
5.46,-4.0259957,1244
5.33,-6.718347,1244
5.32,-7.327135,1244
5.3,-3.5939815,1244
5.23,-4.421315,1244
5.03,-4.5268574,1244
5.01,-6.094026,1244
5.0,-5.6871367,1244
4.97,-5.9275074,1244
4.84,-7.1773076,1244
4.78,-5.9852905,1244
4.72,-5.9928155,1244
4.71,-5.719956,1244
4.44,-4.9140973,1244
4.4,-5.167593,1244
4.38,-6.066676,1244
4.35,-4.2586226,1244
5.07,-4.7457643,1593
4.71,-2.8653367,1593
4.65,-3.6298823,1593
5.25,-1.9702752,1436
7.52,2.085251,737
4.24,2.7042801,5974
10.0,4.6878753,16491
10.0,4.6878743,16491
9.7,3.3980503,16491
9.7,3.0186045,16491
9.4,2.7790434,16491
9.22,-0.28586954,16491
9.22,0.53076816,16491
9.15,0.7763128,16491
9.15,4.203794,16491
9.1,-3.2286963,16491
9.1,2.8406713,16491
9.1,1.7350191,16491
9.1,2.9043448,16491
9.0,0.8601214,16491
9.0,1.0494697,16491
8.8,0.91633326,16491
8.7,1.8134865,16491
8.7,3.8432627,16491
8.7,0.6988235,16491
8.7,5.6105103,16491
8.7,-0.527575,16491
8.7,-2.3333042,16491
8.7,1.2874963,16491
8.52,-0.53721386,16491
8.4,1.228907,16491
8.3,-0.40922245,16491
8.3,-1.1623371,16491
8.3,-1.1013459,16491
8.3,0.2561304,16491
8.22,1.3561513,16491
8.1,-2.0651162,16491
8.1,5.454334,16491
8.0,5.9870267,16491
7.89,3.1795895,16491
7.75,1.1025457,16491
7.7,-1.2513407,16491
7.68,2.8138452,16491
7.64,-3.99102,16491
7.64,0.37681603,16491
7.62,-0.18798266,16491
7.6,2.7072475,16491
7.52,-1.4142785,16491
7.44,-1.4575741,16491
7.4,3.0270343,16491
7.32,-2.7181885,16491
7.21,2.5640528,16491
7.13,0.19172962,16491
6.54,1.1514502,16491
9.3,1.0011954,6022
7.77,-4.3635926,6022
7.66,0.86254174,6022
7.59,1.8902771,6022
7.58,-4.006527,6022
7.41,-2.105055,6022
7.31,-4.3385344,6022
7.29,-5.1193614,6022
7.26,0.8163287,6022
7.18,0.76046175,6022
7.17,-0.008646909,6022
7.16,1.6047158,6022
7.14,1.4328623,6022
7.12,-4.442614,6022
7.11,-4.829044,6022
7.1,1.0354363,6022
7.07,-2.0283804,6022
7.04,-0.4300649,6022
7.02,-2.3558714,6022
7.02,-0.9958203,6022
7.0,-6.654947,6022
6.98,-0.021576185,6022
6.96,-1.0631527,6022
6.9,-0.33327147,6022
6.86,-1.7077228,6022
6.85,-1.7550585,6022
6.85,-3.064695,6022
6.85,-5.186341,6022
6.84,-3.6419141,6022
6.84,-3.2915943,6022
6.81,-7.0165215,6022
6.79,-1.5158131,6022
6.78,-3.366102,6022
6.77,0.26398724,6022
6.76,-5.8599744,6022
6.74,-3.1063569,6022
6.72,-2.2228832,6022
6.72,-2.677671,6022
6.71,1.790033,6022
6.69,-3.4106486,6022
6.65,-4.7663636,6022
6.61,-3.0606859,6022
6.55,0.36843586,6022
6.52,-1.8922892,6022
6.5,1.0543417,6022
6.49,-4.1351843,6022
6.49,-6.2579813,6022
6.48,0.04520063,6022
6.45,0.50519836,6022
6.45,0.7469414,6022
6.44,-0.076694,6022
6.42,-0.97265244,6022
6.4,0.36843577,6022
6.39,2.0241923,6022
6.39,-2.2262595,6022
6.38,1.0543418,6022
6.37,-1.5119114,6022
6.37,-0.4376301,6022
6.36,2.204331,6022
6.32,-1.7077229,6022
6.32,0.84065264,6022
6.31,2.3096347,6022
6.3,1.9179417,6022
6.3,-5.3820915,6022
6.3,-2.2927756,6022
6.3,-1.1264516,6022
6.29,-2.3570764,6022
6.25,-3.0201933,6022
6.24,-3.6981995,6022
6.23,-1.3084369,6022
6.23,-0.9883349,6022
6.18,0.8442661,6022
6.16,-1.7077228,6022
6.09,-2.13874,6022
6.02,-1.2357633,6022
6.0,-0.3633774,6022
6.0,-1.99089,6022
6.0,-4.3976574,6022
6.0,-2.989754,6022
6.0,-4.958094,6022
6.0,-1.5766041,6022
6.0,0.047669217,6022
6.0,-0.74796903,6022
5.99,-3.5434463,6022
5.98,-3.7073607,6022
5.96,-1.7303783,6022
5.93,0.12792318,6022
5.89,-0.0030983575,6022
5.89,-0.43971846,6022
5.87,-3.3907537,6022
5.87,1.2888141,6022
5.87,1.288814,6022
5.86,1.635184,6022
5.76,-5.0972753,6022
5.76,-1.9307075,6022
5.75,-1.417549,6022
5.7,-4.7988544,6022
5.69,-4.6784797,6022
5.61,-2.4069355,6022
5.54,0.8915039,6022
5.38,-4.8384304,6022
5.31,-2.4069352,6022
5.25,-0.95169324,6022
5.22,-4.678479,6022
5.13,-5.11302,6022
5.05,-0.7711841,6022
5.0,-4.131527,6022
5.0,-6.3226447,6022
5.0,-3.4859252,6022
5.0,-0.81219125,6022
5.0,-0.5491124,6022
5.0,-1.054407,6022
5.0,-4.5149035,6022
5.0,-2.977811,6022
7.46,2.1832025,14473
8.34,-1.8000926,8410
8.14,0.11916377,8410
7.82,-0.66106623,8410
7.66,0.6513215,8410
7.66,0.106032014,8410
7.62,-0.7564792,8410
7.57,-0.69674605,8410
7.5,2.6243906,8410
7.4,-4.518888,8410
7.19,-6.4662976,8410
7.09,-1.6740193,8410
7.08,0.12615174,8410
7.08,-2.4898465,8410
7.06,1.5541018,8410
7.06,-2.046745,8410
7.01,-1.4507401,8410
6.97,-4.3880754,8410
6.91,-0.58125144,8410
6.9,-0.5386236,8410
6.87,-2.3218696,8410
6.87,-0.4438572,8410
6.86,-2.7876403,8410
6.8,-0.6371411,8410
6.79,-2.9177098,8410
6.75,-0.70241815,8410
6.74,-6.0527463,8410
6.67,-1.5927755,8410
6.58,-8.651911,8410
6.52,-7.80099,8410
6.51,-3.161001,8410
6.5,-1.9630836,8410
6.41,-3.1321301,8410
6.4,-4.0459733,8410
6.39,-3.9778073,8410
6.33,-2.4295933,8410
6.25,-1.9479048,8410
6.24,-4.4059434,8410
6.13,-4.478849,8410
6.03,-6.6245055,8410
5.97,-6.3743453,8410
5.96,-6.0566564,8410
5.95,-4.3646636,8410
5.95,-6.148624,8410
5.93,-2.7524006,8410
5.83,-6.46202,8410
5.8,-6.0852456,8410
5.75,-5.1028395,8410
5.39,-6.7095494,8410
5.34,-8.198069,8410
4.72,-4.342007,8410
4.67,-5.3687463,8410
4.36,-8.713456,8410
5.75,-3.295426,7416
5.68,-1.7277004,7416
5.39,-1.9047198,7416
5.15,-0.12899119,7416
10.0,3.6801949,11057
9.92,7.2611294,11057
8.89,3.9320228,11057
8.77,6.0426593,11057
8.0,2.4098742,8557
6.41,3.9805949,8557
6.23,5.328656,8557
5.03,-4.1389537,14304
5.7,0.06757988,14837
5.57,0.5414412,14837
5.54,-0.28117934,14837
5.68,1.2960628,14029
8.74,3.4421878,4412
8.52,2.856674,4412
8.4,2.6058478,4412
6.66,-0.87855726,9451
5.17,-2.0249248,14882
5.54,-6.952249,8451
5.52,-7.168381,8451
5.28,-7.9037304,8451
8.49,2.918058,13331
8.42,1.9940646,13331
8.2,1.5299482,13331
8.19,0.21989347,13331
6.98,2.2610984,7172
6.91,1.161341,8056
4.45,-3.648273,16552
4.4,-9.001244,16552
4.4,-2.7855566,16552
4.2,-6.0719438,16552
4.06,-4.7671876,16552
8.3,0.9218461,6545
8.15,-1.4659572,6545
8.1,-0.6691926,6545
8.05,4.779658,6545
7.8,1.7315199,6545
7.77,4.2021675,6545
7.77,1.7315203,6545
7.75,4.7976704,6545
7.64,3.7930598,6545
7.62,3.793059,6545
7.52,4.6652637,6545
6.94,1.9434569,6545
6.55,2.2729266,6545
6.52,-2.1891081,17027
6.82,2.9553337,13744
7.8,1.979474,12691
7.46,1.7897081,12691
7.3,-0.51804566,12691
7.19,1.6527625,12691
6.97,-3.7929084,12691
6.74,-1.0960467,12691
6.46,-4.9159594,12691
5.48,-6.9370303,12691
7.7,0.113662645,17281
7.1,-1.9917192,14579
6.58,3.0906444,464
6.4,0.16261993,2269
6.1,0.782015,2269
5.9,0.035168555,2269
5.9,-0.44836643,2269
5.7,-4.0384326,2269
5.7,0.1090765,2269
5.7,0.76295185,2269
5.5,0.16261996,2269
5.4,0.018528502,2269
5.4,0.1090765,2269
5.3,0.77687156,2269
5.2,-4.9125943,2269
5.2,-0.64871985,2269
5.1,-2.094433,2269
4.9,-0.042394932,2269
10.4,6.516208,6296
10.22,4.646519,6296
10.22,4.6465187,6296
10.22,4.646518,6296
10.22,5.995113,6296
10.1,3.5228062,6296
10.0,4.376134,6296
10.0,6.0801663,6296
10.0,4.4783573,6296
10.0,4.376133,6296
9.92,1.3252158,6296
9.89,5.8628078,6296
9.82,5.2070823,6296
9.82,3.2779233,6296
9.82,6.516208,6296
9.82,3.4419396,6296
9.82,5.995113,6296
9.82,2.3878117,6296
9.82,4.465112,6296
9.82,6.5162077,6296
9.82,6.1356974,6296
9.82,4.6856484,6296
9.82,4.6503725,6296
9.82,4.1961813,6296
9.8,3.5448368,6296
9.77,6.4348235,6296
9.72,5.84721,6296
9.7,6.852092,6296
9.7,6.927338,6296
9.7,6.516209,6296
9.7,5.4969854,6296
9.7,5.995113,6296
9.7,3.2779233,6296
9.7,4.646519,6296
9.7,4.7418737,6296
9.7,4.3761334,6296
9.7,5.387376,6296
9.7,4.6503725,6296
9.7,3.3905327,6296
9.7,2.8880906,6296
9.7,7.9275427,6296
9.7,5.496985,6296
9.7,4.376134,6296
9.7,3.4419396,6296
9.7,6.288858,6296
9.7,3.2779233,6296
9.66,6.5106215,6296
9.62,5.952004,6296
9.6,5.4969854,6296
9.6,5.90107,6296
9.6,0.92984706,6296
9.6,6.519236,6296
9.6,6.8400908,6296
9.6,5.141913,6296
9.6,6.005198,6296
9.6,2.815347,6296
9.6,5.266576,6296
9.6,5.514796,6296
9.6,5.2665763,6296
9.55,6.6396003,6296
9.54,5.2070823,6296
9.52,4.6447725,6296
9.52,5.315006,6296
9.52,4.4870896,6296
9.52,4.6447716,6296
9.52,5.995113,6296
9.52,2.848057,6296
9.52,2.8992019,6296
9.52,6.1356974,6296
9.52,6.127687,6296
9.52,5.90107,6296
9.52,4.799927,6296
9.52,4.463596,6296
9.52,5.528067,6296
9.52,1.670461,6296
9.52,5.9010706,6296
9.52,6.6211314,6296
9.52,5.8628087,6296
9.52,3.8711627,6296
9.52,5.590824,6296
9.49,6.67017,6296
9.48,3.8395948,6296
9.47,5.4969854,6296
9.46,5.1979527,6296
9.46,4.0107822,6296
9.46,6.852092,6296
9.46,2.8992014,6296
9.46,2.9488018,6296
9.46,6.927338,6296
9.46,7.3557982,6296
9.46,2.8771582,6296
9.46,4.68565,6296
9.46,5.6236706,6296
9.44,4.478358,6296
9.4,3.0914648,6296
9.4,5.08475,6296
9.4,4.5281353,6296
9.4,5.023773,6296
9.4,3.1163852,6296
9.4,3.7399192,6296
9.4,4.6304064,6296
9.4,3.2364864,6296
9.4,3.3905327,6296
9.4,4.4635954,6296
9.4,5.26623,6296
9.4,6.519236,6296
9.4,3.8406227,6296
9.35,5.0458064,6296
9.35,5.9010706,6296
9.35,2.848058,6296
9.35,1.703587,6296
9.35,6.927339,6296
9.35,2.62637,6296
9.35,6.9659905,6296
9.35,6.211064,6296
9.35,4.190183,6296
9.35,4.756172,6296
9.35,6.005198,6296
9.31,4.465112,6296
9.3,6.051576,6296
9.3,5.3150063,6296
9.3,5.803291,6296
9.3,4.4931693,6296
9.3,4.1870418,6296
9.3,4.2337074,6296
9.3,6.021956,6296
9.3,5.678079,6296
9.3,4.794644,6296
9.3,6.138587,6296
9.3,5.8834186,6296
9.3,0.24041532,6296
9.3,6.2256465,6296
9.28,6.6894197,6296
9.26,5.8834186,6296
9.26,2.675579,6296
9.26,4.553103,6296
9.26,4.797622,6296
9.26,4.6447725,6296
9.24,3.065782,6296
9.22,2.8379385,6296
9.22,0.9298471,6296
9.22,4.6643443,6296
9.22,5.023773,6296
9.22,4.4783573,6296
9.22,1.9987363,6296
9.22,3.686887,6296
9.22,-0.068048134,6296
9.22,5.2197676,6296
9.22,6.927338,6296
9.19,3.393086,6296
9.19,7.053578,6296
9.19,5.9046617,6296
9.19,4.6447716,6296
9.17,5.192477,6296
9.15,6.6211314,6296
9.15,4.1912956,6296
9.15,4.041622,6296
9.15,4.125524,6296
9.15,3.5695791,6296
9.15,5.9308286,6296
9.12,4.0077524,6296
9.12,2.5237973,6296
9.12,2.8439665,6296
9.12,5.514796,6296
9.1,1.6266842,6296
9.1,4.5197973,6296
9.1,3.2779233,6296
9.1,3.0349643,6296
9.1,6.686147,6296
9.1,1.6266837,6296
9.1,4.6162863,6296
9.1,3.2779233,6296
9.07,3.6496706,6296
9.07,4.612749,6296
9.07,4.334439,6296
9.07,2.331301,6296
9.07,0.72242415,6296
9.07,4.351897,6296
9.05,5.961633,6296
9.05,2.473299,6296
9.05,4.6643453,6296
9.05,-0.7938307,6296
9.05,4.040961,6296
9.05,2.087269,6296
9.05,4.0663953,6296
9.05,3.562593,6296
9.05,3.7062697,6296
9.05,6.138587,6296
9.05,3.4314635,6296
9.05,4.0239997,6296
9.05,6.2256465,6296
9.02,2.1848156,6296
9.02,4.4172883,6296
9.02,3.6827896,6296
9.0,0.005753087,6296
9.0,4.4741917,6296
9.0,5.2495522,6296
9.0,3.6853573,6296
9.0,5.0778546,6296
9.0,5.567391,6296
9.0,4.1870427,6296
9.0,4.022848,6296
9.0,4.787875,6296
9.0,3.779214,6296
9.0,1.8389806,6296
9.0,4.2835183,6296
9.0,5.5177383,6296
9.0,4.0086384,6296
9.0,1.5486202,6296
9.0,6.549201,6296
9.0,3.940646,6296
9.0,5.128784,6296
9.0,3.2779233,6296
9.0,3.1934993,6296
9.0,7.2238708,6296
9.0,6.2110643,6296
9.0,5.6236706,6296
9.0,5.192477,6296
9.0,5.4329815,6296
9.0,5.514796,6296
9.0,2.9159255,6296
9.0,6.4348235,6296
9.0,4.450888,6296
9.0,5.1014795,6296
9.0,5.896171,6296
9.0,5.249552,6296
9.0,3.143433,6296
9.0,5.514796,6296
9.0,3.2467394,6296
9.0,4.4172883,6296
9.0,3.562593,6296
9.0,4.6825123,6296
9.0,2.0452273,6296
9.0,3.4266422,6296
9.0,5.740114,6296
9.0,2.5086806,6296
9.0,4.7507644,6296
9.0,4.350992,6296
9.0,0.74523574,6296
9.0,5.5177374,6296
9.0,2.62637,6296
9.0,4.1516914,6296
9.0,3.1034281,6296
9.0,6.5492005,6296
9.0,1.7470264,6296
9.0,2.5144937,6296
9.0,-0.26570073,6296
9.0,5.0689354,6296
9.0,3.0914648,6296
9.0,3.889895,6296
9.0,5.2616296,6296
9.0,5.26623,6296
9.0,5.1079946,6296
9.0,4.8242183,6296
9.0,3.2035413,6296
9.0,2.5163693,6296
9.0,1.3252155,6296
9.0,3.8049347,6296
9.0,0.3009272,6296
9.0,3.562593,6296
9.0,4.6293936,6296
9.0,4.5197973,6296
8.7,4.3036504,6296
8.7,4.2735586,6296
8.7,3.0013878,6296
8.7,4.125524,6296
8.7,4.293063,6296
8.7,1.626684,6296
8.7,6.256957,6296
8.7,5.961633,6296
8.7,0.2865373,6296
8.7,5.152081,6296
8.7,4.235982,6296
8.7,4.49116,6296
8.7,3.562593,6296
8.7,3.7526498,6296
8.7,4.4741926,6296
8.7,2.8965175,6296
8.7,4.553104,6296
8.7,4.78925,6296
8.7,5.094185,6296
8.7,2.843966,6296
8.7,3.9689817,6296
8.7,2.8052866,6296
8.7,2.6595705,6296
8.7,1.1458069,6296
8.7,3.143433,6296
8.7,0.47717956,6296
8.7,2.0360126,6296
8.7,4.003358,6296
8.7,1.5047793,6296
8.7,3.702387,6296
8.7,-0.2657006,6296
8.7,1.1954719,6296
8.7,5.590824,6296
8.7,4.381046,6296
8.7,3.933746,6296
8.7,4.4144053,6296
8.7,3.5695791,6296
8.7,2.8036559,6296
8.7,1.6215845,6296
8.7,3.3047726,6296
8.7,6.127004,6296
8.7,4.1912956,6296
8.7,4.2681565,6296
8.7,0.9298467,6296
8.7,4.7507644,6296
8.7,5.094185,6296
8.7,1.990284,6296
8.7,2.4524288,6296
8.7,5.065687,6296
8.7,3.0304728,6296
8.7,-0.14131036,6296
8.7,4.0353994,6296
8.7,3.2244754,6296
8.7,1.9902835,6296
8.7,1.1891973,6296
8.7,3.679355,6296
8.7,4.7763314,6296
8.7,2.8379385,6296
8.7,-1.075755,6296
8.7,4.4144053,6296
8.7,-0.4528577,6296
8.7,0.49539903,6296
8.7,4.064963,6296
8.7,3.4548993,6296
8.7,-0.7938307,6296
8.7,3.4364297,6296
8.7,3.685357,6296
8.7,5.6394925,6296
8.7,1.8801539,6296
8.7,2.910915,6296
8.52,6.127004,6296
8.52,3.7399182,6296
8.52,0.82911605,6296
8.52,3.3688731,6296
8.52,4.9843326,6296
8.52,5.53675,6296
8.52,2.5001845,6296
8.52,2.3878114,6296
8.52,3.7023878,6296
8.52,2.849198,6296
8.52,0.38739654,6296
8.52,2.5163693,6296
8.52,3.4308636,6296
8.52,2.3714573,6296
8.52,4.419128,6296
8.52,3.0490077,6296
8.52,3.522807,6296
8.52,5.261494,6296
8.52,1.4777997,6296
8.52,4.61275,6296
8.52,1.419051,6296
8.52,0.47717935,6296
8.52,1.5047793,6296
8.52,4.064963,6296
8.52,4.450888,6296
8.52,3.9383643,6296
8.52,1.8559899,6296
8.52,3.4581826,6296
8.52,3.3274455,6296
8.52,4.478358,6296
8.52,5.118655,6296
8.52,2.864993,6296
8.52,4.919409,6296
8.52,1.463824,6296
8.52,5.2344933,6296
8.52,0.92984676,6296
8.4,2.2555246,6296
8.4,2.4234197,6296
8.4,0.33406582,6296
8.4,1.0565525,6296
8.4,2.4061518,6296
8.4,1.6089277,6296
8.4,3.6908097,6296
8.4,0.7259781,6296
8.4,5.3876543,6296
8.4,4.919409,6296
8.4,0.49539912,6296
8.4,5.234493,6296
8.4,3.686887,6296
8.4,0.005753342,6296
8.4,2.4623153,6296
8.4,3.3625536,6296
8.4,0.33820394,6296
8.4,3.3047726,6296
8.4,3.9568782,6296
8.4,0.74523616,6296
8.4,-0.06804794,6296
8.4,3.276751,6296
8.4,2.8012195,6296
8.4,1.918251,6296
8.3,1.9532992,6296
8.3,4.0409603,6296
8.3,2.8649929,6296
8.3,5.152081,6296
8.3,0.4771793,6296
8.3,1.6806829,6296
8.3,2.2925491,6296
8.3,0.36057737,6296
8.3,0.7008257,6296
8.3,0.334066,6296
8.3,4.2735586,6296
8.3,5.413221,6296
8.3,-0.77875817,6296
8.3,0.24763826,6296
8.3,0.43244314,6296
8.3,3.779214,6296
8.3,3.3165283,6296
8.3,1.0355136,6296
8.3,0.24041532,6296
8.3,4.007753,6296
8.22,3.3834655,6296
8.22,1.7971143,6296
8.22,1.8801539,6296
8.22,2.6657734,6296
8.22,0.5626793,6296
8.22,1.4646835,6296
8.22,1.3273907,6296
8.22,0.8802957,6296
8.22,3.4770162,6296
8.22,3.9948304,6296
8.22,4.9843326,6296
8.22,-1.0757549,6296
8.22,3.2244759,6296
8.22,5.1595182,6296
8.22,4.7892494,6296
8.22,1.0728562,6296
8.22,1.2177912,6296
8.15,1.8720773,6296
8.15,0.82911605,6296
8.15,4.1961813,6296
8.15,0.6717251,6296
8.15,3.7567663,6296
8.15,1.8389803,6296
8.15,2.118643,6296
8.15,3.6827893,6296
8.15,2.7599642,6296
8.15,1.9532992,6296
8.15,3.6793544,6296
8.15,0.3479402,6296
8.1,5.53675,6296
8.1,-0.43755117,6296
8.1,2.6657734,6296
8.1,1.6215845,6296
8.1,0.5194029,6296
8.1,0.51940316,6296
8.1,3.9689817,6296
8.05,0.61338544,6296
8.05,0.72242445,6296
8.05,0.56267893,6296
8.05,1.4777994,6296
8.05,-1.3818599,6296
8.05,1.3224785,6296
8.05,1.4096072,6296
8.05,-0.9704238,6296
8.05,1.3224785,6296
8.05,4.4191275,6296
8.0,3.1450174,6296
8.0,2.292549,6296
8.0,3.2532616,6296
8.0,0.9031731,6296
8.0,-2.7493975,6296
8.0,1.5049427,6296
7.96,3.3274455,6296
7.96,5.2197676,6296
7.96,1.5486208,6296
7.96,1.0409673,6296
7.96,0.33820394,6296
7.96,0.8890547,6296
7.96,-0.4528577,6296
7.96,1.0355142,6296
7.96,1.3593669,6296
7.92,5.5673904,6296
7.92,2.8491979,6296
7.92,1.4950088,6296
7.92,3.8263886,6296
7.92,3.20945,6296
7.92,4.0239987,6296
7.92,3.3688731,6296
7.92,1.8110886,6296
7.89,1.8436604,6296
7.89,0.36057714,6296
7.89,1.6692297,6296
7.89,0.28366938,6296
7.85,3.0386155,6296
7.82,0.47717893,6296
7.82,0.2345774,6296
7.82,3.940646,6296
7.8,-0.2657007,6296
7.8,-2.4658868,6296
7.8,2.1739867,6296
7.8,0.9705513,6296
7.8,2.3833406,6296
7.8,0.36057714,6296
7.77,2.454097,6296
7.77,0.45536938,6296
7.75,3.049008,6296
7.75,0.19844499,6296
7.72,2.8022196,6296
7.7,-0.95994604,6296
7.7,0.9031731,6296
7.7,2.0360131,6296
7.68,-3.2623436,6296
7.68,1.6692297,6296
7.68,-1.1345556,6296
7.68,2.4623153,6296
7.68,-0.81831324,6296
7.68,3.2767513,6296
7.68,1.3224785,6296
7.64,-1.4856594,6296
7.62,1.918251,6296
7.6,0.28366938,6296
7.57,0.2345772,6296
7.57,3.3165286,6296
7.52,-0.94530076,6296
7.52,0.61338544,6296
7.52,0.5194029,6296
7.51,0.24763857,6296
7.5,0.92984676,6296
7.48,3.3274455,6296
7.48,0.7008257,6296
7.43,0.43244314,6296
7.42,1.4096069,6296
7.4,-2.4906044,6296
7.39,1.1458069,6296
7.37,1.5049424,6296
7.36,0.72242445,6296
7.33,2.0061824,6296
7.3,0.5194029,6296
7.29,1.195472,6296
7.27,1.3593674,6296
7.22,1.8827987,6296
7.21,1.419051,6296
7.18,0.97055143,6296
7.17,1.6806823,6296
7.16,1.8801538,6296
7.08,3.065782,6296
7.02,-0.43755117,6296
6.98,1.8720762,6296
6.9,-2.7493975,6296
6.83,0.72242445,6296
6.8,-3.262344,6296
6.78,0.49539903,6296
6.77,-1.2586199,6296
6.76,0.36057717,6296
6.75,0.49539912,6296
6.75,1.3224788,6296
6.6,1.1020815,6296
6.59,0.34794006,6296
6.58,0.58263105,6296
6.52,1.562157,6296
6.46,2.462315,6296
6.43,-1.2586193,6296
6.42,1.8720769,6296
6.39,1.562157,6296
6.39,1.1020815,6296
6.37,1.7500076,6296
6.16,-1.2586192,6296
5.78,-0.40237588,55
6.75,-1.8320946,15729
4.64,-6.2967463,15729
7.57,-3.794794,11294
7.06,-2.1751885,11294
7.03,-5.8867836,11294
7.02,-5.0281606,11294
7.02,-3.908617,11294
7.0,-4.295657,11294
6.95,-4.6876082,11294
6.94,-5.4100685,11294
6.92,-5.679393,11294
6.8,-5.101654,11294
6.8,-4.007066,11294
6.7,-2.228955,11294
6.7,-2.6368854,11294
6.66,-1.4192842,11294
6.54,-3.483022,11294
6.52,-1.4368222,11294
6.5,-4.091562,11294
6.4,-3.4119847,11294
6.19,-3.654409,11294
6.12,-6.708249,11294
6.11,-2.9914644,11294
5.96,-2.4557915,11294
5.76,-6.6128592,11294
5.34,-2.3201163,16615
6.36,-0.46323434,5532
8.4,0.85719144,4007
8.1,2.116996,4007
7.82,0.87672293,4007
7.7,4.2285085,4007
7.7,0.9257528,4007
7.52,2.1442559,4007
7.35,-0.44889438,4007
7.06,0.044249013,4007
7.02,0.8916588,4007
6.64,0.91602093,4007
6.58,2.4782457,4007
6.58,2.9826689,4007
4.95,-3.234837,4007
4.79,-1.4260715,4007
7.77,5.2346826,13009
9.0,1.2925534,13641
7.2,1.22247,8896
6.77,1.0101533,8896
6.72,-1.0614375,8896
6.63,0.3461743,8896
6.42,0.619506,8896
6.37,-1.8022289,8896
8.19,5.344278,3373
9.0,2.9249194,16817
6.97,1.4874792,14280
6.93,-3.4008605,2965
6.73,-3.1786752,2965
6.71,-4.70089,2965
6.7,-3.895872,2965
6.61,1.5099868,2965
6.52,-5.6517234,2965
6.33,-3.8421476,2965
6.1,0.28914356,2965
6.03,-0.8341636,2965
5.98,-6.1006804,2965
5.9,-0.010681953,2965
5.74,-7.5239506,2965
5.67,-0.9650183,2965
5.57,-1.8960919,2965
5.57,-1.8054875,2965
5.55,-7.8820357,2965
5.27,-1.7775322,2965
5.15,-5.781679,2965
5.06,-3.133101,2965
5.05,-6.6541266,2965
4.38,-4.0727625,2965
6.45,-3.7205017,16309
6.85,-1.1323302,3562
6.27,-2.088728,3562
5.63,-6.686222,3562
5.47,-4.077669,3562
7.73,0.48537973,11773
7.58,0.5525999,11773
7.47,-0.02652296,11773
7.4,-0.014657397,11773
7.05,-1.1894271,11773
6.99,-1.0483959,11773
6.92,-1.3946496,11773
6.84,-1.1235801,11773
6.51,-0.8979637,11773
6.82,1.6491096,6402
6.72,-2.720852,6402
6.54,1.1368835,6402
6.46,-5.5478654,6402
6.45,1.2105867,6402
6.32,-0.6635513,6402
6.31,-1.6352007,6402
6.3,1.6578736,6402
6.24,-1.220141,6402
6.19,1.3182293,6402
6.14,-5.2021313,6402
6.0,-3.5227418,6402
6.0,-0.6440518,6402
5.95,-0.08464895,6402
5.77,-3.22204,6402
5.73,-2.5778267,6402
5.72,-1.2029905,6402
5.68,-2.368807,6402
5.41,-1.3959779,6402
5.37,-2.8853874,6402
5.08,-1.9764307,6402
5.02,-0.05359524,6402
6.59,-1.3189663,7954
6.33,0.03774213,7954
5.92,-2.244358,7954
5.79,-1.0487508,7954
5.76,1.5454525,7954
5.29,0.7607556,7954
5.27,-0.11892107,7954
5.24,1.0331581,7954
5.22,-1.1662364,7954
5.21,-1.9651966,7954
5.12,-1.4734735,7954
5.11,-3.3603432,7954
8.15,1.1483605,402
8.0,0.051641237,402
7.92,0.3091461,402
7.92,-1.4586955,402
7.77,-1.0050586,402
7.6,-5.304015,402
7.41,0.47470465,402
7.31,-3.9560473,402
7.27,-3.2259645,402
7.17,5.107035,402
7.09,-4.796784,402
7.07,-3.224659,402
6.8,-4.826526,402
6.77,1.8478678,402
6.75,-3.6339414,402
6.72,1.2088344,402
6.7,-3.6963923,402
6.7,4.9101224,402
6.68,-5.2060533,402
6.68,-4.3613133,402
6.66,2.8548758,402
6.64,-0.2797804,402
6.62,-3.6963923,402
6.54,-1.0050586,402
6.38,-1.5123357,402
6.34,-3.938266,402
6.3,1.127366,402
6.24,1.1988198,402
6.22,0.13446932,402
5.8,-5.418198,402
5.75,-2.067513,402
5.68,4.4195185,402
5.68,3.537085,402
5.55,-0.2774055,402
5.4,-2.6285665,402
5.36,-0.9848515,402
7.7,3.057381,15314
7.6,2.151453,15314
6.82,2.1018744,15314
6.7,-0.33738452,15314
6.7,-0.27633515,15314
6.7,1.0065086,15314
6.52,-0.68173486,15314
6.52,-1.0347838,15314
6.35,-2.7344334,15314
6.3,-0.13112786,15314
6.3,3.0342207,15314
6.3,-2.0322206,15314
6.3,3.0342207,15314
6.3,-0.7820145,15314
6.26,1.3352209,15314
6.22,0.7715064,15314
6.19,0.5498934,15314
6.16,-1.4334315,15314
6.16,0.625632,15314
6.16,3.1810877,15314
6.12,-0.36779577,15314
6.1,-0.84646976,15314
6.0,-1.7747215,15314
5.96,-0.843189,15314
5.82,-6.61428,15314
5.8,0.6365772,15314
5.7,-0.18470272,15314
5.41,-4.3139114,15314
5.07,-7.15866,2179
4.48,-5.4881873,2179
6.07,5.0441084,4828
5.41,-7.5707393,4533
4.21,-5.6761427,4533
4.64,-5.6391454,16826
5.0,-4.0836663,1250
4.23,1.9885951,1693
5.66,-3.2229445,3917
4.7,-5.1734514,4022
9.7,6.9774327,7941
9.7,5.531768,7941
9.7,3.3518543,7941
9.7,4.4329057,7941
9.4,2.2747285,7941
9.4,4.229042,7941
9.4,7.9037476,7941
9.4,6.129086,7941
9.4,6.9946203,7941
9.3,2.9615872,7941
9.3,0.9757523,7941
9.3,7.424639,7941
9.3,3.8791819,7941
9.22,1.921834,7941
9.15,6.6028967,7941
9.15,2.333918,7941
9.15,4.887193,7941
9.15,6.2612767,7941
9.15,3.4305456,7941
9.15,1.622717,7941
9.1,0.28738642,7941
9.1,4.302969,7941
9.1,6.8138404,7941
9.1,3.5193937,7941
9.1,4.816225,7941
9.1,6.129086,7941
9.05,0.2157049,7941
9.0,2.2745101,7941
9.0,6.7947702,7941
9.0,6.129086,7941
8.96,2.7086303,7941
8.96,5.9609737,7941
8.96,6.264095,7941
8.92,6.38791,7941
8.89,5.044666,7941
8.89,2.7877686,7941
8.85,1.6811407,7941
8.85,6.3334813,7941
8.85,3.4372582,7941
8.85,4.71298,7941
8.85,5.532571,7941
8.82,5.044666,7941
8.82,-2.677847,7941
8.72,4.2727613,7941
8.62,2.2377899,7941
8.59,-0.010694537,7941
8.48,3.576195,7941
8.48,-1.4872217,7941
8.47,2.070687,7941
8.46,5.376717,7941
8.44,3.314647,7941
8.43,2.666949,7941
8.39,7.161573,7941
8.38,5.0615444,7941
8.3,-3.4460711,7941
8.29,2.945222,7941
8.28,0.09198266,7941
8.24,2.945222,7941
8.24,2.945222,7941
8.19,6.243305,7941
8.18,1.9526407,7941
8.16,1.654436,7941
8.15,-2.6042814,7941
8.11,1.9526407,7941
8.08,2.5414643,7941
7.89,1.9526407,7941
7.64,0.59436417,7941
7.33,-1.4030823,7941
7.8,4.6516204,4625
7.66,2.8125353,15458
7.4,3.059637,15458
7.16,-2.9658604,15458
6.8,-6.34829,15458
6.54,-6.34829,15458
7.3,0.7233663,15510
6.82,-0.1329075,15510
6.54,0.8481213,15510
5.89,-1.4888468,15510
5.6,-2.9197993,15510
5.46,-2.1518152,15510
5.32,-2.9606385,15510
5.04,-5.0241146,15510
4.34,-4.7125244,15510
5.66,-3.3402932,12
5.91,2.0458634,17697
7.04,0.9577404,17194
8.72,-1.6452285,14799
8.18,6.2219796,14799
8.07,5.380211,14799
6.19,3.4967387,4188
6.12,-0.20924218,4188
5.47,1.2988629,4188
5.09,-0.2002035,4188
4.74,2.785283,4188
4.7,-2.4827223,4188
7.09,1.3491559,263
6.8,-6.7482963,4518
6.6,-6.2988014,4518
6.0,-6.3439465,4518
5.9,-5.575068,4518
5.7,-6.5567894,4518
5.3,-7.218411,4518
5.3,-6.1226797,4518
4.7,-8.620851,4518
7.57,2.4842997,17309
7.52,1.9811583,17309
7.4,2.0275397,17309
9.15,4.709365,13320
8.77,1.8387971,13320
8.64,1.888219,13320
7.4,-1.0100989,6479
7.05,-8.652079,14063
7.66,0.86632174,15163
7.27,0.2632351,15163
7.21,-0.4691628,15163
7.12,-0.5494541,15163
6.16,-2.674486,15163
5.89,-0.7120865,15163
6.9,-0.49111524,7022
8.22,-2.4007401,14740
8.0,-5.080317,14740
7.7,-3.0211957,14740
7.52,-3.1846943,14740
7.05,-3.3688,14740
6.75,-0.7966622,14740
6.75,-2.78233,14740
6.58,-4.205678,14740
5.82,3.3456092,14740
4.39,-1.7436974,8819
6.85,-0.49015573,8639
6.19,-6.077475,9062
5.9,-6.527472,9062
5.85,0.05824634,9062
8.64,2.8480906,11079
6.04,-0.51008886,12591
8.17,0.27571502,10453
8.06,2.148661,10453
8.04,3.2081895,10453
7.98,0.80027956,10453
7.81,2.656305,10453
7.78,-1.1906259,10453
7.67,-0.36736414,10453
7.65,-2.6512647,10453
7.62,-2.6647248,10453
7.52,0.28714767,10453
7.52,3.3969724,10453
7.44,-3.3683057,10453
7.37,-2.1237202,10453
7.25,1.7663158,10453
7.2,2.2256036,10453
7.17,-1.6899936,10453
7.13,-3.121108,10453
7.04,1.5419774,10453
6.97,5.284822,10453
6.45,0.20986386,10453
6.44,-2.4483192,10453
5.9,1.4646261,10453
5.89,-0.48733845,10453
5.31,-1.9213804,10453
5.31,-0.5574577,10453
4.62,-1.7830155,15739
7.7,1.7497652,17566
4.28,-3.9208899,17566
8.7,1.7895348,10842
5.92,3.9058776,14194
5.4,-4.357403,4165
8.7,-4.723789,16460
8.3,2.3687928,16460
8.05,-1.8390166,16460
7.75,1.3521143,16460
7.75,1.0728471,16460
7.7,-9.22693,16460
7.42,-0.02240334,16460
7.21,1.7002003,16460
6.93,-10.390247,16460
6.89,-11.316172,16460
6.63,-0.82651246,16460
6.51,-8.180956,16460
6.36,-9.382263,16460
6.34,-6.7290707,16460
6.0,-8.373857,16460
5.95,-6.373991,16460
4.6,-9.892736,16460
8.0,-1.7300656,5897
8.72,1.5486861,12257
8.57,3.6306221,12257
8.42,3.2841399,12257
8.42,2.6007543,12257
8.42,1.2389846,12257
7.92,2.6313689,12257
7.85,3.0829313,12257
7.77,-0.5019113,12257
7.75,-2.4426825,12257
7.5,-0.7208741,12257
6.57,-2.7425563,12257
6.37,-0.25737712,12257
6.33,1.0714146,12257
5.65,3.5314362,12257
5.09,-0.16265003,3503
8.22,0.068328634,5814
6.82,-1.8764359,5814
5.82,0.068328634,5814
6.54,-3.1321871,1633
5.97,-5.729473,1633
5.91,-5.530755,1633
5.88,-2.231035,1633
5.84,-3.629564,1633
5.81,-2.626455,1633
5.8,-4.633885,1633
5.75,-10.045237,1633
5.74,-5.8865047,1633
5.72,-3.551202,1633
5.72,-2.57152,1633
5.71,-5.566622,1633
5.7,-3.8692822,1633
5.68,-8.377478,1633
5.67,-4.946664,1633
5.67,-6.9401493,1633
5.67,-8.141838,1633
5.66,-7.201228,1633
5.65,-9.830101,1633
5.65,-2.6153102,1633
5.64,0.9751802,1633
5.63,0.26741537,1633
5.63,-6.745312,1633
5.61,-2.4351182,1633
5.6,-6.753423,1633
5.59,-8.08705,1633
5.58,-4.043061,1633
5.58,-8.0311365,1633
5.58,-10.068412,1633
5.57,-0.6571654,1633
5.57,4.7980022,1633
5.55,-7.7632313,1633
5.55,-6.1308403,1633
5.53,-5.3445263,1633
5.51,-2.0269365,1633
5.5,-6.5991044,1633
5.5,-8.012613,1633
5.48,-2.4191368,1633
5.46,-5.9542394,1633
5.43,-7.50727,1633
5.42,-8.439826,1633
5.42,-1.9198513,1633
5.42,4.8969936,1633
5.4,-2.5268123,1633
5.4,-0.7293993,1633
5.39,-6.1866007,1633
5.37,-5.4293275,1633
5.37,-4.979702,1633
5.37,0.07367339,1633
5.35,-7.697795,1633
5.35,-7.0114894,1633
5.35,-6.687491,1633
5.33,0.8094992,1633
5.32,-3.7932453,1633
5.31,-4.56079,1633
5.3,-6.9020605,1633
5.3,-5.7752085,1633
5.28,-4.741119,1633
5.28,-3.77808,1633
5.27,-2.1788063,1633
5.26,-7.4232163,1633
5.26,-3.0605898,1633
5.25,-1.8043665,1633
5.25,-8.244404,1633
5.24,-4.743833,1633
5.23,-3.1738906,1633
5.23,-7.270999,1633
5.22,-3.8567836,1633
5.22,-8.035656,1633
5.21,-2.0921652,1633
5.2,-7.79759,1633
5.19,-2.210935,1633
5.19,-10.17037,1633
5.19,-8.952731,1633
5.18,-9.122415,1633
5.18,-4.682322,1633
5.18,-6.9043164,1633
5.17,0.03782023,1633
5.17,-6.2453313,1633
5.17,-7.7414546,1633
5.16,-4.8813667,1633
5.13,-5.842056,1633
5.12,-8.750955,1633
5.12,-3.5064535,1633
5.11,-7.5311933,1633
5.07,-6.061992,1633
5.06,-4.124023,1633
5.04,-5.7133846,1633
5.04,-2.5181963,1633
5.03,-8.772085,1633
5.01,-7.6634374,1633
5.01,-1.9794188,1633
5.0,3.8793,1633
4.99,-4.7066345,1633
4.99,-5.0285153,1633
4.98,-8.301975,1633
4.97,-5.9117894,1633
4.94,0.65747344,1633
4.93,-6.3147883,1633
4.92,-10.151883,1633
4.92,-3.5095036,1633
4.9,-2.8631263,1633
4.9,-1.9697878,1633
4.88,-6.0755534,1633
4.88,-9.707968,1633
4.86,-4.2903585,1633
4.84,-1.8525512,1633
4.83,-4.21332,1633
4.82,-6.395098,1633
4.8,-6.7857423,1633
4.79,-1.3691132,1633
4.79,-4.203544,1633
4.76,-7.0394654,1633
4.75,-2.4747725,1633
4.74,-8.297028,1633
4.7,-7.6934495,1633
4.68,-6.3337483,1633
4.65,-4.4034023,1633
4.64,-5.7637234,1633
4.63,-6.5750155,1633
4.6,-7.9426193,1633
4.58,-4.826016,1633
4.57,-6.212095,1633
4.55,-3.6091003,1633
4.52,-5.0469594,1633
4.38,1.7609929,1633
4.33,-4.169083,1633
4.33,-9.971617,1633
4.32,-3.6808462,1633
4.25,-3.2730343,1633
6.01,-1.6522864,6838
5.5,-6.726271,6838
7.4,-3.1071813,9856
7.4,-4.3615327,9856
7.2,-3.4379587,9856
7.1,-4.8957977,9856
7.1,-7.3205466,9856
7.0,-0.3873632,9856
6.8,-3.7427957,9856
6.8,-5.0357327,9856
6.7,-1.9744303,9856
6.7,-5.9693646,9856
6.7,-5.780932,9856
6.6,-4.980295,9856
6.5,-2.3381724,9856
6.4,-6.2825418,9856
6.4,-2.2669618,9856
6.4,-7.3987656,9856
6.1,-8.811661,9856
6.1,-9.170082,9856
6.0,-8.062785,9856
5.9,-7.898039,9856
5.8,-8.315545,9856
5.8,-7.4874096,9856
5.7,-4.15376,9856
5.7,-0.4625907,9856
5.6,-8.713474,9856
5.6,-6.9223776,9856
5.6,-5.9795775,9856
5.5,-3.8819697,9856
5.5,-5.203224,9856
5.5,-8.532195,9856
5.5,-7.6683216,9856
5.5,-1.6100641,9856
5.5,-7.666086,9856
5.5,-4.959406,9856
5.5,-7.8707733,9856
5.5,-6.690345,9856
5.5,-8.088389,9856
5.5,-5.82315,9856
5.5,-2.0082104,9856
5.3,-7.578298,9856
4.9,-6.156056,9856
4.9,-3.8706064,9856
4.9,-8.425821,9856
4.3,-8.763776,9856
8.0,1.5350498,107
7.1,4.9275866,17250
6.5,2.9188542,17250
6.66,2.6385636,11766
6.47,0.5321042,11766
6.4,-4.045692,11766
6.34,-1.0480958,11766
6.26,-2.3958385,11766
6.2,-1.4350007,11766
5.82,4.439574,11766
5.7,-1.7041,11766
5.58,0.74074614,11766
5.48,-3.3362403,11766
5.43,0.45559144,11766
5.39,-1.7468739,11766
5.38,-1.0297705,11766
5.35,-1.1824784,11766
5.33,1.0692492,11766
5.3,-1.3696731,11766
5.28,0.12536365,11766
5.26,-0.9476353,11766
5.24,4.69113,11766
5.24,-1.499748,11766
5.23,3.1719315,11766
5.2,-0.29236087,11766
5.07,-0.17524463,11766
8.54,3.8149328,3231
8.39,2.5032394,3231
8.2,4.2002025,3231
8.15,1.6681452,3231
8.07,3.2668092,3231
7.96,4.133318,3231
7.96,1.2325531,3231
7.96,3.937953,3231
7.85,2.6161773,3231
7.77,2.6851428,3231
9.44,0.023310002,9103
7.85,-5.3569155,10827
7.8,-3.332884,10827
7.38,-3.369344,10827
7.36,-3.9655416,10827
7.27,-4.3863864,10827
7.1,-1.9773061,10827
7.05,-3.4723783,10827
6.92,-3.7920547,10827
6.8,-2.683148,10827
6.52,0.9878721,10827
6.51,-1.8379269,10827
6.47,-3.2960851,10827
6.46,-4.4074965,10827
6.41,-2.3532941,10827
6.39,-6.2065935,10827
6.34,-5.5337024,10827
6.3,-6.2118287,10827
6.2,-3.024282,10827
6.14,0.9292199,10827
6.1,-4.5938115,10827
6.01,-3.53806,10827
6.0,-6.1821775,10827
5.92,-1.9515355,10827
5.85,-5.5447006,10827
5.82,-7.126868,10827
5.75,-2.7708669,10827
5.72,-6.5161033,10827
5.54,-6.904612,10827
5.52,-6.5104566,10827
5.48,-8.259381,10827
5.44,-7.928588,10827
5.43,-7.531774,10827
5.29,-1.4097891,10827
5.28,-6.316269,10827
5.22,-6.165251,10827
5.19,-5.334864,10827
5.16,-3.22131,10827
5.15,-0.06791443,10827
5.14,-4.613389,10827
4.96,-7.6621766,10827
4.92,-8.430728,10827
4.89,-7.6380043,10827
4.89,-2.5911088,10827
4.77,-9.0953665,10827
4.7,-3.533329,10827
4.7,-6.7814274,10827
4.44,-5.807099,10827
4.37,-6.2554593,10827
4.35,-7.306524,10827
4.22,-1.6974245,10827
3.97,-7.825242,10827
3.77,-3.0700216,10827
3.73,-6.5951905,10827
4.82,4.017677,5699
4.68,-1.6396298,5699
4.72,0.5298474,3555
4.7,-1.1044265,3555
5.92,-1.1639777,3507
8.15,4.0972958,9382
6.85,-0.45555905,12872
6.09,3.303459,10336
5.53,4.2707276,10336
5.24,1.9784806,10336
4.89,3.3678179,10336
7.89,1.5227089,4833
7.64,-1.1563058,4833
7.16,-1.7986599,4833
6.7,-0.26533207,4833
5.04,3.8644323,4833
6.64,0.8675195,3470
5.76,-4.476935,1197
8.22,0.6813442,12057
10.15,0.23560715,10576
8.07,2.8796706,10576
7.49,3.6254635,10576
6.76,3.4941473,10576
6.5,1.429346,10576
6.29,1.3400348,10576
8.3,0.36234945,2709
7.9,-2.7475839,2709
7.7,-4.119756,2709
7.7,-2.8051481,2709
7.7,-2.0733266,2709
7.5,-2.3824449,2709
7.5,-1.3446833,2709
7.5,-3.0591602,2709
7.4,-0.7713284,2709
7.2,-1.7101676,2709
7.1,-2.5335286,2709
7.1,-4.6027145,2709
7.0,-3.2885358,2709
6.4,-2.1317077,2709
6.4,-2.491443,2709
6.1,-1.5683643,2709
5.9,-2.3907144,2709
5.7,-1.5733598,2709
5.5,-4.1637497,2709
5.0,0.63767576,2709
7.22,-1.5166088,3403
6.5,-0.92884964,13753
7.67,2.6610792,9691
7.61,3.649702,9691
7.57,6.0158277,9691
7.52,4.8150525,9691
7.48,5.3317575,9691
7.29,4.362521,9691
7.18,6.070788,9691
7.82,3.7507627,2677
6.04,-1.6538125,3651
4.92,-3.4734597,3651
4.79,-1.0821649,3651
4.0,-1.6868635,2898
4.0,-4.691566,2898
8.92,-2.0959275,14292
7.51,0.7814236,14292
7.14,0.095472984,14292
6.34,-1.5533577,14292
5.79,-0.31743616,3025
5.67,0.9305206,3025
5.6,-0.9851155,3025
5.56,-0.49598357,3025
5.55,1.7648991,3025
5.42,0.12611617,3025
5.13,-5.447016,3025
5.05,0.71273017,3025
5.04,-2.6696756,3025
4.87,-0.07595824,3025
4.69,-2.3746803,3025
4.66,1.9779239,3025
4.64,-0.18380173,3025
4.62,-3.1305225,3025
4.54,0.4007372,3025
4.35,-0.7475048,3025
4.23,-6.699628,3025
4.04,-2.2373805,3025
6.74,-5.801699,5413
6.73,-5.320332,5413
6.55,-7.77927,5413
6.44,-5.2957516,5413
6.41,-3.8880255,5413
6.33,-5.3227034,5413
6.31,-7.040219,5413
6.04,-6.088182,5413
5.99,-7.2769074,5413
5.92,-6.1086726,5413
6.41,1.0692883,4232
8.7,3.870058,12846
6.09,-1.9651601,12769
7.22,-1.3993409,6266
9.0,5.6568055,824
8.22,3.1826494,824
8.15,-0.9178435,824
7.85,-2.0280495,824
7.82,2.9160843,824
7.77,0.7235926,824
7.55,-1.5518105,824
7.55,2.430941,824
7.52,-1.5518105,824
7.42,-4.9665217,824
7.32,4.1239276,824
7.17,-4.5999393,824
7.16,-0.77014536,824
7.02,3.1597097,824
6.97,-2.9003468,824
6.94,-6.6302295,824
6.77,0.16711234,824
6.66,-2.4804978,824
6.61,-5.9129043,824
6.58,2.0907433,824
6.44,1.7991375,824
6.27,-1.5518105,824
6.32,2.7805305,16139
5.7,-0.7016696,16139
4.92,1.030335,16139
4.75,1.8606653,16139
8.31,0.70025516,11949
8.28,2.766057,11949
8.16,3.1906886,11949
7.97,1.762463,11949
7.87,1.4034953,11949
7.83,-0.31094477,11949
7.82,1.6822886,11949
7.74,2.5730047,11949
7.7,-0.9009163,11949
7.66,-1.1059107,11949
7.63,-1.8305773,11949
7.55,2.596844,11949
7.48,1.1111869,11949
7.43,-1.9871728,11949
7.4,0.017231276,11949
7.4,1.354605,11949
7.3,-2.335718,11949
7.27,-2.6822517,11949
7.22,0.87443954,11949
7.19,-2.5833085,11949
7.19,2.5000904,11949
7.18,0.25035596,11949
7.16,0.16683485,11949
7.03,-3.5297735,11949
7.02,0.71908236,11949
7.01,2.2804723,11949
7.01,-2.8149278,11949
6.99,0.0259622,11949
6.94,1.3841821,11949
6.85,-1.2335622,11949
6.85,-1.9609606,11949
6.83,1.3943353,11949
6.77,0.46719795,11949
6.76,0.33332014,11949
6.65,1.2396973,11949
6.58,2.3618367,11949
6.52,-0.00929343,11949
6.51,-0.5959365,11949
6.41,-2.1205823,11949
6.32,-4.146535,11949
6.29,-1.293406,11949
6.27,0.43336505,11949
6.07,2.0302708,11949
5.7,-1.8551768,11949
7.92,-0.36324522,16910
8.15,-6.1724997,9826
8.11,-4.7282495,9826
7.96,-4.6085663,9826
7.92,-5.1925855,9826
7.68,-7.946041,9826
7.58,-4.546998,9826
7.2,-2.8249378,9826
6.99,-7.665046,9826
6.98,-4.6757426,9826
6.68,-5.3243384,9826
6.64,-3.033529,9826
6.33,-6.4645305,9826
6.12,-2.7574623,9826
6.1,-4.1213017,9826
6.03,-6.7123055,9826
6.03,-5.350419,9826
6.01,-3.5100858,9826
5.92,-5.6131396,9826
5.91,-3.3204644,9826
5.85,-5.35911,9826
7.43,3.1146872,6389
5.8,-6.026915,14763
8.89,-2.1651728,4826
8.62,-0.2854574,4826
8.59,-1.8097973,4826
8.54,0.58404386,4826
8.51,1.0065057,4826
8.48,0.052366704,4826
8.32,0.39406654,4826
8.31,0.82565105,4826
8.3,-0.043469492,4826
8.3,1.9302623,4826
8.25,-3.0473912,4826
8.22,0.42113456,4826
8.22,0.20193519,4826
8.17,-0.75623554,4826
8.17,0.30293423,4826
8.15,-0.19424401,4826
8.15,1.6077263,4826
8.15,-0.5820115,4826
8.1,-2.829954,4826
8.1,-2.4605331,4826
8.09,-1.4501139,4826
8.05,-2.257815,4826
8.05,1.1998106,4826
8.05,0.760527,4826
8.05,0.3507233,4826
8.05,0.39157557,4826
8.0,-0.43320087,4826
8.0,1.1226768,4826
7.96,-2.4513345,4826
7.96,-2.1363688,4826
7.96,-1.125813,4826
7.96,-0.843857,4826
7.92,0.0021635406,4826
7.92,-1.1876831,4826
7.92,-0.20213921,4826
7.89,-1.2260339,4826
7.89,-1.8336458,4826
7.89,-0.0035762377,4826
7.85,0.5662074,4826
7.85,-0.65034544,4826
7.85,0.5857953,4826
7.85,-3.2607026,4826
7.85,-0.918356,4826
7.85,-2.7551649,4826
7.85,-1.6197627,4826
7.82,-2.3516808,4826
7.82,-1.4272176,4826
7.82,0.32782078,4826
7.82,-0.011156891,4826
7.82,-0.07778524,4826
7.8,-0.624092,4826
7.8,-2.5022106,4826
7.77,-0.803352,4826
7.77,-1.1489854,4826
7.77,-1.1583648,4826
7.77,-0.28905502,4826
7.75,0.047723547,4826
7.75,-2.9359512,4826
7.7,-2.7650554,4826
7.68,-3.694325,4826
7.68,-3.6711228,4826
7.66,-4.6692147,4826
7.64,-1.3946308,4826
7.6,-1.197197,4826
7.52,0.964779,4826
7.52,-0.16122045,4826
7.5,-1.2414887,4826
7.41,-3.5987685,4826
7.4,-3.9315822,4826
7.4,-0.3112446,4826
7.36,-0.96650124,4826
7.34,-1.321586,4826
7.33,0.7830154,4826
7.32,-0.05125161,4826
7.26,-0.79692143,4826
7.24,-0.27557233,4826
7.23,-0.8135235,4826
7.22,-2.8375585,4826
7.11,0.08293708,4826
8.67,2.0232315,4727
4.84,1.6018418,10799
7.19,1.4256815,10166
7.1,-4.811463,10166
7.1,-1.1370316,10166
7.09,-1.4198737,10166
7.07,-4.4178166,10166
7.0,0.18997683,10166
6.98,-0.2217278,10166
6.96,-4.476257,10166
6.96,-2.8126345,10166
6.94,-2.8485572,10166
6.93,-4.8417926,10166
6.9,-2.1771216,10166
6.88,-4.997804,10166
6.54,-0.63006306,4760
5.89,-3.835281,4760
5.6,-2.759034,4760
5.5,-6.227629,4760
5.37,-5.822769,4760
5.04,-0.99321127,4760
4.78,0.024256501,4760
5.58,-2.9400403,15818
4.03,-3.6282475,15818
6.65,-0.35618553,4451
6.46,-2.575096,4451
7.75,1.8721544,12300
8.1,4.224976,16667
7.8,0.9051535,16667
7.75,4.5204506,16667
7.62,2.8389919,16667
7.55,1.8002932,16667
7.51,1.7468791,16667
7.36,4.3487306,16667
7.29,0.81692594,16667
7.28,5.5276313,16667
7.28,-0.34332404,16667
7.24,5.3657265,16667
7.19,1.255721,16667
7.14,1.9315125,16667
7.08,3.5812228,16667
7.0,0.6091169,16667
6.64,-0.94977385,16667
6.6,2.453172,16667
6.58,0.054342054,16667
6.46,-0.8360141,16667
5.87,1.5388912,16667
5.85,0.8121173,16667
5.23,-3.0835657,16667
5.64,0.006063899,5961
8.12,-0.5590679,4768
7.8,0.21017988,4768
7.7,-0.6561524,4768
7.47,-1.4004371,4768
7.44,-0.825044,4768
7.21,-2.8367953,4768
7.19,-4.084639,4768
7.1,-2.5665781,4768
7.03,-3.1800401,4768
6.85,-2.5800095,4768
6.84,-3.9041712,4768
6.81,-0.7741295,4768
6.79,0.3371159,4768
6.76,-2.75027,4768
6.75,-4.360662,4768
6.75,-1.1286167,4768
6.64,-1.5974832,4768
6.57,-1.6023257,4768
6.51,-0.7229943,4768
6.5,-3.0926037,4768
6.42,-1.7611659,4768
6.4,-0.9765353,4768
6.16,0.12038113,4768
6.05,-3.7369988,4768
6.0,-2.8363442,4768
7.5,4.144147,11059
7.32,2.817933,11059
6.88,4.487297,11059
6.47,0.4802082,11059
7.38,-0.5188504,7119
6.09,-1.7743787,7119
7.44,1.2618619,13450
7.25,0.03954089,13450
5.2,-3.7254689,5659
5.1,-2.7456915,5659
8.7,1.1959454,9568
8.0,0.9745781,9568
7.54,-1.0908906,9568
7.52,-3.2949288,9568
7.5,1.4921187,9568
7.32,0.2970694,9568
7.28,0.9375871,9568
7.14,-1.23416,9568
7.06,0.2738749,9568
7.02,-0.87353814,9568
6.84,0.48688734,9568
7.0,1.3166947,5203
7.0,-1.7527055,5203
7.0,1.0678431,5203
7.82,2.6221766,1417
7.1,-2.0552924,1417
7.66,-0.7787677,13736
7.48,2.6052792,13736
7.09,3.355636,13736
6.75,2.3881311,13736
6.55,-2.6637738,13736
6.21,0.16410853,13736
5.84,0.15817326,13736
5.78,1.8592911,13736
8.15,2.960894,13145
8.15,4.231668,13145
8.1,0.76329225,13145
8.0,-0.49536797,13145
7.96,2.8809829,13145
7.92,1.4189847,13145
7.92,1.2571553,13145
7.92,1.2149394,13145
7.89,1.7128595,13145
7.82,2.681582,13145
7.8,1.6347332,13145
7.75,0.3401153,13145
7.75,-1.4290173,13145
7.75,1.9156212,13145
7.68,3.2397628,13145
7.68,-0.5300411,13145
7.58,3.8678443,13145
7.54,0.5705669,13145
7.52,-0.8140104,13145
7.51,2.55613,13145
7.48,3.4974968,13145
7.46,-0.7818297,13145
7.44,2.4827151,13145
7.31,2.1159616,13145
7.27,-2.1982868,13145
7.26,0.8570624,13145
7.23,3.1816957,13145
7.17,0.5171707,13145
7.11,-3.5965598,13145
7.04,0.6011157,13145
6.9,0.94189245,13145
6.71,1.1288123,13145
6.49,0.48091376,13145
6.44,2.5759017,13145
6.17,2.9495554,13145
6.14,-3.4255066,13145
5.78,-3.1569855,13145
5.63,-4.163037,13145
5.39,-4.2322016,13145
7.14,-3.1159022,16153
7.07,-1.8420913,16153
7.03,-3.5508358,16153
7.02,-3.0465782,16153
6.92,-3.5700483,16153
6.72,-3.0352275,16153
6.64,-3.2991345,16153
6.48,-5.106672,16153
6.24,-4.460285,16153
8.25,-2.3356264,14360
7.62,-2.3356264,14360
6.4,-5.0446787,14360
6.1,-3.2405796,14360
5.21,-4.9046288,14360
6.49,-2.4738357,2651
6.05,0.37136024,15356
8.1,2.146698,1362
5.0,-6.9509735,7512
6.64,-0.19799355,3089
9.77,6.0028377,16262
9.15,4.4361863,16262
9.05,-0.9508835,16262
8.92,3.0235689,16262
8.82,2.0166357,16262
8.82,5.050663,16262
8.49,3.8611794,16262
8.48,7.794584,16262
8.4,3.2967713,16262
8.37,-3.3546271,16262
8.27,-0.68968874,16262
8.23,3.429671,16262
8.19,3.3321354,16262
8.14,2.4108624,16262
8.13,2.4334884,16262
8.09,-1.1060377,16262
8.0,4.4464364,16262
7.99,1.5413864,16262
7.98,3.4476316,16262
7.61,3.6409276,16262
7.39,3.1845748,16262
7.39,0.7193028,16262
7.28,5.500037,16262
7.1,0.58956265,16262
7.0,2.311059,16262
6.83,3.80815,16262
6.82,1.5604604,16262
6.75,3.6183908,16262
6.45,-4.6547117,16262
6.39,-4.3524194,16262
6.31,2.0754516,16262
6.18,4.0013857,16262
5.99,1.736563,16262
5.36,-3.000685,16262
4.81,2.1020515,16262
4.68,1.5274273,16262
6.1,-4.660228,8146
5.79,-2.0274549,8146
5.51,-2.129452,8146
5.33,-3.6072636,8146
5.32,-4.090694,8146
5.28,1.3187987,8146
5.16,-4.1710744,8146
5.14,-4.097879,8146
5.12,-6.4152737,8146
5.08,1.7029173,8146
5.06,-1.7647507,8146
8.7,-1.7672511,9523
8.7,1.100245,9523
7.22,-0.14397952,9523
6.91,-0.33248392,5531
7.14,-8.468663,7159
7.12,-0.43255764,7159
7.1,-2.8473408,7159
7.04,-7.576851,7159
6.98,-7.293919,7159
6.97,0.9087547,7159
6.91,-4.054133,7159
6.91,-6.3937573,7159
6.88,-6.5019426,7159
6.87,-4.518699,7159
6.87,-0.9725082,7159
6.84,-0.40540975,7159
6.83,-5.4327307,7159
6.82,-0.9373495,7159
6.8,-5.0822883,7159
6.8,-1.8383744,7159
6.76,0.29377556,7159
6.74,-2.360686,7159
6.72,-2.1797109,7159
6.69,-5.6096835,7159
6.53,-2.2522593,7159
6.42,-7.385999,7159
6.39,-1.9968812,7159
6.25,-3.2035756,7159
6.24,-3.080911,7159
9.14,4.090796,1934
9.11,5.2346706,1934
9.09,5.1041937,1934
9.08,1.9229496,1934
9.03,4.0532556,1934
9.02,3.7023528,1934
9.0,5.4705935,1934
8.66,3.9061058,1934
8.57,-0.4509835,1934
8.47,6.161635,1934
8.36,1.4910991,1934
8.25,1.1750938,1934
7.97,-0.28989545,1934
7.37,1.2335267,1934
7.0,2.4623108,1934
6.96,0.36989656,1934
6.8,-3.090013,1934
6.78,-1.3584692,1934
6.64,-1.94926,1934
6.35,-1.3628407,1934
5.92,-1.1945515,1934
5.64,-7.453675,1934
5.59,0.9662573,1934
5.46,0.8997419,1934
5.28,-0.52532524,1934
5.24,-5.1802826,1934
5.0,-3.3100207,1934
4.91,0.25998476,1934
4.9,-1.3404007,1934
4.84,-3.2109888,1934
4.65,2.2284062,1934
8.0,2.1602082,849
8.0,0.7831875,849
6.68,-1.3785379,849
6.16,1.610652,849
6.16,2.6461704,849
6.1,1.9254664,849
6.0,1.5796751,849
5.96,1.9657615,849
5.85,-1.7729552,849
5.85,1.1481481,849
5.85,0.42457828,849
5.85,2.7679365,849
5.72,0.9371062,849
5.7,3.6363142,849
5.6,-2.7147083,849
5.6,2.794973,849
5.52,0.31687838,849
5.28,-3.6761696,849
5.0,-7.7125025,7504
6.82,-1.1616021,1435
6.7,0.25653413,1435
6.64,-1.202733,1435
6.58,1.9164802,1435
6.09,2.2999878,1435
5.82,-1.0327778,1435
5.57,-0.6782296,1435
5.21,-1.8219447,1435
5.08,-1.8481247,1435
5.0,1.7955354,1435
8.7,-0.55496144,199
8.7,-1.0684509,199
8.4,0.01622698,199
8.3,-0.27518222,199
8.3,1.0431079,199
8.05,2.9864593,199
8.05,-6.41249,199
8.0,-0.45887113,199
7.96,3.0282733,199
7.82,0.5931781,199
7.66,3.0282733,199
7.4,-3.221537,199
7.4,1.2146996,199
6.38,3.0282733,199
6.07,-1.8595626,199
5.7,0.12708077,199
5.3,-0.7381144,199
9.0,-2.5783167,1002
8.7,-3.0930045,1002
8.52,-0.45191464,1002
8.4,2.4909892,1002
8.3,-0.40956616,1002
8.3,-4.380449,1002
8.22,-5.2494535,1002
8.15,-2.7115963,1002
8.1,-5.8271956,1002
8.05,-3.258816,1002
7.96,-0.59872335,1002
7.82,-5.6243806,1002
7.52,4.0905056,1002
7.44,2.4422793,1002
7.43,-0.13589726,1002
7.4,-0.50657064,1002
7.38,-1.8414052,1002
6.97,4.7797318,1002
6.75,-0.23525189,1002
6.38,3.5025866,1002
6.31,-0.4549084,1002
6.27,-5.3357773,1002
6.1,-2.6943128,1002
5.99,-3.380532,1002
5.8,-0.033674974,1002
5.72,5.7055,1002
5.57,-0.95057136,1002
5.5,-3.2984488,1002
5.44,-1.148826,1002
5.17,2.817541,1002
6.06,0.64327997,7031
5.97,-3.6131506,7031
5.88,-1.6904231,7031
5.75,-3.121339,7031
7.62,3.529934,17834
7.57,-4.9201946,17834
7.29,0.083919734,17834
7.09,2.6084862,17834
7.06,0.8857063,17834
6.89,-7.7771506,17834
6.77,-0.014630102,17834
6.6,-0.24113004,17834
6.43,-2.9955242,17834
6.42,-7.852767,17834
6.39,1.3564357,17834
6.02,-1.7296133,13831
6.02,-1.7296133,13831
7.39,-3.7733057,6969
6.77,-3.673913,6969
6.72,2.868286,6969
6.72,-0.3474086,6969
6.71,1.9129796,6969
6.68,-1.2856799,6969
6.48,2.2196333,6969
6.45,-3.5645297,6969
6.37,-3.3932006,6969
6.34,-0.3076261,6969
6.33,-2.21572,6969
6.18,-3.2294357,6969
6.15,-0.3474086,6969
6.08,-0.4064518,6969
6.04,-2.4917307,6969
5.97,1.6361216,6969
5.93,2.868286,6969
5.92,-1.5805477,6969
5.88,-0.18663068,6969
5.83,-5.4641676,6969
5.79,-1.2540777,6969
5.75,-0.8952132,6969
5.74,-3.2223983,6969
5.43,-3.7163577,6969
5.42,-4.511194,6969
5.01,-1.522521,6969
6.85,-1.8825134,4683
5.45,-2.6604464,4683
5.36,-5.7612677,4683
5.36,-1.213038,4683
5.26,-0.64030474,4683
7.1,-1.7605672,13856
7.89,4.0263257,15240
7.85,3.5391495,15240
6.96,-1.9122406,15240
6.68,-0.5062874,15240
6.77,3.6127143,3443
6.77,2.5305102,3443
6.43,0.590536,3443
6.41,0.95858896,3443
6.41,2.4167514,3443
6.4,-2.2755344,3443
6.18,-5.490094,3443
6.18,1.6636634,3443
6.16,3.1444757,3443
5.6,0.7893274,3443
4.66,-7.297738,3443
4.62,-7.5356817,3443
5.05,-5.02717,17521
7.92,0.63914984,5720
7.85,3.991655,5720
7.77,5.1798215,5720
7.75,0.49235222,5720
7.52,-1.9133317,5720
7.39,1.4819578,5720
7.39,-1.4161828,5720
7.34,-1.2428032,5720
7.31,-2.1893165,5720
7.0,-2.9420795,5720
6.72,-4.287035,5720
6.7,-2.6779914,5720
6.51,-5.28462,5720
6.43,-1.19736,5720
6.37,-5.5084147,5720
6.19,-4.2921076,5720
6.19,-5.5084147,5720
8.22,2.4359162,17216
8.22,6.245664,17216
7.89,3.3829718,17216
7.7,5.0360184,17216
6.05,-8.399182,15264
5.27,-4.750197,15264
5.01,-6.522032,15264
4.99,-4.9701576,15264
4.57,-8.185046,15264
4.38,-4.27875,15264
6.46,-1.7794888,4405
7.05,0.24249499,5111
6.7,-2.6458256,5111
5.96,0.08581075,5111
5.89,-2.0371308,5111
5.37,-2.3452625,5111
5.32,-3.4722967,5111
5.27,-5.485361,5111
5.16,-3.4364512,5111
5.09,-0.47692612,5111
4.98,-7.0806594,5111
4.78,-5.4196987,5111
4.74,-6.737256,5111
7.1,-2.4767153,5081
7.08,-2.0568645,5081
7.02,2.4496846,5081
7.02,-5.5461774,2061
6.72,-5.3553042,2061
6.48,-0.3255719,2061
6.38,-5.465752,2061
6.14,-6.1587195,2061
6.14,-3.687905,2061
6.12,-4.4633064,2061
6.03,-2.5069995,2061
5.77,-4.5213976,2061
5.61,-5.234767,2061
5.51,-0.8565254,2061
5.19,-6.547954,2061
7.5,-1.0599765,8634
8.3,0.03661568,5109
7.62,-0.5850793,5109
7.6,-0.5596345,5109
7.57,-2.184164,5109
7.27,0.36030903,5109
7.18,-3.259904,5109
6.88,-2.8277194,5109
6.83,-2.3692627,5109
6.83,-4.2724233,5109
6.78,-0.50967216,5109
6.73,-0.42370972,5109
6.71,-2.8429716,5109
6.2,-3.104157,5109
4.28,-1.7010139,5109
5.52,-5.604046,1612
5.4,-6.029426,1612
6.89,-0.1362976,14485
5.46,2.2853816,14485
10.0,-0.13135488,3303
9.96,-0.46468553,3303
9.7,-2.0418642,3303
9.7,-0.5374146,3303
8.52,1.1760865,3303
8.52,0.37454918,3303
8.22,-3.1852822,3303
7.96,-1.4483453,3303
7.66,1.3598258,3303
7.6,0.18031102,3303
7.1,-4.068652,3303
6.96,-0.6553133,3303
6.6,-7.0683627,3303
6.55,0.12455672,3303
6.51,-0.08469725,3303
6.48,-1.0238898,3303
6.43,0.50188774,3303
6.35,-1.5084709,3303
6.0,-5.3402658,3303
5.96,-4.457994,3303
5.82,-3.807202,3303
9.47,-2.2540147,1632
8.8,-0.9054997,1632
8.54,-8.062833,1632
8.47,0.76448584,1632
8.39,-6.6018643,1632
8.39,-6.69152,1632
8.38,-3.2299113,1632
8.3,-8.537518,1632
8.25,-1.8267285,1632
8.23,-5.5727763,1632
8.0,-0.24015193,1632
7.11,1.1529223,1632
7.96,2.890801,12078
5.16,4.912156,1609
7.26,-0.8789832,4291
6.89,-0.5513019,4291
5.0,-5.888814,7508
8.7,2.032797,10562
8.4,2.8560188,10562
7.1,-5.1238055,10562
6.5,0.41420498,10562
7.66,-0.83182675,2552
7.24,-3.191853,2552
6.46,-0.108615935,2552
5.14,-4.2425294,2552
6.85,3.1837265,13167
8.67,1.5255502,4880
8.3,2.0871341,4880
8.25,2.0582664,4880
8.08,3.6494596,4880
8.04,2.7901855,4880
8.0,1.7008526,4880
5.88,-2.0351195,1095
8.72,2.4901211,8620
6.06,-7.1559243,11495
6.02,-4.0932255,11495
6.0,-6.155292,11495
6.0,-5.9366536,11495
5.88,-3.4236581,11495
5.77,-6.483788,11495
5.64,-1.9014459,14031
9.34,3.4386396,1924
8.82,2.5825727,13381
8.82,-2.2522793,13381
8.8,2.756,13381
8.72,2.8642251,13381
8.7,2.7926273,13381
8.7,3.220137,13381
5.82,1.013497,3477
7.52,-5.657268,9617
7.1,-8.007948,9617
6.89,-2.503953,9617
6.8,-4.5757637,9617
4.7,-7.6630964,612
4.66,-7.6630964,612
4.34,-6.48546,612
8.37,-0.94380057,12654
5.3,-0.8078504,12102
8.7,1.0443487,13487
8.22,-1.2354438,13487
7.64,-1.2354438,13487
7.2,0.78040373,13487
6.9,2.2840183,13487
6.5,-1.4616352,13487
6.41,-1.4616352,13487
6.4,-1.4616352,13487
6.32,-1.3822949,13487
6.31,-2.7295809,13487
6.15,-2.7295809,13487
6.12,-2.7295809,13487
6.01,0.339174,13487
5.92,-1.229723,13487
5.9,0.53619117,13487
5.6,2.2516534,13487
5.42,-0.9707947,13487
5.3,0.8083399,13487
5.3,-0.50756234,13487
5.21,-0.77796173,13487
5.1,-2.4854789,13487
5.1,-0.9347557,13487
6.92,1.4053254,13664
6.9,-2.0016308,13664
5.58,-2.0779505,13664
9.15,4.198123,17593
6.16,-0.10465975,9280
8.52,5.361026,17369
8.22,4.274935,17369
7.89,3.6707222,17369
8.0,0.78527963,15860
8.4,-0.971933,16715
8.15,0.1838478,16715
8.1,0.19971934,16715
7.92,2.5375745,16715
7.8,-2.1247993,16715
7.77,0.22806852,16715
7.75,-0.90281093,16715
7.72,-0.29043332,16715
7.7,-0.55996346,16715
7.55,-0.77212036,16715
7.54,0.5962129,16715
7.31,-2.0458372,16715
7.29,-2.5905602,16715
7.29,-0.2939963,16715
7.25,-0.35126817,16715
7.23,-0.6160419,16715
7.17,-0.16970563,16715
7.11,-1.696036,16715
6.95,0.24893112,16715
6.91,-1.1725345,16715
6.85,-4.0274897,16715
6.82,-4.3006334,16715
6.78,-0.9799056,16715
6.35,-3.597622,16715
6.22,-0.92243266,16715
5.14,-3.337479,16715
8.54,4.598062,13150
5.36,2.2326317,1786
5.3,-6.8070498,17756
8.15,-1.9396758,15506
7.7,-1.9396758,15506
7.7,-1.4439307,15506
7.7,-4.893368,15506
7.52,0.16742748,15506
7.52,-1.9396758,15506
7.05,-1.6801244,15506
6.47,-5.7783427,15506
6.43,-4.5272303,15506
6.3,-6.2768846,15506
6.08,-8.356439,15506
5.75,-5.896076,15506
5.55,-0.6993161,15506
5.55,-5.695763,15506
5.52,-1.6414789,15506
7.85,0.5006924,8700
6.16,-0.5916158,8700
4.91,-3.819887,8700
7.21,-2.4021845,1483
5.6,-2.6208024,10552
4.4,1.2522511,10552
4.17,-3.3805869,16568
6.1,-1.6274804,10233
5.62,5.3399124,16906
8.3,4.9441133,4804
8.15,3.555109,4804
6.25,0.4172624,4804
6.01,-1.2621833,4804
5.98,-1.4612818,4804
5.91,0.3815218,4804
5.78,-2.3048158,4804
5.76,1.5687114,4804
5.57,-5.1155953,4804
5.57,-0.34556904,4804
5.57,-0.3464697,4804
6.77,-0.26896462,14464
6.66,-2.1932757,14464
6.48,-5.1220083,14464
6.42,-2.6443849,14464
6.42,-0.94739306,14464
6.36,-4.9763684,14464
6.22,-6.558146,14464
6.07,-3.0946171,14464
5.62,-2.747007,14464
5.46,-3.2170353,14464
5.44,0.70927787,14464
5.3,-1.7906193,14464
5.24,-6.042126,14464
5.21,-6.5351105,14464
5.02,-3.624623,14464
4.85,-5.667992,14464
4.75,-2.2328353,14464
4.61,-8.046883,14464
7.28,3.101495,11433
7.12,-2.1451142,11433
7.04,-0.7450644,11433
5.0,-4.0910816,11433
6.68,4.108351,13353
5.32,0.58981603,6830
8.22,0.12554751,2147
7.44,5.0451674,2147
7.42,2.2814233,2147
7.05,2.4212403,2147
6.98,-0.9754225,2147
6.96,2.7436106,2147
6.96,1.7965631,2147
6.89,6.2052956,2147
6.82,1.9784847,2147
6.72,1.0267373,2147
6.7,1.7261622,2147
6.67,0.21299404,2147
6.66,1.7761124,2147
6.47,-1.0957998,2147
6.43,5.076792,2147
6.39,1.6256695,2147
6.39,0.7379244,2147
6.32,-0.40771633,2147
6.32,0.8203044,2147
6.3,1.3934801,2147
6.27,3.5686858,2147
6.16,1.5322202,2147
6.13,1.9144241,2147
6.12,1.5287448,2147
6.0,-0.6817832,2147
6.0,-0.20538308,2147
6.0,2.2340596,2147
6.0,0.6318609,2147
6.0,-0.86145306,2147
6.0,-2.4098587,2147
6.0,0.70020604,2147
6.0,2.749818,2147
5.97,-0.7430599,2147
5.95,-0.2049404,2147
5.91,-0.6923899,2147
5.91,-1.0974054,2147
5.9,3.6197202,2147
5.9,-1.5476551,2147
5.8,1.7164128,2147
5.75,-5.629177,2147
5.75,1.0058036,2147
5.57,-0.91049004,2147
5.52,0.30308506,2147
5.49,-2.2242749,2147
5.43,0.995054,2147
5.37,1.3918147,2147
5.35,-7.542646,2147
5.04,-5.030521,2147
5.0,-1.4568319,2147
5.0,-0.71718454,2147
5.0,-2.4145668,2147
5.0,0.17541395,2147
5.0,0.43364576,2147
5.0,-3.5711114,2147
5.0,0.17145567,2147
5.0,-0.0024100728,2147
5.0,-1.4407647,2147
4.96,0.008941732,2147
4.26,-0.43217927,2147
4.0,1.9431467,2147
4.0,-0.5812859,2147
4.0,-1.1511818,2147
4.0,1.2822391,2147
4.0,0.0910753,2147
4.0,-5.6199684,2147
4.0,1.3537266,2147
4.0,-2.1214857,2147
6.7,-1.4452468,1301
8.52,3.7549682,6642
9.51,7.0849586,672
9.49,6.5041075,672
9.46,3.5924485,672
9.41,5.8252625,672
9.3,6.003904,672
9.29,7.6286087,672
9.25,5.843793,672
9.24,3.5582206,672
9.24,5.4206223,672
9.2,3.227636,672
9.12,4.1892157,672
9.08,3.9197655,672
9.05,2.8475266,672
8.96,4.324066,672
8.92,4.617208,672
8.8,3.1588705,672
8.77,5.468651,672
8.66,6.8389726,672
8.59,-1.5582951,672
8.57,3.9643946,672
8.53,5.008252,672
8.52,3.4449277,672
8.52,4.5769415,672
8.43,5.0103087,672
7.68,3.9169266,672
6.6,-2.1820397,672
7.72,3.2894359,15102
10.09,5.298394,14078
10.09,0.9748332,14078
10.09,-0.33177295,14078
10.09,4.5474343,14078
10.08,1.3491157,14078
10.0,1.4754603,14078
6.89,-0.51459426,1143
6.78,-0.6105187,1143
6.64,0.539631,1143
6.63,0.6481604,1143
6.55,-0.609244,1143
6.44,-0.5344223,1143
6.39,-0.3603561,1143
6.21,-2.2013423,1143
6.2,0.8436221,1143
5.89,-0.039536696,1143
5.89,-2.1872125,1143
5.82,-1.225234,1143
5.6,-2.53749,1143
5.57,-2.3973088,1143
5.31,-0.8793198,1143
5.08,-2.3644753,1143
5.0,-0.9553183,1143
5.0,-4.519185,3369
6.22,-5.6611886,9813
4.82,2.103264,9813
9.41,6.819424,7567
9.34,5.3703003,7567
9.24,6.9594455,7567
9.24,6.395412,7567
9.23,5.235945,7567
9.17,3.2565823,7567
9.17,3.1978981,7567
9.1,2.9201097,7567
9.05,3.1258872,7567
9.05,6.495837,7567
9.04,5.9992113,7567
9.04,5.3683486,7567
8.96,5.3683486,7567
8.96,5.9992113,7567
8.92,6.743344,7567
8.66,1.1730019,7567
8.66,2.2112844,7567
7.43,-0.36090213,7567
6.46,-3.6380177,7567
8.29,2.2450883,6357
8.29,1.1612543,11784
5.44,0.030721243,3473
8.0,-0.53016573,7068
7.89,-1.3274293,7068
7.6,-1.0054798,7068
7.6,-0.51986396,7068
7.2,-0.28447548,7068
8.14,2.1631348,1318
7.92,1.6644325,1318
7.82,1.1153624,1318
7.72,1.9813735,1318
7.72,-0.064544484,1318
7.7,0.139648,1318
7.6,-3.160686,1318
7.58,0.3718258,1318
7.55,1.0504699,1318
7.51,-1.386664,1318
7.46,-2.1056588,1318
6.96,3.692581,1318
6.89,-2.1056588,1318
6.75,-0.7734948,1318
6.62,1.6644325,1318
6.51,2.1631348,1318
6.48,1.1153624,1318
6.47,-0.064544484,1318
6.4,0.139648,1318
6.07,3.692581,1318
6.0,-1.2134566,1318
6.97,-2.504691,9583
6.87,-0.39370814,9583
6.86,-1.6221503,9583
6.74,-1.4133761,9583
6.7,-0.5418074,9583
6.66,-3.456053,9583
6.62,-4.181307,9583
5.0,-1.1440635,15862
9.15,7.6328754,3275
9.05,4.628724,3275
8.7,6.0064015,3275
8.42,3.0363858,3275
8.41,5.5132227,3275
8.37,5.528595,3275
8.21,2.814767,3275
8.01,3.1626477,3275
7.96,1.3571721,3275
7.82,1.8608662,3275
7.8,2.9375737,3275
7.72,2.9555147,3275
7.6,0.5516402,3275
7.5,2.3713505,3275
7.14,-0.95675856,3275
7.14,1.4094378,3275
6.48,-2.7492197,3275
7.7,1.1918278,2799
7.7,2.3829942,2799
7.55,-3.9406166,2799
7.52,5.0686903,2799
7.52,2.3829942,2799
7.47,-3.2207959,2799
7.4,1.1918278,2799
7.4,2.8715138,2799
7.4,2.9542768,2799
7.4,4.196793,2799
7.38,-4.029892,2799
7.3,0.8736758,2799
7.3,1.1020511,2799
7.3,4.180554,2799
7.22,4.7587314,2799
7.22,3.0545185,2799
7.22,5.052651,2799
7.22,4.7587314,2799
7.22,-5.964664,2799
7.17,-3.857563,2799
7.1,3.6671774,2799
7.07,-0.18322967,2799
7.0,-1.2667439,2799
7.0,4.771227,2799
6.96,1.5207345,2799
6.92,-1.6062535,2799
6.75,4.771227,2799
6.47,5.5087605,2799
6.47,-3.941913,2799
6.42,3.4800708,2799
6.42,1.8741494,2799
6.4,0.9814465,2799
6.31,-1.4446088,2799
6.19,3.4800708,2799
6.19,-0.06218424,2799
6.17,1.6984158,2799
5.85,-1.7467375,2799
5.72,-0.15760995,2799
5.62,0.1070589,2799
5.58,-0.93217885,2799
5.0,-5.621077,2799
6.58,-1.4313382,10996
6.51,-0.68803453,10996
6.27,-2.8032234,10996
8.15,-1.1369807,2297
7.3,2.0062864,8610
8.4,0.738085,7246
8.4,3.9962952,7246
8.0,-0.90114486,7246
7.7,2.3420014,7246
7.3,-0.37866566,7246
7.22,0.738085,7246
5.17,1.8405211,7246
4.78,-0.013575789,7246
5.68,-1.0205525,4114
5.62,0.09777464,4114
5.25,-2.5952368,7295
5.11,-4.195581,7295
6.31,-1.5146691,8651
6.25,-3.5517251,8651
6.11,-5.4240413,8651
6.09,-6.771601,8651
5.99,-4.6461205,8651
5.98,-4.8956037,8651
5.82,-3.6876616,8651
5.61,-5.942186,8651
5.49,-2.0312128,8651
5.4,-3.9658644,8651
5.37,-4.6185656,8651
5.24,-3.4011362,8651
5.2,-3.843295,8651
5.07,-6.602611,8651
5.05,-4.302863,8651
5.1,-0.078009844,16298
8.62,1.7619562,7520
8.34,4.506709,7520
8.29,1.727381,7520
8.14,3.460177,7520
7.6,1.4141614,7520
7.47,-2.6739886,7520
7.3,-0.5084432,7520
7.08,-3.8209507,7520
7.04,2.6097322,7520
6.47,-0.49080285,7520
5.79,-2.1105142,7520
5.52,-1.5466272,7520
9.15,4.831658,14053
7.54,3.842716,14053
9.3,-2.989613,6032
7.82,-1.3760262,6032
7.7,-1.9906638,6032
6.85,-1.4767503,6032
6.14,-9.745186,6032
6.77,-1.6192726,16868
5.77,0.06561588,11948
7.0,-1.1097382,11886
6.89,-0.098955795,11886
6.75,2.32755,11886
6.7,3.182605,11886
6.64,0.4928368,11886
6.54,-2.6728866,11886
6.51,1.5758309,11886
6.48,-2.375005,11886
6.47,1.15539,11886
6.42,2.2686844,11886
6.39,0.62292606,11886
6.37,1.0818276,11886
6.31,3.5591257,11886
6.31,-2.528611,11886
6.29,3.51774,11886
6.25,2.4935918,11886
6.22,1.9471614,11886
6.19,2.2680755,11886
6.12,2.4452207,11886
5.75,2.9979444,11886
5.57,-3.2438588,11886
5.51,1.6754495,11886
5.5,1.5758309,11886
5.37,-0.6659934,11886
5.09,5.3930817,11886
7.7,1.8360522,10340
7.57,2.7462485,10340
7.47,0.9719368,10340
7.2,0.7342526,10340
7.16,3.4355755,10340
6.92,3.8683803,10340
6.89,3.1601868,10340
6.82,1.3582487,10340
6.8,2.3421829,10340
6.75,3.4268296,10340
6.68,0.9719368,10340
6.48,1.890526,10340
6.29,0.9719368,10340
5.89,0.9719368,10340
8.12,-0.21805556,5987
8.04,-2.4971175,5987
8.04,2.2997372,5987
8.02,1.0237968,5987
8.01,1.4959949,5987
8.01,0.018607233,5987
7.97,0.015847076,5987
7.96,2.5129879,5987
7.92,2.370921,5987
7.9,0.81331396,5987
7.86,0.24905407,5987
7.46,-1.9354707,5987
7.38,0.583787,5987
7.14,-1.9106243,5987
9.35,6.8200035,7556
9.31,4.9882474,7556
9.23,5.7876906,7556
9.21,3.3464131,7556
9.19,6.8828397,7556
9.15,4.246837,7556
9.15,5.631472,7556
9.14,6.8867064,7556
9.11,7.1345844,7556
9.1,7.052119,7556
9.1,5.220343,7556
9.1,4.2746553,7556
9.09,5.0193205,7556
9.08,4.4456873,7556
9.08,4.4792976,7556
9.07,4.262575,7556
9.07,3.3464131,7556
9.06,5.19774,7556
9.06,4.9432735,7556
9.06,6.0571976,7556
9.05,3.954514,7556
9.04,3.1334023,7556
9.02,6.3658304,7556
9.01,4.025427,7556
9.01,5.2870207,7556
9.01,4.1903396,7556
9.0,3.9581025,7556
9.0,3.585587,7556
8.99,6.4974694,7556
8.97,6.3440423,7556
8.97,5.7674346,7556
8.96,2.6208527,7556
8.96,6.3245597,7556
8.96,2.7580926,7556
8.96,3.248525,7556
8.95,2.5269177,7556
8.95,4.2994447,7556
8.95,5.2986517,7556
8.94,2.4979994,7556
8.94,7.385685,7556
8.93,5.905805,7556
8.93,3.7196474,7556
8.92,5.82512,7556
8.92,5.0964127,7556
8.92,4.1003084,7556
8.92,4.52391,7556
8.92,6.2619805,7556
8.92,5.068353,7556
8.92,4.551669,7556
8.91,5.522143,7556
8.91,4.5624266,7556
8.9,4.091777,7556
8.9,5.4120097,7556
8.9,2.6363354,7556
8.9,5.293111,7556
8.9,4.5731945,7556
8.89,4.828639,7556
8.89,5.2728047,7556
8.88,5.321517,7556
8.88,5.3994255,7556
8.88,5.540683,7556
8.88,4.644156,7556
8.88,4.5840344,7556
8.87,7.7701664,7556
8.86,3.692933,7556
8.86,6.4396963,7556
8.85,2.9365447,7556
8.85,2.8800745,7556
8.85,3.7054355,7556
8.85,3.6986547,7556
8.85,4.741377,7556
8.84,4.9529777,7556
8.84,3.6034322,7556
8.84,2.3623185,7556
8.83,6.0540485,7556
8.83,5.635421,7556
8.83,3.7721946,7556
8.82,4.4613876,7556
8.82,6.2040267,7556
8.81,4.0018783,7556
8.81,3.1686332,7556
8.8,3.6925557,7556
8.8,5.508255,7556
8.8,2.232987,7556
8.8,6.334686,7556
8.79,5.135695,7556
8.79,6.010553,7556
8.79,2.7580926,7556
8.79,3.055667,7556
8.78,3.311925,7556
8.78,3.4227328,7556
8.77,5.586135,7556
8.77,6.457323,7556
8.77,6.4634156,7556
8.77,6.6540065,7556
8.76,4.1113024,7556
8.76,5.8925543,7556
8.75,4.2012186,7556
8.75,4.528304,7556
8.75,3.248525,7556
8.75,2.7580926,7556
8.75,4.3995376,7556
8.75,2.6501575,7556
8.75,3.297097,7556
8.75,5.648261,7556
8.74,4.2012186,7556
8.74,4.172479,7556
8.74,2.6707137,7556
8.73,6.341078,7556
8.73,4.617159,7556
8.73,3.1365178,7556
8.73,3.9461775,7556
8.73,3.5524535,7556
8.72,2.3623185,7556
8.71,5.224956,7556
8.71,1.8624804,7556
8.71,5.340567,7556
8.71,6.341753,7556
8.7,5.383468,7556
8.7,2.4567525,7556
8.69,5.730599,7556
8.69,2.987766,7556
8.68,4.9278216,7556
8.68,7.0092263,7556
8.68,4.489733,7556
8.68,6.1573396,7556
8.68,4.9861565,7556
8.67,5.679822,7556
8.67,6.7392664,7556
8.67,5.5845113,7556
8.66,5.7596364,7556
8.66,4.784676,7556
8.66,3.8483114,7556
8.66,2.8119411,7556
8.66,2.4823263,7556
8.65,4.508278,7556
8.65,4.566654,7556
8.65,1.2796136,7556
8.65,3.922162,7556
8.64,5.586135,7556
8.64,5.295677,7556
8.64,7.076139,7556
8.64,4.8432264,7556
8.64,5.9882693,7556
8.64,3.5162199,7556
8.64,6.418441,7556
8.63,4.091777,7556
8.63,3.4792159,7556
8.63,3.3464131,7556
8.62,4.3649445,7556
8.62,3.591416,7556
8.62,5.8154526,7556
8.62,2.508629,7556
8.62,5.207437,7556
8.62,3.315616,7556
8.61,2.9213295,7556
8.61,3.3186822,7556
8.6,5.6185107,7556
8.6,4.865869,7556
8.6,3.248525,7556
8.6,3.9947722,7556
8.6,5.7411737,7556
8.59,2.74973,7556
8.59,4.6239967,7556
8.59,3.5522633,7556
8.59,1.4479213,7556
8.58,5.5112033,7556
8.58,3.2825487,7556
8.58,2.9058645,7556
8.58,5.207437,7556
8.58,3.2885652,7556
8.57,4.4388766,7556
8.57,4.7156835,7556
8.57,7.509074,7556
8.57,4.9499264,7556
8.57,2.9567356,7556
8.56,4.210626,7556
8.56,4.2694354,7556
8.56,6.0579796,7556
8.56,5.400609,7556
8.56,5.207437,7556
8.56,5.3698344,7556
8.55,6.293519,7556
8.55,3.0291672,7556
8.55,2.9912534,7556
8.55,4.418624,7556
8.55,3.0626576,7556
8.54,5.8769803,7556
8.54,2.5783074,7556
8.54,5.3199725,7556
8.53,5.2713003,7556
8.53,2.460247,7556
8.53,2.6451023,7556
8.52,3.7803557,7556
8.52,5.7441773,7556
8.52,4.9285874,7556
8.52,2.2935913,7556
8.52,5.619271,7556
8.52,2.1831138,7556
8.52,2.9442978,7556
8.52,2.207543,7556
8.52,-0.4030679,7556
8.51,3.795413,7556
8.51,3.2087376,7556
8.51,4.136554,7556
8.51,6.8972974,7556
8.51,4.921929,7556
8.5,3.9988048,7556
8.5,6.3993497,7556
8.5,4.843679,7556
8.5,2.7855496,7556
8.5,1.865279,7556
8.5,2.5705667,7556
8.5,5.1506696,7556
8.49,4.641873,7556
8.49,3.9912322,7556
8.49,4.447713,7556
8.49,4.641578,7556
8.49,2.2430735,7556
8.49,2.542633,7556
8.49,3.8056324,7556
8.48,3.6343565,7556
8.48,3.0264857,7556
8.48,4.103856,7556
8.48,2.7187574,7556
8.48,3.8280342,7556
8.48,2.9811778,7556
8.47,4.321183,7556
8.47,2.5484455,7556
8.47,5.909631,7556
8.47,5.0968833,7556
8.47,-0.63262403,7556
8.47,2.1094015,7556
8.46,3.585587,7556
8.46,5.403189,7556
8.46,2.810423,7556
8.45,4.6585646,7556
8.45,5.1051435,7556
8.45,4.834874,7556
8.45,1.6406878,7556
8.45,1.9095752,7556
8.44,2.460247,7556
8.44,4.742265,7556
8.44,3.7265933,7556
8.44,4.7439094,7556
8.43,4.031403,7556
8.43,4.1226463,7556
8.43,4.6610065,7556
8.43,1.1307725,7556
8.43,6.13343,7556
8.43,2.9744396,7556
8.43,3.8270526,7556
8.42,3.2336533,7556
8.42,3.6500006,7556
8.42,3.302569,7556
8.42,0.30202094,7556
8.42,3.5007021,7556
8.42,2.9365447,7556
8.42,3.0975413,7556
8.42,2.2534804,7556
8.42,4.905534,7556
8.42,3.3913517,7556
8.41,1.3535757,7556
8.41,5.7675576,7556
8.4,2.980764,7556
8.4,3.6669402,7556
8.4,5.7441773,7556
8.4,5.9134793,7556
8.39,3.0077562,7556
8.39,4.834874,7556
8.39,4.7153006,7556
8.39,2.460247,7556
8.39,2.197084,7556
8.39,4.103856,7556
8.39,4.733664,7556
8.39,0.9452069,7556
8.38,4.8439064,7556
8.38,2.7341845,7556
8.38,4.392741,7556
8.38,2.6331415,7556
8.38,4.3238387,7556
8.37,3.525095,7556
8.37,4.370239,7556
8.37,4.701488,7556
8.37,3.2508554,7556
8.37,5.27745,7556
8.37,4.454677,7556
8.36,1.7635043,7556
8.35,4.3721476,7556
8.35,0.09677774,7556
8.35,2.0192716,7556
8.35,0.9297011,7556
8.34,3.585587,7556
8.34,3.9684126,7556
8.34,-1.1927919,7556
8.34,4.3294783,7556
8.33,5.039346,7556
8.33,5.6534343,7556
8.32,2.4018438,7556
8.32,3.2315261,7556
8.32,4.9620905,7556
8.32,3.5911458,7556
8.32,2.057613,7556
8.32,2.542633,7556
8.31,1.7012789,7556
8.31,5.1137114,7556
8.31,5.0112605,7556
8.3,5.329805,7556
8.3,3.8515828,7556
8.3,5.4877563,7556
8.29,1.2445775,7556
8.29,6.177164,7556
8.29,3.9684126,7556
8.29,3.9684126,7556
8.29,4.584466,7556
8.28,5.082318,7556
8.28,1.2797016,7556
8.28,2.6258187,7556
8.28,5.4495387,7556
8.28,2.5587258,7556
8.28,3.8586314,7556
8.27,3.7742887,7556
8.27,0.8964686,7556
8.27,3.37094,7556
8.26,0.9251169,7556
8.25,2.509415,7556
8.25,-0.21804152,7556
8.25,2.321026,7556
8.25,5.4319334,7556
8.24,2.80185,7556
8.24,4.136554,7556
8.24,4.075209,7556
8.23,1.2189323,7556
8.23,3.9597461,7556
8.23,4.636163,7556
8.23,3.847239,7556
8.23,3.757031,7556
8.22,4.840954,7556
8.22,2.4726963,7556
8.22,1.0272094,7556
8.21,3.5906017,7556
8.21,0.31991038,7556
8.21,2.220376,7556
8.2,2.4710767,7556
8.2,-0.03350172,7556
8.2,5.0181136,7556
8.2,1.980314,7556
8.19,2.864924,7556
8.19,1.1590153,7556
8.19,2.4100046,7556
8.18,4.6721234,7556
8.18,0.57460076,7556
8.18,-0.092433274,7556
8.18,3.4551938,7556
8.18,1.7056313,7556
8.17,-0.63418084,7556
8.15,2.6158264,7556
8.15,0.29670358,7556
8.15,2.9133468,7556
8.14,6.3450856,7556
8.13,2.75088,7556
8.13,3.0712688,7556
8.13,5.9653816,7556
8.13,1.3334469,7556
8.12,1.9286029,7556
8.11,-0.5474678,7556
8.11,3.586554,7556
8.1,2.1042378,7556
8.1,4.4248796,7556
8.1,2.673701,7556
8.09,1.0027751,7556
8.08,1.5849986,7556
8.07,2.1952558,7556
8.07,3.1738818,7556
8.07,2.9426787,7556
8.07,0.6152483,7556
8.06,3.3132217,7556
8.05,2.5771174,7556
8.05,2.172106,7556
8.05,-0.07425141,7556
8.05,0.6501421,7556
8.04,2.4160194,7556
8.04,2.8564246,7556
8.04,3.142081,7556
8.04,1.9695523,7556
8.03,1.8454171,7556
8.03,2.6540298,7556
8.01,4.996818,7556
8.01,1.0464208,7556
8.01,1.5432144,7556
8.01,3.4303236,7556
8.01,1.9257206,7556
8.01,2.2350156,7556
8.0,1.0177932,7556
8.0,1.3280945,7556
8.0,1.3079214,7556
8.0,1.0027751,7556
8.0,4.0381403,7556
7.99,0.7176865,7556
7.99,1.5524836,7556
7.99,2.1268866,7556
7.98,5.817858,7556
7.98,0.46580228,7556
7.98,1.0027751,7556
7.97,1.043426,7556
7.97,3.7169826,7556
7.97,-1.5435288,7556
7.97,0.8017824,7556
7.97,2.774324,7556
7.96,1.2041186,7556
7.95,1.5274456,7556
7.95,3.6222644,7556
7.94,2.0252762,7556
7.94,3.0547507,7556
7.93,-0.037854273,7556
7.93,1.9936471,7556
7.93,1.6653944,7556
7.91,4.058847,7556
7.9,0.87244105,7556
7.9,3.6262662,7556
7.9,2.978702,7556
7.89,-1.4201459,7556
7.89,0.81879324,7556
7.88,1.8169072,7556
7.87,1.0272094,7556
7.86,-1.870788,7556
7.86,1.9008787,7556
7.86,2.5257282,7556
7.84,1.9157963,7556
7.84,1.4545016,7556
7.84,1.6933901,7556
7.82,1.9980425,7556
7.82,-1.0845699,7556
7.81,2.38183,7556
7.8,-1.2376833,7556
7.8,2.8581564,7556
7.79,0.9337515,7556
7.78,0.53556955,7556
7.77,0.38709694,7556
7.77,1.3250574,7556
7.76,-1.4159247,7556
7.76,-1.183007,7556
7.75,2.802789,7556
7.75,0.42489618,7556
7.75,-1.4483821,7556
7.75,-1.7926159,7556
7.74,1.5721861,7556
7.73,1.0585896,7556
7.73,-0.43618605,7556
7.72,0.24169795,7556
7.72,1.1430753,7556
7.72,-0.93972105,7556
7.72,-1.1615463,7556
7.71,2.0202417,7556
7.7,1.6653944,7556
7.7,2.040998,7556
7.69,-0.9324277,7556
7.66,-2.8508234,7556
7.66,1.4240489,7556
7.66,0.18399854,7556
7.65,0.54145,7556
7.65,0.6660235,7556
7.64,-1.8414624,7556
7.63,1.3415165,7556
7.62,-0.0899833,7556
7.62,-0.65169317,7556
7.6,0.16638027,7556
7.6,2.165377,7556
7.59,-0.58258057,7556
7.57,0.52420026,7556
7.57,0.019828923,7556
7.56,-2.789705,7556
7.55,1.9315354,7556
7.54,0.8331563,7556
7.54,0.552649,7556
7.53,1.771713,7556
7.53,-0.21490835,7556
7.52,-0.3145763,7556
7.51,0.0742131,7556
7.5,0.92519933,7556
7.5,2.2405274,7556
7.49,-0.16732515,7556
7.49,-1.5530843,7556
7.48,0.30054674,7556
7.47,2.4676979,7556
7.46,1.0052367,7556
7.46,-0.31249383,7556
7.46,0.18399854,7556
7.42,-0.7435603,7556
7.4,1.0256584,7556
7.39,-2.0551877,7556
7.36,-0.9188246,7556
7.36,-1.0223641,7556
7.35,-2.1839845,7556
7.35,-0.13307957,7556
7.33,0.14593068,7556
7.32,-0.70711374,7556
7.32,-1.1324855,7556
7.32,-0.8885981,7556
7.3,-0.61408985,7556
7.29,-0.58007395,7556
7.29,-0.24874409,7556
7.29,0.23850523,7556
7.29,-0.8161411,7556
7.27,-0.33490264,7556
7.27,-2.507404,7556
7.26,-2.953922,7556
7.25,-0.42792973,7556
7.24,-0.814649,7556
7.23,-4.271377,7556
7.22,-0.22589646,7556
7.22,-2.8722801,7556
7.21,-0.59103584,7556
7.21,-2.357835,7556
7.19,-0.9046632,7556
7.19,-0.11887747,7556
7.18,1.0490587,7556
7.18,-0.41421914,7556
7.14,-1.1414653,7556
7.12,-1.2421734,7556
7.08,-2.1582937,7556
7.08,-3.1690195,7556
7.08,-1.2567184,7556
7.04,-3.6704996,7556
7.02,-1.5983274,7556
7.0,-1.1414653,7556
6.98,-0.8778058,7556
6.97,-0.97150564,7556
6.94,-1.2421734,7556
6.91,-4.18775,7556
6.91,-2.284744,7556
6.84,-2.7200568,7556
6.84,-1.4260077,7556
6.83,-2.1191888,7556
6.8,-3.0281916,7556
6.79,-2.312953,7556
6.78,-4.7299643,7556
6.77,-3.2810438,7556
6.76,-0.86609876,7556
6.75,-2.5709548,7556
6.75,-3.452585,7556
6.74,-1.2678386,7556
6.71,-2.1677198,7556
6.71,-2.3486385,7556
6.7,-2.2000842,7556
6.68,-3.5736358,7556
6.66,-1.6457765,7556
6.65,-1.100139,7556
6.65,-0.8381707,7556
6.65,-2.7080374,7556
6.65,-3.714303,7556
6.61,-4.5050077,7556
6.6,-3.4979863,7556
6.6,-2.9564059,7556
6.56,-3.096297,7556
6.55,4.7488604,7556
6.55,-0.89914834,7556
6.54,-3.2340214,7556
6.53,-1.7622086,7556
6.51,-3.7623584,7556
6.49,-5.118697,7556
6.46,-2.5248246,7556
6.45,-2.5445004,7556
6.45,-3.9920971,7556
6.43,-4.024552,7556
6.42,-3.279273,7556
6.4,-1.3843644,7556
6.38,-2.897007,7556
6.34,-3.74731,7556
6.33,-2.601554,7556
6.32,-3.8259199,7556
6.3,-3.8235266,7556
6.22,-5.414038,7556
6.21,-2.6372445,7556
6.17,-3.006796,7556
6.12,-4.643727,7556
6.11,-3.5922205,7556
6.1,-4.548133,7556
6.06,-4.8023415,7556
5.7,-5.4700556,7556
5.4,-6.726977,7556
7.6,-0.9460241,6049
7.46,-0.36865798,6049
7.37,1.1748415,6049
7.28,-0.87282807,6049
6.97,-1.1888096,6049
6.83,0.39364755,6049
6.62,0.41114953,6049
6.52,-2.1200583,6049
6.41,-2.60335,6049
6.4,0.3578029,6049
6.4,0.07156269,6049
6.4,-3.662165,6049
6.36,-0.65074784,6049
6.08,-2.7859874,6049
9.7,4.1790776,12227
9.7,4.1644278,12227
9.4,3.5787406,12227
7.89,-1.1378015,7050
7.24,-2.3888648,7050
7.09,-1.484182,7050
7.08,-3.920734,7050
7.07,-1.0132707,7050
6.96,-2.8675869,7050
6.92,-2.1959727,7050
6.77,-0.047252852,7050
6.58,1.4238055,7050
6.41,-4.2578654,7050
6.35,-3.4679935,7050
6.32,1.2203614,7050
6.3,0.1445737,7050
6.0,-5.183643,7050
5.96,-5.9871407,7050
5.96,-3.8499784,7050
5.92,-2.9009597,7050
5.75,-3.3399105,7050
5.66,-2.5381582,7050
5.62,-0.77510285,7050
5.57,1.8231359,7050
5.46,-2.2364814,7050
5.17,-2.3374627,7050
4.92,-6.260188,7050
4.77,-10.886175,7050
4.22,-3.7609863,7050
4.03,-6.2792163,7050
6.21,3.1527503,13644
5.96,-2.385158,2063
7.85,6.021434,17327
6.75,-3.3580124,17327
8.82,1.1386366,5714
7.85,3.1627462,5714
7.75,3.9278648,5714
7.7,1.3520963,5714
7.62,2.066782,5714
7.55,3.1627462,5714
7.54,0.30380833,5714
7.52,0.31842083,5714
7.1,-0.67078984,5714
7.05,0.8693514,5714
6.96,-1.409063,5714
6.85,-0.08309735,5714
6.64,-1.2903944,5714
6.37,1.1683167,5714
6.28,-3.43323,5714
6.0,-2.9172828,5714
5.54,-6.161643,5714
6.21,2.8631506,12261
5.55,-3.4453511,16831
7.0,0.9203249,1209
8.28,3.4176087,7990
8.0,0.7556098,7990
7.85,-5.3015437,7990
7.64,-1.5972635,7990
7.64,-0.33202136,7990
7.6,-2.9133909,7990
7.46,-3.9391377,7990
6.85,-4.8056335,7990
9.7,9.597293,8105
9.52,8.207672,8105
9.52,7.5033846,8105
9.4,7.3517485,8105
9.22,8.190693,8105
9.1,7.6338305,8105
9.05,7.3010573,8105
9.0,8.021122,8105
9.0,7.8982286,8105
8.92,9.372156,8105
8.89,9.305921,8105
8.89,8.86538,8105
8.89,9.135478,8105
8.85,8.207672,8105
8.82,6.994473,8105
8.82,7.7277603,8105
8.74,6.3841977,8105
8.74,9.44522,8105
8.74,7.458047,8105
8.74,10.185661,8105
8.72,6.2768946,8105
8.72,9.868939,8105
8.7,10.141882,8105
8.66,8.212994,8105
8.66,8.454023,8105
8.64,8.187335,8105
8.64,9.478685,8105
8.62,6.444899,8105
8.62,8.53611,8105
8.59,8.324025,8105
8.57,9.181038,8105
8.52,9.1769285,8105
8.51,9.430926,8105
8.49,6.689424,8105
8.48,7.2804656,8105
8.48,7.902884,8105
8.44,7.56399,8105
8.43,8.151199,8105
8.41,9.04833,8105
8.4,6.913554,8105
8.34,8.434023,8105
8.33,6.503209,8105
8.32,8.488067,8105
8.32,4.944438,8105
8.31,6.81817,8105
8.3,6.3255076,8105
8.25,1.9425251,8105
8.24,8.14446,8105
8.22,5.2826066,8105
8.21,5.091281,8105
8.21,6.830844,8105
8.2,3.8577547,8105
8.19,5.6763663,8105
8.19,7.3173137,8105
8.18,4.925504,8105
8.18,4.4226193,8105
8.17,6.298655,8105
8.17,7.824346,8105
8.15,7.047013,8105
8.13,8.636301,8105
8.13,4.210534,8105
8.13,5.0764613,8105
8.11,6.202801,8105
8.1,7.3713512,8105
8.1,6.936717,8105
8.1,3.3204792,8105
8.09,6.140313,8105
8.09,6.735211,8105
8.09,8.219166,8105
8.08,4.658718,8105
8.07,4.4121866,8105
8.04,4.202256,8105
8.04,6.283218,8105
8.03,7.5880136,8105
8.03,6.370869,8105
8.03,8.392619,8105
8.01,6.232988,8105
8.0,4.6262307,8105
8.0,4.7469525,8105
8.0,7.341344,8105
8.0,8.445278,8105
7.99,5.23174,8105
7.98,7.3802266,8105
7.98,4.951655,8105
7.98,2.3246038,8105
7.98,3.7639728,8105
7.97,6.830844,8105
7.96,4.1804323,8105
7.95,3.1266873,8105
7.94,5.0004983,8105
7.93,5.1876063,8105
7.92,8.44445,8105
7.92,5.15435,8105
7.91,5.386395,8105
7.91,7.97198,8105
7.88,3.7719533,8105
7.88,5.1410046,8105
7.87,4.381649,8105
7.86,4.709062,8105
7.86,4.692498,8105
7.86,3.7169123,8105
7.86,4.5357733,8105
7.85,4.9828486,8105
7.85,5.1012383,8105
7.84,4.6879306,8105
7.84,7.5120955,8105
7.84,3.565474,8105
7.84,7.511326,8105
7.82,4.7946877,8105
7.82,4.58268,8105
7.81,5.5806127,8105
7.8,4.2824736,8105
7.8,3.1575246,8105
7.79,4.191402,8105
7.76,3.8259494,8105
7.76,3.0751345,8105
7.76,8.487631,8105
7.76,3.2039533,8105
7.75,5.2064977,8105
7.75,3.3680732,8105
7.75,5.966305,8105
7.73,4.1019645,8105
7.73,8.239893,8105
7.73,5.5542746,8105
7.72,5.2567396,8105
7.7,4.3745327,8105
7.7,4.8091407,8105
7.67,3.5687308,8105
7.67,3.7677488,8105
7.66,4.404901,8105
7.66,4.9394054,8105
7.65,1.460319,8105
7.64,5.193923,8105
7.64,7.6108994,8105
7.64,6.9645543,8105
7.64,5.0279765,8105
7.63,5.1643295,8105
7.63,2.93511,8105
7.63,4.1665263,8105
7.63,4.221445,8105
7.63,6.9359975,8105
7.62,7.7051234,8105
7.59,3.5853436,8105
7.57,8.323198,8105
7.56,3.2881103,8105
7.55,4.003159,8105
7.55,3.6291225,8105
7.54,3.130548,8105
7.54,3.3914266,8105
7.54,3.761337,8105
7.5,6.19795,8105
7.5,3.9297657,8105
7.5,5.7637973,8105
7.49,5.9050927,8105
7.47,3.2370064,8105
7.46,4.272211,8105
7.46,6.1705546,8105
7.46,3.9235528,8105
7.46,3.6495407,8105
7.42,4.7599297,8105
7.39,4.1926217,8105
7.38,4.056028,8105
7.36,3.9436526,8105
7.35,2.1752467,8105
7.34,5.184918,8105
7.33,3.855783,8105
7.33,5.005134,8105
7.32,1.6157326,8105
7.32,4.0779986,8105
7.3,2.7850745,8105
7.22,3.3383157,8105
7.2,3.652588,8105
7.19,3.326234,8105
7.15,4.598448,8105
7.14,3.9722755,8105
7.13,2.9365125,8105
7.12,2.7997074,8105
7.11,4.632157,8105
7.01,3.6602695,8105
7.0,2.9976354,8105
6.99,2.2084482,8105
6.98,5.051268,8105
6.94,1.2126584,8105
6.94,1.7048155,8105
6.91,6.936891,8105
6.87,2.5566773,8105
6.86,1.7060608,8105
6.82,1.905601,8105
6.8,2.4025297,8105
6.77,1.5542495,8105
6.63,2.1693313,8105
6.59,0.52698165,8105
6.44,1.6112328,8105
6.34,2.6223326,8105
6.26,-0.55494356,8105
6.05,2.8802626,8105
5.99,-0.043658417,8105
6.6,-0.82810324,13823
7.85,1.082512,1949
7.77,-0.5220741,1949
7.58,-0.86373776,1949
7.52,-4.0085135,1949
7.51,-0.06496191,1949
7.46,0.8973988,1949
7.42,0.18636686,1949
7.29,-0.90463185,1949
7.24,-1.3256361,1949
7.16,-1.6906238,1949
7.13,-1.1748378,1949
7.12,-2.3523433,1949
7.08,0.112966165,1949
7.03,-3.2449741,1949
7.03,-0.9250253,1949
7.01,0.19754016,1949
6.92,-2.320633,1949
6.9,-2.3854818,1949
6.87,-3.7536368,1949
6.81,-2.696154,1949
6.79,-0.9260828,1949
6.75,-2.6543841,1949
6.69,-2.0616467,1949
6.58,-1.9720676,1949
6.27,-4.8877563,1949
6.25,-3.6268356,1949
6.23,-4.7148237,1949
6.04,-5.695503,1949
5.95,-1.6534057,1949
5.94,-3.3560543,1949
5.9,-3.6469646,1949
5.84,-5.9279194,1949
5.5,-5.344583,1949
5.46,-3.186562,1949
5.44,-7.1616774,1949
5.34,-0.14948027,1949
5.33,-5.143029,1949
5.24,-5.6608095,1949
5.04,-0.81893563,1949
8.3,3.8624468,2057
7.32,1.7714045,9624
7.82,3.0326703,9946
7.58,1.85487,9946
7.38,1.4303641,9946
7.19,5.136071,9946
7.1,3.9161782,9946
7.1,3.7057884,9946
7.09,5.196127,9946
7.08,5.0462303,9946
7.0,3.8005095,9946
6.93,4.674116,9946
6.92,-1.5019,9946
6.9,4.674116,9946
6.82,4.5453196,9946
6.79,2.940307,9946
6.72,3.1006792,9946
6.69,3.6470733,9946
6.69,2.1196969,9946
6.67,2.095891,9946
6.66,4.035107,9946
6.64,3.1542127,9946
6.47,0.44375646,9946
6.38,0.51731336,9946
6.25,4.674116,9946
5.96,-0.108227104,9946
5.77,-3.0812852,9946
5.59,0.23501647,9946
5.52,1.2115831,9946
5.48,0.0032387562,9946
5.48,-2.09527,9946
5.13,-3.4352784,9946
4.96,0.23501647,9946
7.52,-2.2852027,17201
7.4,-5.1529393,17201
7.16,-1.5085617,17201
7.1,-3.1601405,17201
7.05,-2.8736937,17201
6.52,-3.4758713,17201
6.42,-0.22596805,17201
6.39,-1.5487038,17201
6.3,-3.1360736,17201
6.17,-4.201117,17201
5.97,0.32738176,17201
5.92,-5.428958,17201
5.82,-7.1125555,17201
5.7,0.6255348,17201
5.57,2.432282,17201
5.56,-2.8714745,17201
5.55,1.5867882,17201
5.25,-6.047058,17201
7.46,0.7030492,16145
7.4,1.7059085,16145
7.05,0.8837655,16145
7.02,2.0925648,16145
6.85,3.4232697,16145
6.58,-0.19593553,16145
6.52,1.7091137,16145
6.5,2.4907844,16145
6.46,-1.518442,16145
6.46,3.4174592,16145
6.42,-0.6149008,16145
6.27,-0.9517249,16145
6.22,0.7959319,16145
6.14,0.3011465,16145
6.14,1.5377063,16145
6.05,-3.4074597,16145
5.99,-2.3456964,16145
5.96,-2.0873535,16145
5.84,-2.3846214,16145
5.8,-0.85011595,16145
5.8,0.53062856,16145
5.77,-3.5186765,16145
5.68,-3.4397924,16145
5.66,-1.675024,16145
5.62,-2.4815464,16145
5.58,-2.2263908,16145
5.34,1.5962471,16145
5.3,-1.7888842,16145
4.95,-4.1438355,16145
4.89,1.9651986,16145
4.85,-2.6089437,16145
4.83,-1.7267768,16145
4.82,0.18055992,16145
4.43,-4.3436923,16145
4.41,-1.7791457,16145
5.8,-1.9813917,3349
7.89,3.0172243,7328
7.72,2.8563352,7328
7.6,1.7357804,7328
7.5,2.1719167,7328
7.19,-1.9796417,12430
6.93,3.3832917,12430
7.16,0.49213883,13348
6.93,-0.9412002,13348
6.71,2.9735577,13348
6.21,0.7195051,13348
5.61,0.45050195,13348
8.13,4.625091,8510
7.21,3.8897088,8510
7.03,3.980738,8510
6.52,4.7664733,8510
5.19,3.994666,14608
7.66,0.7784791,8239
7.64,-1.3979883,8239
7.72,1.2741365,11575
8.0,2.100093,8981
5.92,-2.766649,5501
5.82,-3.2795544,5501
5.54,-1.012946,5501
5.42,-4.2536116,5501
5.21,-1.1470283,5501
9.05,1.6127982,12290
8.7,0.16545212,12290
8.7,-1.798355,12290
8.52,-0.2233982,12290
8.52,-0.98990047,12290
8.15,-0.8025577,12290
8.05,1.8780895,12290
8.0,-0.852576,12290
8.66,-0.8135263,1451
8.51,5.094047,1451
8.15,5.028371,1451
8.0,1.9305289,1451
7.92,0.95217717,1451
7.89,1.8937298,1451
7.75,2.6674478,1451
7.62,0.8842984,1451
7.57,2.2788956,1451
7.51,1.5845947,1451
7.46,1.231204,1451
7.39,0.99730283,1451
7.3,-0.6188035,1451
7.19,-0.16539668,1451
7.14,1.4949576,1451
6.96,-0.36335468,1451
6.78,-2.7590315,1451
6.65,2.5824854,1451
6.59,-0.19175176,1451
6.4,1.4263781,1451
7.21,-2.605045,8027
6.01,-4.965585,8027
7.58,3.7944036,16989
7.46,1.0036155,16989
7.36,3.4798794,16989
7.24,3.0184376,16989
7.23,0.08233176,16989
7.05,1.8159947,16989
7.03,-1.3277669,16989
7.0,0.56489104,16989
6.97,0.69528395,16989
6.57,1.7728307,16989
6.52,1.8684576,16989
6.31,-1.0630946,16989
6.28,-0.70910263,16989
6.03,0.35782996,16989
5.94,-0.48235187,16989
5.91,-1.5909307,16989
5.89,-1.6718986,16989
5.88,-0.9954649,16989
5.86,-2.295567,16989
5.82,-3.9942558,16989
5.77,-0.56754535,16989
5.75,-1.1530149,16989
5.72,-1.76965,16989
5.68,-0.9986609,16989
5.29,-2.499404,16989
5.05,-4.0004673,16989
4.76,-4.266213,16989
8.3,4.116677,15995
8.1,4.061577,15995
5.85,-0.8897227,15692
9.0,-1.1375903,6463
9.0,-1.001959,6463
8.0,0.77631044,6463
7.0,-3.317999,6463
6.0,-0.17231628,6463
9.52,4.3414607,10854
9.22,2.0082188,10854
9.22,4.2098613,10854
9.22,1.9748119,10854
9.1,2.361697,10854
9.1,1.1841943,10854
9.1,0.054548755,10854
9.1,0.39397728,10854
9.05,0.6940302,10854
8.85,0.68099636,10854
8.77,-1.3058751,10854
8.7,0.50107783,10854
8.68,1.04084,10854
8.6,2.5357568,10854
8.59,-0.9184297,10854
8.59,4.2159443,10854
8.54,2.0784233,10854
8.42,0.23548608,10854
8.36,-0.72630847,10854
8.14,-0.09345576,10854
8.05,2.258022,10854
7.51,2.5143063,10854
7.39,1.288023,10854
6.98,-3.354342,10854
6.79,0.994627,10854
6.41,-2.358515,10854
5.06,-8.20331,2184
4.12,-8.296454,2184
7.75,1.0884925,7418
7.68,-0.5836818,7418
7.6,1.1208988,7418
7.57,3.031056,7418
7.3,-0.2908273,7418
6.75,1.7374679,7418
6.7,-0.88180256,7418
6.51,-0.8711158,7418
6.43,-0.33341464,7418
6.43,-0.004706856,7418
6.36,0.50274354,7418
6.22,-2.0464222,7418
6.22,-0.10621701,7418
6.17,-5.6830273,7418
6.07,-0.2870811,7418
6.07,-2.26711,7418
6.06,-2.765042,7418
6.01,-3.9518826,7418
5.92,-4.646729,7418
5.8,-3.6693707,7418
5.75,-3.9468746,7418
5.7,-5.210895,7418
5.64,-3.2591891,7418
5.48,-2.907516,7418
5.48,-3.7415185,7418
5.4,-1.6965946,7418
5.37,-1.9911244,7418
5.3,0.5231085,7418
5.26,-6.9289002,7418
5.24,-3.291729,7418
5.22,-6.4405003,7418
5.2,-4.0835967,7418
5.14,-3.0570953,7418
5.0,0.45804363,7418
6.59,-3.1602864,16308
7.92,3.8319967,4628
6.4,-2.6367362,16113
6.35,-5.1309443,16113
6.22,-4.981839,16113
5.92,-2.6603246,16113
5.85,-4.2208877,16113
5.82,-7.9503045,16113
5.8,0.23192613,16113
5.8,-4.0626884,16113
5.22,-1.7934495,16113
5.0,-2.0786347,16113
4.8,-3.5255015,16113
7.1,-0.020176802,17146
6.0,-0.23186158,17146
9.82,0.7826192,12961
9.0,0.11509998,12961
9.0,1.9375048,12961
8.96,-0.95889795,12961
8.92,1.558954,12961
8.07,0.13328095,12961
8.15,-0.7232105,9871
7.4,0.19676676,9871
6.41,4.182278,9871
6.14,0.25357872,9871
5.37,1.5054646,9871
5.12,-0.44905025,9871
4.85,2.993462,9871
4.85,3.256309,9871
8.16,3.8013306,3550
7.98,4.56305,3550
7.82,4.9667406,3550
5.08,1.9497936,16187
4.0,0.83591706,16187
7.16,0.5091723,2565
6.7,-2.8330758,2565
7.6,0.8235003,3899
5.99,-6.228642,1027
8.3,1.2522495,2127
8.2,-0.2879739,2127
8.0,-0.7011556,2127
8.0,-0.89914066,2127
7.9,-1.5017852,2127
7.0,-0.17186558,2127
6.9,-4.9697504,2127
6.9,2.221329,2127
6.9,3.659312,2127
6.8,-1.3088102,2127
6.5,-0.39201498,2127
6.5,0.46826077,2127
5.6,1.6005936,2127
7.37,1.270279,11607
7.28,0.33643058,11607
7.24,1.0666953,11607
7.16,0.79990596,11607
5.81,-0.96441483,11607
5.77,-0.80269897,11607
5.69,0.035437904,11607
5.66,-2.0518959,11607
7.44,-2.1419313,14928
5.72,-1.1971802,9693
5.55,-1.7132983,9693
5.4,-3.6779006,9693
5.34,-5.32116,9693
5.31,-2.8881843,9693
5.1,-3.830119,9693
4.91,-1.8699975,9693
4.69,-6.4409456,9693
9.29,1.8977034,6288
9.29,2.6738238,6288
9.29,2.1336398,6288
9.1,0.71334106,6288
9.06,5.9482636,6288
8.92,4.3953676,6288
8.89,2.3245535,6288
8.82,-0.63822925,6288
8.8,-0.23862346,6288
8.8,4.3343925,6288
8.8,-3.982927,6288
8.77,5.1630845,6288
8.77,-1.0647091,6288
8.77,0.34174085,6288
8.7,0.7467778,6288
8.7,1.9470857,6288
8.7,-2.073528,6288
8.7,5.5690455,6288
8.64,0.58449906,6288
8.64,-0.16877663,6288
8.62,3.7252333,6288
8.62,-2.4612372,6288
8.6,2.7678046,6288
8.6,-1.5457422,6288
8.6,0.75059974,6288
8.59,2.42641,6288
8.57,4.217602,6288
8.57,0.80067843,6288
8.57,-1.4513398,6288
8.55,-0.27507624,6288
8.47,5.358572,6288
8.46,-5.644789,6288
8.4,0.466682,6288
8.38,-1.1545119,6288
8.36,0.17141594,6288
8.35,-1.0648191,6288
8.35,0.8099513,6288
8.34,-1.6992136,6288
8.33,-6.7800264,6288
8.32,-0.80724317,6288
8.31,-1.2545456,6288
8.3,3.8613868,6288
8.29,2.2017174,6288
8.28,0.3673278,6288
8.24,7.748635,6288
8.24,-1.680084,6288
8.21,-1.8075984,6288
8.2,0.34699488,6288
8.19,-0.6558303,6288
8.19,1.4183853,6288
8.19,-0.38436618,6288
8.19,4.7015624,6288
8.19,3.6881323,6288
8.18,7.01518,6288
8.18,0.64361554,6288
8.13,2.8268902,6288
8.13,3.5622945,6288
8.12,-0.47080824,6288
8.12,-0.014853757,6288
8.12,-0.037773166,6288
8.12,-3.7958055,6288
8.11,6.268215,6288
8.1,-0.5373242,6288
8.09,-1.5192344,6288
8.08,3.1404622,6288
8.03,1.5770546,6288
8.03,-0.5453641,6288
8.02,0.10124466,6288
8.01,2.4355009,6288
8.0,-0.058563117,6288
7.97,2.4862626,6288
7.96,3.7400663,6288
7.95,1.4827353,6288
7.94,-2.9104872,6288
7.94,-0.014853757,6288
7.92,1.5176791,6288
7.91,6.122847,6288
7.91,-5.155834,6288
7.91,-0.7564384,6288
7.9,1.8977034,6288
7.89,0.5810142,6288
7.85,0.9717537,6288
7.85,-2.1764343,6288
7.84,-1.6460413,6288
7.84,0.6831597,6288
7.83,0.65446013,6288
7.82,0.28786054,6288
7.8,6.4160776,6288
7.79,-1.8616781,6288
7.79,1.8670208,6288
7.79,2.9829748,6288
7.79,3.3171353,6288
7.77,-2.6840746,6288
7.75,0.69030744,6288
7.74,0.10124466,6288
7.72,-4.365727,6288
7.72,-0.1491344,6288
7.72,5.173591,6288
7.71,2.4355009,6288
7.69,1.7877883,6288
7.69,5.3714056,6288
7.68,2.9688559,6288
7.67,3.3629777,6288
7.67,6.8373485,6288
7.66,-1.3797953,6288
7.66,1.2876128,6288
7.65,0.27116576,6288
7.65,-3.6775935,6288
7.63,-2.0404603,6288
7.6,3.7426674,6288
7.57,5.9482636,6288
7.57,2.2364187,6288
7.56,0.08489673,6288
7.56,3.7527251,6288
7.53,2.6871004,6288
7.52,4.7015624,6288
7.5,-2.8854501,6288
7.5,3.8885682,6288
7.44,0.78702444,6288
7.43,-4.325725,6288
7.43,1.4395126,6288
7.39,3.026909,6288
7.37,0.36135468,6288
7.36,3.3629777,6288
7.34,-0.9718236,6288
7.32,-2.3394234,6288
7.31,1.5176791,6288
7.3,-1.4012984,6288
7.29,1.8092339,6288
7.25,-2.6895745,6288
7.24,-1.7377543,6288
7.23,2.0055258,6288
7.16,1.0344408,6288
7.14,4.177603,6288
7.05,6.3583,6288
6.72,-1.0364369,6288
6.59,-1.3855242,6288
6.55,-0.38070402,6288
6.3,1.5176791,6288
6.23,4.797251,6288
6.07,1.4689705,6288
6.04,0.8018886,6288
5.69,-3.928773,6288
7.39,2.0795689,10774
5.89,1.1049697,7085
4.8,-0.1926255,4030
6.29,-2.4975126,757
6.8,-0.62863475,5760
6.16,0.16405837,5470
8.73,-1.8278359,6159
8.73,0.6588463,6159
8.71,0.5105805,6159
8.61,2.5818584,6159
6.75,-0.49724492,4370
8.3,0.63041675,4438
8.15,2.961578,4438
8.05,0.28603718,4438
7.96,3.5533252,4438
7.68,1.9344116,4438
7.55,1.6924736,4438
7.54,1.8374703,4438
7.46,1.8987434,4438
7.44,2.6944501,4438
7.34,3.0945532,4438
7.33,3.2581165,4438
7.25,-1.1232828,4438
7.24,3.2489355,4438
7.19,1.3595415,4438
7.02,-0.16094996,4438
6.68,-0.68429667,4438
6.3,-1.1268566,4438
8.01,2.2506096,5957
4.3,-0.81848264,1022
9.0,5.4011874,6324
8.7,5.712038,6324
8.4,3.446124,6324
8.4,2.2546744,6324
8.3,2.1767921,6324
8.3,2.2315893,6324
8.22,1.7617896,6324
8.22,4.0432463,6324
8.22,3.1822686,6324
8.22,2.3005972,6324
8.15,3.6655972,6324
8.15,0.019560598,6324
8.1,4.2798533,6324
8.1,4.2070127,6324
8.1,3.1404881,6324
8.1,2.4941962,6324
8.1,1.8310969,6324
8.0,2.2315893,6324
8.0,3.3870661,6324
8.0,1.9874948,6324
7.92,2.4494777,6324
7.89,3.3676522,6324
7.82,3.2795522,6324
7.82,-0.7043802,6324
7.75,2.076595,6324
7.75,3.8364973,6324
7.7,0.5608379,6324
7.68,0.61295676,6324
7.68,2.1607819,6324
7.68,3.3790607,6324
7.6,1.9022034,6324
7.6,2.1700401,6324
7.6,-0.26577312,6324
7.6,2.4456875,6324
7.57,1.7477438,6324
7.52,0.30635506,6324
7.52,0.6478883,6324
7.43,3.189542,6324
7.42,0.75481325,6324
7.41,1.6416999,6324
7.41,1.9102733,6324
7.4,2.600921,6324
7.37,2.5439906,6324
7.35,-0.1358699,6324
7.35,1.0880738,6324
7.35,3.5286896,6324
7.34,1.1603441,6324
7.29,0.7740973,6324
7.24,-2.3598723,6324
7.19,-0.9614272,6324
7.19,1.7990954,6324
7.17,-2.2634,6324
7.13,-2.295113,6324
7.11,-1.0888307,6324
7.09,-1.5470544,6324
7.09,0.88973445,6324
7.06,0.21005367,6324
7.06,1.3106868,6324
7.05,0.46742213,6324
7.04,0.9269094,6324
7.02,-1.4394981,6324
7.01,-1.0303904,6324
7.0,1.9095732,6324
6.96,-0.38422832,6324
6.92,1.4877356,6324
6.92,-1.2024866,6324
6.92,-1.9888542,6324
6.85,-1.0353134,6324
6.85,-1.2323785,6324
6.85,1.2632269,6324
6.82,-0.8887991,6324
6.82,-2.6926842,6324
6.8,0.6836119,6324
6.72,-3.0237868,6324
6.7,-2.9369245,6324
6.7,0.5087918,6324
6.68,-2.8392756,6324
6.68,-2.464043,6324
6.62,-1.5895271,6324
6.52,-2.1296325,6324
6.52,-1.8775362,6324
6.51,-4.0420337,6324
6.5,-0.6673177,6324
6.43,-1.4673339,6324
6.41,-3.7672389,6324
6.41,-2.920673,6324
6.37,-0.3922234,6324
6.28,-1.0692528,6324
6.21,-0.13992564,6324
6.19,-4.3994102,6324
6.19,-3.137945,6324
6.07,-0.055647414,6324
6.03,-2.1066172,6324
5.96,-2.1392214,6324
5.92,-4.1446195,6324
7.7,-0.22623803,11530
6.04,-4.4618697,11530
5.8,-2.1866498,11530
7.72,0.11823781,2598
7.64,1.6702104,2598
7.6,-0.21202523,2598
7.54,-0.68729866,2598
7.52,0.117776826,2598
7.52,-1.8159155,2598
7.46,0.58662945,2598
7.43,-1.3850772,2598
7.4,0.381121,2598
7.38,-0.98927045,2598
7.35,0.43031716,2598
7.18,-1.0638139,2598
7.15,-0.0864677,2598
7.11,0.7111876,2598
7.03,-0.92813724,2598
7.01,-0.4500865,2598
6.96,-1.0704799,2598
6.96,-2.1143403,2598
6.85,0.89783597,2598
6.85,-2.0400372,2598
6.82,-0.10532409,2598
6.8,-0.32452983,2598
6.72,-3.6538937,2598
6.68,-4.9020247,2598
6.6,-0.3027957,2598
6.57,-5.816482,2598
6.51,-2.4824383,2598
6.51,-3.0576403,2598
6.46,-4.0236096,2598
6.36,2.063885,2598
6.31,-4.7185297,2598
5.84,-3.4159007,2598
5.77,-3.6282184,2598
5.56,-3.9027975,2598
5.54,-6.3561387,2598
6.2,-1.7774663,12365
7.4,-1.13727,16282
6.72,-1.0791065,16282
6.11,-4.2957006,16282
6.01,-3.7851331,16282
4.96,-3.5050118,16282
4.7,-4.579929,16282
4.54,-4.7474933,16282
4.37,-4.221564,16282
4.3,-4.3629665,16282
9.52,-1.618879,7106
9.0,0.521323,7106
8.4,0.34417477,7106
8.22,-1.0973209,7106
8.22,-1.380419,7106
8.05,-2.9232566,7106
7.89,-3.647076,7106
7.6,0.7955325,7106
7.44,-2.5264611,7106
7.19,-2.4124045,7106
7.16,-1.9900422,7106
7.1,-5.602263,7106
6.75,-3.87759,7106
6.4,-6.208839,7106
6.28,-2.6392324,7106
6.17,-7.3940945,7106
6.14,-2.9636264,13788
5.57,-4.396695,13788
4.66,-6.5580363,2524
8.8,4.59465,10884
4.77,-8.2678795,1391
7.22,-3.163681,131
7.22,0.5618619,131
8.6,3.7849922,8357
8.57,0.9621728,8357
6.24,-0.44747707,14811
6.16,-4.738557,3865
5.72,-5.2777925,3865
5.39,-3.8885345,3865
9.0,2.224853,116
9.22,6.5039563,13382
7.6,3.1570778,8554
5.65,0.9237901,8554
8.52,2.7075346,16602
8.22,2.9917176,16602
7.6,3.377514,16602
7.6,1.8741741,16602
7.47,7.202268,16602
7.12,5.0149937,16602
7.12,1.0781028,16602
7.1,0.02874532,16602
7.07,-2.984341,16602
7.05,3.4373589,16602
7.02,-0.81229806,16602
7.0,0.39466047,16602
8.89,3.0063257,9210
8.18,4.761878,9210
8.14,2.7333136,9210
7.77,5.0145707,9210
7.71,0.8409299,9210
7.63,3.4075332,9210
7.56,0.8409299,9210
7.55,2.601665,9210
7.46,3.5625396,9210
7.3,-0.12716769,9210
7.24,1.0698057,9210
7.2,3.4561453,9210
7.09,0.6897169,9210
7.08,0.53286934,9210
7.07,3.1278021,9210
7.04,1.7743388,9210
7.0,0.33858642,9210
6.96,-0.033662524,9210
6.92,0.2285449,9210
6.91,-1.2679596,9210
6.83,-0.0953587,9210
6.81,2.7705314,9210
6.74,1.6040199,9210
6.7,1.9431684,9210
6.64,0.33858642,9210
6.61,1.3930146,9210
6.55,1.300239,9210
6.54,0.17770435,9210
6.51,2.1891959,9210
6.5,2.0208695,9210
6.41,1.8389498,9210
6.38,-4.97355,9210
6.32,0.6897169,9210
6.12,0.15997267,9210
6.07,-0.26520252,9210
5.81,-2.1580656,9210
5.75,-3.2191825,9210
5.06,0.009216059,9210
7.57,2.3495176,8645
7.55,-0.8750609,8645
7.44,-0.81275564,8645
7.37,0.24696669,8645
7.36,-0.327982,8645
7.17,1.8606131,8645
6.77,-4.192577,8645
6.69,-0.74566233,8645
6.11,-2.0554087,8645
6.02,-2.2405028,8645
5.12,-5.881767,8645
4.58,-4.440738,8645
8.3,3.6385489,14042
9.18,0.44347414,17187
8.92,-1.8546307,17187
8.51,1.6846466,17187
8.49,1.6846466,17187
8.0,-0.1279568,17187
7.92,0.9938998,17187
7.85,-0.8738709,17187
7.75,0.055353113,17187
7.7,0.11037587,17187
7.54,-3.8342698,17187
7.44,-0.87491304,17187
7.4,-0.07614423,17187
7.24,-1.8533249,17187
7.22,-1.5374676,17187
7.19,-1.4280826,17187
6.89,-3.1974385,17187
6.66,-2.0602252,17187
6.64,0.12319413,17187
6.54,0.24787615,17187
6.07,-3.0149858,17187
5.86,-3.537165,17187
5.83,-2.96096,17187
5.7,-4.308622,17187
5.15,-3.1098115,17187
4.54,-7.0271497,17187
7.85,1.6290056,17033
7.37,4.7418885,17033
7.19,-3.3115528,16167
7.18,-0.99532044,16167
7.02,-0.38536727,16167
5.57,-1.7532327,2549
5.58,2.7783957,12061
6.48,-2.5187325,11871
6.3,-2.5959396,11871
5.68,-0.72400826,11871
4.94,-7.312182,2823
4.72,-8.64655,2823
4.59,-4.8371024,2823
4.53,-9.195941,2823
7.89,-0.58649874,373
7.7,-4.4502516,373
7.47,-3.1335528,373
7.46,-4.4502516,373
7.46,-3.1335528,373
7.42,-2.7403193,373
7.38,-3.5163515,373
7.3,-1.3195779,373
7.27,-2.0626764,373
7.18,-3.5520458,373
7.16,-2.165284,373
7.14,-3.7947128,373
7.13,-3.260061,373
7.11,-2.4021473,373
7.09,-4.4642534,373
7.03,-1.8020387,373
7.0,-2.5726836,373
6.96,-4.301811,373
6.89,-3.4246829,373
6.85,-3.1335528,373
6.8,-2.7747936,373
6.75,-2.9051569,373
6.72,-4.4502516,373
6.7,-3.9367018,373
6.7,0.5505839,373
6.68,-3.0930667,373
6.57,-5.2896686,373
6.55,-3.7804906,373
6.17,-3.6656766,373
6.1,-8.190988,373
8.16,3.999637,17546
5.91,3.9674208,17546
4.75,4.0729637,17546
4.6,-0.5200284,17546
9.4,2.5105946,15139
8.82,3.0694122,1239
8.51,6.8483615,1239
8.48,4.5274734,1239
8.35,4.2619658,1239
8.29,1.0775709,1239
8.22,4.9750695,1239
8.14,1.2643338,1239
8.05,3.3899498,1239
7.84,0.51131153,1239
7.79,3.4553328,1239
9.0,3.085034,5137
9.0,2.1266568,5137
9.0,2.696698,5137
8.7,-0.17595758,5137
8.7,2.7582655,5137
8.3,2.0851393,5137
8.3,2.457803,5137
8.15,3.328863,5137
8.0,-1.1056457,5137
7.96,3.5513887,5137
7.58,-0.9581475,5137
7.5,-0.17595758,5137
7.33,-0.5966768,5137
6.6,-3.0309126,5137
6.05,-6.443196,5137
5.47,-4.2731824,5137
10.0,5.9327435,6751
9.52,-0.44235614,6751
9.4,0.68885565,6751
9.3,5.223452,6751
9.22,5.9327435,6751
9.15,1.0900435,6751
9.1,0.63915384,6751
9.1,0.66656584,6751
9.05,-0.42674527,6751
8.89,3.2466314,6751
8.8,2.1064742,6751
8.7,3.5163188,6751
8.7,2.0302625,6751
8.52,1.6136019,6751
8.49,3.5003767,6751
8.3,2.795707,6751
8.3,1.4894276,6751
8.22,2.3656814,6751
8.15,-4.6345367,6751
8.1,-2.0607998,6751
8.0,2.3003004,6751
7.89,3.4265904,6751
7.66,-2.0148857,6751
7.58,2.4299304,6751
8.54,4.0388803,1817
7.7,-3.1217456,14381
7.35,-3.9155376,14381
6.85,-3.1834044,14381
6.81,-0.6595588,14381
6.8,-0.59171504,14381
6.75,-0.36740875,14381
6.64,-3.3020456,11496
6.19,-6.923389,11496
6.18,-3.7938771,11496
6.17,-5.506001,11496
6.1,-5.297583,11496
6.01,-6.230437,11496
7.41,-1.511314,12413
6.05,-1.1609529,8478
5.13,-6.6245327,7531
4.99,-6.5778832,7531
5.38,-1.0678028,11832
8.52,5.107648,14518
6.87,-2.047667,10439
6.92,1.1488578,11391
5.96,-4.264116,11391
5.14,-4.8974724,11391
4.92,-2.9158578,11391
7.5,-3.525463,14707
8.72,-0.9238496,15269
8.01,-4.293671,15269
7.84,2.349944,15269
7.43,-2.1626077,15269
6.59,-1.9630904,15269
6.48,0.051470745,15269
6.43,-1.020227,15269
5.69,-3.2849886,15269
5.42,-4.589477,15269
5.2,-4.935248,15269
8.97,1.9697965,8656
8.69,4.509418,8656
8.3,-0.7068076,8656
8.25,-0.8155795,8656
8.07,3.2456474,8656
8.04,-1.1899595,8656
7.99,0.457947,8656
7.98,-3.995549,8656
7.95,-1.0098248,8656
7.93,-1.1668698,8656
7.9,-3.7894104,8656
7.84,-5.0455317,8656
7.82,-3.9685423,8656
7.74,-0.43865693,8656
7.74,3.0571244,8656
7.74,-0.3970261,8656
7.72,-4.0925994,8656
7.71,-2.385349,8656
7.65,2.0007093,8656
7.53,-0.18293697,8656
7.49,-3.5174825,8656
7.47,-3.1150408,8656
7.45,1.2928659,8656
7.44,1.2241002,8656
7.4,-4.187091,8656
7.38,2.7267337,8656
7.38,4.0656924,8656
7.38,-3.136444,8656
7.34,-3.871306,8656
7.33,-7.8944316,8656
7.33,1.3434851,8656
7.31,-6.00156,8656
7.25,0.1864418,8656
5.83,-6.5471807,1028
7.5,5.177686,8983
5.55,3.0100148,8882
6.55,-1.5136633,4671
4.45,-4.9461927,4341
4.4,-5.731113,4341
4.38,1.30234,4341
9.05,-3.1102452,17374
9.0,3.851429,17374
8.7,-1.907051,17374
8.52,-2.1804233,17374
8.4,-1.384321,17374
8.3,-0.052043762,17374
8.3,-1.2526969,17374
8.22,1.5466655,17374
8.22,-1.4940029,17374
8.1,-3.4652407,17374
8.0,-0.43427557,17374
8.0,-0.3268821,17374
8.0,0.35275587,17374
7.92,-2.2673812,17374
7.85,-2.127724,17374
7.66,0.08023441,17374
7.55,-0.71954983,17374
7.2,-2.924619,17374
7.06,-1.4429063,17374
6.99,-0.27101192,17374
6.75,-3.9259152,17374
6.63,2.9515467,17374
5.97,-0.5804097,17374
5.25,0.9594508,17053
5.1,-3.8399658,17053
4.82,-0.99805176,17053
4.82,-3.5984948,17053
4.74,-4.741115,17053
7.21,1.7608211,16977
7.58,-1.810234,15361
7.55,-0.4516686,15361
6.81,-4.0901866,15361
6.73,-3.3175788,15361
8.64,4.8889117,2022
6.3,-2.2856147,10056
6.0,-2.9894557,10056
5.8,-3.2898004,10056
5.6,-1.8538889,10056
5.5,-4.81435,10056
5.5,-4.509019,10056
5.5,-5.981812,10056
5.2,-1.8538889,10056
5.2,-3.7886512,10056
5.2,-3.1675394,10056
5.2,-1.8538889,10056
5.1,-7.301254,10056
5.1,-2.1919508,10056
5.1,-5.552163,10056
5.0,-3.3787317,10056
4.9,-5.8089542,10056
4.9,-3.4482458,10056
4.8,-5.581485,10056
4.8,-5.9182067,10056
4.8,-3.3787317,10056
4.8,-3.8544865,10056
4.7,-2.1919508,10056
4.7,-5.139578,10056
4.6,-5.8089542,10056
4.6,-7.301254,10056
4.6,-2.2334154,10056
4.6,-3.9361231,10056
4.6,-5.2370586,10056
8.7,1.509574,3430
8.0,-1.8204008,3430
8.0,-0.96507215,3430
7.7,1.2170916,3430
7.16,-4.6700063,3430
5.66,-1.5519178,3430
5.61,-1.2882892,3430
5.22,-1.8763487,3430
4.27,0.9463156,3430
6.85,1.1331632,5985
9.3,3.99567,7355
9.1,0.5675583,7355
9.05,0.47482404,7355
8.96,-0.66633534,7355
8.64,1.4825462,7355
8.51,-0.40643126,7355
8.33,-5.460663,7355
7.89,6.495836,7355
4.75,-8.488005,138
8.52,-0.35085294,6855
7.8,-4.3459377,11563
7.54,-3.0302742,11563
5.89,-2.33374,11563
8.7,1.8568907,12540
7.27,-1.7491195,10826
7.22,-3.731026,10826
7.07,-2.636467,10826
6.92,-4.575703,10826
6.89,-3.0798032,10826
6.7,-3.7077672,10826
6.51,-1.798244,10826
6.4,-2.6149168,10826
6.1,-4.4731946,10826
6.09,-6.1302433,10826
6.06,-4.145241,10826
6.05,-2.3595927,10826
5.96,-2.7940958,10826
5.96,-2.4833183,10826
5.82,0.8656036,10826
5.82,-6.849605,10826
5.72,-3.1046035,10826
5.72,0.33461988,10826
5.72,-3.9475992,10826
5.66,-5.352967,10826
5.55,-6.700726,10826
5.52,-6.718419,10826
5.43,-5.9079623,10826
5.37,-7.8102865,10826
5.36,-4.5130963,10826
5.1,-5.637652,10826
5.08,-5.927867,10826
5.06,-8.192079,10826
5.0,-6.8494067,10826
4.96,-4.374028,10826
4.92,-7.144232,10826
4.89,-7.8805017,10826
4.85,-8.650048,10826
4.85,-8.207787,10826
4.66,-3.510523,10826
4.57,-3.632764,10826
4.53,-5.108787,10826
4.51,-6.6911025,10826
4.47,-7.7411523,10826
4.38,-6.5691414,10826
4.3,-6.154576,10826
4.24,-1.4334062,10826
4.24,-2.631069,10826
4.21,-7.416644,10826
4.21,-7.745194,10826
4.12,-5.2168183,10826
3.99,-6.17561,10826
3.77,-6.4482756,10826
3.75,0.21923313,10826
3.63,-3.5659344,10826
3.54,-6.755054,10826
6.91,2.939377,9001
7.3,0.8246062,15972
6.6,-1.7199762,4320
6.4,-4.4110894,4320
6.4,1.7055365,4320
6.4,-3.2700272,4320
6.4,-0.23751785,4320
6.3,-2.3873172,4320
6.3,-0.4580869,4320
6.3,-2.3352706,4320
6.3,-4.0681024,4320
6.3,-1.567764,4320
6.3,-0.94442505,4320
6.2,-1.4363328,4320
6.1,-3.7181506,4320
6.1,-4.4110894,4320
6.0,-4.0684824,4320
5.9,-1.1952282,4320
5.9,-2.820673,4320
5.9,-4.694677,4320
5.9,-3.045247,4320
5.9,-2.7872357,4320
5.8,-4.4297853,4320
5.8,-2.193555,4320
5.7,-2.2825792,4320
5.5,-3.7188358,4320
5.4,-5.276215,4320
5.3,-6.0465455,4320
5.2,-5.645458,4320
5.2,-4.6982455,4320
5.1,-4.3727674,4320
4.7,-8.072734,4320
4.0,-4.4110894,4320
11.0,4.478702,13321
9.7,0.8106563,13321
9.7,2.284275,13321
9.7,1.9024519,13321
6.7,-0.35587925,10696
5.06,-4.259894,16519
5.85,-4.2646585,5745
5.68,2.9259057,3019
8.7,2.212854,4241
7.57,2.5445168,4241
6.38,-2.7509873,4505
6.1,-4.496907,4505
5.92,-6.190238,4505
5.12,-4.9337587,4505
4.79,-5.696285,4505
4.69,-5.702093,4505
8.14,3.7227561,8047
7.92,0.48062283,8047
8.57,-9.223656,10972
8.52,-5.7967463,10972
7.85,-4.4751873,10972
7.27,-8.200316,10972
7.11,-7.1853175,10972
7.01,-5.7647843,10972
6.92,-6.126079,10972
6.86,-6.8884063,10972
6.84,-6.3558216,10972
6.69,-7.496541,10972
6.59,-7.2128234,10972
6.58,-4.470705,10972
6.55,-6.682698,10972
6.43,-5.890977,10972
6.29,-4.724806,10972
6.17,-4.7729535,10972
6.11,-5.8252645,10972
6.07,-8.445066,10972
5.99,-6.67544,10972
5.61,-5.985606,10972
5.56,-2.6361778,10972
5.3,-2.10986,10972
5.3,-4.193295,10972
5.3,-4.7814217,10972
5.3,-8.007838,10972
5.3,-1.5758775,10972
5.3,-6.241801,10972
5.3,-3.0615957,10972
5.3,-2.168758,10972
5.3,-5.558346,10972
7.75,-2.483136,3986
7.44,0.70258605,3986
8.28,-3.7684062,6456
8.28,1.5176858,6456
7.62,-1.4881877,6456
7.48,0.57508945,6456
7.47,-0.42899236,6456
7.47,-0.42249194,6456
7.46,-1.4843502,6456
7.44,-2.640692,6456
7.41,2.3830626,6456
7.26,2.3209684,6456
7.23,-2.1761296,6456
7.2,2.8658376,6456
7.2,-3.6510537,6456
7.14,-0.5331186,6456
7.13,2.3830626,6456
7.11,0.021746958,6456
7.01,0.6885078,6456
7.0,1.1066741,6456
6.96,-2.0222354,6456
6.85,3.035072,6456
6.82,2.6108918,6456
6.8,0.021746958,6456
6.75,0.45886743,6456
6.66,-2.2596304,6456
6.54,0.22531042,6456
6.52,-1.3258485,6456
6.48,-1.8974526,6456
6.47,-0.00045459345,6456
6.47,-5.105268,6456
6.39,-2.8763018,6456
6.37,0.6885078,6456
6.35,-0.932431,6456
6.34,-7.2194076,6456
6.34,-2.7037303,6456
6.31,2.5668097,6456
6.23,1.0555501,6456
6.2,-2.5014992,6456
6.16,-2.7600965,6456
6.13,-1.1631233,6456
6.0,1.0555501,6456
6.0,-2.3781297,6456
5.92,0.051470112,6456
5.92,-0.60792005,6456
5.82,-2.0330472,6456
5.75,-1.7971103,6456
5.72,1.7616229,6456
5.66,0.051470112,6456
5.64,-2.912721,6456
5.6,-5.330469,6456
5.48,-2.785901,6456
5.44,-1.6712313,6456
5.4,-2.3994145,6456
5.39,-1.198934,6456
5.38,-2.6324086,6456
5.32,-0.871401,6456
5.31,-1.8612171,6456
5.23,0.021746958,6456
5.15,-4.446125,6456
5.13,-1.3028618,6456
5.08,-5.268954,6456
5.06,-1.6214033,6456
5.06,1.7616229,6456
5.0,-2.912721,6456
4.96,3.1968033,6456
4.92,-1.2373465,6456
4.8,1.3649502,6456
4.8,-4.593618,6456
4.7,-1.8571321,6456
4.7,-3.5894263,6456
4.66,-2.6093466,6456
4.64,-0.4966471,6456
4.43,-2.7628994,6456
4.11,0.90756166,6456
4.02,0.26080397,6456
7.96,3.4415326,2196
8.7,4.4803467,3770
8.52,3.9353726,3770
8.52,4.4803467,3770
8.4,3.133507,3770
8.4,3.681436,3770
8.4,3.8477604,3770
8.4,1.2637631,3770
8.4,2.5621903,3770
8.3,4.161814,3770
8.3,1.1760964,3770
8.3,3.2320073,3770
8.22,3.5301797,3770
8.22,4.918093,3770
8.15,5.08684,3770
8.15,2.989108,3770
8.15,3.6709044,3770
8.1,1.2637631,3770
8.05,-0.38243985,3770
8.0,2.6902125,3770
7.92,3.8279045,3770
7.89,4.395853,3770
7.8,2.107892,3770
7.52,1.4619619,3770
7.51,0.023974013,3770
7.51,-1.8589876,3770
7.39,0.34320933,3770
7.38,1.4992989,3770
6.83,-2.0306704,3770
6.74,-2.936119,3770
6.56,1.2637631,3770
5.92,-3.8043747,3770
5.88,-3.6203415,3770
5.56,-5.7620244,3770
8.96,4.697757,1354
7.52,2.1665037,16111
7.52,-0.2616741,16111
7.0,3.963989,16111
6.82,0.61608034,16111
6.7,3.3220923,16111
6.4,1.1132433,16111
6.3,-1.3516356,16111
6.3,1.6461092,16111
6.16,0.6791226,16111
6.0,-0.120130956,16111
5.92,-0.9273819,16111
5.92,-1.1813242,16111
5.43,1.2955962,16111
5.42,1.2293646,16111
5.3,0.27682418,16111
4.52,-0.55316484,16111
7.92,2.2761767,11682
5.43,-1.4988796,11682
8.82,-0.34824437,4918
7.96,0.37410054,4918
6.0,-3.6384802,4918
5.11,-2.33549,5735
6.89,-5.857074,3727
6.66,-1.7354846,3727
6.46,-4.034415,3727
5.96,-2.014927,3727
5.89,-0.61828667,3727
5.89,-7.5088162,3727
5.77,-3.3943186,3727
5.75,-1.3530118,3727
5.72,-3.8284287,3727
5.68,-4.6432595,3727
9.07,0.7627095,14414
8.88,3.4384599,14414
8.85,4.440663,14414
8.57,1.7731545,14414
8.49,4.862778,14414
8.48,-0.52524155,14414
8.45,-1.1575264,14414
8.42,1.3375088,14414
8.42,1.7731545,14414
8.34,3.862707,14414
8.27,-0.72335935,14414
8.2,0.7627095,14414
8.02,-0.9913144,14414
7.25,3.941491,14414
7.19,0.5608332,14414
7.13,3.862707,14414
7.3,-5.900464,16105
6.52,-5.607919,16105
6.71,1.987057,17097
6.6,0.71671313,17097
6.25,1.4811237,17097
6.21,-0.31660822,17097
6.16,0.89299196,17097
6.12,1.5049024,17097
6.09,-1.1403737,17097
6.09,1.7888097,17097
6.08,1.1042231,17097
6.08,-0.87170583,17097
6.08,-0.4962243,17097
6.06,2.1718645,17097
6.05,-0.13003367,17097
6.02,1.4294401,17097
6.02,3.846512,17097
5.92,-2.0017214,17097
5.92,3.8895698,17097
5.87,1.099506,17097
5.83,1.2418729,17097
5.83,1.7962865,17097
5.77,0.40056902,17097
5.75,0.94346476,17097
5.73,3.3170824,17097
5.64,2.4686308,17097
5.63,2.365264,17097
5.61,2.641885,17097
5.54,2.9947577,17097
5.51,0.49991193,17097
5.45,4.1650004,17097
5.45,3.7127993,17097
5.25,0.47536638,17097
5.19,-0.37296444,17097
5.06,1.6761689,17097
4.9,3.0945995,17097
4.86,-2.46268,17097
4.85,3.158886,17097
4.54,2.6331723,17097
7.72,1.8749137,10924
5.47,-4.673859,10924
5.39,-4.8345776,10924
5.37,-5.121082,10924
5.37,-2.3856573,10924
5.34,-4.4974384,10924
5.32,-3.3577924,10924
5.39,-0.5777342,1085
6.92,-1.4670609,3187
5.52,-4.0011225,3187
6.92,-4.674964,6693
6.01,-2.8701172,6693
5.66,1.6685278,6693
5.47,-2.3165674,6693
4.52,-8.465613,1310
4.42,-7.466483,1310
7.6,-7.674234,2798
7.1,-7.858623,2798
6.36,-7.8672576,2798
6.2,-4.681335,2798
4.66,-6.40194,2798
7.48,1.3682268,4583
4.85,-2.8459344,10126
8.62,2.1020632,2479
8.54,-1.1524752,2479
8.42,0.6127807,2479
8.15,-1.9178519,2479
8.0,-0.9256917,2479
7.89,-2.224693,2479
7.8,2.4414575,2479
7.52,-1.1662672,2479
7.41,-0.25646868,2479
7.35,-1.373781,2479
7.1,-0.7787578,2479
6.96,0.6232464,2479
6.89,-0.07848032,2479
6.82,0.5983098,2479
6.72,3.961348,2479
6.44,-2.771489,2479
6.41,-1.2540305,2479
6.28,-1.4798919,2479
6.21,-0.63420266,2479
6.21,-0.6454828,2479
6.02,-3.03835,2479
5.96,3.2566593,2479
5.92,-3.377732,2479
5.8,0.7038931,2479
5.58,1.1510986,2479
6.25,0.757713,5724
6.66,-4.037413,691
6.41,-4.11427,691
6.25,-1.3976873,691
6.0,-4.8644204,691
5.99,-0.07918744,691
5.96,-4.090113,691
5.85,-3.535305,691
5.77,-4.604487,691
5.72,-4.5599546,691
5.52,-5.709006,691
5.43,-6.8514132,691
5.36,-5.334842,691
6.22,-7.7678266,16484
6.1,-6.4210267,16484
6.1,-6.1622105,16484
6.1,-6.001456,16484
6.05,-8.975243,16484
6.0,-5.0236363,16484
6.0,-8.232715,16484
6.0,-10.178278,16484
5.96,-6.4455085,16484
8.0,3.5539703,15494
7.22,0.017969444,15494
7.0,-0.94242597,15494
6.85,-4.7992907,15494
6.85,-4.2609525,15494
6.8,-0.31413576,15494
6.77,0.75146365,15494
6.35,-4.787418,15494
6.26,-4.3901753,15494
6.21,1.9348925,15494
6.0,-0.7387026,15494
5.92,2.0160468,15494
5.85,-3.1966488,15494
5.82,-1.646791,15494
5.68,1.012292,15494
5.65,-0.50883985,15494
5.62,-3.9801285,15494
5.51,-0.28311002,15494
5.38,-0.032278594,15494
5.22,-1.8197935,15494
4.98,-4.1033883,15494
7.12,1.1885723,7363
7.66,-2.8569822,4640
8.15,1.6066381,8172
6.03,-2.2773283,10234
8.15,5.5548916,10823
6.77,2.794425,10823
6.75,1.4681106,10823
6.72,5.3015637,10823
6.56,0.48017615,10823
6.49,2.1275122,10823
6.36,0.84608865,10823
6.28,1.3263594,10823
5.97,4.2187753,10823
5.9,4.1785808,10823
5.63,0.19960327,10823
5.55,3.124252,10823
5.49,4.0663204,10823
5.38,3.766966,10823
5.21,-5.831575,10823
5.05,0.20152773,10823
5.05,-2.0649328,10823
4.95,1.1312068,10823
7.22,4.090795,4516
7.0,3.0285323,4516
8.81,3.1930356,11322
8.5,1.3001069,11322
8.28,1.1942607,11322
8.21,-0.8398866,11322
8.09,0.57626337,11322
8.06,2.611194,11322
7.65,-0.74151,11322
7.56,-1.7929791,11322
7.54,2.186497,11322
7.5,1.3057756,11322
7.47,-2.2194326,11322
7.45,4.150093,11322
7.43,1.3365618,11322
7.33,-0.7774213,11322
6.97,-2.210924,11322
6.9,0.3017369,11322
6.82,-2.590811,11322
6.78,-2.4800084,11322
6.76,0.4972597,11322
6.74,1.0521047,11322
6.59,-0.99017274,11322
6.51,1.4084868,11322
6.46,-0.47130033,11322
6.42,-2.759143,11322
5.98,1.9198439,11322
5.95,1.1524602,11322
5.88,0.91860175,11322
5.82,0.61598516,11322
5.76,1.2730657,11322
5.73,0.7735249,11322
5.54,-0.5688242,11322
5.53,0.4016279,11322
5.45,-1.3908626,11322
5.36,2.3456488,11322
5.26,-0.9683089,11322
6.96,3.153806,2353
7.89,0.9913058,10567
7.12,1.9981636,10567
6.89,1.6214498,10567
6.89,-1.6528877,10567
6.68,2.8305213,10567
6.52,1.6214498,10567
6.39,-2.9370308,10567
6.1,-2.714615,10567
5.99,-1.2891574,10567
5.96,0.53460956,10567
5.77,-6.920758,10567
5.64,-3.874756,10567
7.42,0.75875044,8956
6.0,-4.0621495,7122
5.96,1.6307758,7122
5.92,-0.65955937,7122
5.92,-3.4323888,7122
5.89,-6.3856244,7122
5.68,0.026270028,7122
5.64,-2.5649934,7122
5.5,-2.6047904,7122
5.46,-0.7652374,7122
5.28,-1.3662664,7122
5.28,-5.509715,7122
5.28,-5.255462,7122
5.24,-1.7035793,7122
5.24,-5.2656393,7122
5.21,-5.545765,7122
5.16,-3.6931503,7122
5.12,-5.430042,7122
5.11,-6.067266,7122
5.1,-3.7163599,7122
5.09,-4.6960607,7122
5.08,-5.200929,7122
5.07,-2.7253604,7122
5.04,-4.423692,7122
4.94,-4.093629,7122
4.91,-2.5807898,7122
4.89,-3.0871284,7122
4.86,-3.4603846,7122
4.7,-4.3944254,7122
6.71,-1.5189093,15961
6.52,2.0169754,15961
6.48,-1.2196952,15961
6.48,-0.9076408,15961
6.38,1.2942243,15961
6.34,-0.9752338,15961
6.33,-2.9474335,15961
6.25,-2.1912007,15961
6.25,-3.278916,15961
6.21,0.6352097,15961
6.15,-0.4619712,15961
6.15,-1.2412624,15961
6.14,-0.7588914,15961
6.02,-3.259039,15961
6.01,-2.3062353,15961
6.0,-2.601313,15961
5.73,-2.333773,15961
5.73,-2.61759,15961
5.36,-3.4688728,15961
9.0,3.212457,170
8.7,-2.4060564,170
8.7,-3.160086,170
8.7,3.3341978,170
8.7,0.7547605,170
8.7,2.2301018,170
8.52,-0.045205947,170
8.52,3.3341978,170
8.52,-3.1319366,170
8.52,-1.8907944,170
8.4,2.0265453,170
8.4,2.4396832,170
8.3,0.96900433,170
8.3,3.3341978,170
8.3,2.6664693,170
8.22,-1.305221,170
8.22,0.87643623,170
8.22,-4.924904,170
8.15,-0.7783654,170
8.1,3.7012806,170
8.0,-2.2676713,170
8.0,-0.11200009,170
8.0,3.935396,170
7.96,1.97449,170
7.92,3.7218876,170
7.92,0.62671393,170
7.89,-1.325711,170
7.72,0.16163203,170
7.7,-3.2095022,170
7.62,0.9814147,170
7.58,1.8161772,170
7.5,-3.1457386,170
7.36,0.1838447,170
7.28,2.483794,170
7.19,0.561573,170
8.7,3.3825824,4795
8.15,1.2689393,4795
8.1,-1.2046266,4795
7.62,-0.0046368353,4795
7.54,-0.24758469,4795
7.3,-0.36568066,4795
6.74,-6.040312,4795
6.48,-2.30306,4795
6.39,-7.9980073,4795
6.31,-3.9856713,4795
6.25,-6.4277005,4795
6.07,-5.0046983,4795
4.96,-2.3867648,4795
4.84,1.636096,4795
4.09,-8.772343,4795
8.4,2.3644629,5173
8.1,-3.8019156,5173
7.92,-1.2847557,5173
7.85,-0.049557026,5173
7.37,-0.7280736,5173
7.28,-0.8558383,5173
6.89,-1.2338277,15927
4.69,-3.1134074,16963
8.4,1.1708558,7880
5.45,4.2009616,7880
7.44,3.4832551,14987
5.64,0.27717084,10419
5.6,1.573879,10419
5.26,2.4083235,10419
10.0,4.4758058,336
10.0,5.9748564,336
10.0,6.2529426,336
9.7,3.9089718,336
9.7,5.9706297,336
9.7,5.596204,336
9.7,6.515946,336
9.52,6.8497863,336
9.52,5.714983,336
9.52,3.8824196,336
9.52,0.33727515,336
9.22,5.7564306,336
9.22,1.9037218,336
9.15,3.6000803,336
9.15,5.2148666,336
9.1,3.2420433,336
9.05,3.131898,336
9.05,4.935527,336
9.0,2.65418,336
8.96,4.9969172,336
8.82,3.5210228,336
8.77,6.9039235,336
8.57,-0.3086066,336
8.22,2.9014091,336
7.89,-5.5241213,336
7.29,2.6811256,336
5.96,-1.3978565,7350
7.62,-1.0420179,9454
6.69,0.69314885,9454
5.67,2.7933023,14081
4.75,-3.8385935,16675
4.52,-5.3306413,16675
8.92,5.3549137,7270
8.54,3.50236,7270
7.75,-0.24607594,7270
7.48,-2.751621,7270
7.3,0.54851556,7270
7.16,-0.8593509,7270
6.89,1.8654659,7270
6.8,-2.455868,7270
6.57,-0.3724856,7270
6.35,0.24025615,7270
5.96,-4.4352894,7270
5.72,-3.820462,7270
8.3,-5.101437,11335
8.1,-4.772703,11335
7.9,-1.6728365,11335
7.7,-0.96619487,11335
7.2,-2.8937802,11335
6.8,-3.381984,11335
6.4,-6.1160226,11335
6.1,-4.485877,11335
4.6,-5.860576,16466
7.66,3.089651,2675
7.12,5.5768905,2675
6.71,4.219139,2675
6.69,1.0157259,2675
6.48,2.553176,2675
8.1,1.2912798,1335
7.77,2.310176,1335
7.22,-1.0382823,1335
7.0,-0.46952954,1335
6.68,0.17959343,1335
6.39,-2.3892655,1335
6.33,-0.00037701055,1335
6.28,-0.652672,1335
6.06,-2.4936812,1335
5.82,-1.2184628,1335
5.8,-1.7472352,1335
5.77,-2.9689295,1335
5.7,-4.2958155,1335
5.63,-2.341863,1335
5.6,2.1248717,1335
5.58,-1.8164202,1335
5.58,-3.6095915,1335
5.58,-0.45507503,1335
5.57,-7.2733493,1335
5.56,-1.17515,1335
5.55,-2.9839008,1335
5.54,-0.5653301,1335
5.52,-8.080392,1335
5.47,-5.8247128,1335
5.47,-2.3900342,1335
5.46,-2.8240075,1335
5.46,-6.9546843,1335
5.46,-4.7992563,1335
5.44,-6.593347,1335
5.43,1.6800262,1335
5.41,0.9245452,1335
5.4,-2.275931,1335
5.4,-3.881212,1335
5.39,-0.4270592,1335
5.39,2.6596286,1335
5.39,0.69678366,1335
5.38,-3.2412999,1335
5.36,-5.2827115,1335
5.34,3.6995907,1335
5.33,-2.6433995,1335
5.31,-4.028298,1335
5.31,-3.105347,1335
5.31,-4.7898726,1335
5.3,-1.1052673,1335
5.3,-4.6058474,1335
5.29,-1.6135666,1335
5.29,-5.7796593,1335
5.26,-3.6279953,1335
5.26,-8.016309,1335
5.25,-5.3177996,1335
5.24,-3.1115353,1335
5.24,-3.5316138,1335
5.23,-2.7042265,1335
5.2,-1.5323683,1335
5.14,-6.264648,1335
5.13,0.13666368,1335
5.13,2.189917,1335
5.13,-1.8983909,1335
5.11,1.1022146,1335
5.1,-2.6390798,1335
5.09,-4.926232,1335
5.06,-2.0594864,1335
5.06,2.3900778,1335
5.05,-6.5582123,1335
5.04,-7.299189,1335
5.04,-4.6614294,1335
5.04,-0.5653301,1335
5.03,-1.9953532,1335
5.01,0.2656806,1335
5.0,4.4624324,1335
4.94,1.8409534,1335
4.92,0.8119235,1335
4.92,-4.7297053,1335
4.92,-6.0273547,1335
4.91,-4.463895,1335
4.89,-1.2607907,1335
4.89,-2.6632192,1335
4.89,-2.1295605,1335
4.85,-7.666707,1335
4.85,-5.3392553,1335
4.84,-2.6632192,1335
4.82,-2.7760808,1335
4.75,-3.6855574,1335
4.62,-0.18399929,1335
4.62,-9.33943,1335
4.6,-6.3618712,1335
4.51,-5.767438,1335
4.5,-4.463895,1335
4.4,-1.2796453,1335
4.38,0.7640115,1335
4.0,-1.9168106,1335
4.0,-3.5212774,1335
4.0,-1.3722159,1335
4.0,1.4739223,1335
4.0,-0.92211723,1335
4.0,-4.561647,1335
4.0,-0.41640073,1335
4.0,-2.4409356,1335
4.0,2.3900778,1335
4.0,-4.4450717,1335
4.0,-4.305842,1335
4.0,-0.23787592,1335
4.0,-5.308953,1335
4.0,-4.4153857,1335
4.0,-1.4225368,1335
4.0,-5.758843,1335
4.0,-1.2129894,1335
4.0,-1.2129894,1335
4.0,-9.875002,1335
9.0,3.0970566,13585
9.0,2.8970869,94
9.0,3.1882148,94
9.0,4.4661417,94
9.0,4.4531927,94
8.7,-1.927194,94
8.52,-3.147897,94
8.52,-1.0228233,94
8.4,3.1480684,94
8.1,0.41439492,94
8.1,-4.7872243,94
7.89,2.133991,94
7.75,-3.5168736,94
7.04,4.0675955,94
6.78,4.202384,94
6.65,5.325387,94
5.52,1.4870331,94
8.1,3.7562344,6591
6.67,-2.1723306,740
6.65,-3.612546,740
6.21,-1.813311,740
6.75,2.8740876,1544
6.48,-2.3912933,1544
6.39,-1.639474,10688
6.21,-1.943599,10688
5.9,-2.4190938,10688
7.44,2.2810411,5666
8.7,6.1415296,5305
8.52,5.9009094,5305
8.4,2.6552835,5305
8.4,2.7206523,5305
8.3,5.7806683,5305
8.3,5.4610715,5305
8.22,0.99920744,5305
8.15,6.04569,5305
8.15,3.895242,5305
8.1,3.8803103,5305
8.05,3.825798,5305
8.0,3.5364978,5305
8.0,3.5244038,5305
7.96,2.4972363,5305
7.92,0.39188725,5305
7.89,4.925321,5305
7.8,5.245957,5305
7.72,3.8177202,5305
7.7,6.070445,5305
7.68,4.053637,5305
7.68,4.030796,5305
7.68,-1.0927576,5305
7.57,2.049928,5305
7.55,2.5110478,5305
7.46,2.4076571,5305
7.4,5.957767,5305
7.26,4.6860065,5305
7.05,-0.19555919,5305
6.96,1.8731736,5305
6.14,1.7311766,5305
8.11,-0.6243567,16330
7.42,-2.8485713,16276
7.38,1.221223,16276
7.36,0.7098668,16276
7.21,1.3304403,16276
7.17,-0.11689779,16276
7.14,0.6454193,16276
7.07,-1.8377696,16276
6.66,-0.28632176,16276
6.6,-0.8777409,16276
6.46,-5.833237,16276
6.39,0.4111332,16276
6.39,0.19665945,16276
6.38,0.30045995,16276
6.37,-0.13278857,16276
6.3,-0.5053754,16276
6.3,-0.52972794,16276
6.3,-2.4212875,16276
6.29,1.4719933,16276
6.21,0.06326544,16276
6.19,1.4232645,16276
6.17,-4.47418,16276
6.16,-5.1403227,16276
6.13,-2.9878683,16276
6.1,-0.4848406,16276
6.1,-1.7616777,16276
5.91,-0.6612787,16276
5.86,2.8362668,16276
5.84,-3.6526015,16276
5.84,-1.831738,16276
5.84,0.5108042,16276
5.16,-3.5867267,16276
8.52,-2.3944364,16275
8.4,0.5032712,16275
8.15,-0.31921306,16275
8.1,1.5163493,16275
8.05,0.5032712,16275
8.0,-0.15534748,16275
7.8,-0.24275516,16275
7.72,-2.7414587,16275
7.55,-2.3922455,16275
7.54,1.6269431,16275
7.48,-1.2457234,16275
7.46,1.8783767,16275
7.35,-0.8668169,16275
7.33,-2.6891432,16275
7.28,0.5032712,16275
7.08,-4.3648925,16275
6.98,-1.0468936,16275
6.96,0.75125235,16275
6.96,-3.5763335,16275
6.75,-2.3642223,16275
6.21,-1.8151486,16275
5.58,-1.1959145,16275
9.0,4.301455,4590
6.52,-2.4919467,13219
6.24,-4.964988,13219
6.21,-5.3596745,13219
6.16,-5.1884904,13219
6.07,-1.5264366,13219
6.02,-5.1637836,13219
5.81,-6.298667,13219
5.5,-4.470031,13219
5.05,-5.6958714,13219
4.91,-6.050583,13219
4.89,-6.4641137,13219
4.7,-7.243015,13219
4.64,-6.1482196,13219
4.55,-5.7895837,13219
4.54,-2.0215425,13219
4.42,-8.09681,13219
4.33,-3.8803306,13219
4.24,-9.850592,13219
4.16,-4.851192,13219
3.95,-10.294886,13219
3.88,-5.5824237,13219
3.75,-9.216793,13219
3.73,-6.756062,13219
3.69,-1.8870536,13219
3.68,-5.2711234,13219
3.66,-3.771857,13219
3.64,-0.38926616,13219
3.62,-5.5824237,13219
3.52,-4.148137,13219
3.52,-7.7972875,13219
3.48,-7.143152,13219
3.48,-8.310282,13219
3.44,-8.855929,13219
3.44,-8.703679,13219
3.41,-9.392918,13219
3.37,-0.54656136,13219
3.31,-8.799815,13219
2.73,-4.303141,13219
5.75,1.1998347,13406
7.54,1.6867375,8241
6.28,0.123730615,8241
4.46,-6.9944944,10363
9.49,4.629672,5094
9.35,3.4560232,5094
9.33,3.903707,5094
9.31,3.8027353,5094
9.3,5.310655,5094
9.29,4.483774,5094
9.28,3.6111598,5094
9.25,3.1617208,5094
9.18,9.3126545,5094
9.05,6.637982,5094
8.97,6.3954725,5094
8.93,1.7808092,5094
8.52,2.6518488,5094
8.46,3.5615697,5094
8.31,0.5231234,5094
7.82,3.7801068,5094
7.54,2.0161061,5094
7.42,3.8220456,5094
7.29,0.6582587,5094
8.52,-1.1558746,1725
7.37,-1.899574,14089
5.55,-8.17481,5098
5.54,-4.102793,5098
5.54,-7.7361455,5098
5.51,-7.169925,5098
5.5,-3.561512,5098
5.24,-9.474284,5098
5.24,-6.976578,5098
5.23,-9.909948,5098
5.21,-4.455535,5098
5.21,-8.082418,5098
5.21,-5.698199,5098
5.17,-7.4691935,5098
5.16,-8.866895,5098
5.09,-10.517914,5098
5.05,-7.848453,5098
5.04,-9.444538,5098
5.02,-9.442682,5098
5.01,-9.268064,5098
4.94,-6.140822,5098
4.67,-5.027792,16189
6.1,-2.5202496,10615
6.0,0.73002464,10615
7.77,-0.14025088,155
7.75,1.3984118,155
7.6,-0.41669646,155
7.3,-1.0899552,155
7.27,0.060058165,155
7.18,0.4101008,155
7.15,-2.1319695,155
7.09,-1.835851,155
7.06,-2.595326,155
6.66,-1.8674517,155
9.16,1.8023262,4470
9.16,0.90928257,4470
9.15,-0.08298351,4470
9.09,2.5234425,4470
8.96,2.0079207,4470
8.89,4.773812,4470
8.77,2.5008595,4470
8.77,1.9641074,4470
8.74,-2.6323092,4470
8.55,3.8080983,4470
8.47,3.0655084,4470
8.41,4.041374,4470
8.35,-3.1665788,4470
8.2,0.73112226,4470
7.92,1.984748,4470
7.85,-1.0787823,4470
7.77,-1.421132,4470
7.75,5.349407,4470
7.75,-4.6616464,4470
7.75,-4.6259794,4470
7.72,-1.1253245,4470
7.47,-1.6736412,4470
7.36,0.24389829,4470
7.36,1.0410362,4470
7.3,-1.1948948,4470
7.14,-1.178297,4470
7.08,-0.6345863,4470
6.96,-4.10492,4470
6.8,-1.9859741,4470
6.77,0.57744956,4470
6.7,-2.2577283,4470
6.66,-0.47743997,4470
6.5,-0.9512257,4470
6.42,-2.7936363,4470
6.27,-1.3588593,4470
6.24,-2.8727317,4470
6.22,-4.2611575,4470
6.02,-1.649387,4470
5.95,-4.2038693,4470
5.9,-6.1960936,4470
5.57,1.0457058,4470
4.82,-2.8451407,4470
4.78,-1.5009584,4470
9.0,-1.8225807,7633
7.85,4.892927,4697
7.72,-1.2102729,4697
7.72,1.5922594,4697
7.7,1.8152835,4697
7.7,-1.9033245,4697
7.66,2.0822177,4697
7.54,1.3918085,4697
7.44,0.38292673,4697
7.36,2.3459,4697
7.34,-1.1475222,4697
7.34,-0.31757256,4697
7.28,4.198858,4697
7.08,-1.5784322,4697
6.94,0.19048905,4697
6.88,1.3355544,4697
6.85,-2.1399236,4697
6.76,2.07142,4697
6.73,2.4217224,4697
6.47,3.5472116,4697
6.4,1.7874612,4697
6.39,2.289076,4697
6.37,-0.011035409,4697
6.3,2.0598893,4697
6.83,-6.758123,10733
6.75,-2.4351926,10733
6.55,-3.6616557,10733
6.23,-2.0867844,10733
6.19,-3.2913275,10733
5.95,-3.8212447,10733
5.51,-4.8707356,10733
6.64,0.76561743,13024
8.34,2.5788915,13894
7.76,-0.8042617,13894
7.66,0.7407123,13894
7.54,0.66993266,13894
7.54,2.1007848,13894
7.52,0.8821981,13894
7.49,-0.63340664,13894
7.39,0.6994128,13894
7.39,-0.57530487,13894
7.26,1.624228,13894
7.24,1.3140613,13894
7.21,0.9164176,13894
7.18,-0.38780636,13894
7.06,3.305031,13894
7.04,-0.55157316,13894
7.03,-1.2658516,13894
7.02,-1.0561239,13894
6.98,-0.71949226,13894
6.98,-0.6698899,13894
6.98,-0.13903756,13894
6.88,-0.5023835,13894
6.88,1.4016936,13894
6.81,-1.0163655,13894
6.79,-0.13903756,13894
6.74,-0.80553037,13894
6.7,-2.2051983,13894
6.69,-0.80553037,13894
6.66,-1.3606912,13894
6.47,-1.8519166,13894
6.35,-0.72243255,13894
6.29,-1.8235328,13894
6.24,-1.7298803,13894
6.09,-0.7731687,13894
6.07,-0.5758057,13894
9.19,6.1589036,2334
8.77,3.972043,2334
8.7,1.3236101,2334
7.47,2.338161,2334
7.53,1.1110612,13649
7.94,3.3197021,10588
7.41,4.2351227,10588
7.29,-0.13898428,10588
7.08,-1.6540186,10588
6.9,4.0901327,10588
6.72,4.138802,10588
6.7,4.87884,10588
6.57,4.934296,10588
6.57,4.2937536,10588
6.48,3.1264744,10588
6.36,2.0548542,10588
6.34,3.1083674,10588
6.33,5.0158415,10588
6.1,4.2218657,10588
6.07,4.1224637,10588
8.68,0.738673,12626
8.57,3.8017664,12626
8.48,4.9888797,12626
8.25,-1.450697,12626
8.07,2.4557521,12626
8.03,2.5909867,12626
8.02,3.3259091,12626
7.94,2.123951,12626
7.91,0.5328631,12626
7.91,0.7003424,12626
7.88,-0.62912965,12626
7.8,4.1241965,12626
7.72,0.0191579,12626
7.68,1.623949,12626
7.63,-1.930579,12626
7.57,2.40391,12626
7.56,2.2633855,12626
7.51,0.8178972,12626
7.4,0.34024373,12626
7.38,0.98282593,12626
7.35,4.0011377,12626
7.01,-0.28646937,12626
6.94,2.4048235,12626
6.89,0.93340737,12626
6.85,4.766588,12626
6.59,4.467433,12626
6.49,0.19740762,12626
6.46,-0.9500159,12626
8.72,6.7238064,12927
8.65,2.8757408,12927
8.64,1.9932766,12927
8.5,5.544974,12927
8.44,4.99163,12927
8.4,4.1197743,12927
8.36,4.2115784,12927
8.36,5.6149983,12927
8.32,5.246831,12927
8.22,5.0372434,12927
7.15,2.386367,12927
8.37,5.1774626,855
8.24,2.9690888,855
8.15,2.0256793,855
8.52,0.9793681,15456
8.0,0.9959951,15456
5.68,1.1709427,2261
8.1,2.5212042,12130
7.85,1.9897945,12130
7.8,-0.6126279,12130
7.03,-2.6513486,12130
6.78,-0.6554006,12130
5.93,-3.0786428,12130
7.42,2.4330225,11224
7.13,3.8045588,11224
7.0,1.7228122,11224
6.97,2.8760674,11224
6.92,1.7918822,11224
6.89,2.5576005,11224
6.73,-1.703096,11224
6.73,3.0454214,11224
6.72,0.5789217,11224
6.72,-0.0013258867,11224
6.67,0.86811626,11224
6.58,2.061311,11224
6.54,-3.1007335,11224
6.4,-0.7024461,11224
6.32,4.15747,11224
6.27,2.1930542,11224
6.18,-0.8270948,11224
6.17,-0.85502285,11224
6.14,2.4783087,11224
5.96,-3.5869727,11224
5.96,1.4291465,11224
5.84,0.46489727,11224
5.8,-0.023409817,11224
5.79,2.6745114,11224
5.66,1.8021677,11224
5.57,-0.12759317,11224
5.57,-0.5411215,11224
5.46,3.2406087,11224
5.44,1.0612483,11224
5.36,0.39156243,11224
5.37,-2.0157058,778
5.43,-0.6540193,3619
7.3,-0.031642597,11629
6.35,3.0544167,3965
6.42,-1.0103768,1397
8.7,-4.555953,11821
8.57,1.3701689,11821
8.55,-5.45858,11821
8.46,-1.1522433,11821
8.44,-5.679248,11821
8.44,0.9168575,11821
8.35,-4.6449823,11821
8.3,-2.67199,11821
8.19,-1.241644,11821
8.1,0.7797581,11821
8.05,-3.472328,11821
7.99,-4.522825,11821
7.96,-4.1615133,11821
7.61,-5.294452,11821
7.5,-5.294452,11821
7.38,-5.495213,11821
7.26,-3.0396893,11821
7.2,-2.6581976,11821
6.98,-5.92586,11821
6.4,-1.0940199,11821
6.3,-6.5939736,11821
6.1,-2.780913,11821
5.83,-2.6589136,11821
7.38,1.7444477,14677
7.25,4.4548783,14677
7.24,5.781414,14677
7.2,5.87068,14677
7.2,3.8202393,14677
7.1,2.7207577,14677
6.84,3.441714,14677
6.7,5.3298736,14677
6.67,1.3508545,14677
6.64,2.4199684,14677
6.59,-1.3409574,14677
6.5,-0.16396646,14677
6.47,-0.6296255,14677
6.44,1.1735187,14677
6.41,1.1815374,14677
6.39,3.7820096,14677
6.39,3.1120224,14677
6.35,-2.3011544,14677
6.29,3.085137,14677
6.18,1.9171026,14677
6.16,2.1225345,14677
9.15,4.8776703,4981
9.1,3.125537,4981
8.96,5.8948736,4981
8.92,2.8453338,4981
8.89,3.361523,4981
8.85,4.1696415,4981
8.85,5.3815527,4981
8.8,1.6727115,4981
8.74,2.436749,4981
8.7,3.375485,4981
8.7,2.870041,4981
8.66,3.4502254,4981
8.66,4.684496,4981
8.64,2.9659555,4981
8.62,1.3738286,4981
8.62,2.3990772,4981
8.59,3.3005528,4981
8.47,2.771095,4981
8.44,3.5791345,4981
8.4,2.2537737,4981
8.34,1.6368811,4981
8.31,3.660908,4981
8.2,3.1637065,4981
8.17,4.6140504,4981
8.14,-0.050884973,4981
8.14,3.8804815,4981
6.64,-5.715013,4981
6.0,-2.9452012,4981
5.24,1.9964492,11296
5.21,-2.3793108,11296
5.08,-3.537082,11296
4.75,-6.2068663,11296
6.58,0.8222228,15189
5.51,2.263134,15189
6.57,-0.029444117,9727
6.77,7.006486,14420
6.72,-0.6953179,7109
7.23,2.4849195,8482
7.92,4.1220074,6007
7.92,4.0749736,6007
5.01,-1.9157201,16619
7.92,2.3512952,2696
7.4,-0.14661807,14674
10.05,3.5061445,7297
9.1,8.891457,7297
8.89,3.6463385,7297
8.59,6.4335165,7297
8.49,5.115956,7297
7.96,2.4237783,7297
7.52,1.9353899,7297
7.0,1.2212274,7297
6.96,-3.7246852,7297
6.5,1.3185046,7297
9.27,3.2948766,8936
9.2,3.8503215,8936
4.8,-3.834134,16834
9.82,5.878676,2932
9.6,7.6629367,2932
9.12,4.782873,2932
8.74,5.9474382,2932
8.52,3.260321,2932
8.24,2.7331991,2932
8.09,0.47265464,2932
8.0,-2.111532,2932
8.0,1.4105734,2932
7.89,4.402182,2932
7.89,1.8312647,2932
7.85,0.72244847,2932
7.6,-1.3104103,2932
7.25,-4.0582824,2932
7.25,0.23971903,2932
7.21,-3.228295,2932
7.19,-1.3032418,2932
7.13,-1.2374332,2932
6.92,-2.3307376,2932
6.85,-0.635846,2932
6.77,-1.811956,2932
6.75,-4.0582824,2932
6.7,-3.5164893,2932
6.68,-3.5164893,2932
6.4,-3.0289414,2932
6.28,-4.4614005,2932
6.07,-6.011298,2932
5.85,-5.352579,2932
5.62,-5.592207,2932
5.55,-10.18452,2932
5.35,-4.5752115,2932
5.16,-6.240339,2932
5.02,-5.032634,2932
4.55,-7.8350053,2932
9.3,6.6050262,11658
9.3,2.9378061,11658
9.22,4.6685653,11658
8.96,3.9216037,11658
8.96,3.6774013,11658
8.92,5.134326,11658
8.77,5.8144426,11658
8.74,6.543508,11658
8.7,4.8269157,11658
8.68,3.2923768,11658
8.68,4.6686,11658
8.64,6.543508,11658
8.6,4.3020725,11658
8.57,7.490896,11658
8.57,0.43231055,11658
8.52,5.67618,11658
8.47,4.7961416,11658
8.46,5.299531,11658
8.39,5.3750396,11658
8.37,4.9013095,11658
8.36,3.5819368,11658
8.31,5.279891,11658
8.27,6.9795585,11658
8.26,5.262926,11658
8.24,5.9211054,11658
8.22,6.701539,11658
8.21,2.8163188,11658
8.16,4.299946,11658
8.16,5.3938155,11658
8.1,3.8988595,11658
8.08,6.7392807,11658
8.08,3.4765344,11658
8.0,6.116647,11658
7.94,5.561519,11658
7.86,4.931608,11658
7.71,4.947073,11658
7.71,3.9516733,11658
7.71,5.048682,11658
7.68,4.00112,11658
7.64,2.8279796,11658
7.59,3.224621,11658
7.59,2.888113,11658
7.52,5.2486753,11658
5.99,1.5646027,13638
6.28,-2.905691,15744
5.99,-1.2432278,15744
5.95,-2.6732578,15744
5.83,-3.2089527,15744
4.89,-1.2006379,10121
7.44,-2.166947,13178
9.1,6.6971445,731
9.1,6.0024757,731
9.0,1.5840796,731
9.0,6.131351,731
9.0,1.9026115,731
8.52,1.4224689,731
8.1,5.518817,731
8.0,0.06950317,731
8.0,4.9456344,731
7.89,5.9067464,731
7.82,-1.2194397,731
7.82,2.3253539,731
7.3,-1.1454155,731
7.3,-1.7541021,731
7.2,1.1918808,731
7.1,-1.8859656,731
7.1,2.4846256,731
7.0,0.570049,731
6.3,1.4334636,731
6.14,-2.0281072,731
4.34,0.5547146,17895
4.31,3.7666357,17895
9.0,3.9615166,6640
8.22,1.7186409,2411
8.1,2.9312267,2411
8.1,5.7728868,2411
8.0,-1.3018758,2411
7.77,-1.3681211,2411
7.75,2.3928611,2411
7.72,-4.4221153,2411
7.46,0.9062092,2411
7.46,-2.97744,2411
6.93,-0.41820064,2411
6.54,-9.669249,2411
6.53,-0.18441021,2411
6.53,-2.1424127,2411
6.53,2.051266,2411
6.47,-2.6586137,2411
6.46,0.9159182,2411
5.78,-3.4575083,2411
5.46,0.95116466,2411
5.42,-8.738879,2411
7.1,1.015629,5684
6.68,-1.5549067,5684
6.64,0.66165257,5684
6.22,2.3174064,5684
6.0,0.24405082,5684
5.89,-0.41945615,5684
5.85,-1.185538,5684
5.72,0.61737376,5684
5.52,-3.3685014,5684
5.31,-0.9041509,5684
4.5,-4.388252,622
5.96,-5.6167307,15837
5.92,-1.5670391,15837
5.66,2.15623,15837
5.48,1.5273888,15837
7.7,-1.3720849,11590
6.7,-5.002974,16305
6.52,-4.079351,16305
5.02,0.060780525,14554
8.3,-4.7182336,7426
8.4,4.167533,5960
8.1,-1.9656944,5960
8.1,4.098946,5960
8.05,-0.93893355,5960
7.96,-3.2672815,5960
7.92,-2.5612514,5960
7.82,-1.0909481,5960
7.8,1.1316638,5960
7.75,-2.2156925,5960
7.47,-1.301635,5960
7.04,-0.5165265,5960
6.51,-3.5625238,5960
6.3,-4.272815,5960
6.22,-8.928537,5960
6.15,-9.556099,5960
5.94,-4.7909718,5960
5.94,-6.5763497,5960
5.5,-4.066029,5960
5.46,-5.083361,5960
5.42,-3.4360428,5960
5.02,-8.060591,5960
6.0,0.27109045,8353
5.74,-2.0833359,8353
5.67,-3.4619324,8353
6.63,2.1585352,10466
7.39,1.248978,5943
6.33,-0.6382959,5943
5.98,0.023204664,5943
7.75,-1.5531365,9482
7.62,-4.388016,9482
7.53,3.5111716,9482
7.37,-1.4463623,9482
7.2,-4.946553,9482
8.15,3.334662,2656
7.5,1.7023929,2656
7.66,2.6030104,15499
7.4,2.917941,15499
7.26,2.0055366,15499
7.0,-1.6182312,15499
6.39,-3.6328595,15499
6.38,-1.2540859,15499
8.85,3.010426,4866
8.72,3.070439,4866
8.4,4.444746,17290
5.6,-4.3696504,17433
5.21,-2.8734586,17433
7.39,3.2929265,3293
7.0,0.25035283,3293
6.74,3.7757244,3293
6.47,1.2252824,3293
6.45,0.33065075,3293
6.41,2.3806784,3293
6.38,1.0367572,3293
6.36,1.0298383,3293
6.34,1.334532,3293
6.27,0.6347589,3293
6.27,1.4765867,3293
6.26,0.6582976,3293
6.25,0.28494307,3293
6.2,0.6998363,3293
6.13,1.6548688,3293
6.09,0.70254767,3293
5.99,0.887664,3293
5.99,-0.24832825,3293
5.97,0.10484278,3293
5.96,-0.94921166,3293
5.95,-1.4803025,3293
5.93,0.31847486,3293
5.92,-3.4720795,3293
5.9,-2.3666832,3293
5.88,-0.53847575,3293
5.87,-0.5427908,3293
5.85,-1.5310435,3293
5.8,-2.0067995,3293
5.61,0.4899139,3293
5.53,-3.1047244,3293
5.47,-1.5327652,3293
5.38,1.2323732,3293
5.36,-0.87545645,3293
5.08,-4.9809575,3293
7.64,-2.1770997,8802
7.55,-3.8646042,8802
7.37,-2.590039,8802
6.7,-3.5471897,8802
6.6,-2.0564075,8802
6.4,-5.2123938,8802
6.05,-4.0631447,8802
6.0,-5.461907,8802
5.99,-0.084010094,8802
5.6,-1.3017194,8802
5.0,-0.92010593,8802
8.0,0.9671405,15114
7.6,1.0942564,15114
7.3,1.3839896,15114
7.0,-2.7220628,15114
7.0,-1.7760496,15114
8.79,4.041178,4999
8.7,4.865816,4999
8.69,4.240875,4999
8.4,5.245293,4999
8.37,2.1766295,4999
7.87,4.4641266,4999
6.28,1.032462,5348
6.19,1.4310203,5348
5.61,1.0997244,5348
4.39,0.62097794,5348
8.89,2.302201,27
8.74,3.5016122,27
8.51,0.39705282,27
8.42,4.086921,27
7.52,1.207681,27
6.0,-0.6415024,27
6.0,-2.9153357,27
6.38,-0.99680495,8057
5.41,-2.4878922,17671
4.84,-4.5234656,17671
4.63,-8.318513,17671
4.43,-5.7008514,17671
8.96,-3.8062978,5499
8.96,0.6642669,5499
8.92,-1.8995485,5499
8.92,1.3359329,5499
8.85,-0.5027313,5499
8.82,0.6240927,5499
8.77,-0.82486725,5499
8.74,0.2819249,5499
8.72,-3.012791,5499
8.7,1.3181808,5499
8.7,-0.5027313,5499
8.66,0.1403737,5499
8.6,0.6784017,5499
8.59,-0.77418494,5499
8.57,1.3359329,5499
8.57,-0.82486725,5499
8.57,0.5700042,5499
8.57,-0.667862,5499
8.55,-0.30849,5499
8.55,1.781822,5499
8.54,3.086464,5499
8.52,2.173054,5499
8.52,-1.8321451,5499
8.41,0.6642669,5499
8.4,-0.75787854,5499
8.4,-0.060478505,5499
8.39,0.2819249,5499
8.39,1.9244486,5499
8.36,-0.23750003,5499
8.34,-1.8995485,5499
8.32,-0.23750003,5499
8.23,1.430457,5499
8.22,1.3728025,5499
8.14,1.781822,5499
8.13,-0.2129411,5499
8.12,-3.270679,5499
8.11,-5.7909346,5499
8.1,0.68664926,5499
8.08,-0.7526584,5499
8.03,1.8298883,5499
8.0,-0.8068359,5499
7.96,-0.01712041,5499
7.92,-3.6581745,5499
7.89,0.85511124,5499
7.85,-1.6635903,5499
7.8,-0.17927365,5499
7.8,3.8430707,5499
7.77,-1.4653964,5499
7.75,-1.6974411,5499
7.75,2.4014454,5499
7.62,2.2269566,5499
6.64,-2.6773038,5499
6.47,1.2330853,5499
7.32,-2.3293083,6080
7.28,-5.392611,6080
7.16,-8.027036,6080
7.14,-5.547624,6080
7.12,-3.71231,6080
7.08,-1.8108449,6080
7.08,2.594333,6080
7.02,4.718755,6080
7.0,-5.8052316,6080
7.0,-7.286305,6080
6.96,-6.8459086,6080
6.96,-4.550889,6080
6.96,-7.269339,6080
6.96,-7.312994,6080
6.96,-6.724191,6080
6.92,-6.456919,6080
6.92,-1.991673,6080
6.92,-7.238976,6080
6.92,-7.4381475,6080
6.89,-3.9507084,6080
6.89,-1.9613756,6080
6.89,-6.4129505,6080
6.85,-6.156414,6080
6.85,-8.055965,6080
6.85,-6.3844385,6080
6.85,-6.352429,6080
6.85,-7.1578765,6080
6.82,-4.94385,6080
6.82,-4.122893,6080
6.82,-7.973701,6080
6.8,-5.5779014,6080
6.8,-5.0989513,6080
6.8,-6.8311152,6080
6.77,-1.6271724,6080
6.77,-6.547451,6080
6.7,-8.552505,6080
6.7,-4.6840005,6080
6.68,-4.581889,6080
6.66,-5.5249977,6080
6.66,-5.7328906,6080
6.64,-5.279482,6080
6.62,-5.583976,6080
6.62,-7.48824,6080
6.62,-8.031924,6080
6.6,3.0800257,6080
6.58,-5.618932,6080
6.55,-3.917306,6080
6.52,-6.476541,6080
6.51,-1.0777217,6080
6.48,-4.386155,6080
6.47,-2.9267998,6080
6.47,-0.099710226,6080
6.47,-6.913731,6080
6.46,-7.9903255,6080
6.44,-2.063706,6080
6.4,-6.1181083,6080
6.39,-7.4856505,6080
6.38,-5.585756,6080
6.37,-3.1095862,6080
6.36,-3.5883174,6080
6.36,0.798371,6080
6.35,-3.233346,6080
6.34,-3.52236,6080
6.32,-1.9310027,6080
6.31,-7.3524256,6080
6.31,-4.1995864,6080
6.31,-2.0261838,6080
6.3,-1.4741529,6080
6.3,-7.004911,6080
6.28,-4.4952984,6080
6.28,-6.2780337,6080
6.24,-4.136865,6080
6.21,-5.3194585,6080
6.2,-7.5281296,6080
6.2,-1.9347204,6080
6.19,-6.5992994,6080
6.19,-3.1637287,6080
6.19,-0.7229656,6080
6.18,-2.4142776,6080
6.18,-7.4636283,6080
6.17,-2.3670697,6080
6.16,-1.0875574,6080
6.16,-5.5478063,6080
6.16,-6.2887683,6080
6.16,-5.9622536,6080
6.16,-8.56556,6080
6.14,-5.9286113,6080
6.14,-7.7457213,6080
6.14,-5.7265043,6080
6.12,-5.3966193,6080
6.12,-1.744025,6080
6.11,-7.9716134,6080
6.11,-4.994762,6080
6.11,-5.088093,6080
6.11,-8.552944,6080
6.1,-7.1935925,6080
6.1,-6.1469507,6080
6.1,-4.094957,6080
6.1,-4.2994876,6080
6.08,-2.3582869,6080
6.08,-5.769879,6080
6.04,-0.75786155,6080
6.04,-4.8822074,6080
6.03,-4.472413,6080
6.03,-0.84259856,6080
6.02,-3.141886,6080
6.02,-5.9247165,6080
6.02,-0.25959975,6080
6.0,-6.417047,6080
6.0,-8.264399,6080
5.96,-4.8606863,6080
5.96,-4.6188955,6080
5.96,-7.2693915,6080
5.96,-5.8157325,6080
5.92,-6.3308344,6080
5.92,-1.9167328,6080
5.92,-3.4606185,6080
5.92,-2.460488,6080
5.92,-4.2128468,6080
5.92,-3.839428,6080
5.89,-5.63276,6080
5.85,1.4275326,6080
5.85,-0.15582015,6080
5.85,-7.534393,6080
5.85,-5.2850933,6080
5.82,-8.297258,6080
5.8,-8.710487,6080
5.8,-7.746899,6080
5.77,-5.008718,6080
5.75,-6.100603,6080
5.75,-8.021519,6080
5.75,-5.758401,6080
5.75,-7.1091666,6080
5.75,-5.5382266,6080
5.75,-4.504274,6080
5.72,-6.6284995,6080
5.72,-6.9787154,6080
5.72,-3.8886368,6080
5.72,-4.4572353,6080
5.72,-6.5965137,6080
5.72,-7.840898,6080
5.72,-6.439403,6080
5.7,-0.50696856,6080
5.7,-6.9824996,6080
5.68,-7.494012,6080
5.68,-9.202731,6080
5.68,-2.3362837,6080
5.66,-2.937489,6080
5.66,-4.465447,6080
5.64,-5.86733,6080
5.64,-5.4470534,6080
5.6,-7.795995,6080
5.6,-6.535814,6080
5.58,-0.9639205,6080
5.58,-7.6189604,6080
5.57,-5.9334373,6080
5.55,-6.1396422,6080
5.55,-9.139959,6080
5.55,-5.3145695,6080
5.54,-5.397398,6080
5.54,-3.064875,6080
5.52,-5.2862725,6080
5.52,-4.2932677,6080
5.5,-6.5936403,6080
5.47,-6.954348,6080
5.47,-2.5455184,6080
5.47,-1.2523869,6080
5.47,-1.949678,6080
5.47,-5.0022783,6080
5.46,-7.481008,6080
5.42,-2.5452225,6080
5.38,-6.3238997,6080
5.37,-8.980697,6080
5.36,-5.6705575,6080
5.36,-5.4038954,6080
5.35,-7.1326933,6080
5.34,-4.668764,6080
5.33,-9.053333,6080
5.33,-5.6161613,6080
5.32,-0.4938421,6080
5.31,-3.6211417,6080
5.3,-7.431551,6080
5.3,-2.2372553,6080
5.29,-8.175766,6080
5.29,-9.834001,6080
5.28,-3.7078154,6080
5.28,-7.4990063,6080
5.28,-7.433196,6080
5.28,-2.0329883,6080
5.28,2.845878,6080
5.28,-4.8657904,6080
5.26,-6.2705927,6080
5.24,-7.5425725,6080
5.24,-6.303886,6080
5.24,-6.19839,6080
5.24,-5.268991,6080
5.22,-1.7504333,6080
5.22,-3.9526987,6080
5.21,-2.3291762,6080
5.2,-7.524947,6080
5.19,-3.6470942,6080
5.19,-1.5783033,6080
5.18,-5.009891,6080
5.17,-2.179433,6080
5.17,-4.558109,6080
5.16,-5.045098,6080
5.15,-8.519494,6080
5.14,-8.706213,6080
5.14,-2.3804972,6080
5.1,-5.407419,6080
5.1,-7.939526,6080
5.09,-8.341561,6080
5.08,-5.0773063,6080
5.04,-4.297515,6080
5.03,-3.654037,6080
4.89,-6.771997,6080
4.89,-5.360106,6080
4.64,-7.3503747,6080
4.55,-4.5179424,6080
4.54,-7.687392,6080
4.52,-6.984678,6080
4.17,-5.267145,6080
5.83,-9.415497,10
6.0,-4.1737313,17551
5.7,0.4488079,17551
5.52,-8.275744,17551
5.4,-7.761476,17551
7.06,-1.8328055,11804
8.52,-0.06525451,844
8.52,0.5468234,844
8.52,0.7333609,844
8.3,-0.16754131,844
8.22,-0.06525451,844
8.22,0.7333609,844
8.22,-0.73087054,844
8.22,1.8487319,844
8.1,1.1554998,844
8.1,-0.3500145,844
8.1,0.072322674,844
8.05,-2.0878637,844
7.89,-0.14941771,844
7.85,-1.3866737,844
7.82,0.5468234,844
7.82,-0.73087054,844
7.77,0.072322674,844
7.75,-1.3866737,844
7.68,-0.14941771,844
7.22,-0.92275167,844
8.52,4.407946,2623
6.62,5.36586,6368
5.32,-6.800573,4101
4.92,-3.806557,4101
7.3,-2.039192,15100
7.1,-4.4866743,15100
6.89,1.0659367,5120
6.03,0.36486104,5120
7.7,4.364191,6445
7.52,1.06415,6445
7.3,-0.38883886,6445
6.7,3.786383,6445
6.52,-1.5408977,6445
6.22,-4.1043606,15063
9.23,5.0147514,4037
8.79,3.6455834,4037
8.46,0.012201283,4037
8.32,-1.0913587,4037
8.02,-0.68252045,4037
7.96,2.5004356,4037
7.95,1.3869109,4037
7.73,1.4899888,4037
7.72,-1.5633328,4037
7.6,0.77073085,4037
7.43,1.3706862,4037
7.14,2.1043608,4037
6.31,-1.5039585,4037
6.92,0.57039046,6839
5.18,-4.935025,6839
7.72,2.4391663,5901
7.51,2.8660898,5901
7.31,0.93968445,5901
7.28,1.0554262,5901
7.06,2.230485,5901
6.68,-1.8109564,5901
6.44,1.1597605,5901
6.34,-0.65351605,5901
5.42,-4.5708575,5901
5.3,-3.7640157,5901
8.92,3.4027889,7786
8.64,-1.3582679,7786
8.59,-2.741018,7786
8.59,-1.2846224,7786
8.55,-0.18879372,7786
8.54,-1.1771836,7786
8.48,-0.41239503,7786
8.44,0.6453361,7786
8.32,-3.2911954,7786
8.31,-0.2178119,7786
8.26,-4.0893283,7786
8.23,-3.3372588,7786
8.14,2.2389612,7786
8.06,-2.4423807,7786
8.04,2.9163458,7786
8.01,2.9000728,7786
7.96,1.3809919,7786
7.89,-1.022593,7786
7.8,-0.1946155,7786
7.8,2.902057,7786
7.72,-0.92910266,7786
7.66,2.6221268,7786
7.62,1.5300783,7786
7.6,-0.49136326,7786
7.6,-0.66976964,7786
7.57,-0.40209597,7786
7.55,2.290119,7786
7.55,-0.8099433,7786
7.55,2.414878,7786
7.52,-0.0043545105,7786
7.5,0.15327205,7786
7.5,1.3491971,7786
7.47,-2.2188964,7786
7.44,0.4079608,7786
7.44,-1.9661934,7786
7.43,-1.5416508,7786
7.43,0.30600044,7786
7.39,2.9342203,7786
7.39,0.6852787,7786
7.37,-0.14941518,7786
7.36,-2.94405,7786
7.36,0.15327205,7786
7.36,2.0432296,7786
7.36,1.0887364,7786
7.35,-0.70640045,7786
7.35,1.0427582,7786
7.34,-0.85091853,7786
7.34,-3.0994244,7786
7.33,3.3437877,7786
7.31,-1.0027457,7786
7.3,0.15327205,7786
7.28,-0.4643905,7786
7.28,0.76013637,7786
7.26,-2.0563273,7786
7.25,-1.6043235,7786
7.25,-4.190383,7786
7.24,3.3318043,7786
7.23,0.7238975,7786
7.21,4.2322803,7786
7.2,-1.538236,7786
7.19,-2.0651202,7786
7.17,-1.2601366,7786
7.17,-1.2174007,7786
7.14,0.63597375,7786
7.11,-0.006277263,7786
7.1,-1.2790468,7786
7.06,-0.50318027,7786
7.06,-3.0198603,7786
7.04,4.5236735,7786
7.03,-2.4713848,7786
7.02,-3.1304045,7786
7.01,2.7613208,7786
7.01,3.8125384,7786
7.0,0.5679395,7786
7.0,-2.4697056,7786
7.0,-2.0563273,7786
7.0,-0.92910266,7786
7.0,3.1919875,7786
7.0,-1.4383376,7786
7.0,-2.5732877,7786
7.0,0.820133,7786
7.0,-3.2295818,7786
6.96,-1.1503552,7786
6.96,2.4792075,7786
6.96,4.349401,7786
6.96,-3.714317,7786
6.96,-1.0036027,7786
6.96,4.6465664,7786
6.96,0.27988812,7786
6.92,-2.7252774,7786
6.92,-2.1035097,7786
6.92,-0.14173438,7786
6.92,3.192417,7786
6.92,-2.5570035,7786
6.92,1.2659891,7786
6.89,-0.50318027,7786
6.89,-0.4988778,7786
6.89,-0.84982747,7786
6.89,-1.0111564,7786
6.89,-3.0740805,7786
6.89,-1.8591919,7786
6.89,-4.2672334,7786
6.85,-2.368203,7786
6.85,-2.552492,7786
6.85,-1.7101607,7786
6.85,-1.4697161,7786
6.85,0.88686186,7786
6.85,0.2625165,7786
6.85,-4.7698264,7786
6.85,-4.190383,7786
6.82,-1.5416508,7786
6.82,-2.2338533,7786
6.82,1.2429655,7786
6.82,-1.0036027,7786
6.82,-0.33056054,7786
6.82,-3.1304045,7786
6.82,4.9820967,7786
6.82,4.7905855,7786
6.8,2.0890822,7786
6.8,-1.5995582,7786
6.8,-1.4956069,7786
6.8,-1.479033,7786
6.8,-0.14173438,7786
6.8,0.03625922,7786
6.77,0.25135192,7786
6.77,-2.2374952,7786
6.77,-1.1771836,7786
6.77,-2.4103272,7786
6.77,3.5555336,7786
6.75,-0.18947779,7786
6.75,-1.8453519,7786
6.75,-3.375518,7786
6.75,-1.8423039,7786
6.75,-2.8561718,7786
6.75,0.40270603,7786
6.72,-2.7269416,7786
6.72,-4.04455,7786
6.7,0.9987961,7786
6.7,-2.660301,7786
6.7,4.085285,7786
6.7,-4.299841,7786
6.7,1.5694861,7786
6.7,-0.6791514,7786
6.7,-2.3428984,7786
6.68,4.0677857,7786
6.68,2.4754844,7786
6.68,-4.757335,7786
6.68,-0.38396794,7786
6.68,-1.9223053,7786
6.68,-0.28551453,7786
6.64,-3.375518,7786
6.64,-3.5309863,7786
6.64,-2.2170691,7786
6.64,-0.2196434,7786
6.62,-2.5077505,7786
6.62,-4.2672334,7786
6.62,1.241218,7786
6.62,0.38088605,7786
6.6,-3.0994244,7786
6.6,-1.0959709,7786
6.6,2.2585404,7786
6.58,-0.7581918,7786
6.58,1.2080643,7786
6.58,-1.0372959,7786
6.57,-0.5245767,7786
6.57,-2.1046278,7786
6.57,-1.8325245,7786
6.57,0.48243952,7786
6.57,-1.8660349,7786
6.57,2.703959,7786
6.55,0.03130065,7786
6.54,-0.2824088,7786
6.54,2.5176706,7786
6.54,4.0776844,7786
6.54,-4.299841,7786
6.54,-2.8882635,7786
6.52,3.4126291,7786
6.52,0.13342863,7786
6.51,-2.1035097,7786
6.51,-4.042792,7786
6.51,-3.0198603,7786
6.51,-1.6868365,7786
6.51,0.42638353,7786
6.51,-2.884162,7786
6.51,0.34683692,7786
6.51,-0.6026981,7786
6.5,2.2885346,7786
6.5,-3.470953,7786
6.5,-4.5201344,7786
6.5,-2.755989,7786
6.5,-3.038132,7786
6.48,-3.714317,7786
6.48,-0.7581918,7786
6.48,-3.1304495,7786
6.48,-2.8295512,7786
6.48,-2.5877707,7786
6.48,-3.9406888,7786
6.47,-4.0547867,7786
6.47,-3.5422778,7786
6.47,-2.648289,7786
6.47,0.5628074,7786
6.46,-1.493265,7786
6.46,0.29844543,7786
6.46,-0.7581918,7786
6.44,-1.0461534,7786
6.44,2.694064,7786
6.44,-0.2491809,7786
6.44,-0.046874728,7786
6.44,1.3756614,7786
6.43,-4.190383,7786
6.43,-0.5842017,7786
6.43,-1.260856,7786
6.43,-1.8845866,7786
6.43,-1.4156657,7786
6.43,1.7765704,7786
6.42,-2.0048316,7786
6.42,-1.4431037,7786
6.41,-0.03045499,7786
6.41,0.82345057,7786
6.41,-1.8900563,7786
6.4,-1.2034518,7786
6.39,-0.39946556,7786
6.39,-3.9373472,7786
6.39,-1.1304866,7786
6.38,1.8485934,7786
6.38,-0.7411566,7786
6.38,-2.5991724,7786
6.38,-0.3292044,7786
6.37,-0.7509058,7786
6.37,-3.3009162,7786
6.37,-1.0959709,7786
6.36,-4.52087,7786
6.36,-0.17839934,7786
6.36,-1.2220819,7786
6.35,1.6071559,7786
6.35,-3.7012055,7786
6.35,-3.3806326,7786
6.34,-2.6092203,7786
6.34,-0.75240564,7786
6.34,-0.06256138,7786
6.34,-0.071853876,7786
6.33,-0.6083242,7786
6.33,-1.885169,7786
6.32,-0.07322754,7786
6.31,2.2631898,7786
6.31,-2.1340895,7786
6.31,-0.9765265,7786
6.3,-1.1281987,7786
6.3,-1.7121737,7786
6.29,-0.5667704,7786
6.29,-3.669498,7786
6.28,0.96069425,7786
6.28,-3.2577736,7786
6.28,-3.7680967,7786
6.28,0.26511994,7786
6.27,-1.0480796,7786
6.27,-1.301882,7786
6.27,-2.5473878,7786
6.26,-3.5125144,7786
6.26,-3.0265005,7786
6.26,-2.7342877,7786
6.25,-1.3428626,7786
6.24,-3.5991716,7786
6.24,-3.1123927,7786
6.24,-3.1869504,7786
6.24,-0.98249364,7786
6.24,-2.8135636,7786
6.24,-0.36684567,7786
6.24,4.1352696,7786
6.23,-2.6986043,7786
6.23,-1.8694167,7786
6.23,-2.3787248,7786
6.23,-3.2119207,7786
6.21,-1.5898178,7786
6.21,-3.7929897,7786
6.21,-0.79096144,7786
6.21,-0.7905206,7786
6.21,-3.5156534,7786
6.21,-0.72376996,7786
6.21,-2.492387,7786
6.2,1.9402357,7786
6.2,2.2702873,7786
6.19,1.9127355,7786
6.19,0.08418243,7786
6.19,-1.7543811,7786
6.17,-0.5377827,7786
6.17,-2.4465587,7786
6.16,1.6287774,7786
6.15,-1.6950651,7786
6.15,-3.603348,7786
6.15,-3.007631,7786
6.13,0.62548196,7786
6.13,4.3100753,7786
6.12,-2.8881009,7786
6.12,-1.0546358,7786
6.12,-1.022593,7786
6.12,-1.1869755,7786
6.12,-3.6571963,7786
6.11,-0.92910266,7786
6.11,1.8116632,7786
6.11,-2.0529158,7786
6.1,0.7822476,7786
6.1,-2.3697574,7786
6.1,-0.6271202,7786
6.1,-2.7482195,7786
6.09,-1.0027457,7786
6.08,-2.9973407,7786
6.08,-2.5305064,7786
6.07,-1.3570335,7786
6.07,0.9827419,7786
6.07,-0.9414088,7786
6.06,-1.5578007,7786
6.06,-2.8489888,7786
6.06,-2.3697574,7786
6.06,-2.8935392,7786
6.06,-0.9960276,7786
6.05,-0.87960017,7786
6.04,-5.36768,7786
6.04,-1.0822233,7786
6.03,-3.7803495,7786
6.03,-2.4697056,7786
6.02,0.8504444,7786
6.01,-1.2716075,7786
6.01,0.15561716,7786
6.01,3.842348,7786
6.0,-1.9626352,7786
6.0,-0.68984056,7786
5.82,0.68807524,7786
5.66,-3.9021707,7786
5.58,-4.317715,7786
5.39,-3.643009,7786
5.38,-1.9767175,7786
5.28,-3.263767,7786
8.66,2.2141814,6711
8.59,1.4183295,6711
6.19,-4.1506925,6711
7.77,2.846975,8044
7.75,0.88162243,8044
7.66,-0.37873787,8044
7.58,5.016474,8044
7.57,3.385732,8044
7.5,3.2030506,8044
7.48,0.7443309,8044
7.48,2.13161,8044
7.46,2.3736415,8044
7.37,2.09106,8044
7.31,0.9073074,8044
7.31,-0.7885491,8044
7.29,2.7807376,8044
7.29,3.1293645,8044
7.27,4.507539,8044
7.26,4.507539,8044
7.26,3.865529,8044
7.24,1.5527117,8044
7.2,2.305834,8044
7.19,3.865529,8044
7.16,-0.5901817,8044
7.16,2.7490563,8044
6.91,0.57848954,8044
6.91,4.3319993,8044
6.91,2.991336,8044
6.8,-0.7231661,8044
6.48,2.13161,8044
6.26,3.1293645,8044
7.04,-0.9530526,11031
8.4,0.89689916,10425
7.96,-0.40652412,10425
8.0,3.0589023,9812
10.0,6.272225,14126
4.85,-6.9285426,14126
9.0,1.6291201,7904
8.92,2.1978695,7904
8.72,0.07711759,7904
8.52,3.3345313,7904
8.52,3.6374145,7904
8.52,-2.421995,7904
8.51,-1.2651875,7904
8.49,2.4724336,7904
8.49,-0.21274598,7904
8.48,-0.09253463,7904
8.47,2.0434067,7904
8.47,0.114655316,7904
8.46,-0.8168861,7904
8.44,0.035686925,7904
8.41,-2.9840138,7904
8.4,-3.1781209,7904
8.4,0.038319025,7904
8.38,0.86914206,7904
8.31,-1.1305293,7904
8.3,2.5281165,7904
8.22,-3.912947,7904
8.19,-4.407505,7904
8.15,-0.9668503,7904
8.09,-1.9524562,7904
8.06,-1.2550824,7904
8.05,0.826793,7904
8.02,0.1756847,7904
8.0,-0.9066185,7904
7.92,-0.44450688,7904
7.89,-0.2113566,7904
7.89,0.01020975,7904
7.89,0.043741107,7904
7.89,-3.087989,7904
7.89,-4.2045755,7904
7.7,1.3297256,7904
7.66,-3.1683877,7904
7.66,-2.7257204,7904
7.57,1.805857,7904
7.51,-1.2627816,7904
7.51,-2.3167672,7904
7.46,1.1659789,7904
7.44,-1.4048333,7904
7.36,0.16090202,7904
7.16,-4.1183076,7904
7.11,-2.4871397,7904
6.94,1.4779716,7904
6.63,-4.088311,7904
6.19,-2.8495986,7904
6.18,-4.506357,7904
6.06,-0.42527172,9051
6.05,-3.3422325,9051
8.78,1.3665383,4057
7.89,-1.4978487,4057
7.85,-1.164058,4057
6.67,-1.9530534,4057
5.82,-1.2254394,4057
5.69,-3.5066884,4057
5.37,-5.957687,4057
5.27,-3.8541498,4057
4.71,-6.7626953,4057
6.92,-3.2786114,16946
6.85,-2.574911,16946
6.82,-3.994158,16946
6.7,-3.112256,16946
6.68,-8.22625,16946
6.62,-3.4939938,16946
6.6,-1.9156594,16946
6.36,-3.0943484,16946
6.32,-0.735377,16946
6.31,-5.100104,16946
6.29,-5.8808064,16946
6.28,-6.6472464,16946
6.23,-2.6853037,16946
6.12,-1.860968,16946
6.03,-4.373418,16946
6.0,-6.085199,16946
5.89,-6.122708,16946
5.8,-5.7858095,16946
5.44,-4.2221985,16946
5.44,-4.0661783,16946
5.3,-5.226735,16946
5.28,-6.7429996,16946
5.19,-4.248362,16946
4.82,-0.96120155,16946
6.98,-1.2508442,12577
5.48,-2.5785491,3685
5.4,-3.3555977,3685
5.09,0.14850435,3685
4.3,-0.4744505,3685
6.68,-3.7965338,12801
8.3,6.6723104,10274
6.63,1.3094454,11558
5.72,3.7792053,17138
4.95,-0.2581711,17138
4.57,-6.224728,17138
6.0,-3.3965766,17572
5.96,-1.7805951,17572
5.52,-7.1631866,17572
6.57,0.39229834,9364
8.4,1.1651717,10129
8.4,-0.9180773,10129
8.3,-2.295826,10129
8.23,2.6285856,10129
8.22,-3.668544,10129
8.15,-0.106673375,10129
8.1,-1.2421722,10129
8.1,-1.6920307,10129
8.1,-3.4421408,10129
8.1,0.4917356,10129
8.1,-2.7235644,10129
7.96,-1.1336609,10129
7.89,0.032396387,10129
7.85,-0.119366676,10129
7.77,0.60852844,10129
7.55,2.0011618,10129
7.51,3.8008623,10129
7.04,-0.77106935,10129
6.79,0.014639819,10129
6.78,0.2586857,10129
6.46,1.1651717,10129
6.29,-5.2699966,3565
7.58,3.5965836,5139
7.36,3.3016012,5139
7.19,1.8317393,5139
6.85,-3.0357866,5139
6.75,2.2649388,5139
6.43,0.69564307,5139
6.33,-3.4492323,5139
6.28,1.915262,5139
6.2,-3.4861825,5139
8.82,-2.3545554,5462
8.24,-0.41409704,5462
7.55,-0.92006767,5462
6.12,-3.0280414,5462
5.85,-5.42224,5462
6.52,-2.0730205,5023
6.4,-4.224588,5023
6.3,-6.3656554,5023
6.3,-3.1967633,5023
6.3,-4.3137555,5023
6.22,-2.9335823,5023
6.16,2.0313258,5023
6.16,-1.5366101,5023
6.14,0.22077034,5023
6.05,-1.7926179,5023
5.82,-6.189944,5023
5.68,-6.5992827,5023
5.66,-10.086333,5023
5.46,-9.980679,5023
5.46,-7.298553,5023
5.28,-10.410248,5023
5.27,-9.492272,5023
5.21,-5.1680036,5023
5.06,-6.898573,5023
5.03,-7.8841934,5023
4.94,-5.1041546,5023
4.9,-4.2145476,5023
4.9,-7.6712337,5023
4.8,-3.7931786,5023
4.54,-7.5226936,5023
8.15,5.862708,5335
7.17,-0.07631017,5335
7.33,-0.5219705,14620
6.03,0.10582334,176
7.3,-0.0447503,15315
7.22,-1.225613,15315
7.0,-0.84662086,15315
6.7,0.33692077,15315
6.7,-0.9966403,15315
6.52,-1.0825619,15315
6.4,2.8221157,15315
6.4,-1.2099333,15315
6.4,-1.5400686,15315
6.4,0.35296395,15315
6.3,0.29478323,15315
6.22,-1.4710656,15315
6.16,-1.8318138,15315
6.1,-1.1715876,15315
5.92,-1.8900831,15315
5.85,-0.0031261034,15315
4.0,-3.3201115,935
5.88,-5.614779,12992
7.68,1.084564,12234
7.03,1.438402,12234
5.74,3.8112187,12860
9.22,6.1945004,16967
9.15,-2.1612966,16967
9.15,0.24622516,16967
9.11,2.2565453,16967
9.05,2.3852572,16967
9.0,-1.1166924,16967
9.0,4.1497984,16967
8.77,2.7590532,16967
8.52,0.5874871,16967
8.2,5.999902,16967
8.0,2.4698806,16967
7.96,4.2116485,16967
7.77,5.1188345,16967
7.68,1.457705,16967
7.6,4.81003,16967
7.28,-0.12207313,16967
7.2,1.9022552,16967
7.19,2.5385194,16967
7.15,-0.05772982,16967
7.1,1.5219344,16967
7.08,1.2841649,16967
6.14,-0.024537973,16967
8.3,-2.1610825,15507
7.62,-4.2366505,15507
7.55,-5.183576,15507
7.48,-4.9446692,15507
7.42,-5.675897,15507
7.36,-3.6355681,15507
7.36,-4.888623,15507
6.51,-7.1718426,15507
4.88,-8.141064,12005
5.76,-3.9070842,14924
7.58,-2.626313,994
4.52,-3.7255201,17224
7.14,0.81904995,4477
7.11,-0.2907726,4477
6.96,0.81904995,4477
7.64,-3.4301279,15312
7.4,-2.674945,15312
7.27,-2.8204534,15312
7.2,-3.602183,15312
7.16,-1.2931871,15312
7.15,-1.586764,15312
7.15,-2.1032383,15312
7.0,0.37314367,15312
6.89,1.2737734,15312
6.72,-7.465775,15312
6.7,-4.2751975,15312
6.7,1.6808933,15312
6.7,-4.119485,15312
6.58,0.5259648,15312
6.46,-1.7169353,15312
6.36,-4.9057527,15312
6.11,-5.7735157,15312
5.47,4.8971457,15312
5.34,-1.319064,15312
5.05,-4.7271323,15312
8.55,2.003684,7212
8.37,0.97217244,7212
8.19,0.28716636,7212
7.96,0.99366033,7212
7.82,-0.732008,7212
7.82,-1.8875515,7212
7.7,1.0655102,7212
7.31,-1.789543,7212
7.24,-0.17997958,7212
6.96,-0.23389073,7212
6.96,-1.2014537,7212
6.92,-2.4401126,7212
6.51,-2.5080116,7212
6.48,1.9150977,7212
6.47,-2.0179818,7212
6.25,-2.726019,7212
5.62,-4.112429,7212
5.48,-5.576598,7212
5.62,-6.2257223,9767
7.85,2.228683,8109
7.3,0.3068787,7617
7.3,0.30338207,7617
7.3,0.19366665,7617
7.3,0.7583204,7617
7.3,1.2260745,7617
7.3,0.52635777,7617
7.3,1.0499152,7617
7.3,-0.71771616,7617
7.3,0.26375505,7617
7.3,-1.0530096,7617
7.3,0.44540635,7617
7.3,1.2876333,7617
7.3,-0.17937888,7617
7.3,0.1624672,7617
7.3,1.4211227,7617
7.3,0.52516866,7617
7.3,-0.60857165,7617
7.3,-0.0028279051,7617
7.3,-0.62074965,7617
7.3,-0.61186624,7617
7.3,-0.43160796,7617
7.3,1.5836397,7617
7.3,0.29528654,7617
7.3,1.7969692,7617
7.3,1.0324178,7617
7.3,-1.2514449,7617
7.3,1.4546834,7617
7.3,1.1499026,7617
7.3,0.2559561,7617
7.3,0.88360476,7617
7.3,-0.09856866,7617
7.3,0.7886242,7617
7.3,1.0557936,7617
7.3,-0.12660939,7617
7.3,0.34713024,7617
7.3,-0.8294434,7617
7.3,0.004732687,7617
7.3,-1.489297,7617
7.3,1.0057371,7617
7.3,-2.6533914,7617
7.3,0.04380247,7617
7.3,1.1370001,7617
7.3,-1.0114738,7617
7.3,-0.30352655,7617
7.3,1.2390047,7617
7.3,1.4792217,7617
7.3,0.53915894,7617
7.3,0.7520711,7617
7.3,1.0210352,7617
7.3,0.19907904,7617
7.3,-0.44354028,7617
7.3,-1.4794086,7617
7.3,-0.092405766,7617
7.3,0.6424556,7617
7.3,0.6819953,7617
7.3,-0.64308053,7617
7.3,0.71299374,7617
7.3,0.87112033,7617
7.3,-0.00871551,7617
7.3,0.59911585,7617
7.3,0.006260546,7617
7.3,0.81491303,7617
7.3,0.054473348,7617
7.3,0.47004297,7617
7.3,0.639313,7617
7.3,0.91107357,7617
7.3,2.2882001,7617
7.3,-0.4320484,7617
7.3,-0.009154189,7617
7.3,-0.9402932,7617
7.3,-0.3360332,7617
7.3,0.7307041,7617
7.3,1.245125,7617
7.3,-0.3857157,7617
7.3,0.0037555136,7617
7.3,-0.2574303,7617
7.3,1.4282076,7617
7.3,1.057929,7617
7.3,0.58281845,7617
7.3,1.9873765,7617
7.3,-0.7260779,7617
7.3,1.4888667,7617
7.3,-0.5369899,7617
7.3,-2.9110334,7617
7.3,-0.06033219,7617
7.3,-1.935095,7617
7.3,0.1847169,7617
7.3,-0.8504518,7617
7.3,1.0867527,7617
7.3,0.80190843,7617
7.3,1.4723113,7617
7.3,-1.047091,7617
7.3,0.80190843,7617
7.3,0.25875473,7617
7.3,-0.7137063,7617
7.3,1.3671929,7617
7.3,0.9339769,7617
7.3,0.5839417,7617
7.3,-0.092494145,7617
7.3,-0.36975837,7617
7.3,0.25249264,7617
7.3,0.5607635,7617
7.3,-3.9042609,7617
7.3,1.9222491,7617
7.3,-1.4080704,7617
7.3,-0.4212543,7617
7.3,1.2195314,7617
7.3,1.4723113,7617
7.3,-1.1058207,7617
7.3,1.0867527,7617
7.3,0.6050654,7617
7.3,-1.0229727,7617
7.3,0.19438899,7617
7.3,1.0387772,7617
7.3,1.1364641,7617
7.3,0.8231566,7617
7.3,0.17996928,7617
7.3,-2.4125519,7617
7.3,-3.7923894,7617
7.3,-0.42489716,7617
7.3,-0.75076646,7617
7.3,-0.7834031,7617
7.3,-1.6800909,7617
7.3,1.4471833,7617
7.3,0.38799033,7617
7.3,0.48676994,7617
7.3,0.9406752,7617
7.3,-0.3144791,7617
7.3,-0.63004535,7617
7.3,-0.5436462,7617
7.3,-0.18252863,7617
7.3,-0.08516464,7617
7.3,0.39716664,7617
7.3,0.2423947,7617
7.3,-0.3172077,7617
7.3,1.2805957,7617
7.3,-0.26984686,7617
7.3,0.42350477,7617
7.3,1.3224511,7617
7.3,-1.3718309,7617
7.3,-0.3740949,7617
7.3,0.26267496,7617
7.3,-0.8143955,7617
7.3,-0.021238223,7617
7.3,0.091420054,7617
7.3,1.707118,7617
7.3,0.20396695,7617
7.3,3.1117883,7617
7.3,2.3055482,7617
7.3,0.7156658,7617
7.3,2.4564028,7617
7.3,1.040579,7617
7.3,-0.01650257,7617
7.3,2.4999282,7617
7.3,0.6757264,7617
7.3,0.5927956,7617
7.3,3.6604683,7617
7.3,4.2994494,7617
7.3,1.2197804,7617
7.3,1.994355,7617
7.3,0.5123794,7617
7.3,1.830931,7617
7.3,4.1249905,7617
7.3,2.2642603,7617
7.3,0.96543217,7617
7.3,2.8480737,7617
7.3,2.241126,7617
7.3,-0.48749408,7617
7.3,1.1467627,7617
7.3,0.39662966,7617
7.3,-2.598306,7617
7.3,-0.3826745,7617
7.3,1.625176,7617
7.3,2.7334108,7617
7.3,0.038061153,7617
7.3,0.060376585,7617
7.3,3.754431,7617
7.3,0.7235263,7617
7.3,1.5738701,7617
7.3,0.9138951,7617
6.0,-4.5123863,7617
6.0,-0.92135715,7617
6.0,0.90987957,7617
6.0,-2.3263564,7617
6.0,-1.9936693,7617
6.0,0.33917794,7617
6.0,0.9008284,7617
6.0,-4.854494,7617
6.0,-4.659847,7617
6.0,-4.9780035,7617
6.0,-1.0388237,7617
6.0,-5.5117936,7617
6.0,0.2849955,7617
6.0,-2.225611,7617
6.0,-1.4208282,7617
6.0,-2.6251986,7617
6.0,1.104736,7617
6.0,-2.8226855,7617
6.0,-5.116585,7617
6.0,0.10757272,7617
6.0,1.2195528,7617
6.0,0.7813997,7617
6.0,-2.8058817,7617
6.0,-0.67552763,7617
6.0,3.1746907,7617
6.0,-0.44942164,7617
6.0,-2.1870718,7617
6.0,-3.94582,7617
6.0,-4.3267107,7617
6.0,-3.8847697,7617
6.0,-3.9764345,7617
6.0,-2.031111,7617
6.0,-5.041298,7617
6.0,0.7780322,7617
6.0,-3.3792508,7617
6.0,-4.82068,7617
6.0,-5.3223596,7617
6.0,-3.5923083,7617
6.0,-3.5058236,7617
6.0,-3.7620704,7617
6.0,-3.5451596,7617
6.0,-4.3385105,7617
6.0,-4.7865233,7617
6.0,-3.939815,7617
6.0,-1.8610473,7617
6.0,-5.132129,7617
6.0,-5.379237,7617
6.0,-5.0729775,7617
6.0,-6.159863,7617
6.0,-1.7413782,7617
6.0,-2.225611,7617
6.0,-1.9775138,7617
6.0,-1.7313737,7617
6.0,-1.6667868,7617
6.0,-1.787917,7617
6.0,-1.2155973,7617
6.0,-1.2042623,7617
6.0,-2.3583982,7617
6.0,0.2978516,7617
6.0,-2.1973581,7617
6.0,1.1826885,7617
6.0,1.1350294,7617
6.0,-1.2012248,7617
6.0,-2.751495,7617
6.0,-4.3822126,7617
6.0,-0.7461264,7617
6.0,-0.81610984,7617
6.0,0.0818748,7617
6.0,-2.9169576,7617
6.0,-2.8294153,7617
6.0,-0.7581662,7617
6.0,1.7932291,7617
6.0,-1.406213,7617
6.0,-0.7565603,7617
6.0,-0.43033606,7617
6.0,-2.648191,7617
6.0,1.2855959,7617
6.0,-1.5958344,7617
6.0,-0.94448125,7617
6.0,0.8582274,7617
6.0,-5.777783,7617
6.0,-5.6658306,7617
6.0,-3.0417743,7617
6.0,-4.686865,7617
6.0,-3.8140213,7617
6.0,-1.5413278,7617
6.0,-2.9169576,7617
6.0,-1.9718978,7617
6.0,-5.553289,7617
6.0,-1.0004151,7617
6.0,0.35063002,7617
4.54,-1.6040142,15233
4.23,-1.2070497,15233
4.05,-4.31602,15233
4.05,-7.830635,15233
4.02,-7.3935566,15233
4.0,-9.085348,15233
6.67,1.1403599,1098
8.05,1.5930465,16926
7.16,-0.7999696,16926
7.01,1.6262451,16926
5.34,-4.21087,784
8.39,2.6690502,1501
7.38,-1.3287771,1501
7.11,-0.6175512,1501
7.03,-0.9645345,1501
6.95,-3.200546,1501
6.9,1.2590213,1501
6.8,-2.5756242,1501
6.76,0.5608998,1501
6.75,-3.7785718,1501
6.71,2.162225,1501
6.37,-1.1849189,1501
6.23,-0.46021137,1501
6.09,-4.0923896,1501
8.82,3.7644145,10206
7.6,2.2048862,13110
7.48,-6.170913,13110
7.2,0.348065,13110
7.19,-4.2434115,13110
7.12,-0.9839525,13110
7.09,-0.2137459,13110
7.08,-4.2434115,13110
7.07,3.443755,13110
7.05,3.8144557,13110
7.0,1.5803394,13110
6.96,0.728629,13110
6.92,3.1258745,13110
6.92,1.5803394,13110
6.89,4.2003446,13110
6.8,-1.2419298,13110
7.41,-0.3899006,7599
9.0,3.3167546,2826
9.0,-0.5057127,2826
8.52,2.1709533,2826
5.82,0.95867634,13889
5.04,-5.907022,17510
4.77,-7.0210533,17510
4.72,-6.589732,17510
7.3,-3.7926025,6452
7.3,-1.0347106,6452
7.3,0.4309794,6452
7.3,1.3503788,6452
7.3,-0.7430201,6452
7.3,-1.624344,6452
7.3,-0.43261594,6452
7.3,-0.7926563,6452
7.3,-0.36167637,6452
7.3,0.5096855,6452
7.3,-1.9423449,6452
7.3,-1.3214438,6452
7.3,-1.5000005,6452
7.3,-1.6813335,6452
7.3,-2.7188087,6452
7.3,-1.2113936,6452
7.3,-5.149374,6452
7.3,-2.572331,6452
7.3,-3.447693,6452
7.3,-5.0241017,6452
7.3,-2.408485,6452
7.3,-2.604964,6452
7.3,-5.025604,6452
7.3,-2.5999627,6452
7.3,0.55023545,6452
7.3,-0.6829522,6452
7.3,-2.9238842,6452
7.3,-2.3116012,6452
7.3,-1.0825579,6452
7.3,-2.295281,6452
7.3,-2.6225061,6452
7.3,-3.3897917,6452
7.3,-5.052006,6452
7.3,-1.4515598,6452
7.3,-5.546695,6452
7.3,-1.4148021,6452
7.3,-1.0673592,6452
7.3,-2.69696,6452
6.3,-3.044339,6452
6.3,-6.0429893,6452
6.3,-6.3121,6452
6.3,-5.043442,6452
6.3,-2.8515873,6452
6.3,-2.0431118,6452
6.3,-4.221325,6452
6.3,-4.2386518,6452
6.3,-2.3669264,6452
6.3,-3.6077924,6452
7.72,5.0532017,9076
7.14,-3.3871396,9076
6.77,-2.2592504,9076
4.68,3.169315,9076
4.57,1.6474528,9076
8.49,-0.1490647,9936
7.75,2.6440907,9936
7.53,3.3517773,9936
7.37,3.2663248,9936
7.37,-2.1122863,9936
7.24,1.8401545,9936
7.12,0.6344709,9936
7.0,-2.1606817,9936
6.89,-2.150576,9936
8.42,-2.6825414,12503
8.41,-2.4691193,12503
8.4,1.3860224,12503
8.3,-1.1315104,12503
7.89,-4.4884715,12503
7.77,-1.7626935,12503
7.75,-4.2334657,12503
7.68,-2.9296665,12503
7.44,-2.630981,12503
7.06,-2.462668,12503
6.92,-2.9460876,12503
6.63,-1.6498389,12503
6.59,-5.3418827,12503
6.48,0.21842298,12503
8.4,-0.99272156,5804
8.4,1.3965034,5804
8.3,-0.88761455,5804
8.22,1.9160004,5804
8.15,0.89757544,5804
8.1,1.0741502,5804
8.05,-3.295486,5804
8.0,-4.173494,5804
7.89,0.1191397,5804
7.85,-0.73015785,5804
7.16,-3.898949,5804
8.43,1.5224013,12441
8.43,2.7228384,12441
8.42,2.5404048,12441
8.27,4.5934453,12441
8.24,3.5264463,12441
8.21,1.3566078,12441
8.14,3.8011754,12441
8.1,-0.37284917,12441
7.89,0.67615366,12441
7.8,-0.32560167,12441
5.12,-1.532866,12968
7.37,-1.1938945,9751
8.4,0.91912425,15741
7.7,-1.6984923,15741
7.7,-3.112832,15741
7.52,-1.9375291,15741
7.52,-1.6776737,15741
7.52,-1.2051182,15741
7.3,-1.1445519,15741
7.22,-2.3895228,15741
7.16,-2.8842726,15741
7.16,-1.828067,15741
7.05,-1.381369,15741
6.42,-3.04246,15741
6.32,-3.9397407,15741
6.22,-3.325655,15741
6.16,-4.40862,15741
4.92,-3.3814452,15741
4.7,-6.7240953,15741
7.96,0.8873148,15418
7.89,-1.7175757,15418
7.54,-0.6900438,15418
7.52,-0.5263019,15418
7.5,1.1639037,15418
7.48,-0.6152208,15418
7.46,0.5428284,15418
7.41,-1.0301932,15418
7.38,-0.48991224,15418
7.37,-0.6478817,15418
7.36,0.0055863,15418
7.28,-1.0862269,15418
7.25,0.702814,15418
7.06,1.3651147,15418
6.98,0.8602286,15418
6.96,1.3356438,15418
6.92,3.1312575,15418
6.89,-0.31076658,15418
6.89,-1.4358101,15418
6.75,2.0111666,15418
6.6,1.300917,15418
6.54,1.3029661,15418
6.49,-3.578193,15418
6.1,-1.6724197,15418
5.92,0.98000073,15916
6.62,3.8597562,12641
6.48,-0.6224874,12641
6.32,-2.1509888,12641
6.25,4.883698,12641
6.24,1.9981656,12641
6.19,2.1611192,12641
6.14,5.586053,12641
6.11,-0.9875053,12641
6.09,3.5430593,12641
6.02,0.18952183,12641
6.01,3.9283316,12641
5.1,-5.1612945,4614
4.85,-8.052233,4614
4.68,-0.7773296,4614
4.66,-8.420917,4614
4.58,-6.2562623,4614
4.54,-4.647514,4614
4.21,-4.3778024,4614
5.17,1.0304129,366
7.89,5.6865177,13535
7.79,2.5780501,13535
7.6,5.8666277,13535
7.56,5.6865172,13535
7.54,3.666127,13535
7.36,5.272493,13535
6.48,4.701915,2982
8.7,-1.0661366,8801
8.52,0.85368997,8801
8.52,-1.0827914,8801
8.3,-3.199771,8801
8.15,-1.5618593,8801
8.1,-0.69713885,8801
8.05,-2.3732731,8801
6.0,-2.1342428,8801
5.8,-0.1530643,8801
5.47,-0.58652025,8801
5.46,1.6464939,8801
5.44,-2.0429037,8801
5.27,-0.6624157,8801
5.07,0.25234902,8801
4.54,-5.601868,8801
8.49,0.7238064,8394
7.77,1.9535882,8394
7.26,3.094181,8394
6.96,-1.5206448,8394
6.85,2.1429515,8394
6.84,-1.8496974,8394
5.99,-6.213552,8394
7.1,1.54139,17221
6.82,1.5013947,17221
6.68,1.6986009,17221
7.48,2.0787,10525
9.22,-2.0377104,7100
9.0,-1.660018,7100
9.0,-0.06495005,7100
8.46,-5.994359,7100
7.68,-2.5257251,7100
7.57,-3.0409338,7100
7.15,-3.930423,7100
6.94,-3.633918,7100
6.9,-5.361092,7100
6.71,-5.164437,7100
6.52,-5.754402,7100
5.98,-6.2548137,7100
5.61,-4.191089,7100
7.14,7.49455,3013
7.51,0.9474261,2627
6.89,-0.26664245,14233
6.89,0.68178177,14233
6.82,4.7317815,14233
6.79,0.69595504,14233
6.79,1.7057271,14233
6.77,0.9003063,14233
6.73,1.7628636,14233
6.71,-0.5864982,14233
6.56,3.6015763,14233
6.47,-2.6652923,14233
6.4,3.6957712,14233
6.05,-0.58230114,14233
6.03,2.0238683,14233
5.81,1.7845423,14233
5.73,-3.8806036,14233
5.66,1.468117,14233
5.63,2.2931013,14233
5.58,2.6210067,14233
5.56,-3.4103823,14233
5.3,2.4122837,14233
5.23,0.97542274,14233
5.2,1.2476442,14233
5.15,1.0725975,14233
8.0,1.5486169,4250
6.2,-3.022243,4250
8.33,0.94010806,8593
7.8,1.0804096,8593
7.7,2.0406532,8593
7.57,-1.9959786,8593
7.54,-0.6997001,8593
7.21,2.4313393,8593
7.0,-2.559232,8593
6.89,0.4730802,8593
6.82,1.7153013,8593
6.72,1.4613111,8593
6.66,-0.48252818,8593
6.41,-1.724967,8593
7.75,-2.0446723,3811
9.0,1.3207228,6862
9.0,0.5062575,6862
8.7,-0.474157,6862
8.7,-3.3176916,6862
8.52,1.8176854,6862
8.52,4.2126126,6862
8.52,-2.4374049,6862
8.52,1.4536189,6862
8.3,2.6440284,6862
8.3,2.6440277,6862
8.22,2.1345444,6862
8.22,3.4870195,6862
8.22,2.5131729,6862
8.15,3.8773315,6862
8.1,5.58259,6862
8.1,1.5331079,6862
8.1,2.1624231,6862
8.05,5.582591,6862
8.05,1.5331082,6862
8.05,1.7502226,6862
7.92,-0.17281947,6862
7.8,4.6149035,6862
7.7,1.4304374,6862
7.66,0.94984716,6862
7.44,-4.2088857,6862
7.25,2.2544258,6862
6.89,-2.111363,6862
6.4,-2.8062313,6862
6.12,1.0085893,6862
5.17,2.0543985,6862
7.47,-3.1900954,7401
7.01,-1.6716331,7401
6.5,-0.24412017,7401
5.96,-1.0351839,7401
5.96,1.1998891,7401
5.82,-1.6483727,7401
5.8,-0.51506454,7401
5.57,-2.0360706,7401
5.38,-5.164519,7401
5.34,-2.17576,7401
5.21,-3.2362185,7401
5.09,-1.7241311,7401
4.93,-5.9790616,7401
4.92,-3.9523094,7401
4.85,-0.88863564,7401
4.72,-3.755531,7401
4.54,-3.8155725,7401
4.47,-5.1162724,7401
4.39,-3.1742873,7401
4.28,-4.40552,7401
4.24,-2.143567,7401
4.19,-3.4302363,7401
4.1,-4.3113356,7401
7.72,3.3282673,11351
6.26,-2.4868388,11351
5.96,-2.80364,11351
5.82,-1.1069303,11351
7.22,-2.7046244,9550
5.58,-4.1011972,9550
5.57,-3.7155073,9550
5.54,-6.086885,9550
8.1,-0.44846925,2666
7.68,-0.2993811,12123
7.56,-0.6313667,12123
6.98,0.08473526,12123
6.93,0.016847005,12123
6.89,-1.1957344,12123
6.39,1.7454023,12123
6.3,-2.3879685,12123
5.58,-4.6067557,2644
4.9,1.6461798,2644
4.7,-2.4912667,2644
4.66,-4.4132524,2644
4.63,-2.9465353,2644
6.37,3.07277,15013
8.82,6.7538643,10101
8.8,5.53806,10101
3.72,-8.860639,15718
8.52,2.187475,13093
8.05,1.6524314,13093
7.82,1.0397589,13093
7.82,-0.26503617,13093
7.54,1.1379784,13093
7.3,-0.8553628,13093
6.88,-0.5751909,13093
6.74,-0.842687,13093
6.66,-4.0115786,13093
6.36,-1.0399286,13093
6.3,-2.0614188,13093
6.2,-1.5340505,13093
6.13,-5.4393125,13093
6.12,-3.5759926,13093
5.67,-2.2982469,13093
5.26,-0.07790989,13093
7.85,-4.9890313,4070
7.77,1.2534925,4070
7.72,0.43962255,4070
7.57,-0.23172145,4070
7.54,-3.930831,4070
7.5,-1.107097,4070
7.46,-2.549839,4070
7.25,-1.6674132,4070
7.12,-6.807444,4070
7.08,-5.9681983,4070
7.08,-4.5238347,4070
7.07,-4.6918902,4070
7.05,0.2335313,4070
6.9,-3.9258478,4070
6.82,-5.1196327,4070
6.79,-2.3221722,4070
6.79,0.041121747,4070
6.75,-5.7919993,4070
6.71,-2.448748,4070
6.65,-2.8242755,4070
6.63,-3.8698251,4070
6.01,0.79730487,4070
5.7,-3.6935825,4070
8.0,3.1084096,2155
5.73,-0.2532951,8415
7.55,1.1314079,12697
7.35,2.757209,12697
8.52,3.1404948,6337
8.52,0.17367758,6337
8.52,1.5472082,6337
8.4,1.6782207,6337
8.4,1.6782205,6337
8.4,1.4799169,6337
8.4,-0.79910785,6337
8.4,0.96335185,6337
8.3,-0.3226752,6337
8.3,-2.744243,6337
8.22,-0.7381886,6337
8.22,-1.531397,6337
8.22,1.4665565,6337
8.15,1.4799169,6337
8.1,-1.749788,6337
8.1,-0.38889012,6337
8.05,-1.4328351,6337
8.05,0.6454216,6337
8.05,1.4787487,6337
8.05,-2.6114268,6337
8.05,-2.2582536,6337
8.05,-1.0777695,6337
8.05,0.71432686,6337
8.0,-0.25423896,6337
7.96,-1.7971829,6337
7.96,-2.510909,6337
7.96,0.3553433,6337
7.92,-0.65272135,6337
7.92,-2.8592038,6337
7.92,-0.42939866,6337
7.89,-0.51647866,6337
7.89,-1.3340015,6337
7.89,-0.8051411,6337
7.89,-1.1478047,6337
7.89,-1.8469806,6337
7.85,-2.956834,6337
7.85,-0.24312596,6337
7.85,-0.002639845,6337
7.85,-1.6719636,6337
7.82,0.8880897,6337
7.8,-2.4119205,6337
7.8,-1.5529144,6337
7.8,-0.7951512,6337
7.8,-1.4063255,6337
7.8,-1.2609361,6337
7.77,-2.581581,6337
7.77,0.025314653,6337
7.75,-3.058531,6337
7.75,1.2718899,6337
7.7,-1.9546585,6337
7.7,-3.5714154,6337
7.68,-2.6244779,6337
7.68,-0.6000214,6337
7.68,-2.8770292,6337
7.68,-5.1100683,6337
7.64,-2.3723462,6337
7.64,-3.333119,6337
7.64,-3.1813633,6337
7.62,-3.1694438,6337
7.6,0.80573463,6337
7.6,-1.4791464,6337
7.6,-3.5246923,6337
7.58,-0.8374908,6337
7.57,-1.5144793,6337
7.57,-1.9395821,6337
7.55,-2.9783206,6337
7.54,-1.2613494,6337
7.54,-0.76533216,6337
7.52,-3.2246702,6337
7.51,-5.0694013,6337
7.5,-1.9871778,6337
7.48,0.50005156,6337
7.48,-1.7820088,6337
7.48,-0.25294423,6337
7.47,-3.2990348,6337
7.47,-0.107832,6337
7.42,-2.097549,6337
7.4,0.05178168,6337
7.4,0.95576346,6337
7.36,0.37541848,6337
7.36,-0.696931,6337
7.36,-2.1920402,6337
7.35,-2.1142302,6337
7.34,-2.4648888,6337
7.32,-1.3043454,6337
7.31,-4.6984596,6337
7.28,0.031966314,6337
5.5,-5.1861773,17524
5.5,-6.1466656,17524
5.27,-4.7218986,17524
5.19,-8.492203,17524
4.8,-7.3327146,17524
4.8,-6.837643,17524
4.54,-9.456455,17524
4.52,-7.306361,17524
4.48,-8.498559,17524
4.33,-8.876816,17524
6.52,-6.884293,2183
6.52,-6.6349916,2183
8.15,2.8795745,3951
8.15,1.9793309,3951
8.1,2.3316782,3951
8.1,3.090524,3951
8.1,1.6019447,3951
8.07,3.9030647,3951
8.04,1.1944156,3951
7.96,1.2633914,3951
7.96,-4.721426,3951
7.9,2.26841,3951
7.89,-2.1274183,3951
7.89,-0.3611134,3951
7.89,2.9248803,3951
7.85,5.961517,3951
7.85,1.2673349,3951
7.85,3.919648,3951
7.82,2.9913213,3951
7.82,0.78745234,3951
7.82,1.205904,3951
7.82,2.0034425,3951
7.82,4.261515,3951
7.8,0.09774053,3951
7.72,2.7440403,3951
7.7,3.2366338,3951
7.7,-0.6914344,3951
7.7,-0.088226154,3951
7.7,1.8771082,3951
7.66,-0.8275167,3951
7.66,-1.4825749,3951
7.66,1.4927838,3951
7.6,-1.17275,3951
7.6,-1.1309644,3951
7.6,-5.148448,3951
7.6,3.4805493,3951
7.59,0.095348194,3951
7.55,-0.38158524,3951
7.54,-0.95285296,3951
7.48,2.6251302,3951
7.46,-7.1217923,3951
7.44,0.6342705,3951
7.41,-1.1931134,3951
7.4,-1.0162975,3951
7.4,-3.1140735,3951
7.4,-4.535152,3951
7.4,1.1864102,3951
7.4,2.353098,3951
7.4,-5.8425455,3951
7.4,-2.877603,3951
7.4,3.8028715,3951
7.37,0.8096641,3951
7.36,-2.0159461,3951
7.36,1.1594679,3951
7.35,-0.24857502,3951
7.34,-1.3119085,3951
7.3,-1.1244131,3951
7.3,4.2390194,3951
7.3,2.188737,3951
7.0,-5.908789,3951
6.93,-0.52058,3951
6.8,-3.552103,3951
6.72,-0.34704623,3951
6.64,-1.9046367,3951
6.6,-6.743295,3951
6.5,-9.605154,3951
6.44,-0.35374844,3951
6.4,-0.22534107,3951
6.39,-0.46420148,3951
6.35,-0.9469303,3951
6.29,-3.751101,3951
6.1,-3.4118118,3951
5.9,-6.7896905,3951
5.82,-0.55670565,3951
5.8,-4.851179,3951
5.61,-5.5512443,3951
5.6,1.6175199,3951
5.49,-7.639573,3951
5.4,-6.5809627,3951
5.4,-5.3111873,3951
5.3,-2.7095983,3951
5.3,-4.4361053,3951
5.01,-6.3385887,3951
5.0,-2.9908984,3951
4.82,-5.5115247,3951
4.8,-3.654266,3951
4.8,-2.9731867,3951
4.8,-1.2928381,3951
4.7,-4.5651655,3951
4.7,-3.6628482,3951
4.0,-3.8558934,3951
4.0,-5.286426,3951
4.0,-4.844638,3951
7.83,-2.8748894,6595
7.74,-0.092331946,6595
7.61,0.16953637,6595
7.58,0.49824232,6595
7.31,-3.0003252,6595
7.18,-2.5754251,6595
7.14,-1.7866247,6595
7.14,0.9891389,6595
7.11,-3.6079834,6595
7.04,-1.0523597,6595
7.02,-3.4950984,6595
7.01,-2.9378226,6595
6.99,-3.56647,6595
6.92,-0.7142643,6595
6.88,-4.287457,6595
6.78,-4.648727,6595
6.72,-5.941939,6595
6.54,-6.028951,6595
6.51,-5.7187476,6595
6.5,-2.939188,6595
6.44,-2.9341574,6595
6.34,-4.4586368,6595
6.32,-4.958963,6595
6.3,-2.2640212,6595
5.35,-1.9994125,8732
5.12,-0.17392914,8732
6.64,-1.3427613,6837
7.7,0.9120592,12593
6.3,-2.0326085,6314
5.96,-2.343694,6314
5.82,-2.3436944,6314
5.8,-1.985605,6314
5.66,-5.6693187,6314
5.6,-3.77297,6314
5.51,-3.7729692,6314
5.46,-5.669319,6314
5.46,-1.985606,6314
8.0,-6.442019,7949
8.0,1.1065292,7949
7.96,-5.5362864,7949
7.92,-7.3869705,7949
7.85,-4.5029526,7949
7.8,-3.9146082,7949
7.72,-2.2863953,7949
7.7,-5.245557,7949
7.64,-7.5187573,7949
7.55,-4.805167,7949
7.26,-5.1259565,7949
6.93,-5.0510817,7949
6.82,-5.486149,7949
6.82,-2.5876963,7949
6.58,0.4593994,7949
5.94,-0.90808135,7949
5.52,-8.149453,7949
5.48,-6.46837,7949
5.34,-1.3170345,7949
8.4,4.781854,1071
8.3,0.9104596,1071
7.77,3.3953738,1071
7.7,0.34265044,1071
7.52,2.0009384,1071
7.44,-1.4724336,1071
7.37,1.0070016,1071
7.32,1.4187969,1071
7.28,0.6159748,1071
7.26,-1.6968783,1071
7.2,-1.0069311,1071
7.18,0.014505422,1071
7.04,0.55046725,1071
6.93,-2.0838988,1071
6.88,1.236217,1071
6.87,-1.521781,1071
6.73,-2.3520172,1071
6.61,-3.8548157,1071
6.61,-3.8381877,1071
6.6,-2.5692294,1071
6.58,-2.9281812,1071
6.55,-1.7197406,1071
6.53,-5.171948,1071
6.5,-1.9354498,1071
6.35,-2.0585606,1071
6.33,-3.1482992,1071
6.29,-2.1117337,1071
6.26,-5.515382,1071
6.24,-2.4152079,1071
6.24,-3.0006106,1071
6.23,-4.8136697,1071
6.22,-5.4414883,1071
6.22,-3.0382183,1071
6.21,-3.2327652,1071
6.05,-4.110373,1071
6.03,-3.1376917,1071
5.99,-2.5793753,1071
5.95,-3.8353183,1071
5.87,-3.8233721,1071
5.87,-3.7925465,1071
5.83,-5.1125674,1071
5.83,-3.1722088,1071
5.77,-3.2857494,1071
5.76,-4.0783978,1071
5.76,-5.5572195,1071
5.68,-3.7822478,1071
5.2,-3.724414,1071
5.09,1.1461312,1071
5.05,-5.476664,1071
5.04,-4.7877026,1071
4.98,-1.7233038,1071
6.52,-5.8927774,2099
6.23,-6.855808,2099
5.92,-0.13891634,2099
5.82,0.8642635,2099
5.7,-2.560187,2099
5.68,-1.03625,2099
5.68,-1.5744753,2099
5.66,-2.2099583,2099
5.6,-2.3632338,2099
5.58,-3.3304353,2099
5.51,-2.2267895,2099
5.51,-1.2728444,2099
5.46,-4.511037,2099
5.43,-6.5470667,2099
5.4,-2.0691571,2099
5.4,-4.8692355,2099
5.39,0.13892011,2099
5.39,-3.4753704,2099
5.38,-3.1051877,2099
5.35,-2.157526,2099
5.34,-2.158419,2099
5.3,-2.0388877,2099
5.21,-0.08270207,2099
5.21,-4.4938273,2099
5.19,-3.211438,2099
5.16,-4.371292,2099
5.14,-3.719628,2099
5.05,-1.3962886,2099
4.06,-8.020146,12008
7.05,-1.0759255,1182
7.64,4.3283014,11382
7.19,-0.7341594,11382
6.68,-1.2842236,11382
5.52,-5.9229827,11382
9.77,2.9814858,12994
9.68,2.332607,12994
9.41,3.373878,12994
6.04,2.8991241,14769
5.79,3.938826,14769
5.76,2.2329543,14769
5.68,1.1629966,14769
5.62,4.243221,14769
5.61,4.7994013,14769
5.44,0.74867123,14769
5.42,4.4273424,14769
5.38,-2.2420683,14769
5.14,0.575088,14769
5.07,-0.06545532,14769
5.04,0.09387474,14769
4.79,1.0944544,14769
4.79,0.57930005,14769
7.47,2.3457003,3156
8.7,5.629729,4131
8.4,1.7923886,4131
7.75,1.0947344,4131
7.09,1.459452,4131
6.96,0.24015823,4131
6.59,2.6602163,4131
6.58,-3.120143,4131
6.57,2.2070854,4131
6.57,0.16497958,4131
6.48,-0.56005675,4131
6.41,1.5074316,4131
6.39,-0.16844754,4131
6.36,1.798303,4131
6.31,-1.664576,4131
6.31,1.0061558,4131
6.17,-0.4387318,4131
6.11,2.2822804,4131
6.08,2.155472,4131
5.99,0.93319064,4131
5.82,3.4092276,4131
5.75,-1.8968976,4131
5.62,4.2015495,4131
5.46,0.05923064,4131
5.41,-1.1722662,4131
5.21,-1.706485,4131
5.17,-1.2428569,4131
5.15,-1.333453,4131
4.83,-1.0846815,4131
4.66,-1.9744363,4131
8.1,3.821079,14901
8.6,3.027983,1358
8.52,3.9220173,6108
8.4,3.6446288,6108
8.22,2.851949,6108
8.22,4.0420985,6108
8.1,3.1355147,6108
7.96,1.1316895,6108
7.92,0.80999005,6108
7.92,2.6619246,6108
7.68,2.641872,6108
7.68,2.9139998,6108
7.6,1.1221004,6108
7.44,0.6773411,6108
7.37,1.869102,6108
7.31,1.83826,6108
7.03,-0.1963637,6108
6.32,1.9169898,6108
4.51,-3.6427205,12960
4.46,-3.4205635,12960
4.38,-5.286443,12960
4.15,-5.0657525,12960
7.4,-1.1115186,5028
6.9,1.6405406,5631
6.83,0.27246132,5631
6.4,1.915172,5631
6.3,0.673493,5631
6.16,2.757903,5631
6.12,-0.30360308,5631
6.1,0.04337611,5631
6.6,-1.8047073,17140
7.85,3.105761,17882
7.55,0.21544454,17882
7.3,2.24145,17882
7.3,0.7787612,17882
7.24,1.9616842,17882
7.22,1.3536402,17882
7.2,-0.8507471,17882
7.19,1.5226395,17882
7.09,1.159358,17882
6.96,2.9262724,17882
6.94,-0.36466083,17882
6.92,1.9095715,17882
6.89,1.3429126,17882
6.85,-1.151826,17882
6.85,0.3571757,17882
8.0,0.86486435,10471
9.0,-2.9526803,7844
8.82,2.0884836,7844
8.7,-3.631698,7844
8.7,1.1594715,7844
8.7,-2.178049,7844
8.7,-2.521836,7844
8.7,-5.0893235,7844
8.7,-6.049968,7844
8.7,-5.2988343,7844
8.52,-0.9521183,7844
8.52,-3.109553,7844
8.52,-5.2899466,7844
8.52,-5.397684,7844
8.4,1.3730574,7844
8.4,0.74669063,7844
8.4,-0.8223524,7844
8.4,0.94345033,7844
8.4,-2.1981704,7844
8.4,-2.0124903,7844
8.4,-6.128476,7844
8.4,-5.4884415,7844
8.4,-5.4880204,7844
8.4,-3.4066584,7844
8.4,-5.200192,7844
8.4,-2.7645643,7844
8.4,-6.277428,7844
8.4,-6.1736846,7844
8.3,-6.3107786,7844
8.3,-5.1835556,7844
8.22,-0.6538722,7844
8.22,-4.473313,7844
8.22,-5.5198584,7844
8.22,-4.0430737,7844
8.22,-3.9605892,7844
8.15,1.9371719,7844
8.15,-2.6112506,7844
8.1,-1.4467933,7844
8.1,-6.24784,7844
8.05,-5.1857796,7844
8.05,-6.717356,7844
8.05,-6.9115806,7844
8.05,-6.055983,7844
8.05,-3.7805176,7844
8.0,-4.3439345,7844
8.0,-5.276718,7844
7.96,-5.6924677,7844
7.96,-5.9053383,7844
7.92,-6.538687,7844
7.92,0.95849854,7844
7.92,0.7342378,7844
7.8,2.1924508,7844
7.77,-5.2203517,7844
7.77,-1.8041819,7844
7.77,0.8529539,7844
7.75,-5.716165,7844
7.72,-5.720194,7844
7.7,0.5995273,7844
7.64,-2.8266773,7844
7.64,-0.54361635,7844
7.62,2.6031716,7844
7.62,-3.129345,7844
7.6,-2.338051,7844
7.6,0.56306636,7844
7.6,0.37206525,7844
7.6,-5.9628406,7844
7.54,-2.3283992,7844
7.5,-2.1537504,7844
7.48,1.3137126,7844
7.48,0.75129545,7844
7.44,0.24165988,7844
7.44,-0.44377425,7844
7.42,0.9310288,7844
7.42,1.094657,7844
7.4,-4.47265,7844
7.38,1.9696226,7844
7.38,-5.0451145,7844
7.37,-1.7922144,7844
7.35,-0.9130819,7844
7.34,0.16768318,7844
7.31,-2.9021065,7844
7.26,-1.516177,7844
7.25,-0.91321623,7844
7.21,1.9795212,7844
7.21,1.830851,7844
7.19,3.0174372,7844
7.08,-1.114062,7844
7.04,0.9853783,7844
6.91,-5.359917,7844
6.82,0.6131402,7844
6.61,-3.857422,7844
6.5,-1.5863848,7844
6.48,0.21031483,7844
6.28,-0.53728783,7844
6.27,1.8001789,7844
6.23,1.46313,7844
6.21,-0.74976313,7844
6.21,1.433455,7844
6.14,0.9269737,7844
6.07,-0.15792662,7844
6.02,0.23067133,7844
6.02,-0.038083155,7844
4.37,-1.9240553,7844
7.18,-5.699661,4666
8.48,4.403717,4864
8.26,5.3305078,4864
7.8,2.1872048,3787
7.64,-2.0999405,3787
7.5,-2.5136065,3787
7.44,-0.15891439,3787
7.42,0.20901518,3787
7.41,-2.7572658,3787
7.4,-0.18908629,3787
7.28,-0.51758164,3787
7.11,-3.8911037,3787
7.05,-3.5990222,3787
7.0,-2.933611,3787
6.92,-1.0949588,3787
6.88,-5.245891,3787
6.82,0.006341744,3787
6.58,-4.615714,3787
6.52,-2.2424314,3787
6.04,-5.698727,3787
5.27,-2.612983,3787
6.55,1.0408881,14027
6.2,-2.5979123,16006
6.08,-1.6050669,16006
5.99,-2.3715389,16006
5.69,-1.9753058,16006
5.69,-2.8335059,16006
5.49,1.8622823,16006
5.45,-1.9085892,16006
4.91,0.29075655,16006
4.66,1.3313589,16006
4.51,-4.123174,11378
4.26,-3.4901116,11378
7.7,2.1609778,12404
7.05,-0.66997147,12404
6.89,3.3155193,12404
5.81,0.105658814,12404
5.76,1.2490344,12404
5.3,1.0177119,12404
5.07,-4.9283752,12404
5.05,-1.9167314,12404
5.04,-3.0549886,12404
5.6,0.49745238,1061
5.5,-2.2152877,1061
6.07,0.6413288,6358
6.04,-0.8424491,6358
5.0,-1.6623619,10170
7.92,2.2706335,5022
5.84,1.3813852,5022
5.01,-0.5200602,5022
7.79,4.556925,10860
6.03,-2.1205423,16092
5.94,4.8446984,16542
5.82,4.490431,10952
7.57,-0.2115322,11426
7.2,1.2361649,11426
6.7,4.976484,11426
6.09,-6.1891704,11426
7.9,0.23713726,11725
7.3,-2.880064,11725
7.1,-1.4182415,11725
7.61,-0.35102427,7092
7.24,-1.5611991,7092
7.09,-2.7729588,7092
6.94,1.3704246,7092
6.93,-2.7423387,7092
6.84,0.82183355,7092
6.78,-2.5384526,7092
6.7,-2.4742355,7092
6.62,-2.345408,7092
6.16,4.1050344,7092
8.3,3.791375,7708
8.3,3.0847847,7708
8.3,4.257287,7708
8.22,4.334917,7708
8.15,4.1496186,7708
7.82,2.5682821,7708
7.64,2.8797903,7708
7.5,2.8344443,7708
5.02,-2.608531,16889
8.3,1.381023,12079
7.36,3.7302012,12079
7.36,2.331921,12079
7.16,3.2832263,12079
6.88,1.5334425,12079
6.38,0.43520764,12079
6.01,0.879364,12079
5.92,0.9280158,12079
5.92,0.59107625,12079
5.66,-1.6487734,12079
5.61,-2.1121225,12079
5.57,3.1906142,12079
5.55,1.103773,12079
4.61,2.4532096,12079
7.7,-2.0531905,15963
7.22,-0.1748879,15963
6.39,-0.064889535,15963
7.44,5.8727813,7945
6.09,0.53031176,16683
4.68,-2.5438282,16677
5.71,-8.301958,16721
4.55,-2.6002078,4379
8.1,4.5181417,6791
6.01,-4.5894814,6791
5.48,-5.8754053,6791
5.36,-6.9282503,6791
8.92,-3.2956562,9510
8.77,-2.0584838,9510
8.72,3.6869774,9510
8.7,-0.30913746,9510
8.68,3.0364535,9510
8.62,1.7268914,9510
8.59,-1.8478897,9510
8.38,-2.0685856,9510
8.38,-0.48728707,9510
8.24,-5.01471,9510
8.1,0.8456576,5123
6.91,1.9554603,5123
6.77,-0.037895326,5123
6.59,1.9803339,5123
6.33,0.799507,5123
8.54,-2.653198,12653
8.42,-1.6650203,12653
8.4,-1.797025,12653
8.29,-2.776067,12653
8.27,-3.6695313,12653
8.2,-0.9771298,12653
8.14,0.3295733,12653
8.09,-0.005370874,12653
8.09,-0.5652766,12653
8.08,-0.9054032,12653
8.04,-3.8689935,12653
7.95,-3.569853,12653
7.92,-1.914348,12653
7.88,-1.8638489,12653
7.81,-2.8264968,12653
7.78,-4.756404,12653
7.78,-0.49903736,12653
7.73,-1.2519271,12653
7.7,-1.4496561,12653
7.69,-3.6999977,12653
7.65,-1.3716394,12653
7.61,-2.1867929,12653
7.59,1.3478755,12653
7.55,-4.786123,12653
7.54,-2.7627048,12653
7.43,-2.2988126,12653
7.37,-1.8009313,12653
7.35,-3.271791,12653
7.35,-3.7536736,12653
7.33,-2.8186646,12653
7.3,-3.440918,12653
7.29,-4.607222,12653
7.28,-1.1774445,12653
7.25,-3.8366187,12653
7.22,-1.9997568,12653
7.22,-0.6839914,12653
7.2,-3.0563982,12653
7.13,-1.240338,12653
7.12,-3.9256022,12653
7.68,-1.6808252,13652
7.46,-0.40501964,13652
6.61,-0.6829492,1590
7.08,1.3855209,10295
6.84,-3.3178473,10295
6.22,-4.2464747,10295
7.3,2.8182201,4576
5.21,-5.378837,6758
5.17,-3.2783868,6758
4.98,-2.438375,3318
10.43,4.6596465,6262
10.38,4.642706,6262
9.88,1.4970229,6262
9.7,5.429239,6262
9.52,2.5820048,6262
9.12,7.762478,6262
8.89,5.8275886,6262
8.74,7.819136,6262
8.41,6.262478,6262
7.71,3.5218334,6262
7.5,2.2784913,6262
7.49,3.5218334,6262
7.44,4.9411793,6262
7.43,3.0638602,6262
7.4,4.332523,6262
7.37,2.7917855,6262
7.29,4.6427054,6262
7.25,4.1688557,6262
7.2,3.898001,6262
7.13,3.7031586,6262
7.12,1.6218421,6262
7.09,3.5417008,6262
7.08,0.41056153,6262
7.07,0.047870412,6262
7.05,3.1763973,6262
7.04,2.5824513,6262
7.01,-0.42499074,6262
6.98,3.1974347,6262
6.96,2.314537,6262
6.95,2.8332667,6262
6.92,3.2506409,6262
6.91,1.3136848,6262
6.91,3.5672731,6262
6.9,2.7037516,6262
6.89,2.9446836,6262
6.88,0.007809708,6262
6.88,0.15189855,6262
6.86,1.9337943,6262
6.86,3.2506409,6262
6.84,-0.91989005,6262
6.84,2.1844323,6262
6.82,3.8284202,6262
6.79,1.3090813,6262
6.78,2.7697635,6262
6.77,-0.7392459,6262
6.77,3.1974347,6262
6.76,1.2539811,6262
6.76,3.5417008,6262
6.72,-0.6819122,6262
6.7,2.8332667,6262
6.69,3.7276795,6262
6.69,2.8486469,6262
6.68,4.0898614,6262
6.68,1.061865,6262
6.66,1.2471453,6262
6.65,2.429188,6262
6.64,1.7322894,6262
6.63,2.6734304,6262
6.63,1.7091361,6262
6.61,0.5374048,6262
6.6,2.5288439,6262
6.59,2.9223332,6262
6.58,1.5942706,6262
6.57,0.8792321,6262
6.56,3.2506409,6262
6.56,0.7157839,6262
6.56,-0.64355665,6262
6.55,2.0906112,6262
6.54,5.7007384,6262
6.54,0.29417956,6262
6.54,1.1666076,6262
6.53,2.7899084,6262
6.53,0.97190857,6262
6.53,3.1269515,6262
6.52,0.7078443,6262
6.5,1.2471452,6262
6.49,0.17899348,6262
6.49,1.012414,6262
6.49,2.5820048,6262
6.47,1.2564645,6262
6.47,0.6679642,6262
6.47,1.3090806,6262
6.46,2.4999292,6262
6.45,0.57231045,6262
6.45,0.9985225,6262
6.43,-2.780941,6262
6.42,0.42669287,6262
6.42,-0.8252182,6262
6.41,1.5942706,6262
6.41,0.87740713,6262
6.4,1.1052994,6262
6.4,-0.9818163,6262
6.38,2.2103565,6262
6.38,2.2943697,6262
6.37,1.3618245,6262
6.37,0.79482055,6262
6.36,-0.5435046,6262
6.35,0.9985224,6262
6.34,0.8330257,6262
6.34,-2.4467921,6262
6.34,0.34984106,6262
6.33,2.3859038,6262
6.33,0.04817455,6262
6.31,-0.46956143,6262
6.31,-0.77192384,6262
6.31,-0.1666383,6262
6.3,0.38342428,6262
6.26,3.5336883,6262
6.24,1.7932843,6262
6.24,0.08913097,6262
6.24,0.81107885,6262
6.23,-1.3525279,6262
6.23,0.9571455,6262
6.23,-0.32184908,6262
6.22,3.0618098,6262
6.22,1.6502854,6262
6.21,1.272909,6262
6.2,-0.16326,6262
6.19,0.9249744,6262
6.17,1.796441,6262
6.17,0.6040514,6262
6.17,0.17944339,6262
6.14,-0.54493976,6262
6.13,2.370121,6262
6.12,0.38433126,6262
6.12,-0.097804174,6262
6.11,-0.477838,6262
6.09,1.5866578,6262
6.07,2.3834732,6262
6.07,0.086469024,6262
6.0,-0.5020699,6262
5.92,2.6993446,6262
5.91,0.67863697,6262
5.83,0.60254157,6262
5.72,1.2974514,6262
5.64,-0.19333029,6262
5.48,-0.09887269,6262
5.0,2.1413567,6262
7.16,-10.009452,8558
6.95,-9.571128,8558
6.68,-7.577778,8558
6.67,-9.492321,8558
6.66,-10.087664,8558
6.22,-9.723469,8558
6.18,-9.968286,8558
6.06,-8.151626,8558
6.02,-9.448501,8558
6.02,-7.569852,8558
5.89,-9.452472,8558
5.85,-9.469362,8558
5.67,-9.51771,8558
5.62,-8.715296,8558
5.59,-5.4192176,8558
5.5,-9.705264,8558
5.47,-9.709453,8558
5.4,-8.518037,8558
5.36,-9.56825,8558
5.14,-9.4681835,8558
5.05,-9.680617,8558
5.04,-8.634807,8558
5.03,-8.283689,8558
4.92,-9.873697,8558
4.89,-10.249989,8558
4.85,-9.2672615,8558
4.66,-7.663095,8558
4.51,-9.32589,8558
4.44,-9.634508,8558
4.33,-7.1577506,8558
4.31,-7.0286326,8558
4.19,-8.238523,8558
4.13,-7.211045,8558
4.0,-8.456683,8558
7.0,3.8918228,12481
7.0,-1.711424,12481
7.0,-0.27215984,12481
7.0,1.4282728,12481
6.3,-4.920438,6929
6.22,-4.057724,6929
6.88,1.3302639,8201
6.43,5.627981,8201
8.96,1.3706143,9407
8.92,2.624077,9407
8.8,4.3273625,9407
8.68,4.3312597,9407
8.68,3.4820812,9407
8.64,3.4078093,9407
8.6,2.9906337,9407
8.49,5.2435784,9407
8.41,5.332248,9407
8.31,3.0746536,9407
8.15,6.2404814,9444
6.32,-0.90829414,9444
7.52,-2.2359889,7764
7.52,-4.247501,7764
7.52,-6.153834,7764
7.52,-1.4740607,7764
7.52,-2.7046428,7764
7.52,-7.2543473,7764
7.52,-4.8129263,7764
7.52,-0.66760844,7764
7.52,-3.0608735,7764
7.52,-5.198568,7764
7.52,1.2031949,7764
7.52,-1.391279,7764
7.52,-1.1579969,7764
7.52,-2.1004322,7764
7.52,-0.20660746,7764
7.52,-1.9529352,7764
7.52,-0.3001737,7764
7.52,-2.30326,7764
7.52,-2.1479025,7764
7.52,-1.938192,7764
7.52,-4.4917655,7764
7.52,-2.6714752,7764
7.52,1.4892955,7764
7.52,-1.9336667,7764
7.52,-0.45182267,7764
7.52,-2.3880668,7764
7.52,-4.878565,7764
7.52,-3.327903,7764
7.52,1.3350282,7764
7.52,-4.35852,7764
7.52,1.7545888,7764
7.52,-1.8045884,7764
7.52,-2.8917723,7764
7.52,-1.5999589,7764
7.52,0.49876362,7764
7.52,-3.9843957,7764
7.52,-1.0290178,7764
7.52,-1.7097516,7764
7.52,-2.5169296,7764
7.52,-0.6367079,7764
7.52,-1.3449589,7764
7.52,-1.3448148,7764
7.52,-3.9238014,7764
7.52,0.77814466,7764
7.52,-2.5915265,7764
7.14,5.080878,7764
7.14,3.4492073,7764
7.14,0.48747197,7764
7.14,-0.9592619,7764
7.14,-2.7094932,7764
7.14,-4.2942243,7764
7.14,-0.73161435,7764
7.14,0.099208064,7764
8.7,1.7748777,4922
7.57,3.3942616,4922
7.38,2.7642682,4922
6.45,-1.9235725,10695
6.23,-0.123575225,10695
7.5,1.817527,9040
7.37,4.944962,8859
6.97,1.8585328,14765
6.61,-1.2035973,14765
6.12,-3.2623577,14765
6.09,-1.8563886,14765
5.33,-6.949518,14765
7.62,-0.774081,4112
7.39,2.054499,4112
6.56,-5.0085497,4112
4.19,4.354973,3779
8.52,-2.324958,16497
8.52,-0.033053335,16497
8.4,1.0766242,16497
8.4,1.9046558,16497
8.4,2.55691,16497
8.3,0.7679463,16497
8.3,0.28049934,16497
8.3,1.8667562,16497
8.3,2.0322654,16497
8.3,2.7748356,16497
8.22,1.1825114,16497
8.22,1.6567397,16497
8.1,2.1945474,16497
8.1,1.9479325,16497
8.1,2.809412,16497
8.05,-2.410966,16497
8.05,1.2444692,16497
8.0,2.3285594,16497
8.0,0.7083706,16497
8.0,-0.36896795,16497
7.96,1.2859143,16497
7.85,1.6136003,16497
7.77,-1.1283109,16497
7.72,2.2713869,16497
7.7,0.863856,16497
7.68,-0.9674262,16497
7.57,2.3960917,16497
7.54,1.8781918,16497
7.51,3.9067683,16497
7.43,-1.2898475,16497
7.41,-5.7651215,16497
7.35,1.6374962,16497
7.29,-1.2542346,16497
7.24,-0.18856211,16497
7.35,1.6160284,6798
8.66,0.59945357,14683
8.52,4.255395,11957
8.3,3.957605,11957
8.3,4.426641,11957
8.15,0.6904296,11957
8.1,3.9669588,11957
8.05,0.5396124,11957
8.0,3.9828212,11957
7.96,2.3969254,11957
7.85,5.002442,11957
7.82,6.594618,11957
7.8,4.325362,11957
7.72,4.657773,11957
7.58,2.3973577,11957
7.58,3.5584443,11957
7.57,5.2296715,11957
7.42,4.10046,11957
7.39,2.0273547,11957
7.35,2.3100324,11957
7.31,2.8359075,11957
7.21,3.61535,11957
7.03,5.972056,11957
6.71,4.7102757,11957
6.58,7.3090997,11957
9.22,-1.4928706,1771
9.05,-0.7078985,1771
9.0,0.5275707,1771
8.96,-2.156765,1771
8.96,-2.4360518,1771
8.92,-0.7493803,1771
8.74,0.65306795,1771
8.7,-0.53599286,1771
8.68,0.5218293,1771
8.66,0.4100459,1771
8.62,-2.2390673,1771
8.55,-0.6221575,1771
8.52,-0.88252795,1771
8.46,0.47421363,1771
8.35,-1.3377627,1771
8.34,-0.9331765,1771
8.32,-0.33125743,1771
8.28,-0.5219696,1771
8.22,0.14520438,1771
8.14,0.915448,1771
8.03,-3.6116178,1771
7.66,-1.5495911,1771
7.66,-2.8547666,1771
7.51,-1.1131369,1771
7.23,0.76113975,1771
6.96,-2.0661662,1771
6.72,-2.5514925,1771
5.57,0.6242031,1771
4.85,0.53193545,1771
6.42,-4.6726203,11781
5.17,-6.6890254,11781
8.32,3.57946,14259
7.16,-2.387986,15309
7.1,-1.2841648,15309
7.1,-1.1313109,15309
6.7,3.1613252,15309
6.7,-1.7143842,15309
6.4,0.88056856,15309
6.4,-3.0059955,15309
6.4,-2.9429827,15309
6.3,-3.2896662,15309
6.22,-3.8011162,15309
6.16,-2.6589675,15309
5.96,-3.0679708,15309
5.92,-2.9454691,15309
5.77,-3.3355832,15309
5.47,-5.044998,15309
5.6,1.7648914,2257
5.17,0.94923794,3474
6.7,-2.61816,895
6.4,-6.229851,895
6.3,-2.9378703,895
6.3,-7.6071043,895
6.3,-8.165812,895
6.22,-5.132944,895
6.16,-6.706914,895
6.0,-1.7921209,895
6.0,-7.3944197,895
5.77,-8.800997,895
5.7,-5.2908893,895
5.7,-8.095326,895
5.68,-7.716197,895
5.68,-1.0137969,895
5.6,-5.8419533,895
5.55,-6.7036943,895
5.55,-5.527831,895
5.52,-4.3977666,895
5.52,-5.6807513,895
5.51,-8.49795,895
5.51,-4.8471084,895
5.5,-6.3870287,895
5.48,-5.562082,895
5.47,-6.901999,895
5.4,-7.2309403,895
5.35,-3.7648609,895
5.35,-10.149927,895
5.3,-3.2982318,895
5.3,-6.4919,895
5.29,-1.2451727,895
5.26,-6.07023,895
5.16,-9.104139,895
5.64,-6.6390395,3264
4.22,-4.7843957,3264
8.4,4.1135497,16249
7.92,1.3690326,16249
7.58,1.4454957,16249
7.35,-0.69366574,16249
7.15,-1.4407243,16249
7.12,0.031211827,16249
6.64,-2.1104448,16249
6.41,-3.5969982,16249
6.08,-3.705469,16249
5.92,-3.9999359,16249
5.82,-4.3092465,16249
5.19,-5.271742,16249
8.1,4.5317082,11001
8.0,2.4696734,11001
7.75,3.7405322,11001
7.19,2.0466785,11001
7.02,0.997051,11001
7.01,4.655241,11001
6.96,1.1781613,11001
6.95,1.1118014,11001
6.9,-0.07989508,11001
6.88,1.1680403,11001
6.88,0.31088394,11001
6.85,-0.88966334,11001
6.82,1.7978278,11001
6.74,-1.5483816,11001
6.71,2.2234528,11001
6.69,1.45155,11001
6.6,3.02639,11001
6.52,-1.003644,11001
6.43,-0.14699684,11001
6.3,-1.343114,11001
6.11,-4.7434974,11001
5.79,-4.3580914,11001
5.78,-4.613316,11001
5.71,-6.516352,11001
5.69,-0.70975053,11001
5.58,-4.564759,11001
5.14,-5.7076383,11001
5.07,-5.8493104,11001
5.0,-7.2547145,11001
7.77,-3.6443648,8799
7.17,-5.30995,8799
7.01,-4.619738,8799
6.92,-2.8651686,8799
6.8,-2.8303447,8799
6.7,-5.992286,8799
6.46,-5.0249915,8799
6.28,-6.6629214,8799
6.19,-5.9139547,8799
5.82,-2.4427605,8799
5.57,-4.777926,8799
5.19,-3.99918,8799
7.7,-0.7228137,1681
6.64,-0.017075498,1681
6.52,2.1758447,1681
6.43,3.1811204,1681
6.31,1.8859067,1681
6.3,3.7225296,1681
6.26,3.547246,1681
6.25,1.9262885,1681
6.1,2.8938944,1681
6.09,2.2214627,1681
6.03,3.3760483,1681
6.0,3.0676277,1681
5.92,4.3584943,1681
5.85,3.0815706,1681
5.64,3.7596118,1681
6.29,-6.397152,2735
7.22,0.7860216,13246
6.72,-4.008362,11908
7.61,0.69867045,10592
6.58,-6.404517,10592
4.72,-9.203635,4945
8.0,-3.5056639,9502
8.7,4.325461,13801
6.32,-1.7413929,7890
6.27,0.45864046,7890
6.23,-2.8077967,7890
6.08,-5.795859,7890
5.71,0.062253173,7890
5.63,-1.4048609,7890
5.6,0.72267956,7890
5.43,0.20974039,7890
5.16,3.4688413,7890
4.84,-1.616443,7890
4.68,-3.9131799,7890
8.0,-1.0824008,10645
7.43,2.0289705,8006
7.21,0.9416261,8006
6.85,3.3583934,8006
6.57,0.9482072,8006
7.57,4.3237286,12917
7.51,2.1951094,12917
7.48,2.2914662,12917
7.47,0.8256997,12917
7.47,4.0165105,12917
7.29,0.80908626,12917
7.21,0.9328205,12917
7.16,1.6037779,12917
7.13,2.1200154,12917
7.12,0.9380429,12917
7.11,1.232769,12917
7.06,3.1290267,12917
7.06,1.0223982,12917
6.96,-1.5232646,12917
6.82,-0.3647692,12917
6.8,3.0340874,12917
6.77,2.3513782,12917
6.72,4.5190134,12917
6.7,0.79076886,12917
6.68,1.2535961,12917
6.64,2.5342946,12917
6.62,2.7924702,12917
6.57,-2.1101725,12917
6.57,2.679654,12917
6.3,2.1791017,12917
6.28,0.6029146,12917
6.08,-0.51771253,12917
4.6,-4.726223,1466
8.59,0.49701387,9243
8.51,0.49701387,9243
8.3,-4.116058,9243
8.3,-4.116058,9243
7.96,-4.116058,9243
7.92,-0.08576891,9243
7.89,-0.08576891,9243
7.85,-3.7866473,9243
7.8,-4.087252,9243
7.77,-0.08576891,9243
7.75,-0.08576891,9243
7.7,-4.087252,9243
7.7,3.2952125,9243
7.64,-3.7866473,9243
7.64,3.2952125,9243
7.62,1.4287429,9243
7.62,0.49701387,9243
7.6,-1.7219005,9243
7.58,-4.087252,9243
7.57,0.49701387,9243
7.57,-1.7219005,9243
7.55,-4.116058,9243
7.55,0.42604345,9243
7.5,0.42604345,9243
7.48,2.5473812,9243
7.46,-3.7866473,9243
7.41,3.2952125,9243
7.41,3.2952125,9243
7.36,-2.7121994,9243
7.28,-3.7866473,9243
7.25,-2.7121994,9243
6.9,-4.087252,9243
7.89,5.4356203,16480
7.82,1.5712732,16480
7.82,2.9630454,16480
7.8,-3.13406,16480
7.72,0.24922483,16480
7.7,2.789186,16480
7.64,-1.850581,16480
7.54,-0.74920326,16480
7.47,1.2380114,16480
7.29,0.5588806,16480
7.12,-2.765732,16480
7.12,-0.7634412,16480
6.96,2.0807219,16480
6.8,3.2666779,16480
10.0,5.5504065,8883
9.7,3.3849409,8883
9.6,3.128891,8883
9.52,7.2970257,8883
9.43,1.6729548,8883
9.4,3.8961718,8883
9.4,-1.6901392,8883
9.4,4.486416,8883
9.23,1.6512185,8883
9.15,3.419633,8883
9.1,3.7337623,8883
9.05,3.3518953,8883
8.92,5.3097343,8883
8.48,3.7100027,8883
8.47,3.678664,8883
8.28,-1.8068787,8883
8.23,4.850079,8883
8.18,1.6386306,8883
7.97,1.4799384,8883
6.88,-2.08948,8883
6.53,1.291471,8883
6.42,-0.13265564,8883
7.39,3.4694862,8485
6.92,-0.85896295,1919
6.5,0.2885643,1919
6.42,-1.2891049,1919
6.14,-5.1702666,1919
6.08,-3.619898,1919
5.58,-4.997494,1919
5.54,-4.598449,1919
5.52,-0.57602507,1919
5.3,-2.4385784,1919
5.27,-2.9207826,1919
5.24,-4.2503185,1919
5.18,-2.6541173,1919
5.18,-0.27331993,1919
8.61,5.4299617,7769
8.55,-0.040751096,7769
8.53,-0.72825015,7769
8.51,4.281133,7769
8.45,5.1386614,7769
8.33,3.684573,7769
8.27,0.9634952,7769
8.24,0.3332174,7769
8.23,2.4972053,7769
8.23,5.871025,7769
8.21,6.191678,7769
8.2,3.684573,7769
8.13,5.3002763,7769
8.08,3.1295295,7769
8.06,0.86746943,7769
8.03,1.8504927,7769
7.88,1.4628322,7769
7.87,4.5140867,7769
7.85,-1.7434974,7769
7.76,-1.7678174,7769
7.61,1.8504927,7769
7.57,-1.1427491,7769
7.38,2.8088737,7769
7.34,0.89331025,7769
7.18,0.25734675,7769
7.1,3.063838,7769
7.06,-1.8751659,7769
6.97,4.9094567,7769
6.88,2.975942,7769
6.8,1.6429954,7769
6.57,4.3553233,7769
9.52,-0.79795754,12854
8.92,7.369368,12854
8.48,1.5654747,12854
8.39,0.2657129,12854
8.36,-2.6434367,12854
8.33,-2.3089695,12854
8.31,-0.4897625,12854
8.27,-1.7807392,12854
8.25,0.67815155,12854
7.78,2.4510489,12854
7.78,-2.8173535,12854
7.68,-1.2345822,12854
7.65,-0.5996957,12854
7.63,1.2280532,12854
7.52,-2.2051685,12854
7.4,-0.80418915,12854
7.31,-1.4939106,12854
7.2,-0.46822312,12854
7.18,0.4855369,12854
7.17,-2.2524195,12854
7.14,-2.162003,12854
6.65,1.4265629,12854
6.6,-2.494865,12854
6.6,-3.311066,12854
6.44,-3.6293905,12854
6.18,1.2178411,12854
5.97,0.7092873,12854
5.24,-0.8204917,12854
6.76,-4.044646,3982
6.15,-1.0040172,12062
7.05,1.169314,9681
4.87,-6.901013,9681
4.65,-8.543129,9681
4.64,-10.87739,9681
4.42,-6.4534984,9681
4.37,-8.508697,9681
4.32,-3.443417,9681
4.29,-8.806951,9681
4.22,-7.4831667,9681
4.12,-4.950483,9681
4.06,-10.165103,9681
6.47,-0.30584365,5362
7.16,0.8947808,13250
8.7,2.115478,3185
8.7,-1.2377985,3185
8.52,2.2572806,3185
8.52,2.6613083,3185
8.0,1.9939888,3185
8.0,2.4966142,3185
8.0,-1.607331,3185
7.89,3.6634736,3185
7.8,0.969349,3185
7.7,0.84629333,3185
7.4,-1.710433,3185
7.3,0.08304621,3185
7.2,-1.5523896,3185
7.2,-0.06577416,3185
7.1,-1.3697815,3185
6.8,1.2231733,3185
6.6,-2.0855134,3185
6.5,-3.1143286,3185
6.3,-3.2423491,3185
6.3,-2.0910025,3185
6.3,-2.9750388,3185
6.0,-3.5124671,3185
5.7,-5.02151,3185
5.6,-5.138353,3185
7.57,-0.009966452,17544
6.83,1.423218,17544
6.62,-0.5154853,17544
6.47,2.0817568,17544
5.97,-1.7848455,17544
5.94,-4.452983,17544
5.85,0.041338563,17544
5.74,-2.501504,17544
5.41,3.6454306,17544
4.5,-4.646562,17544
6.4,-2.4919791,1263
6.22,-2.8972857,1263
6.16,-5.5156856,1263
6.16,-4.0936236,1263
6.1,-5.215912,1263
5.85,-6.0923853,1263
5.85,-3.939395,1263
5.82,-2.117662,1263
5.75,-4.6501436,1263
5.58,-1.9594104,1263
5.28,-4.967287,1263
5.1,-3.4158864,1263
5.05,-4.504335,1263
4.92,-7.235248,1263
4.85,-2.8593125,1263
4.82,-5.805275,1263
4.66,-4.5555406,1263
4.64,-3.7015607,1263
4.62,-4.015787,1263
4.6,-5.68666,1263
4.58,-4.3088293,1263
4.57,-4.7423663,1263
4.57,-5.7609468,1263
4.54,-4.1632285,1263
4.48,-2.9675791,1263
4.46,-7.322966,1263
4.39,-4.007428,1263
4.37,-4.2653623,1263
7.39,5.623021,1746
5.04,-4.1790442,1746
4.68,-2.3682683,1746
4.38,-2.3682683,1746
7.07,-7.092531,1219
6.8,3.408496,2657
6.64,-0.24839143,2657
6.54,0.82552713,2657
6.25,2.1309707,2657
6.07,0.2762052,2657
6.04,2.1045172,2657
6.01,3.7066228,2657
5.57,1.117184,2657
5.47,1.4347869,2657
5.38,2.745386,2657
5.21,0.8094105,2657
5.19,0.24135305,2657
4.96,-4.3903704,724
4.77,-2.4222724,724
4.72,-7.367013,724
5.0,-3.4459689,1251
7.71,4.602348,6521
6.97,5.1111207,6521
9.7,1.6555296,7657
9.7,2.794358,7657
9.7,2.7372963,7657
9.7,1.5121423,7657
9.7,2.266573,7657
9.7,0.40580449,7657
9.7,0.7941019,7657
9.7,3.6836257,7657
9.52,2.208421,7657
9.52,-0.8782467,7657
9.52,0.69542325,7657
9.4,3.0341632,7657
9.3,1.5743351,7657
9.3,2.696431,7657
9.22,1.2650447,7657
9.05,4.737077,7657
9.0,5.3482256,7657
9.0,1.3234155,7657
8.7,3.7059095,7657
8.52,4.0460677,7657
8.52,-0.889032,7657
8.52,3.603051,7657
8.4,1.5282935,7657
8.3,3.6384282,7657
8.3,2.208421,7657
8.22,5.168236,7657
8.22,3.0628102,7657
8.15,-4.45364,7657
8.15,0.6818425,7657
8.15,3.7179632,7657
8.1,-3.2227263,7657
8.1,-1.6330374,7657
8.05,3.265111,7657
7.85,5.3682756,7657
7.77,3.2982137,7657
7.6,4.0195217,7657
7.58,1.8967173,7657
7.5,-1.3536634,7657
7.5,3.4063222,7657
7.46,-0.53480893,7657
7.41,-4.269463,7657
7.29,0.58234715,7657
7.29,-0.50439286,7657
7.27,4.071342,7657
7.24,-4.333867,7657
7.19,-0.49931923,7657
7.07,2.507538,7657
7.07,-4.4271116,7657
7.06,0.56036687,7657
7.05,3.7337224,7657
6.99,-0.49297234,7657
6.95,2.2188823,7657
6.87,4.128696,7657
6.8,-0.93706304,7657
6.76,3.1823025,7657
6.75,3.3131073,7657
6.7,2.514641,7657
6.67,-0.9296086,7657
6.63,3.682023,7657
6.51,1.460164,7657
6.44,1.5631984,7657
6.36,1.8742793,7657
6.35,-0.82986647,7657
6.33,-0.77797943,7657
6.23,-4.0283747,7657
6.19,0.5415497,7657
6.16,-4.075117,7657
6.1,-0.12545638,7657
6.08,4.007313,7657
6.07,-3.3004503,7657
5.99,0.5671016,7657
5.95,0.511309,7657
5.94,0.26983705,7657
5.91,-1.5068738,7657
5.83,-1.7189392,7657
5.22,-3.8054357,7657
5.05,-5.8706403,7657
4.96,-2.0455754,7657
6.72,-0.51966465,5825
5.7,-2.0839436,11128
7.85,5.473628,15079
4.92,-4.692624,17511
4.85,-4.0337734,17511
4.77,-3.6629047,17511
9.0,2.508306,101
6.32,-3.4749622,17737
7.16,-0.5604401,15856
7.1,-0.5418321,15856
6.96,-0.5055177,15856
6.82,-0.13307208,15856
6.62,0.22165231,15856
6.33,-1.2723778,15856
6.32,0.6836959,15856
6.22,-6.527594,15856
6.14,-2.1477776,15856
7.8,2.5545087,7626
6.22,-1.7496082,7626
5.41,-1.7433586,10690
5.32,-2.0406735,10690
5.11,-2.0778196,10690
8.66,-1.8038139,12443
8.49,-2.571397,12443
8.42,0.6329881,12443
8.11,1.9976969,12443
8.06,1.1409346,12443
7.96,2.8339505,12443
7.92,0.8473007,12443
7.89,0.16153683,12443
7.85,0.16153683,12443
7.77,-2.3557432,12443
7.46,-0.60212487,12443
7.43,1.6745987,12443
7.41,-0.08276248,12443
7.29,-1.8152257,12443
7.21,0.91587186,12443
7.16,0.9509349,12443
7.13,1.5703142,12443
7.11,-0.63134944,12443
7.11,2.8590493,12443
7.07,1.141526,12443
6.72,3.0383852,12443
6.44,0.16153683,12443
6.3,0.5694578,12443
6.05,1.7774009,12443
5.77,0.3247505,12443
5.75,2.0126634,12443
7.52,-0.9211103,17589
5.77,-4.933372,4414
5.22,-7.6494427,4414
4.66,-6.974595,4414
7.85,-1.5444732,17746
7.66,-0.47087267,17746
7.23,-2.071273,17746
10.4,3.0486915,6184
9.1,2.3228016,6184
9.1,2.751401,6184
9.0,3.2096522,6184
8.92,3.2318985,6184
8.85,4.9240456,6184
8.85,3.572748,6184
8.7,1.0162811,6184
8.25,1.4500445,6184
8.25,-3.4848075,6184
8.24,-5.744764,6184
8.1,2.7280352,6184
8.1,1.4515421,6184
8.05,-2.809431,6184
8.0,4.372509,6184
7.7,3.6260164,6184
7.57,-1.2807603,6184
7.5,-4.5801272,6184
7.14,3.2028136,6184
7.1,-0.7908369,6184
7.05,-3.4896994,8693
6.96,-0.6496427,8693
6.92,-5.14529,8693
6.6,-4.7173233,8693
6.57,-3.458075,8693
6.57,-6.2684064,8693
6.5,-5.7854867,8693
6.44,-0.3258955,8693
6.34,-3.0808766,8693
6.16,-5.0580616,8693
6.16,-3.7227407,8693
6.0,-3.0317938,8693
5.92,-1.1400348,8693
5.85,-2.958862,8693
5.64,-4.054603,8693
5.52,-3.7473671,8693
5.51,-4.163797,8693
5.21,-3.1600027,8693
5.05,-3.3256412,8693
8.68,4.671826,1825
8.66,4.6648808,1825
8.57,5.399396,1825
8.54,-0.2254235,1825
8.54,-0.07132569,1825
8.49,-0.2254235,1825
8.48,-1.5075215,1825
8.4,4.1157227,1825
8.3,3.4020596,1825
8.3,4.747676,1825
8.22,4.747676,1825
8.15,4.1716604,1825
8.1,4.747676,1825
7.7,3.4011176,1825
7.58,2.0873044,1825
7.5,2.2918646,1825
7.33,4.1071563,1825
7.21,3.092858,1825
6.73,-2.729426,11834
8.0,3.3747733,606
7.72,3.124017,606
7.6,5.6239653,606
7.57,5.065464,606
7.54,4.6190915,606
7.48,2.4156098,606
7.47,5.467081,606
7.4,1.4507346,606
7.35,5.546206,606
7.34,4.0531006,606
7.33,3.739865,606
7.32,5.546206,606
7.29,6.0461273,606
7.28,1.0376104,606
7.27,6.0461273,606
7.23,5.6632724,606
7.16,3.806078,606
7.05,6.8164587,606
7.01,3.5601938,606
6.97,7.2314844,606
6.9,3.8527098,606
6.84,4.5669117,606
6.68,4.286845,606
6.53,4.19893,606
6.46,4.5720162,606
6.32,4.3049774,606
6.23,4.468107,606
6.21,8.207648,606
5.9,3.7725887,606
5.87,0.72086537,606
5.63,0.86336577,606
5.49,3.5313532,606
5.23,5.297546,606
4.85,4.3050117,606
4.79,4.454926,606
4.76,3.0738957,606
7.36,0.5114675,10468
8.77,2.7582793,458
7.77,-5.015029,5164
7.6,-2.5116963,5164
7.55,-5.151718,5164
7.23,-4.2380104,5164
7.17,-3.7528038,5164
6.89,-2.336449,5164
6.82,-4.840815,5164
6.8,-3.9808395,5164
6.68,-3.7168107,5164
6.42,-5.9737377,5164
6.31,-3.7679858,5164
6.28,0.90463084,5164
6.25,-4.28455,5164
6.24,-6.0434985,5164
6.22,-0.86361516,5164
6.21,-6.1515045,5164
6.11,-1.2997911,5164
6.07,-4.106502,5164
6.06,-1.4027185,5164
6.02,-2.6464949,5164
5.98,-3.025831,5164
5.97,-1.0938606,5164
5.85,-3.0553374,5164
5.72,-3.6295953,5164
5.62,-1.952592,5164
5.53,-0.13195065,5164
5.37,-3.8816931,5164
6.11,-2.548413,10035
4.95,-0.21513622,10035
4.29,-4.827621,10035
7.52,-0.60916406,13022
8.07,0.74645275,14525
9.61,-2.0027196,13030
8.96,-3.402601,13030
8.41,-2.090549,13030
8.17,-2.4267814,13030
7.79,-1.0912215,13030
7.68,3.9288723,13030
7.35,-0.58536273,13030
7.3,2.208722,13030
7.19,-0.91996527,13030
7.18,-0.20288958,13030
7.16,-2.3761563,13030
7.0,-2.7754972,13030
6.95,-3.3608472,13030
6.93,-1.3453915,13030
6.93,-1.9868474,13030
6.7,0.27019864,13030
5.9,1.3075376,4168
7.77,-0.7339942,12390
8.85,-1.3362248,4672
9.22,4.059932,16336
9.0,4.0959506,16336
9.0,3.363879,16336
9.0,-0.6104683,16336
9.0,3.515342,16336
9.0,1.084636,16336
9.0,1.0342298,16336
9.0,0.80585164,16336
9.0,-0.34024906,16336
9.0,0.57764995,16336
9.0,3.539149,16336
9.0,0.025732927,16336
9.0,3.768112,16336
9.0,1.5866585,16336
9.0,2.9448369,16336
8.7,0.23178871,16336
8.7,0.99446034,16336
8.0,2.6162877,16336
7.92,2.7287054,16336
7.89,1.1178802,16336
7.85,2.1092622,16336
7.31,-1.5856689,16336
8.7,6.619701,14636
8.3,4.2064605,14636
8.0,4.6294723,14636
8.0,3.4806445,14636
6.3,-3.170691,14636
5.0,3.1990807,14636
8.4,1.2864797,12541
6.3,-4.866331,14513
9.7,6.350949,11796
7.66,-0.8938715,9349
6.91,-0.06883301,9349
8.7,1.5842879,1580
8.52,4.660707,1580
8.52,3.4731405,1580
8.4,5.2621927,1580
8.4,3.3314707,1580
8.3,1.8554977,1580
8.1,6.6180825,1580
8.0,4.1168275,1580
8.0,3.4956098,1580
7.96,4.661121,1580
7.89,4.9704585,1580
6.25,-3.2077944,17093
7.14,-2.6852727,14155
7.09,-2.6852727,14155
7.58,0.64439064,1198
7.47,-1.4513264,1198
7.47,0.45553026,1198
7.21,1.2769544,1198
6.88,-1.1486611,1198
6.79,-1.9770727,1198
6.77,-1.8820407,1198
6.64,-2.9690359,1198
6.59,-0.26199096,1198
6.5,-2.7212024,1198
5.65,0.44604826,1198
5.58,-0.7041132,1198
8.22,-0.26160902,16690
7.7,-2.3469129,16690
7.52,-3.7054641,16690
7.3,-3.2247825,16690
7.16,-2.7642298,16690
7.1,-2.265003,16690
7.05,-4.0741944,16690
6.87,-6.591308,16690
6.82,-4.9050436,16690
6.62,-3.6879988,16690
6.57,-3.6643586,16690
6.54,-5.4874096,16690
6.54,-4.558443,16690
6.43,-3.5606294,16690
6.35,-5.0285373,16690
6.15,-5.0947585,16690
6.15,-2.722226,16690
5.51,-5.7173862,16690
5.46,-8.123402,16690
4.75,-6.956788,16690
5.93,-1.3483653,15077
8.62,1.7862401,2364
8.19,5.041944,2364
8.11,4.8931866,2364
8.09,5.0358615,2364
7.89,6.5466647,2364
7.89,0.6317499,2364
7.8,2.0517843,2364
8.42,3.1992261,14294
8.31,1.7146014,14294
8.15,0.31257206,14294
8.05,2.585445,14294
7.99,1.025193,14294
7.67,2.0060036,14294
7.51,0.116270736,14294
7.39,1.5412381,14294
7.08,5.278597,14294
6.94,-2.458957,14294
6.9,-1.546353,14294
6.3,-6.7547674,15825
6.3,-0.544961,15825
5.92,0.922303,15825
5.43,-8.115471,15825
5.04,-7.851469,15825
4.42,-4.138778,15825
6.62,-1.9948788,8203
6.37,-1.3252252,8203
6.21,1.7362138,8203
6.08,3.0445147,8203
6.01,0.67143273,8203
5.17,-6.5513453,14880
7.62,-1.89189,15354
6.85,-2.7754197,15354
6.7,-4.7774796,15354
8.7,-0.79039526,15294
8.52,6.9851356,15294
8.4,1.3886395,15294
7.96,3.596922,15294
7.96,2.0472836,15294
7.75,1.0672623,15294
6.41,4.8087673,15294
6.25,0.4055639,15294
6.14,3.4754543,15294
5.96,-0.20811845,15294
5.05,-6.4677305,15294
5.03,-3.990669,15294
5.75,-2.6448488,14761
7.96,1.9924699,11370
7.16,-3.649127,11370
6.77,-1.7952431,11370
4.77,-3.1973562,11370
10.0,5.7772346,6579
9.22,4.625866,6579
9.1,0.19981618,6579
9.1,1.44061,6579
8.15,4.610127,6579
8.15,6.7748303,6579
7.96,0.81756234,6579
7.77,2.8862507,6579
7.7,-0.5830985,6579
7.16,-0.51068616,6579
7.1,4.1956925,6579
6.66,1.666051,6579
7.77,3.6634798,7799
5.96,-3.6316173,14478
5.77,-4.454133,14478
5.7,-4.338708,14478
5.57,-5.911615,14478
5.36,-5.617405,14478
5.34,-7.1485023,14478
6.82,2.461157,8539
6.57,-0.8330131,8539
6.48,-0.34893832,8539
6.28,-0.81431264,8539
5.96,-1.2395917,8539
5.92,-1.055632,8539
5.86,-4.3968415,8539
8.1,1.8375837,1796
8.05,3.0790842,1796
7.58,3.842809,1796
7.51,1.2974735,1796
7.39,1.3148671,1796
7.38,-0.4177332,1796
7.38,2.4890263,1796
7.38,1.2747979,1796
7.37,2.7815225,1796
7.3,3.021972,1796
7.09,-0.9746032,1796
7.05,1.6713476,1796
6.9,-2.9753304,1796
6.64,-1.3492498,1796
6.39,0.24070211,1796
6.21,-1.2828473,1796
6.15,0.6887732,1796
6.12,0.38359568,1796
6.08,-3.16364,1796
6.06,0.75912243,1796
6.03,-0.7709345,1796
5.89,-2.5674262,1796
5.79,-2.7223365,1796
5.74,-1.6119006,1796
5.59,-1.5907506,1796
5.5,-3.6532772,1796
5.38,-1.7905174,1796
5.34,-3.0271332,1796
5.2,-5.238625,1796
4.65,-4.755935,1796
4.64,-6.1699896,1796
4.55,-4.336101,1796
8.08,4.771711,11555
7.17,-1.4789289,9309
6.44,-5.1229444,9309
6.0,0.3192717,9309
5.96,-5.059642,9309
5.75,-6.638485,9309
5.12,-2.9166746,9309
6.68,-1.0115664,2607
6.68,2.4641206,2607
6.66,0.86925375,2607
6.62,2.0195358,2607
6.31,5.3071523,2607
6.31,5.073732,2607
6.29,3.3697617,2607
5.92,1.9430835,2607
5.89,-1.9394931,2607
5.82,0.15073715,2607
5.8,2.258567,2607
5.68,-0.78560454,2607
5.58,1.7608536,2607
5.55,-0.49474367,2607
5.46,1.2854128,2607
5.03,-0.38641435,2607
6.04,-4.318867,10125
5.24,-2.5622814,10125
6.13,-2.013689,4669
5.36,-1.251272,3522
7.72,-0.3284731,2149
8.92,3.8098996,11118
8.82,0.5736599,11118
8.59,5.6991634,11118
8.59,3.3242133,11118
8.57,5.760905,11118
8.57,3.4783702,11118
8.54,5.6737647,11118
8.49,5.8171906,11118
8.49,5.686556,11118
8.47,0.32213503,11118
8.43,6.2785354,11118
8.42,6.327765,11118
8.41,3.2029219,11118
8.36,7.183647,11118
8.33,-1.6814779,11118
8.28,6.602432,11118
8.26,-1.7373794,11118
8.21,3.972554,11118
8.21,5.1461267,11118
8.19,4.2075496,11118
8.17,-1.8633156,11118
8.15,0.8427646,11118
8.11,4.898612,11118
8.1,-2.8095174,11118
8.06,4.3612847,11118
8.06,6.084891,11118
8.02,-4.502568,11118
7.67,5.453838,11118
7.25,4.968477,11118
7.19,-1.6183873,11118
7.17,-3.0219915,11118
7.12,-1.4196407,11118
7.96,2.9568858,5051
8.21,-6.4636145,16029
5.0,1.4546257,7553
9.0,0.10534161,1226
8.0,-2.1298344,1226
7.92,2.266826,1226
6.5,0.20830126,1226
6.3,-0.076008946,1226
7.75,1.7729183,823
7.54,1.7274687,823
7.5,0.16986337,823
7.5,0.48276907,823
7.38,0.69150144,823
7.35,2.2126324,823
7.3,1.0623987,823
7.17,-3.4043913,823
7.15,0.69150144,823
7.04,-3.6733754,823
6.96,-2.1590383,823
6.48,-1.8458295,823
6.44,0.523383,823
6.44,2.7708724,823
6.39,-1.3013406,823
6.04,1.0712957,823
5.89,-1.9640913,823
5.81,-0.44897473,823
5.69,-0.3173196,823
5.28,-1.6709813,823
6.61,4.0737996,7043
6.59,4.2603483,7043
6.53,3.647414,7043
6.41,4.4929237,7043
4.7,-5.8223033,16353
4.7,-4.260624,16353
5.01,-6.1978264,9188
4.98,-5.6025443,9188
4.75,-6.9961715,9188
4.59,-7.3586354,9188
4.5,-5.486098,9188
8.0,-2.7913685,12755
8.0,-2.6160376,12755
7.9,0.14763278,12755
7.8,-3.2188172,12755
7.7,-0.047707338,12755
7.7,-0.934649,12755
7.7,-1.281102,12755
7.6,2.1705348,12755
7.6,-0.23937054,12755
7.5,-0.49388722,12755
7.5,-1.6694973,12755
7.4,-1.8393824,12755
7.4,-1.8873607,12755
7.4,-1.3519708,12755
7.4,-2.1114194,12755
7.4,-1.550377,12755
7.4,-2.6806767,12755
7.3,1.0207084,12755
7.3,1.0207084,12755
7.3,-3.7986758,12755
7.2,-0.047707338,12755
7.2,-5.065842,12755
7.2,-3.0695045,12755
7.1,-1.4134592,12755
7.1,-2.1320066,12755
7.1,0.5568941,12755
7.0,-3.2188172,12755
7.0,-1.829822,12755
6.9,-6.668983,12755
6.9,-1.9933107,12755
6.7,-5.4169183,12755
6.5,-2.5610936,12755
6.4,-1.8261862,12755
6.3,-6.767752,12755
6.1,-6.1007414,12755
5.8,-1.4134592,12755
5.5,-3.968724,12755
5.4,-8.20092,12755
5.1,-7.6087174,12755
4.5,-5.047303,12755
5.37,-5.9881043,12199
8.2,2.6925304,12346
7.97,3.075715,14115
8.57,0.013276771,17096
8.3,2.1985512,17096
8.08,1.1941658,17096
8.02,1.4687248,17096
8.0,1.4885745,17096
7.92,4.198647,17096
7.82,0.16031455,17096
7.66,4.388072,17096
7.62,1.8506998,17096
7.62,1.9132859,17096
7.51,-0.38136977,17096
7.48,-1.666498,17096
7.43,-1.7262883,17096
7.42,-0.3294157,17096
7.37,-2.69977,17096
7.35,-3.7439206,17096
7.3,0.6477502,17096
7.25,-1.662626,17096
7.22,3.1650963,17096
7.2,0.027219411,17096
7.19,3.05658,17096
7.18,0.5420048,17096
7.11,-1.2108221,17096
7.06,-0.89655304,17096
7.06,-2.1711109,17096
7.05,0.46698758,17096
7.04,0.79895055,17096
6.98,0.04359024,17096
6.9,3.7145603,17096
6.76,-0.81595844,17096
6.71,2.0072708,17096
6.7,2.9557552,17096
6.42,3.2285511,17096
6.36,-1.3269963,17096
6.35,2.4440904,17096
6.3,-0.66364616,17096
6.2,-1.0796169,17096
6.2,1.5026547,17096
6.04,4.491142,17096
5.96,2.0175173,17096
5.8,-2.1745496,17096
5.11,1.5062094,17096
5.8,-2.5772085,5871
5.05,-5.405658,5871
5.0,-6.6595078,5871
4.68,-0.7761105,5871
4.64,-4.259112,5871
4.51,-4.5059304,5871
4.06,0.6439642,5871
4.01,-5.005426,5871
7.77,0.831637,14172
7.6,-2.598505,14172
5.14,-3.0650845,4200
4.32,-4.6020594,2669
7.43,1.7330066,17621
7.97,0.32573023,9679
8.7,0.077530235,17853
8.52,-1.3153803,17853
8.52,-1.4270741,17853
8.4,2.2624621,17853
8.4,-0.98133314,17853
8.22,-1.9704559,17853
8.15,-0.82424355,17853
8.15,-2.4407403,17853
8.1,1.5732943,17853
8.1,1.3266865,17853
8.0,0.039696693,17853
8.0,0.51026785,17853
8.0,0.5070693,17853
7.92,-3.07838,17853
7.85,0.33620855,17853
7.75,1.9319484,17853
7.64,-0.24728577,17853
7.57,-0.055092137,17853
7.57,-0.4062699,17853
7.46,-1.2620397,17853
7.27,1.0412573,17853
5.72,1.7095416,17853
7.8,1.5792489,5685
7.64,-0.6873509,5685
7.48,-2.8347404,5685
7.4,-3.9172635,5685
7.1,0.28537664,5685
6.89,-0.8447913,5685
6.66,-1.6646023,5685
5.1,-2.2083607,5685
8.54,3.85135,13357
8.39,2.6804368,13357
8.01,3.5675874,13357
8.0,3.2644856,13357
7.8,3.7077463,13357
7.8,2.1765075,13357
7.78,1.4840548,13357
7.76,1.4303552,13357
7.75,2.9615269,13357
7.61,3.7120318,13357
7.51,3.5467014,13357
7.48,2.9321687,13357
7.48,1.7284576,13357
7.48,2.0029154,13357
7.4,2.6930614,13357
7.32,4.054175,13357
7.29,2.0727744,13357
7.26,1.0902776,13357
7.16,3.535611,13357
6.91,2.99316,13357
6.68,3.1504998,13357
5.58,0.10308294,13357
5.03,0.3317307,13357
8.42,-2.1500478,12720
8.07,-4.1416492,12720
7.82,-3.2154782,12720
7.82,-4.922205,12720
7.68,-3.123737,12720
7.54,-4.1504545,12720
7.32,-2.9391794,12720
7.1,-3.155899,12720
7.06,-2.917056,12720
7.04,-1.4004276,12720
7.02,-4.6184697,12720
6.96,-3.8673537,12720
6.89,-4.183108,12720
6.89,-3.709618,12720
6.85,-2.2452238,12720
6.66,-5.1669316,12720
6.55,-1.2461923,12720
6.44,-2.372353,12720
6.35,-0.6928197,12720
6.14,-2.73225,12720
6.13,-2.7943246,12720
6.13,2.7113926,12720
6.11,-2.90483,12720
6.09,-5.3621306,12720
6.08,-2.4018185,12720
5.89,-4.922205,12720
5.71,-0.81102026,12720
5.6,-1.0806426,12720
4.92,-3.357017,12720
7.09,-0.75581956,13491
7.06,-1.1594627,13491
8.11,-0.8072469,4793
8.1,0.48483196,4793
8.0,0.8416482,4793
7.96,3.907268,4793
7.92,4.3459344,4793
7.89,0.055571023,4793
7.8,1.644708,4793
7.66,-0.30380133,4793
7.66,2.676029,4793
7.6,0.22371082,4793
7.5,3.497379,4793
7.47,0.3842279,4793
7.47,-0.022007775,4793
7.34,-0.16406773,4793
7.14,-1.2403295,4793
7.01,-1.4273297,4793
7.0,2.3233986,4793
6.95,0.1902197,4793
6.95,0.8461836,4793
6.93,2.1732821,4793
6.9,-1.333391,4793
6.87,-0.10128422,4793
6.83,-0.058677483,4793
6.7,-3.0063794,4793
6.64,-0.5136759,4793
6.26,3.347511,4793
6.24,-0.17803417,4793
7.05,-0.635854,14648
7.68,2.1467173,15868
7.44,-0.37902993,13810
7.0,-2.1118355,13810
6.25,-4.9860687,13810
6.04,-0.06563936,13810
6.0,-2.345046,13810
5.64,-2.3437345,13810
8.22,5.3088694,9090
6.69,1.4070596,9090
9.15,3.693653,11185
8.92,2.6455548,11185
8.8,5.414543,11185
8.6,5.7062163,11185
8.35,3.7686229,11185
8.08,1.5253,11185
7.99,4.4279766,11185
7.95,6.930634,11185
6.9,3.6879675,11185
6.67,5.691594,11185
6.45,5.39249,11185
8.24,3.1765797,4871
7.35,-2.9615285,4871
6.44,3.3663597,4871
7.58,4.5999675,16176
6.68,-4.1911244,16176
6.68,-1.2902408,16176
6.57,-3.536423,16176
5.95,-3.788906,16176
5.87,-8.046575,16176
5.81,-2.6868236,16176
5.74,-1.3287947,16176
5.66,-1.9143398,16176
5.57,-5.214591,16176
5.54,-4.2377734,16176
5.43,2.5962083,16176
5.21,1.2372669,16176
5.16,-4.029511,16176
5.16,-1.7742614,16176
5.15,-0.46770248,16176
5.03,-0.27821213,16176
5.03,1.0051123,16176
5.01,-0.44192803,16176
4.92,-0.8857689,16176
4.84,1.1412541,16176
4.72,-4.6510034,16176
4.6,-1.7263767,16176
4.5,-5.886206,16176
4.5,0.18219557,16176
4.48,-1.1549313,16176
4.48,3.7385385,16176
4.57,-3.5303924,10030
7.6,-2.2166934,5803
5.46,-7.412533,6499
7.88,-1.9964187,12295
7.22,3.3354366,12295
6.43,0.45503098,12295
6.42,1.8324747,12295
6.08,2.1489928,12295
6.01,4.646775,12295
5.94,-5.3369303,12295
5.73,1.0962373,12295
5.72,0.27724433,12295
5.08,2.3761613,12295
7.28,-1.6519489,6843
7.09,-3.6499434,12315
7.05,-5.0878234,12315
6.88,-2.9907858,12315
6.67,-0.92120373,12315
6.58,-1.1609341,12315
6.41,-3.1053007,12315
5.98,0.088438906,12315
5.96,-0.4889631,12315
5.65,-5.0878234,12315
8.34,3.167882,5861
7.15,-3.0944202,5461
7.06,0.23808172,5461
7.0,-0.50358516,5461
6.96,-2.0252228,5461
6.89,-0.12140326,5461
6.75,0.24426451,5461
6.72,-0.680035,5461
6.72,-2.4370348,5461
6.55,-2.6805027,5461
6.3,-2.7264297,5461
6.28,0.11953156,5461
6.16,-0.42523268,5461
6.04,-2.3780773,5461
6.02,-2.7380326,5461
5.96,-2.4731812,5461
5.77,-1.7215236,5461
5.62,-2.106294,5461
5.6,-2.08892,5461
4.38,-5.597874,11011
6.42,0.4634651,12835
7.5,3.5034459,17514
6.73,-0.20282412,17514
5.72,-0.98039055,2255
9.31,0.032942943,12069
9.21,1.1317089,12069
9.0,0.0295454,12069
8.89,-1.5942148,12069
8.89,-0.80819464,12069
8.82,4.232907,12069
8.8,3.601376,12069
8.68,-1.0376786,12069
8.66,6.620697,12069
8.6,-3.9825952,12069
8.6,0.46298003,12069
8.59,4.5550246,12069
8.59,6.377258,12069
8.43,-0.0778227,12069
8.41,4.0086493,12069
8.4,4.650921,12069
8.32,0.9145536,12069
8.32,6.620697,12069
8.31,4.0086493,12069
8.28,-1.0678548,12069
8.28,3.4749913,12069
8.27,-1.9954214,12069
8.26,-2.4562044,12069
8.24,4.208814,12069
8.24,0.71552587,12069
8.18,4.71549,12069
8.09,1.1957363,12069
8.05,3.5691938,12069
7.9,4.1326756,12069
7.87,0.16727047,12069
7.78,3.3876586,12069
7.7,2.122392,12069
7.69,0.22200955,12069
7.67,-3.1218946,12069
7.54,-2.0758226,12069
7.39,-1.4052366,12069
5.6,-1.6520247,12069
7.14,-7.8892627,12401
7.07,-6.3647227,12401
6.98,-7.479161,12401
6.96,-8.833348,12401
6.82,-7.2730875,12401
6.68,-8.707216,12401
6.67,-6.8480296,12401
6.6,-7.1785355,12401
6.55,-8.819719,12401
6.51,-7.1071105,12401
6.47,-7.4163823,12401
6.39,-7.645987,12401
6.29,-8.018254,12401
6.25,-5.9269185,12401
6.21,-6.3758388,12401
6.11,-7.35998,12401
5.91,-5.81947,12401
5.25,-2.480244,5284
9.03,5.913709,9135
8.92,6.87295,9135
8.89,6.561377,9135
8.77,5.7408934,9135
5.16,-6.9614472,8680
7.61,1.1887912,8824
6.06,0.9000893,4012
8.96,4.2629566,8425
8.6,1.6024388,8425
8.51,3.4734886,8425
8.48,2.7517383,8425
8.35,-2.4795086,8425
8.3,5.8608465,8425
8.17,-2.7366068,8425
8.13,-2.1375043,8425
7.92,3.4061081,8425
6.73,2.6299274,8425
7.19,2.0807056,2383
6.21,-0.6639646,10106
6.0,-2.8180285,10106
6.25,-6.6270733,6544
6.22,-2.5196893,15103
5.64,4.1460915,10183
8.7,1.792839,12060
8.52,1.792839,12060
8.22,1.792839,12060
8.22,3.3907998,12060
7.66,1.792839,12060
6.8,3.3907998,12060
6.29,3.3907998,12060
5.75,3.3907998,12060
8.92,3.4325259,13917
8.0,-0.9501884,8119
5.44,-5.5363755,12201
5.98,3.2671049,62
9.49,2.6432652,6096
9.17,2.675902,6096
9.09,3.4605174,6096
8.85,3.1940315,6096
8.8,3.068836,6096
8.74,3.0065243,6096
8.7,2.485475,6096
8.6,4.224196,6096
8.57,3.3619153,6096
8.57,4.234485,6096
8.54,-0.9375876,6096
8.52,4.507459,6096
8.52,2.1172807,6096
8.42,1.6007687,6096
8.38,1.7191801,6096
8.3,1.7244406,6096
8.29,1.8978989,6096
8.28,3.2591553,6096
8.26,4.176669,6096
8.19,1.8744031,6096
8.16,2.5268302,6096
8.1,3.5744588,6096
8.07,1.7798623,6096
8.05,4.728908,6096
8.02,1.3590363,6096
8.0,3.2072637,6096
7.96,3.1147022,6096
7.96,2.303686,6096
7.82,0.33016953,6096
7.8,2.1120627,6096
7.77,1.7498295,6096
7.75,3.2497015,6096
7.75,3.3571754,6096
7.75,1.6601542,6096
7.68,2.668977,6096
7.66,2.7584858,6096
7.66,3.5292008,6096
7.64,1.8386968,6096
7.62,-3.4958236,6096
7.62,3.8904033,6096
7.6,0.22271685,6096
7.57,2.183126,6096
7.55,1.6341262,6096
7.54,1.8967236,6096
7.52,5.149118,6096
7.52,0.7264841,6096
7.51,1.8334464,6096
7.51,2.6946187,6096
7.48,2.1286092,6096
7.48,1.7050792,6096
7.47,2.5508275,6096
7.46,2.2722144,6096
7.44,0.59636366,6096
7.44,2.5247197,6096
7.42,1.9630286,6096
7.42,2.4811788,6096
7.41,3.355958,6096
7.4,0.16983244,6096
7.38,1.422789,6096
7.38,-0.07414608,6096
7.37,0.24128854,6096
7.37,3.019943,6096
7.37,0.7852019,6096
7.35,0.82561934,6096
7.35,0.3814814,6096
7.34,1.2363203,6096
7.32,1.1993009,6096
7.32,1.8838017,6096
7.29,1.8748271,6096
7.28,1.8496853,6096
7.28,2.5161073,6096
7.25,-0.6942041,6096
7.25,1.4452976,6096
7.24,2.2263942,6096
7.22,1.0091327,6096
7.22,0.87476325,6096
7.21,2.8863106,6096
7.18,0.7801171,6096
7.16,1.2321355,6096
7.12,0.51146805,6096
7.12,1.7045126,6096
7.11,0.9787034,6096
7.11,0.95369506,6096
7.09,-2.5005393,6096
7.06,0.9178133,6096
7.05,0.5378077,6096
7.04,0.894744,6096
7.04,0.5772317,6096
7.04,-0.39276293,6096
7.03,0.72282636,6096
7.02,1.433673,6096
7.0,2.3357294,6096
6.92,-0.14048824,6096
6.85,0.1829921,6096
6.82,-0.49647507,6096
6.68,-1.0126411,6096
6.68,-0.25780737,6096
6.64,-2.4421673,6096
6.58,-0.30767992,6096
6.58,-0.349567,6096
6.41,-2.429179,6096
6.34,0.84860027,6096
6.07,-0.8288916,6096
6.01,-2.6953447,6096
5.77,-2.5944624,6096
5.55,-1.8170824,6096
5.44,-4.0662904,6096
7.12,0.9622814,4814
7.01,1.1892356,4814
7.0,0.64698976,4814
6.96,-0.6350877,4814
6.8,1.7167195,4814
6.72,0.18101786,4814
6.36,-5.3157578,4814
6.19,0.74847907,4814
4.43,-3.750338,4814
4.4,-5.7030215,1642
5.03,-6.393597,5414
4.93,-5.34179,5414
4.77,-3.914161,5414
4.71,-7.9029384,5414
4.66,-7.484569,5414
4.61,-5.359954,5414
4.55,-6.322178,5414
4.46,-6.9473557,5414
4.38,-7.7156925,5414
4.36,-7.722156,5414
6.52,-3.4952395,15408
6.52,-6.018785,15408
6.4,-4.713173,15408
6.3,-7.0679584,15408
6.3,-3.1221185,15408
6.16,-8.08678,15408
6.05,-4.8327613,15408
6.05,-1.4913565,15408
6.05,-1.7415552,15408
5.96,-1.1479567,15408
5.85,-6.0791655,15408
5.72,-3.5065963,15408
5.72,-3.8942583,15408
5.7,-2.1059322,15408
5.68,-4.4862084,15408
5.68,-5.819395,15408
5.68,-6.6414347,15408
5.55,-3.3000267,15408
5.5,-5.4852304,15408
5.35,-7.2207117,15408
5.32,-6.5211697,15408
4.87,-2.2951493,15408
6.62,5.8151793,5251
8.3,2.962793,5088
7.35,3.1059027,5088
7.0,3.638731,5088
6.92,3.512549,5088
6.82,3.1567822,5088
6.68,3.5637474,5088
6.68,-0.0068156905,5088
6.62,0.70680684,5088
6.55,2.7506454,5088
6.55,2.1192272,5088
6.47,3.5369232,5088
6.41,2.2491941,5088
6.37,2.7422066,5088
6.34,4.4342957,5088
6.26,3.7122316,5088
6.24,0.47483853,5088
6.07,2.9602878,5088
5.91,2.766059,5088
9.52,5.015992,14465
9.49,4.992073,14465
9.47,4.6445365,14465
9.42,3.1831849,14465
9.27,7.875256,14465
5.41,0.78880745,6475
7.61,2.1316888,5391
7.6,1.3019245,5391
7.39,1.4175428,5391
7.3,0.8330123,5391
7.24,1.7794757,5391
7.18,1.6385423,5391
7.13,-0.75443935,5391
7.08,-1.1281115,5391
6.88,-0.7985224,5391
6.78,-1.6408824,5391
6.7,-8.966424,5391
9.8,1.9862864,11184
9.6,2.3594682,11184
9.49,-2.9154053,11184
8.83,-5.2665176,11184
8.67,-1.2564698,11184
8.66,-1.2114501,11184
8.48,2.5715725,11184
7.8,3.0073729,11184
7.54,-2.4493372,11184
7.14,3.467179,11184
7.7,-0.59615463,1287
6.35,1.8916311,1287
6.05,1.7738374,1287
6.02,-1.2354673,1287
6.0,-0.62411976,1287
6.0,-3.7026272,1287
8.77,0.885565,7280
9.52,5.977345,8229
8.89,4.9538884,8229
8.4,3.7782454,1065
8.3,-0.7031744,1065
8.22,0.17014521,1065
8.1,2.3161306,1065
7.96,-0.4957135,1065
7.92,3.1382108,1065
7.92,-1.6852869,1065
7.89,-3.9839566,1065
7.82,-0.051329453,1065
7.77,-1.4453031,1065
7.75,0.061338477,1065
7.75,-1.9740679,1065
7.72,-2.5987508,1065
7.7,-2.9501417,1065
7.66,-2.2607296,1065
7.64,-3.3974109,1065
7.58,0.45269296,1065
7.57,-1.9254969,1065
7.54,-0.7263843,1065
7.42,-1.8041979,1065
7.42,-3.3618877,1065
7.37,-4.4243393,1065
7.28,-4.0531707,1065
7.24,-2.1797628,1065
7.2,-2.5599937,1065
7.15,-1.694988,1065
7.05,-3.5125153,1065
6.96,-3.2722828,1065
6.78,-2.4432368,1065
6.75,-0.5967791,1065
6.64,-3.8546138,1065
6.21,-3.9585357,1065
6.15,-0.42252105,1065
5.97,-5.6289244,1065
5.93,-4.4163337,1065
5.69,-1.5586993,1065
5.62,2.3231173,1065
7.51,0.11006065,5307
7.34,0.7580114,5307
6.79,1.0135436,5307
6.71,0.46225804,5307
6.69,-3.6816227,5307
6.69,3.7340226,5307
6.58,1.214875,5307
6.33,1.3176829,5307
5.82,-1.6473503,5307
5.0,-0.9692335,5307
5.0,-0.2785668,5307
4.92,1.1278944,5307
7.35,-0.106569916,9639
6.21,1.8268447,5450
7.96,0.19641407,12313
7.66,0.3162566,3857
7.27,-0.79930633,3857
6.9,-0.512574,3857
6.58,-3.232969,3857
7.27,-4.3060393,9504
7.88,3.3198893,13297
7.65,1.3241017,13297
7.16,-1.2149261,13297
7.01,-0.72176236,13297
7.0,0.59216857,13297
6.87,0.8124103,13297
6.73,2.6492941,13297
6.43,-1.8353966,13297
6.36,-3.97951,13297
6.77,-5.2997737,8493
5.28,-6.9445806,8493
6.81,-0.26360804,9638
7.96,0.8053189,679
7.85,0.21871397,679
7.8,2.4541218,679
7.8,1.7139394,679
7.64,-1.0176699,679
7.43,1.8545097,679
7.4,0.41025463,679
7.38,-0.086154416,679
7.38,3.765437,679
7.36,3.7733858,679
7.26,1.5961181,679
7.24,-1.486324,679
7.19,-0.11601102,679
7.19,0.9635023,679
7.18,1.1773624,679
7.16,2.5328767,679
7.12,0.07818811,679
7.03,1.7561114,679
6.82,-2.3642988,679
6.72,-1.0101378,679
7.02,1.8634318,13537
5.32,-4.711843,8010
5.25,-8.602318,8010
5.21,-7.2712984,8010
5.12,-9.032588,8010
5.06,-6.5069203,8010
4.82,-7.8325686,8010
4.73,-5.3491454,8010
6.27,1.5438159,9520
6.15,-0.6839994,9520
5.04,-1.0612373,11544
9.0,-1.7518026,1265
8.7,-3.7206235,1265
7.89,-1.1184632,1265
7.68,-1.2571595,1265
7.42,-3.3413877,1265
7.05,1.5743382,1265
6.82,-0.8111053,15986
6.49,-0.61486864,15986
5.85,0.86303973,15986
5.63,-0.9382068,15986
9.6,2.5402846,12976
5.15,1.5304211,6189
5.08,-0.7294738,6189
5.07,-5.0490055,6189
5.03,-3.0339653,6189
6.1,-0.7175824,17504
5.92,-0.810877,17504
5.8,-1.9156094,11099
9.19,3.3915164,6222
8.89,6.4795938,6222
8.85,2.8297768,6222
8.8,3.1940365,6222
8.77,5.9817224,6222
8.74,5.996221,6222
8.74,2.0319238,6222
8.7,6.148292,6222
8.64,3.1940365,6222
8.57,2.32778,6222
8.54,2.950748,6222
8.51,3.8451474,6222
8.49,8.158224,6222
8.49,3.1940365,6222
8.48,3.4247358,6222
8.47,6.1627717,6222
7.67,4.994725,6222
7.48,-0.3686464,6222
7.44,5.739012,6222
7.13,1.1055481,6222
6.84,-2.4070065,6222
8.4,0.735963,3716
8.34,3.3959463,3716
8.16,4.820127,3716
6.16,-2.3603978,761
4.56,-6.9707212,1859
7.21,-0.16861306,6749
8.05,1.359478,1050
7.77,5.0146046,1050
7.7,2.8715878,1050
7.55,1.8305514,1050
7.55,3.6087341,1050
7.4,6.1312394,1050
7.19,4.724112,1050
6.31,-1.3170551,1050
5.85,-1.3944478,1050
7.72,4.469425,7893
7.65,3.162615,7893
7.31,-0.4670811,7893
7.13,-1.6207047,7893
6.81,1.7908728,7893
6.57,2.3567502,7893
6.42,-2.3213491,7893
6.36,0.0338397,7893
6.31,-3.1422951,7893
6.16,3.4991593,7893
5.84,-2.811715,7739
5.22,-3.713598,7739
5.04,-3.5089748,7739
4.89,-2.811715,7739
8.47,3.8257842,9469
8.41,4.978687,9469
8.24,3.9741766,9469
8.22,3.4146729,9469
8.15,3.4146729,9469
8.12,5.4505353,9469
7.97,4.614815,9469
7.67,2.4928555,9469
7.53,4.9442215,9469
7.2,2.0999155,9469
6.36,3.80808,9469
5.11,-2.5379326,4979
4.89,-1.2900167,4979
4.64,-2.6318984,4979
5.57,0.15900247,10939
5.36,0.5651484,10939
6.3,-0.9468818,1742
5.0,-4.995221,1742
8.4,0.95702684,12487
8.0,2.7934194,12487
8.0,4.252348,12487
8.0,1.5886632,12487
7.8,4.3217993,12487
7.6,0.8666611,12487
6.7,-2.5021613,12487
6.4,-0.21360005,12487
6.4,-0.91516525,12487
6.4,1.581941,12487
5.8,-2.585534,12487
5.8,-1.1987238,12487
5.8,-3.9833343,12487
5.5,-3.3646712,12487
5.5,-3.284576,12487
5.4,-5.9415627,12487
4.8,-7.574902,12487
4.4,-1.9433064,12487
6.47,-1.1035917,505
9.8,1.3799074,5260
9.74,1.9676645,5260
9.7,3.521889,5260
9.59,-1.0169884,5260
9.57,-0.24838875,5260
9.52,0.9881847,5260
9.51,1.3799074,5260
9.28,0.9881847,5260
9.17,-0.24838875,5260
9.05,1.9676645,5260
9.0,-1.0169884,5260
8.89,1.2480826,5260
8.81,1.2480826,5260
8.59,-1.2662374,5260
8.59,-1.2662374,5260
8.59,2.0798438,5260
8.35,-1.611353,5260
8.3,2.0798438,5260
8.02,-1.611353,5260
7.95,3.8732905,5260
7.89,-1.1338457,5260
7.41,-1.1338457,5260
8.3,1.4198259,14900
6.32,1.1511947,12056
5.5,-1.3349916,12056
6.28,-0.49686792,14516
5.36,-0.67409855,609
5.28,-5.6626973,609
5.39,-5.3615575,1956
6.28,-1.8886545,14226
5.68,0.24804284,14226
5.4,-1.3155559,14226
5.4,-0.586406,14226
5.35,-0.68111604,14226
5.35,1.0059582,14226
5.13,-2.468206,14226
4.89,-0.27481708,14226
7.52,-5.624147,6079
7.3,-7.8738456,6079
7.16,-8.364379,6079
7.1,-1.666567,6079
7.05,-4.5187316,6079
6.92,-5.5314918,6079
6.85,-4.492727,6079
6.77,-9.121409,6079
6.75,-6.80466,6079
6.66,-4.8907566,6079
5.27,2.6942732,9068
5.92,-1.9213283,11396
5.85,3.2758367,11396
4.44,-1.7491041,11396
9.72,5.0027823,5558
7.43,0.22280367,5558
7.09,3.3250134,5558
7.08,-2.6329076,5558
6.92,0.55854976,5558
6.48,-1.7481501,5558
6.4,-4.312372,5558
6.29,1.2896143,5558
6.14,-0.8740358,5558
6.11,-1.0050967,5558
6.1,-2.092272,5558
6.08,-1.0482064,5558
6.03,-0.9086908,5558
5.92,-4.3108077,5558
5.92,0.72070414,5558
5.66,-2.4907863,5558
5.2,1.4462874,5558
5.05,3.214954,5558
8.34,5.093772,2054
7.62,1.4891987,2054
6.97,0.074459255,2054
6.17,1.4236562,2054
6.16,0.26999053,2054
6.0,-2.5938785,2054
6.0,-0.18257345,2054
5.28,-3.4218795,2054
4.77,-2.3201616,2054
6.7,-7.0821333,4601
5.66,-5.543314,4601
5.05,-5.361863,4601
9.2,6.1116247,8980
9.2,4.2855906,8980
9.1,5.162442,8980
9.0,7.06696,8980
8.9,0.747907,8980
8.9,4.8154693,8980
8.9,3.7313583,8980
8.9,5.162442,8980
8.2,-3.6930072,8980
8.1,-0.069226146,8980
8.0,0.96490115,8980
7.6,-1.9265883,8980
7.2,0.035891734,8980
6.8,0.3854647,8980
6.8,-0.7356566,928
6.91,-0.26959845,10474
5.58,1.5147734,10868
5.57,-1.6945837,10868
5.56,-2.4218793,10868
5.37,-4.6807046,10868
5.13,-1.3574353,10868
4.84,-1.0165057,10868
9.4,-1.9722297,13546
9.4,-0.29135743,13546
9.22,-2.982784,13546
9.22,0.45825762,13546
9.22,-3.3269064,13546
9.15,-1.8463761,13546
9.1,-0.24034064,13546
9.05,-1.1268979,13546
8.82,-3.1100276,13546
8.72,-3.0074553,13546
8.7,-3.622974,13546
8.66,-3.4858286,13546
8.64,1.6574774,13546
8.6,1.122037,13546
8.54,-0.5767405,13546
8.51,-0.27834532,13546
8.51,-1.7687607,13546
8.41,-3.9011736,13546
8.34,4.0378566,13546
8.0,-4.644332,13546
7.66,-1.9234645,13546
7.52,-2.9559112,13546
7.44,-1.4883038,13546
7.29,-6.9386597,13546
6.96,-2.4803727,13546
6.88,-1.1809216,13546
8.05,-4.346915,6130
7.62,-3.0866134,6130
7.4,-0.06901313,6130
7.1,-0.538744,6130
6.78,-4.3628225,6130
7.77,2.0222297,13827
5.88,1.8595316,1591
5.52,-0.5307957,1591
5.24,0.8248222,1591
5.21,-1.4582821,1591
5.12,1.1460879,1591
5.09,3.0609818,1591
5.03,2.9518926,1591
4.82,3.8324544,1591
4.39,-2.012286,1591
7.29,0.69621456,315
6.58,2.7389646,315
6.51,0.05588247,315
6.31,-3.2828846,315
8.92,2.6142447,7081
8.35,2.5246367,16985
8.05,-1.0231882,16985
7.89,2.1592464,16985
7.7,-0.7925851,16985
7.64,-0.32662973,16985
7.5,-1.0318866,16985
7.47,1.2542803,16985
7.42,-2.259765,16985
7.21,-0.035201397,16985
7.18,-0.2071431,16985
7.13,-0.84013236,16985
7.1,-1.2624435,16985
7.04,-0.7165539,16985
7.02,-3.307151,16985
6.91,-2.093739,16985
6.91,-2.7905476,16985
6.88,0.2036462,16985
6.76,-1.4679585,16985
6.69,-4.0944185,16985
6.57,-0.5839274,16985
6.48,-5.769869,16985
6.46,-1.2773985,16985
6.35,-3.5349348,16985
6.12,-2.2629066,16985
5.99,-2.6031396,16985
5.82,1.127707,16985
5.73,-3.0855355,16985
5.72,-3.7199018,16985
5.54,-4.4909687,16985
5.42,-4.902393,16985
5.17,-4.2131324,16985
6.54,-2.0708237,11352
6.44,-0.9240174,11352
4.89,-3.8473408,11352
8.98,5.991047,5216
8.81,4.3269696,5216
8.75,5.5635533,5216
8.74,6.439916,5216
8.69,6.838328,5216
8.67,4.1297855,5216
8.62,6.3134193,5216
8.61,3.5678496,5216
8.6,5.148298,5216
8.52,4.3569956,5216
8.51,5.4618154,5216
8.49,5.373349,5216
8.48,4.66749,5216
8.46,4.6516905,5216
8.43,4.8493385,5216
8.4,4.6035457,5216
8.38,5.7139626,5216
8.37,3.67245,5216
8.36,3.4276674,5216
8.33,3.0677173,5216
8.31,4.6237283,5216
8.3,5.418851,5216
8.29,3.6265543,5216
8.29,5.244119,5216
8.28,5.1604443,5216
8.28,2.4574885,5216
8.07,4.951404,5216
8.05,5.4553056,5216
7.99,4.3030276,5216
7.95,5.6018724,5216
7.89,5.616708,5216
7.87,5.5373163,5216
7.85,5.6446486,5216
7.84,5.0926313,5216
7.81,4.3125215,5216
7.81,4.522937,5216
7.76,4.5947113,5216
7.71,5.114717,5216
7.59,3.9888053,5216
8.03,2.082363,9678
7.52,-4.79044,17901
7.4,-6.6242146,17901
6.7,-2.9558592,17901
6.4,-5.2571483,17901
4.7,-3.0817833,17901
9.22,3.4005759,9304
9.22,2.5092762,9304
9.1,2.3610985,9304
9.0,1.3685136,9304
8.76,1.8601,9304
8.24,3.1043427,9304
8.24,1.6519196,9304
8.17,1.5990807,9304
8.13,2.8037882,9304
8.01,1.6383604,9304
8.0,4.9191194,9304
7.85,5.615019,9304
7.8,1.8068895,9304
7.8,-0.231034,9304
7.75,1.9695163,9304
7.75,2.90165,9304
7.72,1.1390228,9304
7.7,0.6065309,9304
7.6,1.8772969,9304
7.57,5.2316685,9304
7.41,2.881616,9304
7.3,-1.5266579,9304
6.83,0.35211125,9304
6.49,4.41677,6728
4.71,-0.064134896,16569
4.4,-7.9564395,16569
8.15,2.6636202,8005
8.15,1.8851603,8005
7.89,2.965508,8005
7.77,1.2475094,8005
7.0,-0.4338497,9795
6.83,0.11025423,9795
8.52,1.5754066,16291
8.0,4.194974,16291
7.68,5.9354115,16291
7.18,-0.987429,16291
6.73,2.3638716,16291
6.65,3.0884116,16291
6.17,-4.2984056,16291
6.06,6.4334564,16291
5.86,1.3403518,16291
5.09,2.848507,16291
5.02,1.9171946,16291
6.16,-4.706702,3263
7.48,3.2478464,12358
7.16,2.9828224,12358
7.15,2.003584,12358
7.04,3.0888703,12358
6.02,-0.14089769,12358
5.7,-7.029738,8490
5.61,-2.0203612,8490
5.55,-6.557387,8490
5.51,-6.7557654,8490
5.5,-4.247192,8490
5.45,-4.951498,8490
5.42,-3.7361453,8490
5.39,-4.7359524,8490
5.37,-7.5477686,8490
5.35,-8.551295,8490
5.32,-0.8132633,8490
5.28,-6.227723,8490
5.26,-2.0733209,8490
5.24,-5.4414487,8490
5.22,2.6034496,8490
5.22,3.4099574,8490
5.22,-6.5962605,8490
5.2,-7.6109943,8490
5.18,-4.4375114,8490
5.15,-6.6056676,8490
5.14,-5.181717,8490
5.13,-6.348007,8490
5.11,-6.876519,8490
5.07,-5.9912324,8490
5.06,-4.9643493,8490
5.05,-7.238254,8490
5.03,-3.2663436,8490
5.87,-9.636581,3038
5.54,-6.4432907,3038
5.29,-3.0549536,3038
5.24,-0.39782026,3038
5.19,-7.73531,3038
5.13,-6.0998545,3038
5.09,-2.9062262,280
6.64,1.8474749,5833
6.06,-0.91279644,5833
5.92,-1.303859,5833
5.6,0.39135504,5833
5.54,-1.0751932,5833
5.52,1.1382174,5833
5.3,0.08049338,5833
5.21,-1.6822562,5833
5.2,-1.703608,5833
5.1,-3.0950358,5833
5.1,-3.0253806,5833
5.08,-1.9896348,5833
6.52,-1.3467897,502
4.44,-4.7742763,5208
7.81,1.5540295,4055
7.36,0.2743105,14240
8.22,1.7188321,2051
7.96,-2.111861,2051
7.92,1.974225,2051
7.57,4.204149,2051
7.52,2.4830463,2051
7.42,-0.02853765,2051
7.22,-0.70273614,2051
6.71,-5.0370517,2051
7.47,0.7462302,7260
5.87,0.23172829,2546
9.15,5.6476183,10783
9.3,-0.95408165,10561
8.89,4.2966037,10561
8.8,0.93988675,10561
8.8,2.008001,10561
8.8,-0.07193555,10561
8.7,1.688993,10561
8.7,0.351903,10561
8.6,1.3170611,10561
8.6,2.857787,10561
8.6,2.7687113,10561
8.32,0.93988675,10561
8.3,1.3133779,10561
8.2,0.21766117,10561
8.2,1.8209906,10561
8.1,2.9808502,10561
8.05,0.5795446,10561
7.36,-2.410325,12869
6.81,0.40459752,12869
5.21,-3.645478,7603
8.1,1.86445,4638
8.0,3.048058,4638
8.0,1.7722508,4638
7.96,-0.95958555,4638
7.96,-0.5915769,4638
7.82,3.0017238,4638
7.64,-2.1925845,4638
7.6,0.5845174,4638
7.35,-2.3892374,4638
7.31,-2.2443085,4638
6.62,-2.1119087,4638
6.57,-3.4720604,4638
6.51,-3.5446873,4638
6.47,-2.1407282,4638
8.1,4.424828,12359
8.04,2.3582525,12359
7.85,3.1514766,12359
7.8,0.26796383,12359
7.21,-0.012997642,12359
6.08,-2.6312,7975
8.7,-3.8779752,5289
8.7,0.74351597,5289
8.7,-0.80693966,5289
8.52,-0.47680983,5289
8.52,-1.436979,5289
8.52,-0.9456642,5289
8.4,0.44708022,5289
8.4,-1.3935775,5289
8.4,-1.8813139,5289
8.3,1.5755314,5289
8.3,-4.2206516,5289
8.15,-3.3724167,5289
8.1,-1.2756225,5289
8.0,-4.434536,5289
7.85,-1.8628377,5289
7.8,-0.9456642,5289
7.72,-4.878094,5289
7.64,-0.75684184,5289
7.62,-6.1719427,5289
7.39,0.47858444,5289
7.38,0.47858444,5289
7.37,1.0988271,5289
7.28,-0.73738503,5289
7.24,-0.43496364,5289
7.23,-2.1980214,5289
6.72,-1.436979,5289
6.62,-4.651788,5289
6.16,-3.1178966,5289
5.92,-1.5945001,15657
7.92,-1.0060043,4072
7.77,3.9853969,4072
7.7,3.1646852,4072
7.62,4.431911,4072
7.62,1.3797606,4072
7.57,0.08847885,4072
7.48,1.9978161,4072
7.46,3.7049725,4072
7.44,1.2840371,4072
7.4,0.57905215,4072
7.31,2.2238533,4072
7.18,4.3987203,4072
7.17,2.7865486,4072
7.07,1.9708525,4072
6.75,2.973954,4072
6.55,0.434521,4072
6.19,-2.2744257,4072
8.7,3.6068463,2843
4.01,-3.7801006,4267
5.03,-4.4708133,11568
8.68,2.5698283,3244
5.52,-2.5965166,339
4.92,-8.120849,339
4.85,-7.5153317,339
9.03,10.234013,6785
8.8,-0.6322278,6785
8.49,-3.6254284,6785
8.1,-3.3916795,6785
7.8,-2.1838942,6785
7.1,-0.1961613,6785
8.92,-1.9934878,11775
8.77,-2.2452042,11775
8.72,-1.2503657,11775
8.66,-0.95712864,11775
7.5,-1.8253098,11775
7.44,2.8614006,13026
7.88,1.0620319,13729
6.36,-1.9493265,13729
7.24,-0.2559518,15441
7.14,0.9339017,15441
6.72,-1.9199138,15441
6.7,-1.2527255,15441
6.68,2.1267033,15441
6.66,0.31351247,15441
6.66,-1.1667358,15441
6.6,-2.3511846,15441
6.6,-0.9915315,15441
6.41,-2.0997517,15441
6.28,-3.22558,15441
6.28,-2.8551166,15441
6.1,-1.9293278,15441
6.02,-1.7508938,15441
6.01,-3.0792892,15441
6.01,-3.9757998,15441
5.91,-0.70031136,15441
5.87,-1.5895103,15441
5.83,-0.9311956,15441
5.62,-2.7448664,15441
5.56,-1.8642682,15441
5.46,-4.097638,15441
10.0,4.0406394,4220
7.62,3.4466617,17896
6.61,0.85169625,17896
9.52,0.27828023,6174
9.52,3.963979,6174
9.41,4.706792,6174
9.4,6.506864,6174
9.3,6.139621,6174
9.22,4.5281944,6174
9.15,1.836736,6174
9.1,3.409352,6174
9.1,-1.5111508,6174
9.1,3.9051063,6174
9.0,4.706792,6174
8.89,1.3382585,6174
8.77,4.5972395,6174
8.77,4.79858,6174
8.72,3.5903406,6174
8.7,3.1852083,6174
8.7,0.3309196,6174
8.68,5.6053796,6174
8.54,3.1002593,6174
8.42,4.917232,6174
8.39,3.8189676,6174
8.38,4.9386663,6174
6.4,-1.4131693,933
6.2,-2.337566,933
6.0,-4.365117,933
5.7,-0.6303988,933
5.4,-3.044213,933
5.3,-1.4172162,933
5.2,-3.118016,933
5.2,-3.2655847,933
5.0,-4.066144,933
4.9,-3.719465,933
4.8,-2.644282,933
5.42,-5.3104515,17532
8.4,3.717182,813
5.36,4.3285804,6535
7.66,2.1257849,12773
7.01,3.4569898,12773
6.72,2.515407,12773
5.07,-2.1988688,4980
4.48,-1.4168891,4980
7.51,-0.32194194,16799
8.96,7.713265,14023
8.96,7.6482344,14023
8.96,3.8752582,14023
8.92,2.4751134,14023
8.89,7.177496,14023
8.85,4.8368607,14023
8.82,5.10902,14023
8.8,6.4090614,14023
8.77,6.6831727,14023
8.7,6.767654,14023
8.57,2.512156,14023
8.35,5.2979074,14023
7.96,0.59151846,4171
9.22,0.21093531,14523
8.91,5.762854,8875
8.85,4.6531544,8875
8.63,5.8612623,8875
8.49,6.17352,8875
8.45,5.197989,8875
8.35,0.043741792,8875
8.17,5.337436,8875
8.1,6.0787473,8875
7.88,2.5691938,8875
7.7,-4.578532,17582
7.3,-3.1359558,17582
7.1,-2.8950348,17582
6.89,-0.92743796,17582
6.85,-7.0639358,17582
6.8,-5.102827,17582
6.68,-4.704642,17582
6.55,-4.0169716,17582
6.51,-4.5838056,17582
5.54,-3.4658039,17582
5.75,-5.26123,2738
7.17,2.0600274,1517
6.16,-0.8288389,7408
6.52,1.4659748,10328
7.33,0.7115249,7575
10.0,4.8771996,10703
9.64,-2.569484,10703
9.42,5.144087,10703
9.38,5.425047,10703
9.36,1.3728149,10703
9.34,2.8328896,10703
9.24,6.0213404,10703
9.23,4.534404,10703
9.18,5.144087,10703
9.15,6.988998,10703
9.03,2.3552856,10703
8.85,4.1869946,10703
8.72,4.867887,10703
8.72,3.1981351,10703
7.5,5.063425,10703
7.62,1.9538803,11358
6.41,-4.6303473,11358
6.38,-1.8421044,11358
6.35,-3.687414,11358
8.52,2.0318813,7919
8.15,1.3082045,7919
7.92,-1.3126305,7919
7.92,3.6900592,7919
7.7,2.9829533,7919
7.44,4.052568,7919
6.02,-1.1020949,9293
6.05,-3.743076,15143
5.7,-6.215513,15143
5.22,-2.3305633,15143
5.22,-3.9460573,15143
5.1,-6.7786427,15143
4.92,-3.7226546,15143
4.77,-7.171554,15143
4.6,-7.00948,15143
4.4,-7.257675,15143
4.4,-5.0817375,15143
4.4,-8.058366,15143
4.3,-6.182819,15143
4.19,-3.5533535,15143
4.16,-8.939252,15143
4.05,-6.81678,15143
6.88,4.7168064,3098
5.92,-1.7953439,3409
5.21,-5.6186543,3409
6.92,-3.6340668,14743
6.72,-4.373069,14743
6.6,-3.3985052,14743
6.58,-3.0265753,14743
6.31,-4.089108,14743
5.89,-4.8802204,14743
5.72,1.43137,14743
7.33,-3.0301647,16461
7.5,0.07766293,4925
6.19,-0.20398664,4925
6.19,-0.66975117,4925
6.33,-1.8163385,13962
6.69,-1.2534409,13784
5.13,-4.261707,13784
5.42,0.72437805,10638
5.24,-0.2805996,10638
5.15,0.63250935,10638
5.09,-1.3548217,10638
5.02,-2.737438,10638
6.77,-0.42879096,17144
6.22,1.8640232,17144
9.35,-0.5968099,13750
8.3,0.5146967,7344
8.15,1.1852535,7344
8.05,1.5382968,7344
8.05,2.3252108,7344
8.0,-0.63036335,7344
7.96,2.1354423,7344
7.82,-3.08577,7344
7.8,-0.40449587,7344
7.7,1.0379275,7344
7.66,-0.87127125,7344
6.96,-3.6763518,7344
6.89,-3.6763518,7344
6.84,-0.40449587,7344
6.73,-2.382677,7344
6.59,-0.63036335,7344
6.31,-3.08577,7344
6.84,3.5845883,16350
7.03,2.7962053,1910
5.86,-0.5569117,1910
7.68,3.972436,10784
6.49,-1.0355983,13496
6.47,2.9696798,13496
5.63,-3.4946103,13496
5.59,-2.2331612,13496
5.05,-7.6087213,15580
8.05,-0.05056935,2924
8.05,-0.06824654,2924
7.85,-3.55116,2924
7.82,-3.1116245,2924
7.8,4.2099814,2924
7.7,0.9288595,2924
7.59,1.1979797,2924
7.58,-2.198834,2924
7.54,-1.3425552,2924
7.27,0.44038078,2924
7.19,-3.1011958,2924
7.14,-2.5259104,2924
7.08,-2.7111385,2924
7.08,-2.5725036,2924
7.05,-1.1537836,2924
6.97,-4.164998,2924
6.81,-1.0802048,2924
6.81,-1.7198266,2924
6.74,-4.2768483,2924
6.7,-2.6719978,2924
6.66,-1.8585348,2924
6.58,-3.6155045,2924
6.56,-1.3271031,2924
6.46,-4.927574,2924
6.36,-1.672413,2924
6.32,-4.0133166,2924
6.28,-1.8332204,2924
6.16,-0.6967552,2924
6.15,-3.0891712,2924
5.81,-1.6399244,2924
5.71,-2.4995394,2924
7.75,-1.3295684,14090
5.3,-3.5819018,11888
5.28,-6.0560174,11888
5.28,-5.0415325,11888
5.28,-4.082806,11888
5.12,-2.7507093,11888
5.12,-6.0560174,11888
5.12,-1.806684,11888
4.87,-1.1657397,11888
4.84,-4.096422,11888
4.55,-2.9102762,11888
3.46,-6.5966954,17466
7.15,0.37965667,5003
4.96,-8.228248,10353
4.4,-1.3320076,1890
7.8,-6.483721,5412
7.51,-5.89735,5412
7.04,-8.589711,5412
6.93,-3.9414709,5412
6.9,-6.078613,5412
6.74,-6.54637,5412
6.55,-7.701792,5412
6.32,-7.0979695,5412
6.18,-7.5894804,5412
6.16,-7.811601,5412
8.89,2.2638729,13253
7.19,-8.094312,15830
4.4,-8.906472,15830
7.19,1.6715479,12544
4.82,0.8069782,16682
8.22,1.4552268,4265
8.18,-0.044035,4265
7.89,0.10760261,4265
7.85,-0.93824494,4265
7.32,-2.837671,4265
5.48,-6.1837177,7471
8.7,1.1455702,5821
8.29,3.7477987,5821
8.28,2.4657137,5821
7.96,1.1863345,5821
7.92,-0.9233047,5821
7.68,-0.1656776,5821
7.6,1.4335536,5821
7.03,1.8992058,5821
8.3,0.60944396,15436
8.05,1.2690606,15436
8.1,-6.0771527,9618
8.15,-1.2764802,1957
7.16,-5.1091714,1957
7.0,-2.3121238,1957
6.96,-0.7665936,1957
6.89,-4.502686,1957
6.82,1.0759351,1957
6.8,-1.5221891,1957
6.8,-3.322198,1957
6.8,-3.9754517,1957
6.8,-3.2873154,1957
6.77,0.5860361,1957
6.7,-2.0788703,1957
6.7,-5.4539533,1957
6.62,0.7378359,1957
6.5,-0.59624183,1957
6.47,0.27058056,1957
6.47,-2.0712962,1957
6.41,-1.108944,1957
6.41,-0.5857943,1957
6.4,-2.0502517,1957
6.32,-0.38515973,1957
6.22,-4.4301133,1957
6.2,-1.9984071,1957
6.19,-0.2815429,1957
6.14,-3.8854392,1957
6.12,-6.087383,1957
6.07,-1.9349047,1957
5.88,4.8483577,1957
5.85,1.3146788,1957
5.84,0.17861019,1957
7.36,-2.7187326,7278
7.34,-1.2607299,7278
7.02,0.83532697,9875
5.99,-3.667742,9875
7.7,-0.7589961,4830
6.43,-1.3661399,12028
8.52,3.7676396,6183
8.52,2.2939298,6183
8.4,-3.4789455,6183
8.3,2.2044768,6183
8.3,1.7789212,6183
8.28,2.1015897,6183
8.22,2.6703773,6183
8.19,2.8981173,6183
8.15,3.008869,6183
8.15,2.6227202,6183
8.15,-0.6335878,6183
8.1,2.1912262,6183
8.06,2.53848,6183
8.05,1.4815233,6183
8.05,3.32227,6183
8.0,1.0881152,6183
7.92,5.046038,6183
7.85,2.1007361,6183
7.82,1.8026702,6183
7.82,1.997601,6183
7.82,1.2585462,6183
7.75,3.1985965,6183
7.75,2.0190346,6183
7.75,1.1128682,6183
7.72,3.1644564,6183
7.72,1.3748162,6183
7.68,3.9370806,6183
7.55,3.9844701,6183
7.5,2.5884025,6183
7.44,0.99790907,6183
7.4,5.83373,6183
7.4,4.0949283,6183
7.36,0.11889282,6183
7.35,0.39242414,6183
7.34,3.1284525,6183
7.32,1.4075663,6183
7.27,0.5613096,6183
7.21,0.69629693,6183
7.16,0.953916,6183
7.08,-0.21543871,6183
6.57,-0.27876386,382
6.17,2.2798653,382
6.07,-2.296292,382
5.74,2.5659847,382
7.52,-5.236124,16060
6.82,-0.9446843,16060
6.75,4.8364444,16060
6.62,-3.7978623,16060
6.58,0.3062519,16060
6.39,-2.0041537,16060
6.39,-9.148687,16060
5.93,-4.443007,16060
5.87,-6.4664474,16060
5.87,-4.6668363,16060
5.78,-3.0653164,16060
5.71,-7.40649,16060
5.7,-3.2079554,16060
5.51,-3.3727458,16060
5.47,-4.9136014,16060
5.46,-4.1973443,16060
5.44,-0.31190765,16060
5.42,-8.47379,16060
5.18,-7.5202537,16060
4.78,-3.2413769,16060
6.89,4.3301105,4568
5.76,-3.0807695,4568
5.43,-3.6769052,2120
4.77,-4.8508058,8552
7.05,-3.4514058,14409
7.04,-4.6770267,14409
11.0,-0.020149209,16835
10.15,-0.4584835,16835
9.7,1.8071269,16835
9.52,6.0528126,16835
9.52,3.9615061,16835
9.52,-2.9506629,16835
9.4,-0.64078474,16835
9.4,1.0938997,16835
9.4,-0.617319,16835
9.3,3.1479516,16835
9.3,2.7158554,16835
9.3,1.9201478,16835
9.3,2.7619932,16835
9.22,-1.0230745,16835
9.22,-1.5204264,16835
9.05,1.1820707,16835
9.0,-0.07729548,16835
9.0,-1.712735,16835
8.7,1.6178285,16835
8.7,5.036139,16835
8.52,-1.4396636,16835
8.52,0.15806757,16835
8.22,0.20597748,16835
8.22,-0.69695497,16835
8.1,1.8847836,16835
8.0,-2.1139963,16835
7.85,-0.9314266,16835
7.46,-1.66404,16835
7.32,0.9178654,16835
7.03,-5.8955097,16835
6.82,0.28388032,16835
6.7,-2.9797664,16835
6.53,0.09235744,16835
8.57,-0.3729652,14453
8.05,-0.58045536,14453
7.7,-0.3729652,14453
7.3,-3.2349925,14453
7.0,-5.0045896,14453
6.78,-3.0046883,14453
6.64,-1.2203525,14453
6.64,-1.2203525,14453
6.1,-1.9839847,14453
5.53,-3.7758465,14453
6.24,-3.2275636,15981
6.14,-1.2819769,15981
6.0,-2.127491,15981
5.62,0.4916809,14273
5.03,-4.5924325,14273
8.0,0.3021287,115
9.23,-0.88816875,10873
8.65,-2.361457,10873
7.9,7.1092215,10873
7.55,2.632925,10873
7.49,3.1851194,10873
7.48,4.7879553,10873
7.4,-2.5581958,10873
7.33,3.6300259,10873
7.26,3.807499,10873
7.26,2.2071817,10873
7.23,3.7784984,10873
7.18,-0.8021329,10873
6.92,1.4680948,10873
6.91,4.2424154,10873
6.85,3.932744,10873
6.08,2.039343,10873
8.72,6.067706,11327
8.57,6.12999,11327
8.43,-0.88506055,11327
8.27,1.6590766,11327
8.22,5.0803494,11327
7.89,2.5194426,11327
7.77,1.4439471,11327
7.46,5.17412,11327
7.46,3.0078993,11327
7.44,-4.4150167,11327
7.14,-1.6857607,11327
6.57,-5.2337794,11327
6.57,-4.309471,11327
6.5,-4.104658,11327
6.3,-8.980233,11327
6.27,4.4072514,11327
6.14,-8.285896,11327
5.77,-6.843948,11327
5.23,-8.157874,11327
5.52,-3.8584948,12524
7.12,0.42209938,9622
6.06,-1.9877126,14269
7.7,-3.5536253,14488
7.1,-2.9572823,14488
6.1,-7.347572,14488
5.5,-5.7573314,14488
5.5,-2.7271855,14488
8.38,4.3322425,5559
8.23,5.31557,6154
8.18,4.225853,6154
8.17,1.779714,6154
7.85,5.2178392,6154
7.51,2.9497766,6154
7.44,-1.0109061,6154
7.43,-0.25835732,6154
7.4,3.939764,6154
7.39,2.535732,6154
7.34,4.4882345,6154
7.33,3.2877653,6154
7.32,-1.812304,6154
7.25,-4.0917764,6154
7.14,6.363639,6154
7.11,-7.1107135,6154
7.06,2.1800907,6154
7.05,4.237767,6154
7.04,-0.8732651,6154
7.0,1.0024856,6154
7.0,-1.9158043,6154
6.96,-3.6716132,6154
6.96,4.140791,6154
6.92,3.3565235,6154
6.89,2.0955696,6154
6.89,-1.8090945,6154
6.85,-2.2062821,6154
6.82,1.7876709,6154
6.82,3.939764,6154
6.82,0.9004545,6154
6.82,1.7991767,6154
6.77,0.096915215,6154
6.75,5.2620974,6154
6.72,1.011044,6154
6.64,-0.21454583,6154
6.62,-1.095686,6154
6.62,0.86084014,6154
6.6,-3.865987,6154
6.6,1.4442952,6154
6.57,4.71752,6154
6.57,4.71752,6154
6.55,-0.9231011,6154
6.52,0.46705648,6154
6.48,-0.99398136,6154
6.46,-4.098798,6154
6.35,3.3330863,6154
6.34,1.5399748,6154
6.31,0.71751297,6154
6.26,4.485804,6154
6.24,2.303442,6154
6.19,1.5573162,6154
6.14,3.2564523,6154
6.12,-2.4456792,6154
5.07,0.46712723,6154
7.72,-1.4481511,16571
7.48,-0.6928999,16571
7.2,-3.0180023,16571
6.89,-2.5419767,16571
6.8,-3.2303522,16571
6.35,-2.062808,16571
6.8,2.045917,7177
5.09,-3.3429105,8908
9.7,5.9578166,2005
7.43,6.7205257,2491
7.32,4.887791,2491
7.21,5.301059,2491
7.19,2.7620664,2491
6.97,3.9215143,2491
6.89,3.2776706,2491
6.43,0.27637243,2491
6.33,3.9203377,2491
6.28,-0.6051372,2491
6.2,1.4445277,2491
6.14,0.4101789,2491
6.09,-1.8866422,2491
5.92,0.23186678,2491
5.78,-1.4610684,2491
5.19,-6.915015,1110
5.07,-8.86834,1110
4.11,-4.178873,1110
4.05,-7.4213524,1110
6.89,-1.0000321,13068
6.77,0.079852,13068
5.3,0.30757877,13068
6.66,0.51392585,1075
7.1,1.7243311,15997
6.8,-3.2849321,15997
6.77,0.5817263,15997
6.08,-3.53297,15997
8.48,1.6199687,418
7.28,0.57238704,14804
6.38,-0.1563034,14804
6.92,1.9475901,17436
7.05,1.6724857,4217
6.64,3.8280723,4217
6.6,4.6118026,4217
6.58,-0.62068504,4217
6.44,0.21802722,4217
6.26,2.9168913,4217
6.07,-0.3187931,4217
5.96,3.510014,4217
5.82,2.0913827,4217
6.46,0.3622789,9732
5.6,-5.229567,2230
6.54,-0.06312136,7193
8.05,1.2902308,14712
10.0,3.9922605,6206
9.7,3.5126119,6206
9.7,5.567354,6206
9.7,4.1848,6206
9.7,3.628791,6206
9.7,5.2186966,6206
9.7,3.9976504,6206
9.7,3.7637722,6206
9.52,4.3522477,6206
9.52,5.5939155,6206
9.52,5.609971,6206
9.22,3.3172014,6206
9.22,4.251952,6206
9.22,2.2580113,6206
9.22,3.2359474,6206
9.22,5.2253246,6206
9.15,5.6943913,6206
9.05,6.8311477,6206
9.0,-0.40031895,6206
9.0,1.5959842,6206
9.0,-1.4974303,6206
9.0,2.6246572,6206
8.7,3.7495723,6206
8.7,5.055623,6206
8.7,1.978387,6206
8.52,3.0500057,6206
8.52,3.3172014,6206
8.4,-3.7675138,6206
8.4,4.8777385,6206
8.4,3.9353738,6206
8.4,1.6566796,6206
8.3,6.866557,6206
8.22,-4.2345433,6206
7.89,-2.9287617,6206
7.89,2.8241298,6206
7.89,0.89938027,6206
7.85,-0.12926996,6206
7.8,3.765092,6206
7.75,0.8029518,6206
7.68,3.7638958,6206
7.64,-4.3030505,6206
7.62,1.0735412,6206
7.58,-0.14192739,6206
7.51,2.0822108,6206
7.43,-0.36454138,6206
7.39,-1.2671719,6206
7.37,0.04722256,6206
7.29,-1.2534359,6206
7.28,1.3610018,6206
7.24,1.584196,6206
7.24,0.07363864,6206
7.21,-2.3203962,6206
7.18,3.1511104,6206
7.17,1.3538952,6206
7.1,0.55152965,6206
7.07,3.257007,6206
6.93,0.55898595,6206
6.92,4.8393903,6206
6.9,-2.5547209,6206
6.88,2.8103898,6206
6.82,0.7037198,6206
6.66,-3.2358246,6206
6.6,5.369463,6206
6.59,-2.1077619,6206
6.52,-3.710312,6206
6.5,0.3634098,6206
6.5,-3.5398712,6206
6.46,-2.7682753,6206
6.43,-1.6556144,6206
6.37,-0.5135802,6206
6.36,4.432235,6206
6.35,0.4918073,6206
6.24,-1.1508619,6206
6.2,-0.20830357,6206
6.05,-4.6871963,6206
5.46,-2.8703797,6206
5.37,-5.0288205,6206
5.36,-4.950969,6206
8.0,-0.32295722,15099
7.7,-2.6320992,15099
8.7,4.44101,6161
7.23,3.2092695,6161
10.0,4.1574244,16196
9.59,6.6940536,16196
9.52,0.9751364,16196
9.51,6.236904,16196
9.42,7.7683573,16196
9.35,4.2472887,16196
9.29,7.8587947,16196
9.29,0.9842814,16196
9.21,1.4312077,16196
9.08,4.8102922,16196
8.94,6.2775054,16196
8.89,7.5037065,16196
8.85,7.2315764,16196
8.8,3.828409,16196
8.73,4.0213428,16196
8.49,7.5037065,16196
8.17,3.2664068,16196
8.15,6.4528184,16196
8.09,6.41994,16196
7.98,-4.7171397,16196
7.3,-1.7755648,11238
9.3,-0.65902627,7067
9.22,-0.93723965,7067
9.0,1.1710787,7067
8.4,1.6875355,7067
8.3,1.14308,7067
8.22,-4.059535,7067
7.89,2.3112085,7067
7.3,-4.8051405,7067
7.3,-4.3507643,7067
7.2,1.478101,7067
7.1,-4.046226,7067
7.1,-5.4342146,7067
7.0,1.1529617,7067
6.89,-0.3213828,7067
6.89,-1.6125559,7067
6.8,2.0656872,7067
6.6,-4.132135,7067
6.6,-3.2820024,7067
6.1,-2.8166995,7067
6.0,-4.9436154,7067
5.89,2.95674,7067
5.6,-1.2203875,7067
5.4,-0.568611,7067
5.0,-2.1376417,7067
4.5,-1.6186177,7067
7.75,2.6326444,16572
7.66,1.1287133,16572
7.47,0.80188006,16572
7.38,0.7962349,16572
7.34,-0.21463306,16572
7.31,1.6696256,16572
7.17,-0.14493667,16572
7.11,1.3658637,16572
6.9,-0.5335898,16572
6.85,1.6736046,16572
6.85,0.15109739,16572
6.84,-1.3743426,16572
6.7,0.32065782,16572
6.37,1.1287133,16572
5.52,-0.9577211,16572
8.4,0.5054683,15246
8.0,-1.8039255,15246
7.7,-4.9751935,15246
7.3,-1.5685642,15246
7.0,-3.1059601,15246
7.0,-5.334417,15246
6.6,-6.6283646,15246
6.46,-1.0346098,15246
6.3,-4.628448,15246
6.22,-5.724,15246
5.52,0.23271233,15246
5.4,-4.5671535,15246
6.53,-3.5458822,3047
7.14,-0.93374693,3843
7.44,-1.662471,8635
8.19,-2.6484823,3496
7.9,0.26176807,3496
7.6,-1.0289266,3496
7.51,-1.1110959,3496
7.24,0.51366204,3496
7.16,2.6831672,3496
7.12,0.61343545,3496
7.11,-3.0920808,3496
6.85,-5.658216,3496
6.44,-2.2094793,3496
6.4,-0.77124083,3496
6.37,-0.7210413,3496
6.2,-4.997029,3496
5.92,-5.854552,3496
5.87,-0.1725256,3496
5.77,0.32274804,3496
5.42,-0.19087939,3496
8.24,-0.5701449,8598
8.15,1.233172,8598
7.92,4.922856,8598
7.92,0.7729852,8598
7.78,3.4006877,8598
7.72,2.0675414,8598
7.68,1.903536,8598
7.68,0.93525344,8598
7.5,-2.6619632,8598
7.47,-0.9001041,8598
7.39,2.4399195,8598
7.24,-3.94729,8598
7.2,-0.16811277,8598
7.19,2.705473,8598
7.17,-1.5058907,8598
7.12,1.4070168,8598
7.07,1.1038419,8598
7.05,1.5129042,8598
6.94,-0.22701739,8598
6.9,2.8168273,8598
6.79,-3.2956908,8598
6.73,2.4443526,8598
6.71,-0.7808523,8598
6.68,1.6965119,8598
6.64,0.6783981,8598
6.61,0.7762405,8598
6.56,0.21726951,8598
6.55,3.949941,8598
6.44,1.3489698,8598
6.22,2.075095,8598
6.18,2.8607173,8598
5.92,-1.3353164,8598
5.9,3.1988988,8598
5.85,-3.573811,8598
5.77,1.0822202,8598
5.58,-1.2266489,8598
5.53,3.6626406,8598
5.5,-0.696278,8598
5.43,-4.2568345,8598
5.3,2.7617574,8598
8.22,-0.37110177,11445
7.07,4.133227,11445
6.19,-6.011059,11445
5.1,-4.529415,11445
5.8,-3.6268592,4284
4.85,-9.346625,4284
7.55,1.9762077,1141
7.46,-0.32896537,1141
7.22,0.9477134,1141
7.09,2.2139184,1141
7.05,1.6824062,1141
7.04,1.3418113,1141
7.01,1.19111,1141
6.89,-1.4862628,1141
6.72,1.2226108,1141
6.6,1.2585101,1141
6.52,2.649699,1141
6.44,-1.6032717,1141
6.41,-1.377126,1141
6.34,2.1005688,1141
6.03,1.0033697,1141
5.92,-3.9636428,1141
5.82,-1.1933625,1141
5.73,-2.2084024,1141
5.33,-2.1244233,1141
7.7,2.87838,6949
7.3,2.7115357,6949
7.05,0.9655054,6949
7.0,0.41553548,6949
6.77,3.850843,6949
6.62,-1.5459198,6949
8.44,-0.45277384,16311
8.44,4.1833673,16311
8.38,1.878957,16311
8.37,-0.123837516,16311
8.35,-0.5837422,16311
8.31,3.1097596,16311
8.28,3.7459037,16311
8.28,-2.0911279,16311
8.05,4.3812313,16311
8.0,3.58325,16311
7.82,2.926613,16311
7.75,3.0713654,16311
7.66,-1.9069214,16311
7.54,-1.6433622,16311
6.92,-3.7124527,16311
5.57,1.6666563,16311
9.05,4.633789,5541
9.0,1.7215722,5541
8.7,1.8492653,5541
8.7,2.8919084,5541
8.7,1.3097084,5541
8.52,2.1696818,5541
8.4,1.065569,5541
8.4,4.770123,5541
8.3,5.6982794,5541
8.15,-0.4132891,5541
8.15,-0.4132891,5541
8.15,0.47722906,5541
8.1,4.863331,5541
8.05,2.7611475,5541
7.96,4.5647893,5541
7.92,3.9362125,5541
7.82,4.442183,5541
7.72,1.870144,5541
7.68,1.4385763,5541
7.23,0.16539045,5541
7.08,2.1728537,5541
5.85,-1.0738021,5541
5.5,4.2558327,5541
5.55,-8.25218,8033
5.43,-4.0507755,8033
5.19,-7.3180203,8033
4.37,-4.4129453,8033
4.12,-6.6488557,8033
6.87,0.17344232,12607
7.4,2.9036887,6983
9.0,1.7491496,95
7.46,-5.969365,10098
7.51,-0.29849485,8439
5.75,-8.065199,11186
4.92,-5.463145,11186
8.49,1.2275829,13998
8.31,1.2275829,13998
7.81,3.0688012,13998
7.71,1.2275829,13998
7.7,3.357361,13998
7.68,2.3247569,13998
7.33,0.6085245,13998
7.21,-1.7317252,13998
7.2,1.3722163,13998
7.03,3.8111851,13998
6.9,0.55892813,13998
8.96,2.846197,12381
8.92,1.7420189,12381
8.85,2.1715126,12381
8.8,2.4291573,12381
8.8,1.9014735,12381
8.7,3.5688047,12381
8.68,3.9822867,12381
8.68,0.13318022,12381
8.68,3.794635,12381
8.66,0.936844,12381
8.66,1.7084028,12381
8.66,4.4560184,12381
8.6,1.9804915,12381
8.54,2.1039853,12381
8.54,0.2484589,12381
8.49,1.123604,12381
8.47,-0.26285106,12381
8.46,0.4301665,12381
8.44,2.428366,12381
8.42,0.06953074,12381
8.39,2.2680402,12381
8.36,3.424467,12381
8.35,2.8003736,12381
8.32,1.1383914,12381
8.32,0.98573524,12381
8.31,1.6138299,12381
8.24,3.9822867,12381
8.21,4.7069445,12381
8.21,1.985199,12381
8.2,2.453622,12381
8.1,4.1664243,12381
7.92,1.8276386,12381
7.92,0.03840584,12381
7.92,3.7077913,12381
7.89,2.0554523,12381
7.85,2.3912337,12381
7.85,1.1576278,12381
7.82,2.8854582,12381
7.82,0.36367175,12381
7.7,-1.2440012,12381
7.38,2.0420358,12381
7.09,3.3981793,12381
6.01,-5.1929116,4535
5.66,-6.0708017,4535
5.47,-3.6379638,4535
5.55,-6.5749626,14213
8.6,0.64769155,14065
6.22,-6.8485107,14065
6.0,-2.9968617,14065
5.7,-2.5925083,14065
5.52,-0.8217311,14065
4.55,2.5084548,14065
4.39,1.1303748,14065
4.38,-6.152137,14065
8.4,3.0891993,9894
6.31,-4.696948,3595
8.0,0.8379747,9889
6.42,1.419764,9889
7.82,1.0637318,9310
7.04,2.298645,9310
6.32,-2.0211055,9310
6.19,-1.1296883,9310
5.7,-3.6582897,9310
5.64,-3.8708632,9310
5.6,-3.472493,9310
5.27,-3.9624522,9310
5.21,-2.772609,9310
5.06,-5.932736,9310
5.05,-2.1002445,9310
5.92,-2.2079217,15880
5.47,-1.3029937,15880
7.0,-0.67831933,6333
6.8,-0.7022374,6333
7.21,1.0699449,6992
7.57,1.6379936,3927
5.8,-4.458804,17735
5.92,-1.8209684,521
8.15,-3.3138576,15793
8.0,-0.87707627,15793
7.89,-3.8664055,15793
7.85,-2.4740126,15793
7.85,-1.2253454,15793
7.72,-0.21843897,15793
7.7,2.3128917,15793
7.43,-1.6471953,15793
6.7,-4.657199,3525
5.8,-0.12738836,3
5.73,-0.2004558,3
6.72,-1.1634088,8468
6.48,-1.7480354,8468
6.47,-0.119553745,8468
7.64,0.6769326,4142
7.33,3.1416204,4142
7.31,1.7640065,4142
7.3,-0.81699896,4142
7.28,1.1569891,4142
7.24,-0.9629102,4142
7.18,4.629762,4142
7.11,3.105432,4142
7.05,-1.1003759,4142
7.03,2.1150374,4142
7.0,1.3086073,4142
6.93,1.019996,4142
6.92,3.5385203,4142
6.83,1.433969,4142
6.82,2.7264898,4142
6.77,3.9620733,4142
6.74,2.1074948,4142
6.74,1.6605747,4142
6.7,2.061737,4142
6.67,-0.87182623,4142
6.63,2.983197,4142
6.52,1.8759975,4142
6.38,0.43778908,4142
6.26,-2.1259863,4142
6.11,3.9020905,4142
6.96,0.7135397,15874
5.31,-0.9380557,15874
9.52,5.420326,17213
9.52,-0.34502074,17213
9.52,-3.8178844,17213
9.52,-3.0548406,17213
9.0,-0.1398197,17213
9.0,4.153087,17213
9.0,4.5561786,17213
9.0,4.4439783,17213
9.0,2.3119102,17213
9.0,-1.4308729,17213
9.0,-1.4100198,17213
9.0,5.2959514,17213
8.7,1.9630506,17213
8.7,-0.013777759,17213
8.7,5.4225717,17213
8.7,3.0104477,17213
8.7,-0.8741947,17213
8.7,-1.1774179,17213
8.52,2.6669173,17213
8.52,-1.8679135,17213
8.52,3.9050646,17213
8.52,3.7702818,17213
8.52,4.043837,17213
8.4,2.628085,17213
8.4,-1.7460178,17213
8.4,4.156499,17213
8.4,4.011119,17213
8.22,-2.6334412,17213
8.22,4.6436205,17213
8.22,4.2447944,17213
8.22,-0.17928779,17213
8.15,3.330232,17213
8.1,2.7820914,17213
8.1,1.5672569,17213
8.0,3.5002396,17213
7.64,0.6210208,17213
7.55,3.5894058,17213
8.23,-0.7712528,11039
8.04,2.6926773,11039
7.65,-0.7086003,11039
7.59,-0.9355861,11039
7.58,1.9836175,11039
7.07,-3.1003244,11039
7.07,2.6926773,11039
7.06,-1.2790924,11039
6.92,0.93171793,11039
6.92,-3.23782,11039
6.72,-5.925805,11039
6.69,0.09520895,11039
6.67,0.38308415,11039
6.67,-2.31083,11039
6.66,0.62728804,11039
6.66,-1.0099001,11039
6.63,-2.4859455,11039
6.54,6.647935,11039
6.54,-0.6362995,11039
6.52,-3.8763545,11039
6.5,4.1661935,11039
6.47,0.40338284,11039
6.41,-3.7966428,11039
6.39,0.833225,11039
6.33,-3.0236921,11039
6.32,-2.8011894,11039
6.19,-1.5095422,11039
6.14,-5.2248936,11039
6.13,-1.8664497,11039
5.8,-1.1658511,11039
5.79,0.92824996,11039
5.76,-0.7802488,11039
5.73,2.2493892,11039
5.69,-4.1779633,11039
5.69,-2.5601397,11039
5.69,0.87531996,11039
5.66,4.9432397,11039
5.65,2.6926773,11039
5.64,-0.40556177,11039
5.61,-4.1915193,11039
5.61,-5.017236,11039
5.42,1.1565733,11039
5.21,-1.757609,11039
5.2,-1.9110314,11039
4.96,2.9029381,11039
4.93,-0.579087,11039
4.59,2.4929326,11039
7.68,0.54949707,4468
7.68,0.083188996,4468
7.62,-0.22527878,4468
7.62,-2.8059556,4468
7.55,-1.6092002,4468
7.48,0.35408437,4468
7.44,-1.1199749,4468
7.24,-3.2227507,4468
7.1,-2.2629218,4468
7.08,-2.7303917,4468
7.06,0.47447383,4468
7.03,1.4967655,4468
7.0,-0.4420691,4468
6.96,0.7674466,4468
6.77,-5.0744753,4468
6.57,-2.2462003,4468
6.55,-4.503684,4468
6.52,-4.176136,4468
6.43,0.76183844,4468
6.41,2.4357955,4468
6.41,-1.7824706,4468
6.37,-1.7215143,4468
6.36,-2.1066887,4468
6.2,-2.4160926,4468
6.09,1.0613872,4468
5.94,-0.00601409,4468
5.87,-1.7679021,4468
5.86,-1.7398123,4468
5.8,-1.781545,4468
5.59,0.36090326,4468
5.53,-0.43313408,4468
5.39,-3.8628204,4468
5.31,-3.7583213,4468
5.21,-2.0335119,4468
5.16,-1.8647776,4468
5.05,-1.4518566,4468
4.93,-4.7334914,4468
5.52,-5.28926,16063
5.51,-5.0734878,16063
5.58,-1.0490581,3478
7.68,2.0168576,12224
7.37,1.6592654,12224
5.21,-2.7595487,3133
9.1,5.349349,13007
6.49,-1.1018382,13007
5.0,-6.981557,7487
7.16,-5.043017,1155
6.96,2.9666767,1155
6.29,-2.0275733,1155
5.85,-7.424871,1155
5.64,4.7775,1155
5.52,-1.0687481,1155
5.88,-0.95597583,16748
7.2,1.364938,8589
6.3,-3.5032294,8589
8.4,6.794258,14419
8.22,0.37496057,16384
8.18,1.822601,16384
8.13,-0.19470288,16384
7.82,0.9569926,16384
7.8,1.4945314,16384
7.72,-0.21151043,16384
7.72,2.1885247,16384
7.7,1.971716,16384
7.39,2.1660287,16384
7.22,-0.42940354,16384
7.07,-1.7870526,16384
7.02,0.80143815,16384
6.87,1.1985774,16384
6.82,1.3057264,16384
6.68,2.3098166,16384
6.67,1.0503607,16384
6.66,0.41806936,16384
6.52,0.42166194,16384
6.5,-0.6126243,16384
6.34,-0.65646935,16384
6.32,1.133921,16384
5.89,-1.3770856,16384
7.89,4.2780914,16813
7.06,-0.52791405,16813
6.81,-3.141738,16813
6.79,-2.2285233,16813
8.17,4.243188,12141
8.09,4.5248218,12141
8.07,4.5248218,12141
7.37,1.0693544,12141
7.32,0.0478157,12141
7.31,-2.2557356,12141
7.31,1.6775823,12141
7.31,1.4070913,12141
7.29,-1.0965827,12141
7.22,-0.22508757,12141
7.21,1.4070913,12141
7.1,0.326671,12141
7.1,1.1948794,12141
7.05,-0.24920936,12141
7.02,1.5417365,12141
6.96,-0.58181816,12141
6.94,1.1844968,12141
6.92,-1.1012679,12141
6.87,0.6766474,12141
6.82,4.5248218,12141
6.81,1.1948794,12141
6.8,0.69463843,12141
6.79,0.18705724,12141
6.7,-3.532348,12141
6.56,-2.5538487,12141
6.56,0.4049161,12141
6.54,-0.09553298,12141
6.51,0.8750903,12141
6.3,0.18705724,12141
6.23,-2.6935298,12141
6.22,-1.1983279,12141
6.18,-0.14882456,12141
6.16,1.1844968,12141
6.15,0.15404977,12141
5.92,-3.6274302,12141
5.87,-0.98087275,12141
5.38,-2.2345736,12141
8.05,2.7506673,11381
7.72,-0.40252692,11381
5.72,-4.8920193,11381
9.0,2.875566,1990
9.0,5.5113645,1990
9.0,2.5539467,1990
9.0,2.4697626,1990
9.0,3.2321,1990
8.7,5.85938,1990
8.7,4.3133364,1990
8.7,3.6264775,1990
8.52,5.0765324,1990
8.52,1.0659708,1990
8.52,2.4322422,1990
8.4,2.2040973,1990
8.4,1.756446,1990
8.4,3.9484415,1990
8.15,1.6965348,1990
8.05,2.7345097,1990
7.92,0.45153388,1990
7.72,2.558094,1990
7.57,3.2322376,1990
7.39,2.0342443,1990
7.28,0.77925444,1990
6.96,2.4890077,1990
6.92,2.4546237,1990
6.85,1.0236375,1990
6.7,1.1660824,1990
5.14,5.7274137,1990
7.44,0.031163324,2867
6.7,0.5934944,2867
6.66,-1.5342805,2867
6.6,-1.0824717,2867
6.58,-1.1131411,2867
6.55,-1.2697451,2867
6.12,-1.5299621,2867
6.1,-2.2633405,2867
5.72,-1.6671374,2867
5.46,-1.9471172,2867
5.39,-5.6981397,2867
5.3,-3.24113,2867
7.16,-1.6627398,2973
5.0,-8.914162,151
5.29,-7.1497602,17443
5.25,-5.3223224,17443
4.78,-7.7988186,17443
4.6,-6.9086733,17443
4.37,-6.6343913,17443
5.77,-1.5536693,9778
5.76,-1.8522495,9778
5.57,-0.61954546,9778
5.39,0.6192931,9778
4.6,-4.206274,16830
5.28,-1.0087447,16397
6.16,-0.6461382,10012
5.35,-0.7503445,10012
7.42,-0.5424818,4967
8.7,2.557263,3960
8.3,-2.3481386,3960
7.85,-2.6028435,3960
7.66,-2.6028435,3960
7.52,1.0355139,3960
7.24,-0.5941269,3960
6.95,-3.935311,3960
6.85,-4.5878353,3960
6.68,-1.1213989,3960
6.55,-4.4509544,3960
6.47,-4.5878353,3960
6.43,-4.640592,3960
6.4,-5.149379,3960
6.38,-1.5058581,3960
6.33,-3.758369,3960
6.01,-2.601935,3960
5.86,-3.8980792,3960
8.96,5.1383243,3449
8.52,1.3162532,3449
8.4,2.9521174,3449
8.22,3.7975802,3449
8.0,1.9987518,3449
6.71,-2.1764429,3449
7.7,2.6896195,2861
7.52,0.8247366,2861
7.4,-0.30083108,2861
7.22,7.3240294,2861
7.1,5.93124,2861
6.7,-1.7628638,2861
6.7,6.743962,2861
6.52,3.8630624,2861
6.52,6.0565934,2861
6.3,4.7432895,2861
6.16,5.583041,2861
5.52,2.548903,2861
7.89,2.8526375,15910
7.77,1.3102045,15910
7.17,4.0277195,15910
6.8,0.78958774,15081
6.51,-1.9162209,991
6.13,-2.5905998,9662
6.11,1.037229,9662
5.96,-2.561356,9662
5.52,-0.521092,9662
5.39,-1.9259498,9662
5.19,-1.568243,9662
9.14,2.681206,10312
8.96,-5.0556684,10312
8.92,0.863993,10312
8.04,-5.0556684,10312
8.0,-5.618648,10312
7.64,-5.0556684,10312
7.57,1.3493813,10312
6.72,-6.9180574,10312
5.31,0.9603698,10312
5.28,-6.9180574,10312
4.92,-6.5795445,297
4.8,-5.360906,297
4.77,-8.191896,297
4.77,-2.139788,297
4.72,-2.744755,297
4.64,-6.530275,297
4.55,-5.760449,297
4.5,-3.1314523,297
4.42,-3.8170073,297
4.37,-4.3327613,297
4.36,-3.4538803,297
4.3,-5.2454767,297
4.28,-3.1433885,297
4.26,-5.731602,297
4.11,-5.2182465,297
4.11,-1.6280704,297
4.08,-4.1393895,297
4.08,-5.158383,297
4.08,-4.5513935,297
4.02,-6.128672,297
7.18,-1.0279607,11858
7.12,1.0188466,11858
7.08,-1.3085407,11858
6.65,1.5081961,11858
6.05,-1.9652319,11858
6.01,-6.8561997,11858
7.89,-5.447138,5855
7.89,-4.632747,5855
7.89,-8.624519,5855
7.89,-5.5025573,5855
7.89,-2.617814,5855
7.7,-4.8119025,5855
7.6,-5.8641076,5855
7.5,2.3097098,5855
7.5,2.9180694,5855
7.5,3.3250964,5855
7.4,0.5345538,5855
7.4,0.05098762,5855
7.3,2.9957807,5855
7.3,-1.0267844,5855
7.3,-3.4640353,5855
7.2,-7.0429277,5855
7.0,-3.3795974,5855
7.0,2.1106703,5855
7.0,4.08421,5855
7.0,3.1557844,5855
6.9,-0.723106,5855
6.9,0.04917424,5855
6.9,1.4346666,5855
6.9,1.8306582,5855
6.8,-3.6661599,5855
6.6,-4.6619806,5855
6.4,-4.39102,5855
6.3,-6.1604924,5855
5.7,-9.523397,5855
5.5,-2.4640472,5855
5.3,-5.4933267,5855
5.2,-1.3164116,5855
5.2,-9.516556,5855
5.1,-2.0216765,5855
5.1,-3.7231069,5855
5.1,-6.7246933,5855
4.89,-2.6319966,5855
4.8,-6.169473,5855
4.8,0.045058556,5855
4.7,-8.107071,5855
4.4,-4.6142063,5855
6.58,-5.7113147,9514
6.42,-3.3786294,9514
5.77,-4.862305,9514
5.72,-4.063717,9514
5.62,-4.184237,9514
5.55,-5.577268,9514
5.46,0.035820033,9514
5.21,-1.9789395,9514
5.2,-2.5845697,9514
5.03,-4.9012504,9514
5.02,-0.44212165,9514
4.92,-5.6633334,9514
4.89,-1.4286542,9514
4.8,-6.4018188,9514
4.75,-3.676674,9514
4.72,-2.3652089,9514
4.72,-6.836477,9514
4.72,-3.6181633,9514
4.68,-4.874128,9514
4.68,-6.1080494,9514
4.6,-4.531507,9514
4.57,-4.8927827,9514
4.57,-7.2429204,9514
4.42,-3.0624225,9514
4.36,-6.895079,9514
4.18,-5.4290757,9514
4.15,-7.046494,9514
4.11,-5.4178205,9514
5.47,-4.1502347,3889
6.47,-1.10659,1695
6.26,0.28351104,1695
7.68,-2.373021,14957
7.7,1.0992465,13953
6.85,0.62199134,5288
6.11,-4.7954855,5288
6.0,-2.4410036,5288
5.82,-0.91147447,5288
6.25,-3.7006161,5463
6.04,-4.340824,5463
5.49,-3.5054648,5463
5.1,-3.651043,5463
7.75,-5.850659,9827
7.68,-6.6413693,9827
7.57,-6.289563,9827
7.51,-6.927945,9827
7.22,-5.1583347,9827
7.16,-7.865838,9827
7.02,-3.357091,9827
6.78,-7.525786,9827
6.78,-5.419432,9827
6.74,-7.0615797,9827
6.64,-6.455099,9827
6.63,-4.595336,9827
6.21,-4.804116,9827
6.08,-6.056194,9827
5.92,-2.6442127,9827
5.88,-6.435245,9827
5.87,-8.118865,9827
5.8,-5.439736,9827
5.79,-6.0853863,9827
5.76,-5.5858707,9827
5.73,-4.536205,9827
9.4,5.2031856,11791
8.92,1.901543,11791
8.89,2.5418868,11791
8.8,4.825699,11791
8.68,4.4246716,11791
8.68,2.5514162,11791
8.64,3.2888927,11791
8.48,5.9301276,11791
8.4,1.7960294,11791
8.3,3.041916,11791
8.25,5.1671357,11791
8.17,1.7902129,11791
8.15,1.4116352,11791
8.15,-0.11211501,11791
8.1,0.8714642,11791
7.96,5.1671357,11791
6.96,-3.1946285,11791
10.22,2.9568574,10751
8.21,-1.9594555,10751
7.2,-1.6873091,331
7.2,-2.3670065,331
7.0,-2.1736639,331
6.96,-1.2264085,331
6.9,-1.5141557,331
6.9,-1.0449005,331
6.85,-0.22186743,331
6.85,-3.2020195,331
6.8,-2.8520367,331
6.75,-2.626946,331
6.75,-1.9440584,331
6.65,-2.452404,331
6.6,-2.6628616,331
6.55,-2.0683308,331
6.35,-3.3509722,331
6.3,-3.2489383,331
6.3,-2.1842227,331
6.2,-3.6582758,331
6.15,-2.5967677,331
6.1,-2.8299246,331
6.05,-4.132004,331
6.05,-6.8404384,331
6.0,-1.5141938,331
6.0,-2.3916965,331
5.95,-3.4524453,331
5.45,-4.0903277,331
4.26,-2.2790985,1423
9.7,2.0416067,8650
9.4,3.5357037,8650
9.3,2.1604059,8650
9.15,0.85679716,8650
8.92,-0.19253264,8650
8.77,0.85583997,8650
8.74,-0.9281404,8650
8.7,-0.843627,8650
8.54,-1.3419373,8650
8.52,-0.34879872,8650
8.41,-0.13517672,8650
8.4,-1.6266459,8650
8.1,-1.0096111,8650
8.05,1.0582237,8650
7.96,-2.347199,8650
7.92,-1.3943399,8650
7.92,0.31997946,8650
7.92,2.6109986,8650
7.89,-1.4198241,8650
7.89,-1.6155982,8650
7.89,0.12711918,8650
7.85,1.3747356,8650
7.4,-0.61779064,8650
7.82,1.662342,10517
7.4,0.045936424,8806
7.22,-1.1503264,8806
5.0,-5.0100436,8806
5.75,-3.9497995,5044
5.3,-1.1609783,5044
4.92,-0.054209832,5044
4.77,-5.658072,5044
4.75,-4.2840257,5044
8.7,1.3526881,6291
8.7,2.0940907,6291
8.7,1.5889596,6291
8.3,2.887109,6291
8.3,3.6120718,6291
8.22,-2.7091556,6291
8.15,2.3090029,6291
8.1,2.996265,6291
8.1,4.611776,6291
8.1,-1.754063,6291
8.05,3.1513853,6291
8.05,4.804849,6291
8.05,1.7739419,6291
8.05,-1.0097898,6291
8.0,-2.1953318,6291
8.0,4.3889556,6291
8.0,7.2348495,6291
8.0,1.1334543,6291
7.96,1.7582967,6291
7.96,3.2916849,6291
7.96,4.5573587,6291
7.96,4.3636394,6291
7.96,-2.3452728,6291
7.92,-1.88601,6291
7.92,-1.0686723,6291
7.92,2.869203,6291
7.92,1.3904771,6291
7.89,3.8319247,6291
7.89,-1.7629204,6291
7.85,7.2177286,6291
7.85,3.5829031,6291
7.85,3.5864618,6291
7.85,0.6635769,6291
7.85,-1.3518196,6291
7.85,1.6436901,6291
7.85,-0.12370153,6291
7.82,0.41234183,6291
7.82,7.0104585,6291
7.82,2.2986083,6291
7.82,0.41601083,6291
7.82,7.0440307,6291
7.82,-1.2045343,6291
7.82,3.951166,6291
7.82,1.9746547,6291
7.82,3.7265956,6291
7.82,5.82414,6291
7.8,1.9746547,6291
7.77,1.9862747,6291
7.77,3.802796,6291
7.77,0.41601083,6291
7.77,2.8290284,6291
7.77,3.389769,6291
7.77,-3.106997,6291
7.77,-0.3362057,6291
7.75,2.3764846,6291
7.75,2.4399743,6291
7.75,0.92244947,6291
7.72,-1.0495231,6291
7.72,5.784757,6291
7.72,2.4668767,6291
7.72,-2.302723,6291
7.72,-3.3647282,6291
7.72,5.333655,6291
7.7,-0.98351884,6291
7.7,4.1648746,6291
7.68,6.023859,6291
7.68,2.5619264,6291
7.68,1.8217962,6291
7.68,-7.0247016,6291
7.68,0.84029865,6291
7.68,1.2362622,6291
7.68,1.2504148,6291
7.68,5.0172086,6291
7.68,-1.2206918,6291
7.68,-0.36371332,6291
7.68,1.6374875,6291
7.66,0.032586694,6291
7.66,2.1668923,6291
7.66,1.4738939,6291
7.66,-0.88443905,6291
7.66,2.2254355,6291
7.66,-0.32651097,6291
7.64,2.956123,6291
7.64,0.41601083,6291
7.64,1.9746547,6291
7.64,-0.22540776,6291
7.64,-1.1441113,6291
7.64,-1.5351589,6291
7.64,0.626263,6291
7.64,1.1215848,6291
7.64,-0.63521403,6291
7.64,-0.60315675,6291
7.64,3.1912718,6291
7.64,-1.1358634,6291
7.62,-0.94691676,6291
7.62,-2.5356865,6291
7.62,-0.114063755,6291
7.62,2.8503177,6291
7.6,-0.32172224,6291
7.6,0.67817104,6291
7.6,-0.45963088,6291
7.6,-0.8831938,6291
7.6,-2.475963,6291
7.6,6.6216197,6291
7.6,-2.15297,6291
7.6,-1.5479561,6291
7.58,2.2030838,6291
7.57,-1.1318139,6291
7.57,1.5166885,6291
7.57,-2.7008777,6291
7.57,3.9771426,6291
7.55,-1.7914166,6291
7.55,1.4196143,6291
7.55,5.963184,6291
7.55,6.5128927,6291
7.55,-4.1303763,6291
7.54,-2.549264,6291
7.54,-0.8264296,6291
7.54,-0.46652845,6291
7.54,1.7905966,6291
7.54,-2.4951472,6291
7.52,-1.2436367,6291
7.52,4.4089622,6291
7.52,-0.5374541,6291
7.52,-1.4724808,6291
7.52,0.8260397,6291
7.51,1.7869343,6291
7.51,2.1914866,6291
7.51,1.6066593,6291
7.51,3.573624,6291
7.5,3.0081024,6291
7.48,-0.7713859,6291
7.48,-2.5118823,6291
7.48,-0.7695276,6291
7.48,-0.12257041,6291
7.48,1.2673059,6291
7.48,-2.0879803,6291
7.47,1.9498535,6291
7.47,-2.8398964,6291
7.47,0.100970685,6291
7.47,-1.5990119,6291
7.46,1.2792109,6291
7.46,3.7650247,6291
7.46,-1.7526084,6291
7.46,4.841343,6291
7.44,1.386314,6291
7.44,-1.6175996,6291
7.44,-5.3386874,6291
7.44,-0.37306252,6291
7.43,-1.4010351,6291
7.43,-2.5646741,6291
7.42,1.90897,6291
7.42,0.31707653,6291
7.42,-1.7770821,6291
7.41,-1.6273788,6291
7.41,-2.438028,6291
7.41,-0.30526853,6291
7.41,1.3866153,6291
7.41,-6.108325,6291
7.4,0.49690306,6291
7.4,4.674111,6291
7.39,5.017972,6291
7.39,4.134035,6291
7.38,-3.531759,6291
7.38,-1.8659406,6291
7.37,5.3607745,6291
7.37,3.1027262,6291
7.37,-1.5240424,6291
7.36,4.159995,6291
7.36,5.5841208,6291
7.36,0.04345821,6291
7.36,1.2853608,6291
7.36,0.118946895,6291
7.36,0.2781432,6291
7.35,3.4692857,6291
7.35,-1.6166612,6291
7.35,-2.6780562,6291
7.35,-1.1689267,6291
7.35,1.1876436,6291
7.35,2.4901187,6291
7.34,6.0201745,6291
7.34,1.7243341,6291
7.33,-4.7997484,6291
7.33,-3.3794298,6291
7.33,-3.0719564,6291
7.32,2.2571073,6291
7.31,0.6899422,6291
7.31,-1.7960212,6291
7.31,-1.6252246,6291
7.31,-3.3603249,6291
7.31,-0.015133083,6291
7.3,0.36833504,6291
7.3,-1.568427,6291
7.29,3.419704,6291
7.29,0.7362321,6291
7.28,-4.2005568,6291
7.28,2.2385948,6291
7.28,1.2439859,6291
7.26,0.80112904,6291
7.26,3.5336425,6291
7.25,-0.4711195,6291
7.25,-4.7450285,6291
7.25,-0.25016764,6291
7.22,2.1307557,6291
7.22,4.354096,6291
7.21,0.28834742,6291
7.21,-5.7153335,6291
7.21,-0.51954454,6291
7.2,-0.32733917,6291
7.2,0.8517843,6291
7.19,-0.10227136,6291
7.19,-2.140962,6291
7.19,-5.003529,6291
7.18,3.6815798,6291
7.18,1.6489142,6291
7.18,-2.168551,6291
7.17,-0.89251226,6291
7.17,1.3453299,6291
7.16,1.086702,6291
7.16,0.4151779,6291
7.16,-1.5163717,6291
7.16,0.37311962,6291
7.15,1.3443081,6291
7.15,1.2795216,6291
7.14,0.77603734,6291
7.13,0.28595787,6291
7.12,3.4187827,6291
7.12,0.11186586,6291
7.12,0.5894969,6291
7.11,1.1212664,6291
7.11,-0.52910507,6291
7.11,5.737111,6291
7.11,-0.55336004,6291
7.11,0.3770697,6291
7.11,1.9644394,6291
7.11,-5.7999473,6291
7.1,4.096903,6291
7.09,3.5814202,6291
7.09,1.9211308,6291
7.09,0.8185935,6291
7.09,0.38285166,6291
7.09,1.1042461,6291
7.08,-2.725848,6291
7.08,0.31226948,6291
7.08,2.591145,6291
7.08,-2.40576,6291
7.07,-2.0101721,6291
7.07,-0.6605774,6291
7.07,-2.3919559,6291
7.07,2.3650763,6291
7.06,2.7511384,6291
7.06,-0.42483026,6291
7.06,0.446219,6291
7.05,1.187191,6291
7.05,3.6151435,6291
7.05,-1.4558002,6291
7.05,1.9583343,6291
7.04,-1.8505887,6291
7.04,2.006701,6291
7.03,1.1555458,6291
7.03,1.4652587,6291
7.03,1.2795216,6291
7.03,1.9189429,6291
7.02,4.273465,6291
7.02,1.4747921,6291
7.0,2.5795465,6291
7.0,1.2968545,6291
7.0,1.4701624,6291
7.0,-1.3141577,6291
7.0,0.18766756,6291
7.0,-0.96731913,6291
6.99,-4.6595507,6291
6.98,1.7694436,6291
6.98,-1.7381314,6291
6.96,-0.22328825,6291
6.96,0.8185935,6291
6.96,0.39348465,6291
6.94,1.4652587,6291
6.94,0.38123432,6291
6.94,1.9312272,6291
6.94,3.9289868,6291
6.93,0.6418342,6291
6.93,0.9495883,6291
6.92,4.5992136,6291
6.92,3.9032762,6291
6.92,-2.91509,6291
6.92,-1.422297,6291
6.92,2.2388318,6291
6.92,-0.33874097,6291
6.92,4.4723573,6291
6.91,0.0570687,6291
6.91,2.965842,6291
6.9,2.8510418,6291
6.9,-1.7653258,6291
6.89,2.926227,6291
6.89,-3.4767911,6291
6.89,0.570014,6291
6.88,-1.2700865,6291
6.87,-2.6330838,6291
6.86,-4.9454937,6291
6.86,0.570335,6291
6.85,-1.9205744,6291
6.83,-0.94486356,6291
6.82,-1.5299734,6291
6.82,2.112761,6291
6.8,0.32082912,6291
6.8,-0.1168337,6291
6.77,-0.47845873,6291
6.77,3.0648346,6291
6.76,-0.11490366,6291
6.75,-0.5401765,6291
6.75,-1.7059103,6291
6.7,2.1379886,6291
6.7,0.14497325,6291
6.62,-2.0677378,6291
6.6,-1.0698496,6291
6.6,3.1189237,6291
6.58,-2.1263614,6291
6.57,-1.7727875,6291
6.57,-1.4176328,6291
6.54,-3.4956799,6291
6.52,1.4699755,6291
6.5,-0.595992,6291
6.5,1.0953262,6291
6.47,-0.8600204,6291
6.44,-1.6980412,6291
6.43,-0.6610789,6291
6.37,1.6915874,6291
6.35,6.2650104,6291
6.31,3.8096075,6291
6.31,-0.549842,6291
6.29,-3.43534,6291
6.26,2.4404173,6291
6.24,-1.4027512,6291
6.24,-5.472303,6291
6.24,-1.2255757,6291
6.22,-1.9279745,6291
6.21,4.2953897,6291
6.19,-0.9292294,6291
6.14,0.63812697,6291
6.11,4.5194387,6291
6.09,0.5882904,6291
6.08,0.56514645,6291
6.04,-0.25067687,6291
5.89,1.5203823,6291
5.89,-2.970547,6291
5.85,0.7904131,6291
5.82,-2.1833491,6291
5.66,4.136782,6291
5.58,0.24561761,6291
5.58,2.4171712,6291
5.33,-4.2306843,6291
5.29,1.8896736,6291
5.18,1.6243607,6291
5.16,5.636471,6291
4.72,-3.5848613,6291
5.75,-3.57948,4285
4.89,-1.2011367,4285
4.75,-9.828485,4285
7.46,-0.34563124,15924
7.42,0.40977547,15924
7.36,2.1964064,15924
6.92,-1.2396011,15924
6.46,-2.7730143,15924
5.66,-2.8226411,15924
4.92,-2.0047457,15924
6.54,-0.32353622,4373
8.6,0.04051415,11285
8.4,-0.32592776,11285
8.4,0.9241237,11285
8.3,2.0139306,11285
8.2,-0.4245535,11285
8.1,-2.156323,11285
7.8,-2.0377166,11285
7.7,-4.468723,11285
7.7,-2.5247242,11285
7.6,-0.32592776,11285
7.6,-3.3831286,11285
7.6,-1.6653615,11285
7.5,-1.8966918,11285
7.5,0.04051415,11285
7.4,-2.206377,11285
7.3,-1.6931881,11285
7.3,-3.7814732,11285
7.3,-1.9698374,11285
7.2,-4.1494646,11285
7.2,-0.8713688,11285
7.2,-2.002384,11285
7.1,-3.7814732,11285
7.1,-2.8142548,11285
7.0,-3.8288367,11285
7.0,-2.8176587,11285
6.9,-0.32538503,11285
6.8,-0.7187336,11285
6.8,-6.7204437,11285
6.8,-4.136957,11285
6.7,-1.6653615,11285
6.7,-1.6477503,11285
6.7,-4.3092537,11285
6.6,-4.838167,11285
6.6,-4.5854497,11285
6.6,1.2095487,11285
6.5,-4.001807,11285
5.2,-5.8129983,11285
4.19,-1.1981758,14559
7.3,1.9620221,11407
6.51,-3.0789757,11407
6.27,-2.6826968,11407
5.68,-1.1870251,11407
8.19,1.2823273,12120
7.84,6.101149,12120
7.68,0.5287528,12120
7.66,-0.54557246,12120
7.58,-0.80260086,12120
7.51,2.7930562,12120
7.43,3.875208,12120
7.41,1.1173469,12120
7.39,-1.9746099,12120
7.38,0.4759069,12120
7.37,0.082203776,12120
7.33,-1.6720151,12120
7.29,0.159413,12120
7.21,2.0967875,12120
7.21,2.132969,12120
7.2,0.17106605,12120
7.19,3.1868694,12120
7.14,-1.1862123,12120
7.14,-5.887154,12120
7.09,-0.36967933,12120
7.08,1.5276408,12120
7.03,-3.130855,12120
6.99,-2.7147288,12120
6.94,-4.488053,12120
6.88,-3.6784098,12120
6.88,-0.111292556,12120
6.78,-1.2022631,12120
6.62,-3.3367205,12120
7.35,-0.95300025,17141
6.01,3.681721,17141
5.1,-2.570925,14979
8.4,0.6513649,11050
8.52,3.749353,6228
8.4,3.8310118,6228
8.22,0.584569,6228
8.22,1.2522821,6228
8.15,1.9939709,6228
8.1,2.7256777,6228
8.1,1.1853493,6228
8.05,3.8555987,6228
8.0,3.8335967,6228
8.0,3.062599,6228
7.96,-0.107292145,6228
7.92,3.8068082,6228
7.92,3.6993816,6228
7.92,3.6041434,6228
7.82,0.33121383,6228
7.8,1.2055042,6228
7.77,2.3822145,6228
7.72,3.2271075,6228
7.72,4.3206954,6228
7.7,2.6185732,6228
7.6,0.4254839,6228
7.57,2.5637765,6228
7.52,-0.011091206,6228
7.52,2.0411065,6228
7.52,2.0677211,6228
7.51,3.2080424,6228
7.44,-0.2235185,6228
7.44,2.1670284,6228
7.44,0.96825004,6228
7.42,4.55673,6228
7.42,4.3470125,6228
7.41,1.8377266,6228
7.41,-3.7700121,6228
7.4,1.2155478,6228
7.39,1.1011202,6228
7.37,1.2817068,6228
7.33,1.9490023,6228
7.33,3.0045748,6228
7.32,2.951419,6228
7.31,1.5767237,6228
7.28,0.9330001,6228
7.25,1.8596644,6228
7.24,1.5191568,6228
7.21,2.6414163,6228
7.21,-2.3469744,6228
7.19,1.4377443,6228
7.19,2.5560758,6228
7.19,-1.014284,6228
7.19,-1.0125889,6228
7.17,-2.8100312,6228
7.16,1.5811872,6228
7.16,1.6147336,6228
7.13,1.3391598,6228
7.13,1.3992473,6228
7.11,-0.630098,6228
7.09,3.2581813,6228
7.09,-2.6396596,6228
7.07,1.423766,6228
7.06,1.2435873,6228
7.05,0.40310636,6228
7.0,0.53707784,6228
6.98,-1.9485604,6228
6.94,0.7213609,6228
6.9,3.0579798,6228
6.86,1.739484,6228
6.82,2.4965303,6228
6.79,3.2299912,6228
6.65,-4.1904974,6228
6.65,2.9578927,6228
6.62,-2.413475,6228
6.61,0.8405038,6228
6.44,2.6684167,6228
6.41,-0.6874057,6228
6.4,1.3021774,6228
6.4,2.1291308,6228
6.4,3.5365815,6228
5.51,-2.6551049,6228
5.48,-4.4642825,6228
5.11,-3.1706524,6228
5.0,3.0888069,6228
6.78,1.4707422,3623
8.8,5.019824,3906
8.25,3.3873909,1936
5.57,-2.4116025,16048
5.1,0.7787038,16048
8.0,4.825898,17266
7.89,4.74438,17266
7.75,1.2275836,17266
7.7,2.1414363,17266
7.6,2.261094,17266
7.48,2.0671585,17266
7.46,0.7144967,17266
7.43,1.4031718,17266
7.43,1.6050725,17266
7.42,0.8780961,17266
7.28,-1.9446292,17266
7.17,0.14347997,17266
7.16,1.669976,17266
7.16,0.10327348,17266
7.15,-0.33733895,17266
7.14,-0.930151,17266
7.06,-0.06132612,17266
6.98,-0.14120358,17266
6.94,-0.1300554,17266
6.9,-0.64989245,17266
5.85,1.2275836,17266
8.22,2.4873455,5140
6.46,0.3257456,8365
5.65,-3.1069229,8365
5.56,-4.5127215,8365
5.35,-7.1373553,8365
5.15,-2.7717001,5294
5.0,-6.8059278,7502
9.4,2.564839,2300
9.0,-0.5028038,2300
9.0,3.2805965,2300
9.0,2.7130659,2300
8.7,2.2145615,2300
8.7,-1.0795522,2300
8.7,1.4017996,2300
8.7,-0.72282267,2300
8.7,5.0973787,2300
8.52,1.9149097,2300
8.52,-0.7910614,2300
8.52,1.5371635,2300
8.4,1.7414303,2300
8.3,2.5195384,2300
8.3,1.4414947,2300
8.1,3.8814247,2300
8.05,2.564839,2300
8.0,0.044777703,2300
7.96,-0.5028038,2300
7.92,2.4476025,2300
7.92,1.5326879,2300
7.92,0.46803108,2300
7.89,-1.1922538,2300
7.89,2.4926486,2300
7.85,-0.8901662,2300
7.77,-2.9862416,2300
7.75,-1.132655,2300
7.72,-2.84962,2300
7.64,-2.613747,2300
7.64,-1.8383539,2300
7.39,-1.3637547,2300
7.31,-3.174043,2300
7.29,-2.1827114,2300
7.28,-2.6049488,2300
7.23,-1.0669346,2300
7.17,-0.50307494,2300
7.16,-4.44797,2300
7.13,1.6470996,2300
7.08,-2.5254865,2300
7.0,0.7464006,2300
6.96,0.604506,2300
6.75,-3.1370218,2300
6.72,-0.32018512,2300
6.68,-2.6049488,2300
6.68,0.3701451,2300
6.64,-0.703563,2300
6.64,-1.6563494,2300
5.57,-4.979669,2300
8.1,1.5769272,13356
7.96,0.50494826,13356
7.96,3.2027328,13356
7.77,2.0935822,13356
7.62,4.5232244,13356
7.57,2.6018035,13356
7.32,3.0351307,13356
7.25,4.453175,13356
7.03,2.7266061,13356
7.0,1.3539522,13356
7.0,4.1321764,13356
6.92,3.5876813,13356
6.8,2.4854803,13356
6.77,2.7310195,13356
6.64,3.5667348,13356
6.64,2.2821586,13356
6.6,1.6104575,13356
6.57,2.988063,13356
6.55,3.031998,13356
6.42,-0.08658655,13356
6.41,2.8623524,13356
6.35,2.9560516,13356
6.35,-0.26843143,13356
6.17,1.4468668,13356
6.0,1.8698831,13356
5.8,2.0995495,13356
5.62,-0.15255094,13356
5.32,2.2232056,13356
4.64,-4.6865606,15477
6.69,-0.6023804,8082
7.02,-0.3873888,12434
7.77,2.6147044,12816
6.57,3.52203,16073
4.36,-4.2901564,7294
8.02,-0.7159889,8117
7.92,-1.2650541,8117
7.88,-0.15474837,8117
7.75,2.158614,8117
7.72,2.6720192,8117
7.62,1.5320549,8117
7.58,2.5358,8117
7.5,-1.1417167,8117
7.46,-0.13760772,8117
7.33,0.59464675,8117
7.29,-1.2650541,8117
7.25,2.6720192,8117
7.24,-0.85834926,8117
7.12,-0.7879276,8117
7.11,-0.13760772,8117
6.98,-2.4290748,8117
6.85,1.3092711,8117
6.8,1.1211804,8117
6.7,-0.7879276,8117
6.63,-0.5738647,8117
6.61,-1.1689818,8117
6.58,-0.32298604,8117
6.58,-1.0700604,8117
5.3,-1.0187045,3131
7.52,-3.1718276,4819
7.05,-6.2942953,4819
6.92,-6.5446157,4819
6.72,-6.5830545,4819
6.72,-5.213034,4819
6.23,-4.8186245,4819
5.98,-4.600036,4819
5.81,-3.1193898,4819
5.81,-5.4262495,4819
5.64,0.5020049,4819
8.7,2.3982236,14613
5.64,-7.0186257,10204
5.15,-7.3893285,10204
5.5,-0.7640543,3021
8.05,4.7544217,9095
5.16,-1.7717303,9095
4.57,-6.219825,9095
4.41,-0.8329927,9095
4.38,-0.8329927,9095
6.83,1.5843626,12818
9.0,1.3753028,8099
7.58,-3.0182517,8099
7.11,0.50600606,8099
6.97,0.22573036,8099
6.81,-0.3630811,8099
6.6,-5.368626,8099
6.54,-3.092987,8099
6.19,-0.6702388,8099
5.88,-0.8199965,8099
8.42,2.558427,8743
8.17,1.8203391,8743
8.15,-0.5641565,8743
7.94,-1.4207134,8743
7.93,0.2423891,8743
7.91,3.2563438,8743
7.86,-0.4139076,8743
7.78,-0.4119385,8743
7.71,-1.3248953,8743
7.38,-2.0789416,8743
7.37,-1.0331281,8743
7.22,3.5699012,8743
7.17,-2.0436485,8743
7.16,-0.17624505,8743
7.11,0.07889429,8743
7.1,-0.27050018,8743
7.01,0.4840702,8743
7.01,2.0032194,8743
6.97,-1.3693448,8743
6.97,0.8170667,8743
6.96,0.6575678,8743
6.95,0.45634547,8743
6.87,0.20626394,8743
6.85,-2.1850488,8743
6.77,-2.514009,8743
6.73,-0.34448704,8743
6.36,-2.586574,8743
6.21,-3.792047,8743
6.06,-0.12951207,3455
7.4,0.4111571,9230
8.48,-0.41454235,17181
8.04,0.18610688,17181
7.92,1.0429676,17181
7.85,0.36161092,17181
7.7,-0.68765616,17181
7.68,2.0672176,17181
7.55,0.8712938,17181
7.38,-0.82478786,17181
7.37,-2.1819105,17181
7.32,-0.15482198,17181
7.23,-4.556732,17181
7.21,-3.034828,17181
7.2,1.393609,17181
7.1,-2.0480623,17181
7.07,-1.1594911,17181
7.05,-3.2366908,17181
7.02,-8.286953,17181
7.0,-4.824928,17181
6.85,-2.7841077,17181
6.72,-2.1596208,17181
6.35,-3.69938,17181
6.07,-1.042012,17181
5.96,-1.9744859,17181
5.85,-4.66153,17181
5.82,-3.5373173,17181
5.06,0.7250689,17181
9.7,-0.8060402,16390
9.7,0.64035314,16390
9.7,3.8811047,16390
9.7,-1.4596754,16390
9.4,-2.0482705,16390
9.4,4.120015,16390
9.4,5.3042994,16390
9.3,-0.7051123,16390
9.3,-0.7756463,16390
9.15,-0.9935558,16390
9.15,3.6283271,16390
8.96,1.2644846,16390
8.96,0.8139022,16390
8.96,2.995575,16390
8.92,1.6817379,16390
8.8,2.3081183,16390
8.74,-1.2719866,16390
8.74,-0.47684208,16390
8.64,0.9375038,16390
8.59,-2.0589018,16390
8.43,3.1632724,16390
8.25,-2.3649273,16390
8.25,0.06392303,16390
8.23,-0.4650928,16390
8.22,-1.8367729,16390
8.05,-2.220208,16390
7.72,2.1636348,16390
7.57,1.312238,16390
7.43,-3.0478334,16390
7.26,-4.0669174,16390
8.54,1.308661,10310
8.45,-4.523788,10310
7.85,-4.557741,10310
7.27,-4.523788,10310
7.17,0.37065533,10310
7.17,-1.329145,10310
7.07,-4.523788,10310
6.03,-6.191006,10310
5.64,-4.5559955,15960
5.3,0.72991097,15960
4.89,-7.6902037,15960
7.46,3.397334,16177
6.44,2.988824,4959
5.64,-3.6701615,5283
6.85,-0.4298815,16258
7.26,5.39483,1999
7.51,2.895922,8376
7.21,1.3678957,8376
7.17,-0.85123473,8376
4.21,2.1171596,16123
4.72,-2.739912,2495
8.1,-3.024741,10617
7.6,-0.8767811,10617
7.46,1.6097677,10617
7.42,-1.6102438,10617
7.28,-0.74431616,10617
7.28,-5.7394905,10617
7.25,-0.39514336,10617
7.25,-0.12987922,10617
7.25,-1.2440547,10617
7.22,1.1421142,10617
7.22,1.7245116,10617
7.18,-1.3711153,10617
7.12,-2.9676297,10617
7.08,1.9823868,10617
7.01,2.3092363,10617
7.01,-3.6331716,10617
7.01,-3.1573102,10617
6.89,-3.1140983,10617
6.85,-1.2904885,10617
6.77,-2.0330775,10617
6.77,1.0915926,10617
6.77,0.6597478,10617
6.64,-1.714305,10617
6.6,-2.197743,10617
6.48,1.8313721,10617
6.48,-1.7408807,10617
6.46,1.0915926,10617
6.04,0.62625027,10617
5.92,-2.8073735,10617
5.89,4.000337,10617
5.52,2.1820302,10617
5.64,-2.813038,4910
9.4,5.0008993,9378
5.71,-1.1474326,522
8.1,1.5408067,3116
7.92,1.642731,3116
7.8,-1.1270959,3116
7.8,1.6004823,3116
7.55,-1.4577429,3116
7.23,1.021946,3116
6.85,2.8136632,3116
6.77,-1.4324837,3116
6.76,0.39861253,3116
6.7,0.7396523,3116
6.61,0.44477278,3116
6.51,0.27639106,3116
6.42,1.9727943,3116
6.12,-1.5231087,3116
6.09,-1.5369377,3116
5.91,-2.3979955,3116
5.91,-0.19254564,3116
5.82,0.4663546,3116
5.81,-2.8062694,3116
4.3,-2.9833903,3116
4.3,-0.13897876,3116
7.19,2.4328713,9655
7.11,3.255526,9655
6.98,2.1690056,9655
6.96,5.2894063,9655
6.92,2.793978,9655
6.86,1.9871211,9655
6.81,2.4495904,9655
6.79,1.772787,9655
6.7,2.7026398,9655
6.65,3.7502282,9655
6.61,3.542674,9655
5.0,-7.399275,7450
5.82,-4.1191363,2237
5.47,-5.401532,2237
5.45,-3.1753557,2237
5.38,-5.2210083,2237
5.32,-4.998393,2237
5.15,-7.9300866,2237
5.12,-7.233009,2237
5.09,-6.9084964,2237
5.08,-8.209995,2237
4.98,-6.957877,2237
4.96,-7.5340037,2237
4.88,-7.686315,2237
4.88,-8.555879,2237
4.87,-6.8689556,2237
4.81,-7.0123944,2237
4.79,-8.544566,2237
4.72,-7.663485,2237
4.72,-8.537318,2237
4.7,-8.73704,2237
4.69,-8.507887,2237
4.69,-7.5157666,2237
4.63,-9.352317,2237
4.63,-8.302973,2237
4.6,-8.54611,2237
4.58,-8.211582,2237
4.56,-8.063032,2237
4.55,-7.5405836,2237
4.54,-9.331945,2237
4.42,-9.232963,2237
7.42,1.5646782,13737
7.18,2.9305775,13737
6.9,-0.11575876,13737
6.46,3.3572621,13737
6.43,-1.0779151,13737
6.1,2.1477952,13737
5.86,3.1413355,13737
5.76,1.1843591,13737
7.42,1.5449053,17070
8.3,-2.434807,16638
8.22,-3.4432797,16638
8.1,-1.8337879,16638
8.05,-1.578616,16638
7.96,-1.3207418,16638
7.96,-2.772002,16638
7.96,-4.309826,16638
7.85,-1.8658351,16638
7.85,-3.0463746,16638
7.66,-3.9064553,16638
7.66,-2.071421,16638
7.57,-3.0796967,16638
7.44,-5.3149695,16638
7.38,-1.2114391,16638
7.08,-5.155202,16638
5.92,-3.669539,16638
6.47,0.41790995,4425
5.04,-6.953981,4425
5.03,-8.593179,4425
5.01,-3.7776778,4425
5.0,-7.7641263,4425
4.99,-7.4461055,4425
4.93,-5.3817782,4425
4.91,-8.456225,4425
4.9,-9.613525,4425
4.89,-8.935565,4425
4.88,-6.3050504,4425
4.86,-5.583178,4425
4.86,-8.626059,4425
4.84,-9.30774,4425
4.84,-7.8800387,4425
4.8,-5.690349,4425
4.79,-3.9386222,4425
4.71,-7.276195,4425
4.63,-7.083696,4425
4.53,-8.294707,4425
4.42,-3.914127,4425
6.85,2.0468256,5430
6.68,1.6170417,5430
6.6,1.8332072,5430
6.5,0.5423739,5430
6.46,-1.1293962,5430
6.28,-0.39830303,5430
6.28,-0.32376617,5430
6.2,-1.1417562,5430
6.16,-0.71399105,5430
6.16,-2.4606123,5430
6.15,0.42789492,5430
6.08,-2.01873,5430
6.03,-0.9739702,5430
6.0,-2.2591507,5430
5.92,-0.8011389,5430
5.92,-2.061919,5430
5.85,0.87699836,5430
5.85,0.6083313,5430
5.82,0.21912852,5430
5.8,-0.8710618,5430
5.8,-2.5413744,5430
5.75,-2.1289678,5430
5.66,-0.18842958,5430
5.62,-2.552229,5430
5.6,-1.8071704,5430
5.58,-0.9644611,5430
5.58,-1.7350419,5430
5.54,2.0468256,5430
5.5,-2.1525195,5430
5.46,-1.8271542,5430
5.46,-2.8467517,5430
5.38,-1.3860952,5430
5.22,-3.6572483,5430
4.89,-3.090319,5430
4.89,-4.6166058,5430
6.41,-1.6177818,5575
6.94,-1.0904188,12467
6.86,-1.3806654,12467
6.83,-1.9564446,12467
6.49,-1.3147408,12467
6.25,-4.085523,12467
5.86,-0.46107805,12467
5.0,-6.783518,7513
8.29,2.8975809,16507
8.06,4.896115,16507
7.92,-0.40753558,16507
7.92,3.6473148,16507
7.58,3.1907234,16507
7.5,-3.5553894,16507
6.92,3.5768397,16507
6.85,0.003204599,16507
4.43,-0.039369408,17894
4.13,2.6324718,17894
7.35,3.6180568,16408
7.21,2.4586186,16408
7.09,1.9148666,16408
6.64,2.435141,16408
6.61,-2.2046123,16408
6.16,1.9010897,16408
5.8,-1.6174738,16408
5.27,-2.1006856,16408
6.77,-2.5490758,15284
6.53,-5.92022,15284
6.46,-0.34031317,15284
6.4,-0.5909133,15284
6.36,0.07372297,15284
6.3,-4.478337,15284
6.13,-0.945113,15284
6.12,-2.3761377,15284
6.1,-3.2239778,15284
6.08,-1.9993227,15284
6.05,-2.5408463,15284
5.95,-3.5771184,15284
5.83,-2.539123,15284
5.82,-3.7899928,15284
5.68,-0.2980511,15284
5.66,-0.65562963,15284
5.59,-5.1077175,15284
5.57,-1.7301342,15284
5.08,0.035487592,15284
4.87,-5.0580945,15284
8.27,4.4836063,590
8.1,6.6069784,590
8.05,7.6334767,590
8.05,5.539911,590
8.0,6.380612,590
8.0,5.843021,590
7.84,3.7550592,590
7.7,5.3958235,590
7.67,2.7108493,590
7.64,3.5150843,590
7.57,2.5273705,590
7.54,2.7856226,590
7.47,3.6783075,590
7.31,3.4463937,590
7.28,0.98886347,590
7.19,2.4957068,590
7.07,2.4111865,590
6.66,1.6845301,590
6.36,2.2063677,590
6.28,0.65455,590
6.1,-0.5029363,590
6.09,-0.9203578,590
5.13,-2.9752145,590
7.96,-0.9247045,9439
5.05,-0.07916354,9439
7.42,-1.8567048,345
7.09,-1.7667708,345
6.94,0.15420127,345
6.68,-0.40927693,345
6.62,0.14565653,345
6.59,2.8760285,345
6.48,-3.891968,345
6.38,0.1418717,345
6.37,-1.350963,345
6.24,1.060075,345
6.22,2.176262,345
6.22,2.2657921,345
6.19,0.55783176,345
6.14,-1.350963,345
6.1,1.060075,345
5.86,1.9140227,345
5.82,-1.5912697,345
5.8,1.060075,345
5.5,-6.3638644,345
5.5,-4.918893,345
5.43,-5.7302465,345
5.32,-1.350963,345
5.21,-4.8712125,345
5.02,2.6286225,345
8.96,2.4375713,14528
5.84,-3.9238255,6773
5.84,-5.51564,6773
5.61,-4.46773,6773
5.49,-5.513218,6773
5.47,-4.7299833,6773
5.43,-5.896842,6773
5.27,-5.5874634,6773
5.24,-5.063345,6773
5.17,-5.806659,6773
5.11,-7.9803987,6773
5.03,-9.383738,6773
5.03,-8.356792,6773
4.86,-6.004517,6773
8.22,4.470619,16996
8.0,1.2820988,466
7.82,2.8371136,466
7.5,0.7630441,466
7.47,2.845694,466
7.3,-0.25991628,466
7.29,0.9811531,466
6.98,1.5509394,466
6.97,2.1642537,466
6.96,0.28572112,466
6.88,2.229119,466
6.87,0.99018973,466
6.85,2.1764426,466
6.73,4.1600184,466
6.65,-0.8248277,466
6.6,-0.022869796,466
6.52,1.1667404,466
6.48,3.4038913,466
6.31,-0.58321583,466
6.12,0.73257995,466
4.7,-2.976597,9967
7.3,-0.50118387,4242
7.96,5.020056,17417
7.32,3.5108325,17417
5.85,0.028507924,17417
5.75,0.22343953,17417
5.47,1.5107856,17417
5.37,3.6581323,17417
5.36,-0.40211555,17417
7.52,3.2198322,15252
7.96,-0.8694089,7518
7.57,2.4432933,7518
7.27,2.7698493,7518
7.26,0.3331469,7518
7.22,1.0196619,7518
7.21,2.1332307,7518
7.18,1.1406554,7518
7.17,0.6891241,7518
7.13,-0.2885414,7518
7.06,0.89221644,7518
7.03,1.3778286,7518
7.0,0.2835895,7518
7.0,2.8655257,7518
6.89,2.8583658,7518
6.82,2.567238,7518
6.8,2.5440912,7518
6.77,0.8175336,7518
6.64,0.5294291,7518
6.55,-0.6632999,7518
6.54,-3.0011404,7518
6.46,2.221643,7518
6.46,0.23034292,7518
6.43,-1.3390238,7518
6.42,-1.274384,7518
6.35,0.75978595,7518
6.33,-0.6049084,7518
6.24,1.3341546,7518
6.18,-0.0621144,7518
6.17,0.31449956,7518
6.17,-1.7807845,7518
6.02,3.0043414,7518
6.9,-4.724685,11025
6.6,-5.4828672,11025
6.64,-0.5055847,16778
5.82,3.0387135,16185
6.18,-0.6102107,4364
8.33,-0.05658162,14550
8.15,0.17294677,14550
4.55,-2.5333292,17102
6.24,-2.2443836,5214
4.61,-1.146785,5214
5.51,-6.505115,5600
6.44,-2.8814673,11097
5.96,-1.5482714,11097
7.7,0.09785145,12910
7.36,1.1211588,12910
6.94,0.94807804,12910
7.21,-3.2737246,8196
6.9,-1.954243,8196
6.11,-3.8058085,8196
5.9,-4.479178,8196
5.75,-3.8058085,8196
7.64,1.7519909,6276
7.64,-0.68261564,6276
7.41,-1.40768,6276
7.03,-0.10741888,6276
7.0,-0.12530346,6276
6.99,-4.608318,6276
6.94,-0.117214695,6276
6.88,1.9239563,6276
6.86,3.3371685,6276
6.77,2.3770664,6276
6.74,-1.0995203,6276
6.7,1.4797541,6276
6.64,1.3478624,6276
6.6,-5.980137,6276
6.58,1.25002,6276
6.51,-1.7751738,6276
6.5,1.9356288,6276
6.49,1.5819046,6276
6.46,-2.0420084,6276
6.46,2.6959033,6276
6.32,-1.1761485,6276
6.28,-0.8002448,6276
6.26,1.5399374,6276
6.21,1.2239705,6276
6.2,-3.6393101,6276
6.19,1.6644995,6276
6.14,-1.1009339,6276
6.13,-0.7307012,6276
6.07,0.25319916,6276
5.88,-4.149098,6276
5.85,-0.5720006,6276
5.83,-0.77770436,6276
5.83,2.8237329,6276
5.75,1.0504766,6276
5.66,-5.7005,6276
5.64,-1.9466285,6276
5.6,-1.0056257,6276
5.46,-3.4472635,6276
5.44,-0.6455771,6276
5.23,-4.912445,6276
5.21,0.90824616,6276
5.19,-1.2781181,6276
5.17,-5.238969,6276
5.0,-4.5117846,6276
5.0,-4.62657,6276
5.0,-1.6759657,6276
5.0,-0.64883626,6276
5.6,1.5802319,15749
8.0,4.60629,7536
8.59,4.9917035,2004
6.28,-0.9902147,8347
5.07,-4.7352233,8347
9.0,4.379903,13391
8.52,2.6504784,13391
8.4,3.2792177,13391
8.3,1.108975,13391
8.22,4.0036893,13391
8.22,-2.9929893,13391
8.22,2.798919,13391
8.05,5.4144306,13391
8.05,2.972868,13391
8.0,0.4849249,13391
7.68,0.6050931,13391
7.66,1.7599745,13391
7.48,-0.98317814,13391
7.47,0.53740484,13391
7.34,1.7599745,13391
7.28,2.2938588,13391
6.94,2.8805888,13391
6.93,2.8805888,13391
6.87,1.5951022,13391
6.71,3.1835673,13391
5.5,-1.201802,2026
5.21,-8.309737,8463
9.15,4.6874146,8795
9.0,3.61038,8795
9.0,-1.5174438,8795
9.0,4.161186,8795
9.0,4.155792,8795
9.0,5.054616,8795
9.0,4.2336335,8795
9.0,1.1849658,8795
9.0,4.155792,8795
8.7,1.242005,8795
8.7,1.1768047,8795
8.52,4.0088687,8795
8.52,2.1207454,8795
8.52,2.245556,8795
8.4,2.1902583,8795
8.4,5.0543265,8795
8.4,4.155792,8795
8.22,0.0490913,8795
8.1,0.9332064,8795
8.1,-0.4289152,8795
8.1,2.8372104,8795
7.92,-1.6594532,8795
7.89,0.85868764,8795
7.51,-1.3328586,8795
7.51,1.5439798,8795
7.5,0.62762105,8795
7.43,-2.688637,8795
7.38,2.2492118,8795
7.17,2.256756,8795
6.99,0.608999,8795
6.9,-1.1779983,8795
6.6,-2.5425017,8795
6.6,-2.3090878,8795
6.14,-0.79113406,8795
7.57,-0.37943363,6493
7.09,1.0082948,6493
7.72,2.644106,10758
7.47,-6.5625076,10758
7.47,-4.444012,10758
5.27,-6.0104446,10758
4.3,-7.578712,971
9.7,4.5959926,15097
9.7,2.6301486,15097
7.55,-0.14390044,16849
7.85,1.885894,2483
7.7,-3.376494,4082
7.64,-2.1697083,4082
7.52,-1.8020005,4082
7.41,0.77990603,4082
7.39,-1.2491655,4082
7.28,-3.0462718,4082
7.22,-1.0595537,4082
6.72,-1.2658646,4082
6.64,-1.765173,4082
6.62,-2.7625897,4082
6.59,-4.336819,4082
6.46,-2.3021994,4082
6.39,-2.3956182,4082
6.37,-3.9896958,4082
6.33,-0.5670788,4082
6.18,-4.112126,4082
5.96,-3.082496,4082
5.81,-2.8206573,4082
5.72,-5.29933,4082
5.06,-4.706478,4082
5.47,-3.096505,17620
6.12,3.6246088,4769
5.87,0.06616151,4769
5.7,-1.1437674,4769
5.28,-3.851997,4769
4.54,-1.0170473,4769
8.88,0.6206803,8657
8.11,-1.0290992,5031
7.89,-5.6352715,5031
7.84,-4.7258253,5031
7.79,-2.2609613,5031
7.76,-0.462693,5031
7.65,-2.6735957,5031
7.63,-6.636038,5031
7.6,-1.7669337,5031
7.59,-3.2636392,5031
7.59,-1.4681393,5031
7.58,-3.8466864,5031
7.58,2.5457368,5031
7.5,-4.4623065,5031
7.45,-1.6390485,5031
7.43,-4.6703277,5031
7.36,-6.029078,5031
7.26,-2.6462607,5031
7.19,-2.7090585,5031
7.18,-3.419284,5031
7.13,-2.6462607,5031
7.07,-3.812281,5031
7.02,-2.0375378,5031
6.8,-7.4730186,5031
6.8,-4.7350388,5031
6.35,-3.5709367,5031
5.47,-6.77052,5031
5.43,-4.7678466,5031
6.04,-6.412639,4975
6.31,-1.444218,5231
7.0,0.27073684,10781
5.85,0.1651083,10781
6.7,2.6218352,9158
8.92,4.1386876,10470
8.52,1.1033554,10470
8.05,1.47112,10470
7.51,3.7313108,10470
7.44,1.9486687,10470
7.38,1.9486687,10470
7.35,-0.9163935,10470
7.34,1.9486687,10470
7.05,3.7313108,10470
6.91,-2.7817678,10470
5.0,-7.3514743,7454
6.09,-7.1897774,15340
5.96,-5.4063973,15340
5.92,-5.2141647,15340
5.85,-5.5699067,15340
5.1,-7.2408,15340
4.96,-0.81095386,15340
4.92,-7.521654,15340
4.54,-6.4922132,15340
4.54,-7.6672664,15340
8.52,2.9976275,5367
8.52,0.92067796,5367
8.52,1.4805907,5367
8.4,1.2682045,5367
8.3,1.4805907,5367
8.22,3.8214045,5367
8.22,2.8510535,5367
8.1,1.507814,5367
7.82,5.337989,5367
7.82,4.7697034,5367
7.24,1.5069464,5367
8.38,2.5279002,16329
8.04,-2.9808877,16329
7.89,0.3138856,16329
7.47,1.853929,16329
5.75,-2.6290689,2343
5.41,-4.8256893,2343
5.27,-7.761942,2343
4.26,-8.86159,2343
4.07,-3.307737,2343
9.0,4.8686156,9657
7.25,-0.58569354,8278
7.22,-0.296933,8278
5.69,-0.296933,8278
5.12,-0.58569354,8278
7.21,3.521661,8403
6.36,1.1931885,14316
7.57,0.9749584,11416
5.52,-5.412705,11416
4.82,-4.586493,11416
8.1,1.1731238,5928
6.73,-2.3119833,5928
6.29,-1.7301295,5928
6.2,-1.0902017,5928
8.52,2.2831354,9853
8.39,1.3676537,9853
8.3,4.5156684,9853
8.21,4.1454663,9853
8.18,2.2042239,9853
8.14,1.7995753,9853
7.92,1.2831342,9853
7.91,2.331311,9853
7.91,0.8924599,9853
8.3,-4.480118,2392
8.24,-2.855756,2392
8.05,-2.6817503,2392
8.05,0.9853322,2392
7.92,-2.691659,2392
7.92,-3.6041782,2392
7.89,-3.5851026,2392
7.89,-0.40324262,2392
7.89,-4.6634474,2392
7.85,-4.778311,2392
7.72,-4.7210574,2392
7.72,-4.170899,2392
7.7,-0.6802723,2392
7.64,-4.2804637,2392
7.58,-6.354173,2392
7.55,-0.975011,2392
7.48,-2.358243,2392
7.39,-4.6666617,2392
7.36,-2.1370354,2392
7.18,-4.0912485,2392
7.09,-0.37253156,2392
7.07,-2.775551,2392
6.89,-1.3699223,2392
6.89,1.8068818,2392
6.48,-1.4831396,2392
6.36,-3.1776884,2392
6.44,2.9731643,17003
6.16,2.9731643,17003
9.0,2.409301,690
9.0,3.3478155,690
8.0,3.319536,690
7.82,2.8595195,690
7.4,3.5272202,12549
6.26,-2.3892977,10965
6.1,0.687555,10965
6.07,-1.7838953,10965
5.85,-5.1093035,10965
5.85,-2.5296574,10965
5.8,-4.8416433,10965
5.8,-5.8537216,10965
5.74,-4.0310135,10965
5.74,-1.1960206,10965
5.72,-2.034119,10965
5.71,-1.7932795,10965
5.65,-4.3522606,10965
5.62,-4.1527977,10965
7.52,1.0825436,5333
7.47,2.652564,5333
7.44,0.46826094,5333
7.44,-3.3478973,5333
7.41,1.7482136,5333
6.91,-3.119182,5333
6.89,2.9446163,5333
6.87,-4.7113047,5333
6.85,-3.930498,5333
6.84,0.6189908,5333
6.84,-0.5306858,5333
6.82,-0.7523584,5333
6.79,-3.3474386,5333
6.78,-4.1551404,5333
6.74,0.72368556,5333
6.72,-1.1325883,5333
6.68,-1.9387261,5333
6.68,1.0825436,5333
6.65,2.3664646,5333
6.61,-3.8302753,5333
6.53,-2.2043302,5333
6.47,1.1697701,5333
6.45,0.72368556,5333
6.45,-5.097001,5333
6.38,0.4702097,5333
6.35,-3.358609,5333
6.21,-2.877763,5333
6.19,-3.403433,5333
6.18,-2.1140273,5333
6.14,-1.5344689,5333
6.12,-1.2491561,5333
5.78,-3.7985475,5333
5.77,-3.8610368,5333
5.66,-3.320626,5333
9.0,2.410221,7870
9.0,0.92191076,7870
9.0,0.6683854,7870
9.0,1.7270553,7870
9.0,2.558665,7870
9.0,0.6386439,7870
8.7,5.0527825,7870
8.7,4.204252,7870
8.7,-0.17374751,7870
8.7,-0.57224447,7870
8.7,1.2145609,7870
8.52,2.2097125,7870
8.52,3.8517528,7870
8.3,3.7898653,7870
8.3,3.83684,7870
7.82,4.0063386,7870
7.46,2.8612502,7870
7.03,-3.9272547,7870
6.91,4.2023253,7870
6.71,2.1854439,7870
6.52,1.1957409,7870
6.5,1.5335463,7870
6.07,-0.62290406,7870
5.9,-3.696783,7870
5.84,-2.2833405,7870
5.84,-2.0575643,7870
6.43,-1.2731582,6925
5.23,-3.536599,3593
8.3,4.5597634,2949
7.66,2.0559633,2949
7.6,1.6373655,2949
7.42,-2.0806558,2949
7.42,0.23604016,2949
7.21,0.42667094,2949
7.09,-0.4248886,2949
6.96,-2.7965853,2949
6.9,-1.1263478,2949
6.66,-0.28032345,2949
6.65,-1.233917,2949
6.35,-0.15268427,2949
9.27,7.5067534,13383
6.08,3.6067731,13383
6.11,-1.7371556,10308
8.52,1.376678,9497
8.3,0.4922606,9497
8.3,1.3917112,9497
8.15,-2.4694138,9497
8.15,1.422938,9497
7.82,-0.007220894,9497
7.58,-2.9440074,9497
7.16,-7.694999,9497
7.0,-5.891663,9497
6.95,0.8823701,9497
6.89,-3.5744205,9497
6.53,-1.1198243,9497
6.51,-0.019882109,9497
6.44,-2.883324,9497
6.44,-5.936965,9497
6.34,-4.7499733,9497
6.25,-4.0188637,9497
5.57,-2.8742216,9497
5.34,-5.8753242,9497
5.32,-1.4266963,9497
4.89,-3.6104653,9497
4.89,-2.091511,9497
4.7,-3.5886838,9497
5.52,-2.7641077,603
5.52,-6.0458274,603
7.5,2.9494631,6796
6.84,-0.707976,6796
6.61,1.0883179,6796
10.0,-0.1560038,12226
10.0,0.98513806,12226
10.0,0.32562473,12226
10.0,6.7958255,12226
10.0,3.0706542,12226
10.0,1.6188649,12226
10.0,0.032042548,12226
9.7,6.8313837,12226
9.52,1.4873945,12226
9.52,3.9098775,12226
9.52,5.959789,12226
9.52,3.8115268,12226
9.52,4.6261287,12226
9.4,1.0569209,12226
9.4,3.0567472,12226
9.4,1.7022054,12226
9.4,2.5628362,12226
9.4,0.67583144,12226
9.3,5.348738,12226
9.3,2.5410645,12226
9.3,5.2038307,12226
9.3,5.5458236,12226
9.22,1.3636396,12226
9.22,-0.47155067,12226
9.22,2.0406885,12226
9.22,-1.305191,12226
9.22,0.4071673,12226
9.15,2.7204735,12226
9.15,4.670655,12226
9.15,1.5329858,12226
9.15,2.1786973,12226
9.1,-4.148562,12226
9.1,4.0920944,12226
9.1,3.4102035,12226
9.1,1.5671757,12226
8.96,3.796911,12226
8.92,0.7054455,12226
8.89,-2.5777495,12226
8.85,-0.67297024,12226
8.8,3.833738,12226
8.7,2.3404987,12226
8.66,1.1528083,12226
8.37,-2.167603,12226
6.05,-1.6199851,12226
5.8,2.757333,13820
5.62,1.7505397,13820
5.3,-1.4914167,14014
4.5,-4.914071,9857
7.33,-1.8004088,13775
7.09,2.7847528,13775
7.08,2.903457,13775
7.05,3.015962,13775
7.05,3.0444987,13775
7.01,1.7747674,13775
6.96,3.6499672,13775
6.75,0.49963915,13775
6.62,0.43961343,13775
5.82,-0.58069503,13775
7.68,-0.991505,4478
7.55,0.0032700635,4478
7.3,0.0032700635,4478
5.07,-2.5018454,4478
9.52,4.010769,5151
9.4,4.254108,5151
9.22,4.498355,5151
9.15,4.537114,5151
9.15,1.005023,5151
5.9,0.47584054,2721
5.04,2.8943374,2721
7.75,0.074712366,78
7.55,1.5702509,78
7.28,-0.9011493,78
7.22,0.074712366,78
7.17,-3.6555614,78
7.0,-2.7985137,78
7.0,0.81871605,78
7.0,-4.040041,78
6.99,-0.62972254,78
6.86,-0.0053683557,78
6.79,1.1995224,78
6.77,0.074712366,78
6.71,0.18591495,78
6.68,-2.4637773,78
6.65,3.8782787,78
6.64,-2.8784282,78
6.45,0.09460897,78
6.33,-2.9536226,78
7.83,-1.71614,10759
7.17,1.3658291,10759
4.0,-3.0620825,2901
4.0,-5.7406034,2901
7.53,3.5185702,13158
7.72,-1.5266491,16221
7.64,-0.06291327,16221
7.64,0.34699962,16221
7.62,2.287958,16221
7.57,-0.94315773,16221
7.48,-1.9428251,16221
7.42,2.7601898,16221
7.38,0.2836635,16221
7.35,-0.5987261,16221
7.26,1.4981188,16221
7.23,-1.5512532,16221
7.16,-1.2633986,16221
7.12,1.473361,16221
7.05,0.19018938,16221
7.01,-3.370046,16221
6.89,-1.8913348,16221
6.85,2.452121,16221
6.8,-2.99459,16221
6.75,-3.1219068,16221
6.68,0.30279142,16221
6.58,1.2416092,16221
6.14,-2.9407187,16221
5.96,-5.541315,16221
5.92,-1.8048042,16221
5.8,-2.1822405,16221
5.64,-1.5115975,16221
5.55,0.7261914,16221
5.44,-2.019197,16221
5.4,-1.4329655,16221
5.37,-2.1376781,16221
5.01,-3.6556528,16221
5.0,-2.5679753,16221
4.92,-3.0763576,16221
4.89,-3.2963045,16221
4.8,-3.2332547,16221
4.7,-4.2373285,16221
4.54,-2.1200764,16221
4.4,-3.4242716,16221
5.55,-6.2564692,16168
5.29,-5.5109115,16168
5.05,-6.4843936,16168
4.9,-6.0812674,16168
4.87,-5.1513343,16168
4.51,-4.0662303,16168
7.07,1.7730466,6457
6.75,1.7730466,6457
6.72,1.021614,6457
6.7,2.9005685,6457
6.7,-1.6971757,6457
6.57,0.94655806,6457
6.52,-2.8755784,6457
6.39,-1.6971757,6457
6.35,0.14933208,6457
6.3,3.0782502,6457
6.3,4.131946,6457
6.28,3.1494792,6457
6.26,4.589986,6457
6.24,-1.2279818,6457
6.23,0.43074408,6457
6.21,0.43799827,6457
6.21,3.025856,6457
6.2,2.9125874,6457
6.16,4.589986,6457
6.14,1.4498215,6457
6.11,-0.1011219,6457
6.07,0.14933208,6457
6.04,-1.0118301,6457
6.01,1.5641712,6457
5.96,1.8656121,6457
5.89,-2.179777,6457
5.8,1.0130025,6457
5.77,1.5238718,6457
5.75,1.8645024,6457
5.66,3.1994472,6457
5.58,-0.08579673,6457
5.54,-0.3448224,6457
5.54,-0.7897905,6457
5.52,1.9889632,6457
5.5,1.7730466,6457
5.5,-3.0637598,6457
5.35,1.0475644,6457
5.21,-0.57818186,6457
5.0,1.6976712,6457
4.77,2.5784504,6457
4.75,1.8710543,6457
4.58,-0.6340499,6457
4.0,2.4007912,6457
8.1,3.758356,4474
8.05,2.420961,4474
7.96,1.6288172,4474
7.89,2.901813,4474
7.77,2.901813,4474
7.75,2.9497309,4474
7.68,-0.2410535,4474
7.58,1.6926129,4474
7.51,2.5201936,4474
7.4,3.2058256,4474
7.32,-2.3186169,4474
7.17,2.1843684,4474
7.12,1.6883526,4474
7.02,0.83078134,4474
7.0,0.18744977,4474
6.87,-0.2012598,4474
6.87,-2.503948,4474
6.63,-2.4476795,4474
6.61,1.7714863,4474
6.6,-3.2286937,4474
6.25,-2.4560888,4474
6.23,-1.3101809,4474
6.21,-1.3630513,4474
6.11,-2.737181,4474
6.0,-0.7220107,4474
5.94,2.901813,4474
5.72,-2.7844834,4474
5.53,-2.7957861,4474
6.24,-4.313676,4355
8.0,5.528463,1006
7.89,2.5251858,1006
7.8,2.018149,1006
7.8,3.4477468,1006
7.7,2.2438488,1006
7.7,2.2438488,1006
7.7,5.528463,1006
7.6,2.9695396,1006
7.6,4.801079,1006
7.6,4.961727,1006
7.6,4.961727,1006
7.4,2.6869717,1006
7.4,1.7809361,1006
7.3,3.871852,1006
7.3,2.018149,1006
7.2,3.871852,1006
7.2,1.2020295,1006
7.1,1.4023575,1006
6.7,2.9140034,1006
6.7,1.3352305,1006
6.5,-1.030788,1006
7.0,-3.686176,16207
8.22,3.577948,9924
8.0,-0.91253525,9924
7.6,2.5580306,9924
7.55,-3.8771214,9924
7.47,-2.3151388,9924
7.42,-1.2340904,9924
7.39,-5.462895,9924
7.16,-2.6365228,9924
7.14,-0.95179015,9924
6.99,-4.897708,9924
6.89,-7.248529,9924
6.88,-3.1783059,9924
6.76,-3.5548136,9924
6.73,-1.6408002,9924
6.66,5.381525,9924
6.49,1.0115172,9924
6.13,-0.21951227,9924
5.89,-2.6092732,9924
5.22,-1.4352484,9924
8.22,2.6714928,1405
7.91,0.020972341,1405
7.62,1.6113913,1405
7.4,1.4882311,1405
7.22,-2.5392118,1405
7.05,-1.3408399,1405
6.93,0.5514015,1405
7.4,-0.45042253,12756
7.55,0.25041664,10472
5.56,-2.0286117,4127
5.98,-3.3749633,16610
7.16,-1.6734165,300
7.1,-1.6792792,300
6.8,-3.0834343,300
6.4,-1.4312078,300
6.33,1.0757313,300
6.05,0.55635965,300
5.85,-0.19779049,300
5.8,1.4217336,300
5.7,-2.1340349,300
5.66,-0.89203686,300
5.66,-3.0275211,300
5.62,0.89192766,300
5.55,0.18314065,300
5.41,0.34198526,300
5.08,1.4424422,300
7.57,1.9758933,10116
7.64,-2.2970421,11095
6.43,-2.9621987,11095
5.57,-2.2970421,11095
4.89,-1.5008591,16158
4.39,-7.3293157,620
4.39,-8.797497,620
6.64,-2.824048,2707
5.37,-2.877157,2707
5.21,-2.3086698,2707
4.76,-4.2191596,2707
4.7,-4.2825356,2707
6.0,-4.879323,13035
8.7,-1.1119412,1737
8.4,-2.6239715,1737
8.3,-2.5013294,1737
8.3,-1.1103724,1737
8.3,-2.2519002,1737
8.3,-1.1809988,1737
8.22,-4.174033,1737
8.22,-2.4523447,1737
8.1,-0.1530937,1737
8.1,0.8882273,1737
7.85,-0.658495,1737
7.7,1.3356364,1737
7.68,-3.7166314,1737
7.57,-2.6876857,1737
6.54,-2.7510257,1737
7.0,-0.68195313,7024
7.37,-2.4269068,14277
4.7,-4.9758005,4269
8.54,5.244556,2377
8.3,1.2170984,2377
8.28,6.8294888,2377
7.96,4.9265823,2377
5.42,-7.385613,10644
8.4,3.7848723,11049
8.3,0.78305054,11049
6.77,-0.7582377,11049
6.5,3.046954,5505
8.37,-3.5970736,9963
8.03,-6.335353,9963
7.73,-5.2861166,9963
7.63,-0.03732225,9963
7.14,-3.4128602,9963
6.97,-3.5874994,9963
6.83,2.9389021,9963
6.79,-3.9672577,9963
6.74,2.106153,9963
6.68,1.1167917,9963
6.64,-5.081792,9963
6.5,-6.784665,9963
6.42,3.3813443,9963
6.42,-4.084797,9963
6.41,4.0578012,9963
6.4,-4.2177644,9963
6.38,2.9060376,9963
6.33,0.53199637,9963
6.21,-3.30711,9963
5.47,-4.0256424,9963
5.35,-5.116612,9963
9.05,6.594562,7555
8.98,6.358056,7555
8.95,5.3269134,7555
8.93,6.572455,7555
8.9,5.5355377,7555
8.86,6.5073295,7555
8.86,5.5726643,7555
8.85,5.7214713,7555
8.84,5.7293696,7555
8.82,6.3838253,7555
8.81,4.9460044,7555
8.81,7.3884315,7555
8.8,6.503987,7555
8.79,7.216146,7555
8.78,5.272113,7555
8.78,3.9869602,7555
8.77,4.0751305,7555
8.76,5.588076,7555
8.76,5.969185,7555
8.75,6.1629267,7555
8.75,5.0124593,7555
8.75,5.0124593,7555
8.75,4.0685105,7555
8.75,5.269628,7555
8.75,6.419611,7555
8.74,6.6537266,7555
8.74,3.543302,7555
8.74,5.8011775,7555
8.74,7.2743526,7555
8.73,5.544492,7555
8.73,4.916149,7555
8.73,4.569398,7555
8.72,5.564094,7555
8.72,2.6761816,7555
8.72,4.0664864,7555
8.72,6.4717016,7555
8.71,5.020229,7555
8.71,4.667292,7555
8.71,7.020397,7555
8.71,6.1105843,7555
8.71,4.2607512,7555
8.7,4.845596,7555
8.7,2.9869285,7555
8.7,5.0849466,7555
8.7,5.2639775,7555
8.69,5.5726643,7555
8.69,5.72388,7555
8.69,4.897124,7555
8.68,5.197535,7555
8.68,3.681761,7555
8.68,6.1469097,7555
8.67,5.588076,7555
8.67,4.5556307,7555
8.67,4.2639127,7555
8.67,4.7860794,7555
8.67,1.1201614,7555
8.66,4.729214,7555
8.66,6.1656713,7555
8.65,1.8774483,7555
8.65,5.6398664,7555
8.65,4.4073176,7555
8.65,5.068992,7555
8.65,4.5304084,7555
8.64,4.709954,7555
8.64,5.2672763,7555
8.64,5.896206,7555
8.63,4.2830873,7555
8.63,5.3883886,7555
8.62,5.5005713,7555
8.62,4.0685105,7555
8.62,4.845596,7555
8.62,3.8373806,7555
8.61,2.6761816,7555
8.61,4.1074615,7555
8.61,5.313042,7555
8.61,5.000583,7555
8.61,5.006264,7555
8.61,4.622571,7555
8.6,4.2607512,7555
8.6,5.6000204,7555
8.6,5.963584,7555
8.6,3.8103995,7555
8.6,5.830906,7555
8.6,4.4047246,7555
8.59,4.5999255,7555
8.59,6.059986,7555
8.59,5.366627,7555
8.59,4.8993125,7555
8.59,6.536135,7555
8.58,3.3617437,7555
8.58,4.02674,7555
8.57,2.1619465,7555
8.57,4.271749,7555
8.57,5.080079,7555
8.56,3.007922,7555
8.56,4.622571,7555
8.56,3.6238923,7555
8.56,3.8880808,7555
8.56,4.1762033,7555
8.56,5.0598083,7555
8.55,2.1730874,7555
8.55,6.177625,7555
8.55,5.7750306,7555
8.55,4.2293963,7555
8.55,5.0472713,7555
8.55,2.4621234,7555
8.55,4.7675705,7555
8.55,5.0124593,7555
8.55,4.5131702,7555
8.55,3.7493212,7555
8.54,4.9310927,7555
8.54,3.8898606,7555
8.54,6.154547,7555
8.54,4.425097,7555
8.54,4.6410003,7555
8.54,5.1908007,7555
8.54,5.8898516,7555
8.54,6.4257593,7555
8.53,6.147611,7555
8.53,5.9146442,7555
8.53,3.8103995,7555
8.53,3.8218524,7555
8.53,3.3569317,7555
8.53,4.0545797,7555
8.53,4.3673916,7555
8.53,5.609493,7555
8.53,6.720548,7555
8.53,5.059734,7555
8.52,3.5725346,7555
8.52,4.0820913,7555
8.52,5.7314754,7555
8.52,3.0950768,7555
8.52,5.8938375,7555
8.52,5.8087254,7555
8.51,3.9211302,7555
8.51,3.4085324,7555
8.51,4.155147,7555
8.51,6.949508,7555
8.51,3.6652727,7555
8.51,2.7665565,7555
8.51,4.569398,7555
8.5,4.5683618,7555
8.5,4.716839,7555
8.5,4.309789,7555
8.5,2.4384906,7555
8.5,3.5381362,7555
8.5,5.34083,7555
8.5,5.01879,7555
8.5,3.793803,7555
8.49,4.371588,7555
8.49,5.5130515,7555
8.49,5.2630286,7555
8.49,3.543302,7555
8.49,4.6561785,7555
8.48,2.22205,7555
8.48,4.7766323,7555
8.48,4.874544,7555
8.48,4.4775887,7555
8.48,5.345113,7555
8.47,3.006475,7555
8.47,3.6659992,7555
8.47,4.006048,7555
8.47,4.6282773,7555
8.47,4.7628746,7555
8.47,3.3985934,7555
8.47,3.6614127,7555
8.47,5.6220045,7555
8.47,4.646011,7555
8.47,6.0276456,7555
8.47,4.9626493,7555
8.47,6.3749866,7555
8.47,4.6130085,7555
8.47,2.1064072,7555
8.46,4.0468597,7555
8.46,3.2094219,7555
8.46,3.2071948,7555
8.46,4.597668,7555
8.46,2.790996,7555
8.46,3.7531912,7555
8.46,1.3318262,7555
8.46,5.8500824,7555
8.45,2.5327754,7555
8.45,2.803962,7555
8.45,5.5359187,7555
8.45,5.3074117,7555
8.45,5.733167,7555
8.45,4.2902546,7555
8.45,4.736612,7555
8.45,4.6910834,7555
8.45,3.2560525,7555
8.44,3.04193,7555
8.44,1.9181585,7555
8.43,2.574394,7555
8.43,3.2532341,7555
8.43,6.4328256,7555
8.43,5.393321,7555
8.43,3.006475,7555
8.43,4.956164,7555
8.42,3.3275802,7555
8.42,3.007922,7555
8.42,5.929058,7555
8.42,4.00543,7555
8.42,3.1905673,7555
8.42,2.0008354,7555
8.41,3.7443056,7555
8.41,5.0422792,7555
8.41,5.148052,7555
8.41,4.450034,7555
8.41,4.817371,7555
8.41,5.431367,7555
8.41,4.727178,7555
8.4,2.568004,7555
8.4,2.5999024,7555
8.4,3.4937465,7555
8.4,3.9437525,7555
8.4,3.543302,7555
8.4,3.5403657,7555
8.4,4.3825817,7555
8.39,3.4577997,7555
8.39,4.5515184,7555
8.39,2.0008354,7555
8.38,2.4284678,7555
8.38,3.7028904,7555
8.38,5.756534,7555
8.37,2.712125,7555
8.37,4.2575665,7555
8.37,4.0283237,7555
8.37,3.964803,7555
8.37,2.8806458,7555
8.36,4.228046,7555
8.36,4.826779,7555
8.36,5.977616,7555
8.36,2.7175934,7555
8.36,2.7276459,7555
8.36,4.5065618,7555
8.36,2.9732716,7555
8.36,2.6211057,7555
8.36,3.3008533,7555
8.36,3.139662,7555
8.35,2.3802955,7555
8.35,3.0051734,7555
8.35,2.021136,7555
8.35,2.8810816,7555
8.35,2.9726832,7555
8.34,4.214829,7555
8.34,2.3735554,7555
8.34,4.222603,7555
8.34,3.751973,7555
8.34,6.103865,7555
8.34,3.3964174,7555
8.33,4.4444175,7555
8.33,4.808273,7555
8.33,3.6730862,7555
8.33,5.9215302,7555
8.33,3.3375273,7555
8.33,4.697616,7555
8.32,2.2405398,7555
8.32,3.77867,7555
8.32,4.070604,7555
8.32,3.8884754,7555
8.31,3.4064186,7555
8.31,3.1351132,7555
8.31,3.611915,7555
8.31,1.9745817,7555
8.31,4.267392,7555
8.31,3.5101318,7555
8.3,4.2211914,7555
8.3,2.8489597,7555
8.3,1.3318262,7555
8.3,4.1904144,7555
8.3,3.1466813,7555
8.3,4.591025,7555
8.3,3.9010785,7555
8.29,2.5950208,7555
8.29,2.8749864,7555
8.29,4.015168,7555
8.29,2.0671751,7555
8.29,4.294067,7555
8.29,3.9092376,7555
8.29,4.004693,7555
8.28,4.98258,7555
8.28,2.7377267,7555
8.28,3.2476153,7555
8.28,2.0008354,7555
8.28,2.8648276,7555
8.28,4.6303954,7555
8.28,1.9891114,7555
8.27,1.3318262,7555
8.26,4.6343913,7555
8.26,2.37524,7555
8.26,3.9019215,7555
8.26,2.794929,7555
8.25,3.37259,7555
8.25,2.519855,7555
8.24,3.0584412,7555
8.24,2.5730941,7555
8.24,6.1475196,7555
8.24,3.1114738,7555
8.23,3.6036031,7555
8.23,3.1048372,7555
8.23,4.1107645,7555
8.23,2.1730874,7555
8.22,3.5778136,7555
8.22,0.7730274,7555
8.22,5.097586,7555
8.21,2.1217144,7555
8.21,3.992017,7555
8.21,3.954968,7555
8.21,4.118451,7555
8.2,4.461456,7555
8.2,1.1369334,7555
8.2,4.335154,7555
8.19,4.266845,7555
8.19,2.6538498,7555
8.19,2.6686082,7555
8.19,4.4779105,7555
8.19,1.7902918,7555
8.19,5.4864902,7555
8.19,3.8172386,7555
8.19,3.7001107,7555
8.19,3.4441552,7555
8.19,3.007922,7555
8.18,4.8377204,7555
8.18,4.092263,7555
8.18,1.6250076,7555
8.17,2.8111136,7555
8.16,2.4063563,7555
8.16,3.4012938,7555
8.16,2.107614,7555
8.15,4.3895044,7555
8.15,1.5394071,7555
8.15,2.7667568,7555
8.15,5.028751,7555
8.15,2.1053534,7555
8.14,3.6514661,7555
8.14,2.057567,7555
8.14,1.9181585,7555
8.14,2.4828165,7555
8.14,3.3320432,7555
8.14,0.7301774,7555
8.14,1.2199795,7555
8.13,3.0472288,7555
8.13,2.107614,7555
8.13,0.96681833,7555
8.13,2.8250787,7555
8.13,2.438265,7555
8.12,1.8271511,7555
8.12,4.4905705,7555
8.12,-0.20750219,7555
8.12,1.7976171,7555
8.12,0.96681833,7555
8.12,3.992017,7555
8.11,2.0261784,7555
8.11,3.4831016,7555
8.11,3.4781885,7555
8.11,2.1730874,7555
8.1,1.5954547,7555
8.09,1.7167404,7555
8.09,3.8876603,7555
8.09,3.503141,7555
8.09,1.9798863,7555
8.09,2.9569066,7555
8.09,2.7132018,7555
8.08,2.2866666,7555
8.08,-1.371253,7555
8.08,1.8687433,7555
8.07,3.2026951,7555
8.07,3.0381362,7555
8.07,2.1584594,7555
8.06,2.0709403,7555
8.06,0.18217924,7555
8.05,2.0330312,7555
8.05,-0.00033377483,7555
8.05,3.0265734,7555
8.04,1.3118607,7555
8.04,4.781385,7555
8.03,3.5480826,7555
8.03,2.4545557,7555
8.02,1.083716,7555
8.02,1.9893188,7555
8.02,2.5792923,7555
8.01,2.2561328,7555
8.01,3.5824602,7555
8.01,1.457011,7555
8.01,1.5403762,7555
8.0,3.3753183,7555
8.0,-0.014773939,7555
8.0,3.992017,7555
8.0,0.95125866,7555
7.99,4.4470825,7555
7.99,2.9272244,7555
7.99,1.825024,7555
7.98,-0.10410264,7555
7.98,3.465882,7555
7.98,0.56802607,7555
7.97,0.41728476,7555
7.97,-0.0013513714,7555
7.97,3.6660767,7555
7.97,2.0688996,7555
7.96,0.96681833,7555
7.96,3.0783103,7555
7.95,0.7622497,7555
7.95,-0.316055,7555
7.94,1.9610128,7555
7.94,0.5416376,7555
7.94,1.5189738,7555
7.93,-0.18404698,7555
7.93,2.3287866,7555
7.93,2.8863971,7555
7.92,3.023989,7555
7.92,1.3337563,7555
7.92,1.2194519,7555
7.91,1.6353109,7555
7.91,2.2172372,7555
7.91,1.0613043,7555
7.91,0.7730274,7555
7.91,3.1329794,7555
7.91,2.8973372,7555
7.91,-0.7792193,7555
7.91,2.196619,7555
7.9,0.22582932,7555
7.9,0.8942113,7555
7.89,1.9198971,7555
7.89,-0.3229308,7555
7.89,-0.09412131,7555
7.89,0.45243686,7555
7.89,1.6816264,7555
7.88,0.8418077,7555
7.88,1.966296,7555
7.87,3.9797332,7555
7.86,1.6339933,7555
7.85,0.67338145,7555
7.85,-0.22323729,7555
7.84,2.096831,7555
7.84,0.94666666,7555
7.83,1.6120203,7555
7.83,-0.8575808,7555
7.83,0.94823325,7555
7.82,0.34623995,7555
7.82,1.0066729,7555
7.82,2.70348,7555
7.82,3.1696718,7555
7.81,-0.33228827,7555
7.8,1.6196892,7555
7.8,1.7165617,7555
7.79,0.4041676,7555
7.79,1.7010075,7555
7.78,0.58831227,7555
7.78,1.9184698,7555
7.78,2.4917097,7555
7.78,0.09678738,7555
7.77,0.8766014,7555
7.77,2.313202,7555
7.77,0.9492235,7555
7.77,1.4898674,7555
7.75,2.897608,7555
7.75,1.8422587,7555
7.74,0.26060334,7555
7.73,1.400408,7555
7.73,3.4651294,7555
7.71,0.06832422,7555
7.71,-2.585338,7555
7.71,-0.021773566,7555
7.7,0.90281475,7555
7.7,0.76085746,7555
7.7,2.5078685,7555
7.7,1.3182924,7555
7.69,1.3662764,7555
7.69,2.8100533,7555
7.69,0.4271119,7555
7.69,1.2176473,7555
7.69,2.2552016,7555
7.68,0.31506392,7555
7.67,-2.1017213,7555
7.67,-1.4157063,7555
7.67,-0.9111566,7555
7.67,2.2081804,7555
7.67,3.0728836,7555
7.66,0.91507864,7555
7.64,-1.0116799,7555
7.63,1.1599593,7555
7.63,3.7342932,7555
7.62,-2.568141,7555
7.62,-1.0855327,7555
7.6,0.23555796,7555
7.6,-1.4517062,7555
7.6,-0.10203965,7555
7.59,1.2191125,7555
7.59,0.17765641,7555
7.58,-0.6104783,7555
7.57,0.71051306,7555
7.55,0.6976962,7555
7.55,-1.3492355,7555
7.53,-0.16316734,7555
7.52,-1.6304948,7555
7.52,-0.91859055,7555
7.5,2.6462498,7555
7.49,1.8418196,7555
7.49,-0.040853705,7555
7.48,-0.47071913,7555
7.48,1.4957317,7555
7.47,-0.25629982,7555
7.47,1.6252677,7555
7.47,-0.62329876,7555
7.44,-1.9944406,7555
7.43,-0.84625816,7555
7.43,0.8248511,7555
7.43,-0.50437254,7555
7.42,-2.6431367,7555
7.41,0.6487235,7555
7.4,-0.47631624,7555
7.39,0.5708354,7555
7.38,0.08542356,7555
7.37,-0.7289617,7555
7.36,-0.05163281,7555
7.36,0.26689804,7555
7.36,-0.3344577,7555
7.35,-1.1233364,7555
7.33,-0.81419635,7555
7.33,-1.6360712,7555
7.33,-0.47631624,7555
7.33,1.2199795,7555
7.32,0.17765641,7555
7.31,0.776819,7555
7.26,0.7934139,7555
7.23,-1.9944406,7555
7.23,-0.94217896,7555
7.22,-0.16551031,7555
7.21,-0.9312965,7555
7.21,1.2674924,7555
7.21,-1.8151948,7555
7.21,-1.1726912,7555
7.2,0.26547533,7555
7.19,-0.05942077,7555
7.16,-0.7765586,7555
7.15,-0.5740211,7555
7.15,0.8760973,7555
7.14,-0.2883728,7555
7.11,-1.1527587,7555
7.11,-1.0659937,7555
7.11,0.44728014,7555
7.09,-0.85035074,7555
7.09,-2.0356076,7555
7.08,-2.5897386,7555
7.07,0.16479518,7555
7.05,-1.069516,7555
7.05,-3.1807003,7555
7.03,-0.77814674,7555
7.01,-0.69182277,7555
7.01,0.5449658,7555
7.0,-1.6455345,7555
6.99,-0.7429723,7555
6.99,-2.4219382,7555
6.99,-2.4804986,7555
6.99,-2.7039893,7555
6.96,-2.583178,7555
6.92,-2.853003,7555
6.92,-0.72630084,7555
6.92,-0.3133454,7555
6.9,-1.1801524,7555
6.89,-1.1412909,7555
6.89,-1.0952916,7555
6.89,-3.7902668,7555
6.87,-3.9338048,7555
6.86,-0.77814674,7555
6.84,-0.7947163,7555
6.84,0.44322693,7555
6.83,-1.8605794,7555
6.8,-4.3749385,7555
6.78,-1.7688522,7555
6.78,-3.889546,7555
6.75,-3.0481644,7555
6.75,-1.488862,7555
6.74,-4.8536053,7555
6.73,-0.8964511,7555
6.73,4.0302224,7555
6.72,-2.9339948,7555
6.71,-2.7394495,7555
6.65,-3.1015444,7555
6.64,-1.7547466,7555
6.64,-2.2852552,7555
6.63,-3.3453054,7555
6.62,-3.092622,7555
6.62,-0.5705627,7555
6.61,-2.4976096,7555
6.59,-0.95682466,7555
6.57,-1.3233587,7555
6.56,-2.741391,7555
6.55,-2.1579742,7555
6.55,-3.3997262,7555
6.54,-2.174748,7555
6.53,-3.6538866,7555
6.51,-1.8698636,7555
6.49,-3.6313872,7555
6.47,-3.2574081,7555
6.44,-2.2899768,7555
6.4,-2.363321,7555
6.4,-2.759922,7555
6.39,-4.129917,7555
6.39,-1.5135405,7555
6.38,-3.2631683,7555
6.36,-1.6588799,7555
6.36,-2.0905056,7555
6.35,-1.3780702,7555
6.3,-3.7692115,7555
6.27,-3.0369475,7555
6.18,-1.5422939,7555
6.1,-2.0705447,7555
6.07,-3.8394618,7555
6.07,-4.9107,7555
6.07,-4.54671,7555
6.0,-6.013394,7555
5.99,-4.780083,7555
5.8,-4.8905935,7555
5.4,-4.995646,7555
5.2,-5.160016,7555
7.27,3.1820657,12791
6.87,2.4898083,12791
5.28,-4.5056148,16820
8.7,-0.44944337,16839
8.49,1.481573,13522
6.91,1.5745685,13522
6.45,3.2472253,13522
5.0,-6.4509673,7510
8.59,2.803869,8206
8.42,1.7124236,8206
8.32,3.44081,8206
8.28,3.7377107,8206
8.22,1.867997,8206
8.12,2.2945225,8206
8.09,1.7977928,8206
8.07,3.8243573,8206
7.91,0.039485563,8206
7.77,3.4343102,8206
7.64,1.6770598,8206
7.62,2.0441113,8206
7.6,3.0566225,8206
7.59,1.0542009,8206
7.55,2.9505186,8206
7.41,1.515291,8206
7.36,-0.5542628,8206
7.14,3.9975107,8206
7.01,1.5119783,8206
6.82,-1.4546762,8206
6.69,-0.5053743,8206
6.56,1.3799781,8206
6.33,0.3573227,8206
6.17,2.505252,8206
7.84,1.7887431,13520
7.65,-0.8472643,13520
7.51,1.840171,13520
7.27,0.83783704,13520
7.27,0.81181234,13520
7.26,1.3884735,13520
7.19,-0.4755217,13520
7.17,-0.013113011,13520
6.86,2.800452,13520
6.3,1.2074479,13520
6.17,-2.3932312,13520
6.11,-2.4216497,13520
6.06,-1.1521189,13520
5.59,0.24764808,13520
5.56,-1.0941879,13520
8.59,4.035809,10247
9.4,3.9587722,1352
9.29,2.4583805,13991
6.55,-0.7738344,10169
6.15,-1.7937531,17464
5.28,2.986054,2815
7.01,3.4555674,8209
6.94,4.249434,8209
6.68,-3.358764,8209
7.19,2.5124207,7175
7.17,5.1651015,1415
5.05,-5.680397,1057
4.77,-6.9666615,1057
4.61,-6.79722,1057
4.37,-4.552548,1057
9.57,-0.024221886,10787
9.22,-0.33846733,10787
9.22,-5.607867,10787
9.19,6.285226,10787
9.07,0.66470027,10787
8.4,1.4121284,10787
8.15,2.6209478,9736
9.0,2.5491974,16719
8.4,5.1629543,16719
8.4,2.332214,16719
8.4,-1.3316714,16719
8.22,-6.898971,16719
8.0,-7.432182,16719
8.0,0.55197376,16719
7.89,-8.483061,16719
7.66,-1.7708846,16719
7.52,-8.662901,16719
7.52,-0.22322218,16719
7.41,0.5892394,16719
7.4,2.6917167,16719
7.37,5.138804,16719
7.28,-4.5665774,16719
7.23,-4.8133388,16719
7.21,1.8289804,16719
7.21,0.058147185,16719
7.17,-0.35970917,16719
7.07,-1.5165488,16719
7.0,-0.19178925,16719
6.99,0.48372915,16719
6.97,1.4886237,16719
6.82,0.9824084,16719
6.74,1.7838591,16719
6.44,-0.39075398,16719
6.41,-4.363454,16719
6.4,-0.6625724,16719
6.3,3.715444,16719
5.91,-1.803736,16719
5.57,1.290379,16719
8.85,8.0378685,8089
8.0,6.4094615,8089
7.89,5.9753513,8089
7.11,6.1975007,8089
6.31,1.049763,8089
6.11,5.1494555,8089
6.8,2.9982235,11333
6.8,3.5392761,11333
6.6,0.14438018,11333
6.6,1.7794087,11333
6.5,2.6532993,11333
6.5,4.4414544,11333
6.5,4.971095,11333
6.4,3.6271708,11333
6.4,4.386323,11333
6.4,-0.85697687,11333
6.3,1.7643812,11333
6.3,4.7855964,11333
6.2,4.147712,11333
6.2,3.340985,11333
6.1,0.6675362,11333
6.1,2.5561457,11333
6.1,4.5707116,11333
6.0,0.8537939,11333
5.6,2.9418457,11333
5.6,-3.0767305,11333
5.2,-4.8778095,11333
5.2,0.08698245,11333
5.1,-0.5395503,11333
4.7,-3.1344502,11333
5.56,-6.6281924,10964
5.44,-6.1023645,10964
8.55,1.0330645,17153
6.76,1.7415324,12339
6.08,0.14162984,12339
8.09,3.2568336,2369
7.72,1.8052347,2124
7.68,-0.7265665,2124
7.48,-0.43424198,2124
7.44,-0.28028244,2124
7.18,-1.4965384,2124
7.14,-1.6807435,2124
7.08,0.9419177,2124
6.99,-1.6807435,2124
6.89,-1.0163939,2124
6.85,-2.2559853,2124
6.84,-2.22974,2124
6.7,-3.5543954,2124
6.69,-1.0596008,2124
6.62,-2.8952143,2124
6.41,-3.5543954,2124
6.3,-2.6551912,2124
6.28,-1.4951626,2124
6.28,-2.4733021,2124
6.08,-0.4810498,2124
5.91,-0.8809856,2124
5.66,-3.343785,2124
8.85,8.079683,15689
8.7,5.7179723,15689
8.6,3.6740994,15689
8.57,6.3160343,15689
8.42,6.953503,15689
8.42,4.4442115,15689
8.38,3.5349975,15689
8.36,3.0517142,15689
8.24,2.6930234,15689
6.62,0.17672451,15689
6.55,3.8484578,15689
6.36,-0.466185,15689
7.06,-0.35895056,4949
6.28,-6.0296493,4949
5.82,-2.7917573,4949
6.66,3.3724766,13580
8.7,3.0544355,2903
8.7,4.0051045,2903
8.7,4.072552,2903
8.7,4.77939,2903
8.7,4.425714,2903
8.7,6.075733,2903
8.3,3.2938719,2903
8.12,5.4184318,2903
7.96,1.5636963,2903
7.96,3.4305606,2903
7.7,5.213912,2903
7.55,5.0264688,2903
7.42,3.795956,2903
7.4,4.904791,2903
6.46,-0.11000134,2903
6.09,-2.0937629,15390
8.66,2.8416827,8999
8.44,-1.316725,8999
7.55,4.0472164,11349
7.48,-1.5884758,11349
5.34,-4.867789,11349
8.0,1.4866737,1083
7.77,-2.4219096,1083
7.77,2.786959,1083
7.7,-0.33985853,1083
7.54,1.0789835,1083
7.41,2.663655,1083
7.39,1.7588868,1083
7.38,-0.29547656,1083
7.38,-0.3718826,1083
7.38,0.33930093,1083
7.32,-0.36076468,1083
7.3,-1.9734058,1083
7.3,1.143323,1083
7.21,-0.79954803,1083
7.19,-1.7539881,1083
7.17,-0.47661975,1083
7.16,2.2187722,1083
7.09,1.5696346,1083
6.96,0.7867264,1083
6.85,1.8779366,1083
6.82,-0.81695575,1083
6.82,-2.6042936,1083
6.76,-1.553287,1083
6.7,-3.4062953,1083
6.4,-1.4172378,1083
6.07,-1.7597373,1083
6.03,-0.17801003,1083
6.02,-1.3825573,1083
5.13,-7.9034863,1083
4.9,-6.6194487,1083
9.52,1.2638052,6215
9.52,-3.9520054,6215
9.52,-1.0324826,6215
9.52,3.789438,6215
9.52,2.4258873,6215
9.52,-0.38356328,6215
9.52,1.9982148,6215
9.52,0.2949691,6215
9.52,3.9149334,6215
9.52,-0.08979146,6215
9.52,-1.4505097,6215
9.52,-0.38967764,6215
9.52,-6.5410876,6215
9.52,-4.6954193,6215
9.52,0.2515528,6215
9.52,0.6649908,6215
9.52,-1.2750506,6215
9.52,-0.9624236,6215
9.52,0.1146785,6215
9.52,0.5766762,6215
9.52,-3.3330755,6215
9.52,-0.3820982,6215
9.52,0.84346,6215
9.52,1.0439589,6215
6.9,0.7369228,8982
5.79,-4.5319066,11604
5.79,-5.098396,11604
5.79,-1.4123441,11604
5.79,-2.4020646,11604
5.79,-4.053155,11604
5.79,-3.6746118,11604
5.79,-2.9742322,11604
5.79,-4.7775006,11604
5.79,-2.161193,11604
5.79,-1.7772281,11604
5.79,-5.056269,11604
5.79,-4.0976,11604
6.16,-3.2212615,9769
4.76,-3.5512185,3648
7.2,-0.5956488,13075
5.62,0.49878907,13075
7.75,-1.896873,1416
5.35,-5.7816014,12325
6.54,-2.7090628,16453
6.37,-5.7899666,16453
6.28,-2.6094184,16453
6.28,-2.4355245,16453
6.24,-2.0872824,16453
6.23,-3.7625294,16453
6.23,-3.255596,16453
6.18,-2.7654471,16453
6.14,-2.9729657,16453
6.07,-2.66603,16453
5.89,-3.1279728,16453
5.85,-4.126201,16453
5.77,-2.6665084,16453
5.68,-7.310409,16453
5.66,-3.4134667,16453
5.6,-5.025718,16453
5.52,-5.028407,16453
5.51,-3.5198703,16453
5.48,-1.4361231,16453
5.46,-2.93355,16453
5.32,-3.2965274,16453
5.28,-7.537877,16453
5.27,-2.8422792,16453
4.89,-6.697161,16453
4.85,-4.9674816,16453
8.2,0.79015017,9117
8.15,2.9795008,9117
7.77,0.26976395,9117
7.7,2.942309,9117
7.64,1.8403293,9117
7.6,2.0338879,9117
7.51,1.7119867,9117
7.48,2.6133912,9117
7.46,1.5011001,9117
7.42,-1.3548224,9117
7.17,-0.98443866,9117
7.03,-1.189999,9117
7.75,7.622265,6875
7.7,6.660328,6875
7.66,5.0823936,6875
7.66,4.565984,6875
7.64,5.988689,6875
8.62,4.696885,9149
8.49,4.4223666,9149
8.41,4.0128374,9149
8.41,3.1283743,9149
8.3,-0.032900658,9149
8.21,2.14649,9149
8.1,-1.05198,9149
8.08,-0.3747222,9149
8.03,-1.4503087,9149
8.01,1.3897312,9149
7.94,0.73655325,9149
7.9,-5.072195,9149
7.9,-0.6790954,9149
7.8,-0.21688218,9149
6.82,-3.9768445,9149
6.42,1.175023,9149
6.21,-5.5186715,9149
6.16,-1.032917,9149
5.92,-5.921369,9149
8.66,-1.4959288,1902
8.62,4.077324,1902
8.6,2.9753888,1902
8.48,-1.0530044,1902
8.42,3.0318797,1902
8.28,0.2554119,1902
7.89,-6.033616,1902
7.75,1.7053752,1902
7.72,-1.3598627,1902
7.7,-0.6217028,1902
7.66,-0.046387512,1902
7.52,-1.7176867,1902
7.47,-1.0236604,1902
7.44,-3.8656611,1902
7.4,-1.9170663,1902
7.39,1.9293362,1902
7.39,-0.7092897,1902
7.32,0.8699765,1902
7.26,-2.3850975,1902
7.24,-3.7220478,1902
6.99,-1.1598568,1902
6.91,-0.758329,1902
6.7,-0.3070213,1902
6.7,-0.63018835,1902
6.6,0.40937337,1902
6.14,3.2367504,1902
6.03,0.57198656,1902
9.7,0.48654577,8043
9.52,2.4756742,8043
9.52,5.4236937,8043
9.4,3.1254714,8043
9.4,4.84365,8043
9.22,4.622894,8043
9.1,5.7703166,8043
9.0,4.947109,8043
8.96,6.035985,8043
8.96,2.9702148,8043
8.92,3.4790318,8043
8.89,1.0396087,8043
8.85,6.046091,8043
8.77,3.8156507,8043
8.74,4.882825,8043
8.7,2.8475873,8043
8.66,5.2838845,8043
8.66,4.998291,8043
8.64,6.7600737,8043
8.62,5.2247,8043
8.62,5.6819496,8043
8.6,3.051098,8043
8.57,3.7212493,8043
8.55,6.5370307,8043
8.52,4.255292,8043
8.52,6.970451,8043
8.51,1.3530648,8043
8.48,4.161091,8043
8.44,4.246985,8043
8.43,2.5944908,8043
8.43,4.8361387,8043
8.42,5.968775,8043
8.41,5.153614,8043
8.41,6.816363,8043
8.4,0.9700195,8043
8.4,5.86214,8043
8.38,5.968775,8043
8.38,4.403662,8043
8.38,5.5336156,8043
8.38,5.8967547,8043
8.37,6.1453114,8043
8.37,4.450459,8043
8.36,6.5557046,8043
8.3,5.0726056,8043
8.28,6.7433267,8043
8.25,6.883748,8043
8.24,6.1196213,8043
8.24,3.3658261,8043
8.24,5.7797046,8043
8.23,6.884453,8043
8.23,6.5250506,8043
8.21,5.343922,8043
8.17,6.1453114,8043
8.17,6.1603055,8043
8.16,3.2799802,8043
8.15,2.185669,8043
8.1,5.9244347,8043
8.1,6.5995383,8043
8.08,2.6695597,8043
8.05,4.5697045,8043
8.05,5.7797046,8043
8.05,4.0610943,8043
8.02,4.565202,8043
8.01,2.7681248,8043
7.94,5.5961056,8043
7.91,4.2914057,8043
7.89,2.8976614,8043
7.83,5.429768,8043
7.77,3.6098938,8043
7.73,4.597939,8043
7.71,5.0419717,8043
7.7,0.9740165,8043
7.69,4.597939,8043
9.0,-2.62534,1004
8.52,-1.0644914,1004
8.4,-2.420379,1004
8.15,-1.1636251,1004
8.05,-1.2500383,1004
8.0,-3.8207905,1004
7.96,-2.2361941,1004
7.75,-6.329071,1004
7.75,-3.8151844,1004
7.66,-2.1823912,1004
7.21,4.8975825,1004
7.02,-1.07832,1004
6.97,-6.46712,1004
6.93,-3.0412378,1004
6.91,-0.34438547,1004
6.89,-3.485779,1004
6.82,-6.010887,1004
6.72,-3.7838094,1004
6.72,-4.58334,1004
6.67,0.7587339,1004
6.58,2.9941995,1004
6.55,-2.5212371,1004
6.37,-1.7323759,1004
6.3,-3.2136312,1004
6.1,2.5215774,1004
5.78,0.3604542,1004
5.67,1.9805526,1004
5.43,0.010963462,1004
5.3,3.7545822,1004
5.04,3.3584893,1004
4.96,-1.294932,1004
5.61,-3.2959313,2117
9.0,-3.2783031,16894
9.0,-3.9371207,16894
8.7,-0.21454184,16894
8.52,0.047452893,16894
8.4,-6.1986957,16894
8.3,-0.47646478,16894
8.22,-3.0029535,16894
8.22,-3.5428698,16894
8.15,-0.68183535,16894
8.15,-3.86575,16894
8.1,-1.5240133,16894
8.05,-2.9075894,16894
8.0,-0.9498261,16894
7.82,-1.7441698,16894
7.72,-2.9162762,16894
7.41,-0.82070446,16894
7.31,-2.3997674,16894
7.2,0.96222067,16894
7.02,-3.5145137,16894
6.95,-1.8999208,16894
6.9,0.47604594,16894
6.78,-0.52660644,16894
6.74,2.9012275,16894
6.68,-2.602059,16894
6.67,-2.7291496,16894
6.65,-0.5406664,16894
6.58,-0.15525678,16894
6.5,-1.0562932,16894
6.36,-1.360285,16894
6.31,0.7189304,16894
6.3,-2.055299,16894
6.27,0.9725308,16894
6.26,-3.056631,16894
6.04,2.706457,16894
5.96,-1.175873,16894
5.95,-2.0708783,16894
5.94,-2.6404917,16894
5.89,-3.1745222,16894
5.73,-0.6579315,16894
5.52,-0.5661298,16894
5.09,-4.140952,16894
6.7,-1.3628793,17087
6.72,0.27305594,5816
6.47,-0.94678164,5816
6.46,1.9645141,5816
6.13,0.13776939,5816
5.96,2.765694,5816
5.91,0.54765224,5816
5.68,-2.0702176,5816
5.65,-3.038306,5816
5.32,-1.0618176,5816
5.16,-2.0916023,5816
8.0,3.2942195,11816
9.52,2.4337277,13829
9.4,2.0739164,13829
9.15,0.7916361,13829
8.89,2.4709613,13829
8.82,3.017991,13829
8.7,0.42321518,13829
8.7,-0.15333188,13829
8.55,1.8422027,13829
8.52,2.5108547,13829
8.15,1.929687,13829
7.35,1.8620454,13871
7.6,-1.1925081,12850
7.57,-2.5645168,12850
7.46,0.746535,12850
7.39,-1.3697891,12850
7.1,-3.2796838,12850
6.81,-1.0173979,12850
6.78,-0.9752927,12850
6.58,0.5998452,12850
6.28,-4.3314533,12850
6.26,-1.2148147,12850
6.15,-1.9707494,12850
6.03,-2.239266,12850
7.23,4.608506,1558
7.13,2.557122,1558
7.0,-0.2737563,1558
6.97,2.9195538,1558
6.89,3.8295412,1558
6.86,0.8558468,1558
6.81,2.3925703,1558
6.8,3.279696,1558
6.75,1.9080827,1558
6.5,-2.823351,1558
6.47,-1.6942168,1558
6.43,0.14182618,1558
6.43,0.47519016,1558
6.39,-0.6547925,1558
6.38,-0.44827586,1558
6.32,-1.1511259,1558
6.25,-3.9808176,1558
6.19,-3.166928,1558
6.1,-0.26429054,1558
6.05,-3.1074288,1558
5.96,-1.9202324,1558
5.95,-5.3948383,1558
5.89,-1.1271219,1558
5.78,-3.7418683,1558
5.71,2.2242,1558
5.53,0.0064068697,1558
8.72,1.4401286,14672
8.69,-0.49425235,14672
8.61,3.2649243,14672
8.54,3.2023578,14672
8.41,5.344509,14672
8.41,-0.2683679,14672
8.38,-1.0164094,14672
8.32,3.312197,14672
8.25,0.48580533,14672
8.2,1.1332728,14672
8.15,3.8238833,14672
8.04,-1.160294,14672
8.02,4.1915526,14672
7.98,-0.72872317,14672
7.96,1.5714629,14672
7.92,2.5959485,14672
7.91,-2.494186,14672
7.69,2.9095857,14672
7.68,0.5671702,14672
7.56,2.9741364,14672
7.56,1.0553623,14672
7.43,-0.7665044,14672
7.38,0.13402314,14672
7.0,-0.54660964,14672
6.96,0.448438,14672
6.95,-1.1553847,14672
6.84,1.2522104,14672
6.78,1.1873535,14672
6.76,1.3351647,14672
6.69,1.2566932,14672
6.64,-1.1941154,14672
6.61,1.2528151,14672
6.61,0.9665454,14672
6.48,-1.709136,14672
6.18,-1.1718848,14672
6.03,2.2598436,14672
5.94,2.458518,14672
6.85,3.0298567,1504
5.17,-2.9657276,1504
6.55,1.8843364,15926
6.51,-6.561299,15926
6.5,-3.8801575,15926
6.44,0.8547602,15926
6.34,-5.914516,15926
5.66,-0.86238605,15926
5.18,-3.7877104,15926
4.95,0.118018866,15926
7.78,3.2133205,2554
7.47,0.9405938,2554
7.32,-2.6602829,2554
7.3,-2.6604254,2554
7.22,-3.4425635,2554
6.38,-0.40210924,2554
6.37,-2.683039,2554
6.29,-4.3881593,2554
6.26,-2.4505875,2554
5.54,-2.5390577,12670
4.92,-3.0965827,12670
6.64,-2.9165103,613
6.35,-2.7196178,613
5.44,-4.6427016,613
6.59,-1.9248953,11833
7.92,1.4242799,6272
7.89,2.3694532,6272
7.89,2.3269846,6272
7.89,-1.4587759,6272
7.85,2.076489,6272
7.82,2.567827,6272
7.82,-1.7224063,6272
7.8,0.84324914,6272
7.77,0.24877806,6272
7.77,1.056985,6272
7.77,0.65443635,6272
7.72,2.3269846,6272
7.7,-0.3497438,6272
7.68,0.33342037,6272
7.66,1.0341859,6272
7.62,0.90581113,6272
7.62,0.54454756,6272
7.62,2.0071297,6272
7.6,-1.7224063,6272
7.6,1.3604552,6272
7.6,-2.3288841,6272
7.57,1.2243155,6272
7.57,1.5257435,6272
7.57,1.180041,6272
7.57,1.1070118,6272
7.55,0.39707062,6272
7.54,0.5765778,6272
7.54,0.84823954,6272
7.52,2.179779,6272
7.52,-1.1479892,6272
7.51,-6.2136807,6272
7.51,0.7479769,6272
7.5,1.5526567,6272
7.47,1.3604552,6272
7.47,1.3214605,6272
7.47,0.35779473,6272
7.46,0.39471838,6272
7.44,-2.1679676,6272
7.44,2.15467,6272
7.42,2.3694532,6272
7.41,1.7087,6272
7.41,2.773554,6272
7.41,0.7092398,6272
7.4,1.3369119,6272
7.39,0.34781176,6272
7.38,1.062985,6272
7.37,1.8149279,6272
7.36,0.43613485,6272
7.35,-0.5478763,6272
7.34,0.77177835,6272
7.34,-0.6286042,6272
7.33,-1.0646563,6272
7.33,-0.874946,6272
7.31,-0.9586296,6272
7.3,0.5294021,6272
7.28,-0.05752143,6272
7.28,-2.1679676,6272
7.26,-2.8439643,6272
7.26,-0.73005307,6272
7.24,0.124409646,6272
7.23,-0.61591417,6272
7.23,0.5765778,6272
7.21,0.29572403,6272
7.2,0.4091515,6272
7.19,1.2098268,6272
7.18,1.0341859,6272
7.18,-1.0353127,6272
7.18,-0.9415393,6272
7.17,-1.897553,6272
7.17,0.34781176,6272
7.17,-0.34399983,6272
7.17,-2.8439643,6272
7.17,0.33342037,6272
7.17,-1.9269207,6272
7.16,-0.07853614,6272
7.15,0.47396404,6272
7.14,-4.118048,6272
7.14,-4.0891232,6272
7.11,-2.1284163,6272
7.11,-0.09010355,6272
7.11,-0.2981806,6272
7.1,-0.6733789,6272
7.1,-0.17644306,6272
7.1,-0.011997905,6272
7.09,-1.4424601,6272
7.09,0.101066366,6272
7.09,0.15805246,6272
7.08,-1.176837,6272
7.07,-0.9866202,6272
7.06,-0.874946,6272
7.06,-2.3288841,6272
7.06,-2.5701673,6272
7.06,-0.34399983,6272
7.05,-1.4587759,6272
7.05,-0.4006838,6272
7.04,-1.5708593,6272
7.04,-0.44526875,6272
7.02,0.32501292,6272
7.02,-1.3003014,6272
7.02,-0.82940894,6272
7.02,0.074273184,6272
7.01,-1.6039689,6272
7.0,0.7479769,6272
7.0,-0.95893276,6272
6.96,-1.2127912,6272
6.96,0.2789516,6272
6.96,0.038067568,6272
6.96,-0.21967326,6272
6.92,-1.3390938,6272
6.92,0.74271446,6272
6.92,-1.4298576,6272
6.92,-0.19558509,6272
6.92,-1.3479586,6272
6.89,-0.9376294,6272
6.89,-0.7593262,6272
6.89,-0.7683716,6272
6.89,-1.4424601,6272
6.89,-0.8670148,6272
6.89,-0.23011918,6272
6.89,-1.2753416,6272
6.85,-0.27907968,6272
6.85,-1.1594586,6272
6.85,-4.118048,6272
6.85,-3.7396264,6272
6.85,-6.2136807,6272
6.85,-1.7971953,6272
6.85,-3.1101744,6272
6.85,-2.2623696,6272
6.85,-2.154385,6272
6.82,-0.3497438,6272
6.82,-1.6081877,6272
6.82,-1.4684147,6272
6.82,-0.9376294,6272
6.82,-0.33312085,6272
6.8,-1.0755694,6272
6.77,-3.0175655,6272
6.77,-1.979845,6272
6.77,-7.239318,6272
6.72,-2.3679612,6272
6.72,-2.0120783,6272
6.72,-4.0891232,6272
6.72,-1.1016557,6272
6.7,-2.0995185,6272
6.68,-1.1183938,6272
6.68,-3.0803678,6272
6.66,-1.9287875,6272
6.64,-8.521913,6272
6.58,-2.581422,6272
6.58,-3.460262,6272
6.57,-1.2624621,6272
6.57,-1.8965973,6272
6.54,-1.1558144,6272
6.52,-1.598302,6272
6.5,-3.6109302,6272
6.44,-2.5077574,6272
6.41,-4.2049274,6272
6.4,-4.1528764,6272
6.39,-2.8954408,6272
6.34,-1.5290983,6272
6.28,-3.9475787,6272
6.18,-3.126953,6272
6.16,-6.802806,6272
6.11,-4.256693,6272
5.96,-4.9240227,6272
5.66,0.90581113,6272
5.4,-2.8439643,6272
5.24,-2.1679676,6272
5.11,-2.3288841,6272
4.96,-1.4587759,6272
4.85,-6.791214,6272
4.64,-4.118048,6272
4.6,-1.7224063,6272
4.52,2.3269846,6272
4.51,-4.0891232,6272
4.51,-6.2136807,6272
6.17,-7.3488684,12669
8.09,3.2761366,8825
7.77,-3.5623522,12126
8.1,3.4566307,3893
7.52,0.9322925,10816
7.36,1.1504498,10816
7.35,0.9467308,10816
6.88,0.6127086,10816
6.49,3.3740337,10816
6.48,-1.4847945,10816
6.46,0.19936578,10816
6.25,-3.2316432,10816
6.2,-2.506069,10816
6.16,-2.627649,10816
6.15,-1.464676,10816
5.92,-3.2170975,10816
5.64,-2.5302594,10816
5.84,-3.3718083,10708
7.9,0.4164168,8474
6.7,-0.7093209,8474
6.6,0.74744064,8474
6.5,-0.25441003,8474
6.5,-0.38211763,8474
6.4,2.7039535,8474
6.3,0.35897094,8474
6.2,0.178124,8474
6.2,-4.432574,8474
7.4,-2.6925042,1181
7.05,2.9741654,5349
4.73,0.3725686,5349
4.63,-0.0073519796,5349
6.64,-2.7211556,17203
6.28,-2.1796,758
8.1,2.4827793,10849
7.12,0.7151356,4139
6.68,0.14440675,4139
6.43,0.20720556,4139
6.26,1.7531949,4139
6.18,-1.2272545,4139
5.85,-2.432114,4139
5.82,-1.9411471,4139
5.8,1.4159305,4139
5.48,-3.4202476,4139
5.02,-3.5683057,4139
6.89,2.0744708,8358
6.76,-0.981645,8358
7.42,-0.43143407,12472
7.19,-1.1379205,12472
7.18,-3.2972403,12472
6.9,-0.3146963,12472
6.89,0.76096064,12472
6.89,-1.6206113,12472
6.8,0.14593978,12472
6.79,0.9346587,12472
6.55,-2.3321018,12472
6.52,-0.25296646,12472
6.36,-2.0335743,12472
6.32,-5.480598,12472
6.16,-2.979264,12472
6.14,-2.213594,12472
6.09,-3.8576422,12472
5.91,-6.0839887,12472
7.0,-2.5690317,10917
8.8,-2.026666,12959
7.89,4.746353,2220
7.36,0.818321,2220
7.3,-2.6395829,2220
7.0,-0.9301218,2220
6.93,3.1118054,2220
6.47,-0.65862495,2220
6.38,0.089841306,2220
6.24,1.4761873,2220
6.11,0.5203199,2220
5.96,-2.333078,2220
8.05,4.177789,5443
6.78,-0.84082055,8369
6.39,0.4248981,8369
6.38,-1.913477,8369
6.32,1.54124,8369
6.27,-0.6040558,8369
6.25,1.983315,8369
6.24,-0.3245668,8369
6.19,-3.831142,8369
6.14,-0.96602416,8369
6.07,-2.2461522,8369
9.62,6.7078147,11246
8.72,2.303698,11246
8.6,2.4083636,11246
8.54,2.7547512,11246
8.46,1.4363751,11246
8.39,3.368063,11246
8.38,3.1462572,11246
8.27,3.3121781,11246
8.17,0.9915264,11246
7.8,0.104150295,11246
8.7,0.26362565,2101
8.64,4.085209,2101
8.52,2.2498891,2101
8.4,4.3945127,2101
8.07,-0.29589266,2101
8.02,0.11163913,2101
7.92,1.0856695,2101
7.68,3.654042,2101
7.47,2.1729536,2101
7.31,1.7784156,2101
6.49,1.5131459,2101
5.3,-1.3562393,306
5.29,-4.9247274,306
5.24,-2.3041284,306
5.21,-5.639633,306
5.15,-7.1326613,306
5.08,-0.86621773,306
5.03,-4.1903033,306
4.93,-7.2716336,306
4.75,-5.878878,306
4.67,-6.7936454,306
7.68,-1.464061,14284
8.2,5.9238095,5980
8.0,-0.9793222,5980
7.92,-2.6149676,5980
7.2,-1.1391382,5980
8.64,-2.2755988,8762
7.96,-1.8338363,8762
5.46,-0.62074715,14558
4.4,-1.533634,14558
7.66,5.442061,14605
6.89,0.11350967,16489
6.77,3.4281058,16489
6.72,-0.13958047,16489
6.66,1.1330792,16489
6.58,0.91468894,16489
6.58,-0.13958047,16489
6.48,0.19411312,16489
6.41,1.1655805,16489
6.38,-0.5420479,16489
6.36,1.8836184,16489
6.35,1.5179883,16489
6.29,1.0243795,16489
6.19,-1.218399,16489
6.17,1.8723474,16489
6.16,-0.4499373,16489
6.11,-0.61179006,16489
6.09,-0.45245644,16489
6.04,-0.06931631,16489
6.04,-1.4492394,16489
6.03,-2.0598242,16489
6.0,-2.0055647,16489
5.97,0.15270013,16489
5.96,-2.264479,16489
5.96,-0.31231746,16489
5.93,-2.3694556,16489
5.92,1.646001,16489
5.91,-0.36020216,16489
5.9,-0.97562945,16489
5.9,-2.3596973,16489
5.87,0.7510968,16489
5.84,1.0885215,16489
5.7,-1.6460526,16489
5.63,-0.19847177,16489
5.59,-1.2290921,16489
5.55,-1.7091727,16489
5.53,-1.399804,16489
5.5,-2.0447133,16489
5.46,-2.0657613,16489
5.41,-2.5530746,16489
5.38,-3.6181169,16489
5.36,-1.0716532,16489
5.19,-3.5750442,16489
5.15,-2.9259164,16489
5.13,-3.515185,16489
5.11,-3.621021,16489
5.1,-3.3442614,16489
4.92,-2.290641,16489
4.89,-1.8223524,16489
4.84,-1.8341258,16489
6.03,2.1460478,17220
5.85,4.002961,17220
5.82,1.9479818,17220
5.23,2.733912,17220
8.15,3.1099806,3158
7.41,-2.3533533,13290
6.58,-2.5730674,13290
6.28,-2.5730674,13290
5.9,-2.6781046,13290
5.68,-2.077192,13290
5.54,-0.79826397,13290
5.5,-2.1546776,13290
8.52,0.9353511,16741
8.52,1.1612207,16741
8.52,3.435312,16741
8.38,-2.1490765,16741
8.17,-0.55634266,16741
7.77,0.9827267,16741
7.62,-0.9413818,16741
7.37,1.5634344,16741
7.36,0.817237,16741
7.35,0.19495735,16741
7.19,3.820509,16741
7.15,1.198359,16741
7.1,2.2035916,16741
6.89,3.8179657,16741
6.86,1.7210188,16741
6.78,3.0212681,16741
6.71,-3.4474502,16741
6.53,2.9707565,16741
6.48,4.745836,16741
6.42,-1.2946258,16741
6.29,1.0471011,16741
6.06,1.4250375,16741
5.89,0.1406791,16741
5.25,-2.9729908,16741
5.11,-0.5135537,16741
5.06,-3.320262,16741
5.12,-5.451825,16126
8.8,3.2627556,14801
8.68,3.3101912,14801
8.66,3.8582256,14801
8.25,2.6874583,14801
8.2,1.4462993,14801
7.81,-1.744189,14801
7.75,-0.05974656,14801
7.49,1.5010518,14801
7.13,3.6575701,14801
8.1,-0.33120373,11120
7.15,2.0740647,13519
7.13,3.9794984,13519
6.87,3.508177,13519
6.7,1.2907915,13519
6.68,1.6734606,13519
6.39,1.4648008,13519
6.37,1.0258836,13519
6.2,1.6144,13519
6.1,0.503069,13519
5.96,2.633501,13519
5.81,-3.082581,13519
5.73,0.9651388,13519
5.67,-1.105867,13519
5.54,-0.99280953,13519
5.41,-0.28719142,13519
9.3,7.582605,8422
9.0,5.056806,8422
8.7,5.591808,8422
8.52,-1.2577951,4587
8.4,-0.25337663,4587
7.92,1.8126655,4587
7.82,1.1833249,4587
7.62,-1.4903426,4587
7.57,-1.495577,4587
7.57,0.82579935,4587
7.48,-2.8865254,4587
7.3,1.4080937,4587
6.92,-0.28412697,4587
6.31,-4.4791346,4587
6.17,-1.9929748,4587
6.1,-2.0538468,4587
8.52,2.8048196,2791
8.12,-1.0923251,5184
7.72,0.21820535,5184
6.28,0.015663933,5184
8.4,-1.666371,17840
6.76,0.19573544,17840
5.84,-4.2310367,17840
8.29,0.83458954,9612
7.13,-1.2252152,15085
7.08,0.09112464,15085
4.89,-5.7037497,7290
6.17,-8.328756,7437
5.33,1.1410931,9126
5.0,-5.654767,16828
7.36,-0.31085688,10731
7.06,-2.1232705,10731
6.95,-0.19198202,10731
6.26,-0.7114006,10731
6.0,1.0811812,10731
5.76,0.17391826,10731
5.71,-1.6570512,10731
7.48,1.2601542,10476
7.43,0.94934666,7010
6.24,3.1856093,17361
5.96,-0.07819229,17361
5.85,0.57325166,17361
5.75,0.3465642,17361
5.4,0.3358872,17361
5.37,-1.4549901,17361
5.28,-0.70194113,17361
5.13,-0.36396626,17361
5.08,-2.5123699,17361
5.08,0.4686423,17361
5.08,-2.4893336,17361
5.08,-3.1207638,17361
5.08,-2.360586,17361
5.03,-2.1957257,17361
4.6,-1.0530909,17361
4.6,-4.6081285,17361
4.6,-2.9454257,17361
4.6,-0.9886967,17361
4.6,-0.65986484,17361
4.6,-1.065218,17361
4.6,-1.7262491,17361
4.6,-1.8609798,17361
4.6,-3.6274126,17361
4.6,-0.8784317,17361
9.0,-2.5346875,14272
8.7,0.82508916,14272
8.52,2.9468842,14272
8.52,2.075735,14272
8.52,0.49778664,14272
8.52,4.722609,14272
8.4,-0.03571814,14272
8.3,-2.08916,14272
8.22,3.4217849,14272
8.15,1.0753826,14272
8.15,2.6954436,14272
8.05,-1.0101515,14272
7.96,-5.6275787,14272
7.82,-4.1485076,14272
7.64,-0.1179609,14272
7.58,-5.59488,14272
7.58,-2.6942651,14272
7.46,-1.0101514,14272
7.35,4.48331,14272
7.35,-3.0788498,14272
7.3,-0.38691586,14272
7.13,1.0170616,14272
7.01,-0.8681463,14272
6.55,-3.248085,14272
6.27,-0.45194325,14272
6.07,-3.0788496,14272
5.89,-1.0101519,14272
5.79,-1.0101515,14272
5.36,-0.86814606,14272
5.32,-3.714846,14272
6.92,3.334731,10656
6.68,0.4198159,10656
6.39,1.9914724,10656
6.07,-0.12044123,10656
5.66,-4.678908,10656
5.58,-2.7437687,10656
5.38,-4.966765,10656
5.24,-5.4986806,10656
5.04,-4.3332744,10656
5.01,-6.4928956,10656
5.47,2.8462489,152
8.7,1.7478638,10848
7.54,2.6206574,4456
7.96,1.0614319,12236
7.64,1.0283209,12236
8.4,0.16321895,12803
8.1,5.0197763,12803
8.05,5.441788,12803
7.75,2.9007556,12803
7.75,-0.32726786,12803
7.68,3.0343552,12803
7.23,2.3411863,12803
7.21,0.042743962,12803
7.04,-1.5076476,12803
6.87,-0.00080621615,12803
6.55,0.531683,12803
6.01,1.9127433,12803
6.0,2.0195763,12803
5.6,0.13568452,12803
5.53,-1.3514149,12803
4.61,2.6416411,12803
9.4,5.450354,5250
9.0,6.2232327,5250
9.0,2.3315883,5250
9.0,5.9779787,5250
8.7,4.0843387,5250
8.52,5.623852,5250
8.4,6.824337,5250
8.4,4.8737454,5250
8.22,2.147664,5250
8.22,3.328886,5250
8.15,4.4449215,5250
8.05,4.9382567,5250
8.0,5.654049,5250
7.7,5.3513074,5250
8.4,-2.0668955,17832
6.54,-3.6550298,11693
6.18,-0.5358317,11693
6.04,-1.9834633,11693
6.03,-3.278542,11693
6.01,-1.0738735,11693
5.99,-3.876882,11693
5.95,-3.236549,11693
5.81,-2.061172,11693
5.79,-0.17937003,11693
5.76,-2.6868904,11693
5.62,-1.215428,11693
5.56,-1.378688,11693
5.25,-2.0016534,11693
9.7,0.88081884,7807
9.7,0.880819,7807
9.7,2.9084623,7807
9.7,3.705806,7807
9.52,2.8074715,7807
9.52,3.0379925,7807
9.52,0.21532634,7807
9.52,0.6498631,7807
9.52,2.461763,7807
9.52,5.282566,7807
9.52,2.8995624,7807
9.52,2.3892152,7807
9.52,2.8074715,7807
9.43,-1.4035324,7807
9.4,3.7351205,7807
9.4,4.3715067,7807
9.4,3.7011697,7807
9.4,1.3045305,7807
9.4,8.402485,7807
9.4,2.827813,7807
9.4,1.4431819,7807
9.4,1.0888397,7807
9.4,2.5161998,7807
9.4,4.9778438,7807
9.4,1.0471534,7807
9.4,0.5730365,7807
9.4,3.5779457,7807
9.4,-0.84992564,7807
9.4,1.6768765,7807
9.4,3.6208093,7807
9.4,3.242033,7807
9.4,1.454395,7807
9.4,-0.54955554,7807
9.3,-2.4826577,7807
9.3,-1.3053534,7807
9.3,-0.5429644,7807
9.3,2.4425933,7807
9.3,1.7357703,7807
9.3,2.7286267,7807
9.3,3.0443428,7807
9.3,5.9044614,7807
9.3,4.5861998,7807
9.3,-0.63841784,7807
9.3,3.026209,7807
9.3,4.0551324,7807
9.25,-3.2475462,7807
9.22,3.4201403,7807
9.22,0.8342363,7807
9.22,2.9972017,7807
9.22,3.920296,7807
9.22,1.6084923,7807
9.22,4.8628016,7807
9.22,-2.3958285,7807
9.22,3.1183333,7807
9.22,0.49802014,7807
9.22,2.602641,7807
9.22,-1.7808378,7807
9.22,1.3946444,7807
9.21,0.94879115,7807
9.2,4.164289,7807
9.18,-4.9728928,7807
9.17,-0.15010968,7807
9.17,1.5023994,7807
9.15,3.1789389,7807
9.15,5.3170004,7807
9.15,2.6798968,7807
9.15,2.539738,7807
9.15,1.3634336,7807
9.15,0.21049623,7807
9.15,-1.2769057,7807
9.15,3.6123776,7807
9.15,2.013148,7807
9.15,1.5465236,7807
9.15,0.65269214,7807
9.15,5.022119,7807
9.1,0.27717543,7807
9.1,0.4980199,7807
9.1,-0.3664279,7807
9.1,-4.972892,7807
9.1,3.0791779,7807
9.1,3.175573,7807
9.1,5.4696474,7807
9.1,2.4136932,7807
9.09,-2.8925347,7807
9.05,3.2560747,7807
9.05,1.336145,7807
9.05,1.1304224,7807
9.05,6.0283513,7807
9.05,3.0029473,7807
9.05,2.2201319,7807
9.05,1.3634332,7807
9.0,1.4608426,7807
9.0,3.179261,7807
9.0,3.7806516,7807
9.0,0.13483535,7807
9.0,2.0164285,7807
9.0,-1.9643776,7807
9.0,2.5118902,7807
9.0,0.53304344,7807
9.0,-3.441452,7807
9.0,-0.9539071,7807
9.0,0.5603007,7807
9.0,0.53945494,7807
9.0,-4.3037114,7807
8.97,-0.002152335,7807
8.96,6.6308894,7807
8.96,3.7351205,7807
8.96,-2.957429,7807
8.96,3.6591685,7807
8.96,-0.3664279,7807
8.96,3.1183128,7807
8.96,4.9565845,7807
8.96,1.1710527,7807
8.96,-3.3444684,7807
8.96,2.4583504,7807
8.95,0.7606805,7807
8.92,1.0414774,7807
8.92,0.725594,7807
8.92,0.45475325,7807
8.92,-0.25265226,7807
8.92,-0.2122848,7807
8.92,-0.10177377,7807
8.92,1.2876172,7807
8.92,0.19994986,7807
8.92,2.1552527,7807
8.89,2.161065,7807
8.89,3.9249942,7807
8.89,4.2854805,7807
8.89,0.60318506,7807
8.89,-0.3664279,7807
8.85,2.3140502,7807
8.85,4.2463775,7807
8.84,4.164289,7807
8.82,5.3983965,7807
8.82,2.1323428,7807
8.82,3.2144287,7807
8.82,0.072824895,7807
8.82,2.7287095,7807
8.82,1.0819169,7807
8.82,2.9599802,7807
8.8,5.513237,7807
8.8,1.0280968,7807
8.8,3.388837,7807
8.8,0.27711388,7807
8.8,1.2615533,7807
8.8,1.1247777,7807
8.78,1.031003,7807
8.77,2.853212,7807
8.77,4.152726,7807
8.77,-2.4625075,7807
8.77,0.80045456,7807
8.77,1.3411586,7807
8.75,1.3983713,7807
8.74,-0.24987315,7807
8.72,2.5817199,7807
8.7,3.1617694,7807
8.7,-3.736652,7807
8.7,-0.8222781,7807
8.7,0.7199395,7807
8.68,0.71993935,7807
8.68,2.8532119,7807
8.68,3.191293,7807
8.66,-3.0398347,7807
8.66,5.703497,7807
8.66,-0.6507027,7807
8.66,-0.010197569,7807
8.66,-3.7204936,7807
8.64,1.4045135,7807
8.64,2.8532119,7807
8.64,-2.2876816,7807
8.64,-0.46727058,7807
8.62,-1.373066,7807
8.62,5.162039,7807
8.62,-0.18967521,7807
8.62,-0.90045375,7807
8.62,-2.9425404,7807
8.62,-1.9141077,7807
8.6,2.8430088,7807
8.6,-0.9239332,7807
8.59,4.2870827,7807
8.59,0.041540336,7807
8.59,1.4756174,7807
8.59,4.0069575,7807
8.59,2.726398,7807
8.57,3.2067397,7807
8.57,4.956585,7807
8.57,3.3157237,7807
8.55,1.6383462,7807
8.55,-0.97233236,7807
8.55,-1.4543184,7807
8.55,2.9414396,7807
8.54,-3.7204928,7807
8.54,-1.0837649,7807
8.54,-2.931701,7807
8.54,-3.0859554,7807
8.54,0.6795344,7807
8.54,5.1028924,7807
8.52,2.8975632,7807
8.52,2.8361487,7807
8.52,2.374788,7807
8.51,-1.0380968,7807
8.51,-2.7124505,7807
8.51,3.1243536,7807
8.51,-1.7769289,7807
8.49,-1.9896891,7807
8.49,0.48369104,7807
8.49,1.6218178,7807
8.49,2.17047,7807
8.48,1.6033462,7807
8.48,-0.3745134,7807
8.47,-3.2887027,7807
8.47,2.0959094,7807
8.47,1.1172302,7807
8.46,-3.569211,7807
8.44,0.6658435,7807
8.44,1.7853156,7807
8.44,-3.9542174,7807
8.44,3.0791771,7807
8.43,3.5615776,7807
8.43,1.9894848,7807
8.41,-4.8495865,7807
8.39,-1.9934895,7807
8.39,-0.4752486,7807
8.38,-0.22903468,7807
8.37,-2.1117797,7807
8.37,5.8423953,7807
8.36,0.86902034,7807
8.36,3.0791779,7807
8.36,0.9170681,7807
8.36,1.6293597,7807
8.35,-1.0063006,7807
8.34,-0.9272266,7807
8.34,-0.69323236,7807
8.34,1.340995,7807
8.33,-5.148786,7807
8.32,2.1209617,7807
8.32,-1.2144438,7807
8.31,-1.1062777,7807
8.31,-2.6297507,7807
8.28,0.72909284,7807
8.28,0.8007166,7807
8.28,2.0515995,7807
8.28,4.0808363,7807
8.28,2.466421,7807
8.26,0.25593844,7807
8.26,-0.9239978,7807
8.25,-5.2841735,7807
8.25,0.5160489,7807
8.25,5.79079,7807
8.24,-3.752936,7807
8.24,3.3970857,7807
8.24,-0.43907174,7807
8.23,-0.46166697,7807
8.23,0.25593805,7807
8.22,-0.16510354,7807
8.22,4.250982,7807
8.19,-0.60329336,7807
8.19,-0.56269515,7807
8.18,2.9227333,7807
8.17,-2.4843445,7807
8.17,1.6900961,7807
8.14,4.3861556,7807
8.13,0.65860695,7807
8.11,1.5051591,7807
8.11,-0.8614879,7807
8.08,0.69006646,7807
8.08,-1.587429,7807
8.07,-1.5282537,7807
8.07,0.40530917,7807
8.06,2.0370247,7807
8.06,3.9138772,7807
8.06,0.41933516,7807
8.04,0.39203373,7807
8.03,3.2508318,7807
8.03,-0.383958,7807
8.02,-3.2861629,7807
8.01,0.11657381,7807
8.01,-0.36664155,7807
8.0,1.8932825,7807
8.0,0.4463997,7807
7.99,1.1509382,7807
7.98,-3.6775842,7807
7.97,-4.1805005,7807
7.97,-1.4531484,7807
7.95,-5.7057734,7807
7.93,-0.09066574,7807
7.93,0.23214051,7807
7.93,-1.9546905,7807
7.93,-4.171758,7807
7.93,-2.0152016,7807
7.93,-1.0879664,7807
7.92,-1.3899691,7807
7.92,1.8980616,7807
7.92,-0.21464776,7807
7.91,-0.3639759,7807
7.91,-0.56726956,7807
7.87,-5.148786,7807
7.87,-0.47398445,7807
7.86,-3.3093212,7807
7.86,-2.7786355,7807
7.86,-3.0678866,7807
7.86,-1.409519,7807
7.85,-3.9643118,7807
7.85,2.1989691,7807
7.84,2.0955381,7807
7.83,0.74035007,7807
7.83,-1.3746815,7807
7.83,4.1803403,7807
7.83,-1.298803,7807
7.83,-1.2087578,7807
7.82,-2.7315292,7807
7.82,0.98544466,7807
7.82,-0.5368767,7807
7.81,-2.3551574,7807
7.81,-0.29763126,7807
7.79,2.1248333,7807
7.77,-2.7701979,7807
7.76,-3.4605322,7807
7.76,0.17088622,7807
7.75,-2.9250271,7807
7.75,3.2463794,7807
7.74,-2.2261386,7807
7.74,2.4180582,7807
7.73,-2.061556,7807
7.72,2.3013012,7807
7.71,0.8689918,7807
7.71,-1.288637,7807
7.71,0.0042202286,7807
7.71,-4.312748,7807
7.7,2.9084618,7807
7.69,0.23214051,7807
7.68,-3.3150375,7807
7.67,5.681371,7807
7.67,-0.2867944,7807
7.66,-1.3293546,7807
7.66,1.2854708,7807
7.61,-0.0037262924,7807
7.61,-3.3312652,7807
7.6,-3.0242205,7807
7.59,3.4820552,7807
7.58,0.97121495,7807
7.57,0.7241769,7807
7.56,1.518849,7807
7.56,-3.838329,7807
7.56,-0.35289934,7807
7.55,-1.1051854,7807
7.55,0.49954647,7807
7.55,-3.7571573,7807
7.55,1.1207778,7807
7.52,0.68432546,7807
7.52,-2.7645516,7807
7.51,-0.8657715,7807
7.5,-3.930374,7807
7.5,-0.0894828,7807
7.5,-0.3908262,7807
7.49,-3.50806,7807
7.49,-0.5487981,7807
7.48,-1.2102791,7807
7.48,-3.5348833,7807
7.48,-2.8843312,7807
7.47,2.489857,7807
7.47,2.5604732,7807
7.46,2.442594,7807
7.43,-3.518679,7807
7.43,-0.4403336,7807
7.42,-5.632087,7807
7.41,0.2543744,7807
7.41,1.9919484,7807
7.4,-1.04372,7807
7.38,-5.2514467,7807
7.35,-1.5137273,7807
7.32,1.3902484,7807
7.3,0.26923978,7807
7.3,-0.5169189,7807
7.29,-2.7645516,7807
7.28,-1.298803,7807
7.28,0.8832309,7807
7.28,-0.7986555,7807
7.28,1.5210983,7807
7.27,2.0242133,7807
7.26,1.4173506,7807
7.24,-0.834986,7807
7.24,-0.20580034,7807
7.24,-0.8791323,7807
7.22,4.5118556,7807
7.21,-1.4950343,7807
7.2,0.21630357,7807
7.19,-0.91694915,7807
7.14,2.801683,7807
7.13,-0.8873909,7807
7.1,-5.0014,7807
7.09,-0.1501099,7807
7.06,4.128241,7807
7.05,1.641958,7807
7.03,-2.139649,7807
7.03,-4.0927773,7807
7.01,-1.7186129,7807
7.0,-4.1697197,7807
7.0,-2.584265,7807
6.99,-0.6186763,7807
6.99,-1.1225262,7807
6.98,-1.6272092,7807
6.97,0.0027527697,7807
6.96,0.27256143,7807
6.94,0.7199394,7807
6.9,-1.8087304,7807
6.9,-2.613644,7807
6.9,-0.2523834,7807
6.87,0.4103325,7807
6.84,0.24548246,7807
6.84,-0.16807668,7807
6.78,0.44598824,7807
6.78,-2.449357,7807
6.72,-2.0451376,7807
6.61,0.7199395,7807
6.59,-0.2507632,7807
6.55,-1.3657368,7807
6.5,0.49801937,7807
6.49,1.0820069,7807
6.49,-0.9628762,7807
6.48,1.6358944,7807
6.47,-0.16748501,7807
6.45,-0.8581118,7807
6.45,0.66396886,7807
6.45,0.4980199,7807
6.44,-0.4028781,7807
6.43,-0.6254054,7807
6.42,0.031066868,7807
6.42,-0.09933436,7807
6.38,-1.016044,7807
6.38,-2.594228,7807
6.37,0.7789706,7807
6.36,1.3634334,7807
6.34,-1.5056838,7807
6.32,-4.265907,7807
6.32,-1.4763758,7807
6.3,1.3634334,7807
6.19,1.7124692,7807
6.13,1.0989131,7807
6.09,2.712911,7807
6.04,1.1681569,7807
6.03,0.029175293,7807
5.99,-2.7786353,7807
5.64,2.027719,7807
5.64,-0.6612142,7807
5.61,-3.382601,7807
7.52,4.876196,7824
7.16,3.4992695,7824
7.05,0.7505415,7824
5.14,-1.256422,17095
9.15,3.784642,4144
9.0,-5.1540294,4144
8.59,-1.2657163,4144
8.48,1.1268569,4144
8.46,-1.1814427,4144
8.35,-4.7976103,4144
8.24,-2.2983441,4144
8.21,-2.5329943,4144
8.14,2.0109458,4144
8.12,-1.7486398,4144
7.68,-5.8273315,4144
7.67,-2.0132253,4144
7.66,-2.8706646,4144
7.54,3.1178367,4144
7.52,1.5656732,4144
7.16,-0.2644712,4144
9.4,7.7365026,15078
6.45,-2.1971486,12660
7.34,-0.49397793,11198
7.23,-0.19647397,11198
6.39,-1.8832324,11198
6.11,-0.2566248,11198
4.62,-3.2343686,11198
9.1,2.3942645,7899
8.19,1.9892099,7899
5.36,-1.2303572,13182
5.11,-1.4368469,13182
5.62,-2.330537,3919
7.92,3.02559,10485
7.31,2.8884482,10485
7.22,2.8991237,10485
7.17,2.1574996,10485
7.03,1.5722853,10485
10.52,7.3264885,2758
10.3,10.854599,2758
10.3,9.895201,2758
9.57,2.6288457,2758
9.4,2.7218041,2758
9.0,6.37867,2758
8.85,5.9058166,2758
8.22,1.4882371,2758
8.1,4.240758,2758
7.92,1.7920834,2758
7.72,4.267668,2758
7.54,-0.60200995,2758
7.54,1.3040645,2758
7.46,3.2509284,2758
7.46,3.470742,2758
7.33,-0.48004195,2758
7.33,3.806482,2758
7.31,2.002963,2758
7.22,0.46544394,2758
7.22,0.61355984,2758
7.05,1.1787566,2758
6.95,1.9896725,2758
6.92,-0.28897458,2758
6.69,1.0813053,2758
6.5,4.113407,2758
6.46,4.7084684,2758
6.36,0.46477255,2758
6.28,0.58905405,2758
7.36,-2.064031,1686
6.82,-1.0475947,1686
6.47,-2.7246056,1686
6.42,0.12654218,1686
6.14,-0.29134038,1686
6.13,-1.0485102,1686
6.08,-3.403476,1686
6.02,-0.9642371,1686
5.12,-2.5870218,1686
6.45,-0.054487225,12288
6.45,0.053183507,12288
6.37,0.18970285,12288
6.37,0.78829527,12288
6.34,-0.25799167,12288
6.34,-0.4469229,12288
6.34,-1.1154641,12288
6.26,-1.0481567,12288
6.25,-0.94371605,12288
6.18,-1.7922184,12288
6.12,1.591741,12288
6.07,-1.6820621,12288
6.06,-0.48803112,12288
6.06,0.9500204,12288
6.01,0.051314577,12288
5.98,-1.5460163,12288
5.98,0.750731,12288
5.97,-2.9320598,12288
5.9,-1.9125111,12288
5.89,-2.5569415,12288
5.88,-0.48784307,12288
5.83,0.3420582,12288
5.83,0.50282496,12288
5.81,0.06643032,12288
5.75,-1.8403091,12288
5.69,1.4168366,12288
5.68,-3.917212,12288
5.68,-0.71168023,12288
5.68,0.52476734,12288
5.59,-3.5312235,12288
5.85,-0.5785892,781
7.2,-1.2862613,10002
6.45,-1.2972543,10002
6.37,3.6022403,10002
6.11,2.3506134,10002
6.11,-0.7257028,10002
5.92,-1.1953782,10002
5.87,-3.292009,10002
5.69,-0.19976564,10002
5.67,-4.4203057,10002
5.6,-4.774849,10002
5.59,-1.432363,10002
5.55,-3.6460233,10002
5.49,-1.036927,10002
5.45,-2.9759483,10002
5.41,-4.6985726,10002
5.34,2.1816375,10002
5.26,-0.8598772,10002
5.17,-2.4757547,10002
5.04,-4.6802917,10002
5.03,0.16862144,10002
5.01,-4.1610146,10002
5.0,-5.8779674,10002
5.0,-6.638846,10002
5.0,-1.5828174,10002
5.0,-5.3056755,10002
5.0,-4.631205,10002
5.0,-3.0464551,10002
5.0,-3.688123,10002
5.0,-6.02935,10002
5.0,-4.1695833,10002
5.0,-2.9017963,10002
5.0,-4.183606,10002
5.0,-1.5981,10002
5.0,-6.0707307,10002
5.0,-7.1887736,10002
5.0,-3.2096543,10002
5.0,-1.1255289,10002
5.0,-3.0104425,10002
5.0,-6.2726226,10002
5.0,-6.7733283,10002
5.0,-4.447745,10002
5.0,-4.219007,10002
5.0,-3.4682894,10002
4.7,-1.3055571,10002
4.7,-2.8448503,10002
4.7,-3.1592076,10002
4.7,-4.870684,10002
4.7,-4.574839,10002
4.7,-5.7611403,10002
4.7,-0.34370556,10002
4.7,-3.308779,10002
4.7,-3.4429314,10002
4.7,-1.4317652,10002
4.7,-5.611523,10002
4.7,-3.7000635,10002
4.7,-1.802765,10002
4.7,2.133693,10002
4.7,2.4578846,10002
4.7,-0.40872875,10002
4.7,1.0448126,10002
4.7,-0.5407996,10002
4.7,-1.5493217,10002
4.7,1.9293395,10002
4.7,2.2793517,10002
4.7,-0.47993848,10002
4.7,-4.592342,10002
4.7,-3.9229105,10002
4.7,-0.152764,10002
4.7,2.019888,10002
4.7,-4.7200084,10002
4.7,-4.5160275,10002
4.7,-2.3845549,10002
4.7,1.7050102,10002
4.7,-3.4514933,10002
4.7,-3.309768,10002
4.7,-3.7319906,10002
4.7,-6.7742157,10002
4.7,2.1212091,10002
4.7,-3.1312094,10002
4.7,0.48283067,10002
4.7,-2.030697,10002
4.7,-1.3316386,10002
4.7,-2.906705,10002
4.7,-3.9116743,10002
4.7,1.618742,10002
4.7,-6.81182,10002
4.7,-0.5396189,10002
4.7,-4.7011175,10002
4.7,-4.2391615,10002
4.7,-5.141813,10002
4.7,-5.8310003,10002
4.7,-5.443984,10002
4.7,-4.9256234,10002
4.7,-1.2122526,10002
4.7,-1.0754616,10002
4.7,-6.4038925,10002
4.7,-3.8122494,10002
4.7,-1.3821578,10002
4.7,-3.4826827,10002
4.7,0.42313313,10002
4.7,-2.0296025,10002
4.7,1.0166764,10002
4.7,-0.82264817,10002
4.7,0.8521474,10002
4.7,-2.3044958,10002
4.7,-0.69943917,10002
4.7,-1.1915938,10002
4.7,-0.97652245,10002
4.7,-3.2255657,10002
4.7,-3.1881728,10002
4.7,-4.18375,10002
4.7,-5.20515,10002
4.7,-1.7741342,10002
4.7,-3.0343788,10002
8.33,-0.8094375,8118
8.15,3.4287908,8118
8.08,2.7060359,8118
7.96,-0.8094369,8118
7.9,-1.9141809,8118
7.89,2.7060356,8118
7.8,-0.7639588,8118
7.75,-1.9580692,8118
7.75,-0.763959,8118
7.55,-1.6380397,8118
7.5,-1.9141809,8118
7.42,0.20387235,8118
7.39,0.75416946,8118
7.28,-2.0136635,8118
7.25,1.4069219,8118
7.22,0.26622364,8118
7.21,-1.7572243,8118
7.18,-2.4589083,8118
6.86,-1.9543304,8118
6.72,-2.175535,8118
6.7,-3.0315154,8118
6.54,1.0687468,8118
6.49,-1.2415305,8118
7.46,0.7933563,17262
7.01,-1.1193775,17262
6.7,-1.1034029,17262
7.96,0.4949217,853
7.48,0.12850514,853
7.38,-0.36184865,853
7.12,1.3065723,853
7.08,-1.999459,853
7.08,-1.8962575,853
7.03,-0.61241436,853
7.0,0.23643242,853
6.98,4.1546,853
6.91,0.35297832,853
6.87,0.08655056,853
6.85,-1.2972207,853
6.85,0.5228535,853
6.84,-0.5620395,853
6.83,-0.38392103,853
6.77,-2.3790555,853
6.75,-0.91936725,853
6.71,0.09802478,853
6.68,2.636722,853
6.59,0.079838715,853
6.54,-0.2523968,853
6.41,0.60238856,853
5.92,2.1632051,853
5.11,-1.2939901,853
7.4,-1.4673607,15639
7.4,-2.326157,15639
7.38,-6.1268835,15639
7.3,-3.1103117,15639
7.3,-1.5513074,15639
7.28,-0.098027006,15639
6.89,-3.213446,15639
6.7,-2.2884786,15639
6.4,-4.2932305,15639
6.3,-5.299446,15639
5.1,-4.282574,15639
7.55,3.0511253,9461
7.21,2.276603,9461
6.77,-1.2812463,6884
6.24,-2.4708743,6884
6.23,-2.0828125,6884
6.08,-2.9974957,6884
5.64,-2.4184108,6884
8.19,1.5124875,15332
8.0,-1.1597,15332
7.57,-1.3014009,15332
7.08,-2.7164195,15332
6.77,-2.0568287,15332
6.7,-5.119582,15332
6.52,-2.407116,15332
6.41,-1.3309519,15332
6.37,-3.0343618,15332
6.18,-0.6964674,15332
6.14,5.5895553,15332
6.11,-2.9173515,15332
6.09,0.8957137,15332
6.09,-3.8099365,15332
6.04,0.21379873,15332
7.13,-5.0746293,2593
7.09,-4.820589,2593
7.08,-4.5568805,2593
7.06,-6.1193614,2593
7.04,-2.9910667,2593
6.98,0.92075384,2593
6.97,-1.0453255,2593
6.95,1.7674477,2593
6.95,-3.79167,2593
6.89,-2.2426898,2593
6.89,-4.2544866,2593
6.89,-6.1595864,2593
6.86,-1.1892492,2593
6.83,-6.2324014,2593
6.81,-3.113341,2593
6.8,-3.703338,2593
6.77,-1.6398053,2593
6.75,-3.9170382,2593
6.73,-7.18807,2593
6.72,-0.12234074,2593
6.68,-3.188834,2593
6.63,-1.6742239,2593
6.58,-0.7786842,2593
6.57,-3.7619503,2593
6.54,-3.1266532,2593
6.5,-0.7814878,2593
6.45,-0.6310421,2593
6.43,1.9327512,2593
6.41,-2.2243192,2593
6.34,-4.8326106,2593
6.32,-1.5446279,2593
6.25,-5.744516,2593
8.24,4.597674,13141
7.17,0.7916066,13141
5.7,-5.2252755,12318
5.66,-4.4711785,12318
5.41,-2.5993485,12318
5.27,-5.986197,12318
8.7,2.179237,257
6.44,-1.5254223,14836
6.01,-1.5281287,14836
5.87,0.83272576,14836
5.71,-0.77437013,14836
8.09,2.1583676,2722
7.52,-2.5598037,2722
7.27,-0.6646283,2722
7.2,-2.1394157,2722
7.05,-5.1906834,2722
6.96,-1.9006113,2722
6.89,-2.6735213,2722
6.89,-0.5524187,2722
6.89,-1.7990159,2722
6.82,-0.60354334,2722
6.77,4.3508096,2722
6.72,-5.113362,2722
6.57,0.6211144,2722
6.47,0.83966,2722
6.43,3.0578833,2722
6.42,-4.1286535,2722
6.38,-3.4438236,2722
6.29,-3.4837956,2722
6.28,-2.806249,2722
6.22,-2.2001247,2722
6.1,-1.2572637,2722
6.09,-2.52083,2722
5.96,-3.4176085,2722
5.96,1.1618551,2722
5.75,-0.30084246,2722
7.77,-0.6359248,10278
7.29,2.3177636,10278
7.27,0.15734252,10278
7.19,-1.4849076,10278
7.17,-2.1943448,10278
7.01,-3.5808654,10278
6.96,-2.0772762,10278
6.82,-1.2724314,10278
6.77,-2.0391133,10278
6.68,-4.4421415,10278
6.57,-1.1658505,10278
6.46,-1.8804686,10278
6.42,-1.0386777,10278
6.28,-1.9302912,10278
6.12,-4.2987676,10278
6.04,-1.8222374,10278
6.0,-3.0840657,10278
5.95,1.4374306,10278
5.79,1.9726515,10278
5.78,-5.569307,10278
5.66,-2.8317716,10278
5.56,-0.17776789,10278
5.41,-3.9618626,10278
5.39,-1.5523196,10278
5.19,1.8301361,10278
5.17,-5.050639,10278
5.15,-1.3144411,10278
5.01,-1.4798591,10278
4.96,-1.0225058,10278
4.75,-0.824807,10278
9.0,1.9579353,5053
6.7,-0.43596447,16324
6.13,-0.11797592,16248
6.1,-1.0135404,16248
6.02,-2.950208,16248
5.89,-2.3339326,16248
5.57,-2.8293223,16248
5.46,-3.0397594,16248
5.42,-3.1102273,16248
5.42,0.03360379,16248
5.38,-2.7320356,16248
5.35,1.003191,16248
5.32,-2.9656487,16248
5.27,-3.753514,16248
5.1,0.32101327,16248
5.1,-4.273541,16248
5.06,-1.7789748,16248
5.06,-2.9835467,16248
5.0,-3.3477736,16248
5.0,-3.7995143,16248
4.85,-0.043315005,16248
4.85,-6.673905,16248
4.75,-3.1294487,16248
4.7,0.18130684,16248
4.68,-3.0352733,16248
4.58,-5.393614,16248
4.48,1.6029149,16248
4.47,-2.107235,16248
4.43,-1.914965,16248
4.41,-2.3358612,16248
4.35,-4.240706,16248
4.24,-4.531798,16248
4.19,-1.9535393,16248
4.13,-5.163561,16248
4.08,-2.4289227,16248
4.0,-0.31765,16248
8.59,4.9660563,11767
8.7,0.41785932,10074
8.44,1.082989,14230
7.64,-0.8788654,15028
5.29,-2.8576095,3285
5.18,-2.0157669,3285
5.17,-1.6715207,3285
5.15,-1.8624984,3285
5.1,2.3718426,3285
5.08,-3.632675,3285
6.43,-0.20126675,15015
4.88,-9.866736,3846
4.67,-9.922966,3846
4.52,-5.242564,3846
4.51,-9.433171,3846
4.41,-8.184172,3846
4.39,-8.814497,3846
4.32,-5.4192595,3846
4.15,-9.148419,3846
4.07,-10.07418,3846
4.05,-6.8386292,3846
9.22,4.4546103,10743
9.15,4.3108463,10743
9.1,5.2053704,10743
9.0,3.85152,10743
8.96,2.1910293,10743
8.85,4.707433,10743
8.82,2.5157773,10743
8.8,2.1984515,10743
8.8,4.71814,10743
8.77,4.654617,10743
8.7,3.3175712,10743
8.66,2.3327365,10743
8.66,2.2108357,10743
8.64,4.662843,10743
8.64,4.4730783,10743
8.62,3.9674704,10743
8.51,1.6901184,10743
8.33,4.053427,10743
8.24,4.8291955,10743
4.08,-4.401318,5019
8.08,1.9374326,5829
7.43,-1.6826915,2909
6.6,-4.6070533,2909
6.58,-0.9470878,2909
6.54,-4.7209325,2909
6.54,-1.4971358,2909
6.52,-5.8795185,2909
6.42,-5.8795185,2909
6.22,-1.3248003,2909
5.86,-5.3152432,2909
5.84,-0.8768698,2909
5.81,-5.264743,2909
5.58,-0.012712043,2909
5.5,-5.1521096,2909
5.3,-4.4943976,2909
4.65,-4.0960636,2909
9.0,1.749093,8021
9.0,1.7869656,8021
8.7,1.7984486,8021
8.7,3.989999,8021
8.7,4.36683,8021
8.7,3.696446,8021
8.7,3.668151,8021
8.7,4.270179,8021
8.7,3.0739768,8021
8.7,3.2844102,8021
8.7,5.50304,8021
8.7,0.4659229,8021
8.7,3.9406574,8021
8.52,-0.030642238,8021
8.52,1.820328,8021
8.52,3.2215962,8021
8.52,2.4667485,8021
8.52,4.6390057,8021
8.52,0.74128497,8021
8.52,2.4667492,8021
8.52,-0.32291183,8021
8.52,1.1732308,8021
8.52,-0.12431009,8021
8.52,1.9419783,8021
8.52,3.655749,8021
8.52,1.5713658,8021
8.52,-0.48178872,8021
8.52,-0.29889968,8021
8.52,2.1571186,8021
8.52,2.3650491,8021
8.52,2.0686743,8021
8.52,2.8308809,8021
8.52,0.3919784,8021
8.52,4.607355,8021
8.52,2.685312,8021
8.52,0.82023895,8021
8.52,1.8567948,8021
8.52,1.3011364,8021
8.52,5.1203475,8021
8.4,3.4150455,8021
8.4,3.5679157,8021
8.4,1.9322591,8021
8.4,1.4553738,8021
8.4,0.3376291,8021
8.4,1.069469,8021
8.4,3.3445945,8021
8.4,2.642136,8021
8.4,3.0818715,8021
8.4,4.427232,8021
8.4,1.9113476,8021
8.4,5.4387116,8021
8.4,0.7887693,8021
8.4,1.6466937,8021
8.4,-1.0973516,8021
8.3,-1.432507,8021
8.3,4.6116385,8021
8.3,0.48511356,8021
8.3,4.7689967,8021
8.3,4.497915,8021
8.3,1.4568148,8021
8.3,2.6590002,8021
8.3,4.020438,8021
8.3,4.807677,8021
8.22,-0.6719355,8021
8.22,1.9135299,8021
8.22,1.9925653,8021
8.22,4.908187,8021
8.22,-1.7063063,8021
8.22,-0.81296754,8021
8.22,-0.860143,8021
8.22,1.7293873,8021
8.15,3.5026348,8021
8.15,-0.88847154,8021
8.15,-3.7886324,8021
8.15,3.2731209,8021
8.15,3.165378,8021
8.15,1.7471174,8021
8.15,4.0647635,8021
8.15,3.4136498,8021
8.15,3.0380466,8021
8.1,3.2447646,8021
8.1,1.9455022,8021
8.1,3.316828,8021
8.1,-1.6374626,8021
8.1,-2.9966908,8021
8.1,2.9520993,8021
8.1,4.169204,8021
8.1,3.185972,8021
8.1,3.101446,8021
8.1,3.5468419,8021
8.05,0.46329823,8021
8.05,6.984947,8021
8.05,4.5011425,8021
8.0,5.14143,8021
8.0,4.6282578,8021
8.0,0.48784387,8021
8.0,-0.019696955,8021
8.0,1.4169945,8021
8.0,-3.023458,8021
7.96,0.025070354,8021
7.96,-0.9344256,8021
7.96,2.352142,8021
7.96,2.784715,8021
7.96,2.3100042,8021
7.92,-3.6785443,8021
7.92,1.1913651,8021
7.92,3.363411,8021
7.92,-0.29144615,8021
7.92,2.9472258,8021
7.89,0.7497886,8021
7.85,2.27371,8021
7.85,3.0971131,8021
7.85,1.2465335,8021
7.85,2.2356157,8021
7.8,0.20767193,8021
7.8,0.29992658,8021
7.77,-0.082434684,8021
7.77,3.217556,8021
7.77,3.6196918,8021
7.77,-4.7721577,8021
7.77,1.6523513,8021
7.72,4.5793414,8021
7.71,-0.3035234,8021
7.7,3.1667147,8021
7.7,0.024048,8021
7.7,-0.737911,8021
7.68,-1.3266183,8021
7.66,-1.3986459,8021
7.64,1.5864476,8021
7.62,1.0156896,8021
7.62,2.0407214,8021
7.6,3.1090927,8021
7.6,-1.1886518,8021
7.58,0.36879045,8021
7.57,3.7613344,8021
7.57,0.16787378,8021
7.55,0.3213851,8021
7.54,1.4757344,8021
7.52,2.0404627,8021
7.51,1.887943,8021
7.51,2.173618,8021
7.48,2.0713801,8021
7.47,2.08171,8021
7.47,4.0032115,8021
7.41,2.8555682,8021
7.4,0.8548941,8021
7.35,3.302811,8021
7.34,1.170483,8021
7.32,2.5992215,8021
7.31,-1.3763002,8021
7.31,-0.6903008,8021
7.29,4.4077964,8021
7.25,-4.681003,8021
7.21,0.7778054,8021
7.19,2.3628814,8021
7.16,0.98108023,8021
7.15,-2.4944286,8021
7.12,3.0527103,8021
7.11,-2.3621845,8021
7.09,-3.4038842,8021
7.06,0.5655247,8021
7.03,7.3754525,8021
7.03,-0.28112033,8021
7.02,0.3005471,8021
7.01,-0.2672173,8021
7.0,-2.6736016,8021
7.0,3.2054706,8021
6.95,0.56142557,8021
6.9,0.65369445,8021
6.79,2.6492712,8021
6.7,1.0169257,8021
6.65,-0.9369304,8021
6.58,0.5445394,8021
6.53,-3.8661094,8021
6.18,-6.878221,8021
7.42,-0.8243964,13499
7.4,-1.4216894,13499
6.16,-1.3041489,14507
6.0,-1.9470288,16380
5.7,-1.142248,228
8.37,0.9821036,12329
5.55,-4.3753138,15604
5.29,-6.3789167,15604
5.08,-7.8886786,15604
4.92,-3.6822896,15604
4.86,-4.8254766,15604
4.76,-5.957156,15604
4.74,-4.045716,15604
4.69,-3.1459293,15604
4.62,-6.8602924,15604
4.61,-0.09811604,15604
4.59,-4.7387576,15604
4.48,-7.945478,15604
4.38,-2.0266242,15604
4.3,-3.8197315,15604
4.22,-8.809034,15604
4.21,-2.59603,15604
4.18,-5.53412,15604
4.18,-3.0720527,15604
4.18,0.08741543,15604
4.07,-1.795596,15604
5.68,-4.689464,7602
4.81,-1.8937038,7602
4.7,-0.63785046,7602
5.17,-5.4346676,11843
5.15,-6.5173182,11843
5.12,-3.0841815,11843
5.12,-2.5830753,11843
4.58,-2.3697612,11843
8.82,0.07760945,8383
8.68,2.5533597,8383
8.4,2.2172594,8383
8.08,0.8970319,8383
8.05,6.8532863,8383
8.05,0.8857033,8383
8.04,2.6400716,8383
8.02,-0.26996282,8383
7.99,-0.14571033,8383
7.94,3.7759845,8383
7.8,1.5761126,8383
7.8,2.5666344,8383
7.71,1.3433114,8383
7.71,0.31303596,8383
7.69,4.566234,8383
7.66,0.32614577,8383
7.6,-0.47954336,8383
7.57,5.798531,8383
7.55,0.5713737,8383
7.45,2.1111634,8383
7.43,4.032662,8383
7.31,-1.0963706,8383
7.26,4.5893636,8383
7.22,3.0169642,8383
7.22,0.9481957,8383
7.2,5.05604,8383
6.95,2.0197175,8383
6.92,2.555969,8383
6.92,4.9373083,8383
6.89,3.9165895,8383
6.88,1.2693759,8383
6.83,2.0438802,8383
9.52,1.7677855,5438
8.49,4.6510177,5438
8.44,2.7043262,5438
8.43,4.1515646,5438
8.38,5.1152864,5438
8.25,3.613764,5438
7.62,4.7075887,12357
7.38,4.4780035,12357
7.3,3.5755575,12357
7.08,1.3847378,12357
6.5,0.20067534,12357
8.0,1.5616568,264
4.89,1.0369303,11635
4.82,-5.242459,11635
5.27,0.6636671,3049
6.75,-0.16314684,1470
6.44,-1.3069913,1470
6.31,-0.32443342,1470
6.18,-0.8000446,1470
6.13,-2.2931123,1470
6.12,-0.83989006,1470
5.95,-0.11058487,1470
5.83,-2.0272353,1470
5.69,-2.5583603,1470
5.57,-2.5371523,1470
5.24,-2.4009674,1470
5.22,-3.0318007,1470
5.22,-2.030303,1470
5.08,-4.830084,1470
4.86,-6.8006573,1470
4.6,-5.9405117,1470
9.0,2.855465,11763
8.7,3.7168224,11763
7.51,-1.2803749,15936
7.31,2.9911747,15936
7.07,-2.5415828,15936
6.6,-1.2532119,15936
6.31,-1.2856361,15936
5.82,-2.4160085,15936
5.66,-4.520927,15936
8.11,2.5017295,9598
8.03,3.284993,9598
7.92,0.12364021,9598
7.9,2.2976835,9598
7.87,3.2411685,9598
7.81,2.0165367,9598
7.63,1.4705509,9598
7.42,-1.0967156,9598
7.17,0.29320648,9598
6.7,-0.6738227,10516
7.16,-0.43626726,13544
7.0,-2.389987,13544
5.58,-1.4266233,13544
7.28,-2.876883,14093
8.72,0.56762373,7084
8.1,3.0655634,9604
7.7,2.8024633,9604
7.7,1.7672868,9604
7.4,1.6128399,9604
6.54,0.5083493,9604
6.29,-0.39301997,9604
6.09,-0.569773,9604
5.91,-1.123428,9604
5.9,-4.4780917,9604
5.65,-2.365373,9604
5.49,-2.7859473,9604
5.45,-4.0051503,9604
5.42,-4.27564,9604
6.43,5.0796847,8260
7.33,-4.6479015,11424
6.58,-1.3615828,11424
6.42,-0.10940255,11424
8.0,-2.2822058,1773
7.8,-0.9181101,1773
7.7,1.8504063,1773
7.7,-2.599734,1773
7.64,-0.8732002,1773
7.58,-0.7462936,1773
7.57,-2.12846,1773
7.52,-1.7450687,1773
7.44,-0.5364766,1773
7.37,1.6756201,1773
7.35,-3.6533136,1773
7.34,-3.7327752,1773
7.33,-0.7303897,1773
7.22,-5.619696,1773
7.22,-2.0885074,1773
7.19,0.82019854,1773
7.18,0.3657591,1773
7.17,-4.9649,1773
7.16,-2.0297961,1773
7.16,-2.5253754,1773
7.16,-1.8493836,1773
7.16,-3.180051,1773
7.14,-3.1379454,1773
7.11,-0.29008988,1773
7.1,-2.4053075,1773
7.08,-2.3327587,1773
7.07,0.24249627,1773
7.06,-5.4276576,1773
7.01,-3.7334125,1773
7.0,-2.801487,1773
7.0,-2.1086261,1773
7.0,-5.0584555,1773
6.96,0.058605514,1773
6.96,-2.5515609,1773
6.92,-2.3494291,1773
6.92,-4.711401,1773
6.89,-0.49242136,1773
6.85,-5.060239,1773
6.85,-0.5634119,1773
6.8,-2.2012913,1773
6.72,0.94795454,1773
6.7,-2.4259999,1773
6.68,-7.710389,1773
6.66,0.6391354,1773
6.6,-2.6844645,1773
6.58,-3.6671143,1773
6.58,0.42809686,1773
6.55,-0.48747566,1773
6.52,0.47823593,1773
6.51,-2.198963,1773
6.51,-4.3908997,1773
6.51,-4.9081945,1773
6.47,0.4242106,1773
6.46,-3.4088376,1773
6.43,-1.5238016,1773
6.3,-2.4946296,1773
6.28,-3.6070335,1773
6.28,-3.932229,1773
6.21,-1.0778536,1773
6.16,-4.6021314,1773
6.14,-2.583225,1773
6.14,-3.8109152,1773
6.12,-5.530848,1773
6.11,-1.1924214,1773
6.08,-1.9353749,1773
6.07,-0.917063,1773
6.05,-2.802565,1773
6.0,0.51854557,1773
6.0,-1.7270082,1773
6.0,-0.2849989,1773
5.92,0.40551966,1773
5.85,-3.2233818,1773
5.82,-2.2297027,1773
5.8,2.1360285,1773
5.77,-3.3397233,1773
5.64,-2.5435755,1773
5.4,-2.3754618,1773
4.92,-1.4327729,1773
5.64,-4.01359,13613
4.51,-6.6604166,13613
4.27,-3.670894,13613
5.67,-7.4675727,9996
8.05,3.394665,5513
7.07,-0.6310134,5513
8.0,0.4755464,17842
8.05,-0.20136951,9256
7.41,-0.45734063,9256
7.08,1.4514259,9256
6.72,2.1184754,9256
6.63,-1.8322572,9256
6.4,2.335488,9256
6.25,-0.29191568,9256
7.85,1.6409316,6196
7.85,2.6304173,6196
7.82,2.5380538,6196
7.82,5.7603674,6196
7.66,2.5770357,6196
7.66,1.5674618,6196
7.64,1.199096,6196
7.62,1.9882874,6196
7.6,1.8240457,6196
7.58,1.6170725,6196
7.54,2.267647,6196
7.51,2.3198829,6196
7.5,1.1811312,6196
7.48,0.89426637,6196
7.47,-0.27123347,6196
7.46,3.0501134,6196
7.44,4.042558,6196
7.44,0.92626303,6196
7.44,-0.20260622,6196
7.43,0.7242602,6196
7.43,-0.47045,6196
7.43,0.6220581,6196
7.43,0.5183101,6196
7.42,-0.30766368,6196
7.42,0.2067597,6196
7.41,0.23717256,6196
7.41,2.2853434,6196
7.38,1.2284238,6196
7.37,0.53725415,6196
7.37,3.3837824,6196
7.36,-1.4284341,6196
7.34,-0.7017535,6196
7.34,1.5031457,6196
7.34,0.7919757,6196
7.33,1.7003341,6196
7.33,0.014513392,6196
7.32,2.2432168,6196
7.32,3.553373,6196
7.32,0.8521483,6196
7.31,1.0490365,6196
7.3,1.2338675,6196
7.3,0.0987269,6196
7.3,0.717707,6196
7.29,-0.2610399,6196
7.29,2.0259461,6196
7.28,0.7984274,6196
7.28,2.6254084,6196
7.28,-1.3849059,6196
7.28,1.4237726,6196
7.27,-0.6204483,6196
7.26,-1.5263003,6196
7.26,1.3762323,6196
7.25,0.2984685,6196
7.24,2.201125,6196
7.24,1.1410333,6196
7.24,0.13697028,6196
7.24,1.4177759,6196
7.24,1.0551239,6196
7.22,1.0172188,6196
7.22,3.2506404,6196
7.22,-1.928834,6196
7.22,2.7146454,6196
7.21,0.8709704,6196
7.18,-1.2808722,6196
7.17,2.4672318,6196
7.16,0.92829114,6196
7.16,-2.5407193,6196
7.14,0.90198433,6196
7.14,-0.8693779,6196
7.14,-2.5229042,6196
7.12,3.0754886,6196
7.11,0.12628806,6196
7.11,2.9099696,6196
7.08,1.3350575,6196
7.08,0.39859945,6196
7.08,-0.010306191,6196
7.07,0.5624825,6196
7.06,2.7290864,6196
7.06,5.1315827,6196
7.06,-1.7403538,6196
7.05,1.8627299,6196
7.05,-2.7002468,6196
7.05,-4.5969625,6196
7.04,3.332478,6196
7.03,2.211393,6196
7.03,3.537721,6196
7.02,1.5796105,6196
7.02,-2.9646502,6196
7.01,1.4324253,6196
7.01,0.72812754,6196
7.0,2.9401953,6196
7.0,-0.8190691,6196
7.0,-2.662954,6196
6.99,-1.3864449,6196
6.99,-2.5684514,6196
6.98,2.3737772,6196
6.98,1.3177165,6196
6.98,0.6029826,6196
6.97,4.5522876,6196
6.96,3.7839162,6196
6.96,2.0159218,6196
6.94,3.127402,6196
6.94,-3.0217364,6196
6.89,-2.985906,6196
6.88,0.087678716,6196
6.88,3.4918954,6196
6.87,-1.2450252,6196
6.87,-2.7343054,6196
6.86,-1.1472194,6196
6.85,1.6523553,6196
6.84,1.3245865,6196
6.84,0.13376445,6196
6.83,-2.328476,6196
6.82,-0.057429116,6196
6.8,-1.5954832,6196
6.78,-0.012950465,6196
6.76,-1.0039952,6196
6.76,-3.111122,6196
6.74,-5.078111,6196
6.73,1.1513019,6196
6.72,2.191218,6196
6.71,1.1907082,6196
6.7,-1.0192838,6196
6.7,2.834384,6196
6.67,1.6568403,6196
6.64,-1.7509604,6196
6.63,0.6741714,6196
6.61,-1.5498034,6196
6.52,-1.1718594,6196
6.48,-1.8509951,6196
6.46,0.263274,6196
6.43,-2.1502209,6196
6.42,0.34217992,6196
6.35,-1.717238,6196
6.26,-1.5540853,6196
6.21,2.122293,6196
6.14,2.0990589,6196
6.13,1.2464801,6196
5.81,1.273804,6196
5.73,-5.9672375,6196
5.7,-2.6545725,6196
6.75,2.1004205,10457
5.82,-0.1976073,10457
7.52,0.36464086,6211
7.25,-0.7015661,6211
7.14,-2.1480606,6211
7.1,-2.3487449,6211
6.62,1.0179129,6211
6.37,-0.6429869,6211
9.0,2.8498406,6017
8.7,0.14247744,6017
8.7,0.591914,6017
8.7,2.0390806,6017
8.52,1.3356445,6017
8.52,4.3438644,6017
8.4,5.0956917,6017
8.4,3.359491,6017
8.4,3.3149312,6017
8.4,1.3930136,6017
8.4,1.8186095,6017
8.4,1.4950851,6017
8.4,2.3714023,6017
8.4,0.37994668,6017
8.4,0.7557844,6017
8.4,1.1294836,6017
8.4,1.7457135,6017
8.4,2.0257213,6017
8.4,2.1932986,6017
8.4,2.0974026,6017
8.4,-0.35691425,6017
8.4,2.6966937,6017
8.3,2.248274,6017
8.3,2.3821733,6017
8.3,-0.20400244,6017
8.3,2.3189836,6017
8.3,4.067384,6017
8.3,1.3930136,6017
8.3,-1.7887793,6017
8.3,0.34995764,6017
8.3,-2.4657295,6017
8.22,0.90392387,6017
8.22,4.1275077,6017
8.22,-1.481598,6017
8.22,0.4472057,6017
8.22,2.413067,6017
8.22,2.9290578,6017
8.22,2.8513472,6017
8.15,-0.2594279,6017
8.15,-1.1270074,6017
8.15,0.9053721,6017
8.15,-1.2167623,6017
8.15,-2.5191844,6017
8.1,-0.002576556,6017
8.1,-2.381826,6017
8.1,0.22568037,6017
8.05,0.8055662,6017
8.05,3.324425,6017
8.05,-0.47506574,6017
8.05,1.5120891,6017
8.05,2.5588973,6017
8.05,2.5443602,6017
8.0,-1.6025991,6017
7.96,-1.0600846,6017
7.96,5.0956917,6017
7.96,3.630251,6017
7.96,1.9497999,6017
7.96,2.3074126,6017
7.92,4.571008,6017
7.92,1.9961847,6017
7.89,-0.81118566,6017
7.85,1.5281581,6017
7.77,-1.681638,6017
7.68,-2.0008495,6017
7.68,3.255706,6017
7.64,1.5851501,6017
7.62,2.036937,6017
7.54,-3.2254562,6017
7.51,1.658147,6017
7.37,0.1111501,6017
7.19,4.067384,6017
6.94,0.8002556,6017
6.67,2.983745,6017
8.16,0.80743253,11263
8.16,1.5114096,11263
8.15,1.1646928,11263
8.07,2.7037935,11263
8.0,-2.884884,11263
7.89,-1.9582624,11263
7.46,1.8398818,11263
5.68,-2.884884,11263
6.0,-2.8847575,7611
6.0,-3.9296694,7611
6.0,-4.2322345,7611
6.0,-1.5947366,7611
6.0,-3.6383739,7611
6.0,-0.5078848,7611
6.0,-0.16202094,7611
6.0,0.28583452,7611
6.0,-3.1257997,7611
5.51,-6.126326,2742
6.32,1.3081762,17810
6.16,-3.7788475,17810
6.0,0.44878855,17810
5.94,-2.4508986,17810
5.89,-5.760159,17810
5.79,-5.7586308,17810
5.59,-0.34867796,17810
5.45,-5.131649,17810
5.38,-3.206282,17810
5.38,-9.608626,17810
5.16,-1.8281544,17810
4.94,-5.4157515,17810
4.85,-7.967795,17810
4.68,-5.1726503,17810
9.52,4.063034,16944
9.3,3.0231726,16944
9.22,0.5056573,16944
9.1,2.64398,16944
9.0,3.9727452,16944
8.92,0.92078435,16944
8.92,3.8428977,16944
8.7,3.4129333,16944
8.7,-0.054409195,16944
8.7,6.3723326,16944
8.64,-1.4492073,16944
8.62,3.9071095,16944
8.6,0.09198171,16944
8.59,2.4713945,16944
8.52,2.8865366,16944
8.52,0.6581919,16944
8.46,1.7843289,16944
8.46,3.8740976,16944
8.44,3.6194673,16944
8.43,1.5472742,16944
8.37,1.7553388,16944
8.19,0.45391327,16944
8.04,0.81339604,16944
7.96,1.7852715,16944
7.96,3.4300196,16944
7.94,2.9639618,16944
7.92,1.5987922,16944
7.77,3.836716,16944
7.6,2.5378048,16944
7.36,1.2228639,16944
7.01,0.22150876,16944
6.96,-1.3624748,16944
6.89,1.2940128,16944
6.52,-1.379505,16944
6.44,-2.3232884,16944
6.4,-4.581337,16944
6.38,3.0040464,16944
6.36,0.07662174,16944
6.29,0.864734,16944
6.24,-3.9073193,16944
6.21,1.6943061,16944
6.11,2.559511,16944
5.97,-2.6534479,16944
5.97,-0.19880398,16944
5.21,-3.634774,9534
7.8,2.0818312,2951
5.63,-1.3031285,8551
7.96,1.0817763,9817
7.77,3.0345156,9817
7.64,2.2916777,9817
7.54,1.5000827,9817
7.46,0.010675922,9817
7.42,0.42085806,9817
7.34,0.49910513,9817
7.32,0.31254792,9817
6.38,-3.0424674,9817
5.77,-6.4491825,704
5.24,-7.056852,704
5.96,-2.31743,5024
5.85,-1.8380799,5024
5.7,-2.762394,5024
5.6,-1.2164891,5024
5.57,-8.757899,5024
5.52,-5.074642,5024
5.5,-4.7256136,5024
5.43,3.3284836,5024
5.0,-6.409665,7480
5.67,-1.6795082,2372
5.81,1.7892075,7731
7.37,-2.9144695,3755
6.24,-2.9582107,2294
10.49,7.2757835,10502
6.77,-3.3170083,1594
5.58,-2.4012775,1594
4.65,-3.6836803,1594
9.22,-3.4611728,3294
8.72,-2.9239802,3294
8.59,3.0702448,3294
8.55,1.2749112,3294
8.4,1.9608666,3294
8.2,2.150851,3294
7.92,-0.9370576,3294
7.57,-1.2244712,3294
5.42,-6.8645587,7143
5.29,-4.598345,7143
5.57,-2.3361058,3197
9.85,1.2017773,13577
9.27,6.595535,13577
9.19,3.9170284,13577
9.16,4.436338,13577
9.15,2.127575,13577
9.07,4.776135,13577
8.68,-1.539297,13577
8.59,4.4555283,13577
7.85,-0.0061801933,13577
7.31,1.2070098,13577
7.29,3.6051476,13577
8.7,3.934415,14000
8.09,0.9412347,14000
5.52,-0.6561664,693
5.24,-2.8268826,693
5.17,-2.3686624,693
5.04,-0.9549715,693
5.0,-2.3636236,693
4.0,-4.7060885,693
7.66,4.892735,17247
7.24,4.7325726,17247
5.28,-5.080572,15883
5.1,-1.1690712,15883
6.15,-0.2704656,9290
6.12,-0.01813344,9290
7.85,-1.9307292,3418
8.62,1.961351,7082
5.61,-6.1902194,8461
9.0,0.9598975,13665
5.29,-3.3899667,3223
6.31,-0.65237206,5502
7.75,3.2988513,6972
7.47,1.1019986,6972
7.21,3.7997308,6972
7.15,-4.1391125,6972
6.5,3.9479814,6972
6.44,2.5089443,6972
6.41,5.155605,6972
6.36,-2.4153032,6972
6.07,2.951728,6972
6.04,0.32793856,6972
6.04,0.01361225,6972
5.9,3.0530033,6972
5.85,5.37344,6972
5.83,-0.9431625,6972
5.72,3.5964694,6972
5.7,-1.1602402,6972
6.0,-2.916304,14706
5.89,-3.5711179,14706
5.8,-2.5863936,14706
5.72,-3.5711179,14706
5.7,-2.5863936,14706
5.57,-6.2408543,14706
5.24,-2.920233,14706
5.18,-5.1918416,14706
5.06,-3.7698565,14706
5.0,-3.7987902,14706
4.57,-6.2177453,14706
4.54,-7.4381375,14706
6.4,4.446013,17796
6.29,2.53114,17796
5.28,-5.157436,17796
7.94,0.567668,15008
8.0,1.576653,9883
7.28,-3.5971262,15951
7.25,-6.3532968,15951
6.76,-3.5060563,15951
6.55,-7.056163,15951
6.06,-4.654522,15951
6.03,-5.5600147,15951
6.0,-6.9798737,15951
6.7,-1.3893526,10164
7.48,2.5761118,7916
6.42,0.12224488,7916
6.18,-1.4970618,7916
5.41,-4.6516123,7916
7.89,-1.6138319,16448
7.89,1.8533632,16448
7.82,-0.57701844,16448
7.82,-1.8740546,16448
7.82,0.30289406,16448
7.75,-2.390122,16448
7.66,0.98578787,16448
7.55,0.64714754,16448
7.54,-0.13256401,16448
7.43,-0.10499933,16448
7.39,0.14195791,16448
7.33,-1.90238,16448
7.24,-0.56206965,16448
7.23,-1.6411115,16448
7.22,-0.13256401,16448
7.17,-1.6331637,16448
7.15,-0.14841996,16448
7.13,-4.8208113,16448
7.04,-1.2388449,16448
6.86,0.30289406,16448
6.5,-2.9367027,16448
6.44,-1.7080774,16448
6.34,-0.98627687,16448
6.28,-2.1700573,16448
5.87,-6.2805977,16448
8.25,3.902645,13995
7.92,-1.6383562,13995
6.59,-0.35644943,13995
4.99,0.18466377,8050
7.4,-6.4069223,6542
6.14,4.21359,16541
8.0,-4.8323193,17156
7.85,-4.0668178,17156
6.05,-2.2698352,17156
5.85,-1.9218149,10266
9.15,6.6312346,8591
9.1,4.847911,14634
5.96,-3.1219056,768
8.7,-1.562765,16621
8.7,2.77569,16621
8.52,1.4645088,16621
8.52,-1.7152799,16621
8.52,-0.98273754,16621
8.4,-4.5026107,16621
8.4,-2.223883,16621
8.4,-1.1016785,16621
8.3,-3.924671,16621
8.3,-4.176024,16621
8.3,-1.8737504,16621
8.22,-4.1247916,16621
8.15,3.2615962,16621
8.1,4.285761,16621
8.1,2.7616765,16621
8.0,-2.7094073,16621
7.96,6.3610916,16621
7.96,3.0170748,16621
7.92,2.6786754,16621
7.92,-1.2580125,16621
7.92,-3.0007703,16621
7.89,-0.020284973,16621
7.82,-1.3898625,16621
7.82,-0.91756344,16621
7.8,0.2755871,16621
7.8,2.5091496,16621
7.72,-4.9012256,16621
7.72,-2.4406838,16621
7.66,-5.167558,16621
7.62,5.859945,16621
7.6,2.25267,16621
7.51,-3.6542075,16621
7.47,-1.2114389,16621
7.43,-0.8434311,16621
7.41,5.738845,16621
7.26,5.3294706,16621
7.16,-2.5497477,16621
7.04,-3.765979,16621
7.01,-1.3486102,16621
6.97,-2.7327201,16621
5.53,-3.97214,14337
5.12,-4.678358,14337
5.02,1.4193519,14337
5.02,-6.732016,14337
4.85,-5.739795,14337
5.72,0.44946474,7251
4.73,-0.06134556,9586
4.59,-5.110559,9586
4.5,2.0769029,9586
4.31,0.24745324,9586
7.32,-1.8561354,16458
5.51,-4.517649,4210
7.0,1.5740001,9318
7.0,-0.10757509,9318
6.77,-3.6436005,9318
5.01,-7.821999,11075
6.51,-0.35113752,17519
6.39,-6.447642,17519
6.25,-4.7371187,17519
6.19,-4.1805534,17519
5.95,-6.5905643,17519
5.94,-5.4375525,17519
5.92,-7.886188,17519
5.85,-2.878752,17519
5.82,-4.895331,17519
5.6,-0.81265616,17519
5.54,-6.671635,17519
5.52,-6.0418267,17519
5.42,-3.0007236,17519
5.4,1.8359703,17519
5.33,-3.5885785,17519
5.31,-3.87278,17519
5.26,-6.9400163,17519
5.13,-6.933382,17519
5.01,-7.1700344,17519
5.01,-6.386504,17519
5.0,-5.2828298,17519
5.0,-8.715322,17519
4.96,-7.5889416,17519
4.92,-6.3914013,17519
4.89,-6.414191,17519
4.85,-7.9035306,17519
4.85,-3.427539,17519
4.8,-4.5691257,17519
4.8,-7.254282,17519
4.8,-5.9822407,17519
4.75,-7.659948,17519
4.75,-3.2588398,17519
4.75,-3.7560446,17519
4.72,-7.4598837,17519
4.72,-7.3692074,17519
4.66,-4.987275,17519
4.66,-3.2280169,17519
4.58,-3.3390253,17519
4.58,-4.430274,17519
4.58,-6.4717784,17519
4.54,-7.4849744,17519
4.54,-7.8280163,17519
4.51,-7.851215,17519
4.47,-7.8169684,17519
4.44,-6.5364547,17519
4.36,-5.0104218,17519
4.35,-4.135696,17519
4.35,-8.184875,17519
4.25,-6.287433,17519
4.16,-6.30258,17519
4.12,-7.3677583,17519
4.07,-5.327755,17519
4.04,-0.20853716,17519
7.57,1.7532564,15943
6.48,-4.292453,15943
6.34,-4.048431,15943
6.25,-2.3115456,15943
6.18,-4.7153807,15943
6.14,-4.3612914,15943
6.14,-3.8638566,15943
6.14,-4.855145,15943
6.01,-4.2642846,15943
5.8,-7.6234827,15943
5.79,-5.4450254,15943
5.67,-4.7489686,15943
5.65,-4.16102,15943
5.14,-5.7956853,15943
7.64,4.0406394,9641
6.39,-3.657156,6561
6.29,1.3899697,6561
5.69,2.7059338,6561
5.56,1.1023043,6561
5.46,-2.329314,6561
5.45,-0.7995765,6561
5.39,-2.4367313,6561
5.39,-1.9718935,6561
5.25,-5.580563,6561
5.08,-5.396129,6561
5.07,-6.8423724,6561
5.0,-6.7865596,6561
4.92,-7.063807,6561
4.9,-5.113114,6561
4.88,-1.5989661,6561
4.85,-3.2210295,6561
4.83,-4.2023087,6561
4.77,-6.4133105,6561
4.76,-2.2110333,6561
4.74,-8.247231,6561
4.72,-7.336292,6561
7.55,-2.5453143,6965
6.91,-0.50056434,6965
6.87,2.23599,6965
6.74,3.4152617,6965
6.69,-3.3697565,6965
6.68,2.2660034,6965
6.61,-2.1709092,6965
6.57,-1.8008422,6965
6.44,0.7769536,6965
6.41,-3.6185312,6965
6.12,-0.50056434,6965
6.04,-5.304644,6965
5.88,-0.31291994,6965
7.65,-0.9564042,712
7.6,-1.9569387,712
5.85,-1.1514642,17028
7.0,-0.1069275,7723
7.21,-2.955001,8638
8.82,-0.32365096,9222
7.66,-0.6929597,9222
7.66,-2.4422784,9222
7.51,1.582312,9222
7.48,2.403069,9222
7.46,-1.891983,9222
7.44,3.4710453,9222
7.43,0.9998932,9222
7.36,-0.713836,9222
7.32,2.129627,9222
7.28,2.180465,9222
7.27,-5.2277884,9222
7.05,-2.1411037,9222
7.0,0.9336929,9222
7.0,-5.1771045,9222
6.89,-7.022357,9222
6.89,-3.4846656,9222
6.85,-7.198121,9222
6.62,-3.3236868,9222
6.46,-2.2695143,9222
6.46,-1.0914601,9222
6.09,-3.4846656,9222
5.68,-5.553478,9222
5.54,-2.2695143,9222
8.94,5.755682,3850
7.34,0.5265759,3850
7.15,-1.7467636,3850
6.96,-2.8755465,3850
4.68,-1.2585806,15267
6.69,-0.73642755,7668
6.27,1.978878,7668
6.0,2.3960578,7668
5.93,2.147488,7668
4.98,-3.2274654,7668
4.22,1.1564345,7668
6.11,-1.9137346,6842
7.68,3.1960237,9122
6.91,2.236365,16589
8.03,5.5916257,12270
5.68,-1.2721974,5248
8.7,-2.7637038,14776
8.7,-1.7699873,14776
8.52,1.9249516,14776
8.4,-2.7473996,14776
8.4,0.87144375,14776
8.15,2.5910501,14776
7.8,3.2772217,14776
7.6,1.6996336,14776
7.5,-1.9970834,14776
7.43,-0.5315606,14776
7.11,-0.07631299,14776
7.0,3.9880238,14776
6.8,4.1706443,14776
6.8,4.7129984,14776
6.67,7.37672,14776
6.41,3.861923,14776
6.05,2.0040092,14776
6.03,3.989443,14776
5.8,4.058976,14776
5.88,-0.8064979,60
7.35,-1.2191334,3500
4.21,-6.8361053,10365
5.62,1.0244012,11802
7.64,-1.6591375,14870
8.3,-0.6445784,10339
8.22,2.9812706,10339
7.89,-2.1149523,10339
7.68,3.8167768,10339
7.64,3.2106886,10339
7.52,-0.41036445,10339
7.5,2.9076862,10339
7.48,-0.52901566,10339
7.42,-0.6445784,10339
7.4,0.099160895,10339
6.96,-0.4018874,10339
6.96,-0.6445784,10339
6.75,-0.6445784,10339
6.7,2.5293376,10339
7.1,3.1906922,9824
6.89,2.8116841,9824
6.01,0.0256336,9824
5.92,-0.25610423,9824
5.26,1.7481105,9824
5.4,0.47902665,16157
5.5,-2.4741266,17388
4.85,-7.9738364,17388
4.52,-5.067027,17388
8.3,4.1189265,16709
8.1,3.5623515,16709
8.05,2.1100135,16709
8.0,-1.8389452,16709
7.96,3.9821012,16709
7.96,2.2197626,16709
7.89,2.0201533,16709
7.82,-1.4946558,16709
7.8,1.1958835,16709
7.68,-0.26670337,16709
7.66,0.40560687,16709
7.64,-1.5352175,16709
7.6,0.44308043,16709
7.58,-5.315793,16709
7.57,0.48476553,16709
7.52,-3.9196393,16709
7.42,0.093195155,16709
7.35,-1.5792302,16709
7.25,-3.8092625,16709
7.12,-3.6259613,16709
7.03,-1.3175505,16709
6.82,-3.8783512,16709
6.6,-4.611324,16709
6.41,1.9579029,16709
6.39,0.02645344,16709
6.38,-3.135342,16709
6.31,-2.3351455,16709
6.28,-5.8536067,16709
5.31,-6.4320693,16709
5.31,-4.9527802,16709
4.92,-3.8683367,16709
6.4,0.5316648,15183
5.73,1.6832547,15183
5.72,-2.0456204,15183
5.66,-1.5792924,15183
5.36,0.7014615,15183
4.6,0.12692297,15183
7.52,0.80057216,8093
7.72,3.5333035,3414
7.0,2.4027429,15810
6.6,-1.2332511,15810
6.39,1.2151979,15810
6.38,-1.593709,15810
6.17,-0.18277024,15810
5.96,0.05679399,15810
5.93,0.6568482,15810
5.91,1.9555788,15810
5.86,-0.3716384,15810
5.66,-3.745245,15810
5.63,2.7713926,15810
5.3,1.2207593,15810
5.09,1.4014593,15810
4.81,-4.639405,15810
4.77,-2.6563835,15810
4.37,-0.4603772,15810
4.13,-5.5462103,15810
4.11,0.4355132,15810
4.04,-5.574435,15810
6.76,2.392473,5302
6.75,0.98559487,5302
6.74,0.592683,5302
6.71,1.6875727,5302
6.71,1.0463343,5302
6.71,1.6403364,5302
6.66,1.6142608,5302
6.63,-0.14433442,5302
6.58,2.8175895,5302
6.56,0.3986349,5302
6.54,0.0624433,5302
6.54,-1.0162277,5302
6.5,-0.7670158,5302
6.43,0.69437426,5302
6.41,-1.1150364,5302
6.24,-0.1399264,5302
6.23,0.30591685,5302
6.21,-0.24281938,5302
6.11,1.0546155,5302
6.07,1.4803848,5302
6.94,-3.0441663,13782
9.22,2.9893932,6943
6.86,1.9371655,17892
8.15,4.0368724,6900
8.05,2.5103824,6900
8.0,3.160364,6900
7.96,2.9386501,6900
7.96,0.5864991,6900
7.89,-0.38486183,6900
7.85,-0.27945033,6900
7.92,-0.5423427,5360
8.08,4.47386,12348
7.77,4.239805,12348
7.66,3.9020445,12348
7.0,2.630283,12348
6.51,0.8869312,12348
9.22,8.74937,13354
9.15,6.990807,13354
9.15,7.449684,13354
8.68,5.9866614,13354
8.62,7.5760036,13354
8.48,7.2363715,13354
8.46,5.502353,13354
7.89,5.9248543,13354
7.64,6.216649,13354
7.47,6.39616,13354
9.0,1.4595616,3705
9.0,-0.84525794,3705
8.7,2.2182152,3705
8.52,-2.608761,3705
8.52,0.3274056,3705
8.52,1.5623641,3705
8.52,2.8257778,3705
8.4,3.4158733,3705
8.3,-2.1251671,3705
8.22,1.0886769,3705
8.1,-0.15204911,3705
8.1,1.463259,3705
8.0,1.0198971,3705
7.96,-3.4106703,3705
7.85,0.311482,3705
7.5,0.7006034,3705
7.48,-1.5818014,3705
7.38,0.7104131,3705
7.35,1.0567445,3705
7.28,-2.8321712,3705
7.28,0.3114817,3705
7.26,1.1051534,3705
7.22,1.6412148,3705
7.17,-0.8488276,3705
7.16,-2.2528806,3705
7.07,0.52164704,3705
7.03,-2.492632,3705
7.01,-0.79699177,3705
6.79,-0.9558993,3705
6.72,-0.7076875,3705
5.94,3.8048174,3705
5.86,-1.6293176,3705
5.72,-0.70948815,3705
5.64,1.2878746,3705
5.5,0.5138676,3705
5.43,0.850971,3705
5.3,-3.4542115,3705
8.17,6.9418945,16215
7.67,3.1101701,16215
7.5,1.119799,16215
6.63,1.7134361,16215
6.23,-0.08232109,8284
5.16,-7.0196757,11136
8.15,0.008447463,6999
7.9,4.311456,12150
9.0,3.2237675,103
6.08,-2.2736728,15037
5.0,-9.589896,16059
4.3,-2.8979976,16059
4.16,-5.3336816,16059
8.1,6.000078,10985
6.64,-2.6412706,409
9.07,6.5607343,3168
5.36,-5.416146,17537
8.7,2.5237992,15640
8.52,3.4616702,15640
8.52,5.719231,15640
8.52,4.791515,15640
8.52,3.46167,15640
8.4,2.9077802,15640
8.4,4.791515,15640
8.0,-1.5283604,15640
7.7,1.8279516,15640
7.7,2.523799,15640
7.58,0.05610478,15640
7.52,-3.497885,15640
7.3,-0.7151722,15640
7.22,-0.25740433,15640
7.21,-1.3473718,15640
7.05,-2.359441,15640
7.05,-1.0939292,15640
7.0,-1.9396467,15640
6.89,-1.3071157,15640
6.58,2.2614708,15640
6.51,-2.6599681,15640
6.1,-5.020395,15640
8.66,4.071333,13005
8.96,2.4697495,8466
8.92,-1.2273293,8466
8.92,1.4961467,8466
8.85,4.4570446,8466
8.7,0.90810585,8466
8.64,4.1405115,8466
8.55,0.47423962,8466
8.52,1.4890802,8466
8.49,-0.35671502,8466
8.47,0.4096702,8466
8.35,1.9965763,8466
8.7,1.6329668,17350
7.75,-3.2919261,3669
6.92,-7.173102,3669
5.61,-7.1854753,3669
6.51,-5.285856,1626
6.5,-1.9749374,5422
8.52,6.5425463,14288
8.8,0.63761604,1080
7.44,-0.70027107,1080
6.1,-3.2413554,4321
5.9,-4.6838083,4321
5.9,-0.8687754,4321
5.8,-4.130648,4321
5.7,-3.480828,4321
5.7,-3.1308894,4321
5.7,-2.89972,4321
5.6,-4.6838083,4321
5.6,-3.519963,4321
5.6,-5.5359507,4321
5.6,-4.723842,4321
5.5,-3.4259458,4321
5.5,-4.1443396,4321
5.5,-2.1233716,4321
5.0,-6.2045584,4321
4.9,-4.9586153,4321
4.8,-5.5801435,4321
4.6,-9.138237,4321
4.5,-5.0617986,4321
4.0,-4.6838083,4321
5.0,-1.4281397,12492
4.0,-1.7537429,12492
8.91,4.2866607,7557
8.79,5.0029407,7557
8.79,2.9935899,7557
8.78,4.9334645,7557
8.72,5.1466537,7557
8.68,4.154889,7557
8.67,3.2577074,7557
8.65,2.8984091,7557
8.6,-1.2787583,7557
8.58,4.19943,7557
8.56,4.5699453,7557
8.55,1.2594421,7557
8.54,3.45619,7557
8.52,5.215132,7557
8.52,5.561899,7557
8.52,2.603609,7557
8.51,3.8492959,7557
8.5,5.953155,7557
8.49,1.3850144,7557
8.49,1.2824665,7557
8.47,3.8416855,7557
8.46,1.8264215,7557
8.45,3.4834776,7557
8.43,-0.1254806,7557
8.43,6.085292,7557
8.42,4.254199,7557
8.42,4.504897,7557
8.42,-1.278759,7557
8.42,2.1392076,7557
8.4,2.9818695,7557
8.4,1.0329814,7557
8.39,2.8245544,7557
8.37,5.2160144,7557
8.37,3.6609123,7557
8.37,2.67325,7557
8.37,1.4481521,7557
8.36,5.0261893,7557
8.36,4.03174,7557
8.36,1.9729154,7557
8.35,1.2504365,7557
8.35,0.44703597,7557
8.34,4.863862,7557
8.33,2.9333153,7557
8.33,4.4387736,7557
8.33,-0.34732783,7557
8.33,4.3241844,7557
8.33,1.1953229,7557
8.33,-0.2718869,7557
8.32,-0.07333259,7557
8.32,3.2361424,7557
8.32,1.282466,7557
8.32,3.1067152,7557
8.31,0.94514346,7557
8.3,0.703808,7557
8.3,0.058770593,7557
8.29,4.5660853,7557
8.29,2.97188,7557
8.28,3.9286966,7557
8.27,4.0331454,7557
8.27,-0.617748,7557
8.27,3.3050134,7557
8.26,4.3464704,7557
8.26,3.6338341,7557
8.25,2.1688905,7557
8.25,1.2066364,7557
8.25,3.6661808,7557
8.25,0.24367528,7557
8.25,2.2765205,7557
8.25,1.834399,7557
8.25,-1.9136858,7557
8.24,2.1348412,7557
8.24,-0.70405364,7557
8.24,-0.46981403,7557
8.24,2.6036093,7557
8.22,2.1682663,7557
8.22,1.6571661,7557
8.22,-0.52327526,7557
8.21,3.9881434,7557
8.21,2.5329676,7557
8.19,1.7863407,7557
8.19,2.7756758,7557
8.19,4.4387736,7557
8.19,1.7540871,7557
8.19,1.926472,7557
8.18,1.8558452,7557
8.18,-1.9289252,7557
8.18,3.1741838,7557
8.18,3.3232455,7557
8.17,0.46764615,7557
8.17,1.4190722,7557
8.17,0.9522673,7557
8.17,3.2664118,7557
8.17,4.6956253,7557
8.17,0.46833318,7557
8.16,-1.1710684,7557
8.16,0.11683184,7557
8.15,2.0162108,7557
8.15,2.3231354,7557
8.15,2.8563685,7557
8.14,0.4327713,7557
8.14,1.834399,7557
8.14,2.9475806,7557
8.14,2.1260684,7557
8.14,2.7002707,7557
8.13,-0.00018028542,7557
8.13,5.3919063,7557
8.13,-0.4384746,7557
8.13,2.8563683,7557
8.13,-3.5905128,7557
8.13,-0.59710395,7557
8.12,-0.750721,7557
8.12,3.3622797,7557
8.12,0.7037144,7557
8.11,1.8352567,7557
8.11,-1.6903875,7557
8.11,1.4030281,7557
8.11,3.5276644,7557
8.11,1.5749142,7557
8.1,-0.58103234,7557
8.1,3.496274,7557
8.1,0.31087676,7557
8.1,-0.7040537,7557
8.09,-0.1023045,7557
8.09,-0.70601666,7557
8.09,3.1484065,7557
8.09,2.209472,7557
8.08,2.0000978,7557
8.08,0.5251616,7557
8.08,2.891166,7557
8.07,1.3739736,7557
8.07,1.799883,7557
8.07,1.7917452,7557
8.07,-1.327969,7557
8.06,1.7209998,7557
8.06,1.8140223,7557
8.06,1.7648221,7557
8.06,-1.8997201,7557
8.05,-0.17550127,7557
8.05,3.6869063,7557
8.05,1.1915947,7557
8.04,2.4275596,7557
8.04,-0.41195318,7557
8.03,-1.8997185,7557
8.01,-0.29254133,7557
8.01,2.2486207,7557
8.01,-0.40157947,7557
8.01,3.080751,7557
8.0,2.2506495,7557
8.0,1.3211966,7557
8.0,2.105831,7557
8.0,1.024543,7557
8.0,-3.7020345,7557
7.99,0.50782853,7557
7.99,-2.7354803,7557
7.98,3.243281,7557
7.98,0.63576394,7557
7.98,-0.80938375,7557
7.98,-1.5898668,7557
7.97,-1.0321589,7557
7.97,3.153077,7557
7.97,0.52516174,7557
7.97,3.4380078,7557
7.97,-0.7106986,7557
7.97,-0.92394465,7557
7.96,-1.1945285,7557
7.96,-3.8437452,7557
7.95,3.105131,7557
7.95,1.7209994,7557
7.95,5.113082,7557
7.95,1.6516099,7557
7.95,0.26784357,7557
7.95,0.7773957,7557
7.94,-1.0441298,7557
7.94,-0.0638604,7557
7.94,1.447986,7557
7.94,-0.6311952,7557
7.94,2.6763866,7557
7.93,-1.2787588,7557
7.93,3.3635218,7557
7.93,-1.4523599,7557
7.93,0.0894663,7557
7.92,-1.1770425,7557
7.92,0.08353391,7557
7.92,2.5430882,7557
7.92,3.2181904,7557
7.92,0.542044,7557
7.91,2.0994,7557
7.91,1.02246,7557
7.9,-3.7917128,7557
7.9,0.12394607,7557
7.9,3.109417,7557
7.9,-3.7407508,7557
7.89,-0.37079054,7557
7.89,0.2568684,7557
7.89,-2.4930203,7557
7.89,3.5485053,7557
7.89,0.30753607,7557
7.88,-0.35144636,7557
7.88,3.7847457,7557
7.88,3.3232455,7557
7.88,0.9491845,7557
7.87,0.5251615,7557
7.87,2.2537196,7557
7.86,3.2294083,7557
7.86,1.60039,7557
7.86,-1.7848445,7557
7.86,-0.35515514,7557
7.86,2.3872075,7557
7.86,-0.7040537,7557
7.85,-0.047144007,7557
7.85,1.408396,7557
7.85,-2.0387704,7557
7.85,1.1417129,7557
7.85,0.35199726,7557
7.84,-2.0850172,7557
7.84,1.0432383,7557
7.84,-2.6072037,7557
7.84,3.852449,7557
7.84,-0.7299998,7557
7.83,-0.5573404,7557
7.83,0.123946026,7557
7.83,2.0000987,7557
7.83,2.1920073,7557
7.83,0.545895,7557
7.82,2.1000137,7557
7.82,1.7209998,7557
7.81,0.13084573,7557
7.81,-2.1707585,7557
7.81,-0.32647803,7557
7.81,3.2404726,7557
7.8,0.32816958,7557
7.8,-0.13848932,7557
7.8,-0.33162284,7557
7.8,-1.5786462,7557
7.79,0.6682582,7557
7.79,1.9012362,7557
7.78,1.8189964,7557
7.78,-0.8574509,7557
7.78,1.1236917,7557
7.78,0.51790786,7557
7.78,-1.6572866,7557
7.78,1.2824665,7557
7.78,2.7367535,7557
7.77,0.52360815,7557
7.77,0.25977376,7557
7.77,1.6729779,7557
7.77,2.2331743,7557
7.77,3.2460132,7557
7.76,-0.49766353,7557
7.76,-0.85888654,7557
7.76,3.0374773,7557
7.75,1.2295625,7557
7.75,0.6622399,7557
7.75,1.7550373,7557
7.75,1.153918,7557
7.75,0.23594667,7557
7.75,-2.2953238,7557
7.74,-0.6067587,7557
7.74,2.5352986,7557
7.73,1.5405912,7557
7.73,-0.49453405,7557
7.72,4.328011,7557
7.72,1.7708777,7557
7.72,-0.85888654,7557
7.72,2.2094707,7557
7.72,-1.1907511,7557
7.71,1.0831308,7557
7.71,0.54204464,7557
7.71,-0.90865296,7557
7.71,0.34349507,7557
7.71,1.7266589,7557
7.7,-0.7185561,7557
7.7,-1.1956513,7557
7.7,0.8964623,7557
7.7,0.17294848,7557
7.7,-3.2621489,7557
7.69,-1.5335382,7557
7.69,1.4941481,7557
7.69,1.5080774,7557
7.69,3.1391182,7557
7.69,-1.0609422,7557
7.68,2.8586664,7557
7.68,0.12394662,7557
7.67,-0.9379631,7557
7.66,-2.4918187,7557
7.66,2.8896937,7557
7.66,-0.71073735,7557
7.66,1.7594414,7557
7.66,-0.8041835,7557
7.66,4.1412706,7557
7.66,1.685443,7557
7.66,2.6032274,7557
7.66,2.421357,7557
7.65,2.680644,7557
7.65,-0.6093799,7557
7.65,-0.111046985,7557
7.65,0.17063203,7557
7.65,-3.0260656,7557
7.64,-0.9318618,7557
7.64,1.1094246,7557
7.64,-1.1722614,7557
7.64,2.98728,7557
7.63,-2.1859503,7557
7.63,-2.3201663,7557
7.62,2.6794453,7557
7.62,0.22882856,7557
7.61,-1.250917,7557
7.61,1.8343991,7557
7.61,0.20110188,7557
7.6,0.51193595,7557
7.6,0.5113486,7557
7.6,0.4683335,7557
7.6,3.0849416,7557
7.6,-0.0807208,7557
7.6,-1.3335586,7557
7.6,-1.7163626,7557
7.59,0.5418725,7557
7.59,-2.006488,7557
7.59,0.0010468066,7557
7.59,-1.1866918,7557
7.59,-0.7974312,7557
7.59,-1.7692791,7557
7.58,0.08856286,7557
7.58,1.0060924,7557
7.58,1.4710827,7557
7.58,-2.9613094,7557
7.57,-2.7744117,7557
7.56,-2.0973227,7557
7.56,-0.90797263,7557
7.55,0.80963117,7557
7.55,-2.7586665,7557
7.55,-0.5053509,7557
7.55,3.1957717,7557
7.54,0.26996762,7557
7.54,0.7907934,7557
7.54,-1.3973193,7557
7.54,-1.809479,7557
7.54,0.71208197,7557
7.53,-2.5971224,7557
7.52,0.196613,7557
7.52,-0.6860971,7557
7.52,-2.5212455,7557
7.51,-2.1075325,7557
7.51,-1.3893546,7557
7.51,-1.0219386,7557
7.51,0.28081426,7557
7.51,-0.9153404,7557
7.51,1.625431,7557
7.5,-1.3110383,7557
7.5,-0.98790884,7557
7.5,-0.293778,7557
7.5,0.27057713,7557
7.49,-1.5998777,7557
7.49,-1.5858887,7557
7.49,1.4850322,7557
7.49,-1.2218153,7557
7.49,-2.6166644,7557
7.48,-1.1866918,7557
7.48,-0.73730576,7557
7.48,0.2821416,7557
7.47,-3.4247103,7557
7.47,0.43457264,7557
7.46,-2.9980118,7557
7.46,-0.9713149,7557
7.46,1.168245,7557
7.46,2.3536022,7557
7.46,-0.7714045,7557
7.45,0.7557689,7557
7.45,2.2337708,7557
7.45,0.8692805,7557
7.45,-1.3885618,7557
7.43,-2.8394022,7557
7.43,-0.47378865,7557
7.42,-1.6006056,7557
7.42,3.2627609,7557
7.42,0.19660233,7557
7.42,-2.9945073,7557
7.42,-0.29720235,7557
7.42,-2.7082288,7557
7.41,0.547551,7557
7.41,-2.6540186,7557
7.4,-0.7053684,7557
7.4,-2.7082288,7557
7.4,-1.5847365,7557
7.4,-1.9558823,7557
7.39,-3.266371,7557
7.39,-0.9442288,7557
7.38,-2.4234679,7557
7.38,-0.010843966,7557
7.37,-0.8617062,7557
7.37,-0.62052035,7557
7.37,2.3740032,7557
7.36,4.43536,7557
7.36,1.7337549,7557
7.36,-1.7390112,7557
7.35,-1.900796,7557
7.35,-2.7082288,7557
7.35,3.2780316,7557
7.35,-3.0628173,7557
7.35,-0.09368442,7557
7.35,-1.9734175,7557
7.34,-2.4891374,7557
7.34,1.7812178,7557
7.33,-0.18638243,7557
7.33,-0.6277448,7557
7.33,2.6526048,7557
7.33,-2.7412417,7557
7.32,2.838901,7557
7.32,-2.1393285,7557
7.32,-1.9477596,7557
7.32,-3.597758,7557
7.32,-2.1020327,7557
7.3,2.487268,7557
7.3,0.90278614,7557
7.3,-2.9164684,7557
7.28,-2.0146813,7557
7.28,-1.1812927,7557
7.28,-2.2040145,7557
7.27,-2.6076279,7557
7.27,-0.27025148,7557
7.26,-3.8185449,7557
7.26,-0.5738868,7557
7.26,-1.6747428,7557
7.24,-0.2148412,7557
7.24,-2.0834653,7557
7.23,-2.0243342,7557
7.23,5.607386,7557
7.23,2.7446306,7557
7.22,-3.1765401,7557
7.21,-1.391751,7557
7.21,-0.53981644,7557
7.2,1.9256923,7557
7.2,-1.7755204,7557
7.19,-2.704952,7557
7.19,4.228155,7557
7.19,-0.92814696,7557
7.18,-5.1035705,7557
7.17,-3.1199567,7557
7.17,3.7058475,7557
7.17,-0.092017785,7557
7.16,1.0474671,7557
7.16,0.5662753,7557
7.16,2.2331743,7557
7.16,-1.5407003,7557
7.16,0.9919529,7557
7.15,-2.1488316,7557
7.14,0.21358179,7557
7.14,0.58342314,7557
7.14,-0.8152786,7557
7.13,-3.3090806,7557
7.13,-1.2486132,7557
7.12,-0.82554996,7557
7.12,-6.427967,7557
7.11,1.9893781,7557
7.11,-1.2415673,7557
7.09,-3.1393666,7557
7.09,2.8455536,7557
7.09,-2.282911,7557
7.08,-2.943439,7557
7.08,-3.6434698,7557
7.07,-1.3797584,7557
7.06,3.9866657,7557
7.06,-2.5196142,7557
7.06,-3.4483728,7557
7.06,-4.463926,7557
7.06,-4.2994533,7557
7.04,-2.6355782,7557
7.04,-2.3635938,7557
7.04,-1.9347502,7557
7.04,-3.5636117,7557
7.03,-2.8507586,7557
7.03,-2.8974216,7557
7.03,-1.1938634,7557
7.02,0.04142136,7557
7.02,-2.3957458,7557
7.01,1.1617422,7557
7.0,-3.2724893,7557
7.0,-3.0493793,7557
7.0,-2.4813309,7557
6.99,-3.3160284,7557
6.99,-3.3939497,7557
6.98,-0.36767817,7557
6.97,-0.47932836,7557
6.97,1.9394839,7557
6.96,-2.5388,7557
6.95,-2.2189994,7557
6.95,-0.88437486,7557
6.94,-1.807997,7557
6.94,-3.4281569,7557
6.93,-1.2414268,7557
6.93,-2.8674061,7557
6.92,-3.7297466,7557
6.92,-2.1020334,7557
6.92,-2.9915931,7557
6.91,-0.081628814,7557
6.91,-3.9576888,7557
6.9,-3.660029,7557
6.89,-6.2923326,7557
6.89,-2.7979915,7557
6.89,-2.6053004,7557
6.88,0.13089053,7557
6.87,-1.4745638,7557
6.87,-2.42682,7557
6.87,-4.416636,7557
6.87,-2.4871514,7557
6.85,0.18591754,7557
6.85,-0.13380748,7557
6.84,-2.5508797,7557
6.83,0.1060134,7557
6.82,-2.265868,7557
6.82,-2.6585097,7557
6.82,-2.484974,7557
6.81,-0.96864414,7557
6.8,-5.5026035,7557
6.8,2.7748475,7557
6.76,-2.0243347,7557
6.76,-4.1797557,7557
6.75,-2.8317742,7557
6.74,-4.041397,7557
6.73,-3.601122,7557
6.73,-4.443031,7557
6.73,-1.1955047,7557
6.73,-1.8981676,7557
6.71,-4.443298,7557
6.71,2.4754076,7557
6.7,-2.8317742,7557
6.68,-4.5086923,7557
6.68,-0.78784275,7557
6.66,-2.212717,7557
6.64,-3.6387599,7557
6.64,-0.5967984,7557
6.64,-2.8256218,7557
6.64,-4.3524146,7557
6.63,-4.0821958,7557
6.63,-2.4934916,7557
6.63,2.4985197,7557
6.61,-1.0680646,7557
6.61,0.9361627,7557
6.6,-4.4432974,7557
6.59,-2.3611648,7557
6.59,-1.5586339,7557
6.59,-3.9022546,7557
6.58,-0.0026631914,7557
6.52,-2.6380622,7557
6.51,-1.4267539,7557
6.51,-2.4247394,7557
6.51,-2.910529,7557
6.5,-5.269527,7557
6.5,-4.5086923,7557
6.5,-1.3135724,7557
6.5,-0.6125044,7557
6.5,-5.159538,7557
6.49,-3.8536723,7557
6.49,-4.7045016,7557
6.47,-3.284523,7557
6.47,-3.5422702,7557
6.43,-4.230439,7557
6.42,-3.7378755,7557
6.42,-3.7343886,7557
6.42,-2.1621797,7557
6.41,-1.2829088,7557
6.39,-4.8593097,7557
6.35,-4.6435227,7557
6.35,-3.5258882,7557
6.33,-5.177762,7557
6.32,-5.269527,7557
6.31,-3.721244,7557
6.27,-5.99532,7557
6.27,-4.329038,7557
6.27,-3.3360317,7557
6.23,-5.219863,7557
6.21,-2.4936192,7557
6.18,-2.4435954,7557
6.18,-4.556809,7557
6.16,-4.6438494,7557
6.15,-1.8951322,7557
6.15,-3.1297567,7557
6.15,-4.8134785,7557
6.12,-6.3286033,7557
6.12,-2.0038157,7557
6.07,-2.1086907,7557
6.04,-4.495372,7557
6.0,-4.550832,7557
5.5,-4.59932,7557
5.29,-5.140316,7557
5.1,-7.5471864,7557
7.92,1.8686562,9760
6.79,-6.095925,7428
7.41,6.3103404,14610
8.4,0.3664911,11743
8.4,2.6417916,11743
7.92,1.0820893,11743
7.92,1.7676673,11743
8.38,4.576648,6682
7.96,3.0135474,6682
7.89,4.4958496,6682
7.51,4.782208,6682
7.48,4.372435,6682
7.31,3.7851937,6682
7.13,2.3196907,6682
6.85,-0.5970042,6682
6.63,4.843784,6682
6.41,6.053478,6682
6.39,2.7610383,6682
6.38,6.9140873,6682
6.21,3.5576892,6682
6.11,1.1764328,6682
5.78,2.9596412,6682
5.66,3.948975,6682
4.47,-2.40112,10709
8.82,5.2884736,2018
8.3,1.6351535,12137
8.17,0.2944169,12137
8.16,-0.46264467,12137
7.75,-1.3121197,12137
7.6,-1.0749726,12137
7.57,1.595737,12137
7.47,0.46145436,12137
7.46,0.5991856,12137
7.34,-4.473843,12137
7.33,-1.2066295,12137
7.28,-2.317507,12137
7.28,-3.3863623,12137
7.14,0.34905174,12137
7.04,-4.2429166,12137
6.96,-3.310453,12137
6.89,1.3413609,12137
5.96,-2.381098,12137
5.89,-0.32417527,12137
9.3,4.5901136,13327
8.15,0.11058962,13189
8.05,-0.006680522,13189
4.75,-4.0756817,15235
5.04,-4.0915885,793
8.05,0.75304615,11650
6.92,0.654823,11650
9.0,-1.5068235,3876
8.7,-0.18246587,3876
8.15,4.0981812,3876
8.1,2.7456734,3876
8.1,-1.577321,3876
7.89,0.5201468,3876
7.82,1.5629416,3876
7.8,-2.0852315,3876
7.77,-1.577321,3876
7.66,0.28113884,3876
7.32,-0.18056898,3876
8.28,3.2708917,3204
8.09,1.8561523,3204
8.08,4.113084,3204
7.99,3.4531019,3204
7.81,4.6338773,3204
7.01,2.4303298,3204
6.92,4.71655,3204
6.61,5.39134,3204
6.32,3.409883,3204
8.7,2.1466484,17032
8.52,3.7723303,17032
8.4,2.391412,17032
8.4,4.1661587,17032
8.4,1.4142449,17032
8.4,5.0626087,17032
8.12,3.7014382,6980
6.23,-1.4676747,11413
5.8,-0.9674556,11413
5.55,3.8280725,11413
5.0,-1.2579906,11413
5.62,2.1017282,644
5.64,-2.4963393,771
5.5,-3.9902465,7075
6.36,3.9146764,8361
5.35,2.2427804,634
7.52,-1.5484309,16028
7.0,-1.5484308,16028
6.44,-4.792627,16028
6.4,-3.3777025,16028
5.96,-2.3104732,16028
5.96,-0.2497351,16028
5.92,0.87551,16028
5.92,-1.6497198,16028
5.82,-4.491342,16028
5.8,-0.50342774,16028
5.8,-3.4498017,16028
5.8,-0.16930303,16028
5.75,-3.13557,16028
5.75,-0.5306921,16028
5.72,-3.024112,16028
5.72,0.46359393,16028
5.7,-5.37179,16028
5.7,-1.5484308,16028
5.55,-1.5484306,16028
5.22,-1.7892786,16028
5.14,-1.5484309,16028
5.07,-2.0756583,16028
5.0,-4.7594495,16028
4.77,-6.852942,16028
7.85,3.1270015,15206
7.85,3.9980829,15206
7.55,0.5178419,15206
7.32,2.1134028,15206
6.7,0.8898213,15206
6.26,-1.089453,15206
8.1,-6.583346,146
7.4,0.6027044,146
7.16,-6.238399,146
6.5,-0.644262,146
6.17,0.33416614,146
5.75,-6.094952,146
6.4,-0.21504627,4151
9.21,5.609951,8102
8.74,6.8420734,8102
8.72,5.341107,8102
8.68,5.2756104,8102
8.57,6.5005336,8102
8.51,5.144463,8102
8.34,4.123476,8102
8.34,2.3360121,8102
8.31,4.988617,8102
8.24,2.542721,8102
8.22,4.7406588,8102
8.19,2.0367303,8102
8.19,5.6048307,8102
8.19,3.306211,8102
8.17,3.3309011,8102
8.17,4.5408735,8102
8.15,3.9223204,8102
8.12,4.468455,8102
8.12,2.661369,8102
8.09,4.366828,8102
8.09,4.8865223,8102
8.0,1.4490702,8102
7.96,3.9449809,8102
7.96,3.6509008,8102
7.92,5.2248044,8102
7.92,1.9080399,8102
7.85,0.4798005,8102
7.82,3.5167313,8102
7.82,4.3820043,8102
7.8,4.9814134,8102
7.8,2.1413367,8102
7.8,2.650094,8102
7.8,4.801949,8102
7.77,3.2236092,8102
7.75,4.1346755,8102
7.75,3.80189,8102
7.75,-0.21324576,8102
7.75,3.2916543,8102
7.72,3.0527072,8102
7.68,2.882846,8102
7.68,2.6343048,8102
7.64,2.3911867,8102
7.64,2.7265763,8102
7.62,3.8438203,8102
7.62,2.2177913,8102
7.57,2.191785,8102
7.57,1.354532,8102
7.55,3.2229764,8102
7.54,1.9356682,8102
7.54,4.6504836,8102
7.52,4.2756996,8102
7.5,3.1456974,8102
7.48,3.7410648,8102
7.47,3.078957,8102
7.46,2.959061,8102
7.44,2.9031742,8102
7.37,1.9142269,8102
7.36,2.268201,8102
7.17,-0.44888538,8102
7.16,0.14949876,8102
7.15,0.5612948,8102
7.13,-0.5562497,8102
7.0,0.56156975,8102
6.82,2.0491378,8102
6.58,0.30407983,8102
6.31,-0.51831394,8102
6.1,-1.288692,8102
7.49,4.7225304,12268
8.38,4.131969,446
6.77,0.9081545,446
6.64,-0.9290511,446
6.62,1.4751551,446
6.52,2.5002809,446
6.38,2.162376,446
6.12,-1.5779419,446
6.0,2.4860058,446
5.5,-2.010219,4340
6.08,1.824206,10819
5.6,5.4971156,17476
8.52,-2.4290462,6957
8.05,2.4684381,6957
8.0,2.5628073,6957
7.85,-0.91057295,6957
7.82,3.2861893,6957
7.82,-1.4722776,6957
7.75,-2.1338356,6957
7.72,2.5171652,6957
7.58,-2.4213636,6957
7.52,-2.3145974,6957
7.42,-2.157572,6957
7.23,2.5171652,6957
7.17,-1.7367163,6957
7.17,0.4682172,6957
7.14,1.1380515,6957
7.01,2.5628073,6957
7.0,-1.3594761,6957
6.97,-4.187939,6957
6.87,-1.0841149,6957
6.74,-0.53716254,6957
6.42,-2.9718847,6957
6.17,-1.8199543,6957
8.12,3.8158815,7306
7.89,2.9181879,7306
7.66,3.7839057,7306
7.6,3.3901706,7306
7.51,3.783906,7306
7.42,4.123268,7306
7.41,1.145202,7306
7.36,3.4772694,7306
7.31,4.1232677,7306
7.28,2.2416112,7306
7.27,3.3901703,7306
7.24,3.466582,7306
7.22,2.8768263,7306
7.11,2.412997,7306
7.03,3.2474282,7306
6.96,-0.17327747,7306
6.89,1.7768874,7306
6.77,0.3769108,7306
6.77,0.16136886,7306
6.77,2.575918,7306
6.72,1.1925615,7306
6.68,-0.5830099,7306
6.52,1.2868559,7306
6.52,-0.3473415,7306
6.46,-0.26285532,7306
6.16,-0.7362287,7306
6.03,0.1277737,7306
5.96,-2.9438386,7306
5.92,-2.3199773,7306
5.92,-2.1747148,7306
5.89,-1.8139066,7306
5.75,-2.4588213,7306
5.7,-2.7763495,7306
8.05,1.6438819,15434
7.52,2.8761039,15434
7.3,0.13722722,15434
7.22,-3.563175,15434
7.16,-0.7919858,15434
7.16,-5.3967013,15434
7.05,-1.4464191,15434
7.0,-4.629302,15434
7.0,0.2007704,15434
6.85,-0.8540596,15434
6.85,2.6207116,15434
6.85,-4.0677266,15434
6.7,-3.8203666,15434
6.7,-5.092711,15434
6.7,-8.112199,15434
6.58,0.901984,15434
6.58,-2.6134675,15434
6.57,1.3024572,15434
6.54,-6.2540865,15434
6.43,2.0684254,15434
6.42,1.2874122,15434
6.41,-0.6077248,15434
6.3,-1.2330577,15434
6.27,2.2768295,15434
6.17,-0.70767426,15434
6.17,0.3118032,15434
6.16,-5.212449,15434
6.14,2.2793753,15434
6.1,-1.8601332,15434
5.9,-3.7539544,15434
5.82,-2.255173,15434
5.75,1.7064244,15434
5.6,-9.310677,15434
5.4,-2.1420453,15434
5.21,2.5344906,15434
5.1,0.587686,15434
4.9,-2.9781032,15434
4.84,-4.9854426,15434
4.8,-2.4976087,15434
7.4,-2.9943743,17864
7.22,-2.3162076,17864
7.16,2.7230294,17864
6.66,-1.750182,17864
7.27,1.9072756,3310
7.23,0.3037658,3310
7.22,-0.5304968,3310
7.2,2.6078227,3310
7.14,0.8051596,3310
7.09,1.881967,3310
7.04,2.2260947,3310
7.03,-1.2330226,3310
7.92,2.5794218,2836
9.92,-3.2468224,6081
9.85,-4.939783,6081
9.7,-4.589454,6081
9.55,-4.863107,6081
9.44,-1.8485619,6081
9.41,-1.968843,6081
9.38,5.636027,6081
9.38,-3.1497996,6081
9.3,-5.4546885,6081
9.3,-2.2038126,6081
9.3,-1.4842746,6081
9.28,-1.7592014,6081
9.26,1.0790155,6081
9.24,2.600578,6081
9.22,-2.4818761,6081
9.22,-2.2787433,6081
9.22,-0.6955305,6081
9.21,1.7633625,6081
9.19,1.0239737,6081
9.18,-3.1730998,6081
9.17,4.8629384,6081
9.17,-3.1498,6081
9.15,-2.738083,6081
9.14,-4.589453,6081
9.1,2.688587,6081
9.1,-0.45584437,6081
9.09,2.476291,6081
9.09,0.67993253,6081
9.08,4.1820126,6081
9.05,-2.796616,6081
9.02,-0.6955306,6081
9.0,1.2738824,6081
9.0,-0.10893242,6081
9.0,5.4813247,6081
8.96,3.7206068,6081
8.96,-4.6884146,6081
8.96,1.4724443,6081
8.92,-5.000401,6081
8.92,1.2886969,6081
8.89,0.28168008,6081
8.89,-2.4999483,6081
8.89,-3.9906957,6081
8.85,1.1713146,6081
8.85,-3.1809666,6081
8.8,-2.4724336,6081
8.77,-0.45428148,6081
8.74,-2.8125932,6081
8.68,4.302476,6081
8.68,1.3125025,6081
8.66,-3.2468228,6081
8.62,0.08302786,6081
8.6,-6.3238826,6081
8.59,4.4715466,6081
8.57,-2.2287025,6081
8.57,0.17463018,6081
8.55,-2.2775612,6081
8.55,-3.6177216,6081
8.54,-3.0952432,6081
8.51,-4.0449,6081
8.51,-4.3949666,6081
8.49,2.5201766,6081
8.48,-1.3093412,6081
8.48,3.3573833,6081
8.47,-3.1213014,6081
8.47,-3.177014,6081
8.47,5.6676908,6081
8.46,-1.494979,6081
8.46,0.6648791,6081
8.43,0.61785555,6081
8.43,2.824828,6081
8.42,-1.2762904,6081
8.41,3.1517334,6081
8.4,-3.1265163,6081
8.4,3.7679083,6081
8.4,5.54343,6081
8.39,2.0341828,6081
8.39,-1.4967115,6081
8.36,-6.2585278,6081
8.36,-5.7767787,6081
8.36,4.887096,6081
8.35,0.8798436,6081
8.34,-6.0424633,6081
8.34,-1.1148858,6081
8.32,2.7614174,6081
8.31,-5.0589437,6081
8.3,3.1022427,6081
8.3,2.901696,6081
8.29,1.0228838,6081
8.28,2.2964146,6081
8.24,-3.9627748,6081
8.23,-1.3341701,6081
8.2,4.3642225,6081
8.2,-0.16403303,6081
8.19,-1.3093412,6081
8.18,4.3642225,6081
8.18,1.8068697,6081
8.18,2.068828,6081
8.18,-4.281736,6081
8.17,-3.2200215,6081
8.15,-0.97929645,6081
8.15,5.263598,6081
8.14,0.71588176,6081
8.14,-1.5424237,6081
8.13,-4.112366,6081
8.09,-4.109092,6081
8.09,3.9653707,6081
8.09,0.85816705,6081
8.07,2.9147086,6081
8.06,-3.2378492,6081
8.05,-5.0061727,6081
8.05,4.128952,6081
8.05,-4.336469,6081
8.05,-2.237058,6081
8.05,2.8973334,6081
8.04,3.2188175,6081
8.04,3.3573835,6081
8.03,3.9449406,6081
8.03,3.6894462,6081
8.03,3.0472727,6081
8.03,-3.1653337,6081
8.02,-1.0030444,6081
8.02,-4.2872753,6081
8.01,-0.75580275,6081
8.0,-2.2370577,6081
8.0,3.8916452,6081
8.0,-3.301635,6081
8.0,2.2974617,6081
8.0,0.60746455,6081
8.0,4.439667,6081
7.96,-2.3972583,6081
7.96,-0.22983758,6081
7.96,1.6989413,6081
7.95,-3.3623583,6081
7.94,-2.9898648,6081
7.93,-1.6676832,6081
7.93,-4.469632,6081
7.92,-4.175227,6081
7.92,-1.4967114,6081
7.92,5.6605067,6081
7.92,-0.6067496,6081
7.89,-2.0037827,6081
7.89,1.1279647,6081
7.89,0.3460589,6081
7.88,-3.5735967,6081
7.88,-4.622883,6081
7.86,-5.3011503,6081
7.85,-3.5946262,6081
7.85,2.2460003,6081
7.85,-6.150733,6081
7.85,-4.1971536,6081
7.84,-0.30378002,6081
7.84,-6.8013167,6081
7.83,1.4059627,6081
7.82,-4.238082,6081
7.82,-0.24608587,6081
7.82,1.1035713,6081
7.82,3.5882518,6081
7.82,-2.2197602,6081
7.82,-2.9128191,6081
7.82,-1.7376072,6081
7.82,3.218817,6081
7.8,-6.642199,6081
7.8,1.6911588,6081
7.8,0.02228368,6081
7.8,3.323773,6081
7.8,-2.91282,6081
7.8,-1.9590043,6081
7.8,1.5231593,6081
7.8,-0.43078905,6081
7.77,-1.4718399,6081
7.77,3.6810286,6081
7.75,-2.8589425,6081
7.75,-1.3144336,6081
7.75,-4.1254187,6081
7.75,-4.463978,6081
7.75,5.3634014,6081
7.75,3.1377974,6081
7.72,3.9097812,6081
7.72,-2.60309,6081
7.72,1.4380543,6081
7.72,-3.3631115,6081
7.72,-0.082974374,6081
7.7,-6.4163456,6081
7.7,1.7198104,6081
7.7,5.5710845,6081
7.7,6.1157737,6081
7.68,1.7480148,6081
7.68,0.11552653,6081
7.68,0.54723907,6081
7.68,3.4592254,6081
7.68,3.3847756,6081
7.68,2.8338625,6081
7.68,-0.8426708,6081
7.68,0.36424235,6081
7.66,-3.2295966,6081
7.66,-2.9218135,6081
7.66,-3.1834145,6081
7.66,-4.2261767,6081
7.66,1.4126151,6081
7.64,4.8274827,6081
7.64,-4.0635853,6081
7.64,-0.9910158,6081
7.64,0.24941604,6081
7.64,-1.7479738,6081
7.62,-4.579621,6081
7.62,-5.099283,6081
7.62,-4.6942554,6081
7.62,1.0205506,6081
7.62,-4.338599,6081
7.62,6.190079,6081
7.61,-5.327045,6081
7.6,-2.8962998,6081
7.6,2.9727209,6081
7.6,-5.063067,6081
7.6,3.1080852,6081
7.59,-4.2003193,6081
7.58,1.5210955,6081
7.58,4.9182754,6081
7.58,-0.018005557,6081
7.58,-3.9570303,6081
7.58,-0.612049,6081
7.58,-3.1321135,6081
7.58,1.3157386,6081
7.57,-0.46474782,6081
7.57,4.257503,6081
7.57,-4.547616,6081
7.57,2.3296063,6081
7.55,-2.5658355,6081
7.55,-3.6961071,6081
7.55,0.07496786,6081
7.55,5.6676908,6081
7.54,-4.1431546,6081
7.54,0.03789599,6081
7.54,-0.1106067,6081
7.54,0.121487305,6081
7.54,-2.211758,6081
7.54,-4.3703647,6081
7.52,7.466198,6081
7.52,-1.6998092,6081
7.52,3.2711568,6081
7.52,2.951887,6081
7.52,-5.447471,6081
7.51,-5.1224494,6081
7.51,-4.880268,6081
7.51,-3.2167883,6081
7.51,-0.8426262,6081
7.51,-0.8477039,6081
7.5,1.9396482,6081
7.5,-0.0637981,6081
7.5,-0.9910158,6081
7.5,-2.5543442,6081
7.48,-0.8645468,6081
7.48,-3.14203,6081
7.48,1.8858236,6081
7.47,4.352458,6081
7.47,-3.7398071,6081
7.47,-0.6168528,6081
7.47,0.22066236,6081
7.47,-2.9395635,6081
7.47,-5.801584,6081
7.46,-0.20084563,6081
7.46,4.226105,6081
7.46,-3.142341,6081
7.46,-0.18258984,6081
7.44,2.9326236,6081
7.44,-4.7338557,6081
7.44,0.79066956,6081
7.44,-3.514833,6081
7.43,2.0866451,6081
7.42,3.31464,6081
7.42,1.454964,6081
7.42,-1.0821342,6081
7.42,-0.15679507,6081
7.42,-2.3092413,6081
7.41,4.2261057,6081
7.41,-3.179809,6081
7.4,-4.2036366,6081
7.4,-4.1072335,6081
7.39,-4.314467,6081
7.39,-2.6081023,6081
7.38,-4.526104,6081
7.38,-0.20575528,6081
7.38,0.078499764,6081
7.38,-4.5607595,6081
7.38,-1.9695055,6081
7.37,-4.4807158,6081
7.37,4.993156,6081
7.36,-3.8999736,6081
7.36,-1.0193408,6081
7.35,-2.205156,6081
7.34,-1.2139268,6081
7.34,-3.5310264,6081
7.33,-3.7584052,6081
7.33,-4.4339576,6081
7.33,-2.5727608,6081
7.32,-3.0685291,6081
7.32,-2.3142297,6081
7.31,2.644044,6081
7.31,-1.3530076,6081
7.31,-4.5438294,6081
7.29,-1.1192535,6081
7.28,-3.173195,6081
7.28,1.134137,6081
7.28,-7.453917,6081
7.27,-3.3318381,6081
7.26,-3.0614486,6081
7.26,-5.339482,6081
7.26,-1.6065534,6081
7.25,3.8187354,6081
7.25,1.994551,6081
7.25,-0.09663765,6081
7.24,3.4374094,6081
7.24,-1.5710558,6081
7.24,4.112399,6081
7.23,-1.022198,6081
7.22,0.00032272935,6081
7.22,-4.3526325,6081
7.21,-3.5754554,6081
7.21,-7.1335263,6081
7.21,-4.5438294,6081
7.21,-2.8807251,6081
7.21,-1.6176182,6081
7.21,4.004368,6081
7.2,-1.935889,6081
7.19,-0.26314262,6081
7.19,-2.7654006,6081
7.19,-4.116743,6081
7.19,-5.1725855,6081
7.19,-0.71214885,6081
7.18,-3.7869713,6081
7.18,4.5121965,6081
7.18,-1.3755616,6081
7.17,-6.0672216,6081
7.17,-0.42030975,6081
7.17,3.2910392,6081
7.17,2.4084604,6081
7.16,3.8914618,6081
7.16,-2.3212306,6081
7.14,1.5813365,6081
7.14,-1.836508,6081
7.14,1.7064651,6081
7.14,-4.267792,6081
7.14,-4.0185714,6081
7.13,-4.284192,6081
7.12,-0.836695,6081
7.12,3.4394019,6081
7.12,-2.8357,6081
7.11,-4.2729697,6081
7.11,0.1986914,6081
7.11,-4.8411374,6081
7.11,-5.743339,6081
7.1,0.18682165,6081
7.1,-4.1916227,6081
7.1,2.395404,6081
7.09,-5.447869,6081
7.08,-3.7055216,6081
7.08,5.9325633,6081
7.08,-3.5196183,6081
7.07,-3.1032794,6081
7.07,-1.9455477,6081
7.07,-3.7980425,6081
7.07,-2.4552987,6081
7.06,-2.8961124,6081
7.05,-2.7359765,6081
7.05,0.87406266,6081
7.05,1.623197,6081
7.04,-1.2461944,6081
7.04,-0.064137444,6081
7.04,3.6274552,6081
7.04,-5.4683394,6081
7.04,-2.4849916,6081
7.03,-0.25122625,6081
7.01,-3.0119522,6081
7.0,-1.6982166,6081
7.0,-3.5500972,6081
7.0,-5.9825096,6081
7.0,2.7380486,6081
7.0,-0.9935738,6081
7.0,4.960078,6081
7.0,1.5113862,6081
7.0,-1.6953782,6081
7.0,-5.244572,6081
6.96,-4.917004,6081
6.96,1.4968454,6081
6.96,-8.069486,6081
6.92,-5.0987363,6081
6.92,-1.1808434,6081
6.91,5.0657725,6081
6.9,1.0775659,6081
6.89,-4.7765455,6081
6.89,3.0916657,6081
6.89,3.1204062,6081
6.88,0.743474,6081
6.88,-5.022013,6081
6.87,0.0046564043,6081
6.87,-6.248736,6081
6.86,-2.1864614,6081
6.85,-4.586536,6081
6.85,-3.5022311,6081
6.85,-2.4465497,6081
6.84,-6.018244,6081
6.84,-0.3623889,6081
6.83,-6.9778724,6081
6.82,-4.159064,6081
6.82,-0.5359488,6081
6.82,1.0139585,6081
6.82,-0.26314393,6081
6.81,-5.4160395,6081
6.8,0.41926172,6081
6.8,0.5400193,6081
6.77,0.7175591,6081
6.76,-3.2171764,6081
6.76,-1.5398154,6081
6.76,0.49393934,6081
6.75,-3.9533362,6081
6.75,5.605508,6081
6.74,-3.028618,6081
6.73,-5.1470113,6081
6.72,-6.5619707,6081
6.72,1.2692575,6081
6.72,1.8471427,6081
6.71,-0.8778882,6081
6.71,-8.29647,6081
6.7,-6.9654202,6081
6.7,0.6570891,6081
6.7,-3.4980338,6081
6.69,0.54318815,6081
6.68,0.64474124,6081
6.68,3.2408574,6081
6.68,0.42616725,6081
6.68,1.0846024,6081
6.68,-6.893444,6081
6.66,-4.0487266,6081
6.66,-4.023741,6081
6.64,2.4025595,6081
6.64,-5.971895,6081
6.64,0.65255046,6081
6.63,-7.1690693,6081
6.62,-6.3941965,6081
6.62,-0.38329506,6081
6.61,-4.4611855,6081
6.61,-4.9504547,6081
6.61,-4.305433,6081
6.6,-5.6149225,6081
6.6,-3.7152789,6081
6.59,-4.248164,6081
6.58,1.0846024,6081
6.58,0.0141014885,6081
6.57,4.331881,6081
6.57,0.5286335,6081
6.57,-5.654687,6081
6.55,3.2047365,6081
6.55,-0.59966534,6081
6.54,-6.0172973,6081
6.54,-3.9013426,6081
6.54,-0.6937263,6081
6.52,5.1148076,6081
6.52,-0.10752013,6081
6.51,-3.1252596,6081
6.5,-1.5218227,6081
6.49,-6.4420204,6081
6.48,0.91907096,6081
6.48,0.73452747,6081
6.47,1.4466448,6081
6.46,-0.14312604,6081
6.46,-0.07111569,6081
6.45,-3.2158222,6081
6.44,1.4466448,6081
6.43,-0.029665116,6081
6.43,-5.0658445,6081
6.42,-1.8370823,6081
6.42,-4.072716,6081
6.41,-6.5064154,6081
6.41,-2.3585734,6081
6.41,-1.4885229,6081
6.4,1.4683797,6081
6.39,-1.9879367,6081
6.37,-6.155938,6081
6.34,0.5540696,6081
6.34,-7.7599697,6081
6.33,-3.4855106,6081
6.32,-0.6979177,6081
6.3,0.8070608,6081
6.3,-3.293563,6081
6.29,-1.1813298,6081
6.28,-6.182993,6081
6.28,-1.1299535,6081
6.27,-3.0408707,6081
6.27,-4.6763334,6081
6.27,-5.1314225,6081
6.26,-0.2820472,6081
6.23,0.76888543,6081
6.18,-7.6361203,6081
6.18,3.4032617,6081
6.18,-2.7011282,6081
6.17,-2.6953228,6081
6.17,-2.3362608,6081
6.16,-2.1692066,6081
6.16,0.57245433,6081
6.15,-6.8389854,6081
6.12,-2.3955848,6081
6.12,1.0617409,6081
6.11,-1.3755631,6081
6.08,-3.5204093,6081
6.08,-6.3527126,6081
6.06,-0.8945294,6081
6.06,-1.179432,6081
6.05,-2.0028427,6081
6.05,-2.5689127,6081
6.05,-2.276908,6081
6.05,2.1691554,6081
6.04,1.4628823,6081
6.04,0.37784982,6081
6.04,0.86722136,6081
6.01,-1.2182484,6081
6.0,-2.0827968,6081
6.0,-1.3755631,6081
6.0,-1.6438538,6081
6.0,-2.9899294,6081
6.0,-3.8918722,6081
6.0,0.63979024,6081
6.0,-1.0633368,6081
6.0,-1.2900246,6081
6.0,-3.5140135,6081
6.0,-1.1457878,6081
6.0,-1.8127819,6081
6.0,-0.55834675,6081
6.0,-0.9599202,6081
5.99,-5.9977045,6081
5.95,-2.6374512,6081
5.92,-4.908452,6081
5.92,-4.8650155,6081
5.88,-3.8236468,6081
5.85,0.3837203,6081
5.8,-1.4527905,6081
5.8,-5.997705,6081
5.8,0.24101022,6081
5.78,-6.5928617,6081
5.78,-3.2667499,6081
5.78,-4.8019176,6081
5.7,-4.8714776,6081
5.64,1.4412994,6081
5.61,-6.6876287,6081
5.6,-3.475858,6081
5.59,-4.121357,6081
5.57,-6.5738897,6081
5.55,-3.3565314,6081
5.55,-1.3611684,6081
5.55,-2.4552977,6081
5.52,-4.1244597,6081
5.51,-5.8294206,6081
5.51,-4.575799,6081
5.5,-4.5718775,6081
5.5,-4.3069887,6081
5.46,-6.1311364,6081
5.41,-6.635458,6081
5.41,-4.9828224,6081
5.37,-6.800784,6081
5.35,-2.8642397,6081
5.3,-1.294384,6081
5.3,-5.126682,6081
5.26,-3.9510546,6081
5.26,-2.3161783,6081
5.23,-5.336696,6081
5.19,-6.373078,6081
5.14,-6.193347,6081
5.1,-6.707968,6081
5.08,-2.941308,6081
5.04,-6.7079687,6081
5.0,-3.4660177,6081
5.0,-0.16772322,6081
5.0,0.27253252,6081
5.0,-2.7866082,6081
5.0,-3.2358193,6081
5.0,-4.4634676,6081
4.79,-6.6270146,6081
4.78,-5.77416,6081
4.73,-7.1456943,6081
4.69,-3.040871,6081
4.67,-4.56937,6081
4.66,-6.6780033,6081
4.61,-4.406468,6081
4.54,-6.423947,6081
4.44,-4.515367,6081
8.54,2.6812463,11367
7.68,-1.9259373,11367
7.54,-1.0864427,11367
4.8,-4.2768326,11367
6.09,-0.78304034,3978
6.07,-0.9233188,709
6.05,1.1124009,709
5.57,0.34949583,709
6.48,-0.66044444,2553
6.35,-2.6630375,2553
6.08,-4.12342,2553
4.88,-0.58025545,4853
8.68,-4.620191,7146
7.42,-3.2940426,7146
6.51,-4.585605,7146
6.04,-5.225755,7146
5.91,-4.8468637,7146
5.71,-6.036079,7146
4.03,-8.095863,17461
8.3,-3.628894,12945
7.92,-0.66709757,12945
7.89,-0.16982456,12945
7.68,-2.8278935,12945
7.68,0.19159532,12945
7.62,-0.20550601,12945
7.51,-2.8573902,12945
7.36,-1.4930859,12945
7.29,0.16797449,12945
7.25,-1.8759499,12945
7.19,0.19722661,12945
7.02,-2.3822956,12945
6.97,-3.1546433,12945
6.92,-1.7388654,12945
6.86,-0.8967332,12945
6.84,-1.2264684,12945
6.77,-3.9940703,12945
6.71,0.4933929,12945
6.63,0.21988194,12945
7.3,2.3360488,721
7.16,2.162041,869
5.47,-0.25320527,2281
9.0,-2.7995868,3395
9.0,1.2423302,3395
9.0,-0.331478,3395
9.0,0.2226706,3395
9.0,-2.1008701,3395
9.0,1.2487618,3395
9.0,-0.81478155,3395
9.0,0.12028842,3395
8.92,1.1544741,3395
8.85,4.022105,3395
8.82,2.5200446,3395
8.8,3.6169813,3395
8.8,2.525408,3395
8.72,3.6720145,3395
8.7,-1.6884493,3395
8.7,-1.5538332,3395
8.7,0.9776639,3395
8.7,0.8101059,3395
8.7,3.8985217,3395
8.7,3.4166162,3395
8.7,1.2416211,3395
8.7,3.3041434,3395
8.7,1.9506972,3395
8.7,-0.08324689,3395
8.59,3.2407115,3395
8.52,-2.0451937,3395
8.52,0.12775955,3395
8.52,2.0170436,3395
8.52,2.236876,3395
8.52,-2.32344,3395
8.3,-1.7249014,3395
8.22,-2.4106176,3395
8.15,1.3618867,3395
8.08,1.6663293,3395
7.75,2.0725029,3395
7.62,-1.2453026,3395
9.0,0.81405646,13401
9.0,1.1686151,13401
9.0,-0.3035834,13401
9.0,3.668258,13401
9.0,1.1030256,13401
9.0,-1.0663815,13401
9.0,-1.0094402,13401
9.0,1.4765685,13401
9.0,1.7288598,13401
9.0,3.2436888,13401
9.0,0.16615419,13401
8.7,2.334944,13401
8.7,1.940271,13401
8.7,3.5939314,13401
8.7,0.35316694,13401
8.7,5.826671,13401
8.7,4.76007,13401
8.7,4.442416,13401
8.52,-0.32900262,13401
8.52,2.4386616,13401
8.52,0.32245538,13401
8.52,-0.6703505,13401
8.52,0.7665466,13401
8.4,1.6838279,13401
8.4,0.75752604,13401
8.4,1.8444352,13401
8.4,4.8362236,13401
8.3,1.4250627,13401
8.3,2.5756257,13401
8.22,3.8315723,13401
8.22,-1.1604493,13401
8.22,0.50423664,13401
8.0,-2.2149107,13401
7.85,0.2070548,13401
7.82,4.4265723,13401
7.72,-0.43149757,13401
7.64,0.40674222,13401
7.26,1.3914781,13401
7.17,1.644948,13401
6.96,-0.19734153,13401
6.88,-2.5690324,13409
8.22,3.2408354,16064
8.22,0.5111703,16064
8.1,3.1137416,16064
8.1,5.736707,16064
8.05,5.7367077,16064
8.05,5.526243,16064
8.05,4.535714,16064
8.0,7.4653993,16064
8.0,3.3250854,16064
8.0,2.8799455,16064
8.0,1.483119,16064
7.7,4.697408,16064
7.7,6.4368954,16064
7.7,6.8580575,16064
7.7,0.26636988,16064
7.7,0.5111708,16064
7.6,5.663091,16064
7.52,1.4831189,16064
7.52,3.4950016,16064
7.52,5.0150447,16064
7.52,8.619684,16064
7.4,6.9936414,16064
7.3,5.34944,16064
7.3,2.9996412,16064
7.3,6.0783353,16064
7.3,2.7020364,16064
7.16,3.451855,16064
7.1,5.9048476,16064
6.92,1.2360963,16064
6.82,3.972099,16064
6.77,0.71393937,16064
6.44,5.03,16064
6.35,2.5277057,16064
6.57,0.053253278,551
6.57,3.5267708,11194
6.0,-1.1223493,16499
6.89,-0.53439516,11044
6.57,-1.620857,11044
6.18,-0.7849647,11044
5.85,-2.583511,11044
5.75,-5.5389037,11044
5.7,-4.935845,11044
5.68,-3.9020865,11044
5.5,-6.1001415,11044
5.43,-7.927327,11044
5.41,-3.5726576,11044
5.4,-6.6326356,11044
5.28,-8.125739,11044
5.21,-6.4683924,11044
5.06,-7.4942007,11044
5.05,-4.7739887,11044
5.05,-5.706942,11044
4.96,-5.4295278,11044
4.96,-7.372178,11044
4.96,-7.843267,11044
4.85,-5.6499066,11044
4.68,-2.643123,11044
4.46,-6.10443,11044
5.82,-6.179587,3740
9.0,-1.6896253,16664
8.15,-2.6896985,16664
7.96,-1.4045792,16664
7.89,-2.5691872,16664
7.8,-2.4541664,16664
7.77,-1.6498258,16664
7.42,-1.6025584,16664
7.11,-4.1725764,16664
7.07,-1.5197918,16664
7.04,-1.3361037,16664
7.01,-1.4474169,16664
7.01,1.1228092,16664
6.83,-2.116835,16664
6.74,-4.3121977,16664
6.48,-2.1167235,16664
6.28,-4.1138144,16664
6.23,-0.79053396,16664
6.19,-3.6401331,16664
8.46,4.9345846,5719
6.57,3.5139642,5719
5.0,-7.3866663,15453
4.15,-6.769454,15453
4.07,-7.226253,15453
6.03,7.251729,14822
5.39,9.519539,14822
9.46,3.8634775,16341
9.3,-0.49063733,16341
8.98,0.19928291,16341
8.85,3.800681,16341
8.48,1.3537904,16341
8.48,3.580069,16341
8.14,-0.49063727,16341
8.12,1.0724298,16341
7.66,-0.21705343,16341
6.86,1.0314289,16341
6.32,1.0724297,16341
6.14,-1.1790929,16341
5.53,-4.0322013,16341
8.89,6.041874,8164
7.4,-1.2760565,6418
6.77,-3.364546,6418
6.7,-0.5118541,6418
6.68,-3.0159466,6418
6.36,-0.12545808,6418
7.64,-1.7502044,1988
7.42,1.6889632,1988
7.35,-3.1642797,1988
7.23,-1.505037,1988
7.08,-3.8200443,1988
7.0,2.0660763,1988
6.96,-3.1642797,1988
6.66,1.6456106,1988
6.59,-2.1395285,1988
6.38,-1.7926543,1988
6.16,-0.24453963,1988
6.1,1.0872256,1988
6.0,-1.50753,1988
5.66,-1.1365994,1988
5.63,-3.1642797,1988
5.45,-2.3440416,1988
4.98,-2.1558847,1988
9.0,1.0972288,2044
6.1,2.2963347,2044
5.96,1.3144101,2044
5.68,-0.3585895,2044
5.42,0.53569144,2044
8.34,-0.32892087,7356
6.22,-5.5579796,17139
4.57,-8.244358,3580
9.74,2.817503,7275
9.37,4.8337703,7275
8.37,1.3167105,7275
7.96,-5.8318686,7275
7.51,1.9324911,7275
6.64,-2.307722,7275
6.6,-0.9660698,7275
6.52,1.5930756,7275
6.48,-1.2609763,7275
6.41,-0.7642138,7275
6.29,0.74824226,7275
5.7,-3.969066,7275
5.47,-2.9238904,7275
5.23,-1.4384513,7275
5.16,-1.4159285,7275
4.8,-2.4758222,7275
4.48,-5.1416335,7275
10.0,-0.19992933,10948
8.57,6.760892,10948
7.82,4.524243,10948
7.35,2.416503,10948
6.96,1.3302765,10948
6.92,4.2792897,10948
6.6,2.9219205,10948
6.14,1.6640841,10948
5.92,1.51708,10948
5.85,1.723476,10948
5.82,3.719421,10948
5.77,0.97748417,10948
5.58,1.5199558,10948
5.47,0.64678514,10948
5.75,2.8776283,6439
7.11,3.7697942,14813
7.28,0.51410806,9850
7.72,-3.4565995,17255
8.08,2.0122998,9552
8.07,-1.4047273,9552
7.8,2.0995948,9552
7.58,2.4733713,9552
7.51,2.1482582,9552
7.39,-0.022594992,9552
7.09,-2.6951544,9552
7.08,-1.4409485,9552
7.07,-2.6144907,9552
6.97,0.64360565,9552
6.64,0.4352614,9552
6.38,-0.41188684,9552
8.7,2.403514,1581
7.58,3.1964579,1581
9.05,3.8815272,3568
8.77,2.1057928,3568
8.66,-0.76322275,3568
8.57,2.278141,3568
8.36,0.41726106,3568
8.28,1.8728094,3568
8.24,3.3508098,3568
8.16,-0.91325396,3568
8.06,2.1057928,3568
8.04,1.460845,3568
7.96,-2.3865585,3568
7.9,-0.20105356,3568
7.4,0.40662593,3568
6.98,-0.24784113,3568
6.89,-0.86221653,3568
5.3,-4.9803085,3568
8.05,2.0441413,12415
7.6,-0.80134773,12415
7.33,-0.18523084,12415
7.28,3.028511,12415
7.26,-0.07489665,12415
7.16,-1.4808102,12415
6.59,-1.4032992,12415
7.6,2.134761,6338
6.92,1.942482,14537
6.82,1.5217727,14537
5.96,-0.27983424,14867
8.46,2.840499,11387
7.82,-1.203226,11387
4.96,-4.548907,11387
5.99,-4.344125,10796
6.1,1.8079278,8811
5.8,-0.35021225,8356
5.31,-4.9603367,8356
5.3,-5.160001,8356
8.52,-1.968149,2601
8.28,-1.1333151,2601
8.22,-0.44984117,2601
8.22,-0.96137726,2601
8.12,-4.143115,2601
8.1,1.1986651,2601
8.0,-0.31859922,2601
8.0,-3.4252455,2601
7.92,0.93155706,2601
7.92,-0.66739273,2601
7.92,-5.0936255,2601
7.89,-1.7001997,2601
7.58,0.41344988,2601
7.57,-3.8204956,2601
7.5,-3.5287788,2601
7.47,1.0701154,2601
7.4,-1.457241,2601
7.4,-3.4474704,2601
7.39,-3.5098352,2601
7.39,-0.22274439,2601
7.38,-3.6408007,2601
7.38,-5.9761963,2601
7.38,-4.2461677,2601
7.3,-3.7453148,2601
7.28,-2.4365819,2601
7.28,-1.7579789,2601
7.22,-6.468401,2601
7.1,1.6205457,2601
7.1,0.83736914,2601
7.1,-1.5173973,2601
7.1,0.006652884,2601
7.08,-3.4111147,2601
7.05,-5.7383847,2601
7.03,2.141539,2601
6.92,0.80507916,2601
6.92,-3.7540092,2601
6.89,-3.7135556,2601
6.89,-2.2842405,2601
6.75,-2.7994618,2601
6.68,-3.2144642,2601
6.68,-1.4791698,2601
6.47,-1.812222,2601
6.16,-5.3389792,2601
5.92,-4.096312,2601
5.92,-0.72348964,2601
5.89,-4.038135,2601
5.22,0.40599394,2601
4.8,-0.8191474,2601
5.0,-0.4040386,15988
5.97,-1.4398916,3120
5.79,-3.4721043,3120
5.78,-3.6123815,3120
5.66,-1.3232296,3120
5.66,-3.9322088,3120
5.63,-4.371305,3120
5.62,-5.5724564,3120
5.58,-4.607098,3120
5.54,-5.5231843,3120
5.5,-2.7524278,3120
5.5,-2.8567822,3120
5.44,-5.6119547,3120
5.4,-5.23401,3120
5.36,-4.2407317,3120
5.24,-3.5146039,3120
8.42,0.7748767,8029
7.39,-2.0896537,8029
8.52,1.1959587,384
8.4,-0.35562772,384
8.0,-0.9993925,384
7.3,0.7560226,384
7.12,2.294557,384
6.97,-0.35562772,384
6.07,1.5275292,12445
5.48,-1.9748633,12445
5.08,1.0758694,12445
4.43,-2.5472462,12445
9.96,5.1186085,449
9.8,2.3815522,449
9.77,3.7353685,449
9.72,4.638202,449
9.7,0.6895695,449
9.7,3.5297909,449
9.66,0.5232159,449
9.64,3.5810456,449
9.64,6.837093,449
9.55,6.4539886,449
9.42,5.258073,449
9.34,4.7808614,449
9.25,-0.08585936,449
9.24,6.4539886,449
9.21,3.8645103,449
9.21,0.5820326,449
9.21,6.648615,449
9.06,-1.2076787,449
9.0,2.866917,449
8.92,-2.277713,449
8.92,-0.39400974,449
8.74,-1.2076787,449
8.74,-0.39400974,449
8.72,-4.5301566,449
8.72,2.287381,449
8.64,5.2141614,449
8.26,-4.573947,449
7.77,-2.277713,449
7.28,-4.5301566,449
7.08,2.6920078,449
7.04,-4.573947,449
7.62,5.9418645,10096
7.0,0.9158627,5572
9.89,5.628143,8078
9.82,3.178509,8078
9.77,2.300782,8078
9.72,1.0572251,8078
9.64,0.982315,8078
9.49,0.7162731,8078
9.44,2.1574435,8078
9.42,0.6927818,8078
9.42,2.944168,8078
9.4,-0.045413647,8078
9.37,-1.5077397,8078
9.37,1.1617302,8078
9.36,0.787518,8078
9.32,4.112014,8078
9.31,0.9429344,8078
9.29,1.8418082,8078
9.28,0.982315,8078
9.26,-0.44126457,8078
9.22,-0.06442833,8078
9.21,5.202969,8078
9.19,1.3800775,8078
9.18,2.294734,8078
9.17,2.9323823,8078
9.11,2.351187,8078
9.09,1.6260263,8078
9.05,2.5046852,8078
9.04,-0.81302315,8078
9.02,1.7350383,8078
9.0,0.38182107,8078
9.0,0.74361897,8078
9.0,1.0770345,8078
9.0,2.294734,8078
8.96,0.67527205,8078
8.96,-2.913286,8078
8.96,0.019363554,8078
8.96,0.7850616,8078
8.96,5.4924974,8078
8.96,1.3561115,8078
8.96,0.14150065,8078
8.96,0.77711207,8078
8.92,-1.26564,8078
8.92,0.061872933,8078
8.92,0.946823,8078
8.92,2.4720113,8078
8.92,2.7391312,8078
8.89,2.9245844,8078
8.89,-1.2690048,8078
8.89,1.1617302,8078
8.85,1.4710606,8078
8.85,3.2954304,8078
8.82,1.8418082,8078
8.8,0.43748412,8078
8.8,-1.2272344,8078
8.77,0.33661354,8078
8.77,-0.084796846,8078
8.77,1.9762033,8078
8.72,1.5036378,8078
8.68,0.63935614,8078
8.68,0.67818624,8078
8.66,1.9122304,8078
8.62,-1.2148123,8078
8.6,-0.084796846,8078
8.59,-3.21241,8078
8.57,3.6063623,8078
8.57,-1.07678,8078
8.57,0.04050966,8078
8.57,-0.2973761,8078
8.54,0.40661108,8078
8.52,-0.43502778,8078
8.52,0.44106907,8078
8.49,2.8905995,8078
8.49,1.1597906,8078
8.46,0.012853418,8078
8.42,-1.1751816,8078
8.41,3.5688577,8078
8.39,3.196925,8078
8.37,1.069336,8078
8.33,1.7745454,8078
8.33,-2.3181546,8078
8.32,2.915471,8078
8.3,3.2878418,8078
8.25,-2.9978008,8078
8.24,2.745609,8078
8.21,-2.1096392,8078
8.15,-5.339523,8078
8.14,-0.02827837,8078
8.11,0.77601457,8078
8.11,0.9853687,8078
8.1,1.8542867,8078
8.02,2.1088142,8078
7.96,-0.06442833,8078
7.89,0.66953796,8078
7.85,4.649087,8078
7.82,3.244181,8078
7.8,5.8194895,8078
7.8,0.982315,8078
7.8,2.294734,8078
7.75,-0.97566855,8078
7.72,-0.7681597,8078
7.72,1.9554701,8078
7.7,1.9841189,8078
7.68,5.4979734,8078
7.64,4.247642,8078
7.62,0.43967777,8078
7.6,4.3205504,8078
7.58,2.0376287,8078
7.54,1.4562016,8078
7.52,1.3389648,8078
7.5,5.9814973,8078
7.43,1.4726921,8078
7.42,0.47986266,8078
7.41,-0.677254,8078
7.4,-1.2501692,8078
7.39,2.4472885,8078
7.39,-2.1459029,8078
7.38,-2.7853172,8078
7.38,1.8418082,8078
7.37,-1.2501692,8078
7.35,-1.3405367,8078
7.34,2.0747256,8078
7.32,-2.1551673,8078
7.3,2.6388326,8078
7.27,3.2132497,8078
7.26,2.76606,8078
7.14,-0.7766621,8078
7.11,0.0028992333,8078
7.09,2.5309763,8078
7.06,1.5389099,8078
7.03,0.6550782,8078
6.96,7.3286223,8078
6.96,-3.5325603,8078
6.96,-1.26564,8078
6.92,-0.045413647,8078
6.91,2.3293579,8078
6.89,3.7048929,8078
6.85,-0.10652444,8078
6.85,3.2053726,8078
6.77,-2.9059715,8078
6.75,0.20178877,8078
6.75,0.53582364,8078
6.72,-2.8937643,8078
6.7,-1.7522607,8078
6.68,3.9777327,8078
6.66,0.963126,8078
6.62,3.8448887,8078
6.62,-3.3812215,8078
6.58,0.7392344,8078
6.57,3.9777327,8078
6.52,2.8863115,8078
6.51,1.7106054,8078
6.5,-0.5641249,8078
6.48,4.8475175,8078
6.44,3.9777327,8078
6.39,4.0165777,8078
6.33,1.1192156,8078
6.32,0.34467852,8078
6.31,-0.009035159,8078
6.29,-0.75743115,8078
6.26,4.292784,8078
6.19,1.1996009,8078
6.08,0.48490027,8078
6.07,2.3327837,8078
6.03,3.2628198,8078
5.85,2.123865,8078
5.82,-1.5900621,8078
5.82,1.3800775,8078
5.77,-0.63504624,8078
5.77,-0.6122831,8078
5.72,-1.5403469,8078
5.72,-0.73128617,8078
5.72,-2.762076,8078
5.7,1.0245776,8078
5.57,-5.486938,8078
5.54,3.1226826,8078
5.52,3.7678373,8078
5.52,0.69995344,8078
5.51,2.6960444,8078
5.51,-0.5862403,8078
5.5,-2.026706,8078
5.47,-1.5646691,8078
5.43,-2.8633804,8078
5.35,-2.0332527,8078
5.3,1.942842,8078
5.28,-3.334972,8078
5.26,1.7107904,8078
5.23,0.5409144,8078
5.22,-5.0725694,8078
5.09,-0.6759745,8078
7.64,-4.150428,11084
7.63,1.3779522,11084
7.49,-3.68537,11084
7.34,-4.429254,11084
7.29,-4.1149473,11084
6.98,-2.6429846,11084
6.97,-5.332852,11084
6.93,-2.0777347,11084
6.92,-4.691333,11084
6.92,-5.174507,11084
6.86,-7.6436696,11084
6.83,0.2898965,11084
8.0,2.7022238,2153
5.55,-1.5697862,4541
7.01,-2.426212,748
7.6,-1.0539364,16792
7.3,-2.9697728,16792
6.6,-2.8136504,16792
6.1,1.9999117,16792
6.0,-6.9879246,16792
5.8,-4.497937,16792
5.8,-2.876742,16792
5.6,1.6497707,16792
5.5,1.9653206,16792
5.4,-3.3717473,16792
5.3,-1.5692557,16792
5.3,-5.147673,16792
4.9,-5.7777534,16792
4.7,0.563126,16792
8.21,1.0696361,11309
8.89,4.5544543,14657
8.85,4.114889,14657
8.3,-0.11744012,17869
7.85,1.6573449,17869
7.51,-3.606958,17869
6.92,-3.2127059,17869
6.1,-1.2338139,17869
5.68,-4.091584,17869
4.45,-3.0479503,9754
7.2,2.7509792,831
7.01,-0.584353,831
6.96,0.58659947,831
6.92,0.3150211,831
6.82,2.4612794,831
6.7,-1.9684966,831
6.52,-0.62309015,831
6.51,0.8101826,831
6.19,-2.4320664,831
6.14,-2.4666936,831
5.85,-1.4122176,831
5.47,-0.9218335,831
5.44,-1.872181,831
4.19,-8.018287,10367
8.52,4.596313,12631
5.74,0.52660567,16347
5.56,-1.9147164,16347
7.52,1.3876574,4421
6.6,0.39331532,15946
4.37,-5.5803213,12475
8.96,1.6549339,7080
8.14,-2.1050494,12659
5.92,1.2731287,4117
5.92,0.23214574,4117
5.75,-2.706039,4117
5.75,0.15390736,4117
5.51,-0.3257806,4117
5.4,-0.83212394,4117
5.39,1.893416,4117
5.36,2.2966783,4117
5.31,0.9882543,4117
5.26,2.0942626,4117
5.09,2.2966783,4117
5.68,-1.35765,17429
5.42,-0.853395,17429
8.13,3.7728946,6321
6.24,-1.7310796,760
10.05,6.041347,9417
10.0,4.4962726,9417
9.96,5.8419237,9417
9.8,6.702472,9417
9.7,6.689053,9417
9.21,5.9584317,9417
9.17,5.1435494,9417
9.13,4.4606886,9417
9.01,-0.14635657,9417
8.78,7.4846616,9417
8.75,5.542033,9417
8.71,7.4314814,9417
8.7,7.305328,9417
8.64,4.7180004,9417
8.5,6.769724,9417
8.5,4.1654058,9417
8.37,3.2564738,9417
8.35,2.0736086,9417
8.05,-0.8083571,7185
7.68,1.6866864,7185
7.48,1.4960127,7185
7.46,0.5424029,7185
7.11,-1.7783859,7185
6.92,-0.005723223,7185
6.75,0.2395452,7185
6.64,-2.8355415,7185
5.96,-2.601098,7185
5.89,-3.867358,7185
5.8,-4.553339,7185
5.5,-7.694607,7185
5.41,-6.7231617,7185
5.33,-5.0027995,7185
5.21,-5.3343067,7185
6.08,-0.40357253,305
6.98,1.9661188,8890
6.73,1.0074193,8890
6.61,0.3955009,8890
6.24,-0.0627844,8890
6.05,-0.51389897,8890
5.72,-1.7911409,8890
8.52,-0.09541769,7960
6.89,-1.0314337,7960
6.71,-0.20351723,7960
6.67,-4.3319335,7960
6.18,-2.3100474,7960
5.49,1.473784,7960
5.45,-2.7695093,7960
6.51,1.1388994,6584
5.72,-1.3703474,4184
5.36,-4.9688373,4184
5.24,-6.4362836,4184
5.05,-3.976762,4184
5.0,-4.918862,4184
5.0,-2.2608304,4184
6.16,1.1879315,11048
8.72,4.1878557,3093
8.51,4.35524,3093
8.4,4.682219,3093
8.22,3.5746074,3093
8.05,5.7416186,3093
7.85,0.41802475,3093
7.82,3.7924836,3093
7.68,5.7416186,3093
7.46,4.1878557,3093
7.62,4.621356,4877
8.22,1.4344251,15944
7.7,-3.1362896,15944
6.32,-3.6569638,1962
4.71,-1.0336599,1962
6.19,-4.196322,1708
5.03,-1.9101518,3529
8.4,3.4172208,2138
8.4,0.5135634,2138
8.3,4.124045,2138
8.3,2.9149437,2138
8.3,1.1572144,2138
8.22,4.124045,2138
8.22,2.2474873,2138
8.1,3.0655525,2138
8.1,3.5705352,2138
8.05,2.8830612,2138
8.05,4.6272545,2138
8.05,2.8407278,2138
7.96,3.449049,2138
7.92,1.4552764,2138
7.92,1.4322126,2138
7.89,1.5706881,2138
7.89,4.6272545,2138
7.82,0.013932366,2138
7.8,1.127336,2138
7.77,3.2365909,2138
7.75,2.7310002,2138
7.64,3.2250276,2138
7.57,3.5842137,2138
7.5,2.601777,2138
7.41,3.4224036,2138
7.39,-2.1643007,2138
7.35,3.196944,2138
7.29,-0.12464465,2138
7.22,0.51773125,2138
7.22,2.3931646,2138
7.08,-0.87437856,2138
6.92,3.2229717,2138
7.4,1.6540658,17359
7.82,10.465331,5101
7.82,4.5423713,5101
7.58,3.6399064,5101
7.52,1.0784138,5101
7.46,3.6522489,5101
7.38,0.91968447,5101
7.28,8.845155,5101
7.23,-1.0888299,5101
7.15,8.504263,5101
7.08,1.7157212,5101
7.04,1.7157212,5101
6.99,10.55857,5101
6.95,11.215924,5101
6.89,-1.1063597,5101
6.72,9.97007,5101
6.7,9.633995,5101
6.64,9.285188,5101
6.54,7.708759,5101
6.29,7.750815,5101
6.21,6.77073,5101
5.65,-2.0360236,5101
5.4,-5.9082804,9860
5.8,-0.57663846,14950
7.3,4.560901,11306
7.3,2.159557,11306
6.3,1.0671537,11306
6.3,1.4164796,11306
6.0,0.8153747,11306
6.0,-0.18981257,11306
6.0,5.0827785,11306
6.0,2.9068968,11306
7.77,3.147368,1994
7.7,0.6594863,7802
6.7,0.2715443,9628
7.2,-0.36335683,5303
7.04,-0.7872013,5303
6.7,3.5313478,5303
6.22,2.609352,5303
6.0,4.0762777,5303
5.7,3.0657136,5303
5.7,4.0288587,5303
5.4,3.2590408,5303
4.8,7.152893,5303
4.72,3.1874857,5303
4.51,1.2061607,5303
4.24,1.2061607,5303
4.18,1.2420201,5303
4.12,3.6475344,5303
10.52,8.829265,7993
10.3,9.72056,7993
10.3,8.829265,7993
10.05,8.048734,7993
10.0,8.027069,7993
10.0,7.9597697,7993
9.7,5.5074196,7993
9.7,8.471507,7993
9.52,5.9828253,7993
9.4,6.9019346,7993
9.3,5.4934206,7993
9.3,-0.022711452,7993
9.3,3.5450315,7993
9.3,7.0619473,7993
9.3,7.0649567,7993
9.3,2.2818384,7993
9.22,8.815733,7993
9.22,5.90988,7993
9.15,4.1883383,7993
9.15,4.285026,7993
9.15,4.1339936,7993
9.1,8.029252,7993
9.1,2.1374106,7993
9.05,4.2137322,7993
9.0,2.225855,7993
9.0,2.225155,7993
9.0,2.3417103,7993
9.0,4.796133,7993
9.0,2.8464537,7993
9.0,3.998671,7993
9.0,2.3163242,7993
9.0,2.1374106,7993
8.7,1.9406013,7993
8.7,0.5001948,7993
8.7,1.3960161,7993
8.7,3.3882449,7993
8.7,1.6874496,7993
8.7,2.6825402,7993
8.7,3.0334473,7993
8.7,4.11933,7993
8.7,8.829265,7993
8.7,1.3702289,7993
8.7,4.3553815,7993
8.7,2.4366133,7993
8.7,0.7565046,7993
8.7,2.2818384,7993
8.52,2.3163242,7993
8.52,8.027069,7993
8.52,8.829265,7993
8.52,3.2147067,7993
8.52,2.0246136,7993
8.52,8.048734,7993
8.52,2.2014463,7993
8.52,-1.5641576,7993
8.4,2.2326264,7993
8.4,-1.3336291,7993
8.4,0.24377872,7993
8.4,2.5032022,7993
8.4,1.6728832,7993
8.4,8.048734,7993
8.4,2.826497,7993
8.4,4.0333304,7993
8.4,1.5729268,7993
8.4,3.3549273,7993
8.4,1.4221337,7993
8.3,2.2243319,7993
8.3,6.921799,7993
8.3,0.6256728,7993
8.3,2.7785487,7993
8.3,0.9408723,7993
8.3,0.6603872,7993
8.3,2.8584542,7993
8.3,4.1203175,7993
8.3,1.6256912,7993
8.3,3.9470932,7993
8.3,0.907299,7993
8.3,1.7741265,7993
8.3,-0.28724805,7993
8.22,2.921558,7993
8.22,1.5781164,7993
8.22,0.7417793,7993
8.22,2.4074838,7993
8.22,2.1213417,7993
8.22,0.12039426,7993
8.22,7.9597697,7993
8.22,3.988635,7993
8.22,1.4859821,7993
8.22,1.1434853,7993
8.22,1.3784333,7993
8.22,2.1013405,7993
8.22,2.2392526,7993
8.22,3.7973773,7993
8.15,1.9942116,7993
8.15,2.0698822,7993
8.15,1.1551218,7993
8.15,1.5671532,7993
8.1,1.4640006,7993
8.1,1.617747,7993
8.1,-0.3611375,7993
8.1,0.088488266,7993
8.05,-1.3073893,7993
8.05,-1.0338311,7993
8.05,-1.0088845,7993
8.0,-0.5656671,7993
8.0,-1.4496629,7993
8.0,-1.4837832,7993
7.92,1.207193,7993
7.92,-0.96755123,7993
7.92,0.077221155,7993
7.92,1.0847818,7993
7.89,2.690227,7993
7.89,-1.7389889,7993
7.82,-1.8148682,7993
7.82,-2.3159034,7993
7.82,-0.84031856,7993
7.8,0.4353222,7993
7.8,-1.0231556,7993
7.8,0.11254859,7993
7.8,5.5074196,7993
7.77,0.7379281,7993
7.75,7.6112146,7993
7.72,-0.056166958,7993
7.72,-1.8488057,7993
7.72,-0.9471758,7993
7.7,-0.21704327,7993
7.68,3.5450315,7993
7.66,-2.6780767,7993
7.64,-2.507656,7993
7.64,-0.23138256,7993
7.62,-3.0789807,7993
7.6,-3.05351,7993
7.6,0.19862153,7993
7.6,0.30769175,7993
7.58,6.9019346,7993
7.57,-2.4131625,7993
7.57,0.21661304,7993
7.55,-1.3051906,7993
7.54,-3.0795984,7993
7.54,-1.2505648,7993
7.54,1.0684958,7993
7.52,0.7565046,7993
7.51,7.0619473,7993
7.48,-2.2268534,7993
7.43,2.3163242,7993
7.42,7.0649567,7993
7.42,-0.80872965,7993
7.42,-2.7570868,7993
7.39,2.4366133,7993
7.36,-3.151202,7993
7.34,4.1339936,7993
7.34,-1.9124898,7993
7.27,-1.8616359,7993
7.24,-1.1700861,7993
7.16,-0.28724805,7993
7.08,-0.3611375,7993
7.08,-1.4496629,7993
7.08,2.2818384,7993
7.08,4.2137322,7993
7.07,-2.735387,7993
7.06,-2.0616086,7993
7.04,-3.602904,7993
7.01,-2.9244397,7993
6.99,-1.3336291,7993
6.99,1.9942116,7993
6.97,-3.0789807,7993
6.92,1.5781164,7993
6.81,-2.4131625,7993
6.73,-0.84031856,7993
6.7,-1.4837832,7993
6.68,-1.0338311,7993
6.67,1.207193,7993
6.6,0.077221155,7993
6.59,-1.2505648,7993
6.53,1.0847818,7993
6.49,-1.5641576,7993
6.46,-3.151202,7993
6.45,-0.21704327,7993
6.41,-0.80872965,7993
6.39,-2.735387,7993
6.36,0.30769175,7993
6.36,-0.9471758,7993
6.35,-3.602904,7993
6.33,-2.3159034,7993
6.3,-2.2268534,7993
6.29,-1.9124898,7993
6.28,-1.3073893,7993
6.22,-3.2760189,7993
6.21,-1.3051906,7993
6.2,-2.9244397,7993
6.19,-1.8616359,7993
6.14,-0.96755123,7993
6.1,-0.3911787,17477
7.35,2.2816334,17601
7.6,1.5154572,2574
7.28,0.85350966,2574
7.05,-1.4398321,2574
5.96,1.2879865,2574
5.55,-0.02729531,2574
5.39,-1.2578979,2574
7.0,-2.7282944,16116
6.55,-1.8833265,16116
9.57,3.3120239,6430
9.39,4.681743,6430
9.34,3.5889747,6430
9.3,3.0876403,6430
9.26,0.58675694,6430
9.26,3.5616386,6430
9.22,5.9523973,6430
9.22,3.7680304,6430
9.22,4.6858892,6430
9.22,4.722412,6430
9.19,4.2266555,6430
9.18,1.0139852,6430
9.15,4.5549135,6430
9.15,4.2133474,6430
9.15,3.8052332,6430
9.15,-0.5435723,6430
9.14,2.0735426,6430
9.12,5.0124598,6430
9.12,2.660486,6430
9.1,1.0868499,6430
9.02,0.601593,6430
9.01,4.33416,6430
9.0,-0.30241126,6430
9.0,2.854168,6430
9.0,3.9699082,6430
8.97,4.2902164,6430
8.96,0.06366846,6430
8.96,4.6244173,6430
8.96,1.9789022,6430
8.95,2.660486,6430
8.89,2.6371717,6430
8.89,3.9347947,6430
8.87,3.2654495,6430
8.85,-1.2255692,6430
8.85,0.0025728382,6430
8.85,0.4427015,6430
8.81,3.5156775,6430
8.79,1.1595023,6430
8.79,4.0148883,6430
8.77,4.8317065,6430
8.77,0.2880106,6430
8.74,5.4529657,6430
8.73,0.28671002,6430
8.73,-0.3994114,6430
8.72,-2.2956948,6430
8.72,-2.0445867,6430
8.68,0.42032865,6430
8.68,2.4870934,6430
8.67,-0.1529023,6430
8.66,1.662711,6430
8.62,2.7245386,6430
8.62,2.409869,6430
8.58,2.9184017,6430
8.58,2.2825127,6430
8.55,0.89500624,6430
8.55,-2.676482,6430
8.55,1.8624694,6430
8.52,4.0505805,6430
8.52,1.936019,6430
8.51,3.554021,6430
8.49,-1.1675935,6430
8.48,2.1764653,6430
8.46,-1.8215194,6430
8.43,2.2380526,6430
8.41,0.25408688,6430
8.41,0.8946133,6430
8.39,-0.248675,6430
8.36,2.3294666,6430
8.31,2.827488,6430
8.31,-0.2644167,6430
8.3,1.4194307,6430
8.26,4.043135,6430
8.25,0.4097771,6430
8.25,2.359992,6430
8.24,-0.7881631,6430
8.23,-0.67704093,6430
8.19,-0.82215196,6430
8.18,-1.1455688,6430
8.18,-0.46722302,6430
8.18,-0.80010724,6430
8.15,-0.95429415,6430
8.14,2.8188045,6430
8.13,-1.7740767,6430
8.13,1.0989679,6430
8.12,0.2766029,6430
8.12,-2.7806697,6430
8.1,1.4776024,6430
8.09,-0.13834694,6430
8.08,0.67695564,6430
8.07,0.078171,6430
8.07,0.65396756,6430
8.05,-0.025036793,6430
8.04,0.7655261,6430
8.04,-0.096415594,6430
8.04,-0.50786245,6430
8.03,-2.6039674,6430
7.99,1.3354418,6430
7.98,-5.8371515,6430
7.97,0.30732086,6430
7.95,1.3977545,6430
7.94,-0.93579155,6430
7.94,2.2831926,6430
7.93,0.10563575,6430
7.93,-1.3294333,6430
7.91,-1.8836982,6430
7.89,-1.4222624,6430
7.89,-0.8723705,6430
7.89,-0.15273659,6430
7.88,0.9503664,6430
7.88,-3.8506048,6430
7.87,1.8767337,6430
7.86,1.524827,6430
7.84,-1.0264927,6430
7.82,1.1563851,6430
7.82,-3.7994153,6430
7.82,-3.6203628,6430
7.82,4.6347303,6430
7.82,0.40211317,6430
7.78,-2.0351806,6430
7.78,-5.220505,6430
7.78,-2.56252,6430
7.77,0.23541646,6430
7.76,3.1343575,6430
7.76,-2.050301,6430
7.75,-2.3720996,6430
7.73,0.76283795,6430
7.73,1.3034388,6430
7.72,-1.5714865,6430
7.7,1.8488946,6430
7.68,0.3319073,6430
7.67,-3.363599,6430
7.66,0.28948465,6430
7.65,0.1911657,6430
7.63,-0.7771427,6430
7.62,-0.9154989,6430
7.61,-1.9420097,6430
7.61,-5.3281736,6430
7.59,0.2963681,6430
7.58,-0.18570133,6430
7.57,-4.996357,6430
7.57,-2.7553613,6430
7.57,-0.73545766,6430
7.56,-3.4170232,6430
7.56,-4.082366,6430
7.56,-4.0480947,6430
7.56,-0.91269016,6430
7.54,-0.278532,6430
7.54,-1.2479002,6430
7.54,1.6347326,6430
7.52,-3.2282057,6430
7.52,-0.38479558,6430
7.52,-4.204766,6430
7.5,-0.01684871,6430
7.5,-2.1131432,6430
7.49,-1.3591592,6430
7.49,-6.4156513,6430
7.49,1.752174,6430
7.49,1.220323,6430
7.48,-0.34544778,6430
7.48,-3.288721,6430
7.47,-0.72015,6430
7.47,0.33122852,6430
7.45,0.035806116,6430
7.44,0.4643758,6430
7.43,0.7610794,6430
7.42,0.022768592,6430
7.42,2.5317738,6430
7.41,-2.567897,6430
7.4,-0.2654444,6430
7.39,0.7856942,6430
7.38,-4.0361247,6430
7.38,-0.89671975,6430
7.38,-4.25593,6430
7.37,-5.7474422,6430
7.37,0.40581876,6430
7.36,1.2426502,6430
7.36,-3.2612977,6430
7.36,-2.2193336,6430
7.36,-0.3163894,6430
7.35,2.4431522,6430
7.34,-4.537322,6430
7.34,-0.5266144,6430
7.33,-3.324701,6430
7.32,-4.9823165,6430
7.29,0.64543337,6430
7.27,0.07851149,6430
7.26,0.009364903,6430
7.26,-5.8349853,6430
7.25,-1.7736778,6430
7.24,-2.4266262,6430
7.22,-2.3052928,6430
7.22,0.6946755,6430
7.22,-1.5682638,6430
7.21,-4.2960396,6430
7.21,-4.0014358,6430
7.18,-0.08438118,6430
7.18,0.0024828762,6430
7.16,-4.2175465,6430
7.15,0.30247065,6430
7.13,-1.9908047,6430
7.13,-0.9948611,6430
7.13,-0.8865813,6430
7.12,-1.7466723,6430
7.11,-1.1662111,6430
7.11,-1.5326604,6430
7.1,-2.5252476,6430
7.07,-0.65845394,6430
7.02,-4.461251,6430
7.01,-0.7035017,6430
7.01,-4.419397,6430
7.0,-3.321683,6430
6.97,-3.1585903,6430
6.95,-2.8119082,6430
6.95,-4.939181,6430
6.94,-0.5330052,6430
6.94,0.28408465,6430
6.93,0.6455552,6430
6.89,-3.323849,6430
6.88,-1.2763886,6430
6.87,-2.2738612,6430
6.87,1.7348098,6430
6.87,-1.4784015,6430
6.84,-2.7933414,6430
6.84,-1.6315053,6430
6.84,-4.299726,6430
6.8,-3.3016837,6430
6.8,-2.5286417,6430
6.79,-3.399437,6430
6.78,-0.9162316,6430
6.74,-3.224673,6430
6.72,-2.1245983,6430
6.71,-2.451402,6430
6.71,-7.0024495,6430
6.7,-2.3400066,6430
6.69,-4.313729,6430
6.67,-3.6196842,6430
6.66,-2.1743379,6430
6.66,-0.9951477,6430
6.65,-3.0244932,6430
6.65,-2.1893387,6430
6.64,-3.3905852,6430
6.6,-0.5290982,6430
6.59,-1.9585379,6430
6.58,-3.8939774,6430
6.57,-0.87590903,6430
6.57,-3.9011817,6430
6.51,-3.5490606,6430
6.5,-2.1005878,6430
6.49,-2.803601,6430
6.49,1.2514873,6430
6.49,-3.9463215,6430
6.49,-1.5788049,6430
6.44,0.32952204,6430
6.44,-6.26501,6430
6.43,-5.630998,6430
6.42,-4.4646573,6430
6.4,-4.192065,6430
6.38,-1.7088032,6430
6.36,-5.4275117,6430
6.34,-2.5926716,6430
6.33,-5.03267,6430
6.31,-5.32243,6430
6.3,-7.13702,6430
6.28,-3.791485,6430
6.28,0.25662723,6430
6.28,-3.8222766,6430
6.25,-5.2145333,6430
6.25,-5.383799,6430
6.24,-4.4249754,6430
6.24,-0.066457465,6430
6.23,-5.9919953,6430
6.23,-5.0559297,6430
6.22,-6.334208,6430
6.19,-6.3448377,6430
6.19,-5.392345,6430
6.17,-1.9396354,6430
6.09,-4.9414845,6430
6.08,-2.3110592,6430
6.03,-4.202496,6430
6.03,-3.1462324,6430
6.0,-5.083011,6430
5.99,-3.5082912,6430
5.97,-4.3782377,6430
5.96,-3.4782245,6430
5.96,-4.9426827,6430
5.96,-5.5792127,6430
5.94,-6.2648616,6430
5.94,-6.1045475,6430
5.92,-2.347734,6430
5.92,-0.4391277,6430
5.92,-4.740152,6430
5.88,-2.0496824,6430
5.88,-5.4574447,6430
5.87,-2.180402,6430
5.85,-4.345661,6430
5.84,-6.3908525,6430
5.83,-5.496962,6430
5.82,-5.700007,6430
5.78,-4.8449283,6430
5.77,-6.354844,6430
5.75,-5.5235357,6430
5.7,-0.2795818,6430
5.67,-5.106464,6430
5.6,-4.8063097,6430
5.58,-4.2146845,6430
5.56,-2.1205168,6430
5.55,-5.1257386,6430
5.53,-4.7197547,6430
5.52,-3.4206583,6430
5.52,-5.876886,6430
5.52,-0.541821,6430
5.52,-4.4723673,6430
5.52,0.2580526,6430
5.52,-6.463653,6430
5.52,-5.6998625,6430
5.52,-4.198103,6430
5.52,-5.5467687,6430
5.52,1.069574,6430
5.51,-6.278799,6430
5.19,-6.3220186,6430
5.19,-2.7171829,6430
5.19,-4.8799777,6430
5.0,-6.9052033,6430
5.0,-4.315673,6430
5.0,-2.2862644,6430
5.0,-4.3288293,6430
5.0,-0.86463714,6430
5.0,-6.4536624,6430
5.0,-4.4735913,6430
5.0,-4.4348574,6430
5.0,-6.500807,6430
5.0,-5.2261953,6430
5.0,-6.484086,6430
5.0,-5.860832,6430
5.0,-3.0379694,6430
5.0,-6.6349545,6430
5.0,-5.7746,6430
5.0,-7.649662,6430
5.0,-6.0754714,6430
5.0,-9.036144,6430
5.0,-7.352834,6430
5.0,-5.703227,6430
5.0,-6.62844,6430
7.91,0.69551224,833
7.81,0.09121594,833
7.28,0.7904538,833
7.26,-1.099909,833
7.03,-1.143115,833
6.93,-0.25020316,833
6.87,-4.747334,833
6.86,1.9015808,833
6.73,0.4392124,833
6.56,1.9299364,833
6.54,-0.42007136,833
6.46,1.1724594,833
5.97,-1.1026484,833
5.33,-5.169145,833
5.31,-0.7935958,16425
9.6,6.8745956,16088
9.04,0.34188443,16088
8.8,5.0422673,16088
8.8,6.3831077,16088
8.44,1.8466374,16088
7.39,1.4743576,5939
6.94,1.2190663,5939
6.79,0.7012147,5939
5.52,-4.0819964,14716
5.7,-1.7446699,12811
5.11,-1.2892762,10636
7.42,-0.39590925,9845
7.3,0.0036181696,9845
7.27,-3.575443,9845
7.07,0.787742,9845
7.0,-3.5778723,9845
6.56,-0.7892358,9845
6.51,-2.0885777,9845
6.49,0.3423698,9845
6.45,-2.5020456,9845
6.21,-1.472049,9845
6.21,-2.071174,9845
6.07,-4.5348926,9845
6.05,-5.7426105,9845
6.0,-2.2494938,9845
5.93,-1.9376471,9845
5.79,-4.884569,9845
5.63,1.7926491,9845
5.57,-5.1075153,9845
7.7,4.771428,8219
7.3,-0.04605348,8219
7.05,2.3499918,8219
6.96,1.0747524,8219
6.92,4.1279597,8219
8.7,3.4173388,5359
8.7,4.9914966,5359
8.7,4.8192196,5359
8.7,1.3196537,5359
8.52,1.6483188,5359
8.52,5.132192,5359
8.4,2.5365543,5359
8.4,3.566541,5359
8.3,3.0168605,5359
8.3,3.3557541,5359
8.3,1.9723246,5359
8.22,3.5895224,5359
8.22,3.681097,5359
8.22,4.8184714,5359
8.15,3.8955808,5359
8.15,5.152798,5359
8.15,2.4042559,5359
8.15,0.54416364,5359
8.15,0.13435031,5359
8.1,2.7632399,5359
8.1,0.8313486,5359
8.0,3.405308,5359
7.96,2.994208,5359
7.92,2.4990196,5359
7.92,1.7849649,5359
7.8,1.0524251,5359
7.72,-2.9138176,5359
7.6,-0.95985126,5359
7.58,3.295316,5359
7.51,3.3710673,5359
7.48,-2.1399376,5359
6.9,0.27287802,5359
6.75,-3.518152,5359
6.3,-2.6648562,5359
5.96,-5.2871003,5359
7.58,-1.1648301,15968
7.54,-0.7699028,15968
7.48,-2.3177602,15968
7.34,-3.109063,15968
7.28,-1.0655229,15968
7.28,-4.042823,15968
7.2,-4.531956,15968
7.17,-3.8207676,15968
7.04,-1.3773103,15968
7.02,-4.0987926,15968
6.99,-3.8110657,15968
6.92,-2.8365026,15968
6.91,-3.0709515,15968
6.8,-2.9409502,15968
6.67,-3.8904183,15968
6.49,-4.6106935,15968
6.37,-3.4348922,15968
6.33,0.37074807,15968
6.26,-2.0440412,15968
6.22,-4.992078,15968
6.09,-1.5809193,15968
6.05,-2.9409502,15968
6.01,-1.0513896,15968
5.97,-5.376399,15968
5.89,-3.120829,15968
5.77,-3.7747283,15968
5.77,-4.5701027,15968
5.71,-2.8944218,15968
5.66,-6.0871487,15968
5.6,-4.207428,15968
4.5,-1.8203323,5241
7.66,3.377646,12273
7.39,4.066268,12273
6.91,6.0517616,12273
6.25,2.6834266,12273
8.92,1.7118343,7625
8.77,4.9091415,7625
8.55,5.2882752,7625
8.46,-1.595111,7625
8.43,1.3902514,7625
8.28,3.9686527,7625
8.22,-2.4190896,7625
8.13,-0.56249857,7625
8.1,2.4097414,7625
8.03,-0.15678878,7625
7.94,-2.337382,7625
7.79,-2.3027055,7625
7.68,3.7649152,7625
7.63,4.62094,7625
7.61,0.111581534,7625
7.41,2.3328083,7625
7.32,-2.3585734,7625
7.22,-1.119133,7625
7.16,1.1955009,7625
7.12,1.963068,7625
7.09,-4.634765,7625
6.93,0.38642967,7625
6.2,-3.068395,7625
5.73,-1.1381894,7625
6.87,3.3392067,2425
7.77,3.9408877,867
8.52,1.7167336,10812
5.38,1.5844744,2287
6.78,-3.1231527,3337
6.2,0.65954715,11337
5.7,-4.818795,11337
5.1,-3.8506527,11337
7.34,2.1525269,9412
7.87,4.578147,7680
7.83,5.644865,7680
7.8,2.425792,7680
7.71,3.4095638,7680
7.69,3.7734623,7680
7.47,2.529205,7680
7.37,6.402038,7680
7.33,0.42654815,7680
7.13,2.594369,7680
7.05,3.8671153,7680
6.57,1.7366267,7680
8.11,3.4039342,13924
7.5,-3.8530562,13924
7.14,-6.2579966,13924
8.47,-1.3422956,2928
8.43,0.9924448,2928
8.43,0.18233255,2928
8.41,-1.6216176,2928
8.4,-0.4875913,2928
8.32,-3.3359442,2928
8.26,1.4323403,2928
8.21,-2.1333566,2928
8.21,-2.5427551,2928
8.14,-1.5657293,2928
8.11,0.47865412,2928
8.11,1.4323403,2928
8.1,-2.2539463,2928
8.04,2.1182172,2928
8.0,3.5044293,2928
7.96,-4.1927714,2928
7.96,0.9924448,2928
7.89,-0.01859345,2928
7.82,-1.3864452,2928
7.16,-3.3359442,2928
6.68,3.5044293,2928
6.0,-2.4482422,2928
5.7,-3.0349987,2928
5.66,0.6046273,2928
5.05,-0.60606456,2928
4.85,-2.026598,2928
6.73,3.6021426,5645
6.69,3.2611456,3286
5.74,-0.57901645,3286
6.2,-2.594384,1399
7.85,1.3501139,14219
8.4,3.0331306,17714
7.09,1.4929872,17714
6.42,-0.8029405,3456
7.12,-2.1688218,7179
8.89,3.4686515,4386
5.14,-3.6580145,6826
5.32,-4.221337,5063
8.52,1.0965694,14615
5.89,2.696573,419
8.4,-0.27941954,12729
8.3,1.3575768,12729
8.3,-2.8102665,12729
8.0,2.995523,12729
4.87,-2.9173563,4698
7.85,2.8755157,3585
7.75,1.8982751,3585
7.64,-0.2617096,3585
7.52,0.38528034,3585
7.52,0.9363017,3585
7.52,1.784214,3585
7.42,1.3257129,3585
7.35,0.7742376,3585
7.33,-0.00082969666,3585
7.3,0.3035433,3585
7.28,-1.1976291,3585
7.24,0.7616685,3585
7.21,-0.56604016,3585
7.19,-2.3808513,3585
7.1,-2.5856519,3585
7.09,-0.8440878,3585
6.94,-1.6348104,3585
6.89,-1.1976291,3585
6.43,-0.19436745,3585
5.64,-3.7529123,3585
5.55,-6.4866047,3585
4.96,-5.7996855,3585
6.62,-3.100942,15629
6.14,-4.1594496,15629
7.8,1.0915186,160
7.25,0.918198,8570
7.12,0.8639379,8570
6.98,0.6482817,8570
6.19,2.414481,8570
4.83,-7.2709303,4528
4.52,-3.9383743,4528
7.26,-0.7139022,33
7.19,-0.66730964,33
7.06,-0.62492573,33
6.8,0.4710882,33
6.56,0.5361191,33
6.0,1.613139,33
8.4,1.802882,15286
8.22,-4.5077744,15286
8.0,-1.8764666,15286
7.6,-6.0987973,15286
7.34,3.947479,15286
7.02,-4.0636315,15286
6.96,1.1970484,15286
6.77,-8.325248,15286
6.7,-8.633681,15286
6.64,-5.492223,15286
6.51,1.2548996,15286
6.44,2.531532,15286
6.38,5.16563,15286
6.3,-7.419973,15286
6.26,-8.836941,15286
6.25,-8.53255,15286
6.24,-8.6858225,15286
6.09,0.6209609,15286
6.07,1.8163145,15286
5.97,-8.954976,15286
5.92,-8.000029,15286
5.9,-4.3513923,15286
5.72,-7.4831805,15286
5.72,-5.604199,15286
5.68,-6.433806,15286
5.6,-8.569708,15286
5.16,-7.346562,15286
4.79,-8.258177,15286
4.59,5.2726073,15286
4.12,-8.397175,15286
4.11,-2.0337598,15286
8.52,0.56705886,9455
5.1,1.9608563,17341
7.85,-0.31045702,4791
8.43,1.6929898,1997
7.94,3.4232118,1997
7.94,-0.10264224,1997
7.73,2.9424403,1997
7.58,2.8679898,1997
7.48,3.6597536,1997
7.43,3.276204,1997
7.4,-1.9937127,1997
7.1,-5.894753,1997
7.0,-4.279855,1997
6.18,-3.5797436,1997
6.11,-3.6537473,1997
6.07,-4.5139866,1997
5.68,-4.6589437,1997
5.61,-4.0154223,1997
5.46,-3.9362333,1997
6.59,-1.773453,7857
6.47,-0.6717095,7857
6.22,-2.1195593,7857
6.05,-1.9998052,7857
6.0,-2.2816947,7857
5.96,-3.3898532,7857
5.46,0.22647116,7857
7.68,1.6438252,14555
9.15,4.711708,11175
7.3,-4.593656,11175
7.13,-2.1965907,11175
7.1,0.0038771145,11175
6.92,-4.800981,11175
6.9,-4.262834,11175
6.82,-5.081432,11175
6.82,-2.0025845,11175
6.82,-5.5869513,11175
6.26,0.1471673,11175
7.24,3.645624,2001
6.16,-3.18813,17792
5.57,-3.3484392,17792
5.5,-5.9264355,17792
5.23,-3.7564948,17792
9.29,-4.800033,2603
8.82,2.4571955,2603
8.51,-2.2470908,2603
8.47,-5.0063176,2603
8.43,0.5609248,2603
8.3,-4.5772586,2603
8.15,1.3864564,2603
7.66,0.87650496,2603
7.46,0.50869274,2603
7.17,-1.0934088,2603
7.04,-4.838373,2603
6.59,0.48120907,2603
6.55,-4.0834217,2603
6.44,-4.8015165,2603
6.41,-2.0144067,2603
4.66,0.32268697,74
8.52,4.212805,17328
8.4,2.0250266,17328
8.3,5.023677,17328
8.15,6.3917174,17328
8.1,5.787578,17328
8.1,5.058868,17328
8.1,7.3548417,17328
8.1,4.6981974,17328
7.92,5.1093507,17328
7.89,4.482916,17328
7.68,6.2880564,17328
7.66,6.4085126,17328
7.51,4.6287985,17328
7.46,3.2548637,17328
7.25,4.8753157,17328
7.25,-2.4563067,17328
7.17,5.1202264,17328
7.09,1.3302711,17328
7.03,5.6492515,17328
6.6,0.28369993,17328
6.55,3.6825876,17328
6.38,1.7896137,17328
6.14,3.4439578,17328
5.96,-0.7001515,17328
5.75,0.7103306,17328
5.64,0.39311388,17328
5.48,-2.304663,17328
5.4,-1.3885863,16229
5.3,-0.24082582,16229
8.05,-0.7845559,6045
7.7,0.676139,6045
7.51,0.6643119,6045
7.05,2.385754,6045
6.88,3.3428876,6045
6.64,2.385754,6045
6.54,-1.199515,6045
6.41,0.19727291,6045
6.34,-3.5743458,6045
6.3,-2.0448093,6045
6.29,0.3654742,6045
6.07,-0.7845559,6045
5.72,1.29068,6045
5.7,3.5746937,6045
5.6,-3.483394,6045
5.44,0.6643119,6045
8.11,2.0053082,3793
7.58,0.3942659,3793
7.3,1.7024349,12559
7.44,3.3533084,14407
5.71,-1.99104,14407
7.4,-1.5465864,8121
5.92,-4.111002,2942
5.43,-4.395829,2942
5.22,-5.325947,2942
4.92,-5.853371,2942
4.82,-9.413331,2942
4.22,-7.1976066,2942
8.37,3.369491,9971
8.22,3.9926205,9971
8.19,4.424982,9971
6.77,1.3688753,9971
6.42,1.1469617,9971
5.23,-7.647789,7134
4.78,-7.7650447,7134
4.66,-9.150887,7134
4.52,-8.650553,7134
4.48,-6.096746,7134
4.29,-6.3703003,7134
4.22,-9.173776,7134
9.05,1.3168188,11172
9.0,4.0231314,11172
9.0,0.533024,11172
9.0,3.9648898,11172
9.0,3.0285723,11172
9.0,-0.1210057,11172
9.0,-0.636375,11172
9.0,1.0453198,11172
9.0,-3.4633582,11172
9.0,1.5057353,11172
9.0,3.7209446,11172
9.0,-0.4638193,11172
9.0,0.6465123,11172
9.0,1.5245383,11172
9.0,2.107791,11172
9.0,0.25375623,11172
9.0,0.9265749,11172
9.0,1.2167575,11172
9.0,2.4209805,11172
9.0,0.83188546,11172
9.0,1.3060727,11172
9.0,0.47831595,11172
9.0,0.891181,11172
9.0,-2.8616917,11172
9.0,3.3546653,11172
8.7,1.4049172,11172
8.7,3.366975,11172
8.7,4.3445096,11172
8.7,3.610319,11172
8.7,4.1733065,11172
8.7,0.44246367,11172
8.7,4.2671824,11172
8.7,3.7301457,11172
8.7,4.5083575,11172
8.7,5.1627073,11172
8.7,1.0633262,11172
8.7,2.3077922,11172
8.7,-0.5504166,11172
8.7,-1.813499,11172
8.7,3.1392505,11172
8.7,-0.105517805,11172
8.7,2.643979,11172
8.7,2.4851549,11172
8.7,0.9265749,11172
8.7,0.9265749,11172
8.7,-2.7146614,11172
8.7,1.0772384,11172
8.7,2.2381363,11172
8.7,3.3907502,11172
8.7,3.3907502,11172
8.52,2.1763923,11172
8.52,2.453785,11172
8.52,3.366576,11172
8.52,3.0264344,11172
8.52,2.3011625,11172
8.52,2.5576377,11172
8.52,3.861829,11172
8.52,2.9661148,11172
8.52,1.7888559,11172
8.52,1.3168188,11172
8.52,-1.1411036,11172
8.52,-0.27841184,11172
8.4,0.4078021,11172
8.4,-4.6141706,11172
8.4,0.95201266,11172
8.4,1.7727195,11172
8.4,0.8273961,11172
8.4,-2.4086807,11172
8.4,2.6073878,11172
8.4,3.194447,11172
8.4,-1.0799493,11172
8.4,1.301719,11172
8.4,2.8763354,11172
8.4,0.046913818,11172
8.4,-0.3714082,11172
8.4,-5.472657,11172
8.4,4.2067785,11172
8.3,-0.9325546,11172
8.3,1.3168188,11172
8.3,-2.3193562,11172
8.3,-0.11495417,11172
8.3,1.1544579,11172
8.3,5.0096054,11172
8.3,-1.4178333,11172
8.3,4.920247,11172
8.22,0.8030345,11172
8.22,3.223186,11172
8.22,1.6619761,11172
8.22,3.1055675,11172
8.22,2.3348293,11172
8.22,3.3907502,11172
8.22,-2.5487828,11172
8.22,-0.18004942,11172
8.22,6.187477,11172
8.22,-0.7687697,11172
8.15,3.888036,11172
8.15,4.1648493,11172
8.15,4.1718264,11172
8.15,1.3362474,11172
8.15,-0.19095987,11172
8.1,1.249136,11172
8.1,-1.3309956,11172
8.1,3.4799743,11172
8.1,5.448973,11172
8.1,-1.1952916,11172
8.1,5.9959617,11172
8.05,3.5927558,11172
8.05,1.8782915,11172
8.05,-1.4525558,11172
8.05,-1.8497783,11172
8.05,-0.13976769,11172
8.05,-0.748795,11172
8.0,1.3316011,11172
8.0,1.1284442,11172
8.0,2.8538406,11172
8.0,-4.030028,11172
7.96,1.2309484,11172
7.96,1.6983418,11172
7.96,-0.9504633,11172
7.96,3.374584,11172
7.96,2.0904632,11172
7.92,3.5469432,11172
7.92,-0.47734717,11172
7.89,-0.068402365,11172
7.89,3.6610372,11172
7.89,4.3259892,11172
7.85,4.3235345,11172
7.85,3.5874703,11172
7.82,3.8302321,11172
7.8,-3.1089714,11172
7.8,0.33089623,11172
7.77,-2.1252756,11172
7.77,3.3751311,11172
7.77,1.9638572,11172
7.77,3.7742724,11172
7.77,-1.088745,11172
7.75,2.5830903,11172
7.75,-2.7243633,11172
7.7,2.3956714,11172
7.68,0.30677366,11172
7.66,6.189498,11172
7.66,4.3445096,11172
7.66,-1.3309956,11172
7.64,3.909765,11172
7.64,6.171134,11172
7.64,1.8783203,11172
7.62,2.5895965,11172
7.6,1.2436757,11172
7.6,-0.4135882,11172
7.58,1.3117826,11172
7.57,4.410985,11172
7.55,-1.4976178,11172
7.52,3.1131647,11172
7.52,4.7687426,11172
7.52,3.4637947,11172
7.51,-1.827255,11172
7.48,0.042291403,11172
7.46,1.8087194,11172
7.44,0.30677366,11172
7.44,0.7708718,11172
7.43,-1.5166842,11172
7.41,-0.4408191,11172
7.4,-1.2487379,11172
7.39,0.30677366,11172
7.36,0.47580826,11172
7.33,0.13480642,11172
7.31,1.2431538,11172
7.29,1.6809956,11172
7.28,5.119463,11172
7.27,0.32879543,11172
7.26,7.907319,11172
7.21,-2.6725056,11172
7.21,2.4636536,11172
7.19,2.240904,11172
7.16,4.073688,11172
7.15,-1.827255,11172
7.11,1.2016556,11172
7.11,2.8533328,11172
7.08,-1.3053055,11172
7.07,1.3212588,11172
7.05,3.6668618,11172
7.02,-1.9223089,11172
7.01,-1.1245451,11172
7.0,1.5271719,11172
6.93,0.8791498,11172
6.9,-0.43868232,11172
6.9,0.78990626,11172
6.84,3.1543248,11172
6.83,0.11449215,11172
6.8,0.4460958,11172
6.78,5.292919,11172
6.77,1.7914282,11172
6.73,6.20788,11172
6.72,0.2814964,11172
6.72,0.74464434,11172
6.71,3.5460644,11172
6.7,3.2073088,11172
6.7,0.82205564,11172
6.63,4.8235774,11172
6.63,2.340869,11172
6.62,1.4819586,11172
6.61,-1.0498939,11172
6.52,1.4719633,11172
6.49,3.8320978,11172
6.49,-0.6018324,11172
6.48,3.2242746,11172
6.34,-0.31008142,11172
6.34,-0.21150701,11172
6.33,2.4735017,11172
6.25,-0.24775778,11172
6.15,1.2703786,11172
6.15,1.0004907,11172
6.1,3.8027146,11172
6.09,0.657619,11172
5.94,1.7032462,11172
5.94,2.3698037,11172
5.94,-1.5657177,11172
5.89,-4.275161,11172
5.87,1.998978,11172
5.84,0.95083636,11172
5.37,3.3435495,11172
5.05,1.4155233,11172
8.75,2.601853,8786
8.49,3.2773864,8786
8.34,1.5462091,8786
8.31,2.5076673,8786
7.97,4.140281,8786
7.96,0.40816027,1950
7.92,0.338707,1950
7.85,-1.7327919,1950
7.82,-0.21715845,1950
7.7,-0.7524239,1950
7.54,-3.457237,1950
7.54,-2.3717198,1950
7.47,-2.5161917,1950
7.46,-0.34383628,1950
7.44,0.46801677,1950
7.43,-1.9772773,1950
7.42,-1.9282128,1950
7.41,-1.7292998,1950
7.4,-0.9631591,1950
7.38,0.0067301877,1950
7.35,-2.1053734,1950
7.33,-0.28883645,1950
7.3,-1.5457041,1950
7.16,-0.14071311,1950
7.1,0.64664197,1950
7.09,-3.1959648,1950
7.06,-4.8103433,1950
7.05,-1.5608227,1950
6.98,-4.1053205,1950
6.93,-4.15309,1950
6.92,-5.2544417,1950
6.9,-3.293893,1950
6.89,0.19261625,1950
6.87,-4.7049804,1950
6.85,-2.372175,1950
6.79,-4.6923556,1950
6.7,-4.0771503,1950
6.64,-5.625583,1950
6.62,-3.360699,1950
6.6,-5.087694,1950
6.59,-3.5644636,1950
6.57,-3.2431834,1950
6.48,-6.669316,1950
5.98,-7.002713,1950
5.96,-2.3975513,1950
5.79,-5.6879077,1950
5.78,-4.8813634,1950
5.43,-4.382966,1950
5.4,-1.5117579,1950
5.1,-4.5209885,1950
5.1,-1.2679104,1950
5.7,-3.4491262,2509
6.66,0.98517656,11384
5.64,-3.8654573,11384
5.38,-2.4365904,11384
5.37,-4.5465055,11384
6.68,1.451198,4116
6.5,1.2017958,4116
6.39,1.4108526,4116
6.37,2.8505752,4116
6.21,-1.9826,4116
6.16,-0.4411452,4116
6.08,0.29128402,4116
6.03,1.0713096,4116
5.96,3.1151557,4116
5.85,0.4902664,4116
5.85,-1.8317801,4116
5.34,1.178365,4116
5.67,-0.85470855,628
5.46,-4.6694527,628
5.3,-1.4592158,628
6.42,-4.4548197,13555
6.38,-1.1259469,13555
6.34,-5.465515,15828
4.85,-3.7517388,15828
4.6,-5.7307043,15828
4.6,-6.6619825,15828
4.55,-6.5768876,15828
4.48,-5.7399926,15828
4.47,-8.991521,15828
4.4,-7.055158,15828
4.4,-6.2101417,15828
4.3,-3.8191903,15828
4.3,-7.0003357,15828
4.3,-3.9620402,15828
4.3,-5.277055,15828
4.3,-8.187806,15828
4.3,-8.007551,15828
5.72,2.2407444,8833
9.0,4.8691545,17031
9.0,1.8250525,17031
9.0,0.56038535,17031
8.7,1.8630978,17031
8.52,1.8578917,17031
8.52,-0.2730272,17031
8.4,1.6117182,17031
8.4,0.6641405,17031
8.4,5.568047,17031
8.4,3.4826963,17031
8.4,2.5278883,17031
8.4,1.5794133,17031
8.3,4.61672,17031
7.92,2.478321,17031
7.75,1.1029278,17031
7.64,1.0727617,17031
7.51,-1.0260806,17031
7.03,3.3284273,17031
9.22,6.039533,15661
8.52,-1.2365911,15661
8.0,0.5134588,15661
7.7,-1.2365911,15661
7.7,0.13867243,15661
7.7,-1.2365911,15661
7.0,-6.34154,15661
6.77,-4.7235084,15661
6.64,-0.9363132,15661
6.6,-0.29904062,15661
6.41,-1.1772859,15661
6.3,-6.5260754,15661
6.3,0.6611592,15661
5.85,-5.8200526,15661
5.64,-1.0734974,15661
5.37,2.9841578,15661
4.75,1.0558888,15661
4.46,-6.754141,15661
8.77,5.921844,4444
8.64,2.9438214,4444
8.49,5.2946587,4444
8.28,0.10807702,4444
7.05,1.1599104,4444
6.03,0.5094476,4444
8.52,-2.6264129,5091
6.23,-3.3872836,11458
5.64,-3.3872836,11458
5.26,1.0675011,16684
9.0,0.782104,6198
8.52,-1.2131661,6198
8.52,-2.9991498,6198
8.52,-1.6491451,6198
8.52,-0.24206518,6198
8.52,1.0401466,6198
8.52,0.19289874,6198
8.52,-2.9176917,6198
8.4,-2.8908558,6198
8.4,1.0401466,6198
8.4,1.8021855,6198
8.3,1.9554452,6198
8.3,0.13323648,6198
8.3,-3.2044861,6198
8.3,0.19289874,6198
8.3,-0.32397357,6198
8.26,-0.42042455,6198
8.26,-4.372006,6198
8.26,1.1447375,6198
8.26,2.9425895,6198
8.26,1.6375878,6198
8.22,2.9596431,6198
8.22,-0.42042455,6198
8.22,-0.32397357,6198
8.22,-0.32397357,6198
8.19,-1.0078915,6198
8.19,-1.738762,6198
8.15,0.25120553,6198
8.15,-3.647303,6198
8.12,-2.9176917,6198
8.1,-2.8397648,6198
8.1,4.061555,6198
8.1,1.7312865,6198
8.1,-3.1757429,6198
8.1,-3.647303,6198
8.05,-2.8397648,6198
8.05,-2.5495353,6198
8.05,-2.5495353,6198
8.05,0.13323648,6198
8.02,0.19483826,6198
8.0,4.4990025,6198
7.94,-4.372006,6198
7.92,1.768114,6198
7.92,-2.8397648,6198
7.92,-1.6500008,6198
7.92,-0.2831396,6198
7.89,-0.41573808,6198
7.89,-2.541146,6198
7.82,-1.6500008,6198
7.82,-0.871892,6198
7.82,-0.32133082,6198
7.82,0.732231,6198
7.81,-1.894602,6198
7.8,-0.83285373,6198
7.8,0.15602416,6198
7.77,-1.6500008,6198
7.77,2.5717924,6198
7.75,0.60509825,6198
7.75,-0.871892,6198
7.75,1.0491599,6198
7.72,-0.871892,6198
7.72,-0.024714071,6198
7.72,-2.8908558,6198
7.72,-3.1555467,6198
7.72,-2.1342936,6198
7.72,1.6037776,6198
7.7,2.5324929,6198
7.7,0.35959753,6198
7.7,2.8696103,6198
7.69,-2.0254474,6198
7.68,-1.2131661,6198
7.68,0.70639306,6198
7.68,-0.6004983,6198
7.67,2.439558,6198
7.66,-1.6338508,6198
7.66,-1.9645479,6198
7.65,0.035834443,6198
7.64,-1.5852815,6198
7.62,0.5551493,6198
7.6,-1.063235,6198
7.58,-0.9230968,6198
7.57,-0.33027336,6198
7.57,1.7998371,6198
7.57,2.417192,6198
7.52,0.71241856,6198
7.5,-0.20862953,6198
7.47,0.46540007,6198
7.46,0.61501396,6198
7.45,2.8726337,6198
7.42,-0.6421419,6198
7.41,-1.587025,6198
7.41,0.18516651,6198
7.39,2.2385817,6198
7.38,-0.081159115,6198
7.37,2.4610255,6198
7.36,1.3027394,6198
7.35,1.6375878,6198
7.35,-1.0078915,6198
7.34,-1.0602447,6198
7.33,-1.2131661,6198
7.33,-3.3558593,6198
7.32,-2.5495353,6198
7.31,0.010031534,6198
7.31,-0.22887476,6198
7.29,0.88844544,6198
7.27,-3.647303,6198
7.24,-0.238782,6198
7.21,-0.24558483,6198
7.19,1.2557678,6198
7.19,-3.3558593,6198
7.19,-0.39128727,6198
7.18,-1.3331605,6198
7.17,-1.5177851,6198
7.15,3.3348897,6198
7.14,0.5276704,6198
7.13,0.64830196,6198
7.12,-0.1789485,6198
7.12,2.065333,6198
7.12,-4.2292767,6198
7.11,-4.77077,6198
7.03,-3.9492192,6198
7.0,-0.7029996,6198
7.0,2.065333,6198
6.97,-2.6175697,6198
6.96,2.417192,6198
6.95,-0.88268405,6198
6.94,-3.0118847,6198
6.92,1.4355673,6198
6.9,-0.9493662,6198
6.73,-0.6510298,6198
6.73,-2.6990688,6198
6.72,0.10051732,6198
6.58,-2.6990688,6198
6.21,2.417192,6198
5.8,2.910179,6198
5.79,1.2521104,6198
5.29,-6.513156,14103
5.89,-0.5598632,3029
9.7,5.8542395,2135
9.4,6.4579577,2135
9.22,3.7977722,2135
9.22,5.857144,2135
9.1,6.224028,2135
9.0,5.9507155,2135
9.0,5.8187337,2135
9.0,4.443127,2135
8.92,5.5705333,2135
8.85,6.145159,2135
8.85,7.143091,2135
8.85,6.50861,2135
8.77,5.0965567,2135
8.7,4.882642,2135
8.52,5.2294493,2135
8.52,4.330436,2135
8.49,1.3815674,2135
7.82,-0.10605641,2135
4.87,-1.5789323,12812
8.15,4.236432,12530
7.6,1.0979521,12530
7.29,2.3122346,12530
7.16,4.86237,12530
7.14,2.7758248,12530
6.92,-0.9492943,12530
6.82,1.3227187,12530
6.8,3.5622132,12530
6.72,1.5859367,12530
6.48,1.0998974,12530
6.28,1.9331783,12530
6.16,2.6422958,12530
6.08,3.1192715,12530
6.03,-0.11692801,12530
5.96,-0.34895685,12530
5.92,2.6551259,12530
5.89,0.54254717,12530
5.64,0.58790123,12530
7.96,0.16840547,3874
7.55,2.973612,3874
8.52,-1.7512287,17665
7.52,0.8028529,17665
8.7,7.4608755,2198
8.7,5.90579,2198
8.52,6.000337,2198
8.3,4.106499,2198
8.22,3.7815397,2198
8.22,1.293268,2198
8.22,5.484653,2198
8.22,3.128179,2198
8.15,5.909089,2198
8.1,5.8785677,2198
8.1,3.6193523,2198
8.1,3.8014886,2198
8.05,3.6930068,2198
8.05,5.940633,2198
8.05,3.7922783,2198
7.96,1.9542055,2198
7.85,2.1313086,2198
7.85,3.1006863,2198
7.85,4.8691435,2198
7.82,1.8287919,2198
7.72,2.7718694,2198
7.62,3.552298,2198
7.55,2.4363832,2198
7.52,2.9906816,2198
7.39,3.0996835,2198
7.28,1.6698846,2198
7.15,2.4989376,2198
6.74,-0.3427274,2198
6.55,0.2567234,2198
7.9,-6.8603225,16540
7.08,-1.753533,16540
6.71,-5.453047,16540
6.56,-8.052507,16540
6.01,-6.4339995,16540
5.92,-4.100709,16540
5.89,-3.4862185,16540
5.57,-5.7876897,16540
5.52,0.8239598,16540
5.4,-6.705857,16540
5.4,-2.1593072,16540
5.33,-1.8277469,16540
5.29,-0.748781,16540
5.23,-3.7571888,16540
5.07,-7.823795,16540
5.05,-2.3145642,16540
4.77,-1.0944464,16540
4.49,-3.464493,16540
4.34,-3.3018858,16540
4.32,-1.2379851,16540
4.29,-1.5806726,16540
4.3,-0.37460598,1021
7.81,-2.8559978,3281
7.8,0.15431552,14015
7.12,1.9829457,14015
6.54,-5.3485975,3212
6.17,-4.84704,3212
8.43,-0.544874,1778
8.26,2.0998542,1778
8.05,-1.7999893,1778
7.72,2.9677444,1778
7.31,1.9580585,1778
7.22,-4.1891055,1778
7.06,0.08001767,1778
7.02,2.0998542,1778
7.0,-4.0585628,1778
6.85,-4.1812367,1778
6.7,-0.19961704,1778
6.7,-4.294308,1778
6.66,1.2547101,1778
6.55,0.37695953,1778
6.41,-4.8576264,1778
6.37,-1.4647074,1778
6.37,-4.1891055,1778
6.12,-6.402688,1778
6.01,-0.34602046,1778
6.0,-7.0720825,1778
5.96,-6.491673,1778
5.8,-9.709782,1778
5.7,-5.3686347,1778
5.64,-6.749707,1778
5.6,-7.734716,1778
5.22,-3.8854976,1778
5.16,-8.923499,1778
8.0,0.82605505,14039
7.77,2.9232528,14039
7.26,0.6632192,14039
7.03,4.4994125,14039
6.52,2.196163,14039
5.95,-2.324024,6349
7.85,1.4848208,3370
7.72,-0.7495002,3370
7.05,-2.5337458,3370
6.72,-4.4316344,3370
6.7,-2.4510667,3370
6.58,-4.131174,3370
6.56,0.380252,3370
6.31,-4.356296,3370
5.96,-3.5044222,3370
5.92,-5.508854,3370
5.82,-3.4439282,3370
5.38,-6.055641,3370
5.19,-7.8485894,3370
5.09,-3.4691467,3370
4.92,-2.4524906,3370
4.82,-6.631044,3370
4.7,-8.489066,3370
4.55,-6.7995863,3370
4.5,-5.2833624,2471
10.0,1.6434178,6224
10.0,0.803424,6224
10.0,3.0196579,6224
10.0,5.165002,6224
10.0,1.8010385,6224
10.0,3.937212,6224
10.0,0.7323091,6224
10.0,1.3862681,6224
9.7,-0.16987865,6224
9.7,3.7659917,6224
9.7,0.803424,6224
9.7,-1.2270027,6224
9.52,1.3862681,6224
9.52,1.6434178,6224
9.52,-1.4019296,6224
9.52,0.63208175,6224
9.4,-1.27691,6224
9.4,4.576171,6224
9.4,3.7249148,6224
9.3,3.4711156,6224
9.3,1.888046,6224
9.3,4.257788,6224
9.15,1.1011312,6224
9.15,-2.7724988,6224
9.15,2.8805478,6224
9.15,7.551581,6224
9.15,-1.6726631,6224
9.15,0.76407075,6224
9.15,3.0022106,6224
9.1,5.57013,6224
9.05,3.2837176,6224
9.05,2.9753692,6224
9.0,3.1381156,6224
9.0,2.8467984,6224
9.0,2.8359208,6224
8.92,1.0253937,6224
8.85,3.1381156,6224
8.77,2.1934907,6224
8.74,2.8805478,6224
8.72,0.94065094,6224
8.68,1.5936412,6224
8.68,-3.9703252,6224
8.64,-0.2347412,6224
8.57,-0.2347412,6224
8.52,3.9319937,6224
8.43,0.00799476,6224
8.43,2.53331,6224
8.42,2.1286223,6224
8.39,-2.3721855,6224
8.39,1.8262045,6224
8.37,3.9218512,6224
8.37,7.8739753,6224
8.35,-3.636299,6224
8.33,-0.5640863,6224
8.32,0.803424,6224
8.3,1.9468915,6224
8.3,5.8761196,6224
8.26,3.7659917,6224
8.24,-0.8542466,6224
8.22,2.457402,6224
8.2,3.7846255,6224
8.2,2.892885,6224
8.15,1.5729132,6224
8.14,0.68862563,6224
8.14,1.5759284,6224
8.14,1.9068143,6224
8.12,1.397662,6224
8.09,-2.2315466,6224
8.0,-6.998544,6224
8.0,-0.43192592,6224
7.99,-3.3798618,6224
7.93,-1.8277153,6224
7.93,-3.3087974,6224
7.92,3.613756,6224
7.91,2.0395372,6224
7.91,2.783731,6224
7.88,1.7706351,6224
7.88,-2.9464197,6224
7.87,-3.1575787,6224
7.87,-5.572939,6224
7.85,2.357682,6224
7.84,1.7626983,6224
7.82,4.715256,6224
7.8,-0.1303761,6224
7.79,-0.9752692,6224
7.76,-4.4302626,6224
7.76,1.8357196,6224
7.76,5.8584514,6224
7.65,1.4363018,6224
7.64,2.0856314,6224
7.6,0.71909785,6224
7.56,-0.4772518,6224
7.46,0.25963128,6224
7.41,2.6541095,6224
7.4,4.3394394,6224
7.33,-1.2102592,6224
7.25,-4.2887044,6224
7.24,1.6636554,6224
7.17,-2.3959677,6224
7.11,-0.11156061,6224
6.98,0.57787275,6224
6.93,1.6029401,6224
6.92,1.3862681,6224
6.71,1.6434178,6224
6.68,0.15058017,6224
6.6,1.2303525,6224
6.39,-4.230978,6224
6.09,2.3198178,6224
5.82,2.2590363,6224
5.72,1.6029735,6224
5.48,-5.460403,6224
5.1,3.857986,6224
6.3,-7.306976,14424
8.7,0.95541656,8499
8.7,-0.9019854,15877
8.4,-3.131313,15877
8.15,2.4726517,15877
8.1,-0.21004735,15877
8.0,1.2461219,15877
7.96,-0.83937347,15877
7.8,0.093636,15877
7.77,-4.2309127,15877
7.23,-1.4197605,15877
7.21,-2.4627948,15877
7.04,0.7884029,15877
5.92,-6.2455807,15877
5.92,-6.4132915,15877
5.68,-1.4897778,15877
7.43,-0.25872657,5448
5.61,0.64363116,7976
5.91,4.0103145,13979
7.89,0.86642385,16315
7.77,2.53903,16315
7.77,1.0343214,16315
7.72,0.04140199,16315
7.62,-0.38322937,16315
7.6,2.407424,16315
7.57,2.0274422,16315
7.57,-0.79855496,16315
7.55,0.88017327,16315
7.44,0.41822124,16315
7.42,1.8722876,16315
7.42,0.124207914,16315
7.25,1.1413466,16315
7.23,0.44518012,16315
7.16,0.27782404,16315
7.12,-0.7425468,16315
7.07,1.4953144,16315
7.02,1.2423481,16315
7.0,-1.8518358,16315
6.87,3.5476782,16315
6.86,-3.8274581,16315
6.62,-2.561777,16315
6.17,-2.935681,16315
6.04,-0.19733419,16315
5.86,-3.958683,16315
5.66,-0.9178721,16315
5.32,-1.5259722,16315
5.24,-2.9182754,16315
5.01,-1.1475244,16315
4.83,-2.2199724,16315
4.76,-3.7753122,16315
4.62,-5.3602204,16315
4.57,-5.6115084,16315
5.27,-1.1705363,10177
8.4,2.534934,13986
9.7,3.355345,15710
9.3,-4.451891,5380
5.86,-3.6225803,1562
8.55,0.24514729,4443
8.25,2.3499765,4443
8.15,4.953295,4443
7.92,-0.15546888,4443
7.05,3.0296142,4443
5.34,-0.8174963,2806
6.89,-3.6167293,8954
7.62,1.0222077,15090
5.81,-6.0442204,2726
7.07,2.1031678,12458
6.85,-0.9928051,12458
6.7,0.5494585,12458
6.68,2.054535,12458
6.48,-0.9650767,12458
5.37,-1.4617406,12458
6.9,-2.7236784,8351
6.42,-5.1317134,8351
5.28,-4.643529,8351
5.08,-1.1600599,8351
7.58,-0.54395163,5581
7.36,3.483138,5581
6.32,-1.4553083,10959
5.86,-4.0757537,10959
7.41,2.6030183,4798
7.17,2.4738457,4798
6.63,2.7452884,4798
7.7,-0.38807288,7917
7.68,-4.662254,7917
7.66,-3.6797888,7917
7.62,-5.5485663,7917
7.6,1.2619317,7917
7.6,-8.32068,7917
7.58,-3.4356942,7917
7.57,2.523733,7917
7.55,-2.7055535,7917
7.54,-2.5668726,7917
7.52,2.0616243,7917
7.52,-1.1733235,7917
7.52,-1.6320162,7917
7.47,-3.1603813,7917
7.44,2.8646657,7917
7.43,-1.0006162,7917
7.42,3.5549078,7917
7.42,-2.135884,7917
7.4,1.1766902,7917
7.4,-5.5759187,7917
7.4,-8.2730665,7917
7.39,-2.7055542,7917
7.39,-1.0006167,7917
7.39,-3.192724,7917
7.38,-3.2041788,7917
7.38,-2.0811412,7917
7.37,-2.7125645,7917
7.37,0.8296909,7917
7.36,-1.1800643,7917
7.36,-6.8591957,7917
7.36,-2.3316698,7917
7.35,2.0396862,7917
7.35,-2.9832723,7917
7.35,-1.8623408,7917
7.34,-3.6773002,7917
7.34,-3.3935015,7917
7.34,-6.0383286,7917
7.34,-2.9851105,7917
7.34,-1.5681567,7917
7.33,-0.45839933,7917
7.33,3.300672,7917
7.32,-0.3333068,7917
7.32,-2.8590782,7917
7.32,-6.5828424,7917
7.32,-2.9930634,7917
7.32,2.061624,7917
7.29,0.7813449,7917
7.29,-4.595793,7917
7.29,-8.342349,7917
7.28,-6.350147,7917
7.28,-5.2087464,7917
7.28,0.009125691,7917
7.27,-2.4706585,7917
7.25,-5.9024854,7917
7.25,-2.3756013,7917
7.24,-1.5619192,7917
7.24,-0.34351525,7917
7.24,-5.9102197,7917
7.24,-1.4695591,7917
7.24,-3.8580601,7917
7.24,-1.3685111,7917
7.24,-3.980903,7917
7.22,1.0074192,7917
7.21,-3.3724523,7917
7.21,1.1462927,7917
7.21,-4.9721923,7917
7.21,-7.0690827,7917
7.21,-1.3324999,7917
7.2,3.117494,7917
7.2,-6.394341,7917
7.2,-4.5428634,7917
7.2,-1.1824956,7917
7.19,-1.0776329,7917
7.19,-0.43684834,7917
7.19,-2.8590782,7917
7.18,-1.8093007,7917
7.18,-3.225145,7917
7.18,-1.1190155,7917
7.17,-6.1763887,7917
7.17,2.051666,7917
7.17,-3.602829,7917
7.16,-4.9721923,7917
7.16,2.8928168,7917
7.15,1.006698,7917
7.14,1.0066979,7917
7.14,-0.60213214,7917
7.14,-0.5027325,7917
7.12,2.7723267,7917
7.12,0.22191806,7917
7.12,-3.3493695,7917
7.11,-2.254971,7917
7.1,-1.1824956,7917
7.1,2.134434,7917
7.1,-2.358343,7917
7.1,-0.74477094,7917
7.09,-3.9356244,7917
7.09,-1.4695601,7917
7.08,-6.858839,7917
7.08,1.1319548,7917
7.07,0.78134465,7917
7.07,1.4258975,7917
7.07,1.8976374,7917
7.07,-2.7488577,7917
7.06,0.075647205,7917
7.06,-2.6959271,7917
7.05,-0.8404605,7917
7.05,-1.0102123,7917
7.05,-2.0091162,7917
7.04,-3.3952053,7917
7.04,-1.1509131,7917
7.03,-5.8226557,7917
7.03,3.2207527,7917
7.03,-4.458498,7917
7.03,-1.294634,7917
7.02,-3.3204908,7917
7.02,-5.4635983,7917
7.01,-1.5790875,7917
7.01,-0.88644415,7917
7.0,5.2354827,7917
7.0,-3.103045,7917
7.0,-3.7524633,7917
7.0,-4.071599,7917
7.0,0.2066923,7917
7.0,-2.0064967,7917
6.96,3.1751347,7917
6.96,-2.3597984,7917
6.96,-2.1978328,7917
6.96,0.20268002,7917
6.96,-0.76571274,7917
6.96,0.92289567,7917
6.96,-5.5561976,7917
6.96,-2.0091162,7917
6.96,-1.3394831,7917
6.96,-1.3394835,7917
6.94,-6.2614303,7917
6.92,-2.5071568,7917
6.92,-1.8282242,7917
6.92,-1.5681565,7917
6.92,-3.7242446,7917
6.92,2.1081789,7917
6.92,0.30300742,7917
6.89,-3.3788204,7917
6.89,0.51805854,7917
6.89,4.507843,7917
6.89,-2.907313,7917
6.89,-5.507432,7917
6.89,-4.115084,7917
6.85,-0.17832918,7917
6.82,-3.3503258,7917
6.82,0.76923764,7917
6.82,2.5621428,7917
6.82,-5.5453887,7917
6.82,-2.5071566,7917
6.82,-2.6547666,7917
6.82,-2.1959765,7917
6.8,-2.6547666,7917
6.8,1.56973,7917
6.8,0.23394148,7917
6.8,-2.3612986,7917
6.77,-2.0201597,7917
6.77,1.473844,7917
6.75,-4.548046,7917
6.75,-1.3006582,7917
6.7,-0.09829123,7917
6.64,-7.675265,7917
6.64,0.12862054,7917
6.62,-4.564152,7917
6.47,1.6324834,7917
6.41,1.9788193,7917
6.4,-4.4154463,7917
6.4,-6.662574,7917
6.4,-1.3859079,7917
6.38,-2.6756423,7917
6.38,-3.9972165,7917
6.38,2.0616243,7917
6.38,-2.6953263,7917
6.32,-3.7843516,7917
6.27,0.33307037,7917
6.27,-1.0718918,7917
6.19,0.38268423,7917
6.11,-2.5702229,7917
6.1,-2.1666286,7917
6.06,-3.68506,7917
6.05,-1.53873,7917
6.02,-3.295166,7917
6.02,-1.4568388,7917
5.92,-3.3251772,7917
5.89,-0.21257648,7917
5.85,-2.0718,7917
5.8,-1.9399539,7917
5.55,2.2363381,7917
5.48,-3.7523646,7917
8.89,-0.14289556,16007
8.89,0.1737053,16007
8.7,-3.7750869,16007
8.28,-3.7483716,16007
7.72,4.089535,15083
5.47,-7.671256,15083
8.4,4.0792556,17265
8.1,2.976623,17265
7.8,1.9181964,17265
7.68,1.1095122,17265
7.58,2.2066376,17265
7.48,1.7973229,17265
7.36,0.96367276,17265
4.54,-5.326947,17456
4.46,-5.7228723,17456
4.35,-8.4323,17456
5.53,-2.3861365,9259
5.5,-4.9922576,9259
7.52,3.5291064,3484
6.54,0.08770481,4118
6.48,0.25347722,4118
6.47,-1.2544576,4118
6.46,-1.2411124,4118
6.37,0.5190936,4118
6.23,0.9906181,4118
6.16,-4.4508467,4118
6.09,-2.0167606,4118
6.02,-2.7234354,4118
5.96,1.1330385,4118
5.7,0.9099593,4118
5.48,0.25347772,4118
5.38,0.4033168,4118
6.37,-8.210776,6669
6.32,-4.718778,6669
6.13,-5.2137775,6669
6.11,-7.6429005,6669
5.9,-6.23581,6669
5.83,-7.88991,6669
5.81,-3.6025445,6669
5.62,-5.0769815,6669
5.61,-5.3576894,6669
5.58,-6.2229614,6669
5.57,-6.842364,6669
5.57,-7.1823106,6669
5.47,-4.955547,6669
5.46,-4.3135552,6669
5.43,-9.07818,6669
5.33,-8.50024,6669
5.32,-6.261515,6669
5.21,-7.8829823,6669
5.08,-5.922034,6669
6.0,-2.0681398,15151
5.52,-0.28489825,15151
5.3,-3.6707196,15151
4.72,-3.6470304,15151
4.66,-4.5515623,15151
4.62,-6.642155,15151
4.6,-5.7651095,15151
4.55,-7.491849,15151
4.42,-8.118246,15151
4.41,-4.9955983,15151
4.03,-7.5175066,15151
7.3,0.42506823,196
8.0,-2.64625,9587
7.5,-1.8425214,9587
7.38,-1.5558112,9587
7.17,-0.94830763,9587
7.04,-1.9314704,9587
6.86,-5.692793,9587
6.78,-0.19060759,9587
6.78,-2.1879117,9587
6.73,1.9594672,9587
6.71,-0.72365373,9587
6.66,0.10803869,9587
6.61,-5.0282607,9587
6.53,-2.965659,9587
6.46,-2.281112,9587
6.42,0.07499684,9587
6.41,0.24940485,9587
6.37,-2.484689,9587
6.36,-3.3761957,9587
6.18,1.7869327,9587
6.0,1.0147771,9587
5.82,-1.9713576,9587
5.64,-0.07804003,9587
5.09,0.34999266,9587
4.74,1.3091968,9587
8.89,1.0376785,14770
8.82,3.7582586,14770
8.52,-0.7980815,14770
8.11,4.941946,14770
8.02,2.858903,14770
7.96,0.1095556,14770
7.91,2.2404454,14770
7.82,2.858903,14770
7.77,0.10955581,14770
7.62,-1.8529842,14770
7.18,1.775085,14770
7.01,4.761147,14770
6.59,6.146484,14770
6.44,-1.8529842,14770
6.05,4.9419465,14770
5.77,6.124491,14770
5.75,2.2404451,14770
5.62,4.7611465,14770
5.25,4.594456,14770
5.01,5.384949,14770
4.9,6.146484,14770
4.66,1.7750852,14770
4.64,1.8081306,14770
4.6,6.124491,14770
4.31,1.8081305,14770
8.07,2.601228,6415
7.82,2.9313376,6415
7.8,4.613109,6415
7.66,2.6012275,6415
7.64,3.2948906,6415
7.58,3.8009079,6415
7.5,1.8139279,6415
7.5,0.18198888,6415
7.29,1.8139284,6415
6.28,-2.609058,6415
6.28,1.308087,6415
5.93,-4.101672,6415
8.7,-1.2491168,1
8.52,3.0475888,1
8.3,-2.0305426,1
7.92,-2.0369925,1
7.75,-0.51487935,1
7.68,-2.0067942,1
7.57,-1.2162434,1
7.54,-1.8455412,1
7.52,2.587885,1
7.46,0.96727324,1
7.44,-0.08408271,1
7.28,0.29283807,1
7.27,-4.0960183,1
7.27,1.3953416,1
7.26,-2.5333536,1
7.23,-0.9562855,1
7.11,0.2201892,1
7.11,1.2172713,1
7.06,-2.7001483,1
7.02,-2.6999283,1
6.96,-2.7701342,1
6.92,-0.26840284,1
6.92,-3.5107896,1
6.75,1.9364607,1
6.7,-0.31043515,1
6.7,0.09236631,1
6.7,-1.9279168,1
6.68,0.57869256,1
6.64,0.60832673,1
6.6,-1.3487434,1
6.57,-5.2034416,1
6.55,-1.0704217,1
6.44,-0.5014252,1
6.42,-0.82760113,1
6.39,-2.0006754,1
6.39,-0.5564269,1
6.38,7.1408596,1
6.38,-1.3720882,1
6.24,-1.2978057,1
6.2,-2.406785,1
6.14,-3.0862014,1
6.12,-2.7855773,1
6.11,-1.8264064,1
6.08,-3.2277532,1
6.07,-3.5921938,1
5.96,-3.3119917,1
5.92,-1.696877,1
5.89,-0.6799897,1
5.85,-3.8876064,1
5.77,-2.0563107,1
5.6,1.2118356,1
5.47,-4.7644105,1
5.37,-2.29186,1
5.36,-2.447874,1
5.33,-4.4283824,1
5.23,-1.5215036,1
5.1,-1.2220618,1
4.46,-3.3560548,1
8.1,-0.3362504,6948
8.1,4.515309,6948
8.0,-1.0244563,6948
8.0,2.0996084,6948
7.96,-2.6534555,6948
7.92,-2.659898,6948
7.85,-2.4941087,6948
7.8,0.7917605,6948
7.66,0.34018978,6948
7.5,-2.580554,6948
7.48,1.2580965,6948
7.36,-2.3102114,6948
7.09,-5.994681,6948
6.89,-3.3460498,6948
6.89,-4.391549,6948
6.12,0.3996788,6948
5.72,-1.6417192,6948
5.16,-0.30037448,6948
5.65,-7.0768304,7467
6.92,0.55773306,6528
6.68,-0.4925855,6528
6.51,-0.906624,6528
6.51,-6.87844,6528
6.35,-3.241701,6528
6.29,-1.6231627,6528
6.28,-1.3668984,6528
6.27,2.5755768,6528
6.25,-3.3141444,6528
6.17,-0.82583433,6528
6.16,-1.0220978,6528
6.16,0.07946507,6528
6.12,-0.6094236,6528
6.11,-1.5897372,6528
6.11,-4.435224,6528
6.1,0.3830577,6528
6.1,-1.0621684,6528
6.04,-1.2106512,6528
6.0,1.7309239,6528
7.93,1.3151773,5927
6.61,2.1071036,5927
6.39,-2.7672656,5927
5.93,-2.6650014,5927
7.7,-3.0245533,17440
7.4,-3.9050996,17440
7.4,-4.2117286,17440
7.1,-4.6755676,17440
7.05,-7.118595,17440
7.0,-5.389323,17440
7.0,-5.658943,17440
7.0,-2.48762,17440
7.0,-1.5321523,17440
6.7,-2.6510851,17440
6.52,-6.3468394,17440
6.52,-4.4044857,17440
6.4,-2.1188192,17440
6.3,-4.049432,17440
6.05,-2.4436953,17440
5.82,-4.454279,17440
5.66,-1.8088194,17440
5.64,-2.9126222,17440
5.36,-1.1391745,17440
4.38,-4.100711,17440
4.37,-5.5335007,17440
4.0,-6.210288,17440
8.44,1.7596742,11486
8.4,-1.4676733,11486
8.3,0.04434576,11486
8.25,1.5198113,11486
8.24,-2.8115396,11486
8.21,-0.47333226,11486
8.21,1.9553331,11486
8.07,0.6574437,11486
8.05,-0.8710658,11486
8.05,4.4155407,11486
7.96,2.1375341,11486
7.64,2.824704,11486
7.6,-1.918734,11486
7.6,-0.040957075,11486
7.51,2.361453,11486
7.5,-0.8348938,11486
7.47,-0.9894351,11486
7.4,-0.028179016,11486
7.24,-0.39601472,11486
7.24,1.7057532,11486
7.21,-0.7269367,11486
7.19,0.36346453,11486
7.19,1.5030305,11486
7.11,-1.1182177,11486
7.08,1.6449221,11486
7.05,1.5524336,11486
6.99,-3.0367522,11486
6.96,0.9567852,11486
6.81,0.19995646,11486
6.79,-1.4771632,11486
6.65,-2.0682178,11486
6.54,-1.2255527,11486
6.37,-0.85559314,11486
6.26,-5.232608,11486
6.04,3.7301881,11486
5.7,-2.3701808,11486
6.94,-4.6783433,7145
6.83,-1.0037183,7145
6.43,0.9715381,7145
6.39,-1.6633337,7145
6.32,-2.659237,7145
6.09,-0.23697688,7145
5.53,1.5279995,7145
5.33,-1.7251213,7145
5.2,-5.3244653,7145
5.14,-6.447847,7145
5.12,-6.244235,7145
5.03,-3.064398,7145
5.0,-4.9906926,7145
6.02,-2.157093,2521
4.37,-5.5380235,2521
8.1,-0.36685005,2586
8.1,-2.8051097,2586
8.05,-4.147321,2586
8.05,-2.658628,2586
8.05,-2.9288352,2586
7.92,-1.6323943,2586
7.92,-0.9677986,2586
7.92,-2.9326077,2586
7.92,-2.4038093,2586
7.85,-2.31327,2586
7.72,-1.4087476,2586
7.7,-5.3687005,2586
7.7,-2.0475721,2586
7.68,-3.003787,2586
7.62,-3.5026777,2586
7.57,-3.1282752,2586
7.39,-2.6476612,2586
7.37,-5.4313073,2586
7.28,-3.7791612,2586
7.16,-2.0966344,2586
7.1,-2.6019433,2586
7.0,-2.419648,2586
6.96,-1.9799023,2586
6.94,-3.8199804,2586
6.89,-4.075672,2586
6.75,-2.8481705,2586
6.59,-5.2105827,2586
6.59,-3.8669434,2586
6.54,-3.1312394,2586
5.84,-3.4945629,2586
5.72,-3.4252937,2586
5.32,-3.6904175,2586
5.0,-7.6175065,2586
5.0,-1.0334219,2586
7.52,-3.648717,13376
8.52,-4.7709928,6207
8.4,3.5562046,6207
8.22,-3.04052,6207
7.96,4.357828,6207
7.82,-4.4751363,6207
7.66,-2.291916,6207
7.64,0.15437402,6207
7.14,-3.461165,6207
6.99,-3.362278,6207
6.96,-3.11046,6207
5.92,-2.7788422,12320
8.52,-4.9168673,16852
8.3,-2.4371598,16852
8.3,-0.6135049,16852
8.22,-0.028382491,16852
8.15,1.442587,16852
8.1,-5.393873,16852
8.05,0.14570415,16852
8.0,-2.9697409,16852
7.96,0.19716994,16852
7.96,-0.49212262,16852
7.96,1.415774,16852
7.96,1.7918139,16852
7.7,-0.4403067,16852
7.66,-2.6576278,16852
7.64,-3.1207328,16852
7.62,0.58627135,16852
7.52,-2.3971417,16852
7.48,-0.29437956,16852
7.44,-3.4122114,16852
7.44,-1.8883039,16852
7.42,-1.249341,16852
7.4,-1.650088,16852
7.38,0.32041076,16852
7.38,-2.21265,16852
7.36,1.5911065,16852
7.35,-4.239962,16852
7.32,-5.5222344,16852
7.32,-3.4333138,16852
7.3,-4.4293246,16852
7.28,-6.7469068,16852
7.27,-2.7869442,16852
7.21,1.314333,16852
7.16,1.211298,16852
7.12,-7.7458754,16852
7.11,-0.61334544,16852
7.08,-0.19259319,16852
7.07,-1.0835267,16852
7.0,-2.2931406,16852
6.97,-0.051002044,16852
6.91,3.1841052,16852
6.8,-1.5169744,16852
6.71,1.6376773,16852
6.15,-3.3617873,16852
6.02,2.6804533,16852
6.0,-6.7466707,16852
5.62,-4.981475,16852
5.33,-1.2706034,16852
5.1,-3.215747,16852
8.52,1.9959748,2298
5.96,-5.9101567,2298
5.47,-7.318852,5252
8.09,0.8697765,16257
8.52,3.6223748,1322
8.52,2.2538636,1322
8.52,2.975743,1322
7.96,3.2655876,1322
7.58,0.57981,1322
7.58,-0.44781318,1322
7.47,-1.916347,1322
7.46,0.5953496,1322
7.34,3.2629743,1322
7.28,-2.4414759,1322
7.28,-0.86247313,1322
7.24,-2.9943643,1322
7.21,0.8736318,1322
7.19,-1.5135972,1322
7.19,0.025208969,1322
7.08,3.01676,1322
7.02,0.05399178,1322
6.92,-1.511269,1322
6.89,1.182336,1322
6.82,-3.613272,1322
6.64,-0.7310785,1322
6.55,-1.7512643,1322
6.53,-2.4038115,1322
6.47,-0.7386991,1322
6.46,-3.961808,1322
6.23,-2.2499998,1322
6.1,-1.8538868,1322
5.96,0.5476782,1322
5.77,-4.126532,1322
5.72,-4.1277623,1322
7.62,2.0316253,2075
7.2,0.49784186,3284
7.07,-1.1305438,3284
6.87,-2.8395202,3284
6.86,-0.8907972,3284
6.83,0.1063658,3284
6.79,-0.6368267,3284
6.72,0.598093,3284
6.56,-1.399152,3284
6.53,-2.1845438,3284
6.21,-0.07083826,3284
5.96,-3.0068972,3284
5.83,-5.318074,3284
5.75,-4.8409925,3284
5.66,-3.1217713,3284
5.66,-4.624286,3284
5.62,-3.7480557,3284
5.61,-4.863527,3284
5.55,-3.5487614,3284
5.47,-2.4140942,3284
5.37,-6.431049,3284
5.37,-5.724446,3284
5.33,-0.69070333,3284
5.46,-5.100537,307
4.96,-6.6887717,307
4.92,-6.468144,307
4.81,-6.8755,307
4.7,-7.514469,307
4.52,-7.9094605,307
8.7,1.6397964,14502
7.11,-1.0207878,2299
6.14,-3.9725416,2299
5.17,-1.1461837,2299
5.83,-7.3060584,13480
5.82,-5.6237597,13480
5.7,-2.488521,13480
5.66,-5.5554223,13480
5.53,-6.172124,13480
8.02,2.1121402,6421
7.92,4.0162277,6421
7.89,2.4684203,6421
7.82,1.1388485,6421
7.82,2.8702037,6421
7.77,2.1121402,6421
7.75,2.2766078,6421
7.7,0.62023,6421
7.68,1.1388488,6421
7.62,1.144299,6421
7.39,-2.3523102,6421
6.63,-5.022597,6421
8.05,4.993436,6854
7.47,-4.860457,6854
7.89,3.4961717,17663
5.28,-0.7441667,1782
7.0,3.5088427,1698
6.16,0.28669018,1698
6.11,-1.304569,1698
8.4,2.5346813,16200
8.3,0.30660504,16200
8.1,1.8768415,16200
7.89,1.1633872,16200
7.8,2.2934937,16200
7.72,0.95496213,16200
7.62,-2.9164107,16200
7.16,0.25039837,16200
7.01,0.3720341,16200
6.65,3.1493669,16200
5.68,1.8451692,16200
5.07,-0.6182392,16200
4.8,-0.43746606,16200
4.66,0.03290769,16200
4.37,-2.7010915,16200
4.34,-6.732154,16200
4.5,-5.2939367,5687
5.27,-2.342976,11482
6.35,-5.826958,1390
6.08,-1.7373211,1390
6.04,-7.0145926,1390
5.85,-8.657576,1390
5.68,-5.5484033,1390
5.6,-1.755964,1390
5.6,-6.7588162,1390
5.54,-1.1993392,1390
5.49,1.2201995,1390
5.44,-3.6353703,1390
5.31,-6.3022513,1390
6.44,-3.3408697,2397
9.0,-2.7729309,17827
9.0,-3.2223198,17827
8.7,-1.1235965,17827
8.52,-4.750698,17827
8.52,-1.5375712,17827
8.4,-0.81270826,17827
8.4,-2.5438478,17827
8.3,-1.0393732,17827
8.15,-1.2915974,17827
8.15,-1.2245164,17827
8.1,-0.3674369,17827
7.96,0.39099854,17827
7.96,-0.013574202,17827
7.96,-0.392727,17827
7.7,-1.0531101,17827
7.55,-1.144992,17827
7.24,-1.6703887,17827
7.23,-0.73359394,17827
6.77,-1.0330338,17827
7.66,1.9524869,13766
7.39,2.5797515,13766
6.75,-0.44866145,13766
8.08,0.6994112,12663
8.0,-4.1662736,12663
7.24,-1.5007415,12663
6.49,-3.0076835,12663
6.44,-2.7932308,12663
6.23,-1.1990095,12663
5.94,-4.7409477,12663
5.75,0.17845397,12663
5.62,-7.627504,12663
5.6,-5.464913,12663
5.39,1.6194258,12663
5.3,-1.2223556,12663
5.29,0.71952415,12663
8.05,0.7534577,17301
7.82,2.565494,17301
7.75,1.1423569,17301
7.72,0.23113766,17301
7.7,5.545741,17301
7.62,-0.36039817,17301
7.62,2.5431406,17301
7.52,1.4726819,17301
7.48,3.5468307,17301
7.46,1.4775069,17301
7.44,2.426518,17301
7.34,4.1131263,17301
7.3,1.2946323,17301
7.24,2.9043531,17301
7.24,2.4370484,17301
7.12,3.3281667,17301
6.8,0.95128,17301
9.15,3.8132617,6388
8.27,0.7330135,7906
8.24,3.7884686,7906
8.1,-1.5354106,7906
8.09,-1.8209889,7906
7.94,6.838856,7906
7.75,7.345176,7906
7.73,-0.07218973,7906
7.71,2.8957016,7906
7.62,-0.8729726,7906
7.61,-0.8643163,7906
7.6,0.78607124,7906
7.57,1.9594214,7906
7.52,1.9756547,7906
7.52,1.7626653,7906
7.52,-0.37121373,7906
7.41,3.1882548,7906
7.39,3.7387497,7906
7.37,-0.20830743,7906
7.32,2.3934882,7906
7.32,3.4875581,7906
7.31,3.6826801,7906
7.3,-3.1171055,7906
7.3,4.1745615,7906
7.29,2.3924067,7906
7.28,3.4957113,7906
7.25,3.6749187,7906
7.24,2.1340916,7906
7.23,0.98315793,7906
7.2,3.5857832,7906
7.19,1.9198391,7906
7.18,-1.7254128,7906
7.18,2.0060883,7906
7.17,5.25612,7906
7.17,-2.3723066,7906
7.16,7.2212367,7906
7.15,3.9500844,7906
7.15,6.9667473,7906
7.14,0.8442737,7906
7.13,6.5420303,7906
7.12,1.6523249,7906
7.12,1.2209888,7906
7.11,7.9245243,7906
7.1,-1.7718045,7906
7.1,0.883205,7906
7.1,1.0167311,7906
7.1,1.3119044,7906
7.09,-0.16230847,7906
7.09,4.8839436,7906
7.08,1.7178755,7906
7.08,-1.4317378,7906
7.07,2.51239,7906
7.06,-3.3450496,7906
7.06,-0.08953822,7906
7.05,4.7532563,7906
7.03,-0.28799817,7906
7.03,-0.36651167,7906
7.02,-0.32503247,7906
7.01,-0.219911,7906
7.0,0.35061777,7906
7.0,0.90479547,7906
6.99,0.33182496,7906
6.99,-2.750584,7906
6.98,2.5811007,7906
6.98,6.2333035,7906
6.97,1.2052915,7906
6.97,-3.7057085,7906
6.96,1.1110684,7906
6.96,2.5290194,7906
6.96,-0.02979609,7906
6.93,3.7188978,7906
6.93,-0.019327529,7906
6.93,2.3121352,7906
6.93,0.8106354,7906
6.93,2.1353223,7906
6.92,3.660323,7906
6.91,-2.5380254,7906
6.88,-2.061746,7906
6.88,3.2380292,7906
6.87,0.88425386,7906
6.87,-4.550271,7906
6.86,-0.607995,7906
6.86,0.0060362965,7906
6.85,-3.837478,7906
6.85,-1.0879165,7906
6.83,-0.29858598,7906
6.83,5.6076145,7906
6.82,-1.128593,7906
6.81,1.4650452,7906
6.79,0.64597017,7906
6.77,2.3756454,7906
6.77,2.2534063,7906
6.76,-0.9966388,7906
6.76,2.4771824,7906
6.76,1.3830307,7906
6.75,2.2184756,7906
6.75,7.340441,7906
6.75,-3.2436829,7906
6.75,2.4461887,7906
6.73,-0.34366626,7906
6.71,-2.5698838,7906
6.71,1.5228558,7906
6.7,-2.5419524,7906
6.69,1.7629794,7906
6.68,0.28411314,7906
6.68,-0.99567306,7906
6.67,2.8653436,7906
6.67,-0.44877487,7906
6.67,-2.610213,7906
6.67,-2.2911747,7906
6.66,-0.10469161,7906
6.66,1.6347016,7906
6.65,-1.821913,7906
6.65,0.69454104,7906
6.64,3.8077502,7906
6.64,-3.6231272,7906
6.63,-0.9695499,7906
6.62,-2.4606152,7906
6.62,1.3491946,7906
6.62,0.4584085,7906
6.6,-2.2302163,7906
6.6,0.64688766,7906
6.6,-2.5395613,7906
6.59,1.4611473,7906
6.59,-0.80247974,7906
6.59,5.9266057,7906
6.57,2.3761725,7906
6.57,4.6314707,7906
6.56,-4.410276,7906
6.53,-2.4333527,7906
9.3,7.270006,13527
9.2,4.2614727,13527
9.1,5.180573,13527
9.1,2.986615,13527
9.0,4.675092,13527
8.8,4.1103587,13527
8.7,3.6011086,13527
8.7,4.261473,13527
8.7,4.4043922,13527
8.6,2.4280028,13527
8.6,4.110358,13527
8.3,5.180573,13527
8.2,3.2570817,13527
8.2,2.5273957,13527
8.1,2.0191052,13527
8.1,3.1598969,13527
8.0,1.77118,13527
8.0,4.675092,13527
7.9,0.10481873,13527
7.9,0.5798896,13527
7.8,1.834368,13527
7.5,0.8352426,13527
7.5,-1.9239022,13527
7.5,-0.113493755,13527
7.4,1.3191473,13527
7.3,-0.958358,13527
7.2,-0.863366,13527
6.6,-1.4065195,13527
6.4,-3.8434522,13527
5.0,-5.893219,13527
7.58,1.9551797,13211
7.54,0.61718154,13211
7.1,1.9159626,13211
9.4,-0.04294805,5239
7.82,-2.9987977,7399
7.58,-2.8461401,7399
7.55,0.75547254,7399
7.52,-3.0281777,7399
7.51,-1.5757025,7399
7.5,-0.76072985,7399
7.32,2.8915505,7399
7.31,0.45584813,7399
7.19,-2.7129667,7399
6.66,-0.944373,7399
4.88,-8.725288,1857
8.7,0.73170525,7359
5.89,-4.4718566,4156
5.51,-3.0757082,17845
7.36,4.1317353,17721
7.21,0.7834865,17721
7.05,-0.23179902,17721
7.0,-2.1557806,17721
7.0,-1.100102,17721
6.87,-2.0358436,17721
6.75,2.5047472,17721
6.7,1.1955619,17721
6.69,-1.086178,17721
6.47,-3.7706163,17721
6.47,-5.9334664,17721
4.84,-5.489069,17721
4.67,-7.8606257,17721
7.48,1.1741167,4737
7.11,1.0448556,4737
5.92,-5.6277,4737
5.3,-4.8174415,5625
5.28,-2.0599232,5625
8.85,3.1327531,5849
8.82,1.8465568,5849
8.8,-0.106327504,5849
8.68,3.5555394,5849
8.66,2.41741,5849
8.55,1.4383961,5849
8.4,2.202341,5849
8.34,1.8228728,5849
8.13,-0.3589142,5849
8.11,1.790375,5849
8.1,-0.7027255,5849
8.02,1.1287807,5849
7.92,-0.099159196,5849
7.89,3.1006305,5849
6.71,-2.0559237,5849
6.56,1.9537599,5849
6.31,-2.9228287,5849
5.73,-4.51281,5849
5.34,-5.549048,5849
4.6,-8.358931,16739
7.7,2.691871,1764
5.77,-4.830992,6816
8.4,4.628223,573
6.27,-4.872061,1207
5.9,-5.405848,1207
5.64,-2.8791523,1207
5.17,-3.600984,1207
8.8,3.5607846,12506
8.28,2.738326,16823
8.08,-2.0576134,16823
5.17,1.5878551,16686
8.4,1.9828613,4711
8.15,4.3381243,4711
7.44,0.1435855,4711
7.37,1.7950993,4711
6.6,-0.28211358,4711
6.47,0.49984628,4711
6.2,-6.920979,4711
6.1,-3.6965806,4711
6.0,-5.144007,4711
5.49,-4.406023,4711
5.29,-6.134571,4711
4.66,-4.213536,4711
4.12,-10.432806,4711
4.12,-9.455414,4711
5.27,1.351194,8473
7.84,2.0184824,6620
6.57,-1.4319469,7533
9.52,5.310675,11219
9.22,3.327819,11219
8.92,4.748946,11219
8.89,5.0192027,11219
8.6,6.0893073,11219
8.33,-0.4094483,11219
8.11,4.025541,11219
7.77,3.4029305,11219
7.7,3.5913417,11219
6.05,-6.382692,4074
6.05,-5.063357,4074
5.7,-4.5631523,4074
5.3,-5.0645866,4074
7.3,-4.4677324,14147
8.8,-1.2002151,14299
6.7,-8.405969,14299
8.74,1.2631805,4800
8.47,1.7311141,4800
6.39,0.87664,16532
6.33,0.5709311,16532
6.25,-0.9904058,16532
5.96,-3.731867,16532
5.82,-3.8855894,16532
5.8,1.1946065,16532
5.77,0.5796191,16532
5.72,0.57541883,16532
5.7,-5.6768217,16532
5.7,-1.2442683,16532
5.7,-2.7682474,16532
5.68,-2.5053897,16532
5.57,-1.2599872,16532
5.48,-3.4144213,16532
5.48,-3.777227,16532
5.46,-3.7081785,16532
5.39,-1.8641136,16532
5.38,-3.3174963,16532
5.32,1.4934202,16532
5.25,-0.43646008,16532
5.24,-2.6517968,16532
5.21,-1.1884696,16532
5.19,-1.7790166,16532
5.05,-2.3746266,16532
4.68,-3.777027,16532
6.61,-0.0384421,815
5.11,0.63342285,815
5.02,0.53942734,815
6.83,-0.7760383,11310
6.29,-0.7809594,11310
6.12,-1.3271761,11310
6.08,-1.312133,11310
6.05,-1.8691986,11310
5.93,-1.8808064,11310
5.82,0.9927767,11310
5.65,1.3253131,11310
5.61,0.07329814,11310
5.36,1.2269214,11310
5.32,-0.11387257,11310
5.22,0.30023897,11310
5.11,-3.1074383,11310
7.76,-0.9841429,6199
7.64,-3.896624,6199
5.7,-2.2161682,6199
5.6,-0.12007964,6199
5.58,0.9594383,6199
5.42,-0.1858264,6199
5.38,-3.1350143,6199
5.38,-0.12007964,6199
5.33,-4.1168523,6199
5.27,0.95943874,6199
5.19,-0.12008014,6199
5.15,-3.1350143,6199
5.15,-2.6994913,6199
5.07,0.5043378,6199
5.04,-2.1188703,6199
5.0,-0.34372523,6199
4.98,-4.142239,6199
4.97,-1.4689995,6199
4.89,-0.98414254,6199
4.89,-1.814704,6199
4.89,-6.456837,6199
4.88,-4.715697,6199
4.88,-5.0294642,6199
4.88,-3.8966243,6199
4.85,-2.4955199,6199
4.85,-0.45727122,6199
4.75,-2.1986191,6199
4.74,-0.34372523,6199
4.6,-0.45727128,6199
4.53,-5.188077,6199
4.4,0.3877211,6199
8.28,3.534463,14045
6.44,-2.3740237,9506
7.36,3.5094767,2336
7.44,5.253591,16997
8.52,-4.077644,17431
6.57,-0.42955172,17431
6.71,0.0482831,9574
6.3,3.5458462,9574
7.05,-5.429445,4332
8.52,-2.4375496,16502
8.52,-0.9978503,16502
7.96,2.5440443,16502
7.87,2.9458406,16502
7.85,-2.619845,16502
7.82,2.2293928,16502
7.76,3.0014896,16502
7.63,3.6705534,16502
7.57,1.0995021,16502
7.51,2.6998432,16502
7.44,0.3691232,16502
7.16,4.444923,16502
7.14,-0.08347057,16502
7.1,3.1300306,16502
6.96,5.145968,16502
6.85,0.024711262,16502
6.62,1.0843166,16502
6.6,3.164769,16502
6.45,3.2015004,16502
6.23,-1.1245962,16502
6.16,1.9610837,16502
5.98,4.6881285,16502
5.5,-0.9446903,16502
4.75,-1.9406452,13291
7.85,0.30917993,1084
7.44,-0.9875933,2972
5.95,-3.1260808,5165
7.6,2.2723644,1099
7.05,-0.046969395,15876
7.03,1.2049232,10903
6.8,3.5469565,10903
6.23,-1.9242095,10903
6.14,4.137488,10903
6.14,1.4139483,10903
6.3,1.0899575,6879
4.68,-3.0103228,17704
7.35,1.3496666,8897
6.88,-0.819875,8897
6.64,1.3151499,8897
6.59,1.7752768,8897
6.55,1.3772805,8897
6.33,-1.3319496,8897
8.95,2.6699955,13476
8.71,4.6347957,13476
8.63,4.211011,13476
8.6,4.342832,13476
8.41,3.180615,13476
8.37,3.1155362,13476
8.37,2.8128903,13476
8.3,1.3276458,13476
8.25,2.5526373,13476
8.25,0.43558815,13476
8.22,1.3169386,13476
8.2,1.1724523,13476
8.14,2.974377,13476
8.14,0.93251306,13476
8.0,-0.013609428,13476
7.95,1.7994976,13476
7.89,-0.20323318,13476
7.68,-0.6321533,13476
7.64,-0.6328441,13476
7.21,-3.3608196,13476
7.12,-2.0194888,13476
7.06,-1.7650135,13476
7.02,-2.8257039,13476
7.01,-1.4570941,13476
7.0,-2.8273835,13476
6.97,-1.835918,13476
6.96,-2.1945152,13476
6.95,-3.6096108,13476
6.89,-4.681239,13476
6.85,-2.783217,13476
6.82,-4.0164614,13476
6.79,-3.1681123,13476
6.79,-5.233066,13476
6.76,-3.3142266,13476
6.76,-2.9920044,13476
6.72,-2.5496633,13476
6.7,-2.064443,13476
6.68,-3.7784255,13476
6.66,-3.3333328,13476
6.6,-4.741204,13476
4.78,-5.7960706,13476
4.71,-5.4002223,13476
4.67,-7.642761,13476
4.61,-5.9346294,13476
4.54,-6.1519356,13476
4.49,-5.1772666,13476
4.36,-9.473184,15214
6.01,-5.410107,7300
5.88,-4.2532144,7300
5.48,-4.1047177,7300
5.48,-5.8948755,7300
5.32,-1.6279545,7300
5.16,-1.9294896,7300
5.14,-4.8066144,7300
5.0,-1.5183215,7300
5.0,-4.8054113,7300
8.52,-0.11688323,13459
7.92,1.8122427,13459
7.89,-1.7042145,13459
7.36,0.7249542,13459
7.07,1.6553309,13459
6.7,2.2702248,13459
6.49,0.44840512,13459
6.48,-0.5442793,13459
6.24,-3.185673,13459
5.52,0.15206058,13459
9.49,1.0963222,14777
9.19,-0.7823861,14777
9.15,-1.284064,14777
9.04,1.1810216,14777
8.88,-7.22843,14777
8.77,-2.6334925,14777
8.48,-0.8040327,14777
7.93,0.7314548,3798
7.43,1.0910087,3798
7.13,3.4988244,3798
7.03,0.69632363,3798
7.0,2.59205,3798
6.99,1.9126201,3798
6.99,0.43430597,3798
6.98,2.32995,3798
6.94,0.43445918,3798
6.9,3.4831278,3798
6.88,2.1314015,3798
6.76,-0.6236242,3798
6.67,2.0631628,3798
6.11,-0.14137729,3798
5.64,-1.9317424,3798
8.7,0.80450964,17211
8.7,5.369768,17211
8.7,0.23757373,17211
8.52,0.437551,17211
8.52,1.8969796,17211
8.52,2.0372612,17211
8.52,2.7765205,17211
8.52,3.958215,17211
8.52,3.7327902,17211
8.52,4.196563,17211
8.4,1.1894742,17211
8.4,4.960795,17211
8.4,4.325092,17211
8.4,4.410611,17211
8.4,4.4387875,17211
8.3,3.5367699,17211
8.3,-0.5356462,17211
8.3,4.3010154,17211
8.15,5.6491203,17211
8.0,1.518362,17211
8.0,3.395251,17211
7.92,1.5803527,17211
7.52,3.3202465,17211
7.11,0.9660848,17211
7.07,-0.7662868,17211
7.03,1.4499413,17211
6.54,1.7591807,17211
6.19,4.1271086,17211
7.66,0.54382503,14659
7.64,0.54382515,14659
7.43,1.9717501,14659
7.4,2.685248,14659
7.22,1.9717501,14659
7.11,0.27901042,14659
7.1,1.9581045,14659
6.9,0.5213862,14659
6.85,0.5213858,14659
6.84,0.94270283,14659
6.7,0.6936593,14659
6.68,-0.6134777,14659
6.68,0.30801794,14659
6.62,0.5213862,14659
6.53,0.2345834,14659
6.5,-0.47884306,14659
6.49,-0.30429995,14659
6.44,-0.81927484,14659
6.38,-0.9417546,14659
6.37,0.59346944,14659
6.28,-2.0095155,14659
6.28,1.9717495,14659
6.1,-0.80558115,14659
6.1,-0.30429968,14659
6.02,0.54382503,14659
6.0,-1.535226,14659
5.99,-1.8469493,14659
5.95,-3.3464189,14659
5.85,-1.2699355,14659
5.79,-1.3665946,14659
5.72,-1.5352259,14659
5.64,-1.3665946,14659
5.56,-2.0102706,14659
5.32,0.54382515,14659
5.09,0.54382503,14659
8.22,3.203259,10209
6.66,5.725012,9234
4.79,-2.734404,7089
6.05,-1.0508717,7293
6.23,0.9370167,14946
8.3,-0.62371796,12889
8.3,1.8328397,12889
8.1,-0.2543229,12889
7.62,-1.1930039,12889
7.48,-0.29437062,12889
7.36,-1.1988622,12889
7.25,-2.742999,12889
7.12,-3.1982114,12889
7.04,-6.873082,12889
6.67,-4.9085445,12889
6.52,-4.6137958,12889
6.51,-2.9701128,12889
6.44,-2.0252774,12889
6.2,-4.65122,12889
6.2,-5.9648275,12889
6.02,-3.2349672,12889
5.96,-3.8890264,12889
5.55,-4.72287,12889
5.45,-3.0751333,12889
8.52,5.544737,3467
8.4,4.7343335,3467
8.3,4.9544816,3467
8.22,5.2236366,3467
8.22,4.5304227,3467
8.22,3.9406288,3467
8.22,4.3415947,3467
8.22,4.7166066,3467
8.0,3.575524,3467
7.96,4.060576,3467
7.92,3.2485173,3467
7.92,3.5936506,3467
7.85,1.2165824,3467
7.82,3.1534412,3467
7.77,2.9677222,3467
7.77,4.100135,3467
7.75,2.662398,3467
7.66,2.8301759,3467
7.62,1.8401456,3467
7.54,1.9612203,3467
7.52,1.5584091,3467
7.51,2.6057887,3467
7.48,1.2325096,3467
7.46,1.2165829,3467
7.18,0.8892739,3467
6.6,0.32706064,3467
6.45,0.1205837,3467
5.7,-3.7604783,3467
5.38,-1.8634923,3467
7.02,0.55966884,12018
4.85,-3.7882679,14182
4.29,-5.266536,14182
8.4,1.883308,12545
8.25,0.21916668,12461
8.17,0.36294773,12461
8.07,0.060962275,12461
7.22,1.5597515,12461
7.0,1.3900157,12461
6.92,-5.51746,12461
6.59,-0.3404897,12461
6.56,-2.8311877,12461
6.52,2.0836725,12461
6.43,-0.7860533,12461
6.37,-2.264436,12461
6.35,-0.94712734,12461
6.35,-4.8941655,12461
6.2,-1.3735423,12461
6.14,-0.56807035,12461
5.94,-3.0204794,12461
6.41,-0.39089862,15268
6.0,-0.3419229,15268
5.89,-3.3288877,15268
5.0,-6.4061227,7494
5.85,-0.84517246,124
5.5,-3.1125207,124
5.22,-4.2076654,124
5.06,-6.0863557,124
4.97,-4.3929825,124
7.11,3.5655384,8404
7.14,1.1820992,7170
5.92,3.0767324,16138
4.57,4.8176317,16138
4.43,4.3139033,16138
6.51,1.4288217,13712
5.85,-0.80850744,13712
5.82,2.834368,13712
5.8,2.8714495,13712
5.68,2.066603,13712
6.1,-9.708556,9686
8.22,1.9641887,5442
8.0,0.9739662,12572
8.0,-0.8940929,12572
7.68,3.2643003,12572
7.66,3.914739,12572
7.6,-0.7291316,12572
6.75,2.53643,12572
6.64,-1.6254132,12572
6.49,-1.937755,12572
6.49,-0.12955965,12572
6.11,3.0669405,12572
6.06,-3.8989356,12572
6.03,-2.409865,12572
5.83,-2.5828629,12572
5.65,-2.959529,12572
5.5,-2.30315,12572
5.89,-2.7938664,5172
5.63,-3.6367846,5172
5.51,-3.2227945,5172
6.13,2.9049275,1911
5.38,-1.9379439,1911
9.0,0.20288236,2059
8.7,-0.9062964,2059
8.52,0.9315934,2059
8.52,-1.1963819,2059
8.4,-1.677129,2059
8.3,-1.312697,2059
8.22,0.22034408,2059
8.22,-4.3100686,2059
8.15,0.12925582,2059
8.1,0.88507223,2059
8.1,0.3999202,2059
8.1,-3.8546457,2059
8.05,-2.1244864,2059
7.85,1.9186478,2059
7.82,-0.8655802,2059
7.82,-1.5555048,2059
7.77,1.9154243,2059
7.7,-5.191642,2059
7.64,-0.1608245,2059
7.52,-7.144816,2059
7.29,-2.5077524,2059
6.99,0.22389509,2059
6.91,-0.49277768,2059
6.9,-2.005752,2059
6.85,-4.268835,2059
6.76,-1.4820005,2059
6.6,0.34570318,2059
6.58,2.0634375,2059
6.17,1.8600578,2059
6.13,-2.716709,2059
5.89,-4.927391,3831
5.8,-3.867737,3831
5.48,-4.9061394,3831
5.32,-4.7206492,3831
6.8,-2.3146074,2142
6.7,2.631452,2142
6.6,1.1880772,2142
5.8,-0.39073753,2142
5.5,2.789345,2142
5.4,-1.3296051,2142
5.3,-1.6307808,2142
5.3,-0.57313854,2142
5.2,2.10801,2142
4.9,-1.0895462,2142
4.8,2.126016,2142
7.77,4.8278737,4876
7.3,2.526995,15947
7.22,-3.1929138,15947
7.05,-4.083736,15947
7.05,2.4800382,15947
7.0,-2.22889,15947
6.89,-2.82091,15947
6.89,-3.6593416,15947
6.64,0.94203687,15947
6.46,1.2204095,15947
6.43,1.9233972,15947
6.41,-0.6967714,15947
6.37,1.5643114,15947
6.35,2.5201607,15947
6.26,-1.8149592,15947
6.15,-2.4420736,15947
6.11,0.8292724,15947
5.97,-4.150148,15947
5.83,-3.2529738,15947
5.66,-0.14352494,15947
5.62,-1.4694963,15947
5.61,-0.5874531,15947
5.53,-0.34581548,15947
5.45,-2.4284503,15947
5.3,-3.501357,15947
5.29,-3.2759254,15947
4.77,2.8686178,15947
7.8,-0.5345651,11675
9.52,1.7723675,6132
9.3,1.3056611,6132
9.15,1.1824659,6132
9.0,0.6489117,6132
9.0,-1.6914078,6132
8.7,1.3616021,6132
8.7,1.3230464,6132
8.7,-0.74280506,6132
8.52,1.6613932,6132
8.52,2.1382525,6132
7.52,-2.2264984,6132
7.52,-1.4629172,6132
8.7,-3.1643596,17370
8.7,-1.3089933,17370
8.52,1.6630799,17370
8.4,0.93870956,17370
8.05,1.4958594,17370
7.77,-0.90768754,17370
7.7,-0.504943,17370
7.54,1.5896227,17370
7.47,-1.434837,17370
7.43,-1.6604213,17370
7.32,-2.7504134,17370
7.3,-2.27954,17370
7.25,-3.9207063,17370
7.17,0.32060784,17370
7.17,-0.7946054,17370
7.13,-1.7234251,17370
7.1,-1.7626951,17370
7.08,-1.6608924,17370
7.08,2.0517933,17370
7.07,-2.2629983,17370
7.05,-0.7864991,17370
6.78,-4.068684,17370
6.77,-3.1643596,17370
6.7,-1.0151032,17370
6.65,-3.003589,17370
6.54,-3.0193992,17370
6.34,-1.3089936,17370
6.3,-1.3687191,17370
6.22,-1.5858052,17370
6.2,-3.7701023,17370
6.19,-3.4001594,17370
6.15,-2.9044502,17370
6.02,0.45860875,17370
6.0,-1.5735941,17370
6.0,-0.13094136,17370
6.0,-2.892954,17370
6.0,-3.3194313,17370
5.82,0.3952122,17370
5.82,-4.97616,17370
5.7,0.17526616,17370
5.6,-1.6604213,17370
5.6,-0.50494343,17370
5.58,-5.362955,17370
5.22,-4.8271446,17370
5.22,-1.6608927,17370
5.07,-0.90768754,17370
7.35,3.9013681,10713
8.7,3.4506695,10846
4.57,-2.5317557,16604
7.61,5.968443,13142
7.16,3.014787,13142
5.12,0.6558632,8337
7.89,0.35650247,9786
6.11,-4.638516,11541
5.68,-2.2286606,11541
8.28,2.9945128,8605
7.58,-2.736547,8605
6.42,1.63787,8605
5.57,-5.12619,8605
5.54,-5.5744886,8605
5.32,-2.5913906,8605
5.05,-1.4805703,8605
4.63,-3.8785288,8605
6.55,-4.5333085,16106
6.42,-6.23516,16106
10.77,-5.619833,6123
10.64,-0.28203088,6123
10.44,-0.091204315,6123
10.31,-3.3917103,6123
7.4,-5.1545587,6123
7.3,0.5447496,6123
7.22,3.5831158,6123
7.05,-2.452022,6123
7.05,-3.5208983,6123
6.82,-3.5893273,6123
6.28,-3.6736383,6123
6.24,-5.4632697,6123
7.77,1.0780787,5787
7.55,0.37918314,5787
7.37,-3.8653617,5787
7.32,-5.1344028,5787
6.58,-3.1033463,5787
4.6,-5.2086096,17052
7.32,5.635924,11212
6.72,1.1357484,539
6.64,-5.2057557,539
7.57,3.2962315,5404
6.54,-0.57497907,5404
4.74,-2.2659626,5404
4.71,-5.9732428,5404
4.71,-4.7859674,5404
4.7,-3.9867237,5404
9.05,5.7932787,15589
8.52,-0.57061434,15589
8.3,3.2910159,15589
7.7,1.4841686,15589
7.64,1.4841686,15589
7.52,-0.57061434,15589
7.52,0.2478317,15589
7.4,-0.57061434,15589
6.89,-3.6227715,15589
6.66,-6.8373046,15589
6.57,-5.7747245,15589
6.54,-1.6984946,15589
6.52,-5.3513856,15589
6.44,-5.977305,15589
6.39,-2.6071591,15589
6.39,-0.4350625,15589
6.09,-0.9113825,15589
5.75,2.1558604,15589
5.72,-4.92718,15589
5.58,-6.028679,15589
5.38,-6.348929,15589
4.66,1.2641155,15589
8.1,-4.2022653,1553
8.05,-0.27443883,1553
7.92,0.034446888,1553
7.7,-4.1544304,1553
7.68,2.0577438,1553
7.34,-3.9275758,1553
7.16,2.4088948,1553
7.05,3.639449,1553
7.04,-0.3043973,1553
6.83,5.970536,1553
6.65,-2.4048245,1553
6.14,-2.9504144,1553
5.96,-1.6779915,1553
5.9,-0.658601,1553
5.51,-4.2022653,1553
5.46,-0.31503323,1553
5.31,0.48866817,1553
6.96,2.397085,7653
6.38,-1.2677575,7653
5.89,-3.5501647,7653
4.7,-8.71278,7549
4.48,-10.951597,7549
5.0,-7.1220074,7483
5.92,-4.149941,5909
9.96,0.35520548,4870
9.74,2.4186468,4870
9.68,0.6484845,4870
9.47,0.58721256,4870
9.15,3.853797,4870
9.12,1.9815149,4870
9.05,5.1312423,4870
9.0,5.664538,4870
8.89,1.3141142,4870
8.34,-0.16114655,4870
8.19,6.090593,4870
8.01,-1.2132003,4870
7.85,0.4749994,4870
7.82,1.8541492,4870
7.8,0.45756385,4870
7.66,-1.7207533,4870
7.1,1.6611066,4870
7.07,1.7868861,4870
7.02,-3.4592388,4870
6.94,-0.9372606,4870
6.81,0.6484845,4870
6.6,-4.831206,4870
6.28,5.2778144,4870
7.17,1.3065457,7519
7.14,3.2568843,7519
6.96,0.8476441,7519
6.07,1.1442608,191
8.15,1.8081342,8738
8.01,1.1024024,8738
7.83,-1.1474653,8738
7.38,1.4220105,8738
7.1,-1.6453022,8738
6.76,-1.6318505,8738
6.48,-2.1925538,8738
6.38,-2.6699278,12657
9.1,6.2947264,890
9.05,5.9789104,890
8.85,4.729146,890
8.74,6.3331614,890
8.7,4.7687807,890
8.62,4.7795534,890
8.57,4.654835,890
8.3,1.6978918,890
8.22,4.627379,890
8.15,1.8971186,890
8.1,-0.9571941,890
8.0,4.2060237,890
7.8,0.84752417,890
7.77,0.27530968,890
7.7,3.3805363,890
7.68,1.5402174,890
7.62,-1.291644,890
7.55,3.9827237,890
7.52,1.7862849,890
7.44,3.7579126,890
7.38,-4.292061,890
7.38,3.5645244,890
7.37,0.12908818,890
7.28,1.670014,890
7.27,-0.8643289,890
7.2,0.9608449,890
7.19,1.740631,890
7.16,1.9445809,890
7.12,-1.4896328,890
7.1,-0.72780263,890
6.85,-2.003671,890
6.75,-0.5713902,890
6.65,-3.9686,890
6.47,0.4822395,890
6.45,-0.49907985,890
5.82,-1.4905152,890
5.7,2.2188547,890
5.38,-1.8964863,890
5.12,-3.7393198,890
5.92,-1.1822972,16881
5.46,-3.5598392,8952
5.23,-3.3251932,8952
5.57,3.6365087,4191
9.06,2.4243934,7104
8.67,1.8955084,7104
8.47,4.676399,7104
8.33,4.9218407,7104
8.29,1.9401859,7104
8.22,0.43151385,7104
8.07,1.9707428,7104
8.0,6.5034842,7104
7.86,-0.18239938,7104
7.85,4.1920567,7104
7.58,-0.23888071,7104
7.55,2.34077,7104
7.37,5.1983204,7104
7.26,2.829077,7104
7.24,5.033669,7104
7.09,-0.25052467,7104
7.07,5.201238,7104
7.04,3.1572287,7104
7.0,6.08079,7104
6.99,3.6856296,7104
6.89,-0.5991631,7104
6.89,-2.65569,7104
6.79,4.805222,7104
6.77,1.3920565,7104
6.77,5.0996914,7104
6.71,6.6115,7104
6.6,6.2789383,7104
6.57,4.3436694,7104
6.57,4.6778765,7104
6.55,5.6135445,7104
6.54,4.9625344,7104
6.5,5.3126135,7104
6.47,0.9027455,7104
6.46,-0.03723209,7104
6.43,1.8762646,7104
6.4,4.194417,7104
6.4,2.597845,7104
6.34,1.9737177,7104
6.32,5.049038,7104
6.31,1.1033162,7104
6.16,2.433808,7104
6.15,4.764265,7104
6.14,3.9840162,7104
5.93,6.38246,7104
5.77,3.5359685,7104
5.77,1.9084828,7104
4.75,-0.31148523,1772
7.77,0.37269163,12058
7.67,1.3102555,12058
7.41,3.7033763,12058
7.38,3.0100222,12058
8.89,0.5742112,7947
8.72,-1.5366497,7947
8.66,-2.7221274,7947
8.57,1.2137674,7947
8.55,0.24158052,7947
8.49,0.81113744,7947
8.48,-1.0453254,7947
8.38,0.54943997,7947
8.34,-3.0092983,7947
8.34,2.062844,7947
8.32,1.4746963,7947
8.25,1.1524986,7947
8.25,1.476725,7947
8.23,-1.706708,7947
8.21,-6.4147196,7947
8.2,3.0145564,7947
8.19,-0.62259907,7947
8.19,1.4014592,7947
8.18,-2.6204853,7947
8.16,1.4974045,7947
8.15,0.5988365,7947
8.13,-3.1859794,7947
8.12,-0.40590873,7947
8.1,-2.9990509,7947
8.07,-0.25463644,7947
8.07,-3.2699707,7947
8.04,-2.5137384,7947
8.01,-0.6053209,7947
8.0,-0.795732,7947
7.98,1.0126942,7947
7.97,-3.5727842,7947
7.97,-0.21692033,7947
7.97,2.0028582,7947
7.95,0.26189038,7947
7.95,2.6743875,7947
7.94,-5.511496,7947
7.94,0.25656557,7947
7.9,-1.4507661,7947
7.86,-2.9035535,7947
7.85,4.26595,7947
7.84,-2.7781143,7947
7.82,0.998165,7947
7.8,-2.512882,7947
7.8,3.6621103,7947
7.79,-3.0593898,7947
7.76,0.885222,7947
7.76,3.46071,7947
7.74,2.7555223,7947
7.74,1.3975248,7947
7.73,2.8132803,7947
7.72,-1.61818,7947
7.68,2.3851154,7947
7.68,-1.9888225,7947
7.67,4.602074,7947
7.67,-3.1618567,7947
7.67,-1.5504673,7947
7.67,-3.8885615,7947
7.63,1.5327773,7947
7.61,1.2259387,7947
7.6,-6.374957,7947
7.59,-3.0260808,7947
7.57,-1.9328362,7947
7.57,-4.926073,7947
7.57,1.9713066,7947
7.57,0.13094759,7947
7.56,-0.5107812,7947
7.52,-0.35858223,7947
7.51,-0.22114475,7947
7.5,2.8260884,7947
7.5,-1.9652846,7947
7.48,-0.8958762,7947
7.46,-3.0012548,7947
7.45,0.6434306,7947
7.43,1.0743814,7947
7.43,-0.8279561,7947
7.39,-1.020385,7947
7.38,-2.9122884,7947
7.37,0.56950086,7947
7.36,-0.79538035,7947
7.34,5.0194454,7947
7.34,-1.1797268,7947
7.33,-2.2758517,7947
7.3,-5.0882397,7947
7.28,-1.4625827,7947
7.24,2.0621338,7947
7.19,4.0933533,7947
7.18,-1.6345572,7947
7.17,5.79841,7947
7.16,-3.2024658,7947
7.14,-5.084365,7947
7.14,-1.1761228,7947
7.12,-0.12664948,7947
7.11,0.57309055,7947
7.1,5.7001195,7947
7.1,2.9415977,7947
7.08,-1.7781235,7947
7.06,1.7371285,7947
7.04,-0.34520933,7947
7.01,-5.293758,7947
7.0,-1.0146207,7947
7.0,0.4549404,7947
6.99,-1.4370108,7947
6.99,-2.0805492,7947
6.97,-1.4906077,7947
6.92,-0.14142945,7947
6.91,-2.9306095,7947
6.89,-4.947593,7947
6.88,3.755998,7947
6.85,0.11633183,7947
6.83,-1.6348826,7947
6.83,5.502289,7947
6.81,-4.8475027,7947
6.8,-1.4728148,7947
6.79,-0.25643072,7947
6.78,-1.468285,7947
6.77,0.8479651,7947
6.76,-2.2613304,7947
6.76,1.613932,7947
6.76,-4.5761933,7947
6.75,2.0038304,7947
6.75,2.9080896,7947
6.75,-5.1500998,7947
6.75,-5.80778,7947
6.74,4.1386805,7947
6.72,-2.8328202,7947
6.7,-3.5144897,7947
6.67,-1.763283,7947
6.66,-5.865531,7947
6.66,2.5515125,7947
6.65,-4.352281,7947
6.65,1.3830898,7947
6.63,-5.310203,7947
6.63,-0.26607755,7947
6.62,2.315452,7947
6.62,2.2284195,7947
6.62,1.2910123,7947
6.6,0.45209232,7947
6.59,-0.92026067,7947
6.59,-3.1862476,7947
6.59,4.536988,7947
6.58,-0.48742667,7947
6.57,-2.5787947,7947
6.57,-1.7616975,7947
6.56,-4.6521945,7947
6.55,-2.612317,7947
6.55,-5.256265,7947
6.54,-0.7222603,7947
6.53,-3.7496748,7947
6.5,-2.9732122,7947
6.48,0.8433642,7947
6.47,0.033750087,7947
6.46,-0.8049467,7947
6.45,-0.20016928,7947
6.45,-2.4599063,7947
6.44,-3.745302,7947
6.43,-2.2947235,7947
6.43,0.3557277,7947
6.42,-0.94540733,7947
6.37,1.7278479,7947
6.36,-1.5210688,7947
6.34,-1.3426108,7947
6.34,-5.654477,7947
6.32,0.24445193,7947
6.32,-5.271142,7947
6.32,2.0287607,7947
6.32,-2.3693366,7947
6.3,-4.7727094,7947
6.28,-3.1488538,7947
6.27,3.0604794,7947
6.26,-1.4490832,7947
6.26,-2.5984054,7947
6.25,3.6579585,7947
6.23,-4.692212,7947
6.23,4.8152385,7947
6.21,-2.30832,7947
6.2,-3.057206,7947
6.19,-5.041667,7947
6.18,-2.2660306,7947
6.17,-2.8566568,7947
6.16,-3.073261,7947
6.14,-0.18638214,7947
6.09,0.879477,7947
6.08,0.9511527,7947
6.07,-1.8656029,7947
6.07,-4.535864,7947
6.07,-1.1957309,7947
6.06,0.6976483,7947
6.04,0.9259759,7947
6.04,-2.3893962,7947
5.95,-5.2107353,7947
5.9,-5.547808,7947
5.85,-2.9433756,7947
5.84,-2.6451886,7947
5.81,-4.8687587,7947
5.8,-5.0893025,7947
5.78,-2.2045734,7947
5.77,-4.9822683,7947
5.77,-2.1434476,7947
5.76,0.31918022,7947
5.74,-2.6337726,7947
5.73,2.2187896,7947
5.73,-7.6311264,7947
5.71,-0.79144746,7947
5.68,-0.23834504,7947
5.67,-4.7691746,7947
5.63,0.09695533,7947
5.62,-3.6923168,7947
5.6,-2.9444914,7947
5.59,-3.477934,7947
5.59,2.7844667,7947
5.58,-1.4764456,7947
5.58,-0.14786601,7947
5.49,-4.81808,7947
5.48,-4.74626,7947
5.47,-3.300063,7947
5.45,-5.0060363,7947
5.42,-2.907294,7947
5.36,-3.4812653,7947
5.28,-5.5290084,7947
5.25,-5.2111425,7947
5.22,-0.34788197,7947
5.17,-4.5564747,7947
5.14,-1.9188074,7947
5.02,-2.0587134,7947
5.0,-4.968661,7947
9.4,8.5893345,891
9.3,8.503228,891
9.22,8.120574,891
9.05,6.8602834,891
9.0,7.201201,891
9.0,2.262351,891
9.0,6.8471627,891
8.85,7.4788537,891
8.77,7.207266,891
8.77,7.2525454,891
8.7,0.4936404,891
8.7,2.9256103,891
8.52,1.5856345,891
8.52,6.420383,891
8.15,3.5052526,891
8.15,-1.0791186,891
8.1,-0.4288985,891
7.96,3.4549353,891
7.85,2.831968,891
7.62,5.9077497,891
7.52,-1.4690362,891
7.48,-0.2054288,891
7.28,3.6083677,891
7.19,-0.27247223,891
6.97,0.704704,891
6.69,-1.7359562,891
6.45,2.374459,891
6.37,-0.19082719,891
6.2,-2.4714677,891
5.79,-1.4211342,891
5.7,-0.24428229,891
5.44,-4.704688,891
5.44,-1.2290452,891
5.3,-1.6919621,891
5.23,-0.8150657,891
7.17,-0.9753896,17263
6.93,1.0945952,17263
6.42,-0.8535191,17263
8.7,3.8704584,2346
8.4,2.9762099,2346
8.15,3.3483562,2346
8.15,4.548568,2346
8.15,1.5039412,2346
8.1,0.13617535,2346
8.05,1.683658,2346
8.0,1.6010183,2346
7.89,4.5009427,2346
7.89,4.697669,2346
7.89,5.382291,2346
7.8,1.6960084,2346
7.8,0.9810473,2346
7.77,3.0209281,2346
7.75,3.789742,2346
7.68,-1.3996905,2346
7.68,-1.1999128,2346
7.64,2.4162805,2346
7.62,3.596537,2346
7.6,5.421165,2346
7.6,3.0607812,2346
7.58,2.027651,2346
7.58,-0.45092654,2346
7.57,2.1236,2346
7.55,2.6469705,2346
7.55,2.2483537,2346
7.41,2.7861156,2346
7.39,0.7271755,2346
7.39,2.7988367,2346
7.35,0.15657094,2346
7.28,1.2261784,2346
7.26,2.0403824,2346
7.13,2.8787217,2346
7.0,-0.16097857,2346
6.97,-0.28917307,2346
6.94,-1.1595155,2346
6.71,-0.3630757,2346
6.64,0.16235867,2346
6.47,-1.7266486,2346
6.24,-1.6846427,2346
6.1,0.47408572,2346
5.65,-2.3385746,2346
6.68,1.0488744,9704
9.0,3.2499793,6012
7.82,2.2562747,6012
6.43,1.3036189,17622
6.9,2.0376947,14909
9.22,4.053265,2559
7.75,-0.072199985,2559
6.93,-1.2739193,2559
6.73,-1.3725052,2559
6.51,-1.4711571,2559
6.44,-0.63251024,2559
6.36,-3.5240388,2559
6.26,-3.455457,2559
6.19,-3.4995303,2559
6.12,-1.9948244,2559
6.02,-3.6087353,2559
6.01,-1.3119795,2559
5.89,-2.6522934,2559
5.87,-1.3125937,2559
5.78,-4.0088105,2559
5.62,-4.3464713,2559
5.54,-3.4602218,2559
5.48,-3.8991115,2559
4.99,-6.2520437,2559
7.77,3.828513,14875
8.82,3.129325,6918
8.7,3.9443529,6918
8.52,-1.1284846,6918
8.4,4.1285763,6918
7.44,-3.4202166,6918
7.1,2.7400045,6918
6.92,-4.861639,6918
6.16,-5.057515,6918
7.18,0.3810024,1636
7.0,-0.94274443,1636
6.16,0.61857283,1636
6.16,-1.7862258,1636
6.0,-3.9947155,1636
5.78,-6.841618,1636
5.66,-5.3972535,1636
5.48,-3.0443377,1636
5.29,-2.0533178,1636
5.14,-4.14313,1636
4.99,-4.86668,1636
7.04,3.0540369,3380
8.3,1.431492,1069
8.3,3.150462,1069
8.22,1.2974927,1069
8.15,-0.10853869,1069
8.05,1.9572595,1069
8.0,2.3758044,1069
7.85,-0.75961554,1069
7.82,1.188384,1069
7.82,-1.6652216,1069
7.8,-0.108223125,1069
7.55,0.024421075,1069
7.37,2.4727871,1069
7.17,-0.8789929,1069
7.09,-1.016178,1069
7.08,-0.5478304,1069
7.06,2.0404513,1069
7.02,0.14717786,1069
7.0,-1.7182689,1069
6.95,-1.0333043,1069
6.9,-3.7332642,1069
6.88,-2.1571162,1069
6.87,-0.15035911,1069
6.85,-2.0377567,1069
6.83,-0.98003435,1069
6.69,-1.4643426,1069
6.66,-2.6495295,1069
6.59,-4.2156386,1069
6.57,-4.338362,1069
6.48,-2.408069,1069
6.4,-1.2676444,1069
6.4,-3.146186,1069
6.36,-3.6393864,1069
6.34,-4.403683,1069
6.33,-3.282449,1069
6.26,-2.8727787,1069
6.22,-0.88208795,1069
6.19,-3.3882506,1069
6.09,-2.3449473,1069
5.97,-4.2892294,1069
5.95,-4.4279847,1069
5.91,-3.2484977,1069
5.88,-3.1710804,1069
5.86,-2.0228117,1069
5.85,-3.6934412,1069
5.83,-4.335333,1069
5.78,-3.5130517,1069
5.48,-5.6738195,1069
5.44,-2.2119837,1069
5.26,-5.0736184,1069
5.11,-3.8337467,1069
5.1,0.87352175,1069
7.5,1.314374,16899
8.17,6.407406,12874
8.1,5.6876845,12874
8.0,3.7959569,12874
7.96,6.117558,12874
7.96,1.3010015,12874
7.89,3.2385156,12874
7.85,3.0371935,12874
7.82,4.6975837,12874
7.75,-0.6579214,12874
7.66,3.4007614,12874
7.6,2.4543796,12874
7.55,3.3885782,12874
7.42,5.1295404,12874
7.19,3.0080655,12874
7.1,2.2150993,12874
6.8,1.8973613,12874
6.63,5.14811,12874
9.39,-5.9448442,4305
9.22,2.7076423,4305
9.2,5.5279818,4305
7.72,4.8444734,4305
7.63,3.5077019,4305
4.51,-7.867924,10361
6.21,-4.8179355,6164
5.8,-3.5951955,6164
5.77,-4.7361794,6164
5.77,-5.4807286,6164
5.44,-6.158834,6164
9.0,-1.220684,14701
8.7,-1.2049028,14701
8.7,3.5008214,14701
8.7,1.4589872,14701
8.52,3.3061879,14701
8.52,-4.160783,14701
8.4,-1.0768872,14701
8.4,1.6741258,14701
8.4,0.3928939,14701
8.4,4.0349097,14701
8.4,-2.6464767,14701
8.3,3.6092434,14701
8.3,-1.0200652,14701
8.22,-0.86335117,14701
8.22,0.16211414,14701
8.21,-3.5313776,14701
8.15,1.6446623,14701
8.1,0.3928941,14701
8.1,1.6913285,14701
8.1,-2.2594225,14701
8.1,5.1435065,14701
8.05,3.306188,14701
8.0,0.13529144,14701
7.96,0.44001958,14701
7.92,1.9464481,14701
7.89,0.2863248,14701
7.8,-1.0412842,14701
7.77,-0.5877393,14701
7.68,2.5348082,14701
7.64,0.11978832,14701
7.54,2.392265,14701
7.38,1.3330308,14701
7.3,0.89579076,14701
7.29,2.7382252,14701
7.27,-2.368182,14701
7.27,-1.40587,14701
7.09,1.0614665,14701
6.99,-0.7572259,14701
6.82,-0.71929246,14701
6.79,-0.14062308,14701
6.79,-0.18482603,14701
6.71,1.7696383,14701
6.43,0.3805752,14701
5.29,-2.126006,14701
8.06,4.5441103,17833
8.04,3.4028783,17833
7.92,-4.046554,17833
7.85,2.8442485,17833
7.8,1.9111707,17833
7.8,-4.7361445,17833
7.64,1.0161963,17833
7.28,-2.1952553,17833
7.08,2.4123573,17833
7.03,-5.8266,17833
7.0,2.8355339,17833
4.7,-4.156019,4618
7.11,2.5663435,2085
6.3,-0.40955755,4422
6.29,-1.5339307,4422
6.19,-0.10688025,4422
6.15,-1.0993625,4422
6.1,-0.40955755,4422
6.0,-0.30922797,4422
5.96,-2.2096586,4422
5.96,-1.5339307,4422
5.92,-2.5543728,4422
5.92,-1.2960577,4422
5.7,-1.7824246,4422
5.7,-1.7824246,4422
5.68,-0.25032127,4422
5.64,-2.4761727,4422
5.52,-2.669665,4422
5.52,0.7458513,4422
5.5,-4.8324194,4422
5.33,-0.17813289,4422
5.16,-1.5422606,4422
5.83,-7.9027085,14083
6.77,-3.6993303,5743
6.26,0.28380704,5743
5.92,-1.291223,5743
8.1,-4.9754605,4135
6.6,-6.4777856,4135
6.6,-0.5994297,4135
6.5,-0.34899473,4135
6.42,-3.4951687,4135
6.32,-3.4951687,4135
6.11,-5.5099955,4135
6.06,-5.423071,4135
5.9,1.3975251,4135
5.87,-4.470341,4135
5.85,2.5748944,4135
5.74,2.437588,4135
5.74,0.25778687,4135
5.63,-5.7020645,4135
5.55,-5.1961384,4135
5.52,-1.1542819,4135
5.48,-5.259292,4135
5.47,-6.706348,4135
5.46,-3.7178779,4135
5.45,-6.6138783,4135
5.42,-6.4650183,4135
5.14,-1.064781,4135
5.12,-2.3369358,4135
5.11,-6.015199,4135
5.06,-5.9854307,4135
5.03,-3.0196724,4135
4.6,-2.1643164,4135
4.54,-4.1074643,4135
4.54,-1.2953199,11473
7.68,0.35554546,13403
10.52,7.06607,4773
9.47,7.0613356,4773
7.37,1.6228584,4773
6.39,0.107111365,5834
6.21,-2.1030426,5834
6.2,-1.1788564,5834
6.09,-2.6079867,5834
5.82,-0.29819337,5834
5.82,-2.3301797,5834
5.8,-3.2301962,5834
5.75,-2.2357924,5834
5.48,-1.4506197,5834
5.42,-1.5764515,5834
5.41,0.4229262,5834
5.4,-3.4864986,5834
5.33,-2.2186546,5834
5.13,-3.0440636,5834
5.1,-3.4864986,5834
5.09,-2.719565,5834
5.04,-1.2666948,5834
5.72,-1.80656,2463
4.82,-7.2702603,2463
7.22,0.5323517,195
5.98,-3.6526315,4838
5.83,-1.9267727,4838
5.55,-1.1181918,4838
5.42,-3.6462,4838
5.29,-1.0321511,4838
5.28,-1.2857431,4838
8.15,2.0173655,9890
6.94,2.2438738,3271
4.98,-4.3291516,17667
4.56,-2.9854567,17667
4.43,-5.3901143,17667
4.39,-1.4152119,17667
7.31,-3.7100365,8495
5.87,-5.3137197,5059
8.7,1.0641574,17030
8.0,-0.078403726,17030
7.64,-0.8537594,17030
7.64,4.097517,17030
7.6,2.9043381,17030
7.58,0.84684175,17030
7.55,-3.309855,17030
7.52,5.8783617,17030
7.52,5.748407,17030
7.36,-2.130373,17030
7.35,3.0611398,17030
7.34,1.0423005,17030
7.28,3.6883004,17030
7.18,1.5549216,17030
7.15,-0.93980646,17030
7.04,-1.5741681,17030
7.03,-3.2892118,17030
7.01,4.056248,17030
6.97,3.1014204,17030
6.83,-1.6926521,17030
6.58,-1.2128084,17030
6.58,0.89711016,17030
6.52,5.299747,17030
6.46,5.272539,17030
5.89,-2.9690592,17030
6.08,-2.3349001,11985
6.99,-0.41960016,9427
6.64,0.7435975,9427
6.61,-0.41960016,9427
6.54,0.49848565,9427
6.47,0.7435975,9427
6.43,0.13627258,9427
6.42,-1.0740097,9427
6.41,-1.0248661,9427
6.25,0.042116504,9427
6.25,0.8581239,9427
6.12,-1.6712501,9427
6.03,-2.6680424,9427
6.01,-0.24571626,9427
5.71,-5.778604,9427
5.45,-2.4640095,9427
5.45,-3.7602866,9427
5.07,-6.902705,9427
4.58,-2.5380518,9427
5.26,-0.8871799,12249
8.7,-4.0192113,16704
7.92,3.0080469,5584
7.75,2.4392488,5584
7.58,2.122306,5584
7.54,-0.31458074,5584
7.21,2.122306,5584
7.19,0.893971,5584
7.18,2.0024686,5584
6.94,-0.2890377,5584
6.84,-0.31458074,5584
6.8,-1.2897768,5584
6.62,-1.4692659,5584
6.36,-2.0508277,5584
6.33,-1.0555454,5584
5.46,-4.865085,5584
7.63,1.5700002,9275
7.36,-2.6070557,746
8.52,1.8863244,16084
8.4,1.9427598,16084
8.3,-0.18471892,16084
8.3,-0.23382233,16084
8.3,0.6620892,16084
8.22,4.062948,16084
8.22,1.5954483,16084
8.15,2.2696853,16084
8.02,2.1855388,16084
8.0,2.455249,16084
7.82,4.98988,16084
7.7,2.8539817,16084
7.7,-1.4070048,16084
7.7,0.43026066,16084
7.52,-2.6460326,16084
7.4,2.974391,16084
7.4,3.6038454,16084
7.26,-3.06823,16084
7.19,2.8918593,16084
7.12,3.291603,16084
7.1,2.8067853,16084
7.07,2.874514,16084
7.0,2.7905834,16084
7.0,-4.076231,16084
6.96,2.4369092,16084
6.82,-1.6231055,16084
6.64,-2.2296736,16084
6.6,-1.6416485,16084
6.52,-5.6103225,16084
6.4,-3.959813,16084
6.3,2.0382035,16084
6.27,-3.8589756,16084
6.24,-1.4915407,16084
6.22,2.1973457,16084
5.43,-5.7251134,16084
8.11,-1.8234211,13174
8.09,-4.4961624,13174
5.89,1.0886723,4172
8.0,3.363539,6990
6.8,-1.985004,16273
6.41,-2.2180424,16273
6.36,-1.9130676,16273
6.18,-2.7676232,16273
5.67,-3.203947,16273
5.64,-4.689317,16273
5.51,-3.1426475,16273
5.38,-4.059829,16273
5.31,-4.038392,16273
5.07,-4.5214524,16273
5.32,-6.3244743,5620
5.3,-3.4130847,5620
5.21,-4.873675,5620
7.62,-1.2877444,17240
7.35,-2.7610214,17240
7.24,0.8641733,17240
6.74,-2.356152,17240
6.7,-0.22337867,17240
6.66,-3.3981938,17240
6.34,-3.4894428,17240
6.0,-1.0741907,17240
5.76,-1.5397415,17240
5.76,-4.377641,17240
8.4,-1.8720835,15367
8.4,0.22140951,15367
8.1,-2.9276164,15367
7.51,-2.401059,15367
7.48,-0.9267236,15367
7.4,-1.0499955,15367
7.37,-1.8280063,15367
7.15,-2.1981342,15367
6.96,-1.8280063,15367
6.26,-1.8259071,16752
4.11,2.1353555,1315
4.05,2.3659976,1315
6.54,2.9441984,5573
7.33,-1.5144806,10885
6.57,5.458426,10885
7.64,-0.899642,15029
6.07,0.25045353,15048
6.8,1.6594896,13375
6.35,-3.4667618,13375
6.14,-3.370735,8661
8.52,-0.9048992,16454
8.15,0.068531215,16454
7.96,-2.1723442,16454
7.62,-1.3759766,16454
7.52,-5.5145993,16454
7.43,-0.394887,16454
9.44,5.8009334,12857
9.41,-3.5726237,12857
7.48,-3.669319,12857
7.18,-5.807864,12857
7.09,-0.40051803,12857
7.09,-1.5909588,12857
6.87,-3.6292772,12857
6.84,0.4580323,12857
6.75,-1.7965484,12857
6.69,-6.410422,12857
7.39,0.23267804,14619
7.11,-1.3971376,1600
6.8,-2.1086752,1600
6.33,-4.1677356,1600
6.26,-2.8213406,1600
6.25,-1.4014921,1600
6.21,-4.7983503,1600
6.21,-5.439117,1600
6.16,-6.629428,1600
6.16,-5.044989,1600
6.1,-4.837705,1600
6.09,-5.6614437,1600
6.05,-3.7837284,1600
6.04,-4.8397727,1600
6.0,-6.733909,1600
5.85,-6.124183,1600
5.82,-6.11655,1600
5.82,-5.1234303,1600
5.82,-3.4912074,1600
5.8,-4.9114876,1600
5.8,-4.2771473,1600
5.8,-5.466398,1600
5.8,-7.2708497,1600
5.77,-6.404092,1600
5.68,-6.9662604,1600
5.66,-7.3232327,1600
5.57,-6.9014397,1600
5.44,-4.2901196,1600
5.42,-8.14926,1600
5.41,-5.223688,1600
5.36,-7.5879097,1600
5.28,-6.631574,1600
5.27,-5.5880184,1600
5.23,-5.718029,1600
5.19,-6.327933,1600
5.16,-7.818355,1600
5.05,-6.2433815,1600
5.03,-3.5524113,1600
4.9,-7.3083944,1600
4.77,-8.539087,1600
4.76,-10.377968,1600
4.57,-8.870493,1600
4.54,-5.9901924,1600
4.51,-8.533495,1600
4.5,-8.27657,1600
4.43,-6.83771,1600
4.37,-7.8318605,1600
4.34,-8.646844,1600
8.3,3.6727645,16034
6.62,1.5186402,16034
7.66,3.4212337,13155
5.75,-2.4962199,9435
5.55,-3.11021,9435
7.02,-0.16878578,14627
7.6,-0.5515958,9672
6.6,-1.812718,9672
7.13,5.3264933,11748
6.17,4.7375565,11748
7.4,2.5152361,7715
9.0,4.9840946,472
6.33,2.4810028,5723
7.82,2.3684747,16961
8.22,6.7308908,526
7.85,1.429503,526
7.75,3.7493038,526
7.64,-0.1777066,526
7.46,2.8830235,526
7.33,1.6307743,526
6.83,1.368024,526
6.68,0.8150656,526
6.68,-0.85860395,526
6.65,-0.42555103,526
6.39,0.7544689,526
6.31,-1.9968872,526
6.26,1.3641566,526
6.2,0.5938721,526
6.18,-0.13323931,526
6.17,-0.74565816,526
6.1,0.32208636,526
5.99,0.29035136,526
5.7,-4.741897,526
6.3,-2.8947797,12245
5.36,-0.66979915,10171
7.67,-1.4986045,13780
6.02,-2.8015943,3640
4.59,-3.3117235,3640
4.52,-6.7767515,3640
4.52,-4.6067667,3640
4.52,-6.572807,3640
6.19,-1.0742922,2940
5.8,-2.6134233,2940
5.47,-3.3216074,2940
5.28,-3.472027,2940
4.98,-2.341735,2940
4.94,-6.4542303,2940
4.62,-3.965429,2940
4.57,-9.666084,2940
4.42,-8.307255,2940
4.24,-7.698679,2940
4.16,-4.7610674,2940
4.04,-3.2104492,2940
6.5,-4.2825613,17787
6.25,-3.3567474,17787
6.22,-6.6804023,17787
5.54,-5.8072863,17787
6.26,-1.9297812,7288
6.18,-3.705148,7288
5.95,-1.3050159,7288
5.31,-3.5701876,7288
5.09,-2.0446723,7288
4.91,-0.32947627,7288
4.87,-2.33998,7288
4.77,-4.020908,7288
4.32,-1.1320782,7288
8.05,-2.52726,6864
7.64,-1.1822714,6864
6.46,-7.2345095,6864
5.85,-0.22595821,9840
5.41,-0.38815045,9840
5.38,1.2225884,9840
4.76,0.67755806,15738
8.54,4.51173,427
7.97,2.5262105,5870
6.98,4.2411046,12864
6.96,1.2856052,12864
6.89,3.6035197,12864
6.82,3.2813234,12864
6.63,-2.275915,12864
6.53,0.6749814,12864
6.5,2.6826193,12864
6.5,1.0627171,12864
6.44,2.0552309,12864
6.14,-3.6454241,12864
6.08,-1.5139487,12864
6.05,-1.4195586,12864
6.01,-1.2155579,12864
5.99,0.03756286,12864
5.99,2.5227242,12864
5.91,-3.8563657,12864
5.89,-0.8318346,12864
5.72,-3.1785471,12864
5.69,-2.4883273,12864
5.69,-2.4462993,12864
5.55,-3.3166366,12864
5.25,-5.8564005,12864
5.25,-5.977864,12864
5.24,-3.6904926,12864
5.2,-3.5614865,12864
5.16,-4.796367,12864
5.0,-4.115893,12864
4.6,-4.4777737,12864
9.55,2.349851,12232
7.85,1.072195,13802
7.02,1.0917542,13875
7.51,3.9966717,6523
6.17,-0.7742337,6523
6.14,0.10628295,6523
6.1,-0.6974976,6523
5.82,-2.0231006,6523
5.64,2.0672877,6523
5.63,-3.4227712,6523
5.62,-3.8979359,6523
5.37,-5.8570642,6523
5.25,-4.1804547,6523
4.94,0.9859601,6523
8.7,0.605464,10016
8.7,-3.2506697,10016
8.52,0.605464,10016
8.15,-1.0791361,10016
8.15,-1.7406288,10016
6.13,-5.9851866,10016
6.22,-1.1902636,8633
5.46,-2.3138678,16026
6.0,3.6482024,17795
5.68,1.9719641,17795
5.54,-4.4440475,17795
5.35,-4.8411736,17795
7.52,0.83433324,4031
6.19,0.2729966,1200
9.0,-2.1996303,11342
9.0,3.3102353,11342
8.89,-0.37989336,11342
8.7,2.003673,11342
8.62,-2.3314545,11342
8.52,2.003673,11342
8.3,-5.8849897,11342
8.3,-4.8267407,11342
8.22,-1.5340838,11342
8.05,2.1874554,11342
8.05,-0.6183276,11342
8.0,-0.8515237,11342
8.0,-0.41411382,11342
7.89,-1.4087288,11342
7.82,3.3896503,11342
7.82,-1.842422,11342
7.66,0.27708668,11342
7.62,2.1874554,11342
7.42,-1.7363117,11342
7.37,-0.41411382,11342
7.16,-1.4095402,11342
7.13,-0.40973026,11342
7.0,-0.50033665,11342
6.89,-1.1378018,11342
6.89,2.2305121,11342
5.83,-2.9502082,4079
5.58,-2.3352244,4079
5.53,-3.5783372,4079
5.49,-3.6627054,4079
5.44,-5.1321974,4079
8.92,3.6362345,3243
8.7,4.779716,5149
6.01,0.9731999,3235
7.64,0.95897716,3114
7.52,0.6694329,3114
7.5,1.2267679,3114
7.42,-1.4867312,3114
7.19,-0.22549711,3114
7.18,0.43951678,3114
7.06,0.31974852,3114
6.94,2.2648916,3114
6.84,-2.204116,3114
6.79,-1.411898,3114
6.76,0.44871157,3114
6.68,-3.2154918,3114
6.67,-2.346082,3114
6.64,1.2808397,3114
6.6,-1.7497096,3114
6.55,-0.5072068,3114
6.45,-1.2693391,3114
6.43,-3.4432907,3114
6.35,-4.149381,3114
6.31,-4.94589,3114
5.98,-1.3125983,3114
5.78,-3.181757,3114
5.11,-0.87725747,3114
4.9,-1.7436334,3114
8.02,3.3653054,2363
8.01,2.784337,2363
8.0,5.485046,2363
7.89,5.5282187,2363
7.82,3.8840077,2363
7.82,5.4407496,2363
7.82,6.638902,2363
6.49,-4.525048,13682
5.05,-2.9502375,13682
6.43,0.5437157,4181
7.1,4.029296,1894
6.96,3.9038239,1894
6.92,3.1938722,1894
6.85,-3.072443,1894
6.8,1.2842046,1894
6.77,-3.0903254,1894
6.75,-4.7372794,1894
6.72,3.3062325,1894
6.72,-3.73532,1894
6.7,-0.29231015,1894
6.7,0.105158076,1894
6.68,-1.1796184,1894
6.64,-2.6333842,1894
6.64,2.6131928,1894
6.62,-0.7209918,1894
6.6,3.6702356,1894
6.6,-4.2595243,1894
6.58,1.8632046,1894
6.55,-3.4639795,1894
6.5,-6.8473363,1894
6.47,-0.008458693,1894
6.47,1.1956469,1894
6.44,2.2915409,1894
6.43,2.247268,1894
6.35,-0.504448,1894
6.32,-3.9974606,1894
6.32,-5.4359975,1894
6.31,-3.7922928,1894
6.28,-4.3698683,1894
6.26,-5.4147806,1894
6.24,-4.219247,1894
6.18,-3.1874533,1894
6.09,-0.6899941,1894
6.96,0.60339624,13876
6.1,3.5259874,8154
5.54,-7.4498434,6508
8.4,2.4620645,14017
8.22,0.75467587,14017
8.1,-0.518252,14017
7.7,-0.32653332,14017
5.93,-5.2500896,2987
6.71,1.3049668,11571
8.3,6.0226107,17043
8.15,1.5428522,17043
8.28,-2.640628,13716
8.19,-4.184393,13716
8.12,0.6314621,13716
8.03,-4.4138083,13716
7.97,-3.3627653,13716
7.82,-4.407945,13716
7.68,-3.6275942,13716
7.57,-5.8640504,13716
7.51,-5.343719,13716
7.1,-0.92083144,13716
6.45,-5.6876874,13716
4.6,0.3921316,16681
8.85,-0.75816536,14416
8.89,5.159587,3848
6.58,0.39040464,3848
6.31,-2.8379328,3848
6.21,-3.874215,3848
6.36,-1.8240963,13369
5.92,-2.4568098,13369
5.82,-2.2464576,13369
5.77,-3.9144385,13369
5.77,2.2878144,13369
5.7,0.67671347,13369
5.52,0.43663692,13369
5.3,1.3445001,13369
5.13,2.9261508,13369
5.1,-0.43455973,13369
4.85,1.598651,13369
4.82,-1.9585413,13369
7.58,2.1417744,16115
7.19,3.3654916,16115
7.16,0.88542205,16115
7.0,1.3229177,16115
6.89,-0.31578186,16115
6.82,1.2295083,16115
6.8,-0.63423026,16115
6.8,0.61795306,16115
6.75,0.21173565,16115
6.62,-0.050455865,16115
6.58,0.81066966,16115
6.57,0.7394712,16115
6.56,-2.4749634,16115
6.51,-1.2365103,16115
6.44,-2.0013468,16115
6.33,-2.1796887,16115
6.21,-1.8431426,16115
6.19,-1.6143351,16115
6.16,-2.2101364,16115
6.13,-0.9117848,16115
6.13,-0.95352125,16115
6.13,-0.29540586,16115
6.11,-2.862246,16115
6.1,-2.5348551,16115
6.05,-1.9061412,16115
5.96,-3.428884,16115
5.92,-2.0258098,16115
5.54,-1.7423928,16115
5.52,-4.2200975,16115
5.47,-2.599985,16115
5.46,-2.947364,16115
5.35,-4.9935966,16115
5.33,-3.830523,16115
5.31,-1.8794434,16115
5.31,-5.365418,16115
5.29,-3.7363865,16115
5.2,-3.7159488,16115
5.11,-5.709108,16115
5.08,-5.407894,16115
8.0,-4.404842,6467
8.0,-2.4067006,6467
8.0,2.3093185,6467
8.0,-0.98082423,6467
8.0,-3.138977,6467
8.0,4.1251826,6467
8.0,-2.2119682,6467
8.0,2.8276627,6467
8.0,2.5522566,6467
8.0,1.9341412,6467
8.0,1.0255218,6467
8.0,2.7687829,6467
8.0,-1.2329818,6467
8.0,-2.4939163,6467
8.0,-5.281523,6467
8.0,-0.6991903,6467
8.0,2.1280282,6467
8.0,-1.6419799,6467
8.0,0.79017544,6467
8.0,2.555088,6467
8.0,-2.0447562,6467
8.0,1.0207459,6467
8.0,-0.15414083,6467
8.0,-0.82849854,6467
8.0,-1.8350403,6467
8.0,-2.187833,6467
8.0,-1.9310083,6467
8.0,-1.3561759,6467
8.0,-1.1781354,6467
8.0,-4.8273892,6467
8.0,0.8378184,6467
8.0,2.5222425,6467
8.0,-2.791486,6467
8.0,-0.6458534,6467
8.0,-2.7513754,6467
8.0,-2.5530107,6467
8.0,-2.0152495,6467
8.0,-3.0564709,6467
8.0,-1.5414951,6467
8.0,-1.5060208,6467
8.0,-0.1068296,6467
8.0,-1.5427074,6467
8.0,-4.911716,6467
8.0,-5.07191,6467
8.0,-4.6614456,6467
8.0,-5.5077744,6467
8.0,0.0341948,6467
8.0,-1.3535843,6467
8.0,-0.7395648,6467
8.0,0.54647094,6467
8.0,-0.12710631,6467
8.0,-1.097413,6467
8.0,-1.4255732,6467
8.0,-0.40963912,6467
8.0,-3.0216818,6467
8.0,-1.2798967,6467
8.0,-3.49989,6467
8.0,2.5686855,6467
8.0,-3.063425,6467
8.0,1.2031494,6467
8.0,1.2419562,6467
8.0,-4.2991953,6467
8.0,0.91880083,6467
8.0,-1.3497504,6467
7.0,-1.599052,6467
7.0,-3.7479913,6467
7.0,-1.1861552,6467
7.0,-5.499509,6467
7.0,1.9973673,6467
7.0,0.52724916,6467
7.0,1.1907364,6467
7.0,0.10847516,6467
7.0,-1.7401552,6467
7.0,2.0252218,6467
7.0,0.04337934,6467
7.0,-1.1253598,6467
7.0,-0.8895187,6467
7.0,-1.3849539,6467
7.0,2.6874282,6467
7.0,-0.77531356,6467
7.0,0.2539031,6467
7.0,1.9212769,6467
7.0,0.58223957,6467
7.0,0.89012897,6467
7.0,0.25858453,6467
7.0,0.50872594,6467
7.0,3.9294071,6467
7.0,1.5412596,6467
7.0,-9.618155,6467
7.0,-5.2678003,6467
7.0,0.7808956,6467
7.0,0.029964708,6467
7.0,5.7294335,6467
7.0,1.179372,6467
7.0,-2.56391,6467
7.0,-2.6266036,6467
7.0,3.7902515,6467
7.0,-1.2287762,6467
7.0,-0.18887833,6467
7.0,-0.46259642,6467
7.0,-0.2397723,6467
7.0,0.79332936,6467
7.0,1.7098149,6467
7.0,1.7339616,6467
7.0,0.77600646,6467
7.0,-3.2275863,6467
7.0,-1.991019,6467
7.0,-1.7920337,6467
7.0,1.4918,6467
7.0,-1.6710064,6467
7.0,2.6922987,6467
7.0,-2.1352952,6467
7.0,0.14747208,6467
7.0,1.0733664,6467
7.0,3.064611,6467
7.0,1.790503,6467
7.0,3.269558,6467
7.0,2.196646,6467
7.0,1.6274791,6467
7.0,-0.7927756,6467
7.0,0.97290653,6467
7.0,3.803349,6467
7.0,2.0920148,6467
7.0,4.0457067,6467
7.0,-0.28626516,6467
7.0,1.326527,6467
7.0,-2.7010915,6467
7.0,-1.3691931,6467
7.0,-2.2217329,6467
7.0,-1.0603685,6467
7.0,0.31680572,6467
7.0,-0.9679811,6467
7.0,-1.3452789,6467
7.0,-1.1751361,6467
7.0,0.40866947,6467
7.0,-4.231638,6467
7.0,-2.1537943,6467
7.0,-0.86377394,6467
7.0,-0.18761513,6467
7.0,0.65091264,6467
7.0,-2.639548,6467
7.0,0.49624595,6467
7.0,2.7466407,6467
7.0,0.61132616,6467
7.0,2.3629568,6467
7.0,1.0145211,6467
7.0,1.1002396,6467
7.0,2.4508414,6467
7.0,0.57035315,6467
7.0,3.1928637,6467
7.0,0.52851063,6467
7.0,-1.7199236,6467
7.0,-3.598584,6467
7.0,-3.5544672,6467
7.0,2.0290604,6467
7.0,-2.812632,6467
7.0,-2.5558803,6467
7.0,-5.457802,6467
7.0,0.70155025,6467
7.0,-2.9189022,6467
7.0,1.925121,6467
7.0,0.7972308,6467
7.0,-0.44245467,6467
7.0,-5.9622545,6467
7.0,0.8634228,6467
7.0,-2.6642354,6467
7.0,1.5112653,6467
7.0,0.70511943,6467
7.0,0.84489703,6467
7.0,-0.8036757,6467
7.0,0.35957947,6467
7.0,-0.7889377,6467
7.0,-1.7233738,6467
7.0,0.9606495,6467
7.0,1.8531159,6467
7.0,1.492828,6467
7.0,-1.9436824,6467
7.0,-0.32606685,6467
7.0,-2.7642028,6467
7.0,0.013167806,6467
7.0,-0.053118657,6467
7.0,0.9248382,6467
7.0,-4.3864803,6467
7.0,-3.1418567,6467
7.0,-3.0943573,6467
7.0,-1.2705226,6467
7.0,-3.849018,6467
7.0,1.2539036,6467
7.0,-0.5916381,6467
7.0,0.59006447,6467
7.0,-1.4187717,6467
7.0,-4.2949185,6467
7.0,-3.6579597,6467
7.0,-1.1748849,6467
7.0,-0.9948467,6467
7.0,-1.4666934,6467
7.0,-3.3055787,6467
7.0,-0.87968135,6467
7.0,-1.38453,6467
7.0,-2.8793275,6467
7.0,-7.2613935,6467
7.0,-1.996557,6467
7.0,-2.3573213,6467
7.0,-4.6266108,6467
7.0,-0.83821386,6467
7.0,-0.10135952,6467
7.0,0.49427184,6467
7.0,-3.87274,6467
7.0,-2.470133,6467
7.0,-2.0730495,6467
7.0,-3.107556,6467
6.0,2.2189164,6467
6.0,-2.4864676,6467
6.0,2.2888393,6467
6.0,0.57484114,6467
6.0,-1.3849539,6467
6.0,-1.1805668,6467
6.0,1.3257248,6467
6.0,-1.625433,6467
6.0,-0.83653915,6467
6.0,0.8931764,6467
6.0,0.75276893,6467
6.0,0.6694443,6467
6.0,0.7157812,6467
6.0,1.9376568,6467
6.0,1.4611449,6467
6.0,1.8705432,6467
6.0,2.4958313,6467
6.0,-2.6004527,6467
6.0,-3.5067818,6467
6.0,-3.3151,6467
6.0,-1.3898584,6467
6.0,-1.7261066,6467
6.0,-0.089812025,6467
6.0,-0.72677755,6467
6.0,1.8951283,6467
6.0,-0.59275997,6467
6.0,-1.3545102,6467
6.0,4.186817,6467
6.0,1.1217381,6467
6.0,2.9931374,6467
6.0,-1.4599266,6467
6.0,-1.5652643,6467
6.0,1.3519634,6467
6.0,0.47121948,6467
6.0,1.0477831,6467
6.0,4.607268,6467
6.0,-1.9298596,6467
6.0,-0.7318,6467
6.0,0.7163104,6467
6.0,0.004610382,6467
6.0,2.6745071,6467
6.0,4.4361854,6467
6.0,-1.3619182,6467
6.0,-3.7473493,6467
6.0,-3.834563,6467
6.0,-2.182717,6467
6.0,-1.2866542,6467
6.0,-4.8565736,6467
6.0,-1.5350834,6467
6.0,-2.785102,6467
6.0,-2.0474389,6467
6.0,-6.2027855,6467
6.0,-4.074643,6467
6.0,-3.0278358,6467
6.0,-8.334159,6467
6.0,-5.3668776,6467
6.0,-1.3236042,6467
6.0,2.0290604,6467
6.0,2.0290604,6467
6.0,-4.4436793,6467
6.0,1.8795393,6467
6.0,0.59339947,6467
6.0,-2.5580254,6467
6.0,-2.6562932,6467
6.0,3.4779954,6467
6.0,3.544755,6467
6.0,3.8994102,6467
6.0,2.3629334,6467
6.0,-2.0197096,6467
6.0,4.6226244,6467
6.0,0.6397903,6467
6.0,-1.6878941,6467
6.0,1.0519435,6467
6.0,0.19759753,6467
6.0,4.073991,6467
6.0,-1.5642737,6467
6.0,3.3652644,6467
6.0,-4.0837727,6467
6.0,-0.9480516,6467
6.0,-1.4726241,6467
6.0,3.0249393,6467
6.0,-1.7003908,6467
6.0,-0.60682297,6467
6.0,0.9672177,6467
6.0,3.131995,6467
6.0,-2.6962283,6467
6.0,-1.8279173,6467
6.0,4.1841407,6467
6.0,-2.0677207,6467
6.0,0.083270624,6467
6.0,1.6977721,6467
6.0,-1.5135152,6467
6.0,2.592638,6467
6.0,-2.169196,6467
6.0,0.41701218,6467
6.0,1.3651842,6467
6.0,-3.425455,6467
6.0,-3.8504903,6467
6.0,-1.8634607,6467
6.0,1.4122834,6467
6.0,-0.847451,6467
6.0,0.24913542,6467
6.0,3.2298634,6467
6.0,1.0908084,6467
6.0,2.177737,6467
6.0,-1.11501,6467
6.0,0.115943044,6467
6.0,-2.1630807,6467
6.0,0.08522715,6467
6.0,0.2823872,6467
6.0,0.7375502,6467
6.0,2.37883,6467
6.0,0.45546785,6467
6.0,0.46284863,6467
6.0,-1.1529635,6467
6.0,1.4198198,6467
6.0,-1.9079021,6467
5.0,2.1695526,6467
5.0,1.4393519,6467
5.0,3.365167,6467
5.0,1.706282,6467
5.0,2.6468055,6467
5.0,-4.261756,6467
5.0,0.63171744,6467
5.0,0.017194487,6467
5.0,3.3935065,6467
5.0,-0.81187075,6467
5.0,0.12353398,6467
5.0,1.2550509,6467
5.0,-0.5923225,6467
5.0,0.71256673,6467
5.0,4.4685025,6467
5.0,2.0619664,6467
5.0,4.0385294,6467
5.0,-0.010630082,6467
5.0,-0.012718435,6467
5.0,0.9326075,6467
5.0,2.553454,6467
5.0,3.9443436,6467
5.0,2.0858216,6467
5.0,0.013924576,6467
8.05,1.8485696,16952
8.0,4.964044,16952
7.96,3.7935848,16952
7.77,0.61092156,16952
7.77,1.2228776,16952
7.72,1.5661801,16952
7.6,3.0248125,16952
7.6,3.4710636,16952
7.55,2.5369637,16952
7.51,3.1378317,16952
7.5,3.4505436,16952
7.05,0.32426295,16952
7.03,0.12778604,16952
6.95,4.2623014,16952
6.9,-0.37027058,16952
6.89,2.508686,16952
6.88,2.4222648,16952
6.84,1.8984298,16952
6.76,3.3348293,16952
6.54,-0.24984129,16952
6.46,-0.25002453,16952
6.46,-1.9449452,16952
6.41,1.7137262,16952
6.25,0.4877376,16952
6.23,1.1048179,16952
5.95,-2.88239,16952
6.73,-1.4854423,2578
6.12,-1.6137388,2578
6.05,0.9181448,2578
5.6,1.2195232,2578
5.5,0.082446076,2578
5.38,1.384044,2578
8.92,1.9072735,12703
4.46,-2.740589,80
4.39,-3.8415098,80
4.28,-3.1719992,80
4.14,-3.4510221,80
5.11,-0.055054378,3618
5.01,-1.3811936,3618
8.59,6.242139,17179
8.55,4.254872,17179
8.48,2.074927,17179
8.34,4.408932,17179
8.07,7.391751,17179
8.0,7.188079,17179
8.0,4.7661037,17179
7.77,5.9191513,17179
7.57,4.833197,17179
6.96,1.4698392,9823
6.82,1.1541321,9823
6.24,1.1432445,9823
6.21,-1.0070722,9823
5.51,0.9295349,9823
9.48,2.1688428,7221
8.02,-2.2730048,7221
7.83,-1.3338841,7221
7.57,-3.08137,7221
7.53,2.4907036,7221
7.33,-3.9496288,7221
7.26,-3.403813,7221
7.12,-2.512979,7221
7.04,-1.0365472,7221
8.0,-1.062858,3514
7.85,2.6724777,3514
7.19,5.5414095,3514
6.52,0.48480555,3514
6.47,2.24044,3514
6.39,1.0471827,3514
6.29,1.0751526,3514
7.02,1.7618451,17279
6.89,1.3631178,17279
9.05,-3.9028075,12510
8.52,-2.0117917,12510
8.52,-2.3709805,12510
8.52,-1.668798,12510
8.4,-3.3185985,12510
8.37,-3.823198,12510
8.3,-2.6007917,12510
8.3,-1.2205127,12510
8.24,-0.38175508,12510
8.22,-1.4314575,12510
8.22,-2.2380886,12510
8.15,0.73868346,12510
8.15,0.3644544,12510
8.0,-5.6330194,12510
7.93,-1.9488618,12510
7.92,-2.6007912,12510
7.75,-2.5303407,12510
7.73,-3.5352132,12510
7.72,-6.29593,12510
7.72,-2.2026784,12510
7.72,-3.7807462,12510
7.68,-3.139723,12510
7.6,-3.2657092,12510
7.55,-1.3141067,12510
7.54,-1.544378,12510
7.46,-4.603717,12510
7.27,-2.5306284,12510
7.14,-4.7700033,12510
7.14,-2.6516786,12510
7.08,-0.69112045,12510
7.06,-2.63687,12510
7.03,-2.3429015,12510
7.03,-1.1249607,12510
7.0,-3.7200246,12510
6.55,-3.6608722,12510
6.4,-3.2895334,12510
7.35,0.72833705,7364
5.89,1.0067836,290
5.55,-1.4931054,290
5.48,-3.4252396,290
5.42,-1.3085626,290
5.35,-3.381255,290
5.22,-3.25328,290
4.77,-3.1285985,290
4.77,-3.9268353,290
4.7,-1.6124991,290
4.68,-3.169871,290
4.68,-4.3760896,290
4.55,-0.7332531,290
4.39,1.3169361,290
5.85,-8.405483,4734
5.8,-7.872171,4734
5.6,-8.405836,4734
5.54,-7.0793657,4734
4.67,-6.5951333,4734
5.42,-1.6828581,773
7.37,-1.9576522,15728
6.96,-2.7781076,15728
6.89,-4.344503,15728
7.38,1.4184544,12759
8.42,4.2870035,2929
8.22,4.2870035,2929
7.96,-1.5020801,2929
7.96,2.6722872,2929
7.96,-0.00946844,2929
7.89,1.7615561,2929
7.89,2.672287,2929
7.75,-1.8114896,2929
7.66,-2.750906,2929
7.51,-5.7468834,2929
7.41,-4.026903,2929
7.38,-3.7729042,2929
7.34,-0.00946844,2929
7.19,-1.4853132,2929
7.14,-0.9230392,2929
7.14,-1.3074893,2929
7.11,-1.0008981,2929
7.11,-3.524072,2929
6.99,0.16773772,2929
6.98,-5.7468834,2929
6.85,1.4760925,2929
6.48,-1.3756976,2929
6.28,-3.9414437,2929
5.75,-2.5012667,10036
4.54,0.75963545,10036
7.25,5.788874,1914
6.95,4.252906,1914
6.85,6.183289,1914
6.74,4.5815754,1914
6.5,3.8732643,1914
6.46,4.2760515,1914
6.35,5.8494296,1914
6.3,4.194881,1914
6.18,4.6558065,1914
6.14,0.93440366,1914
6.13,5.2128463,1914
6.0,5.549592,1914
5.86,2.7481604,1914
5.81,3.5216281,1914
5.8,4.3339324,1914
5.48,5.039053,1914
7.34,-1.3660765,9518
7.21,-3.1974413,9518
7.2,-0.08236118,9518
7.13,-3.2878933,9518
7.08,0.45278907,9518
6.99,-0.8355163,9518
6.88,-1.6195458,9518
6.56,-4.631697,9518
6.29,1.1079816,9518
6.05,0.21925622,9518
5.41,-1.9558029,9518
5.4,-1.070092,9518
5.22,-1.7181612,9518
5.16,-1.8169776,9518
5.06,-5.043118,9518
8.47,4.279821,13154
5.5,2.4787369,8984
8.4,-1.3224834,1425
7.75,0.2576325,1425
7.66,1.6476154,1425
7.47,-0.16221417,1425
7.12,-3.7216344,1425
5.76,-2.3454635,13513
8.3,1.6583261,8684
8.22,0.19067425,8684
8.1,1.3790246,8684
7.7,-3.7218282,8684
7.06,0.32264397,698
7.0,0.6240465,698
6.72,2.4277902,698
6.46,-0.29717168,698
6.26,0.6800209,698
9.7,4.6512046,14051
9.1,3.1446064,14051
5.08,1.7837565,3023
6.0,1.3125832,2216
4.22,-7.883893,3159
6.62,-4.3733506,1216
6.52,-6.831434,1216
6.36,-3.4784555,1216
5.85,-2.0707028,16368
5.85,-2.2677839,16368
5.51,-1.752643,16368
5.25,-5.6289907,16368
5.11,-3.8662286,16368
4.7,-6.977698,16368
7.41,1.2682855,12938
6.72,0.7114691,12938
6.61,0.41680807,12938
6.29,-2.325079,12938
6.16,1.421312,12938
6.16,-3.8506706,8326
5.63,-1.1180369,8326
5.43,-2.2019644,8326
5.12,-5.1461425,8326
5.11,-6.120914,8326
4.48,-5.1492953,2242
9.0,6.0798373,16762
9.0,4.694964,16762
8.7,7.006651,16762
8.52,1.1236898,16762
8.4,-0.32377246,16762
8.22,0.5453032,16762
7.96,3.0871365,16762
6.77,-0.31988508,16762
6.77,-4.015483,16762
6.41,0.94268084,16762
6.32,-1.1907129,16762
6.1,-3.2227387,16762
6.09,-3.570311,16762
6.05,-3.61541,16762
6.0,0.96086997,16762
5.99,-3.5703108,16762
5.96,0.5474457,16762
5.52,-3.61541,16762
6.7,5.471856,511
7.8,3.3237472,4059
7.62,0.75880796,4059
7.23,1.5950828,4059
7.13,0.6668145,4059
6.16,-0.47896525,4059
5.63,0.4573253,4059
5.44,-2.559182,4059
5.42,-0.44836527,4059
5.87,-4.0354543,14295
7.16,-1.1823409,4202
9.0,3.8721848,6048
9.0,2.8891132,6048
9.0,1.433228,6048
9.0,-1.8401957,6048
9.0,-0.32113743,6048
8.7,1.0468308,6048
8.7,-0.29436412,6048
8.7,1.2227364,6048
8.7,3.7591808,6048
8.7,0.7576972,6048
8.52,3.6051514,6048
8.52,-0.91559416,6048
8.52,1.5759957,6048
8.4,3.2955701,6048
8.3,2.2885203,6048
8.22,3.3518465,6048
8.15,0.79402363,6048
7.96,2.048207,6048
7.92,-1.3585054,6048
7.89,-0.36488664,6048
7.89,1.7644562,6048
7.82,-2.6336217,6048
7.7,3.8377478,6048
7.68,3.9162824,6048
7.66,-1.4210558,6048
7.62,-2.3467321,6048
7.6,-1.1589017,6048
7.58,3.0749419,6048
7.31,1.1906712,6048
7.3,2.9672406,6048
6.65,-2.5632894,6048
6.62,1.7528713,6048
6.5,1.6224816,6048
6.22,-0.95774615,6048
6.2,2.4505212,6048
5.9,2.8947735,6048
5.62,0.6227486,6048
5.48,0.99503225,6048
5.23,-1.4603276,6048
5.22,-0.05650821,6048
5.05,-0.5436278,6048
9.15,2.6320312,4900
8.3,-1.2231363,3931
8.22,-0.8971167,3931
8.0,-1.8533497,3931
7.85,-3.8139226,3931
7.8,5.514496,3931
7.57,-2.17821,3931
7.55,1.617048,3931
7.55,-1.1278663,3931
7.41,-1.7025303,3931
7.32,-0.55009717,3931
7.19,-2.1750817,3931
6.92,-5.1822605,3931
6.56,-1.5668552,3931
6.3,0.4262415,3931
5.93,-4.5648746,3931
4.05,1.4596559,3931
6.52,-5.6100726,16328
6.12,-2.9486568,16328
5.62,-6.1028614,17744
8.47,5.3268676,10483
8.32,4.5854373,10483
8.0,3.2049575,10483
7.85,3.3919232,10483
7.82,2.5218992,10483
7.52,-0.24164592,10483
8.7,-1.3411759,7107
8.0,3.4479868,15577
7.85,2.7535827,15577
7.46,1.5373633,15577
7.3,-1.4503871,15577
6.77,0.045692846,15577
6.68,-3.1739953,15577
8.3,-1.455074,15853
7.19,-2.3945494,15853
7.0,-1.0082377,15853
6.89,1.4700394,15853
6.85,0.7582905,15853
6.8,-3.840739,15853
8.12,3.1905053,16658
9.22,8.165233,1171
5.4,4.0667057,17706
8.22,1.409083,15782
8.22,-4.8849177,15782
8.15,-7.0287933,15782
8.1,-3.667044,15782
7.2,-3.7144144,15782
8.8,0.005103778,1241
8.64,3.840981,1241
8.64,6.997653,1241
8.64,-0.68669134,1241
8.62,5.4716535,1241
8.28,4.587874,1241
8.19,-0.5668902,1241
8.16,5.1024203,1241
8.05,3.4736898,1241
8.04,2.6282911,1241
7.92,8.583655,1241
7.89,2.2514586,1241
7.89,-2.5301769,1241
7.85,-0.699453,1241
7.85,6.429075,1241
7.82,0.1320362,1241
7.75,7.593259,1241
7.72,1.967398,1241
7.72,7.4351754,1241
7.72,4.659619,1241
7.72,6.109103,1241
7.7,-6.4562984,1241
7.66,-0.12205772,1241
7.64,0.89790344,1241
7.64,-9.011218,1241
7.62,2.7006118,1241
7.6,-1.6705052,1241
7.58,-0.7010826,1241
7.58,1.1940812,1241
7.55,-1.3332578,1241
7.52,2.1017942,1241
7.51,8.166512,1241
7.39,5.8180075,1241
7.38,-1.9735172,1241
7.38,6.6328535,1241
7.35,2.924254,1241
7.31,2.7362852,1241
7.27,3.8625925,1241
7.25,0.6345313,1241
7.16,4.4858236,1241
7.11,0.011324709,1241
5.53,-1.019845,12714
6.4,-3.3285818,38
5.85,-4.7867913,38
5.43,-3.2456644,5619
5.31,-4.8215995,5619
5.22,-6.2566047,5619
5.1,-3.6155822,5619
9.0,3.708246,11225
9.0,2.132347,11225
8.7,-0.24992777,11225
8.7,3.9580898,11225
8.7,2.087137,11225
8.7,3.659222,11225
8.52,0.86420226,11225
8.52,4.266242,11225
8.52,1.3788235,11225
8.4,4.445882,11225
8.4,4.708063,11225
8.3,2.7217987,11225
8.3,0.44118616,11225
8.3,5.0847535,11225
8.22,1.7940718,11225
8.22,4.076591,11225
8.15,-1.5606418,11225
8.0,5.0621986,11225
7.96,0.62666583,11225
7.96,0.90634257,11225
7.85,1.2018787,11225
7.8,-0.6453225,11225
7.8,-0.49496052,11225
7.75,0.73552406,11225
7.72,2.5678003,11225
7.66,-0.52824163,11225
7.66,2.7150037,11225
7.58,-1.0918225,11225
7.57,2.6151967,11225
7.54,0.24962941,11225
7.51,0.77940255,11225
7.38,2.0004735,11225
6.82,2.216222,11225
6.79,0.4187235,11225
6.64,-0.90887326,11225
6.6,0.7132691,11225
6.39,-3.6312978,11225
6.24,0.23519938,11225
9.1,7.0571933,12448
8.98,5.5881124,12448
8.96,6.1924753,12448
8.92,5.559305,12448
8.85,5.8139014,12448
8.82,5.8682547,12448
7.64,6.1924753,12448
8.46,5.3148513,16627
8.74,1.310239,6513
8.33,2.7910564,6513
8.25,1.9742157,6513
5.67,-4.0225816,3646
4.85,-2.108547,3646
4.8,-1.4191833,3646
9.7,4.1141887,7874
9.7,3.0498438,7874
9.7,3.188059,7874
9.7,2.4591925,7874
9.7,0.8991113,7874
9.7,0.6885078,7874
9.7,1.3784586,7874
9.52,2.3981442,7874
9.52,3.0277293,7874
9.52,5.0827837,7874
9.52,2.9293296,7874
9.52,5.957872,7874
9.52,5.662322,7874
9.4,5.4126034,7874
9.4,1.5878003,7874
9.4,4.814612,7874
9.4,1.7925165,7874
9.4,2.347744,7874
9.4,3.8599272,7874
9.4,2.7406194,7874
9.4,5.881868,7874
9.4,4.1449842,7874
9.4,-0.60004,7874
9.4,2.3971255,7874
9.4,5.338818,7874
9.3,3.1637864,7874
9.3,2.982864,7874
9.3,5.76487,7874
9.3,0.5585578,7874
9.3,4.670709,7874
9.3,1.597913,7874
9.3,2.8700047,7874
9.3,4.1902122,7874
9.3,-0.8093015,7874
9.3,4.336535,7874
9.3,0.94348085,7874
9.22,5.947448,7874
9.22,3.2798269,7874
9.22,1.4028814,7874
9.22,4.0599556,7874
9.22,1.5091169,7874
9.22,1.3784586,7874
9.22,-0.9237742,7874
9.22,3.4899588,7874
9.22,5.2880397,7874
9.22,3.2275844,7874
9.22,1.5556747,7874
9.22,3.9920623,7874
9.22,7.700366,7874
9.22,4.3906517,7874
9.22,0.18296896,7874
9.22,3.02773,7874
9.22,2.8566678,7874
9.22,0.050025295,7874
9.22,5.540611,7874
9.22,1.3347199,7874
9.22,2.7276251,7874
9.15,1.4989083,7874
9.15,7.8051248,7874
9.15,2.715163,7874
9.15,7.0294166,7874
9.15,4.670552,7874
9.15,0.5101568,7874
9.15,1.7822529,7874
9.15,3.9981096,7874
9.15,-1.2641982,7874
9.15,3.9803169,7874
9.15,3.6514597,7874
9.1,5.0589747,7874
9.1,2.7619278,7874
9.1,4.2703166,7874
9.1,0.40288436,7874
9.1,1.7642866,7874
9.1,1.8206332,7874
9.1,1.7642866,7874
9.1,4.0071607,7874
9.1,1.6732999,7874
9.1,-1.6705797,7874
9.1,5.3056703,7874
9.05,0.050025295,7874
9.05,2.37588,7874
9.05,2.5801332,7874
9.05,0.80925643,7874
9.05,2.8734856,7874
9.05,3.1631045,7874
9.05,3.3010247,7874
9.0,3.8256176,7874
9.0,-1.7302674,7874
9.0,4.7852044,7874
9.0,0.35303825,7874
9.0,-0.832822,7874
9.0,1.9801083,7874
9.0,0.5235223,7874
8.96,3.8437576,7874
8.96,4.1461143,7874
8.96,1.0530995,7874
8.96,0.34645846,7874
8.96,1.1495212,7874
8.96,4.857385,7874
8.96,4.234164,7874
8.96,5.2470565,7874
8.96,0.39606646,7874
8.96,6.088384,7874
8.96,2.727625,7874
8.92,2.5715451,7874
8.92,2.7822082,7874
8.92,1.5061246,7874
8.92,2.1340148,7874
8.92,5.1720076,7874
8.92,3.182976,7874
8.92,-0.967574,7874
8.89,0.24774183,7874
8.89,4.3983254,7874
8.89,2.8377752,7874
8.89,0.7033539,7874
8.85,3.5098581,7874
8.85,2.5016866,7874
8.85,3.4529421,7874
8.85,5.5851107,7874
8.85,1.9180069,7874
8.85,6.1015053,7874
8.82,3.6498075,7874
8.82,3.428128,7874
8.82,5.6513486,7874
8.77,2.9865646,7874
8.77,4.4191155,7874
8.74,4.5439663,7874
8.74,5.762554,7874
8.74,0.8531527,7874
8.72,1.0409113,7874
8.72,3.2709668,7874
8.72,1.5129356,7874
8.7,3.5020778,7874
8.7,1.403256,7874
8.68,0.77480894,7874
8.66,5.172008,7874
8.64,3.2761972,7874
8.64,2.1611083,7874
8.64,3.8951283,7874
8.62,1.2636102,7874
8.6,2.6529808,7874
8.59,1.7652175,7874
8.59,-1.0861039,7874
8.57,-1.0842316,7874
8.55,1.9559777,7874
8.55,4.616154,7874
8.55,2.5016866,7874
8.55,3.4804323,7874
8.54,0.79836506,7874
8.52,-0.053705063,7874
8.48,-1.7435615,7874
8.46,2.7062054,7874
8.46,1.7925165,7874
8.46,3.6331775,7874
8.37,1.0577716,7874
8.35,2.6015766,7874
8.3,-1.4903182,7874
8.28,-1.1663727,7874
8.27,-0.7323867,7874
7.96,0.69155425,7874
7.85,4.234164,7874
7.8,3.7182972,7874
7.19,2.3628743,4035
7.15,2.4091163,4035
6.88,0.5608904,4035
6.61,-0.4239036,4035
6.7,-1.2795186,11945
6.58,1.3780154,11945
6.13,0.58131176,11945
5.96,-2.4945097,11945
5.83,-2.58929,11945
5.8,-1.1402544,11945
5.63,-3.222675,11945
5.56,-1.0617088,11945
5.54,-0.8141864,11945
5.54,-3.034199,11945
5.31,-2.6947665,11945
5.3,-0.9482723,11945
5.28,1.1328603,11945
5.2,1.381628,11945
5.14,-1.4406408,11945
5.25,2.0742986,227
6.5,-0.7429621,2594
5.82,-7.867421,2163
5.11,-7.9576263,2163
6.62,3.2586186,1566
7.23,-0.18311055,868
7.11,-1.3176818,15347
6.14,-4.146779,15347
6.06,-2.5125914,15347
6.01,0.9706562,15347
5.87,-5.2335715,15347
5.06,-2.8614805,15347
4.3,-1.740689,15347
7.7,-2.6807482,6461
6.57,-2.1141486,6461
6.16,-0.79964715,6461
5.89,-3.233595,6461
5.68,0.63289833,6461
5.0,3.5638075,16081
5.72,3.341468,13311
5.36,-2.4327276,13311
7.72,4.201302,11818
6.92,0.1871088,10867
6.11,-1.2594249,10867
5.89,0.9869149,10867
5.76,-0.7070229,10867
5.36,2.362184,10867
5.31,3.2774582,10867
8.0,0.6441436,12508
8.0,-0.68280196,12508
8.0,1.4875075,12508
8.0,2.8494143,12508
8.0,5.0280924,12508
8.0,3.1494489,12508
8.0,-2.6221478,12508
8.0,-1.1124475,12508
8.0,1.2726526,12508
8.0,1.047989,12508
8.0,0.16898419,12508
8.0,2.3566003,12508
8.0,-2.6884422,12508
8.0,0.68553007,12508
8.0,-2.0073383,12508
8.0,0.928512,12508
8.0,0.009807803,12508
8.0,4.5828795,12508
4.86,-0.34159908,16548
7.16,1.1466064,13377
6.07,-5.5985227,11890
5.72,-5.7485647,11890
5.35,-5.7485647,11890
5.32,-5.0426946,11890
5.28,-5.2958694,11890
9.6,-3.5425303,15841
8.05,-0.9787835,15841
8.0,0.13494678,15841
6.92,-0.2201023,15841
6.36,2.315516,15841
6.35,0.03584538,15841
5.7,2.0456991,15841
5.66,-1.5417343,15841
3.52,-10.60756,15841
3.52,-5.873309,15841
3.52,-8.143094,15841
3.3,-8.584808,15841
3.05,-9.483947,15841
2.92,-7.983112,15841
2.64,-7.362018,15841
2.6,-10.24263,15841
2.5,-6.56611,15841
2.46,-11.045547,15841
2.44,-4.87967,15841
2.41,-5.707535,15841
2.36,-7.42588,15841
8.52,1.4893162,11046
8.52,2.6825573,11046
8.3,1.6446408,11046
8.3,2.1099975,11046
8.0,2.237855,11046
7.89,0.41473335,11046
6.99,1.1955163,11046
6.58,2.81218,11046
6.32,-3.8864894,11046
6.16,4.071806,11046
6.15,0.46114746,11046
6.12,0.5607641,11046
7.82,2.5800245,1279
9.1,6.633824,10926
8.7,0.16357271,10926
7.14,-2.9796026,9792
7.68,-2.0629106,4539
7.14,-4.2761497,4539
7.06,-0.31785712,4539
6.88,-3.1622732,4539
6.55,-2.350693,4539
6.52,-2.102005,4539
6.51,-2.5646396,4539
6.49,-2.350693,4539
6.42,-3.1622732,4539
6.3,-2.350693,4539
6.06,-2.0629106,4539
5.75,-0.094490126,16766
6.12,-3.757205,1480
7.82,-2.4507248,8655
8.4,4.680029,3558
8.22,3.5922625,3558
8.22,2.2039387,3558
8.15,3.2306235,3558
8.05,3.8748205,3558
7.96,3.408188,3558
7.92,3.2012308,3558
7.89,2.1408672,3558
7.82,2.7157235,3558
7.66,2.0605032,3558
7.58,4.42576,3558
7.57,2.9234965,3558
7.47,4.966595,3558
7.46,2.789727,3558
7.4,2.011928,3558
7.39,1.693516,3558
7.35,1.2865483,3558
7.35,2.5119722,3558
7.33,2.224568,3558
7.27,1.9229428,3558
7.17,3.2460234,3558
7.06,2.9307399,3558
7.03,1.317792,3558
6.93,3.7847245,3558
6.89,2.561434,3558
6.83,2.6823177,3558
6.36,1.8701704,3558
6.25,-0.2010987,3558
6.22,2.6994867,3558
5.66,1.5413535,3558
7.6,1.0102946,5132
6.36,-2.8326483,5132
4.9,-4.533963,5132
8.22,3.3752186,13421
8.22,5.2693624,13421
8.15,4.421521,13421
8.05,3.9013195,13421
7.96,1.699557,13421
7.82,1.713833,13421
7.77,-1.5054834,13421
7.72,1.8793179,13421
7.64,2.746375,13421
7.64,4.0101256,13421
7.55,-0.7174183,13421
7.55,3.6465797,13421
7.51,2.3171794,13421
7.5,3.0360634,13421
7.46,4.8444347,13421
7.39,2.1458416,13421
7.18,3.4276757,13421
7.16,0.18828098,13421
7.13,0.956674,13421
7.13,2.7611206,13421
7.05,-0.33215404,13421
6.98,0.77951616,13421
6.92,2.366816,13421
6.92,-0.5130168,13421
6.91,-0.20139574,13421
6.88,0.6731995,13421
6.34,2.1668894,13421
6.29,-0.85643864,13421
6.03,0.58748966,13421
5.06,-0.062303927,13421
9.0,6.652992,743
9.0,4.162515,743
9.0,6.040738,743
8.7,2.821622,743
8.7,5.482023,743
8.7,6.7245317,743
8.52,4.9240384,743
8.22,3.930569,743
8.0,0.99462265,743
7.72,1.0225463,743
6.3,-4.1408715,743
7.82,-2.3928766,14829
7.51,-2.1579893,14829
7.31,-3.6759737,14829
6.81,-2.8357844,14829
6.47,-4.741398,15281
6.42,-5.6067734,15281
6.4,-6.849792,15281
6.3,-7.7730207,15281
6.22,-5.773702,15281
6.22,-7.430328,15281
6.16,-7.161933,15281
6.16,-6.486836,15281
6.07,-7.946942,15281
6.03,-6.0180483,15281
5.89,-5.7111115,15281
5.8,-6.961472,15281
5.75,-6.116487,15281
5.68,-7.9650493,15281
5.66,-5.552249,15281
5.66,-5.7111115,15281
5.4,-6.243257,15281
7.68,2.8857486,260
7.3,0.20125218,16127
7.46,-1.3259407,10307
7.16,-1.4815869,10307
5.91,-3.5379515,10307
5.65,-3.3053265,10307
5.62,-5.237934,10307
4.55,-2.857031,10307
8.7,-3.1095543,8871
8.52,1.0390242,8871
8.52,-3.047105,8871
8.52,-3.629194,8871
8.4,-3.4946918,8871
8.15,-0.40892446,8871
8.05,5.4422956,8871
8.05,-0.5204196,8871
8.0,2.384863,8871
7.85,-1.3593721,8871
7.82,-1.6744442,8871
7.8,0.81783074,8871
7.5,1.3852552,8871
7.5,1.1460053,8871
4.88,1.5592813,17135
8.3,3.8291426,2792
5.0,-5.229595,3327
4.68,-7.0578065,3327
4.37,-9.32279,3327
6.96,-6.4304338,12399
6.82,-0.4673659,12399
7.82,0.46318957,9138
7.8,3.5237658,9138
7.62,2.1393664,9138
7.62,1.1474515,9138
7.47,3.7365596,9138
7.32,5.0915546,9138
7.19,2.1393664,9138
6.8,2.5349832,9138
6.72,2.5349832,9138
6.35,-0.77051854,9138
5.08,0.41391686,9138
5.0,-0.8713325,9138
5.0,0.8854281,9138
5.0,-2.5062568,9138
5.0,4.480201,9138
5.0,3.0978382,9138
5.0,0.9156666,9138
7.96,2.2659392,1575
6.93,-1.162827,3144
7.4,5.4766173,14285
5.21,-4.0547676,4450
8.15,3.5000205,10584
8.03,2.329871,10584
6.41,2.4239368,10584
8.85,3.9956872,15697
8.82,4.8060856,15697
8.7,2.511839,15697
8.62,2.4602466,15697
8.55,0.42308977,15697
8.33,4.0760655,15697
8.29,3.5178916,15697
8.18,3.004252,15697
8.08,2.08872,15697
8.06,3.5571072,15697
7.92,1.0711377,15697
7.85,5.40493,15697
7.6,0.2932003,15697
9.3,7.2684927,13590
8.96,5.248839,13590
8.92,1.2305264,13590
8.89,2.3306298,13590
8.72,3.6224077,13590
8.7,4.414078,13590
8.59,0.74290305,13590
8.43,3.223175,13590
8.17,2.075386,13590
8.14,3.2122536,13590
7.67,-1.6399043,13590
7.51,2.491058,13590
6.74,-1.1913731,13590
6.53,2.689115,13590
7.44,1.8942224,3345
8.06,-0.30358678,4969
6.26,0.46736842,11827
7.92,3.1339316,7702
7.92,2.1815147,7702
8.57,2.4590409,9185
8.39,2.6791036,9185
8.16,3.4982185,9185
7.99,-0.28083473,9185
7.64,4.5712924,9185
7.62,-4.417335,9185
7.27,2.1975365,9185
7.08,2.7190793,9185
6.97,2.4129174,9185
6.02,2.2781758,9185
8.81,4.4912033,9631
8.72,1.6739092,9631
8.65,0.59032625,9631
8.45,3.4894364,9631
8.07,2.8436239,9631
8.03,1.326041,9631
7.77,1.1244141,9631
7.66,-0.9269732,9631
7.49,1.5701969,9631
7.57,-0.8176802,6441
7.55,0.13886325,6441
7.47,-1.3030581,6441
7.46,-0.91962445,6441
7.04,0.080027804,6441
6.96,-0.14901625,6441
6.8,-1.4736542,6441
6.25,-3.9761202,6441
9.49,5.602327,12627
4.92,-3.2535102,4002
8.52,3.1164088,5996
8.4,0.4419871,5996
8.05,3.0996177,5996
7.64,-1.1429856,5996
7.54,-2.1775239,5996
7.51,0.8104301,5996
7.46,0.8859275,5996
6.64,-0.58916605,5996
6.35,-4.777177,5996
6.26,-2.5535712,5996
6.09,-5.118136,5996
5.99,-4.285488,5996
5.84,5.7138243,5996
5.52,-5.2306905,5996
7.8,2.8123794,15423
7.7,2.9593432,15423
7.55,2.0273132,15423
7.05,3.7732537,15423
6.85,1.8733823,15423
6.2,0.35515875,15423
9.22,5.894906,15450
8.4,4.12254,15450
4.46,-6.173514,15450
8.15,1.7668061,2072
8.85,2.3209136,6613
8.44,4.4440575,6613
8.37,2.3386478,6613
8.37,-2.4405463,6613
8.25,-0.17511106,6613
8.14,-2.149523,6613
8.12,-0.41079214,6613
8.09,0.042594332,6613
7.98,1.2081702,6613
7.91,-1.3297268,6613
7.87,1.1763005,6613
7.8,1.65141,6613
7.8,-0.41967195,6613
7.73,0.45573542,6613
7.7,-2.0126586,6613
7.67,1.6833601,6613
7.55,-0.5376998,6613
7.27,-0.043822195,6613
7.09,-0.6804546,6613
5.82,-5.802174,3908
5.78,-5.0921035,3908
5.7,-4.1264825,3908
5.6,-6.7404823,3908
5.57,-3.3731499,3908
5.46,-6.8029957,3908
5.07,-1.8027561,3908
4.77,-6.828649,3908
4.89,-6.1913013,17186
5.61,-4.011023,10099
5.83,-8.591366,1729
5.66,-5.2245374,1729
4.41,-6.1997156,1729
4.29,-2.1232638,1729
7.34,2.043279,10611
5.7,-2.3629339,56
6.34,-4.2794695,8388
6.08,-7.65462,8388
8.1,3.414034,11158
7.9,2.9805968,11158
7.8,2.6351447,11158
7.7,3.0543754,11158
7.6,2.6272385,11158
7.6,2.6351447,11158
7.6,3.4571078,11158
7.4,2.7516809,11158
7.4,2.6351447,11158
7.4,0.7618376,11158
7.3,0.6244948,11158
7.2,2.965941,11158
7.2,0.7430211,11158
7.2,1.0785482,11158
7.1,0.16840343,11158
7.0,0.63884145,11158
6.9,0.16840343,11158
6.9,-0.068287194,11158
6.9,0.8281891,11158
6.8,-0.069955245,11158
6.8,-0.7421992,11158
6.8,-0.39863226,11158
6.8,0.3648856,11158
6.7,0.6054331,11158
6.6,0.16840343,11158
6.4,0.29316688,11158
6.3,0.71162385,11158
6.3,1.3039842,11158
6.3,0.07428051,11158
6.2,-3.1773887,11158
6.2,1.4002897,11158
6.1,0.5062554,11158
6.1,-2.8727872,11158
6.1,-0.58276856,11158
6.1,-1.8501315,11158
6.1,1.7959793,11158
6.0,0.66961807,11158
6.0,-0.29579622,11158
6.0,-0.070347786,11158
6.0,-0.78022164,11158
6.0,-1.9570012,11158
6.0,-0.32805863,11158
5.9,-1.8166877,11158
5.9,-1.5473619,11158
5.9,-0.8833413,11158
5.9,-1.2351946,11158
5.9,0.008939445,11158
5.9,-0.5990764,11158
5.8,-3.0257587,11158
5.8,-1.1180754,11158
5.8,-1.488039,11158
5.8,-1.0372862,11158
5.8,-1.3229048,11158
5.8,-0.29437107,11158
5.7,-2.6100707,11158
5.7,-3.5422838,11158
5.7,-2.5764897,11158
5.7,-0.42113727,11158
5.7,-2.809378,11158
5.6,-3.7235277,11158
5.6,-0.14513962,11158
5.6,-2.5100121,11158
5.6,-2.1794245,11158
5.6,-3.1541874,11158
5.5,-0.7964394,11158
5.5,-1.2725751,11158
5.4,-2.3240204,11158
5.4,-4.3794208,11158
5.2,-2.7307484,11158
5.2,-3.1821663,11158
7.04,-0.1333495,7571
4.6,-0.03668819,3323
7.48,-1.3677833,322
7.46,-7.814962,322
7.36,-2.829294,322
7.31,-4.235781,322
7.3,-5.5685315,322
7.28,0.41174835,322
6.92,-3.9557412,322
6.77,-7.445607,322
6.7,-4.391842,322
6.37,-2.4106069,322
6.0,-3.137077,322
5.82,-7.2533145,322
5.55,-2.0690396,322
4.92,-3.0310276,2494
8.2,-0.09482016,8192
6.79,-2.7961614,8192
9.15,2.121682,15111
8.88,2.0905437,15111
8.29,1.8714653,15111
7.47,2.9402442,15111
10.3,7.8495226,10699
10.1,5.1896515,10699
9.96,7.6224194,10699
9.92,6.878386,10699
9.89,5.41395,10699
9.82,7.6224194,10699
9.8,8.721023,10699
9.8,6.61788,10699
9.8,7.8332944,10699
9.74,4.7973785,10699
9.74,8.491196,10699
9.64,8.106938,10699
9.62,7.45481,10699
9.42,6.7046475,10699
9.42,6.283631,10699
9.39,5.5766664,10699
9.22,2.6612594,10699
9.15,5.5987062,10699
9.08,5.5600214,10699
8.96,5.41395,10699
8.8,5.5766664,10699
8.66,6.2991004,10699
8.49,7.6224194,10699
8.46,3.0127807,10699
6.4,-1.8937885,10028
4.62,-0.8836065,14831
6.96,6.415131,13767
6.52,3.276799,13767
7.33,1.3087006,13916
5.58,-4.568041,5060
7.0,3.3796983,10880
8.52,-2.4333317,15964
8.3,-4.186491,15964
8.3,-1.4373456,15964
8.3,-1.0494258,15964
8.0,-0.10041724,15964
7.7,1.4525261,15964
7.7,-1.1072116,15964
7.7,3.660978,15964
7.52,0.9715042,15964
7.3,2.3208873,15964
7.3,1.147018,15964
7.16,-3.6921124,15964
7.1,0.45769706,15964
7.0,-3.2555509,15964
7.0,-2.7909775,15964
6.82,-1.3134277,15964
6.8,0.7032536,15964
6.75,-0.5269342,15964
6.62,-3.362592,15964
6.5,0.28482032,15964
6.46,0.09269206,15964
6.38,-3.3943415,15964
6.35,-2.7512379,15964
6.34,-2.5867507,15964
6.1,2.1972144,15964
6.04,-1.3098633,15964
6.04,-3.2822764,15964
5.81,-1.1180391,15964
5.7,-2.429493,15964
5.51,4.184531,15964
5.42,-3.2193816,15964
5.39,0.928826,15964
9.7,7.288182,3752
6.63,-0.25847203,3752
7.21,-1.0012771,15917
6.54,3.5611258,2087
5.51,0.41666725,2391
4.82,-0.51718444,2391
4.79,-3.1270082,2391
4.4,-5.3943353,2391
8.59,5.8246875,9395
8.57,1.1482701,9395
8.38,4.278673,9395
8.21,4.9275904,9395
8.21,-1.1871312,9395
8.18,2.8233833,9395
7.82,2.5484428,9395
7.54,2.1728325,9395
6.05,1.1482701,9395
7.17,2.1727345,10053
8.38,5.7806363,7271
8.28,2.9592514,7271
8.0,0.13821091,7271
7.52,1.3197546,7271
7.5,-1.3376951,7271
7.19,-1.9230754,7271
6.85,-0.23337092,7271
6.82,-3.0721114,7271
6.64,0.54721045,7271
6.35,-2.8299985,7271
6.06,-4.608608,7271
6.04,-5.2531624,7271
6.03,-4.348154,7271
5.32,-3.1576805,859
5.11,-3.3978224,859
4.94,-0.3360452,859
4.93,-3.0110714,859
4.58,-3.7408938,859
4.38,-2.4927483,859
6.25,-3.181094,6382
6.0,-2.519128,6382
5.8,-3.4230897,6382
4.27,-7.692771,14180
4.52,-4.9546914,3667
4.52,-6.7648325,3667
4.52,-4.6716475,3667
4.52,-6.784058,3667
4.52,-2.6327934,3667
8.9,2.082948,13608
7.96,1.126435,13608
7.79,3.9847405,13608
7.6,4.4980755,13608
7.41,-0.14676352,13608
7.21,0.4219643,13608
7.15,5.303141,13608
7.11,1.7437978,13608
6.98,0.4116733,13608
6.78,3.4443152,13608
6.71,3.9495676,13608
7.68,2.6789327,5445
4.18,-8.452064,10369
6.37,-3.9025636,12186
6.34,1.48273,12186
6.16,0.70740163,12186
6.15,-1.6788627,12186
5.94,0.29218987,12186
5.78,-1.0032558,12186
5.78,-3.245766,12186
5.72,-2.133981,12186
5.65,-4.82546,12186
5.65,-4.5023823,12186
5.58,-1.2524297,12186
5.46,-0.75322497,12186
5.41,-4.617849,12186
5.36,-3.9300811,12186
5.3,-3.04828,12186
5.25,-2.8264225,12186
5.23,-2.1082947,12186
6.48,-2.3250241,4344
6.23,-1.458869,4344
6.64,2.826952,13248
6.48,-0.7389527,13458
5.23,0.33989233,13617
5.22,-5.723175,5010
4.68,-6.819483,5010
7.1,3.855705,16546
7.14,0.5343553,14400
9.4,5.616287,8530
9.0,-0.2675147,3877
8.7,-1.9321105,3877
8.7,-2.1530948,3877
8.6,1.081867,3877
8.4,0.06768572,3877
8.4,-0.92166764,3877
8.4,0.046093684,3877
8.3,1.9058509,3877
8.22,-1.8783524,3877
8.22,-2.2085228,3877
8.22,0.06768572,3877
8.15,-1.631915,3877
8.15,4.075839,3877
8.15,0.65940815,3877
8.1,2.4783447,3877
8.1,4.075839,3877
8.1,-0.79332006,3877
8.05,-0.79332006,3877
8.05,2.0404634,3877
8.0,0.41375348,3877
8.0,0.64798665,3877
7.92,-0.868206,3877
7.89,1.8228719,3877
7.89,-0.35588193,3877
7.85,-1.0367599,3877
7.8,0.9243992,3877
7.75,0.004269097,3877
7.72,-0.48453078,3877
7.7,-0.21599965,3877
7.64,-1.3143833,3877
7.57,1.8938055,3877
7.57,1.8938055,3877
7.41,0.8906791,3877
7.37,0.46389687,3877
7.31,2.6605623,3877
7.28,0.8063746,3877
7.17,2.1547532,3877
7.15,-4.33934,3877
7.06,-0.14964949,3877
7.01,-1.014177,3877
6.8,1.3974826,3877
6.65,-0.23337977,3877
6.62,-3.4820366,3877
6.43,-2.0964832,3877
6.2,0.6025615,3877
6.91,-0.8596239,12606
6.01,-1.9031271,2910
5.97,-3.027127,2910
5.69,-0.33385962,2910
5.28,-5.821912,2910
5.12,-2.394133,2910
4.84,-2.446094,2910
4.76,-3.0864081,2910
4.64,-5.821912,2910
4.58,-5.781805,2910
4.43,-3.1512272,2910
7.96,2.7570057,9777
7.85,3.1350343,9777
7.8,2.867826,9777
7.42,4.3851743,9777
8.0,6.1099463,12489
7.5,3.6152174,12489
6.6,-2.0895097,12489
6.2,1.9783561,12489
6.0,1.3107531,12489
5.7,2.211261,12489
5.7,-3.0989866,12489
5.5,-1.6778029,12489
5.2,-2.991106,12489
5.0,-0.11773759,12489
4.7,-2.9277937,12489
4.4,-2.105233,12489
4.1,-5.9524937,12489
7.1,2.7182841,10738
6.33,-2.3074079,1694
5.63,-1.3150232,1694
6.02,1.4477365,5727
6.42,-3.0625703,13859
4.96,-0.79885155,3325
5.1,-1.0269845,358
6.51,-0.6364524,10585
6.42,-2.7361712,10585
7.17,-2.105118,16754
6.12,-4.419926,2256
8.0,1.198395,1164
8.0,4.113939,1164
7.12,-5.3041377,7432
7.4,-0.7556351,4204
7.08,2.188121,7639
7.07,2.8683789,7639
6.67,-0.4704071,7639
6.61,0.33610666,7639
6.61,-1.5456252,7639
6.37,-4.468368,15066
8.22,-0.25593063,266
8.12,4.6727858,4326
8.0,7.134498,4326
7.92,5.037008,4326
7.9,5.9324102,4326
7.88,6.2235065,4326
7.88,2.2523012,4326
7.81,5.9477344,4326
7.75,6.481599,4326
7.71,4.6878066,4326
7.71,5.8919444,4326
7.67,5.786936,4326
7.64,6.586338,4326
7.4,5.1066604,4326
7.39,3.418665,4326
7.38,5.1595984,4326
7.21,2.5620286,4326
7.19,5.2181096,4326
7.15,0.57017857,4326
7.05,4.240983,4326
6.99,3.5030644,4326
6.93,4.34665,4326
6.79,3.193822,4326
6.58,-1.5785589,4326
6.4,-2.23219,4326
5.8,0.9141573,1783
6.22,0.018948048,13341
8.52,0.70770776,16840
8.4,-1.5853505,16840
7.66,-0.6336517,2966
7.11,-5.0173364,2966
7.08,-3.5751865,2966
6.7,-0.34352797,2966
6.64,-2.5045452,2966
6.57,-3.5369523,2966
6.5,-4.829412,2966
6.48,1.7632829,2966
6.38,-3.4146297,2966
6.17,-2.935331,2966
6.15,2.0190651,2966
5.8,-2.1087887,2966
5.6,-4.333722,2966
5.54,-0.8163531,2966
5.5,-0.3772612,2966
5.41,-2.2355654,2966
5.17,-2.036797,2966
5.16,-3.4335027,2966
5.07,-3.8917556,2966
8.07,4.637374,13156
4.64,-8.922564,1863
8.49,5.5934916,13147
5.11,-2.6072948,3630
4.52,-7.078785,3630
4.52,-5.8313675,3630
4.52,-6.3194556,3630
4.52,-6.2097263,3630
9.0,1.1558559,10607
6.96,5.8883777,10607
7.13,0.09167664,11701
6.96,-4.966174,11701
6.85,-2.4997296,11701
6.8,1.6090802,11701
6.7,-4.045267,11701
6.68,1.6800096,11701
6.5,-0.8902818,11701
6.38,-1.5156438,11701
6.37,-3.1273394,11701
6.32,-3.3051693,11701
6.32,-5.5823383,11701
6.29,-5.678809,11701
6.27,-4.89034,11701
6.17,-4.76794,11701
6.13,1.7147945,11701
6.06,-3.932674,11701
5.99,-5.6324954,11701
6.75,-5.094997,9986
6.7,-4.181607,14148
7.25,1.3602809,13184
6.51,1.9132773,13184
5.07,-0.39497602,8282
6.34,-8.5590515,15682
5.46,-8.111033,15682
5.18,-8.965049,2324
4.72,-9.454846,2324
4.46,-8.546087,2324
4.38,-7.469616,2324
4.31,-7.2564507,2324
4.31,-8.217702,2324
4.25,-6.127669,2324
4.23,-8.229876,2324
4.23,-9.246768,2324
4.19,-9.861067,2324
4.19,-7.618219,2324
4.17,-6.9887476,2324
4.16,-7.81165,2324
4.11,-9.541214,2324
4.11,-9.720213,2324
4.1,-7.1813703,2324
4.1,-7.5080733,2324
4.09,-6.9071774,2324
4.08,-7.9866366,2324
4.07,-7.941865,2324
4.05,-7.8619127,2324
4.05,-8.999798,2324
4.04,-7.5398684,2324
4.03,-7.1984315,2324
4.02,-6.967897,2324
7.39,2.2621026,5670
5.82,-5.5480866,2768
8.9,7.6809697,13269
7.13,6.810704,13269
7.09,4.0338526,13269
6.86,4.9450684,13269
6.76,1.6211364,13269
6.71,2.970906,13269
6.22,3.9204457,13269
5.69,6.1960387,13269
5.68,3.5693448,13269
5.25,2.357371,13269
5.24,2.1524134,13269
9.0,2.9956944,99
6.68,-1.3643779,1770
5.52,-3.5786726,12523
7.48,3.1049907,441
5.06,-1.0422344,7087
9.7,1.3106567,401
9.3,0.24672198,401
9.22,-0.4144145,401
9.22,-1.9265717,401
8.85,-1.7799399,401
8.85,-5.113242,401
8.82,-1.0130765,401
8.51,5.7633224,401
8.47,-3.655771,401
8.44,0.11335035,401
8.4,2.626303,401
8.34,0.19207089,401
8.33,2.715074,401
8.22,-6.4147778,401
8.11,-5.0329328,401
8.1,-3.2806346,401
7.96,-2.040422,401
7.7,-4.745572,401
7.68,-1.7799399,401
7.66,-7.177256,401
7.6,-8.200499,401
7.47,-3.5611465,401
7.44,-5.9716372,401
7.36,-6.3003225,401
7.28,-2.040422,401
7.16,-2.6254292,401
7.08,-0.90225124,401
7.06,-1.8308178,401
6.89,-1.6371429,401
6.8,-1.6163015,401
6.72,-4.002072,401
6.7,2.1408167,401
6.68,-6.7984715,401
6.58,1.9741806,401
6.25,-4.3989897,401
6.06,-3.9033797,401
7.09,1.3570981,17652
8.7,-1.8550164,17473
6.82,2.363235,6550
6.82,0.24309385,6550
8.52,-1.897727,4330
8.15,-0.40409234,4330
8.05,1.5336272,4330
7.85,0.969109,4330
7.72,0.4762567,4330
7.68,-2.0303156,4330
7.4,-4.516131,4330
7.11,-0.84598017,4330
6.92,-0.14449598,480
6.76,2.44208,1583
5.32,-8.315589,6717
4.5,-9.022163,6717
4.21,-8.470192,6717
7.54,0.03877672,16351
7.54,-2.9300194,16351
7.52,-3.2855873,16351
7.41,-0.44698167,16351
7.4,0.28825173,16351
7.37,0.01771342,16351
7.25,0.24344522,16351
7.1,-2.2729397,16351
6.96,-3.192514,16351
6.7,-3.6967442,16351
6.58,-2.5626674,16351
6.54,-2.5044553,16351
6.42,-3.0675235,16351
6.28,-1.2933978,16351
6.04,-3.8755467,16351
6.02,-3.7927139,16351
5.92,-0.4474849,16351
5.58,-4.759281,16351
5.44,-0.21156926,16351
5.42,-2.5758526,16351
4.87,-6.6495156,16351
8.0,-0.329754,15187
7.0,-1.210362,15187
7.0,1.0252075,15187
7.0,1.8073295,15187
6.7,-2.483751,15187
6.7,-5.609284,15187
6.52,-1.0378529,15187
6.52,-2.7562149,15187
6.22,1.1343215,15187
6.16,0.5807742,15187
6.1,-1.5730332,15187
6.1,-0.57092834,15187
6.0,-3.129605,15187
6.0,1.2872659,15187
6.0,0.21000707,15187
6.0,0.34428608,15187
6.0,-2.4528155,15187
5.7,-4.270211,15187
5.7,-1.3417329,15187
5.7,-5.573034,15187
5.7,-2.9855206,15187
5.7,-2.2578802,15187
5.7,-1.6983612,15187
5.4,-5.82966,15187
5.22,-7.423328,15187
4.72,-3.6546452,15187
4.6,-7.3549795,15187
4.57,-7.5044584,15187
4.39,-5.481863,15187
4.24,-7.9799104,15187
8.49,4.4839835,14048
8.3,3.8916638,7112
8.22,1.8097774,7112
8.22,-0.37063298,7112
8.22,-0.6321457,7112
8.1,3.8916638,7112
8.1,1.1328162,7112
8.05,-2.7016904,7112
8.05,-3.4739501,7112
8.0,0.48302868,7112
8.0,1.2741494,7112
7.92,-0.2652876,7112
7.92,0.7253505,7112
7.92,-0.6586232,7112
7.85,-2.7844121,7112
7.85,0.18560785,7112
7.85,0.48302868,7112
7.62,0.40637812,7112
7.51,1.2356715,7112
7.42,-0.22837935,7112
7.41,-2.0370655,7112
7.38,0.98512816,7112
7.31,1.1148094,7112
7.12,-2.2900178,7112
9.0,-1.9986539,14199
7.62,-0.33991286,14199
6.92,2.8502638,14199
6.87,1.4374685,14199
8.21,4.5346994,6472
